tree
version=v4
num_class=1
num_tree_per_iteration=1
label_index=0
max_feature_idx=11
objective=lambdarank
feature_names=Column_0 Column_1 Column_2 Column_3 Column_4 Column_5 Column_6 Column_7 Column_8 Column_9 Column_10 Column_11
monotone_constraints=1 1 1 1 1 1 1 1 1 1 1 1
feature_infos=[0.19960079840319359:100] [0.19960079840319359:100] [0.20040080160320639:100] [0.19960079840319359:100] [0.19960079840319359:100] [0.19960079840319359:100] [1.3513513513513513:100] [1.2820512820512819:100] [1.2820512820512819:100] [1.2345679012345678:100] [1.3333333333333335:100] [0.19960079840319359:100]
tree_sizes=1438 1631 1410 1725 1753 1747 1754 1735 1536 1628 1304 1624 1203 1635 1626 1639 1526 1753 1428 1438 1323 1754 1324 1656 1761 1214 1424 1226 1431 1436 1560 1667 1442 1543 1332 1550 1659 1223 1229 1330 1548 1219 1550 1665 1773 1550 1331 1226 1773 1556 1121 1777 1236 1121 1337 1438 1451 1571 1768 1789 1343 1220 1551 1679 1670 1465 1453 1777 1769 1337 1021 1784 1454 1442 1445 1010 1558 1663 1762 1670 1468 1238 1131 1787 1231 1797 1792 1785 1448 1347 1248 1358 1465 1695 1240 1349 1792 1559 1685 1567 1687 1576 1795 1252 1021 1122 1349 1344 1129 1237 1562 1237 1341 808 1448 907 905 908 1360 1008 1137 1792 1692 1697 1590 1575 1355 1351 1353 1360 1454 1795 1025 1565 1772 1557 1129 1242 923 1671 1127 1346 906 1679 1239 1563 1352 1667 1454 1451 1138 1134 1021 921 920 1784 1473 1127 1028 1018 690 918 1013 802 800 915 1015 1013 1240 1125 1573 1255 1361 1345 911 1806 1132 1360 1243 1023 1241 1130 1031 916 1022 1248 1027 809 1134 920 1040 1027 1364 917 1247 1010 1770 1343 1243 1248 1017 1017 1015 1025 911 1353 1020 1130 1011 1673 1679 1786 1455 1354 1455 810 1126 1024 917 1025 690 688 690 794 693 920 1026 1024 1025 1257 1256 1129 1241 1138 1250 1030 1797 1258 1032 1365 1136 1026 1354 1030 922 802 792 1254 920 1248 1131 913 1570 916 705 1234 1136 1134 1135 1126 1129 1130 1133 1027 1028 1026 1137 1130 1363 1246 1483 1149 1258 1471 592 1028 1029 912 583 1136 910 921 927 704 1041 1126 1019 703 1023 1139 1255 1461 1014 1026 1022 1233 1241 1141 1362 1256 813 812 922 596 592 1356 1230 1344 1236 1348 1578 1128 814 1138 814 1026 1139 1471 1361 1134 1243 1686 699 1140 1030 802 1026 1028 696 1038 1132 1142 1022 1021 1021 1012 911 911 909 1018 1024 1355 1463 1026 1551 592 704 923 696 591 1027 1136 1353 1022 1025 1233 1018 1129 908 911 806 815 814 802 817 373 592 1032 922 808 697 910 921 1027 1023 1347 1134 1451 1454 1574 820 920 927 819 818 1248 1010 1236 1234 1245 1131 1129 1126 1130 1130 1361 1361 924 922 1147

Tree=0
num_leaves=12
num_cat=0
split_feature=8 11 9 1 10 11 10 11 5 11 11
split_gain=6.08782 1.76066 1.47848 0.686343 0.450452 0.425511 0.463808 0.403446 0.088512 0.0350652 0.0172745
threshold=95.357142857142875 37.713081900714705 75.893997445721595 10.090827631150214 89.680527383367163 93.353467579671602 24.190177638453502 98.595785949408864 87.10975530602974 28.241159738832511 21.049984199936805
decision_type=2 2 2 2 2 2 2 2 2 2 2
left_child=3 9 8 4 7 6 -5 10 -3 -2 -1
right_child=1 2 -4 5 -6 -7 -8 -9 -10 -11 -12
leaf_value=-0.021027585990550299 -0.0017758831149695916 0.0063827068133524211 0.036020190023845253 -0.0070512582236259124 -0.0017758831149695916 0.0063827068133524211 -0.0017758831149695916 -0.0017758831149695916 0.013548671195951495 0.003189108599551353 -0.010311942096390369
leaf_weight=1.4544684032443891 1.054429486393927 1.7785396672552436 5.0707665118388832 14.439213422709143 1.2382019753567863 6.0543410900281733 58.493321905145422 0.66864316642750043 1.5786518541863186 0.77790544892195623 5.9263556277146563
leaf_count=193 151 343 60 2571 196 644 8945 54 200 72 919
internal_value=0.000854623 0.0216341 0.0269111 -0.00177588 -0.00954442 -0.00177588 -0.00177588 -0.0124415 0.0080434 -0.00177588 -0.0146806
internal_weight=98.5348 10.2603 8.42796 88.2745 9.28767 78.9869 72.9325 8.04947 3.35719 1.83233 7.38082
internal_count=14348 826 603 13522 1362 12160 11516 1166 543 223 1112
is_linear=0
shrinkage=0.03


Tree=1
num_leaves=14
num_cat=0
split_feature=8 11 5 11 0 2 11 6 1 11 1 3 2
split_gain=17.8438 3.55246 3.36714 2.45405 2.4993 1.07419 0.754366 0.729842 0.410614 0.355317 0.244937 0.135339 0.00345354
threshold=95.357142857142875 92.999971999888018 74.018100538716183 65.728634688732313 58.36696949373006 67.741935483870989 53.81153016547551 78.130434782608702 87.915395599402885 46.485929605690259 23.814353209514504 45.135535380851202 22.915084200659386
decision_type=2 2 2 2 2 2 2 2 2 2 2 2 2
left_child=1 12 3 9 7 -5 -4 8 -3 -2 -6 -12 -1
right_child=2 4 6 5 10 -7 -8 -9 -10 -11 11 -13 -14
leaf_value=-0.011800536981718724 -0.0095669381425759186 -0.0095669381425759186 0.007398593595885637 0.0080660311540893398 0.0044697297516386094 0.018658182876171651 0.020394055516548212 0.0044697297516386094 -0.00031453713454676581 0.0014155096984340572 0.0044697297516386094 0.0080660311540893398 -0.0095669381425759186
leaf_weight=17.968767381040379 3.4814718053676206 9.6414315248839575 6.2404304216615847 4.162001679185777 5.9982278496027019 3.7744730664417148 35.215842350386083 3.5265438340138635 4.3903609500266603 7.1712110876105726 3.3186928411014369 12.357991397147996 61.287863642442971
leaf_count=2831 227 258 95 96 259 49 241 86 68 118 52 213 9755
internal_value=0.000796749 -0.00594912 0.013988 0.00315211 0.00141551 0.0148513 0.0186582 -0.00678649 -0.00956694 -0.0060905 0.00806603 0.00806603 -0.00956694
internal_weight=178.535 118.49 60.0454 18.5892 39.2332 7.93647 41.4563 17.5583 14.0318 10.6527 21.6749 15.6767 79.2566
internal_count=14348 13522 826 490 936 145 336 412 326 345 524 265 12586
is_linear=0
shrinkage=0.03


Tree=2
num_leaves=12
num_cat=0
split_feature=8 11 4 11 5 2 1 5 11 5 1
split_gain=15.3223 9.12092 2.84813 1.60905 1.43126 1.78269 0.763841 0.372441 2.42377 0.301416 0.125634
threshold=95.357142857142875 93.353467579671602 97.592775913272348 57.042282031351213 56.350832266325234 46.421370967741943 38.716116154787208 68.781438631790749 85.326618344605805 94.159107873044732 12.512626262626265
decision_type=2 2 2 2 2 2 2 2 2 2 2
left_child=1 9 3 -2 5 -3 10 8 -5 -1 -7
right_child=2 4 -4 7 -6 6 -8 -9 -10 -11 -12
leaf_value=-0.012265680101668761 -0.0013530585765824013 -0.01185002821711242 0.02690802246458518 -0.0013530585765824013 0.011241639057309419 -0.011746896426523641 0.011241639057309419 0.015285908830752794 0.015285908830752794 -0.002212866048703941 0.00091939372609927252
leaf_weight=70.197503488976508 9.9392917086370272 3.5860004823189326 9.6399750406853837 8.842058507492764 22.449564923299477 0.59667609026655566 2.2161901728250086 28.362854516599327 5.3756990395486346 3.3003743211738756 1.0231775075662879
leaf_count=12068 359 216 78 137 474 79 72 200 52 562 51
internal_value=0.000849183 -0.00621392 0.0125073 0.00941064 0.00758816 -0.00348523 0.0101194 0.0118965 0.0112416 -0.01185 -0.00644917
internal_weight=165.529 103.369 62.1599 52.5199 29.8716 7.42204 3.83604 42.5806 14.2178 73.4979 1.61985
internal_count=14348 13522 826 748 892 418 202 389 189 12630 130
is_linear=0
shrinkage=0.03


Tree=3
num_leaves=15
num_cat=0
split_feature=8 11 4 11 7 11 1 8 4 1 8 6 3 3
split_gain=19.6725 8.9948 3.10151 1.1713 1.68103 1.07396 1.03355 0.636821 0.560332 0.598061 0.346897 0.337649 0.281841 0.233553
threshold=95.357142857142875 93.353467579671602 97.592775913272348 57.042282031351213 45.993589743589745 79.175117912592881 10.090827631150214 59.064644275911888 27.437132329174482 23.814353209514504 70.550527903469103 53.42723004694836 90.954764732976187 66.365527836356833
decision_type=2 2 2 2 2 2 2 2 2 2 2 2 2 2
left_child=1 -1 3 -2 5 -5 10 8 -8 -10 -3 13 -7 -11
right_child=2 6 -4 4 -6 12 7 -9 9 11 -12 -13 -14 -15
leaf_value=-0.012928480379411375 -0.0015805668933420002 -0.012123512777860267 0.026189665944282091 -0.0015805668933420002 0.018609458717948519 0.011298228368558672 -0.0069590639197695293 0.011298228368558672 -0.0044927717797840962 -0.0027411992141001245 0.0037511261517677061 0.011298228368558672 0.018609458717948519 0.0071451267987180135
leaf_weight=69.152687890687957 6.2092084975447497 2.4897498826030779 15.159604813903568 8.1125179927330482 18.145381454378366 5.9238300216384214 1.5886005086358697 10.172019667457787 3.2277992179151616 2.8056092041078937 1.3325168413575736 4.7538899246137589 5.1343231685459614 4.5852644192054868
leaf_count=12630 359 176 78 129 137 83 100 214 82 92 72 86 40 70
internal_value=0.00109994 -0.00696943 0.0147513 0.0102686 0.0122301 0.00633075 0.00633075 0.00838371 0.00406483 0.00596677 -0.00695906 0.00887698 0.0112982 0.0035128
internal_weight=158.793 100.108 58.6849 43.5253 37.3161 19.1707 30.9554 27.1332 16.9612 15.3726 3.82227 12.1448 11.0582 7.39087
internal_count=14348 13522 826 748 389 252 892 644 430 330 248 248 123 162
is_linear=0
shrinkage=0.03


Tree=4
num_leaves=15
num_cat=0
split_feature=8 4 3 10 4 3 6 8 10 7 3 2 4 2
split_gain=17.0027 3.53678 2.6174 1.03797 0.892978 0.7133 0.667203 0.480458 0.447452 0.214069 0.475999 0.287005 0.398745 0.212153
threshold=95.357142857142875 97.592775913272348 94.478316095082576 89.363636363636374 84.839412084921079 81.644976176678924 89.927536231884076 74.239631336405537 50.333333333333343 45.993589743589745 75.225556950614916 36.331837061219218 72.003999805283328 59.40979486809514
decision_type=2 2 2 2 2 2 2 2 2 2 2 2 2 2
left_child=2 9 3 4 6 -5 7 13 -4 10 -2 -11 -13 -1
right_child=1 -3 8 5 -6 -7 -8 -9 -10 11 -12 12 -14 -15
leaf_value=-0.014621591887288291 -0.00045662908592159483 0.026476164630930641 -0.0022268314656506876 -0.0022268314656506876 -0.0022268314656506876 0.0093769565472206339 -0.0022268314656506876 -0.0052800839777531186 0.0093769565472206339 0.0093769565472206339 0.0093769565472206339 0.0093769565472206339 0.018704045004166354 -0.0089722077558550811
leaf_weight=30.087554744211957 8.4276574621908384 14.685041055083273 2.5490691817831239 7.5262465006671828 14.849913342157377 3.2438358517829329 5.0849676860962054 11.279708348680286 4.8877992266789079 5.2807781801093432 11.615341081283985 6.2428026732523021 11.341209645383058 16.192245056154206
leaf_count=5114 289 78 314 1023 1464 243 697 1745 350 101 153 110 95 2572
internal_value=0.00136989 0.0141144 -0.00636636 -0.00782409 -0.00902288 0.000835332 -0.0105736 -0.0115035 0.00937696 0.00937696 0.00937696 0.0128059 0.0151846 -0.0128766
internal_weight=153.294 57.5928 95.7013 88.2645 77.4944 10.7701 62.6445 57.5595 7.43687 42.9078 20.043 22.8648 17.584 46.2798
internal_count=14348 826 13522 12858 11592 1266 10128 9431 664 748 442 306 205 7686
is_linear=0
shrinkage=0.03


Tree=5
num_leaves=15
num_cat=0
split_feature=8 11 4 11 10 3 11 7 8 5 6 10 3 10
split_gain=14.4255 7.41425 3.14203 0.909645 0.599597 0.581625 0.363197 0.518735 0.272037 0.25318 0.1529 0.0276459 0.0177799 0.0119052
threshold=95.357142857142875 93.353467579671602 97.592775913272348 92.763811786380941 85.523809523809533 81.644976176678924 57.329346822417477 72.967032967032978 59.064644275911888 95.883989596564462 89.331436699857775 89.363636363636374 46.339176485738207 89.680527383367163
decision_type=2 2 2 2 2 2 2 2 2 2 2 2 2 2
left_child=1 9 3 6 8 12 -2 -8 10 11 -3 -1 -6 -11
right_child=2 4 -4 -5 5 -7 7 -9 -10 13 -12 -13 -14 -15
leaf_value=-0.013717653446162114 -0.00096304883704216972 -0.002258466268089065 0.022214934191683994 0.015756904294595791 0.0024679239848247763 0.015756904294595791 0.005546006520674435 0.012901073706982394 0.0024679239848247763 -0.0031665006675783733 0.0024679239848247763 -0.0080366395830863933 0.0062014000689873481 -0.00096304883704216972
leaf_weight=57.711521121906117 8.6840226033236849 8.9239380529616152 16.546567998826504 7.0207453258335581 1.5538534608203911 4.5277817132882774 14.820016378071161 8.3312918953597528 8.9878914610017073 1.4367097255308166 1.3087155371904362 5.914836144540458 1.4034377695061264 0.39734832500107597
leaf_count=11132 359 443 75 66 75 63 230 74 249 302 30 1183 36 79
internal_value=-0.000382326 -0.00762897 0.0115945 0.00662794 0.00554601 0.0122277 0.00419614 0.00609109 0.00246792 -0.0130065 -0.00225847 -0.0133221 0.00246792 -0.00225847
internal_weight=147.569 92.166 55.4026 38.8561 26.7056 7.48507 31.8353 23.1513 19.2205 65.4604 10.2327 63.6264 2.95729 1.83406
internal_count=14396 13592 804 729 896 174 663 304 722 12696 473 12315 111 381
is_linear=0
shrinkage=0.03


Tree=6
num_leaves=15
num_cat=0
split_feature=8 11 4 11 8 3 11 5 5 3 4 3 2 8
split_gain=12.9209 6.24827 3.16993 0.960166 0.618903 1.06053 0.357236 0.271545 0.241882 0.103579 0.0438062 0.0266187 0.0231017 0.0029941
threshold=95.357142857142875 92.999971999888018 97.592775913272348 92.763811786380941 67.799539170506918 67.975798338417619 57.329346822417477 87.10975530602974 95.883989596564462 22.603453893776479 48.345244993883206 96.978848899850732 95.737355933294722 77.979797979797993
decision_type=2 2 2 2 2 2 2 2 2 2 2 2 2 2
left_child=1 8 3 6 9 -6 -2 -8 11 -3 -11 12 13 -1
right_child=2 4 -4 -5 5 -7 7 -9 -10 10 -12 -13 -14 -15
leaf_value=-0.013522317486553666 -0.0019826002041547718 -0.0019826002041547718 0.021678578397573089 0.015241527274889786 0.00083460867244802524 0.015241527274889786 0.0047865500103678486 0.0099673495235864159 -0.0019826002041547718 -0.0019826002041547718 0.00083460867244802524 -0.0019826002041547718 -0.005443590040157536 -0.009247205670814199
leaf_weight=48.55663275718689 7.6945503274910179 1.675614576786759 16.565744146704674 7.0804899074137202 3.6374747881200147 7.1509373649023473 13.663220356218519 9.1464724838733655 1.8401539961341757 1.7229798641055811 12.32382073253393 0.34393620910122891 2.392277560196816 10.244280195794998
leaf_count=9656 359 196 75 66 150 120 212 92 379 116 364 68 476 2067
internal_value=-0.000367661 -0.00731629 0.0110904 0.00598264 0.00478655 0.00998653 0.00341794 0.0052465 -0.0123746 0.000834609 0.000834609 -0.0126932 -0.0127436 -0.0129446
internal_weight=144.039 89.8881 54.1505 37.5847 26.5108 10.7884 30.5042 22.8097 63.3773 15.7224 14.0468 61.5371 61.1932 58.8009
internal_count=14396 13592 804 729 946 270 663 304 12646 676 480 12267 12199 11723
is_linear=0
shrinkage=0.03


Tree=7
num_leaves=15
num_cat=0
split_feature=8 11 4 11 10 8 6 11 3 5 10 4 6 3
split_gain=11.331 5.75704 2.91087 0.948981 0.539963 0.538418 0.59131 0.528425 0.375112 0.238741 0.12309 0.0517768 0.0493017 0.14426
threshold=95.357142857142875 92.999971999888018 97.592775913272348 92.763811786380941 85.523809523809533 34.123989218328852 81.293995859213268 57.329346822417477 86.399945599782413 87.10975530602974 89.363636363636374 90.954764732976187 42.582417582417584 94.799979199916805
decision_type=2 2 2 2 2 2 2 2 2 2 2 2 2 2
left_child=1 10 3 7 5 6 11 -2 -6 -9 -1 -3 -7 -14
right_child=2 4 -4 -5 8 12 -8 9 -10 -11 -12 -13 13 -15
leaf_value=-0.012452610011202519 -0.0040549847748362041 -0.012452610011202519 0.020685559216357011 0.014668612669088185 0.0045142360666765345 0.00048472721278877744 0.0045142360666765345 0.0045227796700073658 0.014668612669088185 0.0094166137018802491 -0.0061045920292179907 -0.0033610345794251074 0.0045142360666765345 0.01239324303812986
leaf_weight=55.937451652251184 6.7694857739843455 2.3569152876734836 16.176551528275013 7.0367008037865153 4.2245781223755312 2.9878102417569581 1.0994097189977763 13.746704740449788 4.1397690102458 9.0823438465595228 6.0005900880787513 1.4973383480682967 8.8921157023869437 1.6067372527904797
leaf_count=11381 359 211 75 66 128 127 43 212 51 92 1265 64 296 26
internal_value=-0.000452022 -0.00697551 0.0104357 0.00548042 0.00452278 0.00145768 -0.00622448 0.00288804 0.0104029 0.00503062 -0.0119444 -0.0114629 0.00451424 0.00451424
internal_weight=141.555 88.7427 52.8118 36.6352 26.8047 18.4403 4.95366 29.5985 8.36435 22.829 61.938 3.85425 13.4867 10.4989
internal_count=14396 13592 804 729 946 767 318 663 179 304 12646 275 449 322
is_linear=0
shrinkage=0.03


Tree=8
num_leaves=13
num_cat=0
split_feature=4 11 6 5 6 4 6 10 2 5 10 2
split_gain=6.97966 4.34646 1.83843 1.62857 1.55437 0.85772 0.796147 0.583906 0.428363 0.181012 0.0255442 0.0185607
threshold=97.592775913272348 92.763811786380941 73.508771929824562 78.43526656364692 86.811594202898576 80.040121370162922 93.2882882882883 48.507130124777191 93.699974799899209 87.10975530602974 97.979591836734713 22.915084200659386
decision_type=2 2 2 2 2 2 2 2 2 2 2 2
left_child=1 2 9 5 8 10 -3 -7 -2 11 -4 -1
right_child=4 6 3 -5 -6 7 -8 -9 -10 -11 -12 -13
leaf_value=-0.013667828886619469 0.0054487677436800786 0.0054487677436800786 -0.0091382630272775767 0.0054487677436800786 0.022399417675324981 -0.0089781386925938261 0.016749809591406865 0.0054487677436800786 0.015065414934944232 -0.0038750627140611985 -0.00051974041825492091 -0.009711296521683406
leaf_weight=10.389628880424423 6.3055582523811626 25.30159874749371 19.040109327528643 16.431804216234013 11.400098018813877 0.82583308382891107 5.1330625987611702 2.3594877845607698 3.4921695000957698 5.0745932403951874 0.44082218292169173 33.203480618307367
leaf_count=2124 189 883 2277 720 85 106 66 124 84 941 38 6759
internal_value=-0.000214407 -0.00308919 -0.00646242 -0.00155296 0.0152326 -0.00664459 0.00653447 0.00544877 0.00653447 -0.0102958 -0.00897814 -0.0109396
internal_weight=139.398 118.2 87.7658 39.0981 21.1978 22.6663 30.4347 3.18532 9.79773 48.6677 19.4809 43.5931
internal_count=14396 14038 13089 3265 358 2545 949 230 273 9824 2315 8883
is_linear=0
shrinkage=0.03


Tree=9
num_leaves=14
num_cat=0
split_feature=8 11 4 5 11 2 5 11 7 8 6 10 5
split_gain=11.436 3.63289 2.55608 1.11781 1.03907 0.818451 0.608544 0.564974 0.829158 0.502807 0.206654 0.205474 0.144683
threshold=95.357142857142875 93.353467579671602 97.592775913272348 57.157287157287165 92.763811786380941 46.421370967741943 20.988921472792445 48.79275165176837 72.967032967032978 71.812928855182392 62.115563839701778 86.451048951048975 94.799979199916805
decision_type=2 2 2 2 2 2 2 2 2 2 2 2 2
left_child=1 12 4 5 6 -3 -2 -8 -9 11 -7 -5 -1
right_child=2 3 -4 9 -6 10 7 8 -10 -11 -12 -13 -14
leaf_value=-0.01113672525607836 -0.0078643648825604505 -0.010768039402339226 0.021005302505543475 0.0024273891318324393 0.015419504969446291 -0.006629897722897256 -0.0058593596062726464 0.0054144748990101648 0.015016276758729769 0.010548076151104542 0.0024273891318324393 0.0092391518766098447 -0.0058593596062726464
leaf_weight=57.855411837110296 1.7155880383215869 2.3901948027778479 15.466895610094069 9.2345252514351142 7.542489953339099 1.3390262946486471 3.2186294742859927 13.710445879027249 7.6227075210772446 9.0330200134776515 2.9281554026529193 3.5075201354920873 2.3441112875007084
leaf_count=12212 117 210 75 304 66 110 221 243 82 129 90 53 484
internal_value=-0.000226195 -0.00664835 0.0112275 0.00214371 0.00627959 -0.00786436 0.00318589 0.00541447 0.00634669 0.00541447 0.00242739 0.00242739 -0.010768
internal_weight=137.909 88.632 49.2768 28.4324 33.8099 6.65738 26.2674 24.5518 21.3332 21.7751 4.26718 12.742 60.1995
internal_count=14396 13592 804 896 729 410 663 546 325 486 200 357 12696
is_linear=0
shrinkage=0.03


Tree=10
num_leaves=11
num_cat=0
split_feature=8 11 1 2 11 4 7 11 3 1
split_gain=9.82887 3.8228 1.67987 1.79477 1.55654 1.41545 0.190114 0.365694 0.148719 0.13173
threshold=95.357142857142875 93.353467579671602 35.506406541755204 93.108725223474565 41.951677678455766 96.582911121346555 72.967032967032978 92.763811786380941 85.241033085344483 23.814353209514504
decision_type=2 2 2 2 2 2 2 2 2 2
left_child=1 -1 3 9 -2 6 7 -6 -8 -3
right_child=4 2 -4 -5 5 -7 8 -9 -10 -11
leaf_value=-0.010484408733317654 -0.0082586092093457353 -0.010484408733317654 0.0093646726941515341 0.0093646726941515341 0.0010183336218700905 0.019862373686564135 0.0099587768668277336 0.0099587768668277336 0.019086986202517586 -0.0031044058993404734
leaf_weight=59.513274310156703 3.0440318328328422 7.060761996079238 15.061678617028518 3.0035755787976077 15.382562885293742 14.014673698693512 6.2129077364224923 4.7647264599800101 4.9830732063855976 3.2128491222392768
leaf_count=12716 250 318 409 70 317 76 87 45 45 86
internal_value=-0.000258438 -0.00622107 0.00278439 -0.00481338 0.0104709 0.0118789 0.00936467 0.00936467 0.0146246 -0.0104844
internal_weight=136.254 87.8521 28.3389 13.2772 48.402 45.3579 31.3433 20.1473 11.196 10.2736
internal_count=14419 13599 883 474 820 570 494 362 132 404
is_linear=0
shrinkage=0.03


Tree=11
num_leaves=14
num_cat=0
split_feature=8 11 4 3 11 7 11 1 2 1 8 3 4
split_gain=8.32325 4.32435 1.44729 0.911793 0.801301 0.570344 0.875195 0.875958 1.42261 0.339838 0.282323 0.137184 0.0515519
threshold=95.357142857142875 93.353467579671602 96.582911121346555 90.599962399849616 57.329346822417477 72.967032967032978 84.236980584285988 52.318557811515568 93.108725223474565 23.814353209514504 67.93662312530239 92.749237359641725 98.595785949408864
decision_type=2 2 2 2 2 2 2 2 2 2 2 2 2
left_child=1 -1 3 4 -2 6 -6 8 9 12 -11 -9 -3
right_child=2 7 -4 -5 5 -7 -8 11 -10 10 -12 -13 -14
leaf_value=-0.0102187806561264 -0.0102187806561264 -0.0102187806561264 0.017348575094771338 0.01257950878913236 -0.0080399622214384122 0.012504091728740759 0.0073441675030254993 0.0073441675030254993 0.0073441675030254993 -0.0055320081046590181 0.0052266416754840703 0.01257950878913236 -0.0055320081046590181
leaf_weight=58.728235505055636 2.9023384812753674 4.3026116760447852 14.953950852388514 12.05116078769788 6.1468595729675162 6.2040664926171294 5.2407919615507126 8.2256553091574407 3.7439427308272561 4.7623442709445953 2.595700464444235 3.5960435895249256 0.97934901248663653
leaf_count=12716 300 297 89 162 141 66 62 249 76 144 48 48 21
internal_value=-0.000135704 -0.00563768 0.00984273 0.00597957 0.00392412 0.0042198 0.00392412 0.00392412 -0.000908323 -0.00624326 -0.00156543 0.00734417 -0.0102188
internal_weight=134.433 86.9339 47.4992 32.5452 20.4941 17.5917 11.3877 28.2056 16.3839 12.64 7.35804 11.8217 5.28196
internal_count=14419 13599 820 731 569 269 203 883 586 510 192 297 318
is_linear=0
shrinkage=0.03


Tree=12
num_leaves=10
num_cat=0
split_feature=8 11 11 5 7 11 1 10 7
split_gain=8.00698 3.54517 1.18907 0.99738 0.747165 0.667625 0.350982 1.03917 0.019026
threshold=95.357142857142875 92.999971999888018 95.259481037924161 68.781438631790749 20.638945233265723 73.768908785312576 25.829077509858429 74.833333333333357 45.993589743589745
decision_type=2 2 2 2 2 2 2 2 2
left_child=1 -1 3 5 -5 -2 7 -3 -6
right_child=2 6 -4 4 8 -7 -8 -9 -10
leaf_value=-0.009628581853358794 -0.0091309377668842267 -0.009628581853358794 0.01909225820169267 0.0031753140571114382 0.0094455255183888646 0.0031753140571114382 0.0031753140571114382 0.0031753140571114382 0.015319486367077979
leaf_weight=57.868393832817674 4.796826222445814 4.6811951594427317 9.3599211201071721 6.3836257960647371 8.6509294896386582 5.8421711102128029 19.817243815632537 3.9730886283796281 11.431272977264596
leaf_count=12672 339 287 64 68 126 91 517 123 132
internal_value=-2.8636e-05 -0.00541834 0.00988957 0.00712802 0.010573 0.00317531 0.00317531 -0.00263536 0.0133572
internal_weight=132.805 86.3399 46.4647 37.1048 26.4658 10.639 28.4715 8.65428 20.0822
internal_count=14419 13599 820 756 326 430 927 410 258
is_linear=0
shrinkage=0.03


Tree=13
num_leaves=14
num_cat=0
split_feature=8 11 11 5 11 2 10 8 1 1 7 8 4
split_gain=7.29411 3.96709 1.42677 0.6567 0.680516 0.596327 0.452214 0.948247 0.609051 0.241762 0.172446 0.0788547 0.0577297
threshold=95.357142857142875 93.353467579671602 95.259481037924161 68.781438631790749 82.848617281565922 95.649882599530414 86.240703177822866 59.064644275911888 17.351989569248605 87.51257545271632 45.993589743589745 74.239631336405537 51.108875475072665
decision_type=2 2 2 2 2 2 2 2 2 2 2 2 2
left_child=1 11 3 4 -2 10 7 9 -9 12 -5 -1 -3
right_child=2 6 -4 5 -6 -7 -8 8 -10 -11 -12 -13 -14
leaf_value=-0.010329701604870869 -0.0078431731985220739 -0.010329701604870869 0.019419751927797251 0.0067931495624042292 0.0067931495624042292 0.018462716104956419 0.0067931495624042292 -0.0054644097592479188 0.0067931495624042292 0.0041268883684262205 0.011203343764733127 -0.0078431731985220739 -0.0054644097592479188
leaf_weight=45.14456266630441 5.8465518294833583 1.6205480936914876 9.7321919910609704 12.457849268103027 3.9525017766281962 4.9199032774195066 8.3615363663993758 1.764507210580631 8.4246231249999237 1.3405994025524703 9.3712544140871596 12.483876130077986 6.3591443141922355
leaf_count=9894 375 131 64 173 55 40 161 94 154 58 113 2822 285
internal_value=0.000163436 -0.00501679 0.00963723 0.00658447 0.00417507 0.00963241 0.00417507 0.00115905 0.00679315 -0.00546441 0.00692065 -0.00945766 -0.0073559
internal_weight=131.78 85.4994 46.2803 36.5481 9.79905 26.749 27.871 19.5094 10.1891 9.32029 21.8291 57.6284 7.97969
internal_count=14419 13599 820 756 430 326 883 722 248 474 286 12716 416
is_linear=0
shrinkage=0.03


Tree=14
num_leaves=14
num_cat=0
split_feature=8 11 11 11 2 7 0 2 1 3 2 1 2
split_gain=6.00428 3.34873 1.44935 0.724618 0.822057 0.455079 0.607464 0.438082 0.682087 0.407001 0.21269 0.472616 0.0163087
threshold=95.357142857142875 92.999971999888018 95.259481037924161 34.189309242552092 95.649882599530414 72.967032967032978 67.975798338417619 96.676733789835808 52.318557811515568 68.781438631790749 82.798214055759459 25.829077509858429 87.763277559134352
decision_type=2 2 2 2 2 2 2 2 2 2 2 2 2
left_child=1 -1 3 -2 5 -5 -7 8 9 12 11 -11 -3
right_child=2 7 -4 4 -6 6 -8 -9 -10 10 -12 -13 -14
leaf_value=-0.0086508562049793618 -0.0077686824060991906 -0.0086508562049793618 0.018664843584761535 0.0039329494522796779 0.017556664863120758 0.0039329494522796779 0.015977624393349953 0.014279626308457522 0.0039329494522796779 -0.00839073844830498 0.0039329494522796779 0.0039329494522796779 -0.0019342661880347744
leaf_weight=56.793105814838782 2.4742183899506918 4.7910228921100693 9.67405743524432 19.208464960101995 4.6778764398768535 4.00700072548352 5.9350453983061016 2.310574010713025 12.775432432070373 1.9551310974638907 2.1258914407808334 2.7115685450844467 0.99443755019456137
leaf_count=12672 189 313 64 398 37 72 60 46 317 82 55 57 57
internal_value=0.000206435 -0.00453122 0.00882051 0.00576712 0.00695176 0.0047241 0.0103023 0.00393295 0.00248394 -0.00316814 0.00178604 -0.00261289 -0.00839074
internal_weight=130.434 84.4572 45.9767 36.3026 33.8284 29.1505 9.94205 27.6641 25.3535 12.5781 6.79259 4.6667 5.78546
internal_count=14419 13599 820 756 567 530 132 927 881 564 194 139 370
is_linear=0
shrinkage=0.03


Tree=15
num_leaves=14
num_cat=0
split_feature=5 6 11 4 4 6 6 4 6 10 2 11 10
split_gain=5.82134 3.15441 1.89192 1.14238 0.620999 0.514886 0.521585 0.688388 0.299087 0.167998 0.16672 0.278064 0.0258644
threshold=92.749237359641725 89.331436699857775 76.228591204687419 84.0361700840743 99.199996799987218 73.508771929824562 52.402745995423345 83.249830983194911 98.620098972211665 96.922348484848499 85.149840599362406 96.439479911145469 43.120351588911433
decision_type=2 2 2 2 2 2 2 2 2 2 2 2 2
left_child=2 4 3 8 -2 9 7 -4 12 -5 11 -3 -1
right_child=1 10 6 5 -6 -7 -8 -9 -10 -11 -12 -13 -14
leaf_value=-0.011871956726355123 0.0011431237438738098 0.012187858513817637 -0.0089787960565252817 -0.0094363135142125285 0.012187858513817637 0.0011431237438738098 0.0011431237438738098 0.0011431237438738098 0.0011431237438738098 0.0011431237438738098 0.0273669589036983 0.022392553908261264 -0.0094363135142125285
leaf_weight=17.933779325336218 14.574291637632998 5.4691917009185946 9.5113356129731965 3.0948341558687398 3.8215891798026851 3.6186359373386949 27.393928344361484 4.7807284160517147 1.7012823564000417 0.34897418553009618 4.9897687246557334 3.6804874204099178 28.028062944067642
leaf_count=3647 790 105 1239 646 75 230 1376 375 197 31 59 20 5526
internal_value=4.64298e-05 0.0108266 -0.00366527 -0.00728274 0.0023438 0.00114312 0.00114312 -0.00440511 -0.0089788 -0.0089788 0.0209792 0.0151425 -0.00943631
internal_weight=128.947 32.5353 96.4116 54.7256 18.3959 7.06244 41.686 14.2921 47.6631 3.44381 14.1394 9.14968 45.9618
internal_count=14316 1049 13267 10277 865 907 2990 1614 9370 677 184 125 9173
is_linear=0
shrinkage=0.03


Tree=16
num_leaves=13
num_cat=0
split_feature=8 4 3 11 5 2 11 5 4 2 6 3
split_gain=6.01159 2.31857 2.12593 1.05461 0.719262 1.00998 0.672042 0.574619 0.217217 0.105443 0.047939 0.0364981
threshold=97.162977867203224 96.199984799939202 92.361801330068786 92.763811786380941 55.141149929882324 46.421370967741943 96.439479911145469 95.883989596564462 98.992949633283587 22.915084200659386 29.864864864864867 80.842548773420916
decision_type=2 2 2 2 2 2 2 2 2 2 2 2
left_child=2 6 3 7 5 -5 11 9 10 -1 -4 -2
right_child=1 -3 8 4 -6 -7 -8 -9 -10 -11 -12 -13
leaf_value=-0.010982172248181318 0.0040434945636297634 0.02233632630034545 0.0040434945636297634 -0.0074835946258627346 0.0040434945636297634 0.0040434945636297634 0.017861645512262415 0.0040434945636297634 0.01248675816783427 -0.0074835946258627346 0.005013196178548467 0.0080820542816974813
leaf_weight=12.37717767478898 8.8597823353484291 10.840238619595764 3.4564871247857818 3.6866692414041626 14.569288563681765 4.8967944395262748 2.8160869963467112 0.8287998226005574 3.0272846815641961 44.955960243940353 10.652438263176007 7.1171843749471018
leaf_count=2680 326 57 271 232 426 218 19 50 65 9200 675 97
internal_value=0.000254257 0.0118725 -0.003327 -0.00535932 6.59601e-05 -0.00640282 0.0050132 -0.00748359 0.0050132 -0.00795265 0.00404349 0.0050132
internal_weight=128.084 29.6333 98.4509 81.3147 23.1528 8.58346 18.7931 58.1619 17.1362 57.3331 14.1089 15.977
internal_count=14316 499 13817 12806 876 450 442 11930 1011 11880 946 423
is_linear=0
shrinkage=0.03


Tree=17
num_leaves=15
num_cat=0
split_feature=8 4 11 3 3 11 3 0 4 10 8 2 3 11
split_gain=5.61166 2.0596 1.71202 0.809111 0.762743 0.657774 0.440818 0.311629 0.129036 0.033991 0.0281236 0.0218996 0.0333708 0.00258442
threshold=95.744466800804844 96.199984799939202 92.763811786380941 82.447403579936903 92.749237359641725 73.768908785312576 67.572978191731053 85.642654085767859 99.199996799987218 68.404634581105185 29.701013096120587 22.915084200659386 43.931894275964204 91.742186992925312
decision_type=2 2 2 2 2 2 2 2 2 2 2 2 2 2
left_child=2 3 4 5 11 -2 12 -6 -8 -5 -9 -1 -4 -7
right_child=1 -3 6 9 7 13 8 10 -10 -11 -12 -13 -14 -15
leaf_value=-0.010285244013063731 -0.0077242983375562929 0.018491247217675096 -0.0034316092124266652 0.0056975347407959131 -0.0067758582271658097 0.0027639596318805673 0.0042944474731706943 -0.0052719313320287349 0.010968433770504301 0.011749426028238062 0.0042944474731706943 -0.0077242983375562929 -0.00010994118540565742 0.0054791760072246294
leaf_weight=11.914541107369585 6.146987500367687 13.613847769796847 8.0027550789527648 4.6176559643354249 1.4459240310825396 5.2219595471397025 14.692640889668839 0.51748158410191658 2.1890588265378019 7.7211246264632791 2.924036722863093 40.539859887911007 3.999117383500562 3.4129822254180908
leaf_count=2655 388 80 446 63 292 90 352 113 30 106 372 9129 163 37
internal_value=0.000320951 0.00936573 -0.00401036 0.0042903 -0.00697122 0.00190434 0.00190434 0.00190434 0.00429445 0.0100815 0.00429445 -0.00803992 -0.00241839 0.00429445
internal_weight=126.96 40.7346 86.2254 27.1207 57.3418 14.7819 28.8836 4.88744 16.8817 12.3388 3.44152 52.4544 12.0019 8.63494
internal_count=14316 764 13552 684 12561 515 991 777 382 169 485 11784 609 127
is_linear=0
shrinkage=0.03


Tree=18
num_leaves=12
num_cat=0
split_feature=8 4 11 3 3 7 11 11 2 5 3
split_gain=5.32108 1.84504 1.56081 0.633478 0.631592 0.568813 0.559263 0.23943 0.271589 0.517456 0.101742
threshold=95.357142857142875 96.199984799939202 93.353467579671602 91.725521342456844 94.799979199916805 25.998463901689714 61.797188755020088 84.236980584285988 44.120701079578517 57.963742048249095 97.592775913272348
decision_type=2 2 2 2 2 2 2 2 2 2 2
left_child=2 3 10 5 8 7 -7 -2 9 -4 -1
right_child=1 -3 4 -5 -6 6 -8 -9 -10 -11 -12
leaf_value=-0.0071318693720535615 -0.0069574285128738847 0.017267732007159305 -0.0069574285128738847 0.0096669273549858815 0.0095324151793852261 -0.00079487799045179842 0.0096669273549858815 0.00039092174328880309 0.00039092174328880309 0.00039092174328880309 0.0014085822309973591
leaf_weight=53.88487185491249 4.0343564327340635 14.291436217725275 2.4141285370569845 10.959410451352595 6.0108245073352 3.3690656195394677 6.8532758234068751 3.9090921096503735 15.486706794006748 3.7891247717197984 0.97604249161668022
leaf_count=12393 252 87 202 134 92 195 93 51 499 102 216
internal_value=0.000395932 0.00878339 -0.0040671 0.00418521 0.0017001 0.0017001 0.00618691 -0.000794878 -0.000794878 -0.00580454 -0.00695743
internal_weight=125.978 43.4166 82.5617 29.1252 27.7008 18.1658 10.2223 7.94345 21.69 6.20325 54.8609
internal_count=14316 812 13504 725 895 591 288 303 803 304 12609
is_linear=0
shrinkage=0.03


Tree=19
num_leaves=12
num_cat=0
split_feature=8 0 4 11 11 0 11 10 0 10 11
split_gain=5.14861 1.7597 0.814475 0.639661 0.840629 0.630313 0.159176 0.112059 0.0914933 0.187428 0.0367395
threshold=95.744466800804844 47.141603888996208 96.199984799939202 94.044140634393884 94.044140634393884 60.786334166615866 57.042282031351213 49.666666666666679 80.040121370162922 38.721088435374156 92.763811786380941
decision_type=2 2 2 2 2 2 2 2 2 2 2
left_child=4 3 6 -2 8 -6 -3 -8 9 10 -1
right_child=1 2 -4 -5 5 -7 7 -9 -10 -11 -12
leaf_value=-0.009679041788930946 -0.003698385068831174 0.0012659605393791993 0.017523340747141257 0.0074980665934907056 -0.0055811720162851873 0.0037909374296494253 0.0074980665934907056 0.011051263620238059 -0.0030589714389312656 -0.0055811720162851873 -0.0055811720162851873
leaf_weight=15.944631491554901 4.5840297101531169 3.5277867312543227 13.369070854037998 1.4987217783927915 6.4955380205065039 18.25782674876973 3.8599765992257771 13.312468375544993 13.619146781507878 30.30237963446416 0.53042213665321547
leaf_count=3610 274 147 80 12 363 440 69 182 2346 6753 40
internal_value=0.000475263 0.00920106 0.0118196 -0.00369839 -0.00369839 0.000933828 0.00749807 0.00863823 -0.00558117 -0.00623611 -0.00913197
internal_weight=125.302 40.1521 34.0693 6.08275 85.1499 24.7534 20.7002 17.1724 60.3966 46.7774 16.4751
internal_count=14316 764 478 286 13552 803 398 251 12749 10403 3650
is_linear=0
shrinkage=0.03


Tree=20
num_leaves=11
num_cat=0
split_feature=3 6 10 2 8 10 11 6 11 4
split_gain=4.7631 1.68924 1.70374 0.998871 0.634577 0.543154 0.37032 0.362852 0.155497 0.103714
threshold=94.478316095082576 29.198635976129587 49.666666666666679 12.613027562968172 66.134305835010068 89.473089099954777 41.549261562378554 89.927536231884076 32.578028655805817 99.597179853313449
decision_type=2 2 2 2 2 2 2 2 2 2
left_child=4 -2 -3 -4 5 7 8 9 -5 -1
right_child=1 2 3 6 -6 -7 -8 -9 -10 -11
leaf_value=-0.0094185181089239678 -0.0032932041518981413 -0.0032932041518981413 -0.0021575091937311875 -0.0021575091937311875 -0.0032932041518981413 -0.0032932041518981413 0.020821290550560097 -0.0032932041518981413 0.0098262439440562101 -0.0032932041518981413
leaf_weight=39.598849717061967 3.8954774558078524 2.1507022683508721 1.970454554073515 1.097178015857937 49.488251163857058 6.3038560673594466 15.487885798094792 2.6531460168771437 0.83327186363749217 0.33746958756819267
leaf_count=7777 194 140 55 96 4424 822 292 375 29 14
internal_value=-0.000284974 0.0110352 0.0142771 0.0171279 -0.0032932 -0.00670849 0.0193082 -0.00827461 0.00420623 -0.00918091
internal_weight=123.817 25.435 21.5395 19.3888 98.3816 48.8933 17.4183 42.5895 1.93045 39.9363
internal_count=14218 806 612 472 13412 8988 417 8166 125 7791
is_linear=0
shrinkage=0.03


Tree=21
num_leaves=15
num_cat=0
split_feature=3 11 8 4 10 8 3 2 7 6 10 2 1 1
split_gain=4.16361 2.00532 1.61297 0.94152 0.433309 0.319792 0.273861 0.219782 0.190217 0.122742 0.515449 0.0826465 0.0673228 0.0726827
threshold=94.478316095082576 92.763811786380941 97.162977867203224 97.592775913272348 97.979591836734713 99.358974358974379 92.361801330068786 95.737355933294722 70.550527903469103 29.198635976129587 50.333333333333343 70.871209388452016 53.125012702477498 98.595785949408864
decision_type=2 2 2 2 2 2 2 2 2 2 2 2 2 2
left_child=1 3 9 4 6 -3 7 13 12 -2 -11 -8 -9 -1
right_child=2 5 -4 -5 -6 -7 11 8 -10 10 -12 -13 -14 -15
leaf_value=-0.0080764101199316436 0.0036486782603992987 0.0036486782603992987 0.017974325513310435 0.0036486782603992987 0.0036486782603992987 0.012936755608545944 -0.0028032998261763647 -0.007919658840926715 0.0021824782509955905 0.0036486782603992987 0.012476554270129798 0.0036486782603992987 0.0021824782509955905 -0.0028032998261763647
leaf_weight=57.295239650178701 3.8159384934697309 25.552168341586377 11.913760881870985 4.069531464483588 2.2516415906138709 2.4905724003911009 1.2778461179696017 1.4403492566198099 1.1469241457525639 3.290513363434 6.8039315268397331 1.0376603042241184 0.25542864296585333 0.82761423848569293
leaf_count=11187 194 921 87 135 297 18 151 277 121 242 283 96 51 158
internal_value=-0.0001857 -0.00303403 0.0102959 -0.00574003 -0.00667003 0.00364868 -0.00714388 -0.0075276 0.000463419 0.00364868 0.00708431 0.00218248 -0.00615325 -0.00791966
internal_weight=123.469 97.645 25.8241 69.6022 65.5327 28.0427 63.2811 60.9656 2.8427 13.9104 10.0944 2.31551 1.69578 58.1229
internal_count=14218 13412 806 12473 12338 939 12041 11794 449 719 525 247 328 11345
is_linear=0
shrinkage=0.03


Tree=22
num_leaves=11
num_cat=0
split_feature=3 6 10 8 10 0 6 6 4 3
split_gain=3.27407 1.48051 1.4084 0.535599 0.368059 0.364373 0.473375 0.35213 0.0778203 0.0179839
threshold=94.478316095082576 29.198635976129587 49.666666666666679 75.556361877116601 89.363636363636374 83.634549083650896 75.931034482758633 89.927536231884076 99.597179853313449 94.159107873044732
decision_type=2 2 2 2 2 2 2 2 2 2
left_child=3 -2 -3 4 7 -4 -7 8 9 -1
right_child=1 2 5 -5 -6 6 -8 -9 -10 -11
leaf_value=-0.0081025999006115769 -0.002829214273854761 -0.002829214273854761 0.0018559811155589104 -0.002829214273854761 -0.002829214273854761 0.0058479152272635634 0.018668805277098993 -0.002829214273854761 -0.002829214273854761 -0.002829214273854761
leaf_weight=44.182236142223701 3.7912958180531886 2.1295482271816608 2.1463221521116891 41.632584518985823 7.1011233099270603 4.6256404686719206 13.405743731185792 3.1060738600790492 0.34807133325375517 0.28283619997091491
leaf_count=8738 194 140 112 3246 948 211 149 436 18 26
internal_value=-0.000271161 0.0089571 0.0119703 -0.00282921 -0.00578685 0.0145283 0.0158599 -0.00694655 -0.00784859 -0.00803532
internal_weight=122.751 26.0986 22.3073 96.6529 55.0203 20.1777 18.0314 47.9192 44.8131 44.4651
internal_count=14218 806 612 13412 10166 472 360 9218 8782 8764
is_linear=0
shrinkage=0.03


Tree=23
num_leaves=14
num_cat=0
split_feature=3 11 8 2 8 11 11 10 4 11 1 11 10
split_gain=3.1594 1.51679 0.862664 0.746044 0.347019 0.331917 0.243736 0.225381 0.0869586 0.0826143 0.151051 0.126087 0.0530689
threshold=94.478316095082576 92.763811786380941 97.162977867203224 95.737355933294722 99.358974358974379 46.485929605690259 34.904585989311705 74.833333333333357 86.044275086191263 91.374113689225865 11.301726946888239 74.622330758746031 95.488466757123476
decision_type=2 2 2 2 2 2 2 2 2 2 2 2 2
left_child=1 3 6 9 -3 -5 -2 -8 -9 10 12 -12 -1
right_child=2 4 -4 5 -6 -7 7 8 -10 -11 11 -13 -14
leaf_value=-0.012801079526422203 -0.0053071649126805471 0.0031068255732909734 0.014328012006528994 -0.0060124595216014794 0.012765257704919472 0.0031068255732909734 0.0031068255732909734 0.0031068255732909734 0.011038745042720632 0.00071275858180229511 -0.0063109162200794804 -0.0026643642783115281 -0.0063109162200794804
leaf_weight=4.7527882670983663 1.6540224717464305 25.483400008408356 12.315533291548491 1.280009407782926 2.451446581631898 3.5845977286808193 6.1735911893192661 2.2745480521116406 4.4559072097763419 1.4066040432080615 43.054422489600256 13.273189574014394 0.43425254034809757
leaf_count=933 215 921 87 225 18 286 327 85 92 179 8957 1826 67
internal_value=-0.00013526 -0.00269873 0.00876478 -0.00510161 0.00310683 0.00310683 0.00344008 0.00486235 0.00885409 -0.00601246 -0.00617518 -0.00601246 -0.0113118
internal_weight=122.594 95.7207 26.8736 67.7859 27.9348 4.86461 14.5581 12.904 6.73046 62.9213 61.5147 56.3276 5.18704
internal_count=14218 13412 806 12473 939 511 719 504 177 11962 11783 10783 1000
is_linear=0
shrinkage=0.03


Tree=24
num_leaves=15
num_cat=0
split_feature=3 11 8 1 10 10 8 8 7 1 8 8 10 10
split_gain=2.9232 1.26037 0.901006 0.534399 0.544131 0.456791 0.315648 0.193724 0.157109 0.117839 0.108616 0.0345085 0.0263972 0.0209803
threshold=94.478316095082576 92.763811786380941 85.147058823529434 81.24376247504992 94.555555555555571 99.333333333333357 97.162977867203224 98.664529914529936 57.043650793650798 11.301726946888239 74.596670934699119 61.346915676287502 89.680527383367163 66.421568627450981
decision_type=2 2 2 2 2 2 2 2 2 2 2 2 2 2
left_child=1 5 3 4 8 7 -2 9 -3 12 -7 -10 -1 -5
right_child=6 2 -4 13 -6 10 -8 -9 11 -11 -12 -13 -14 -15
leaf_value=-0.011608533837424054 0.0083681986063055772 -0.005924652009150504 0.0083681986063055772 0.0025521916328333063 0.0079920096191670176 -0.0023324744111010553 0.013516786119063011 -0.00060631901394581208 -0.0020045624981002283 -0.005924652009150504 0.0079920096191670176 0.0024009937274424619 -0.005924652009150504 0.0083681986063055772
leaf_weight=5.1911973117385051 14.622014498338118 8.593295961152764 9.4835923924110812 1.6469338268507265 1.4556846402119834 0.58023156784474794 12.358625095337629 7.1611516233533612 3.6483115272130826 51.783052450511605 1.6428725607693193 1.4718248103745279 0.5574371782131492 1.776491930009797
leaf_count=1015 719 413 136 76 36 140 87 259 178 10862 75 54 122 46
internal_value=-0.000165687 -0.0026515 0.00261845 -0.00132842 -0.00379608 -0.00486862 0.0083682 -0.00535413 -0.00486862 -0.00592465 0.00653757 -0.000552765 -0.0104981 0.00799201
internal_weight=121.973 94.9921 28.0761 18.5925 15.1691 66.9159 26.9806 64.6928 13.7134 57.5317 2.2231 5.12014 5.74863 3.42343
internal_count=14218 13412 939 803 681 12473 806 12258 645 11999 215 232 1137 122
is_linear=0
shrinkage=0.03


Tree=25
num_leaves=10
num_cat=0
split_feature=8 11 6 4 4 1 8 10 6
split_gain=2.85092 1.26675 1.71213 1.19646 0.253051 0.407645 0.243616 0.170189 0.0191644
threshold=80.950653120464452 94.914506510892068 93.2882882882883 51.108875475072665 99.597179853313449 12.512626262626265 74.596670934699119 88.029850746268679 68.057971014492765
decision_type=2 2 2 2 2 2 2 2 2
left_child=4 3 7 -2 5 6 8 -3 -1
right_child=1 2 -4 -5 -6 -7 -8 -9 -10
leaf_value=-0.014318797644799984 -0.0041903453696918941 0.0022933484968353508 0.0223453282483961 0.0022933484968353508 0.0022933484968353508 -0.0041903453696918941 -0.0041903453696918941 0.0087352959634270158 -0.0050432478805841566
leaf_weight=5.4461374667007458 10.473747525364159 3.2365771213080716 6.6762014483101666 31.886575115844607 1.3889631817582984 57.168409919599071 1.0156815357040612 3.1014190984424204 1.7652432136237619
leaf_count=1004 1287 58 45 1379 51 10227 107 42 266
internal_value=-4.49751e-05 0.00494019 0.0127771 0.00229335 -0.00419035 -0.00452039 -0.0107056 0.00229335 -0.012939
internal_weight=122.159 55.3745 13.0142 42.3603 66.7844 65.3955 8.22706 6.338 7.21138
internal_count=14466 2811 145 2666 11655 11604 1377 100 1270
is_linear=0
shrinkage=0.03


Tree=26
num_leaves=12
num_cat=0
split_feature=8 11 6 2 11 11 3 10 2 2 2
split_gain=2.84407 1.24136 1.78261 0.85641 0.278081 0.289583 0.16752 0.155354 0.124487 0.0603588 0.0434176
threshold=80.950653120464452 94.914506510892068 93.2882882882883 52.31369024485037 80.986012428898206 92.763811786380941 56.350832266325234 88.029850746268679 93.108725223474565 12.613027562968172 22.915084200659386
decision_type=2 2 2 2 2 2 2 2 2 2 2
left_child=5 3 7 4 -2 10 -6 -3 9 -7 -1
right_child=1 2 -4 -5 6 8 -8 -9 -10 -11 -12
leaf_value=-0.0074852043254349347 -0.004146275687923669 0.0023239992779350745 0.022240952500755296 0.0023239992779350745 -0.0011291716653277098 -0.0054577311245852583 0.0023239992779350745 0.0085555461170860932 0.0023239992779350745 -0.0014045156203065477 -0.0046759696075096184
leaf_weight=10.341292205965145 12.159021419240164 3.2264400559943152 6.8915207795798779 25.220265176263638 1.9198229785542924 1.2429111292585862 2.8822111136978492 3.2229132875800133 3.0563039146363726 16.389899469679222 35.394599265535362
leaf_count=2452 1250 58 45 1253 82 94 81 42 75 694 8340
internal_value=1.45969e-05 0.00497782 0.0126215 0.002324 -0.00414628 -0.00414628 0.002324 0.002324 -0.00112917 -0.00216856 -0.00545773
internal_weight=121.947 55.5222 13.3409 42.1813 16.9611 66.425 4.80203 6.44935 20.6891 17.6328 45.7359
internal_count=14466 2811 145 2666 1413 11655 163 100 863 788 10792
is_linear=0
shrinkage=0.03


Tree=27
num_leaves=10
num_cat=0
split_feature=8 0 11 11 7 11 1 11 0
split_gain=2.74324 1.01792 0.744576 0.340626 0.511094 0.14582 0.144376 0.172605 0.137952
threshold=80.950653120464452 46.740390187367204 95.259481037924161 37.311165379373016 89.379699248120318 94.914506510892068 11.705360052134248 95.259481037924161 80.842548773420916
decision_type=2 2 2 2 2 2 2 2 2
left_child=6 2 -2 -3 5 -5 7 -1 -8
right_child=1 3 -4 4 -6 -7 8 -9 -10
leaf_value=-0.01101127268040517 -0.0040547083319680882 -0.00089256295484652938 0.0068240267435946758 0.0048359256209480356 0.018023593872809211 0.0094142848404414562 -0.0040547083319680882 -0.0040547083319680882 -0.00089256295484652938
leaf_weight=5.5744885501917434 7.9408102207817119 4.4351576857734463 2.2218928076326847 27.136960979318246 3.2736286835279307 10.406250982079653 44.102478705346584 3.003912502201274 13.376457502134143
leaf_count=1148 1085 495 30 1034 62 105 8808 179 1520
internal_value=4.71703e-05 0.00492203 -0.0033997 0.00682403 0.0076638 0.00682403 -0.00405471 -0.00796396 -0.00405471
internal_weight=121.472 55.4147 10.1627 45.252 40.8168 37.5432 66.0573 8.5784 57.4789
internal_count=14466 2811 1115 1696 1201 1139 11655 1327 10328
is_linear=0
shrinkage=0.03


Tree=28
num_leaves=12
num_cat=0
split_feature=8 4 7 3 1 11 3 1 1 1 3
split_gain=2.59913 1.38162 0.643833 0.460419 0.295081 0.27651 0.110879 0.0724318 0.0678034 0.0396968 0.000389602
threshold=74.239631336405537 97.289663098046347 20.638945233265723 94.159107873044732 10.494460736396222 92.763811786380941 82.447403579936903 23.814353209514504 32.261296787122639 94.799979199916805 89.123856039462595
decision_type=2 2 2 2 2 2 2 2 2 2 2
left_child=3 5 -3 7 -5 6 -2 -1 -7 -9 -8
right_child=1 2 -4 4 -6 8 10 9 -10 -11 -12
leaf_value=-0.00774674919754676 -0.0017254807709161154 0.0040483298809498225 0.017133144864580722 -0.0054075232721418724 0.0016904999553685371 0.0016904999553685371 0.00075681456190847653 -0.0048529166687068777 0.0040483298809498225 -0.0017254807709161154 0.0016904999553685371
leaf_weight=11.195558506995438 20.323989749886096 6.5828075292520216 8.261459998553617 1.6020145923830558 4.7912953933700919 5.3961206201929572 2.7540211693849388 37.874675719765946 8.0856881598010641 2.7063715041149399 11.525600580498574
leaf_count=2298 2760 68 104 95 397 108 249 7289 116 523 459
internal_value=6.69752e-05 0.00426022 0.0119523 -0.00446472 0.0016905 0.0016905 0.0016905 -0.00540752 0.00404833 -0.00459139 0.0016905
internal_weight=121.1 62.9297 14.8443 58.1699 6.39331 48.0854 34.6036 51.7766 13.4818 40.581 14.2796
internal_count=14466 3864 172 10602 492 3692 3468 10110 224 7812 708
is_linear=0
shrinkage=0.03


Tree=29
num_leaves=12
num_cat=0
split_feature=8 4 11 1 4 1 11 4 8 4 7
split_gain=2.26693 1.38763 0.557205 1.10093 0.402959 0.230742 0.289745 0.18016 0.254006 0.0920032 0.0595805
threshold=80.140845070422543 97.289663098046347 92.763811786380941 40.32097096130321 51.512102920553637 11.301726946888239 92.763811786380941 99.799999199996805 74.596670934699119 95.568978386447739 20.638945233265723
decision_type=2 2 2 2 2 2 2 2 2 2 2
left_child=5 2 4 -4 -2 7 9 8 -1 -7 -3
right_child=1 10 3 -5 -6 6 -8 -9 -10 -11 -12
leaf_value=-0.013450742473587079 -0.0038025682563507524 0.012125445829828923 -0.00058770383798161213 0.012125445829828923 -0.00058770383798161213 -0.004339283702290548 -0.00058770383798161213 -0.004339283702290548 -0.004339283702290548 -0.00058770383798161213 0.016786225754305283
leaf_weight=6.2942018995527169 10.487878656014802 6.0347495849709931 4.8150997527409327 6.2906424999237061 20.541908655548468 39.368835692759603 15.81052234279923 0.543985798023641 0.98543505882844318 1.2612297122832377 8.2367587012704444
leaf_count=1162 1343 54 87 77 1259 9443 630 18 91 215 87
internal_value=2.24582e-05 0.00437062 0.00152381 0.00698464 -0.000587704 -0.00380257 -0.00380257 -0.00881996 -0.010916 -0.00433928 0.0121254
internal_weight=120.671 56.407 42.1355 11.1057 31.0298 64.2642 56.4406 7.82362 7.27964 40.6301 14.2715
internal_count=14466 2907 2766 164 2602 11559 10288 1271 1253 9658 141
is_linear=0
shrinkage=0.03


Tree=30
num_leaves=13
num_cat=0
split_feature=3 6 10 11 10 3 11 10 2 6 2 2
split_gain=2.58085 0.917395 0.880226 0.596435 0.678262 0.940039 0.208406 0.0988144 0.0512125 0.0470707 0.0768232 0.0303562
threshold=82.046189878307914 27.561219390304853 45.521390374331553 95.259481037924161 59.137291280148432 87.10975530602974 78.034052862017916 90.976933514246966 90.531110816596211 98.620098972211665 96.080366377917144 50.250901003604021
decision_type=2 2 2 2 2 2 2 2 2 2 2 2
left_child=6 8 11 4 -4 -6 7 9 -2 10 -1 -3
right_child=1 2 3 -5 5 -7 -8 -9 -10 -11 -12 -13
leaf_value=-0.0066472931258737111 -0.0032687530090011216 -0.0032687530090011216 -0.0023630179125745544 0.015073501855488841 -0.0023630179125745544 0.011897604479153017 -0.0032687530090011216 -0.0032687530090011216 -0.0023630179125745544 -0.0032687530090011216 -0.0032687530090011216 -0.0023630179125745544
leaf_weight=36.736268532695249 4.5392293508630237 2.3317644766066215 5.3843900528736475 10.867673644330351 1.7548584425821889 13.968381240032612 29.849883153568953 3.4399392588529727 1.6984368369448928 1.1875200164504338 2.2340284183155736 4.0317202745936811
leaf_count=8213 547 302 447 122 196 548 2413 655 82 143 323 356
internal_value=0.000174743 0.00579575 0.0075226 0.00950197 0.00608129 0.00908691 -0.00326875 -0.00537714 -0.00326875 -0.00595896 -0.00623176 -0.00236302
internal_weight=118.024 44.5765 38.3388 31.9753 21.1076 15.7232 73.4476 43.5978 6.23767 40.1578 38.9703 6.36348
internal_count=14347 2600 1971 1313 1191 744 11747 9334 629 8679 8536 658
is_linear=0
shrinkage=0.03


Tree=31
num_leaves=14
num_cat=0
split_feature=3 8 6 11 11 7 8 2 11 4 7 11 6
split_gain=2.45842 0.72572 0.560223 0.467318 0.386592 0.224638 0.474376 0.199992 0.495403 0.378849 0.0813586 0.00161679 0.000134374
threshold=87.10975530602974 65.87601078167117 34.549071618037139 78.034052862017916 98.199992799971213 42.956349206349209 99.358974358974379 10.400041600166402 36.231141871308175 96.199984799939202 71.61172161172162 11.055287548584683 97.12215320910974
decision_type=2 2 2 2 2 2 2 2 2 2 2 2 2
left_child=3 11 -3 10 7 6 -5 -4 -9 -10 -1 -2 -13
right_child=1 2 4 5 -6 -7 -8 8 9 -11 -12 12 -14
leaf_value=-0.0056228973348864198 -0.0021247315792139393 -0.00086160793043052312 -0.00051741911400732211 -0.0047775737284276518 0.017770663630248165 -0.00086160793043052312 -0.00086160793043052312 -0.00051741911400732211 0.005757230613479665 0.015094806678727049 -0.0025948316150476809 -0.00086160793043052312 -0.00051741911400732211
leaf_weight=32.449205354554579 0.37731289491056053 1.7184580168686832 2.3410323669668456 12.461073998361824 4.1381071927025905 16.454380108276382 3.2571764513850203 2.5834197972435531 10.977542625740172 7.7063773630652568 14.142868426511994 8.5610744778532499 0.57132626813836473
leaf_count=7146 88 65 66 1068 40 1478 34 202 377 86 2734 913 50
internal_value=0.000216762 0.00628719 0.00854698 -0.00282819 0.00969201 -0.000861608 -0.00457647 0.00761137 0.00848921 0.0101798 -0.00477757 -0.000861608 -0.000861608
internal_weight=117.739 38.9747 29.4649 78.7647 27.7465 32.1726 15.7183 23.6084 21.2673 18.6839 46.5921 9.50971 9.1324
internal_count=14347 1887 836 12460 771 2580 1102 731 665 463 9880 1051 963
is_linear=0
shrinkage=0.03


Tree=32
num_leaves=12
num_cat=0
split_feature=3 4 8 10 6 2 11 10 6 2 11
split_gain=2.07579 1.04087 0.6942 0.640938 0.408873 0.309369 0.251126 0.0757166 0.0490339 0.0741251 0.0366401
threshold=82.447403579936903 97.592775913272348 59.861111111111121 45.393939393939398 29.198635976129587 85.149840599362406 78.034052862017916 90.976933514246966 98.620098972211665 96.080366377917144 91.374113689225865
decision_type=2 2 2 2 2 2 2 2 2 2 2
left_child=6 2 -2 -4 -5 -3 7 8 9 -1 -6
right_child=1 5 3 4 10 -7 -8 -9 -10 -11 -12
leaf_value=-0.0063352964065538295 -0.0029105030367471757 0.0084328766908435618 -0.0029105030367471757 -0.0029105030367471757 0.0055097790333315947 0.016674193869294029 -0.0029105030367471757 -0.0029105030367471757 -0.0029105030367471757 -0.0029105030367471757 0.0084328766908435618
leaf_weight=36.418185275048018 8.2165618154685962 6.9977840054780227 4.3171925633214441 1.2401523992884929 11.182050825329499 6.6434376547113061 29.290271994192153 3.300806153099983 1.1903085047379125 2.2233085257466874 6.4383254786953321
leaf_count=8256 1210 103 381 61 587 107 2426 656 143 324 93
internal_value=0.000222779 0.00521527 0.00206178 0.00479126 0.00717327 0.0118363 -0.0029105 -0.00521554 -0.00567077 -0.00593949 0.00843288
internal_weight=117.458 45.0355 31.3943 23.1777 18.8605 13.6412 72.4229 43.1326 39.8318 38.6415 17.6204
internal_count=14347 2542 2332 1122 741 210 11805 9379 8723 8580 680
is_linear=0
shrinkage=0.03


Tree=33
num_leaves=13
num_cat=0
split_feature=3 8 10 10 11 11 10 3 10 2 6 2
split_gain=1.99539 0.930721 0.645826 0.468242 0.258989 0.25669 0.186244 0.191184 0.076152 0.0322672 0.0280024 0.0574924
threshold=82.447403579936903 61.346915676287502 85.857142857142875 30.151515151515156 95.259481037924161 78.034052862017916 84.731934731934743 92.749237359641725 90.976933514246966 74.070419063934338 99.324324324324337 96.080366377917144
decision_type=2 2 2 2 2 2 2 2 2 2 2 2
left_child=5 2 -2 -3 6 8 -5 9 10 -4 11 -1
right_child=1 3 7 4 -6 -7 -8 -9 -10 -11 -12 -13
leaf_value=-0.0061427756355768338 -0.002833600106373394 -0.002833600106373394 -0.002833600106373394 0.0032808985324965412 0.012885263152134282 -0.002833600106373394 0.009152474248625711 0.009152474248625711 -0.002833600106373394 0.0024478449814969473 -0.002833600106373394 -0.002833600106373394
leaf_weight=36.314760665409267 7.6939467287156713 2.1555251406971356 0.70107782050035916 13.156512036221104 10.028334806673227 28.970414639916271 8.9620763631537539 2.2971417068038136 3.2891527665778986 0.39337700931355357 1.0148569203447539 2.1862719343043855
leaf_count=8277 1127 202 103 654 102 2426 221 93 656 40 122 324
internal_value=0.000268087 0.00512837 -0.00227509 0.00751762 0.008439 -0.0028336 0.00751762 0.00751762 -0.00516965 -0.00190743 -0.00562465 -0.00580536
internal_weight=117.163 45.388 11.0855 34.3024 32.1469 71.7755 22.1186 3.3916 42.805 1.09445 39.5159 38.501
internal_count=14347 2542 1363 1179 977 11805 875 236 9379 143 8723 8601
is_linear=0
shrinkage=0.03


Tree=34
num_leaves=11
num_cat=0
split_feature=3 10 6 2 11 10 2 3 2 6
split_gain=1.80567 1.35994 1.18576 0.327545 0.232826 0.092696 0.128022 0.0485418 0.042199 0.00226414
threshold=87.10975530602974 50.333333333333343 34.549071618037139 90.531110816596211 60.821415519062484 89.363636363636374 39.418240132637955 85.241033085344483 95.737355933294722 99.324324324324337
decision_type=2 2 2 2 2 2 2 2 2 2
left_child=4 -2 3 -3 7 -4 -7 8 9 -1
right_child=1 2 5 -5 -6 6 -8 -9 -10 -11
leaf_value=-0.0055499662593357828 -0.0024197740892868561 -0.0024197740892868561 0.0090236305698428287 0.0090236305698428287 -0.0024197740892868561 0.0090236305698428287 0.01633353334633688 -0.0024197740892868561 -0.0024197740892868561 -0.0024197740892868561
leaf_weight=31.319432318443436 11.400385494809596 3.1640670076012638 12.917014488950374 1.4751784438267348 42.725692732143216 2.3036313033662728 8.5384345198981446 0.86451830575242539 1.7024114236701269 0.51146023184992273
leaf_count=7308 934 259 423 46 4613 69 156 137 297 105
internal_value=0.000253825 0.00536715 0.00880443 -0.00241977 -0.00241977 0.0114701 0.0141651 -0.00488657 -0.00518962 -0.00548654
internal_weight=116.922 39.7987 28.3983 4.63925 77.1235 23.7591 10.8421 34.3978 33.5333 31.8309
internal_count=14347 1887 953 305 12460 648 225 7847 7710 7413
is_linear=0
shrinkage=0.03


Tree=35
num_leaves=13
num_cat=0
split_feature=11 5 4 8 1 7 11 10 4 10 10 5
split_gain=1.83009 1.70503 0.753556 0.272227 0.20248 0.156612 0.369099 0.205313 0.0709336 0.0495817 0.01358 0.000326622
threshold=92.763811786380941 94.799979199916805 98.293715599104829 99.358974358974379 89.92949633283574 69.069264069264094 59.378621788680711 99.333333333333357 59.979879275653936 43.232700135685214 58.889376646180871 92.749237359641725
decision_type=2 2 2 2 2 2 2 2 2 2 2 2
left_child=1 2 5 4 -2 9 7 11 -3 -1 -8 -7
right_child=3 8 -4 -5 -6 6 10 -9 -10 -11 -12 -13
leaf_value=-0.0083711367990052174 0.0057093689364522892 0.0018986647219314905 0.0057093689364522892 0.012246314996651625 0.012246314996651625 -0.0061523249924083419 0.00030371799906054865 0.0018986647219314905 0.0057093689364522892 -0.0061523249924083419 0.0018986647219314905 -8.2412133462748038e-05
leaf_weight=15.752500007743945 26.525847991928462 1.8797746063210095 1.8595589968608681 5.4963840432465068 3.8832447219174346 11.351924167945974 5.2216428566025552 0.54574612551368851 14.202275151852517 27.609519917052239 3.3100536820711568 0.29759250441566187
leaf_count=3480 919 86 59 37 108 2647 788 30 513 5345 345 45
internal_value=0.000152124 -0.0023198 -0.00445731 0.00570937 0.00570937 -0.00511813 -0.00277096 -0.0059341 0.00570937 -0.00615232 0.00189866 -0.00615232
internal_weight=117.936 82.0306 65.9485 35.9055 30.4091 64.089 20.727 12.1953 16.082 43.362 8.5317 11.6495
internal_count=14402 13338 12739 1064 1027 12680 3855 2722 599 8825 1133 2692
is_linear=0
shrinkage=0.03


Tree=36
num_leaves=14
num_cat=0
split_feature=4 11 6 11 5 10 11 9 11 9 9 8 10
split_gain=1.85518 0.993009 0.897521 0.751422 0.398354 0.252818 0.266446 0.217714 0.132482 0.146211 0.065317 0.0572642 0.00836223
threshold=95.883989596564462 90.662916591060309 96.884057971014514 98.199992799971213 94.799979199916805 52.119402985074636 63.813938388283674 41.547619047619058 55.265678320777802 41.547619047619058 75.893997445721595 69.905660377358501 90.976933514246966
decision_type=2 2 2 2 2 2 2 2 2 2 2 2 2
left_child=1 4 3 -2 5 10 12 -8 9 -6 -1 -9 -7
right_child=2 -3 -4 -5 8 6 7 11 -10 -11 -12 -13 -14
leaf_value=-0.0072464970990549632 0.0030356604191528729 0.0030356604191528729 0.018321587542275902 0.015164772965892854 -0.003460720856204936 -0.0044476661533124377 -0.003460720856204936 -0.0030487914177869746 0.0030356604191528729 0.0030356604191528729 -0.0044476661533124377 0.0030356604191528729 -0.003460720856204936
leaf_weight=23.463524466264065 14.076871544122705 27.160638767993078 4.5584908103337503 3.8150380582083008 1.0257361705880597 14.009442143142239 5.1940367600182054 2.2246494840364903 5.3428610058035702 1.6346778180450199 8.4001634805463237 2.954374396475032 3.6748654831899321
leaf_count=5017 488 1166 50 58 83 3124 777 562 175 119 1956 168 659
internal_value=0.000110482 -0.0017368 0.00767476 0.00413594 -0.0036615 -0.00449551 -0.00229708 0.00143799 0.00238857 -0.00297444 -0.00630252 0.00238857 -0.00444767
internal_weight=117.535 95.085 22.4504 17.8919 67.9243 59.9211 28.0574 10.3731 8.00327 2.66041 31.8637 5.17902 17.6843
internal_count=14402 13806 596 546 12640 12263 5290 1507 377 202 6973 730 3783
is_linear=0
shrinkage=0.03


Tree=37
num_leaves=10
num_cat=0
split_feature=4 6 11 11 5 1 5 10 2
split_gain=1.39653 0.904997 0.816379 0.454557 0.441717 0.283554 0.12779 0.0907432 0.123284
threshold=95.883989596564462 96.884057971014514 90.662916591060309 98.199992799971213 94.799979199916805 11.705360052134248 57.157287157287165 52.119402985074636 56.181112224448903
decision_type=2 2 2 2 2 2 2 2 2
left_child=2 3 4 -2 7 -6 -4 8 -1
right_child=1 -3 6 -5 5 -7 -8 -9 -10
leaf_value=-0.0075153868523085464 0.0028335778406481261 0.016848413368665851 -0.00067915314960207231 0.012133722308968788 -0.0041387238621248615 0.0028335778406481261 0.0028335778406481261 -0.0041387238621248615 -0.0041387238621248615
leaf_weight=18.898761494201612 13.961686118040239 4.933074442902579 8.9714276613667625 3.8343112969305357 1.5484264288097609 6.3745526247657835 18.119061628822237 27.784705403610133 12.660053417785091
leaf_count=4243 488 50 592 58 103 274 574 5290 2730
internal_value=0.000128563 0.0066401 -0.00149315 0.00306451 -0.00325165 0.00283358 0.00283358 -0.00413872 -0.00588069
internal_weight=117.086 22.7291 94.357 17.796 67.2665 7.92298 27.0905 59.3435 31.5588
internal_count=14402 596 13806 546 12640 377 1166 12263 6973
is_linear=0
shrinkage=0.03


Tree=38
num_leaves=10
num_cat=0
split_feature=4 6 11 5 11 1 5 11 10
split_gain=1.16044 0.907941 0.656745 0.42822 0.380843 0.227016 0.114774 0.0830485 0.0110848
threshold=95.883989596564462 96.884057971014514 90.662916591060309 94.799979199916805 98.199992799971213 11.705360052134248 57.157287157287165 15.338057999348324 92.480777928539126
decision_type=2 2 2 2 2 2 2 2 2
left_child=2 4 3 7 -2 -5 -4 8 -1
right_child=1 -3 6 5 -6 -7 -8 -9 -10
leaf_value=-0.0074762513406923612 0.0024629193966282919 0.016105984048789119 -0.00089442553172500627 -0.0038777075424140145 0.010869485662820472 0.0024629193966282919 0.0024629193966282919 -0.0038777075424140145 -0.0038777075424140145
leaf_weight=7.8646679349476454 14.061289759119978 5.0263569033704689 8.7041385355405527 1.4789360088761876 3.9359435581136486 6.5349214503075927 18.293219630722888 49.827488045440987 0.93867162882816035
leaf_count=1907 488 50 592 103 58 274 574 10131 225
internal_value=0.000100305 0.00598783 -0.00139522 -0.00298259 0.00246292 0.00246292 0.00246292 -0.00387771 -0.00690395
internal_weight=116.666 23.0236 93.642 66.6447 17.9972 8.01386 26.9974 58.6308 8.80334
internal_count=14402 596 13806 12640 546 377 1166 12263 2132
is_linear=0
shrinkage=0.03


Tree=39
num_leaves=11
num_cat=0
split_feature=4 6 8 11 5 0 4 1 11 6
split_gain=1.11949 1.02735 0.617179 0.548298 0.402468 0.28425 0.106762 0.106365 0.136338 0.0504626
threshold=95.883989596564462 96.884057971014514 67.799539170506918 63.813938388283674 99.199996799987218 87.10975530602974 86.399945599782413 11.301726946888239 93.353467579671602 76.568627450980401
decision_type=2 2 2 2 2 2 2 2 2 2
left_child=2 4 7 5 -2 6 -4 9 -9 -1
right_child=1 -3 3 -5 -6 -7 -8 8 -10 -11
leaf_value=-0.010020804774792691 0.0020874343951898786 0.016495416357635708 -0.0038454697217012784 0.0020874343951898786 0.01021084359971863 0.0020874343951898786 0.0020874343951898786 -0.0041025474652272766 -5.2039209061724069e-05 -0.0041025474652272766
leaf_weight=3.587505344185046 13.422849539085297 5.0903458751272401 13.177258863113821 28.741108631016687 4.5550814522430292 4.1029654403682789 0.8600204609101646 32.435029611922801 9.6672511545475555 0.70250919554382552
leaf_count=797 482 50 2683 1368 64 238 122 8026 431 141
internal_value=4.56391e-05 0.00582003 -0.00142906 0.000992517 0.00208743 -0.00329851 -0.00384547 -0.00384547 -0.00384547 -0.00841618
internal_weight=116.342 23.0683 93.2736 46.8814 17.9779 18.1402 14.0373 46.3923 42.1023 4.29001
internal_count=14402 596 13806 4411 546 3043 2805 9395 8457 938
is_linear=0
shrinkage=0.03


Tree=40
num_leaves=13
num_cat=0
split_feature=8 11 7 2 8 6 10 4 2 1 8 0
split_gain=1.21245 1.6174 0.944751 0.424495 0.164293 0.292525 0.311219 0.0444019 0.0279573 0.119178 0.0265303 0.0219578
threshold=97.162977867203224 94.914506510892068 45.993589743589745 53.563968984246166 57.417582417582416 72.438780609695172 86.451048951048975 56.7540597118062 22.915084200659386 91.999967999872013 30.662393162393169 99.597179853313449
decision_type=2 2 2 2 2 2 2 2 2 2 2 2
left_child=4 2 -2 7 5 6 8 -4 10 11 -1 -10
right_child=1 -3 3 -5 -6 -7 -8 -9 9 -11 -12 -13
leaf_value=-0.011436727174349499 -0.0016821959051632528 0.017738729938163365 -0.0016821959051632528 0.012521789946189707 -0.0016821959051632528 -0.0016821959051632528 -0.0016821959051632528 0.0025868632143866968 -0.0061621735297587967 -0.0016821959051632528 -0.0061621735297587967 -0.0016821959051632528
leaf_weight=3.2116654198616805 9.9635558862937668 6.2042129412293425 1.1278680334798976 5.7668532151728868 50.264587955549359 7.7229507478186852 5.8180881285807109 1.3585533138830213 21.430448069237183 1.2386020509293292 3.1151952731888741 0.24185954360291262
leaf_count=745 262 42 76 96 5673 1118 721 33 4725 229 732 9
internal_value=-0.000111796 0.00570219 0.000893071 0.00861188 -0.0016822 -0.0035375 -0.00508216 -0.00144704 -0.00649267 -0.0054804 -0.00891002 -0.00616217
internal_weight=117.464 24.421 18.2168 8.25327 93.0434 42.7788 35.0559 2.48642 29.2378 22.9109 6.32686 21.6723
internal_count=14461 509 467 205 13952 8279 7161 109 6440 4963 1477 4734
is_linear=0
shrinkage=0.03


Tree=41
num_leaves=10
num_cat=0
split_feature=8 11 9 4 2 5 2 1 10
split_gain=0.901903 1.62742 0.75769 0.900505 0.170936 0.158942 0.397363 0.107251 0.00795511
threshold=97.162977867203224 94.914506510892068 45.183384887317722 74.018100538716183 63.390255778765059 60.383106721134894 46.421370967741943 95.17587452425397 85.523809523809533
decision_type=2 2 2 2 2 2 2 2 2
left_child=5 2 -2 4 -4 6 7 -1 -9
right_child=1 -3 3 -5 -6 -7 -8 8 -10
leaf_value=-0.0071409657464548224 -0.001556092310814598 0.016947962187581288 -0.001556092310814598 0.014587796025024856 0.0076755785404999458 -0.001556092310814598 -0.001556092310814598 -0.0041675147748675197 -0.001556092310814598
leaf_weight=18.379565096227456 10.043809091672307 6.1520322673022738 2.1542425483930843 4.9414772796444595 1.2003956802655009 52.298588533536531 19.638331704074517 1.7169678083155298 0.48066854593344022
leaf_count=4223 239 42 121 65 42 5522 3743 388 76
internal_value=-0.000194115 0.00480974 7.22564e-05 0.00733954 -0.00155609 -0.00155609 -0.00343478 -0.00639637 -0.00155609
internal_weight=117.006 24.492 18.3399 8.29612 3.35464 92.5141 40.2155 20.5772 2.19764
internal_count=14461 509 467 228 163 13952 8430 4687 464
is_linear=0
shrinkage=0.03


Tree=42
num_leaves=13
num_cat=0
split_feature=3 8 10 9 4 10 1 9 2 8 2 1
split_gain=0.960156 0.803056 0.56766 0.552629 0.299398 0.160393 0.151067 0.111447 0.355075 0.26952 0.108279 0.0699882
threshold=99.597179853313449 74.239631336405537 69.848484848484858 75.893997445721595 96.199984799939202 86.451048951048975 95.883989596564462 44.519519519519527 44.120701079578517 95.744466800804844 22.915084200659386 99.199996799987218
decision_type=2 2 2 2 2 2 2 2 2 2 2 2
left_child=1 5 3 4 6 10 -3 -4 -9 -10 -1 -12
right_child=-2 2 7 -5 -6 -7 -8 8 9 -11 11 -13
leaf_value=-0.0073864066019493054 0.011418422348973912 -0.0040031948860906564 0.0039855589009339006 0.0045381781274945491 0.0039855589009339006 0.00037150175351789591 0.0039855589009339006 0.0045381781274945491 0.0045381781274945491 0.011418422348973912 -0.0040031948860906564 0.00037150175351789591
leaf_weight=8.9139856811379996 5.1727480720728627 15.800796799710959 17.522715527913544 6.399919112911447 4.3615024371538302 8.7993031200021488 0.74751043133437711 3.4244229625910512 1.9121327281463871 6.9372382408473641 36.549708685721271 0.3548915486317118
leaf_count=2108 81 1791 689 595 68 1215 47 245 292 88 7221 21
internal_value=-0.000103141 -0.000733144 0.00174061 -0.00136418 -0.00330439 -0.00330439 -0.00330439 0.00453818 0.00706154 0.0111046 -0.00400319 -0.00400319
internal_weight=116.897 111.724 57.1062 27.3097 20.9098 54.6179 16.5483 29.7965 12.2738 8.84937 45.8186 36.9046
internal_count=14461 14380 3815 2501 1906 10565 1838 1314 625 380 9350 7242
is_linear=0
shrinkage=0.03


Tree=43
num_leaves=14
num_cat=0
split_feature=3 8 10 9 11 11 10 2 9 2 8 10 1
split_gain=0.930977 0.709951 0.464424 0.487369 0.28377 0.224694 0.137245 0.0762731 0.0706159 0.343493 0.271623 0.0347542 0.0701507
threshold=99.597179853313449 74.239631336405537 69.848484848484858 70.479302832244016 97.799991199964822 37.311165379373016 96.490147783251246 15.376721184304094 44.519519519519527 44.120701079578517 95.744466800804844 86.451048951048975 32.261296787122639
decision_type=2 2 2 2 2 2 2 2 2 2 2 2 2
left_child=1 6 3 4 -3 -5 7 -1 -4 -10 -11 12 -9
right_child=-2 2 8 5 -6 -7 -8 11 9 10 -12 -13 -14
leaf_value=-0.0065783594394957763 0.011252105238076836 -0.0031655844067062524 0.0040835009777886715 -0.0031655844067062524 0.0040835009777886715 0.0040835009777886715 0.0029135424295056388 -0.0054306080459514561 0.0040835009777886715 0.0040835009777886715 0.011252105238076836 -0.00063477436895156218 -0.0031655844067062524
leaf_weight=6.2731247062329194 5.1651166889350852 17.660678526153795 17.577103641582671 2.7417801605770347 1.338519706390797 5.477462780661881 2.4500078633427611 13.326452803914433 3.5450032020453355 1.9624813401605914 7.2013518100138754 5.7447309495182699 26.125031820731238
leaf_count=1505 81 1718 689 505 24 254 337 2807 245 292 88 755 5161
internal_value=-9.96204e-05 -0.000721243 0.00158564 -0.00123994 -0.00316558 0.0040835 -0.00316558 -0.00350497 0.0040835 0.00650267 0.0104041 -0.00316558 -0.00325765
internal_weight=116.589 111.424 57.5044 27.2184 18.9992 8.21924 53.9193 51.4693 30.2859 12.7088 9.16383 45.1962 39.4515
internal_count=14461 14380 3815 2501 1742 759 10565 10228 1314 625 380 8723 7968
is_linear=0
shrinkage=0.03


Tree=44
num_leaves=15
num_cat=0
split_feature=3 8 6 10 9 4 11 5 11 10 8 11 10 5
split_gain=0.783038 0.552496 0.478007 0.384197 0.472659 0.534023 0.210218 0.177462 0.161575 0.123355 0.0483659 0.0165161 0.0209916 0.011753
threshold=99.597179853313449 74.239631336405537 98.620098972211665 91.918367346938794 49.691358024691361 56.350832266325234 30.251228262977573 94.799979199916805 78.405628869338571 96.490147783251246 5.0641025641025648 15.338057999348324 95.488466757123476 98.293715599104829
decision_type=2 2 2 2 2 2 2 2 2 2 2 2 2 2
left_child=1 9 3 4 -3 8 -7 -4 -6 10 -1 -12 -13 -5
right_child=-2 2 7 13 5 6 -8 -9 -10 -11 11 12 -14 -15
leaf_value=-0.007097417763854196 0.010143813444197338 -0.0028688061061794791 0.0045291224367948442 0.0045291224367948442 -0.0028688061061794791 -0.0028688061061794791 0.0045291224367948442 0.010143813444197338 0.0045291224367948442 0.0028762739465861501 -0.0047184228153057508 -0.0028688061061794791 0.0019896165048654199 0.0071881601784917048
leaf_weight=2.2025178521871558 5.3350081541575483 19.892097144736908 2.9568391493521622 10.310568757588038 4.2178388596512404 1.6520899680908758 11.279523057863114 2.2281017545610666 1.7643179601291192 2.4460052254144093 5.7522163789253673 42.689031998743303 0.36085460055619378 3.3972497656941423
leaf_count=481 81 1708 152 360 793 245 428 22 72 337 1448 8241 58 35
internal_value=-0.000118701 -0.000697344 0.00132885 0.000392127 -0.0011463 0.00239483 0.00452912 0.00921875 -0.00286881 -0.00286881 -0.00319433 -0.0028792 -0.00286881 0.00452912
internal_weight=116.484 111.149 57.6986 52.5137 38.8059 18.9138 12.9316 5.18494 5.98216 53.4506 51.0046 48.8021 43.0499 13.7078
internal_count=14461 14380 3815 3641 3246 1538 673 174 865 10565 10228 9747 8299 395
is_linear=0
shrinkage=0.03


Tree=45
num_leaves=13
num_cat=0
split_feature=8 5 7 11 4 1 4 5 1 7 8 7
split_gain=0.804139 0.809119 0.657098 0.311295 0.339325 0.181028 0.276757 0.196156 0.168534 0.0201179 0.0168295 0.00379157
threshold=74.239631336405537 97.592775913272348 66.431924882629119 45.573422723150678 55.947604820844269 11.301726946888239 99.799999199996805 99.199996799987218 70.392719218537039 95.119047619047635 68.496240601503771 20.638945233265723
decision_type=2 2 2 2 2 2 2 2 2 2 2 2
left_child=5 2 -2 -4 8 6 9 -7 -5 10 -1 -3
right_child=1 11 3 4 -6 7 -8 -9 -10 -11 -12 -13
leaf_value=-0.010872570936466913 -0.0019246435161577936 0.0068061277926976934 -0.0019246435161577936 -0.0019246435161577936 0.0082947691193305511 -0.0019246435161577936 -0.0019246435161577936 0.0068061277926976934 0.0068948632524140768 -0.0019246435161577936 -0.0019246435161577936 0.0097155802371608896
leaf_weight=4.9983775587752453 32.279645471950062 5.8433707547374043 3.0636655385605982 1.488958353409543 8.4753018268384022 46.48191087518353 0.48756131506524969 1.3717067320831109 0.99898714129813004 0.33561664121225465 0.32658492121845473 9.0314302865881455
leaf_count=969 2732 61 568 82 195 9316 15 33 55 77 75 108
internal_value=0.000112915 0.00244926 0.000435892 0.00563469 0.00784807 -0.00253046 -0.00703687 -0.00192464 -0.00192464 -0.0100487 -0.0104658 0.00829477
internal_weight=115.183 61.1814 46.3066 14.0269 10.9632 54.0018 6.14814 47.8536 2.48795 5.66058 5.32496 14.8748
internal_count=14286 3801 3632 900 332 10485 1136 9349 137 1121 1044 169
is_linear=0
shrinkage=0.03


Tree=46
num_leaves=11
num_cat=0
split_feature=8 10 7 11 10 7 4 1 4 7
split_gain=0.746347 0.511578 0.377488 0.791925 0.245168 0.162425 0.142083 0.0715521 0.188851 0.0123697
threshold=80.950653120464452 91.918367346938794 92.907444668008068 58.593194453422981 69.848484848484858 8.0128205128205146 67.572978191731053 11.301726946888239 99.597179853313449 95.119047619047635
decision_type=2 2 2 2 2 2 2 2 2 2
left_child=1 5 4 -4 -2 -1 -3 8 9 -7
right_child=2 6 3 -5 -6 7 -8 -9 -10 -11
leaf_value=-0.0091512320783804068 -0.00086191504373273281 -0.0027058574643830584 0.0027170037927688444 0.019483291022616322 0.0027170037927688444 -0.0091512320783804068 0.0027170037927688444 -0.0027058574643830584 -0.0027058574643830584 -0.0027058574643830584
leaf_weight=3.0666524327825746 20.177763080922887 3.2442355612292868 1.674352787900715 2.7965279375202954 28.404879403999075 4.7458067431580266 5.558225205168128 44.520411136909388 0.52906176983378816 0.31022463412955392
leaf_count=644 1653 548 130 41 970 945 328 8935 22 70
internal_value=0.000132167 -0.0020886 0.002717 0.0106825 0.002717 -0.00323965 0.002717 -0.00270586 -0.00600602 -0.00911811
internal_weight=115.028 61.9746 53.0535 4.47088 48.5826 53.1722 8.80246 50.1055 5.58509 5.05603
internal_count=14286 11492 2794 171 2623 10616 876 9972 1037 1015
is_linear=0
shrinkage=0.03


Tree=47
num_leaves=10
num_cat=0
split_feature=8 10 7 11 10 4 7 4 1
split_gain=0.679515 0.527777 0.39007 0.802436 0.203696 0.123621 0.110626 0.0315256 0.178567
threshold=80.950653120464452 91.918367346938794 92.907444668008068 58.593194453422981 69.848484848484858 67.572978191731053 8.0128205128205146 99.597179853313449 11.301726946888239
decision_type=2 2 2 2 2 2 2 2 2
left_child=1 6 4 -4 -2 -3 -1 8 -8
right_child=2 5 3 -5 -6 -7 7 -9 -10
leaf_value=-0.0084387631991405757 -0.00073378089810705385 -0.0032051523767596562 0.0025893451206492829 0.01939591285949737 0.0025893451206492829 0.0025893451206492829 -0.0084387631991405757 -0.00073378089810705385 -0.0032051523767596562
leaf_weight=3.0099804885685435 20.243583805859089 3.2466178997419757 1.6800607179757197 2.8471363696735352 28.445904631866142 5.7243225164711475 4.8669705773936576 0.67934396304190059 44.017718322109431
leaf_count=644 1653 548 130 41 970 328 1015 30 8927
internal_value=0.000132338 -0.00199962 0.00258935 0.0106348 0.00258935 0.00258935 -0.00320515 -0.00320515 -0.00320515
internal_weight=114.762 61.545 53.2167 4.5272 48.6895 8.97094 52.574 49.564 48.8847
internal_count=14286 11492 2794 171 2623 876 10616 9972 9942
is_linear=0
shrinkage=0.03


Tree=48
num_leaves=15
num_cat=0
split_feature=8 5 1 5 1 11 10 1 5 4 1 11 6 2
split_gain=0.550797 0.652079 0.433821 0.260701 0.612843 0.414303 0.158484 0.0998708 0.204384 0.116637 0.130405 0.08638 0.0518723 0.0456583
threshold=74.239631336405537 97.592775913272348 96.978848899850732 73.212460245343053 30.251228262977573 65.156057311611633 65.228818800247396 49.147672397141207 99.199996799987218 99.597179853313449 10.494460736396222 37.311165379373016 96.352785145888603 93.699974799899209
decision_type=2 2 2 2 2 2 2 2 2 2 2 2 2 2
left_child=7 2 3 -2 -5 6 -6 9 -9 10 -1 -8 13 -12
right_child=1 -3 -4 4 5 -7 11 8 -10 -11 12 -13 -14 -15
leaf_value=-0.0090474063910181684 -0.0020580211816842858 0.0073217092754527119 0.0073217092754527119 -0.0020580211816842858 -0.0020580211816842858 0.0073217092754527119 -0.001922070439534473 -0.0020580211816842858 0.0073217092754527119 -0.0020580211816842858 -0.0048159321900009353 0.0070761825057864191 -0.0020580211816842858 -0.0020580211816842858
leaf_weight=4.7557530174963274 19.31267080095131 14.906830200459806 1.4721752589102823 12.179064579540865 1.7992042074911285 9.0499666433315706 0.939107503043488 26.07071547780652 1.1939234291203309 0.73035187553614278 17.406255542533483 1.7463285799603907 1.0322719304822374 1.9022696962347243
leaf_count=1031 2438 169 96 501 193 242 72 5352 22 31 3653 90 94 302
internal_value=0.000159075 0.00207825 0.000278515 -0.000478351 0.00158081 0.00585246 -0.00181501 -0.00205802 -0.00205802 -0.00393109 -0.00484932 0.00426175 -0.00348984 -0.00421711
internal_weight=114.497 61.4053 46.4985 45.0263 25.7137 13.5346 4.48464 53.0915 27.2646 25.8269 25.0966 2.68544 20.3408 19.3085
internal_count=14286 3801 3632 3536 1098 597 355 10485 5374 5111 5080 162 4049 3955
is_linear=0
shrinkage=0.03


Tree=49
num_leaves=13
num_cat=0
split_feature=5 8 7 1 7 7 7 2 10 7 8 1
split_gain=0.488966 0.478972 0.467628 0.230472 0.176257 0.102865 0.0481185 0.0451593 0.0880855 0.139712 0.0668931 0.00243166
threshold=73.212460245343053 71.812928855182392 12.588028169014086 48.74645869551221 92.907444668008068 94.59415584415585 94.80431848852902 46.421370967741943 92.078431372549034 25.998463901689714 92.907444668008068 97.592775913272348
decision_type=2 2 2 2 2 2 2 2 2 2 2 2
left_child=6 5 3 -3 -4 -2 7 8 9 -1 11 -11
right_child=1 2 4 -5 -6 -7 -8 -9 -10 10 -12 -13
leaf_value=-0.0080383715487067943 -0.0018129336145123799 -0.0018129336145123799 0.005043451895153029 0.005043451895153029 0.01164246865669665 0.004827899212273821 0.0012856743188297164 -0.0018129336145123799 -0.0018129336145123799 -0.0041141934195147948 -0.0018129336145123799 -0.0018129336145123799
leaf_weight=5.4511946632992538 17.037064004689466 2.7919332387391469 33.658575374167413 1.8949326777365056 3.2268630024045697 1.1773123166058201 3.5499629828846073 26.735908657428809 2.6924815645907065 13.61007354571484 1.9154628897085775 0.50831956381443966
leaf_count=1059 2393 103 1107 56 56 160 684 4672 365 3329 178 124
internal_value=0.000226006 0.00208267 0.00383255 -0.00181293 0.00504345 -0.00181293 -0.00181293 -0.00204959 -0.00317686 -0.00421189 -0.00251543 -0.00399366
internal_weight=114.25 59.7867 41.5723 4.68687 36.8854 18.2144 54.4634 50.9134 24.1775 21.4851 16.0339 14.1184
internal_count=14286 3875 1322 159 1163 2553 10411 9727 5055 4690 3631 3453
is_linear=0
shrinkage=0.03


Tree=50
num_leaves=9
num_cat=0
split_feature=3 2 7 9 11 0 10 1
split_gain=0.522363 0.599544 0.52139 0.20968 0.172606 0.127473 0.0571394 0.0245186
threshold=99.597179853313449 95.737355933294722 18.002136752136753 12.880184331797237 15.744519341713731 99.199996799987218 95.227272727272734 98.992949633283587
decision_type=2 2 2 2 2 2 2 2
left_child=1 4 -3 -4 5 6 7 -1
right_child=-2 2 3 -5 -6 -7 -8 -9
leaf_value=-0.0077182085398243942 0.0079254088212260335 -0.0015296676324799178 -0.0015296676324799178 0.0079254088212260335 -0.0015296676324799178 -0.0015296676324799178 -0.0015296676324799178 -0.0015296676324799178
leaf_weight=8.2151742465794015 5.4453079942613831 1.241077056620268 0.54750476439949114 6.4985136316390708 90.222523485543206 0.32305183261632997 0.75814750965219069 0.29122370528057295
leaf_count=1875 82 93 52 454 11470 4 180 73
internal_value=-0.000378032 -0.000865122 0.00644158 0.00792541 -0.00152967 -0.00538887 -0.00670335 -0.00740822
internal_weight=113.543 108.097 8.2871 7.04602 99.8101 9.5876 9.26455 8.5064
internal_count=14283 14201 599 506 13602 2132 2128 1948
is_linear=0
shrinkage=0.03


Tree=51
num_leaves=15
num_cat=0
split_feature=3 2 6 10 11 1 1 10 1 5 2 4 9 1
split_gain=0.460371 0.445579 0.469351 0.476802 0.460098 0.395512 0.353551 0.267667 0.231113 0.0982468 0.176228 0.0726105 0.053253 0.0328645
threshold=99.597179853313449 95.737355933294722 99.324324324324337 91.918367346938794 80.330303248923855 67.975798338417619 95.568978386447739 98.518437225636532 5.2472303681981112 57.157287157287165 46.421370967741943 96.582911121346555 58.044603743528491 41.925825767819205
decision_type=2 2 2 2 2 2 2 2 2 2 2 2 2 2
left_child=1 2 3 4 8 7 9 -5 12 10 -6 -3 -1 -12
right_child=-2 11 -4 5 6 -7 -8 -9 -10 -11 13 -13 -14 -15
leaf_value=-0.015797798703400527 0.0074041200305478621 0.0054312418950734267 0.0054312418950734267 -0.0011197848945449316 -0.0040739849138731856 0.0054312418950734267 0.0054312418950734267 0.0050642469433105578 -0.0040739849138731856 -0.0011197848945449316 -0.0040739849138731856 0.0074041200305478621 -0.0040739849138731856 -0.0011197848945449316
leaf_weight=1.2501515913754695 5.487680247751995 4.2167381970211846 5.2056803710293016 5.4829021273180842 3.9839607521426021 6.0826885274145743 1.664637344656511 5.3659246667521074 45.361841630772687 18.840828102547675 2.5211390528129414 4.1945433765649796 0.76152596937026817 2.9493290733080357
leaf_count=153 82 507 295 514 559 363 96 203 9560 1142 320 92 153 244
internal_value=-0.000363854 -0.000823364 -0.00140105 -0.00191551 -0.00291004 0.00253589 1.10955e-05 1.10955e-05 -0.00471946 -0.00111978 -0.00404857 0.00543124 -0.0130889 -0.00111978
internal_weight=113.37 107.882 99.4706 94.2649 77.3334 16.9315 29.9599 10.8488 47.3735 28.2953 9.45443 8.41128 2.01168 5.47047
internal_count=14283 14201 13602 13307 12227 1080 2361 717 9866 2265 1123 599 306 564
is_linear=0
shrinkage=0.03


Tree=52
num_leaves=10
num_cat=0
split_feature=3 2 7 11 5 8 10 8 1
split_gain=0.358569 0.264878 0.406004 0.182286 0.134274 0.0875729 0.0532419 0.0383601 0.0271931
threshold=99.597179853313449 95.737355933294722 51.854395604395613 15.744519341713731 98.595785949408864 99.358974358974379 95.227272727272734 49.647887323943671 98.992949633283587
decision_type=2 2 2 2 2 2 2 2 2
left_child=1 3 5 4 6 -3 8 -4 -1
right_child=-2 2 7 -5 -6 -7 -8 -9 -10
leaf_value=-0.0075611010437757397 0.0065494439905711896 -0.0011269023307744635 -0.0011269023307744635 -0.0011269023307744635 -0.0011269023307744635 0.0056030836235429708 -0.0011269023307744635 0.0065494439905711896 -0.0011269023307744635
leaf_weight=7.7532620551064539 5.5529498010873786 3.5143313107546401 0.79428786737844559 89.806886178441346 0.52396680763922709 1.0766739870887247 0.75234658853150982 3.1585725543554872 0.28869655961170781
leaf_count=1868 82 346 114 11470 14 13 177 126 73
internal_value=-0.000268777 -0.000677455 0.0041087 -0.0011269 -0.00512975 -0.0011269 -0.00654429 0.00654944 -0.00722854
internal_weight=113.222 107.669 8.54387 99.1252 9.31827 4.59101 8.79431 3.95286 8.04196
internal_count=14283 14201 599 13602 2132 359 2118 240 1941
is_linear=0
shrinkage=0.03


Tree=53
num_leaves=9
num_cat=0
split_feature=4 11 1 10 2 10 0 4
split_gain=0.365478 0.395463 0.727824 0.360932 0.191834 0.104642 0.102738 0.0115451
threshold=97.592775913272348 63.813938388283674 35.506406541755204 98.058069381598798 94.517181629744798 25.166666666666671 87.10975530602974 83.634549083650896
decision_type=2 2 2 2 2 2 2 2
left_child=1 6 3 -3 -2 -4 7 -1
right_child=4 2 5 -5 -6 -7 -8 -9
leaf_value=-0.0048513234869305101 0.0035960371081150007 -0.0029775389631955889 -0.001210868123572018 0.0035960371081150007 0.0090683416489335655 0.0035960371081150007 -0.0029775389631955889 -0.0029775389631955889
leaf_weight=33.344493284006603 12.163764271186666 17.23469031020068 3.6354850903153411 2.0529864844866088 5.2018723338842383 28.534817368723452 8.4753602186683548 2.5336620239540926
leaf_count=7851 251 1879 618 56 92 2309 708 519
internal_value=-0.000198688 -0.000933059 0.000852321 -0.00297754 0.00368325 0.00359604 -0.00297754 -0.00463515
internal_weight=113.177 95.8115 51.458 19.2877 17.3656 32.1703 44.3535 35.8782
internal_count=14283 13940 4862 1935 343 2927 9078 8370
is_linear=0
shrinkage=0.03


Tree=54
num_leaves=11
num_cat=0
split_feature=3 2 7 10 1 2 9 4 1 2
split_gain=0.408704 0.36844 0.458584 0.18291 0.494012 0.249639 0.134331 0.148335 0.034805 0.0224295
threshold=99.597179853313449 95.737355933294722 51.854395604395613 43.232700135685214 20.988921472792445 46.421370967741943 49.691358024691361 95.568978386447739 97.289663098046347 14.673500226258971
decision_type=2 2 2 2 2 2 2 2 2 2
left_child=1 3 6 4 -1 8 -3 -8 9 -6
right_child=-2 2 -4 -5 5 -7 7 -9 -10 -11
leaf_value=-0.010845022357498516 0.0070088814976839294 -0.0011375580517303033 0.0070088814976839294 -0.0011375580517303033 -0.008472999862005174 -0.0011375580517303033 -0.0011375580517303033 0.0070088814976839294 -0.0011375580517303033 -0.0040351389089185027
leaf_weight=5.476913538528609 5.7467516395263365 3.5407238157931697 4.0567605728283525 70.175211862893775 2.9315436072647536 12.046135204611344 0.50664644385687985 0.51149364840239286 0.69910162407904941 7.3354307820554823
leaf_count=940 82 251 240 8368 658 1986 94 14 116 1534
internal_value=-0.000156675 -0.000601702 0.00501493 -0.00113756 -0.00350953 -0.00138474 -0.00113756 0.00700642 -0.00549723 -0.00594184
internal_weight=113.027 107.28 8.61562 98.6643 28.4891 23.0122 4.55886 1.01814 10.9661 10.267
internal_count=14283 14201 599 13602 5234 4294 359 108 2308 2192
is_linear=0
shrinkage=0.03


Tree=55
num_leaves=12
num_cat=0
split_feature=10 11 8 4 4 6 2 11 1 1 8
split_gain=0.59671 0.383236 0.422488 0.429639 0.275249 0.269661 0.26331 0.257571 0.129882 0.041212 0.038436
threshold=67.928571428571445 43.499973999896007 59.064644275911888 68.378618485104184 97.289663098046347 97.240197944423315 92.168643121252586 83.249830983194911 20.988921472792445 32.663310491951648 58.411949685534601
decision_type=2 2 2 2 2 2 2 2 2 2 2
left_child=1 -1 9 7 10 6 -6 -4 -9 -3 -2
right_child=4 2 3 -5 5 -7 -8 8 -10 -11 -12
leaf_value=-0.0053498829522771428 -0.00080059695155411739 -0.0053498829522771428 -0.0039540423869822488 0.0023826409585015933 0.0023826409585015933 0.012873482191851105 0.0100796404590994 -0.0039540423869822488 0.0023826409585015933 -0.0039540423869822488 0.0023826409585015933
leaf_weight=19.441195483668707 11.650394456577486 5.2312479531392482 5.4394300392596069 15.09842491801828 5.0000217540655267 3.5104106515645972 3.1864766490180045 1.2707296777516601 3.9581232203636318 11.278275772463529 27.084527368308045
leaf_count=4535 2167 1168 987 831 93 24 55 55 223 2294 1907
internal_value=-1.26847e-05 -0.00197678 -0.000337849 0.00204032 0.00238264 0.00685004 0.00314697 -0.00343925 0.00238264 -0.00395404 0.00238264
internal_weight=112.149 61.7174 42.2762 25.7667 50.4318 11.6969 8.1865 10.6683 5.22885 16.5095 38.7349
internal_count=14339 10093 5558 2096 4246 172 148 1265 278 3462 4074
is_linear=0
shrinkage=0.03


Tree=56
num_leaves=12
num_cat=0
split_feature=10 6 4 4 10 1 3 2 4 6 6
split_gain=0.496926 0.466884 0.745547 0.265191 0.25158 0.155872 0.126824 0.0642066 0.108377 0.0536378 0.0285393
threshold=69.174208144796395 97.240197944423315 95.883989596564462 99.199996799987218 90.976933514246966 0.80726621049201708 90.599962399849616 11.400045600182402 31.859283082293622 93.666666666666671 53.42723004694836
decision_type=2 2 2 2 2 2 2 2 2 2 2
left_child=5 3 -3 4 6 -1 -2 8 9 -7 -10
right_child=1 2 -4 -5 -6 7 -8 -9 10 -11 -12
leaf_value=-0.0099505856982489375 -0.0018376167366617241 0.00085808038679750028 0.016227128583655295 0.0071896837566325479 0.00085808038679750028 -0.0091364752628890402 0.00085808038679750028 -0.0018376167366617241 -0.0068861046100883372 -0.0018376167366617241 -0.0018376167366617241
leaf_weight=1.1826331317424763 13.823990793549457 2.9947241239715359 3.9811814241111279 4.2190898347180328 17.578966240165755 3.1251433545257892 5.6844980334863058 56.702788681024686 0.9020164605462927 0.28329823119565833 1.3356972227338699
leaf_count=71 2475 136 28 51 1142 711 293 8964 224 50 194
internal_value=-0.000106203 0.0021631 0.00881413 0.00085808 -3.20628e-05 -0.00183762 -0.00183762 -0.00183762 -0.00501725 -0.00801285 -0.00183762
internal_weight=111.814 48.2825 6.97591 41.3065 37.0875 63.5316 19.5085 62.3489 5.64616 3.40844 2.23771
internal_count=14339 4125 164 3961 3910 10214 2768 10143 1179 761 418
is_linear=0
shrinkage=0.03


Tree=57
num_leaves=13
num_cat=0
split_feature=10 6 0 11 8 1 6 0 11 10 11 11
split_gain=0.459651 0.443153 0.667619 0.288254 0.262071 0.183915 0.186168 0.112586 0.0341617 0.0260293 0.0125335 0.00362877
threshold=69.174208144796395 97.240197944423315 96.582911121346555 44.699978799915208 59.064644275911888 93.768837927161385 90.922444183313758 99.799999199996805 6.2311620728386385 66.915422885572141 14.600058400233602 31.859283082293622
decision_type=2 2 2 2 2 2 2 2 2 2 2 2
left_child=3 7 -3 10 5 6 9 8 -2 -5 -1 -10
right_child=1 2 -4 4 -6 -7 -8 -9 11 -11 -12 -13
leaf_value=-0.0066756077781500479 -0.0032376422733873403 0.00089895666568775233 0.014828044476804147 -0.0045726158593631027 0.00089895666568775233 0.00089895666568775233 0.00089895666568775233 0.0068561243988389886 -0.0001587710739939068 0.00089895666568775233 -0.0045726158593631027 0.00089895666568775233
leaf_weight=6.2783407219685676 1.3120976771460835 2.3788848638068876 4.5689682513475418 13.721655308036127 26.841839222237468 0.94317766628228206 1.4482025017496205 1.87805153755471 4.6401156649226314 0.38684334012214172 13.66855434712488 33.696932826074772
leaf_count=1408 282 126 38 3060 2071 153 202 23 956 52 3268 2700
internal_value=-9.81555e-06 0.00216401 0.00866076 -0.00168259 -0.000279405 -0.00322931 -0.00439817 0.000898957 0.000898957 -0.00457262 -0.00457262 0.000898957
internal_weight=111.764 48.4751 6.94785 63.2886 43.3417 16.4999 15.5567 41.5272 39.6491 14.1085 19.9469 38.337
internal_count=14339 4125 164 10214 5538 3467 3314 3961 3938 3112 4676 3656
is_linear=0
shrinkage=0.03


Tree=58
num_leaves=15
num_cat=0
split_feature=4 10 3 1 4 3 2 2 2 6 8 1 2 8
split_gain=0.412462 0.461592 0.442055 0.424801 0.270648 0.216336 0.150753 0.0631939 0.0605538 0.1738 0.0491267 0.142914 0.0230917 0.0122687
threshold=98.595785949408864 80.15151515151517 87.10975530602974 64.415381175944574 42.728253171077206 99.799999199996805 51.35212472439428 4.6231576055336481 85.045332846537676 73.508771929824562 55.7983193277311 33.065324196780665 12.613027562968172 45.773809523809526
decision_type=2 2 2 2 2 2 2 2 2 2 2 2 2 2
left_child=1 5 3 -3 6 7 -5 -1 -2 -10 11 -9 13 -13
right_child=8 2 -4 4 -6 -7 -8 10 9 -11 -12 12 -14 -15
leaf_value=-0.0062793348727654911 0.0051885175393221262 -0.0019276338153420064 0.0051885175393221262 -0.0019276338153420064 0.0051885175393221262 0.0051885175393221262 0.0051885175393221262 -0.0062191328097269266 0.0051885175393221262 0.01291342121954348 -0.0019276338153420064 -0.0061385959813079465 -0.0019276338153420064 -0.0019276338153420064
leaf_weight=2.4057315548416218 5.1826098889578098 9.3112010254990327 14.703922638902439 2.1063301083631814 3.5439544935943559 0.36324180709198017 0.58834031736478198 8.7882007069420087 2.856682306388393 3.4367560320533812 39.915180857293308 1.3646206065313915 16.621666323859245 0.38298473530448962
leaf_count=506 98 1412 439 413 281 10 74 2151 73 36 4613 364 3766 103
internal_value=4.2452e-05 -0.000593037 0.00245101 -0.00112165 0.00518852 -0.00192763 -0.00192763 -0.00216302 0.00518852 0.00852968 -0.00192763 -0.00323232 -0.00192763 -0.00507239
internal_weight=111.571 100.095 30.2537 15.5498 6.23862 69.8416 2.69467 69.4784 11.476 6.29344 67.0727 27.1575 18.3693 1.74761
internal_count=14339 14132 2619 2180 768 11513 487 11503 207 109 10997 6384 4233 467
is_linear=0
shrinkage=0.03


Tree=59
num_leaves=15
num_cat=0
split_feature=10 6 0 11 8 1 2 11 0 5 11 11 11 10
split_gain=0.363765 0.386748 0.601024 0.214363 0.212974 0.337781 0.228837 0.121943 0.105332 0.0589551 0.0443204 0.0318624 0.00926813 0.0322851
threshold=69.174208144796395 97.240197944423315 96.582911121346555 44.699978799915208 98.664529914529936 25.829077509858429 19.890299883131124 61.720268169452005 99.799999199996805 92.361801330068786 98.595785949408864 6.2311620728386385 14.600058400233602 53.045763760049482
decision_type=2 2 2 2 2 2 2 2 2 2 2 2 2 2
left_child=3 8 -3 12 5 -5 10 9 11 -8 -7 -2 13 -1
right_child=1 2 -4 4 -6 6 7 -9 -10 -11 -12 -13 -14 -15
leaf_value=-0.0071847433083584711 -0.0030191620371245783 0.00098837658272857027 0.01416766368709356 -0.0037701199360501442 0.00098837658272857027 -0.0037701199360501442 -0.0037701199360501442 0.00098837658272857027 0.0067731903792631817 0.00098837658272857027 0.00098837658272857027 0.00098837658272857027 -0.0037701199360501442 -0.0037701199360501442
leaf_weight=4.6455793466884705 1.3148836938198645 2.3637102690991005 4.5247252285480499 10.866769264917819 6.79681367217563 3.6692697721300691 4.3108904371038106 16.848854003590532 1.8620471023023117 0.24754530168138433 0.26588428812101472 38.592349618673325 13.564997606794348 1.483773404965177
leaf_count=1115 282 126 38 1451 162 769 1037 2071 23 35 13 3656 3268 293
internal_value=0.000241422 0.00216425 0.00826521 -0.00126131 -5.28525e-05 -0.00155323 0.000591297 0.000988377 0.000988377 -0.00377012 -0.00377012 0.000988377 -0.00377012 -0.0055488
internal_weight=111.358 48.6577 6.88844 62.7004 43.006 36.2092 25.3424 21.4073 41.7693 4.55844 3.93515 39.9072 19.6944 6.12935
internal_count=14339 4125 164 10214 5538 5376 3925 3143 3961 1072 782 3938 4676 1408
is_linear=0
shrinkage=0.03


Tree=60
num_leaves=11
num_cat=0
split_feature=3 10 6 8 4 8 1 10 6 10
split_gain=0.770259 0.889865 0.706325 0.135781 0.288426 0.125764 0.0768292 0.0482872 0.0299444 0.00117415
threshold=87.10975530602974 50.333333333333343 29.198635976129587 58.596059113300498 97.985899266567159 51.112723754233194 65.221836066906505 40.149253731343286 76.867335562987748 85.523809523809533
decision_type=2 2 2 2 2 2 2 2 2 2
left_child=5 -2 -3 4 -4 6 9 8 -8 -1
right_child=1 2 3 -5 -6 -7 7 -9 -10 -11
leaf_value=-0.0039169640574286402 -0.00055860315322039456 -0.00055860315322039456 -0.00055860315322039456 0.010108080270075365 0.010108080270075365 -0.00055860315322039456 -0.0036916012696282491 -0.00055860315322039456 -0.00055860315322039456 -0.0017801206914674454
leaf_weight=14.840508840512493 10.898735215305349 4.8261360647156861 2.0983689774293484 22.006417668191716 0.81853882269933809 45.016046884818934 2.8037201280239956 6.5610507928067818 0.3811930518131702 2.7988680528942487
leaf_count=3740 896 253 166 537 11 6007 746 1455 81 453
internal_value=0.001304 0.00455538 0.00728217 0.00931343 0.00226823 -0.000558603 -0.00255824 -0.000558603 -0.0036916 -0.0036916
internal_weight=113.05 40.6482 29.7495 24.9233 2.91691 72.4014 27.3853 9.74596 3.18491 17.6394
internal_count=14345 1863 967 714 177 12482 6475 2282 827 4193
is_linear=0
shrinkage=0.03


Tree=61
num_leaves=10
num_cat=0
split_feature=5 11 6 10 4 11 10 2 6
split_gain=0.823601 0.472021 0.650176 0.240445 0.167912 0.119869 0.0902107 0.0527859 0.035768
threshold=73.212460245343053 95.259481037924161 90.462577962577981 91.918367346938794 99.199996799987218 93.756287726358167 69.174208144796395 6.2062621744462882 96.884057971014514
decision_type=2 2 2 2 2 2 2 2 2
left_child=3 6 4 7 -3 -5 -2 -1 -8
right_child=1 2 -4 5 -6 -7 8 -9 -10
leaf_value=-0.0057426308440516102 -2.4667059863568095e-05 0.0019883965001872817 0.016568327150355795 -0.0021710672165987065 0.0089898496758640915 0.0019883965001872817 0.0019883965001872817 -0.0021710672165987065 0.0064997164400243173
leaf_weight=3.0938052850542581 20.010460814344697 8.8930221523623896 4.4830336507875463 3.5235616968711829 2.8360906988382348 2.5161989915650338 19.036043900297962 44.263124933466315 4.0853961964603505
leaf_count=729 2328 230 39 700 34 53 1152 9012 68
internal_value=0.00131406 0.00371857 0.00793869 -0.00137751 0.00359783 0.0019884 0.0019884 -0.00217107 0.0019884
internal_weight=112.741 59.344 16.2121 53.3967 11.7291 6.03976 43.1319 47.3569 23.1214
internal_count=14345 3851 303 10494 264 753 3548 9741 1220
is_linear=0
shrinkage=0.03


Tree=62
num_leaves=13
num_cat=0
split_feature=3 10 6 4 11 8 11 8 1 11 3 5
split_gain=0.758605 0.993006 0.748655 0.108203 0.684246 0.146629 0.114744 0.106643 0.0722739 0.0473546 0.0433635 0.005977
threshold=87.10975530602974 50.333333333333343 29.198635976129587 97.289663098046347 91.374113689225865 68.496240601503771 31.859283082293622 51.112723754233194 65.221836066906505 61.720268169452005 55.947604820844269 44.734321679222212
decision_type=2 2 2 2 2 2 2 2 2 2 2 2
left_child=7 -2 -3 4 5 -4 -7 8 -1 10 11 -10
right_child=1 2 3 -5 -6 6 -8 -9 9 -11 -12 -13
leaf_value=-0.0034971451318999073 -0.0005235686936837866 -0.0005235686936837866 -0.0005235686936837866 0.012507390172950801 0.012507390172950801 -0.0005235686936837866 0.0054783453607984136 -0.0005235686936837866 -0.0034971451318999073 -0.0005235686936837866 -0.0005235686936837866 -0.0005235686936837866
leaf_weight=17.273126981919635 10.857458438840693 4.6676854069810387 1.2111854637041748 9.0966667176689935 5.7949741843622169 1.762194415088741 7.777995383599773 44.352215580758639 3.711326292948796 4.2621931802714244 1.4755383548326788 0.25188492680899788
leaf_count=4193 896 253 202 100 94 95 223 6007 992 816 410 64
internal_value=0.00135533 0.00454586 0.00742392 0.00945281 0.00715638 0.00209252 0.00396828 -0.000523569 -0.00237851 -0.000523569 -0.00312928 -0.00349715
internal_weight=112.494 41.1682 30.3107 25.643 16.5463 10.7514 9.54019 71.3263 26.9741 9.70094 5.43875 3.96321
internal_count=14345 1863 967 714 614 520 318 12482 6475 2282 1466 1056
is_linear=0
shrinkage=0.03


Tree=63
num_leaves=14
num_cat=0
split_feature=11 8 10 1 1 10 11 5 11 4 3 10 10
split_gain=0.747651 0.636133 0.59495 0.575008 0.298328 0.164733 0.147568 0.0687321 0.0733154 0.0436141 0.031721 0.0176959 0.0234262
threshold=91.374113689225865 97.162977867203224 80.15151515151517 91.725521342456844 65.963919791292867 91.918367346938794 9.0634533004478488 68.781438631790749 82.848617281565922 98.595785949408864 82.848617281565922 72.902097902097907 89.363636363636374
decision_type=2 2 2 2 2 2 2 2 2 2 2 2 2
left_child=5 2 3 -2 -4 6 12 8 9 10 11 -8 -1
right_child=1 -3 4 -5 -6 -7 7 -9 -10 -11 -12 -13 -14
leaf_value=-0.0062107606787046568 -0.00037525932795183368 0.012359265393693905 0.0032869005047686741 0.0076205389930976706 0.012359265393693905 0.0026620673475152958 -0.0033976973729160746 -0.00037525932795183368 -0.00037525932795183368 -0.00037525932795183368 -0.00037525932795183368 -0.0010252991882467102 -0.0010252991882467102
leaf_weight=4.2900767205283037 15.300783684942877 6.9928306713700286 7.5552413150435278 1.8172378421295423 4.0437181331217289 12.390000682673415 22.183032461791313 28.209454338299111 4.0688493885099879 0.19679042743518849 0.60386984492652018 4.4705742904916397 0.25595556199550618
leaf_count=1031 846 60 221 75 77 1072 5663 3278 679 11 155 1115 62
internal_value=0.00130575 0.00482678 0.00263838 -0.000375259 0.00762054 -0.000375259 -0.00099253 -0.000548224 -0.00177604 -0.00251224 -0.00282323 -0.00305124 -0.005679
internal_weight=112.378 35.7098 28.717 17.118 11.599 76.6686 64.2786 59.7326 31.5231 27.4543 27.2575 26.6536 4.54603
internal_count=14345 1279 1219 921 298 13066 11994 10901 7623 6944 6933 6778 1093
is_linear=0
shrinkage=0.03


Tree=64
num_leaves=14
num_cat=0
split_feature=11 8 3 3 1 10 2 3 6 11 2 11 8
split_gain=0.731622 0.5849 0.564606 0.288387 0.176751 0.430266 0.0874611 0.0540252 0.041446 0.0316632 0.0239033 0.00793504 0.00337025
threshold=91.374113689225865 97.162977867203224 45.135535380851202 85.241033085344483 90.312805474095811 80.15151515151517 22.915084200659386 80.842548773420916 86.811594202898576 80.330303248923855 96.080366377917144 82.848617281565922 98.664529914529936
decision_type=2 2 2 2 2 2 2 2 2 2 2 2 2
left_child=3 2 -2 6 5 8 7 9 -4 -1 11 -8 -12
right_child=1 -3 4 -5 -6 -7 10 -9 -10 -11 12 -13 -14
leaf_value=-0.0053735633930155581 -0.00035125321110736043 0.012052759496626996 0.0021807871311078529 0.0021807871311078529 0.011944143743215688 0.0093940676862452228 -0.00097373576293751664 -0.00097373576293751664 0.008520758981267449 -0.00097373576293751664 -0.00035125321110736043 -0.00035125321110736043 0.0021807871311078529
leaf_weight=8.4384187263203732 7.4665195917477858 6.9398228675127021 9.1494547637412378 25.780670691281557 2.6444856331218025 7.9607312669977537 32.417348654009402 0.6356358593329795 1.7378454755526025 1.2618548527825613 2.2791478077415377 4.9720902371918774 0.72241331939585496
leaf_count=2213 553 60 412 1814 54 155 7467 118 45 245 406 791 12
internal_value=0.00131771 0.00478774 0.00270254 -0.000351253 0.0055664 0.00411487 -0.00165538 -0.00399825 0.00218079 -0.00475841 -0.000973736 -0.000973736 -0.000351253
internal_weight=112.406 35.8989 28.959 76.5076 21.4925 18.848 50.7269 10.3359 10.8873 9.70027 40.391 37.3894 3.00156
internal_count=14345 1279 1219 13066 666 612 11252 2576 457 2458 8676 8258 418
is_linear=0
shrinkage=0.03


Tree=65
num_leaves=12
num_cat=0
split_feature=10 3 2 11 8 1 2 10 10 4 8
split_gain=0.339751 0.488159 0.631934 0.134216 0.0895142 0.0830155 0.0576292 0.0554183 0.0273739 0.0117691 0.0112554
threshold=90.976933514246966 85.241033085344483 25.979984161872135 6.8912747765254574 66.134305835010068 10.494460736396222 22.915084200659386 52.119402985074636 7.9215686274509816 94.159107873044732 45.773809523809526
decision_type=2 2 2 2 2 2 2 2 2 2 2
left_child=3 -2 -3 -1 5 -5 7 -7 -8 -4 -9
right_child=1 2 9 4 -6 6 8 10 -10 -11 -12
leaf_value=-0.0060470690696496476 -0.00076885595542218335 -0.00076885595542218335 0.0057873679099355677 -0.0060470690696496476 -0.00076885595542218335 -0.0056064877338657879 -0.0038397924167442193 -0.0029845409713079112 -0.00076885595542218335 0.010824214215455796 -0.00076885595542218335
leaf_weight=3.3570582517422727 9.3863714084727707 2.3924298528581849 5.2641248377040011 3.6852378709008908 46.575120800640434 4.685932586551643 1.800286118988885 1.4765553096076476 24.801305268192664 7.5216129156760871 1.1307881667744366
leaf_count=808 981 71 169 833 3992 1213 446 348 5141 83 273
internal_value=0.000112017 0.00315749 0.00641122 -0.000768856 -0.000768856 -0.00227731 -0.00169955 -0.00390374 -0.000975698 0.00932069 -0.000975698
internal_weight=112.077 24.5645 15.1782 87.5123 84.1552 37.5801 33.8949 7.29328 26.6016 12.7857 2.60734
internal_count=14358 1304 323 13054 12246 8254 7421 1834 5587 252 621
is_linear=0
shrinkage=0.03


Tree=66
num_leaves=12
num_cat=0
split_feature=10 3 2 7 8 10 7 2 1 10 4
split_gain=0.360681 0.52327 0.691357 0.338575 0.16184 0.0587794 0.0458057 0.046416 0.014384 0.00342524 0.00159742
threshold=90.976933514246966 85.241033085344483 36.53223786282242 18.002136752136753 66.134305835010068 89.473089099954777 91.987179487179489 25.000000000000004 22.603453893776479 12.060606060606062 93.768837927161385
decision_type=2 2 2 2 2 2 2 2 2 2 2
left_child=4 -2 -3 -4 5 6 8 -8 -1 -10 -5
right_child=1 2 3 10 -6 -7 7 -9 9 -11 -12
leaf_value=-0.0051228338155635388 -0.00076679140996475362 -0.00076679140996475362 0.0041009297846476139 0.0074900385600986793 -0.00076679140996475362 -0.00076679140996475362 -0.0033851503030843094 -0.00076679140996475362 -0.0051228338155635388 -0.0033851503030843094 0.017128699282195233
leaf_weight=7.0822864461224517 9.4037390189478192 2.9289337701629838 6.5509156435728055 2.6971753221005201 47.911293597775511 1.3622642372502003 0.80923427687957827 2.8146804316202179 2.9825498671270934 24.167595472186804 3.3429603413678706
leaf_count=1667 981 90 108 88 4349 135 205 621 792 5285 37
internal_value=0.000149539 0.00325891 0.00657995 0.00978931 -0.000766791 -0.00267368 -0.00303402 -0.000766791 -0.00338515 -0.00338515 0.0144999
internal_weight=112.054 24.9237 15.52 12.5911 87.1299 39.2186 37.8563 3.62391 34.2324 27.1501 6.04014
internal_count=14358 1304 323 233 13054 8705 8570 826 7744 6077 125
is_linear=0
shrinkage=0.03


Tree=67
num_leaves=15
num_cat=0
split_feature=10 3 7 4 8 1 1 11 10 4 3 6 1 4
split_gain=0.295201 0.456994 0.299901 0.503217 0.139011 0.065387 0.0551353 0.075579 0.0443823 0.0415833 0.0382794 0.0183396 0.017343 0.0124306
threshold=90.976933514246966 85.241033085344483 18.002136752136753 86.760267522997808 66.134305835010068 64.415381175944574 10.494460736396222 95.770388459791022 89.473089099954777 43.12946687270621 99.597179853313449 76.568627450980401 99.199996799987218 94.159107873044732
decision_type=2 2 2 2 2 2 2 2 2 2 2 2 2 2
left_child=4 5 13 -4 6 -2 7 11 12 -7 -6 -1 -8 -3
right_child=1 2 3 -5 10 9 8 -9 -10 -11 -12 -13 -14 -15
leaf_value=-0.00856575522696028 -0.00066299766780952016 0.0017610450243603091 0.0017610450243603091 0.015340480314800977 -0.00066299766780952016 -0.00066299766780952016 -0.0019581240017785503 -0.0019581240017785503 -0.00066299766780952016 0.0017610450243603091 0.0017610450243603091 -0.0019581240017785503 -0.00066299766780952016 0.0033643537388504596
leaf_weight=2.5449934584321463 5.9682078488403949 3.6512697488069517 2.7797574209980658 4.6361426678486168 45.485840870882384 1.4365904319565745 33.612706656800583 0.75939891766756762 1.2006737053161476 1.9927839301526544 2.3663047999143592 0.38514000899158407 0.42736412619706143 4.5585486134514213
leaf_count=653 648 103 108 63 4321 215 7655 99 120 118 28 105 73 49
internal_value=0.000170454 0.00297532 0.00608123 0.0100864 -0.000662998 -0.000662998 -0.00243619 -0.00561121 -0.00195812 0.00176105 -0.000662998 -0.00780678 -0.00195812 0.00176105
internal_weight=111.806 25.0233 15.6257 7.4159 86.7824 9.39758 38.9303 3.68953 35.2407 3.42937 47.8521 2.93013 34.0401 8.20982
internal_count=14358 1304 323 171 13054 981 8705 857 7848 333 4349 758 7728 152
is_linear=0
shrinkage=0.03


Tree=68
num_leaves=15
num_cat=0
split_feature=10 8 11 11 6 1 2 7 7 11 11 1 11 6
split_gain=0.237223 0.241614 0.365743 0.226068 0.257907 0.0879144 0.297135 0.0704038 0.0549021 0.19242 0.0565348 0.0405478 0.06218 0.0150921
threshold=90.976933514246966 66.134305835010068 92.763811786380941 40.060200884666727 99.324324324324337 65.221836066906505 40.977822580645167 12.838827838827839 25.998463901689714 64.779595738101293 31.055255672635596 10.494460736396222 95.770388459791022 76.568627450980401
decision_type=2 2 2 2 2 2 2 2 2 2 2 2 2 2
left_child=1 11 8 -2 5 -5 -7 -8 -3 10 -10 12 13 -1
right_child=3 2 -4 4 -6 6 7 -9 9 -11 -12 -13 -14 -15
leaf_value=-0.0082209690356145979 -0.001085471197921452 -0.0023256210641903522 0.0026645583033439377 0.0026645583033439377 0.013324556118635566 0.0026645583033439377 0.0034937496879668844 0.013324556118635566 -0.0023256210641903522 0.0026645583033439377 -0.001085471197921452 -0.0023256210641903522 -0.0023256210641903522 -0.0023256210641903522
leaf_weight=2.5178528557298705 3.2267234962200808 10.824586277361957 13.135677712503819 13.607630351209087 1.4191658758791152 3.5252288246992967 1.5980573392007502 1.7327608233317731 6.3880819359328624 8.2670451726298761 9.0965086898067948 35.062675677239895 0.75302294944412995 0.38440686091780651
leaf_count=653 481 980 270 524 47 148 42 62 1273 681 1145 7848 99 105
internal_value=0.000156473 -0.000594318 0.000829526 0.00266456 0.00391339 0.00267034 0.00597748 0.0117913 -0.00108547 -0.00108547 -0.00191544 -0.00232562 -0.00532576 -0.00747
internal_weight=111.539 86.4299 47.7119 25.1096 21.8828 20.4637 6.85605 3.33082 34.5762 23.7516 15.4846 38.718 3.65528 2.90226
internal_count=14358 13054 4349 1304 823 776 252 104 4079 3099 2418 8705 857 758
is_linear=0
shrinkage=0.03


Tree=69
num_leaves=11
num_cat=0
split_feature=4 6 5 1 10 2 1 7 5 7
split_gain=0.252114 0.739399 0.283911 0.174956 0.334649 0.485754 0.248803 0.139543 0.0718522 0.0172469
threshold=97.592775913272348 89.755122438780617 99.199996799987218 13.319892473118282 97.64625850340137 96.080366377917144 5.2472303681981112 37.715517241379317 99.597179853313449 55.825791855203626
decision_type=2 2 2 2 2 2 2 2 2 2
left_child=3 2 -2 4 5 6 7 -1 -5 -8
right_child=1 -3 -4 8 -6 -7 9 -9 -10 -11
leaf_value=-0.020095187716673395 -0.00049081217327814474 0.01035734409960062 0.0071719911955154814 -0.00049081217327814474 -0.00049081217327814474 -0.00049081217327814474 -0.0052868701479818056 -0.0058819911929970919 0.0071719911955154814 -0.0010844227030669337
leaf_weight=1.762663490138946 7.0417776033282298 6.9656234662979832 3.6692885307129472 79.652831227635033 2.1585043108789241 1.8394345476990555 3.427914857165888 2.3599767596460879 0.53755361796356638 1.8775526192039249
leaf_count=191 240 70 55 12257 71 174 587 332 15 366
internal_value=0.000139202 0.00332341 -0.000490812 -0.000490812 -0.00379713 -0.0066085 -0.00976303 -0.0146955 -0.000490812 -0.00420751
internal_weight=111.293 17.6767 10.7111 93.6164 13.426 11.2675 9.42811 4.12264 80.1904 5.30547
internal_count=14358 365 295 13993 1721 1650 1476 523 12272 953
is_linear=0
shrinkage=0.03


Tree=70
num_leaves=8
num_cat=0
split_feature=4 4 7 11 0 7 6
split_gain=0.779074 0.177625 0.998606 0.181774 0.0935719 0.0841821 0.0695225
threshold=99.799999199996805 98.992949633283587 20.638945233265723 15.338057999348324 99.199996799987218 92.51748251748252 93.666666666666671
decision_type=2 2 2 2 2 2 2
left_child=1 3 -3 4 6 -5 -1
right_child=-2 2 -4 5 -6 -7 -8
leaf_value=-0.0060912599263895553 0.013845103243018676 -0.00053438248239628982 0.013845103243018676 -0.00053438248239628982 -0.00053438248239628982 0.0030380842481512889 -0.00053438248239628982
leaf_weight=9.0793158682063151 2.6796260799746952 3.3322975947521618 4.0492871305905282 84.627180945826694 0.35766331851482469 6.4862806461751452 0.24563394021242935
leaf_count=2150 34 48 72 11097 5 876 42
internal_value=0.000269575 -0.000190432 0.00400964 -0.000534382 -0.00445114 -0.000534382 -0.00543913
internal_weight=110.857 108.178 7.38158 100.796 9.68261 91.1135 9.32495
internal_count=14324 14290 120 14170 2197 11973 2192
is_linear=0
shrinkage=0.03


Tree=71
num_leaves=15
num_cat=0
split_feature=4 5 7 6 6 10 7 3 2 2 1 0 1 1
split_gain=0.726904 0.15419 0.20834 0.284649 0.173743 0.0679199 0.1019 0.119467 0.0895979 0.026531 0.0102505 0.0174417 0.00737696 0.00154168
threshold=99.799999199996805 68.781438631790749 92.907444668008068 92.805383022774336 96.884057971014514 77.303030303030312 25.677655677655679 58.770196939211026 97.230662199000463 22.915084200659386 97.289663098046347 99.799999199996805 87.51257545271632 2.8254317367220598
decision_type=2 2 2 2 2 2 2 2 2 2 2 2 2 2
left_child=1 5 4 -4 10 6 7 8 -1 -8 11 -3 13 -11
right_child=-2 2 3 -5 -6 -7 9 -9 -10 12 -12 -13 -14 -15
leaf_value=-0.0080577841534829713 0.013436092850807602 -0.00041033993896700003 0.00030059386456266277 0.011482035758273989 0.0041637955328145447 -0.00041033993896700003 -0.0012276447628651395 -0.0012276447628651395 -0.0012276447628651395 -0.0012276447628651395 0.00030059386456266277 0.00030059386456266277 -0.00041033993896700003 -0.00081107082571151424
leaf_weight=5.7450529511552295 2.6581822307780376 45.025639851344749 1.6849802354117844 2.6992392416577786 7.8420179369859389 12.230031543411313 6.9775880492525273 1.4466885158326475 0.27085919934324909 0.28941660770216415 1.710661593126132 0.73388261254876752 2.2578660146100438 19.206234371988103
leaf_count=1156 34 3911 224 57 188 1968 1699 297 24 64 60 12 422 4208
internal_value=0.000283538 -0.000159991 0.000854537 0.00648938 0.000300594 -0.00140268 -0.00212981 -0.00504764 -0.0069845 -0.00122764 -0.00041034 -0.00041034 -0.00041034 -0.00105487
internal_weight=110.778 108.12 59.6964 4.38422 55.3122 48.4237 36.1937 7.4626 6.01591 28.7311 47.4702 45.7595 21.7535 19.4957
internal_count=14324 14290 4452 281 4171 9838 7870 1477 1180 6393 3983 3923 4694 4272
is_linear=0
shrinkage=0.03


Tree=72
num_leaves=12
num_cat=0
split_feature=4 5 8 11 11 1 11 10 3 1 11
split_gain=0.753493 0.16646 0.223206 0.600718 0.375661 0.107561 0.0535277 0.0285536 0.0593216 0.0336244 0.0254179
threshold=99.799999199996805 68.781438631790749 98.664529914529936 82.447403579936903 99.648884050081662 18.154416972506603 14.979999759033243 31.90909090909091 57.157287157287165 95.17587452425397 98.595785949408864
decision_type=2 2 2 2 2 2 2 2 2 2 2
left_child=1 7 4 -4 5 -3 -7 8 9 10 -1
right_child=-2 2 3 -5 -6 6 -8 -9 -10 -11 -12
leaf_value=-0.0052222990800588776 0.013596836435855736 -0.0014410859052636945 9.1148746520241378e-05 0.012370931789150963 0.012370931789150963 -0.0014410859052636945 9.1148746520241378e-05 -0.0014410859052636945 -0.0014410859052636945 -0.0014410859052636945 -0.0014410859052636945
leaf_weight=8.8291213024640403 2.7143504675477734 14.169056726736015 4.947917834389953 4.1861010938882828 0.62161912978626688 2.5468015073565757 33.1780652301386 36.203051294665784 2.2439394621178499 0.55630704318173307 0.32170032430440265
leaf_count=2141 34 1197 79 37 13 388 2738 6990 556 124 27
internal_value=0.000311567 -0.000144831 0.000908122 0.00497153 9.11487e-05 -0.000368182 9.11487e-05 -0.00144109 -0.00290553 -0.00422934 -0.00481544
internal_weight=110.518 107.804 59.6496 9.13402 50.5155 49.8939 35.7249 48.1541 11.9511 9.70713 9.15082
internal_count=14324 14290 4452 116 4336 4323 3126 9838 2848 2292 2168
is_linear=0
shrinkage=0.03


Tree=73
num_leaves=12
num_cat=0
split_feature=0 11 5 7 2 10 0 1 2 9 2
split_gain=0.312381 0.184326 0.268366 0.300692 0.328799 0.126473 0.0952055 0.0656427 0.0950917 0.0458328 0.00714771
threshold=99.799999199996805 6.8912747765254574 68.781438631790749 92.907444668008068 67.741935483870989 91.918367346938794 98.992949633283587 87.51257545271632 22.69539078156313 91.368667518092821 88.477170407675615
decision_type=2 2 2 2 2 2 2 2 2 2 2
left_child=1 6 5 -4 -5 7 9 10 -9 -1 -3
right_child=-2 2 3 4 -6 -7 -8 8 -10 -11 -12
leaf_value=-0.0091624608343579186 0.0088250580302443697 -0.0020196484404880854 0.0010026229063604464 0.0010026229063604464 0.0088250580302443697 0.0010026229063604464 -0.0020196484404880854 -0.0020196484404880854 0.0010026229063604464 -0.0020196484404880854 0.00020762668885886861
leaf_weight=2.7870661237975574 2.7924181639682493 30.602082446333952 53.595287996577099 1.2891332521103311 2.900410562986508 5.2534431294770902 0.37460334226489056 2.8075936096720389 3.2984987926902249 1.4256366882473228 3.2438806593418112
leaf_count=685 36 6658 3961 127 134 631 5 649 582 289 567
internal_value=0.000362819 6.39068e-05 0.000348533 0.00169024 0.0085985 -0.001366 -0.00524496 -0.00201965 0.000961589 -0.00734604 -0.00201965
internal_weight=110.37 107.578 102.99 57.7848 4.18954 45.2055 4.58731 39.9521 6.10609 4.2127 33.846
internal_count=14324 14288 13309 4222 261 9087 979 8456 1231 974 7225
is_linear=0
shrinkage=0.03


Tree=74
num_leaves=12
num_cat=0
split_feature=0 5 11 7 8 9 0 2 1 10 10
split_gain=0.338544 0.18004 0.268351 0.381762 0.191651 0.107376 0.0504068 0.0731425 0.02625 0.0899088 0.00761274
threshold=99.799999199996805 68.781438631790749 32.578028655805817 92.907444668008068 99.358974358974379 5.0423728813559334 60.786334166615866 36.986869634225535 2.8254317367220598 95.959183673469397 67.49699879951983
decision_type=2 2 2 2 2 2 2 2 2 2 2
left_child=1 8 -3 5 -5 -4 -7 -8 9 -1 -10
right_child=-2 2 3 4 -6 6 7 -9 10 -11 -12
leaf_value=-0.009232591930175069 0.0090505748619950296 -0.0013806756490325586 -0.0013806756490325586 0.0011744576809417267 0.0090505748619950296 -0.0013806756490325586 -0.0013806756490325586 0.0011744576809417267 -0.0019528259890095011 -0.0013806756490325586 -0.0013806756490325586
leaf_weight=0.75751580973155686 2.832024641102179 6.9992917446652418 2.4943845636444157 1.3436293737031513 2.2504521273076534 2.3947198981186366 8.4128131349571031 35.705008801072836 30.668375734821893 0.37214833195321262 15.96137074078433
leaf_count=142 36 1064 185 177 21 178 501 2323 6946 16 2735
internal_value=0.000288645 -2.38754e-05 0.00106821 0.00198407 0.00905057 0.00117446 0.00117446 0.00117446 -0.00138068 -0.0048431 -0.00138068
internal_weight=110.192 107.36 59.6003 52.601 3.59408 49.0069 46.5125 44.1178 47.7594 1.12966 46.6297
internal_count=14324 14288 4449 3385 198 3187 3002 2824 9839 158 9681
is_linear=0
shrinkage=0.03


Tree=75
num_leaves=8
num_cat=0
split_feature=5 7 11 6 8 2 1
split_gain=0.376127 0.486547 0.252227 0.093014 0.0289376 0.111733 0.012918
threshold=98.595785949408864 18.002136752136753 15.338057999348324 93.2882882882883 7.0925553319919521 89.598046900252129 58.36696949373006
decision_type=2 2 2 2 2 2 2
left_child=2 -2 -1 -3 5 6 -4
right_child=1 3 4 -5 -6 -7 -8
leaf_value=-0.0055313884863835705 -0.00066345683964085336 0.0038675665063787035 -0.0055313884863835705 0.011479923619647264 -0.00066345683964085336 -0.00066345683964085336 -0.0010720680936983813
leaf_weight=8.5981103462399897 5.9893201217055312 4.0027676443569344 1.5862634556833652 4.509661135263741 83.682077526114881 0.48201125836931158 1.522036170819774
leaf_count=2164 84 92 361 42 11242 75 335
internal_value=3.11313e-05 0.00436961 -0.000663457 0.00868327 -0.000663457 -0.00402667 -0.00553139
internal_weight=110.372 14.5017 95.8705 8.51243 87.2724 3.59031 3.1083
internal_count=14395 218 14177 134 12013 771 696
is_linear=0
shrinkage=0.03


Tree=76
num_leaves=13
num_cat=0
split_feature=3 6 0 11 10 1 8 2 1 1 8 8
split_gain=0.543323 0.498454 0.764546 0.351212 0.153 0.0802913 0.0496597 0.0477346 0.0403011 0.010442 0.0323032 0.0104291
threshold=94.478316095082576 29.198635976129587 83.634549083650896 32.225611734925685 78.727272727272734 0.80726621049201708 59.064644275911888 95.737355933294722 97.289663098046347 60.383106721134894 5.6873315363881414 51.112723754233194
decision_type=2 2 2 2 2 2 2 2 2 2 2 2
left_child=5 -2 -3 4 -4 -1 7 8 9 10 -7 -11
right_child=1 2 3 -5 -6 6 -8 -9 -10 11 -12 -13
leaf_value=-0.0061995635880234294 -0.0012275081499299645 -0.0012275081499299645 -0.0012275081499299645 0.0090638940133875839 0.0066185593336573314 -0.0061995635880234294 -0.0012275081499299645 -0.0012275081499299645 -0.0012275081499299645 -0.0026699910758700113 -0.0030447072077283291 -0.0012275081499299645
leaf_weight=1.9840209012618277 4.2232307379599687 3.0800250908359912 1.4873378975316911 19.073565528495237 1.2805653610266743 1.391186527791439 44.948493190226145 1.5896274129627261 1.1967993564903725 10.932856297120447 17.14523907052353 1.8183253840543336
leaf_count=88 197 163 83 353 27 314 5383 298 251 2593 4226 419
internal_value=3.88275e-05 0.00348251 0.00534236 0.00767048 -0.00122751 -0.00122751 -0.00122751 -0.00241459 -0.00290205 -0.00324693 -0.00379355 -0.00223422
internal_weight=110.151 29.1447 24.9215 21.8415 2.7679 81.0065 79.0225 34.074 32.4844 31.2876 18.5364 12.7512
internal_count=14395 823 626 463 110 13572 13484 8101 7803 7552 4540 3012
is_linear=0
shrinkage=0.03


Tree=77
num_leaves=14
num_cat=0
split_feature=3 6 0 11 7 4 5 2 9 8 8 11 7
split_gain=0.613126 0.536752 0.716193 0.283939 0.142645 0.072632 0.0553567 0.0398863 0.112917 0.0670845 0.0453118 0.00471376 0.0155211
threshold=94.478316095082576 29.198635976129587 83.634549083650896 32.225611734925685 18.002136752136753 94.799979199916805 99.199996799987218 95.737355933294722 51.668520578420477 99.358974358974379 57.979626485568772 91.742186992925312 71.880405238448247
decision_type=2 2 2 2 2 2 2 2 2 2 2 2 2
left_child=7 -2 -3 6 -5 -6 -4 8 9 11 -10 12 -1
right_child=1 2 3 4 5 -7 -8 -9 10 -11 -12 -13 -14
leaf_value=-0.004647589020074539 -0.0013391742717665379 -0.0013391742717665379 -0.0013391742717665379 0.0039559726146055456 0.0066102634036956948 0.013192145552285647 0.0034704101851140466 -0.0013391742717665379 -0.0032781348944140882 -0.0013391742717665379 -0.0013391742717665379 -0.0032781348944140882 -0.0032781348944140882
leaf_weight=22.534690812695775 4.2165280934423235 2.9897970096208182 1.4959428512956976 5.8127987741027054 6.8561460501514357 6.8411781978793442 1.245749265886843 5.5343240714864796 15.516334268380886 3.8290067017078391 17.498987120226957 13.238841337035408 2.5055526822106904
leaf_count=5102 197 163 93 79 167 107 17 545 3884 134 2675 634 598
internal_value=1.5894e-05 0.00364829 0.00554187 0.00767391 0.00888948 0.0105715 -0.0010402 -0.00133917 -0.00204283 -0.00314843 -0.00133917 -0.00361409 -0.00414176
internal_weight=110.116 29.4581 25.2416 22.2518 19.5101 13.6973 2.74169 80.6577 75.1234 42.1081 33.0153 38.2791 25.0402
internal_count=14395 823 626 463 353 274 110 13572 13027 6468 6559 6334 5700
is_linear=0
shrinkage=0.03


Tree=78
num_leaves=15
num_cat=0
split_feature=3 6 11 4 7 5 1 8 2 1 8 5 2 11
split_gain=0.533381 0.480114 0.391176 0.351058 0.26174 0.155694 0.0947567 0.0390012 0.0408535 0.0370625 0.041168 0.027079 0.024189 0.00671281
threshold=94.478316095082576 29.198635976129587 31.859283082293622 94.799979199916805 37.715517241379317 98.992949633283587 0.80726621049201708 59.064644275911888 95.737355933294722 60.383106721134894 5.6873315363881414 98.595785949408864 12.613027562968172 6.8912747765254574
decision_type=2 2 2 2 2 2 2 2 2 2 2 2 2 2
left_child=6 -2 5 11 -5 -3 -1 8 9 10 -8 -4 -11 -14
right_child=1 2 3 4 -6 -7 7 -9 -10 12 -12 -13 13 -15
leaf_value=-0.0066312864210778012 -0.0011967034794900613 -0.0011967034794900613 0.0015464259555577993 0.0055200740940028583 0.016096828390657361 0.0027138851665692723 -0.0066312864210778012 -0.0011967034794900613 -0.0011967034794900613 -0.0028415039453062773 -0.0028415039453062773 0.0048915967927131831 -0.0028415039453062773 -0.0011967034794900613
leaf_weight=1.9359745561378066 4.2003815765492645 1.6375232965219795 8.6396878836676461 6.7840498131699842 3.879638654878363 1.603458223165944 1.3873889483511472 44.513281421270221 1.5804025519173581 2.8623267690418261 17.062353106448427 2.9215739779174337 0.647300845826975 10.27525176014751
leaf_count=88 197 141 271 79 68 22 314 5383 298 786 4226 45 177 2300
internal_value=7.61582e-05 0.0034467 0.00523478 0.00669991 0.0104183 -0.0011967 -0.0011967 -0.0011967 -0.00227182 -0.00273302 -0.00360274 0.00271389 -0.00140402 -0.0011967
internal_weight=109.931 29.6663 25.4659 22.225 10.6637 3.24098 80.2643 78.3283 33.815 32.2346 18.4497 11.5613 13.7849 10.9226
internal_count=14395 823 626 463 147 163 13572 13484 8101 7803 4540 316 3263 2477
is_linear=0
shrinkage=0.03


Tree=79
num_leaves=14
num_cat=0
split_feature=3 6 0 11 7 1 4 8 2 11 8 11 11
split_gain=0.535073 0.479649 0.666886 0.231339 0.158883 0.11972 0.0644954 0.0356599 0.0405834 0.0119616 0.0181899 0.0383133 0.00145909
threshold=94.478316095082576 29.198635976129587 83.634549083650896 32.225611734925685 18.002136752136753 0.80726621049201708 94.799979199916805 59.064644275911888 95.737355933294722 6.8912747765254574 5.7983193277310932 96.599986399945621 99.648884050081662
decision_type=2 2 2 2 2 2 2 2 2 2 2 2 2
left_child=5 -2 -3 -4 -5 -1 -6 8 9 -7 11 -11 -12
right_child=1 2 3 4 6 7 -8 -9 -10 10 12 -13 -14
leaf_value=-0.0074631831459790769 -0.0012295351626141584 -0.0012295351626141584 -0.00077524280935565399 0.0033223820356688156 0.0062420585566600054 -0.0051555832541480447 0.012345763662485172 -0.0012295351626141584 -0.0012295351626141584 -0.0051555832541480447 -0.0020782595055606006 -0.0020782595055606006 -0.0012295351626141584
leaf_weight=1.8117478707572434 4.186338763334791 2.9912600640673217 2.6969626739155528 5.836968673393133 6.9619069190230203 1.6893552843248461 7.2908782851882279 44.370646698633209 1.5779476156458248 2.3984476120676876 27.405568782240159 0.32681235997006286 0.21601587859913607
leaf_count=88 197 163 110 79 167 472 107 5383 298 607 6677 31 16
internal_value=5.60124e-05 0.00340864 0.00517774 0.00722693 0.00828701 -0.00122954 0.00996906 -0.00122954 -0.00227813 -0.00274724 -0.00245298 -0.00467356 -0.00207826
internal_weight=109.761 29.9643 25.778 22.7867 20.0898 79.7965 14.2528 77.9848 33.6141 32.0362 30.3468 2.72526 27.6216
internal_count=14395 823 626 463 353 13572 274 13484 8101 7803 7331 638 6693
is_linear=0
shrinkage=0.03


Tree=80
num_leaves=12
num_cat=0
split_feature=11 1 1 4 7 11 4 7 11 7 10
split_gain=0.194527 0.253519 0.177503 0.551441 0.151311 0.0513063 0.0288339 0.0854168 0.016893 0.00589832 0.00486139
threshold=99.648884050081662 0.80726621049201708 95.883989596564462 69.587078925163908 22.832080200501256 90.332316479522305 99.799999199996805 1.5914786967418548 95.259481037924161 4.0064102564102573 69.174208144796395
decision_type=2 2 2 2 2 2 2 2 2 2 2
left_child=1 4 6 5 -1 -4 7 -3 9 -9 -11
right_child=-2 2 3 -5 -6 -7 -8 8 -10 10 -12
leaf_value=-0.01251843930730424 0.0087209726132713803 -0.0073625756175019009 -0.00043002907428374036 0.0087209726132713803 -0.00048490630362946782 0.0065225395969031536 0.0024012151518051313 -0.0021459416878046875 0.00043825248541297672 -0.00048490630362946782 -0.00043002907428374036
leaf_weight=1.427918812609277 1.1419467183295626 0.61870064469985564 2.563218300347216 1.8486195155419407 1.672106815036386 1.0748498479370026 2.1805996373295775 1.3308006182778616 17.975234775454737 47.135157592245378 31.973328953725286
leaf_count=37 37 37 495 55 67 53 25 284 590 9097 3606
internal_value=-0.000237225 -0.000408259 -0.000125774 0.00468791 -0.00772909 -0.000430029 -0.000430029 -0.000484906 -0.000430029 -0.000484906 -0.000484906
internal_weight=110.942 109.801 106.701 5.48669 3.10003 3.63807 101.214 99.0332 98.4145 80.4393 79.1085
internal_count=14383 14346 14242 603 104 548 13639 13614 13577 12987 12703
is_linear=0
shrinkage=0.03


Tree=81
num_leaves=10
num_cat=0
split_feature=1 4 11 11 1 7 4 7 11
split_gain=0.233572 0.74052 0.142388 0.154046 0.208841 0.140684 0.032851 0.0879381 0.0180139
threshold=95.883989596564462 69.587078925163908 90.332316479522305 99.648884050081662 0.80726621049201708 22.832080200501256 99.799999199996805 1.5914786967418548 95.259481037924161
decision_type=2 2 2 2 2 2 2 2 2
left_child=3 2 -2 4 5 -1 7 -6 -9
right_child=1 -3 -4 -5 6 -7 -8 8 -10
leaf_value=-0.012011561776870443 -0.00058418776241127464 0.017062839100872938 0.0079788578397054707 0.0073207127566639364 -0.0075738078590519425 -0.00058418776241127464 0.0025500576350634468 -0.00058418776241127464 0.00040768596090141738
leaf_weight=1.4343903911067166 2.5631772383349012 1.8580807566177098 1.1409057483542708 1.1819290367420752 0.62828628858551283 1.6747243617428464 2.1864031241275361 80.287090788711794 17.97713795537129
leaf_count=37 495 55 53 37 37 67 25 12987 590
internal_value=-0.000247457 0.00524851 -0.000584188 -0.000584188 -0.000742606 -0.00740085 -0.000584188 -0.000584188 -0.000584188
internal_weight=110.932 5.56216 3.70408 105.37 104.188 3.10911 101.079 98.8925 98.2642
internal_count=14383 603 548 13780 13743 104 13639 13614 13577
is_linear=0
shrinkage=0.03


Tree=82
num_leaves=9
num_cat=0
split_feature=1 11 11 1 7 2 7 11
split_gain=0.345497 0.623429 0.121233 0.265611 0.345203 0.0977692 0.0262605 0.0142326
threshold=95.883989596564462 90.332316479522305 99.648884050081662 0.80726621049201708 22.967032967032971 51.863398130719808 1.5914786967418548 95.259481037924161
decision_type=2 2 2 2 2 2 2 2
left_child=2 5 3 4 -1 -2 -5 -8
right_child=1 -3 -4 6 -6 -7 7 -9
leaf_value=-0.01574125483358621 -0.00057708149749966387 0.015388555476143069 0.0063301064343001257 -0.0044997064786802378 -0.00057708149749966387 0.0070973455017967835 -0.00057708149749966387 0.00040849427313498487
leaf_weight=1.4028162290342145 2.3995525049977009 2.4992753367405385 1.249219971243291 0.73462987469974805 1.5853316321736199 0.77988611953333009 81.700866009108722 18.411693294183351
leaf_count=39 460 71 37 38 65 72 13006 595
internal_value=-0.000161841 0.00645807 -0.000577081 -0.000719769 -0.00835903 -0.000577081 -0.000577081 -0.000577081
internal_weight=110.763 5.67871 105.085 103.835 2.98815 3.17944 100.847 100.113
internal_count=14383 603 13780 13743 104 532 13639 13601
is_linear=0
shrinkage=0.03


Tree=83
num_leaves=15
num_cat=0
split_feature=1 4 9 10 7 1 8 5 1 2 9 9 9 4
split_gain=0.259041 0.845471 0.0767437 0.0740583 0.126844 0.105372 0.131981 0.0845073 0.0676927 0.143594 0.0716732 0.0128031 0.0112935 0.28481
threshold=97.289663098046347 70.392719218537039 34.384236453201979 69.174208144796395 71.06079404466503 91.725521342456844 99.358974358974379 99.799999199996805 13.319892473118282 94.634018253814972 80.12345679012347 30.949340144742447 45.183384887317722 95.883989596564462
decision_type=2 2 2 2 2 2 2 2 2 2 2 2 2 2
left_child=3 2 -2 4 5 6 7 8 11 10 -10 -1 -5 -14
right_child=1 -3 -4 12 -6 -7 -8 -9 9 -11 -12 -13 13 -15
leaf_value=-0.0095310197891707391 -0.00046440482984266634 0.019775996240634565 0.0063452447868340128 -0.00046440482984266634 -0.00046440482984266634 -0.00046440482984266634 -0.00046440482984266634 -0.00046440482984266634 -0.0045797775643936214 -0.00046440482984266634 -0.00046440482984266634 -0.0045797775643936214 -0.00046440482984266634 0.0070011508864295611
leaf_weight=2.1157455315114921 1.3966208853526034 1.4552214380819348 1.462912935297936 26.987022033426911 17.931892304797657 2.4544339085696256 3.4069517304887986 0.49273274885490437 24.584489335771657 1.6369548811344419 1.5495544547447924 3.405503444490023 16.571973753860224 5.2220304312650105
leaf_count=334 144 33 221 2036 2855 377 159 8 4955 234 420 539 1968 100
internal_value=-0.000145635 0.00632099 -0.000464405 -0.000464405 -0.00153282 -0.00257605 -0.00315408 -0.00383544 -0.00417269 -0.0033474 -0.00415003 -0.00717391 -0.000464405 0.00152527
internal_weight=110.674 4.31476 2.85953 106.359 57.5783 39.6464 37.1919 33.785 33.2922 27.771 26.134 5.52125 48.781 21.794
internal_count=14383 398 365 13985 9881 7026 6649 6490 6482 5609 5375 873 4104 2068
is_linear=0
shrinkage=0.03


Tree=84
num_leaves=10
num_cat=0
split_feature=3 10 8 11 6 6 2 6 9
split_gain=0.189146 0.153992 0.166805 0.341061 0.0606794 0.0523926 0.0445208 0.0162835 0.0073788
threshold=99.597179853313449 91.918367346938794 95.744466800804844 82.074503472447603 4.0270270270270281 99.324324324324337 6.2062621744462882 99.324324324324337 58.086312118570191
decision_type=2 2 2 2 2 2 2 2 2
left_child=1 2 4 5 -1 -4 -6 8 -3
right_child=-2 7 3 -5 6 -7 -8 -9 -10
leaf_value=-0.0071938564215979165 0.0048125304475753073 0.0018091818465654106 -0.0017502536341165739 0.0018091818465654106 -0.0052461761107816043 0.0018091818465654106 -0.0017502536341165739 0.0047875142870532419 0.0033855660028334492
leaf_weight=0.94631837855558743 5.5294185352977356 15.575982197537103 9.04986673616804 8.5170987755991501 2.7219115460757157 2.1319393042940655 60.989871911122464 1.0211218976182852 4.1779767555417484
leaf_count=225 76 653 469 131 714 39 11508 53 515
internal_value=-0.000144906 -0.00044853 -0.00101923 0.00134886 -0.00175025 -0.00175025 -0.00175025 0.00180918 0.00180918
internal_weight=110.662 105.132 84.357 19.6989 64.6581 11.1818 63.7118 20.7751 19.754
internal_count=14383 14307 13086 639 12447 508 12222 1221 1168
is_linear=0
shrinkage=0.03


Tree=85
num_leaves=15
num_cat=0
split_feature=4 1 11 8 1 11 10 6 2 1 2 6 2 1
split_gain=0.31279 0.3206 0.462308 0.101298 0.126832 0.106345 0.0610077 0.117099 0.0599952 0.0212645 0.0302156 0.0243592 0.0263881 0.0370688
threshold=99.799999199996805 96.199984799939202 54.66385776833431 59.064644275911888 10.494460736396222 99.648884050081662 86.451048951048975 4.805491990846682 53.911833590882758 91.725521342456844 44.209409683909918 90.922444183313758 96.080366377917144 41.925825767819205
decision_type=2 2 2 2 2 2 2 2 2 2 2 2 2 2
left_child=1 3 8 4 -1 -5 7 -6 -3 10 -9 12 13 -12
right_child=-2 2 -4 5 6 -7 -8 9 -10 -11 11 -13 -14 -15
leaf_value=-0.0061873572945546421 0.0095532503357214464 -6.7601206044977567e-05 0.0095532503357214464 -6.7601206044977567e-05 -0.0061873572945546421 0.0094336166617743356 -6.7601206044977567e-05 -0.0025814304585461694 0.0090965845525929102 -6.7601206044977567e-05 -0.0025814304585461694 -6.7601206044977567e-05 -6.7601206044977567e-05 -0.00013375409322848034
leaf_weight=3.7957726973108938 2.4410841839853665 1.6294925459660583 3.7405013813404366 62.433466051123105 1.1058418123284379 0.67033292492851515 6.3085802146233609 10.673017832799824 0.45598636870272446 1.4409185786498699 5.6473401209805125 1.2145587354898442 0.99579550290945995 6.4506477528484538
leaf_count=867 32 324 191 5640 229 14 752 2737 42 330 1435 144 162 1500
internal_value=0.000648973 0.000358077 0.00665005 -6.76012e-05 -0.00160383 -6.76012e-05 -0.000926801 -0.00174876 -6.76012e-05 -0.0011144 -0.00144359 -0.000481653 -0.00138748 -0.00198803
internal_weight=109.003 106.562 5.82598 100.736 37.6325 63.1038 33.8367 27.5281 2.08548 26.4223 24.9814 14.3083 13.0938 12.098
internal_count=14399 14367 557 13810 8156 5654 7289 6537 366 6308 5978 3241 3097 2935
is_linear=0
shrinkage=0.03


Tree=86
num_leaves=15
num_cat=0
split_feature=4 1 11 7 2 2 8 11 1 0 8 11 1 8
split_gain=0.450939 0.231799 0.459257 0.249758 0.148365 0.0484662 0.0420474 0.060029 0.0572437 0.0838388 0.0234764 0.0578725 0.036163 0.0186558
threshold=99.799999199996805 96.199984799939202 90.332316479522305 2.1520146520146524 53.911833590882758 99.547383080709949 59.064644275911888 99.648884050081662 10.494460736396222 60.786334166615866 11.374663072776283 60.821415519062484 91.725521342456844 57.417582417582416
decision_type=2 2 2 2 2 2 2 2 2 2 2 2 2 2
left_child=1 3 4 -1 -3 6 8 -8 -5 10 -10 12 13 -12
right_child=-2 2 -4 5 -6 -7 7 -9 9 -11 11 -13 -14 -15
leaf_value=-0.010759263887504412 0.011067459388795935 -4.9296188077330467e-05 0.011067459388795935 -0.0042489632214325187 0.0095016961727106258 0.0054967990282594774 -4.9296188077330467e-05 0.0054967990282594774 -0.0041968626173665589 -4.9296188077330467e-05 -0.0037440335096359787 -4.9296188077330467e-05 -4.9296188077330467e-05 -4.9296188077330467e-05
leaf_weight=0.95970456989016284 2.6338996989652506 2.5385180956218392 2.6743220495991409 3.530993891414254 0.70736998401116569 0.5613776445388784 61.833589387126267 0.70439068856649001 3.3893873399356407 14.556143990834242 8.7800840724958054 5.215891938423737 0.64698044618126083 0.26251640694681633
leaf_count=94 32 438 65 840 54 28 5626 14 789 2489 2433 1250 176 71
internal_value=0.000674176 0.000316111 0.00562681 -4.92962e-05 -4.92962e-05 -4.92962e-05 -4.92962e-05 -4.92962e-05 -0.00107581 -0.000619302 -0.00216608 -0.00146946 -0.00285532 -0.00345842
internal_weight=108.995 106.361 5.92021 100.441 3.24589 99.4814 98.92 62.538 36.382 32.851 18.2949 14.9055 9.68958 9.0426
internal_count=14399 14367 557 13810 492 13716 13688 5640 8048 7208 4719 3930 2680 2504
is_linear=0
shrinkage=0.03


Tree=87
num_leaves=15
num_cat=0
split_feature=4 1 2 7 11 8 10 3 2 1 11 8 2 10
split_gain=0.457166 0.236064 0.488555 0.250766 0.0838098 0.300682 0.0407228 0.0641352 0.0486549 0.0716838 0.117434 0.153764 0.0420329 0.015862
threshold=99.799999199996805 96.199984799939202 46.824596774193559 2.1520146520146524 55.265678320777802 90.737564322469993 69.174208144796395 99.597179853313449 98.846762120919465 4.4399641577060942 98.199992799971213 97.100840336134468 95.737355933294722 91.918367346938794
decision_type=2 2 2 2 2 2 2 2 2 2 2 2 2 2
left_child=1 3 4 -1 -3 13 7 8 9 10 11 -5 -11 -6
right_child=-2 2 -4 6 5 -7 -8 -9 -10 12 -12 -13 -14 -15
leaf_value=-0.010810272952497389 0.011143883038512528 -3.4335928574999833e-05 0.011143883038512528 -0.010810272952497389 -3.4335928574999833e-05 0.011143883038512528 -3.4335928574999833e-05 -3.4335928574999833e-05 -3.4335928574999833e-05 -0.0013386749401344859 -0.0013386749401344859 -0.0013386749401344859 -3.4335928574999833e-05 0.0051005426610496113
leaf_weight=0.94358241464942594 2.6462239054962984 1.4894586831796903 1.7369824333582071 1.5766907058423378 0.97948892915155761 0.9839062716346233 44.265995804336853 1.4129595707636315 0.95154527295380731 47.167402761522681 0.62863082392141212 0.38890871638432134 2.9976133292075238 0.76499891513958573
leaf_count=94 32 300 93 313 119 18 3978 19 56 8990 42 7 311 27
internal_value=0.000697346 0.000335817 0.00568073 -3.43359e-05 -3.43359e-05 0.00462391 -3.43359e-05 -0.000889415 -0.00137788 -0.00166271 -0.00581291 -0.0091172 -0.00133867 -3.43359e-05
internal_weight=108.934 106.288 5.95484 100.333 4.21785 2.72839 99.3897 55.1238 53.7108 52.7592 2.59423 1.9656 50.165 1.74449
internal_count=14399 14367 557 13810 464 164 13716 9738 9719 9663 362 320 9301 146
is_linear=0
shrinkage=0.03


Tree=88
num_leaves=12
num_cat=0
split_feature=5 6 5 1 2 7 2 8 3 11 2
split_gain=0.447153 0.474634 0.220273 0.0930217 0.220963 0.076406 0.102918 0.0480691 0.134002 0.106066 0.0394557
threshold=97.592775913272348 95.683229813664624 99.597179853313449 5.6508634734441197 50.749902999611997 18.002136752136753 82.550030200120815 96.459899749373449 89.123856039462595 99.395769779970152 0.95171829379470452
decision_type=2 2 2 2 2 2 2 2 2 2 2
left_child=3 2 5 4 -1 -2 -7 8 9 -6 -5
right_child=1 -3 -4 10 7 6 -8 -9 -10 -11 -12
leaf_value=-0.011661129115727557 -0.00018383133584974344 0.012510646735776558 0.0065877628994384626 -0.0056771383912401713 -0.0088218231405994534 -0.00018383133584974344 0.005772675011524603 -0.00018383133584974344 -0.00018383133584974344 -0.00018383133584974344 -0.00018383133584974344
leaf_weight=1.1457298622699443 3.1521508309524524 4.2873497691471121 4.7978895690757772 0.41994149365927924 2.4768808567896494 3.3074869504198432 3.6510341498069465 1.5880940076895056 0.7601264843251555 0.30535459402017284 83.251731973956339
leaf_count=167 58 48 65 91 455 98 86 21 43 18 13249
internal_value=0.000719907 0.00475405 0.00187724 -0.000183831 -0.00357656 -0.000183831 0.00283145 -0.000183831 -0.00327125 -0.00676739 -0.000183831
internal_weight=109.144 19.1959 14.9086 89.9479 6.27619 10.1107 6.95852 5.13046 3.54236 2.78224 83.6717
internal_count=14399 355 307 14044 704 242 184 537 516 473 13340
is_linear=0
shrinkage=0.03


Tree=89
num_leaves=11
num_cat=0
split_feature=4 1 11 7 0 11 1 5 8 3
split_gain=0.54105 0.243336 0.461478 0.18662 0.15735 0.0632415 0.235933 0.0283251 0.0834689 0.0470676
threshold=99.799999199996805 96.199984799939202 90.332316479522305 2.1520146520146524 76.830411757130904 99.648884050081662 0.80726621049201708 60.383106721134894 98.229949874686724 77.632839160388912
decision_type=2 2 2 2 2 2 2 2 2 2
left_child=1 3 4 -1 -3 6 -5 8 9 -8
right_child=-2 2 -4 5 -6 -7 7 -9 -10 -11
leaf_value=-0.009469120266732434 0.01198810388026726 -3.3112864151554992e-05 0.01198810388026726 -0.0080244144240233378 0.0091714010676526743 0.0054419254865012198 -0.0021657867009322895 -3.3112864151554992e-05 -3.3112864151554992e-05 -3.3112864151554992e-05
leaf_weight=0.88637057680170883 2.7217208440415552 2.5254249966237694 2.7078752445522696 2.3325319453142574 0.86502235638909031 1.0044789477251459 32.986566305044107 58.986921743024141 3.1750023532658807 0.90109868918079783
leaf_count=94 32 466 65 94 26 35 7738 5450 211 188
internal_value=0.000743236 0.000346543 0.00571434 -3.31129e-05 -3.31129e-05 -3.31129e-05 -3.31129e-05 -3.31129e-05 -0.00102033 -0.0018266
internal_weight=109.093 106.371 6.09832 100.273 3.39045 99.3866 98.3821 96.0496 37.0627 33.8877
internal_count=14399 14367 557 13810 492 13716 13681 13587 8137 7926
is_linear=0
shrinkage=0.03


Tree=90
num_leaves=10
num_cat=0
split_feature=5 4 7 1 3 7 10 2 10
split_gain=0.535128 0.600068 0.733119 0.131454 0.0589396 0.0463751 0.037678 0.0565902 0.00802749
threshold=99.597179853313449 98.595785949408864 20.256410256410259 0.40363310524600854 66.365527836356833 85.805860805860817 31.90909090909091 95.737355933294722 98.058069381598798
decision_type=2 2 2 2 2 2 2 2 2
left_child=1 3 -3 -1 5 6 7 -5 -8
right_child=-2 2 -4 4 -6 -7 8 -9 -10
leaf_value=-0.0097498385910347544 0.0085638209687237555 -0.00097714751070982582 0.0085638209687237555 -0.0051154302553153971 -0.00097714751070982582 -0.00097714751070982582 -0.0018883703434452984 -0.0018883703434452984 -0.00097714751070982582
leaf_weight=0.54967341781593759 5.5349382723215959 2.3745160643011323 5.5691742135677487 9.4740667599253321 48.177028883830644 6.5961416759528211 28.04493872192689 0.50673856772482473 1.6309632989577938
leaf_count=34 71 48 125 2346 4633 1389 5519 90 164
internal_value=0.000238532 -0.000287277 0.00714821 -0.000977148 -0.000977148 -0.00206797 -0.00253696 -0.00411781 -0.00188837
internal_weight=108.458 102.923 7.94369 94.9796 94.4299 46.2528 39.6567 9.98081 29.6759
internal_count=14419 14348 173 14175 14141 9508 8119 2436 5683
is_linear=0
shrinkage=0.03


Tree=91
num_leaves=11
num_cat=0
split_feature=5 4 7 1 11 7 10 2 10 7
split_gain=0.549948 0.511738 0.732401 0.11151 0.0985442 0.0371069 0.0816663 0.101095 0.013327 0.0047392
threshold=99.597179853313449 98.595785949408864 20.256410256410259 0.40363310524600854 6.8912747765254574 94.59415584415585 19.848484848484851 96.080366377917144 99.333333333333357 96.720430107526894
decision_type=2 2 2 2 2 2 2 2 2 2
left_child=1 3 -3 -1 8 6 7 -6 9 -5
right_child=-2 2 -4 4 5 -7 -8 -9 -10 -11
leaf_value=-0.0090500777740432428 0.0087427622414707525 -0.00082446216399700086 0.0087427622414707525 -0.0057219763411477899 -0.0050997920854735619 0.0021163119039332885 -0.00082446216399700086 -0.00082446216399700086 -0.00082446216399700086 -0.00082446216399700086
leaf_weight=0.49331946461461385 5.6017763246782115 2.3660482424311331 5.5052805161103606 3.5356387263163938 7.6673508217791078 4.5132629954023278 77.770273415138945 0.42800618696492154 0.23408185807056714 0.21818451397120942
leaf_count=34 71 48 125 897 1924 805 10388 69 27 31
internal_value=0.000349261 -0.000188293 0.00670713 -0.000824462 -0.000824462 -0.000824462 -0.000824462 -0.00376647 -0.00509979 -0.00549828
internal_weight=108.333 102.731 7.87133 94.8601 94.3668 90.3789 85.8656 8.09536 3.98791 3.75382
internal_count=14419 14348 173 14175 14141 13186 12381 1993 955 928
is_linear=0
shrinkage=0.03


Tree=92
num_leaves=12
num_cat=0
split_feature=5 4 7 1 11 3 7 10 10 10 7
split_gain=0.511509 0.36854 0.656265 0.110279 0.0720337 0.0394204 0.042847 0.0219999 0.0121881 0.0110494 0.00428231
threshold=99.597179853313449 98.595785949408864 20.256410256410259 0.40363310524600854 6.8912747765254574 67.170158045044474 84.668803418803421 91.918367346938794 18.274582560296853 99.333333333333357 96.720430107526894
decision_type=2 2 2 2 2 2 2 2 2 2 2
left_child=1 3 -3 -1 9 6 7 8 -6 10 -5
right_child=-2 2 -4 4 5 -7 -8 -9 -10 -11 -12
leaf_value=-0.0089511063772063047 0.0083884267596485013 -0.00078149400191411414 0.0083884267596485013 -0.0050655505580242581 -0.004053496419333562 -0.00078149400191411414 -0.00078149400191411414 -0.00078149400191411414 -0.0021649768538203155 -0.00078149400191411414 -0.00078149400191411414
leaf_weight=0.49622550955973466 5.5812618175987145 2.3691053693182758 5.6146084167994559 3.48098336835392 4.7955824743257827 46.018007935490459 6.3807094158837563 4.455786333885043 28.485885474598035 0.23360984842292953 0.21688786300364871
leaf_count=34 71 48 125 897 1269 4227 1327 533 5830 27 31
internal_value=0.000280435 -0.0002376 0.00557448 -0.000781494 -0.000781494 -0.000781494 -0.00180561 -0.00227576 -0.0025474 -0.00447349 -0.00485033
internal_weight=108.129 102.547 7.98371 94.5637 94.0675 90.136 44.118 37.7373 33.2815 3.93148 3.69787
internal_count=14419 14348 173 14175 14141 13186 8959 7632 7099 955 928
is_linear=0
shrinkage=0.03


Tree=93
num_leaves=14
num_cat=0
split_feature=5 4 7 1 11 3 7 10 2 2 10 7 10
split_gain=0.542254 0.340438 0.656594 0.117762 0.0670457 0.0314481 0.0431585 0.0186606 0.0399676 0.00438652 0.0160127 0.00315841 0.00175269
threshold=99.597179853313449 98.595785949408864 20.256410256410259 0.40363310524600854 6.8912747765254574 67.170158045044474 83.484848484848499 97.64625850340137 56.181112224448903 14.900059600238402 86.451048951048975 96.720430107526894 99.333333333333357
decision_type=2 2 2 2 2 2 2 2 2 2 2 2 2
left_child=1 3 -3 -1 11 6 7 9 -9 10 -6 12 -5
right_child=-2 2 -4 4 5 -7 -8 8 -10 -11 -12 -13 -14
leaf_value=-0.0092014469135879677 0.0086158695618476847 -0.00075378308055661656 0.0086158695618476847 -0.0049080445005562209 -0.0043267790890209974 -0.00075378308055661656 -0.00075378308055661656 -0.0023876919255749816 -0.00075378308055661656 -0.0023876919255749816 -0.0023876919255749816 -0.00075378308055661656 -0.0023876919255749816
leaf_weight=0.49312703707255323 5.6390877617523065 2.3682685231324268 5.640864449320361 3.4678576166043085 4.0637683203676707 45.967594057554379 6.6419293490471309 1.3260020887246349 0.85093467729166139 30.538488335791044 0.61362470325548191 0.21708076132927079 0.23361338698305179
leaf_count=34 71 48 125 897 1005 4227 1401 125 61 6275 92 31 27
internal_value=0.000306772 -0.000229583 0.0053476 -0.000753783 -0.000753783 -0.000753783 -0.00169517 -0.00219116 -0.000753783 -0.00238769 -0.00369135 -0.00432678 -0.00450628
internal_weight=108.062 102.423 8.00913 94.414 93.9209 90.0023 44.0347 37.3928 2.17694 35.2159 4.67739 3.91855 3.70147
internal_count=14419 14348 173 14175 14141 13186 8959 7558 186 7372 1097 955 924
is_linear=0
shrinkage=0.03


Tree=94
num_leaves=10
num_cat=0
split_feature=5 4 7 1 11 2 3 7 7
split_gain=0.538702 0.273313 0.605477 0.106374 0.0684511 0.0572946 0.0356255 0.0432725 0.00329821
threshold=99.597179853313449 98.595785949408864 20.256410256410259 0.40363310524600854 6.8912747765254574 85.149840599362406 67.170158045044474 83.484848484848499 96.720430107526894
decision_type=2 2 2 2 2 2 2 2 2
left_child=1 3 -3 -1 8 -4 7 -6 -5
right_child=-2 2 5 4 6 -7 -8 -9 -10
leaf_value=-0.0087305631466753509 0.0086143396149196277 -0.00067355988721640289 0.0019270479877558219 -0.0044571532623053868 -0.0021406446912188527 0.0086143396149196277 -0.00067355988721640289 -0.00067355988721640289 -0.00067355988721640289
leaf_weight=0.48178149294108052 5.6403265909757456 2.3760987047571671 2.3575239048805088 3.6913854493759581 37.317226892686449 3.3372853822074831 45.919257925124839 6.645781905273906 0.21706569823436428
leaf_count=34 71 48 62 924 7558 63 4227 1401 31
internal_value=0.000333614 -0.000201692 0.00477661 -0.00067356 -0.00067356 0.00861434 -0.00067356 -0.00165231 -0.00427708
internal_weight=107.984 102.343 8.07091 94.2725 93.7907 5.69481 89.8823 43.963 3.90845
internal_count=14419 14348 173 14175 14141 125 13186 8959 955
is_linear=0
shrinkage=0.03


Tree=95
num_leaves=11
num_cat=0
split_feature=10 1 1 2 2 8 6 11 8 11
split_gain=0.193111 0.182386 0.0791326 0.083778 0.136754 0.0606411 0.0403482 0.0169956 0.0186046 0.0138298
threshold=91.918367346938794 96.978848899850732 0.80726621049201708 36.53223786282242 38.252763071414471 90.444309190505194 4.0270270270270281 14.979999759033243 59.861111111111121 94.914506510892068
decision_type=2 2 2 2 2 2 2 2 2 2
left_child=1 6 -2 -4 5 -3 -1 -8 -9 -5
right_child=2 4 3 9 -6 -7 7 8 -10 -11
leaf_value=-0.0054339094426098565 -0.00090940244670282991 -0.00090940244670282991 0.0024944540288196538 0.0047587913134915323 0.0047587913134915323 0.0024944540288196538 -0.0023866420466879703 -0.0018096967669425184 -0.00090940244670282991 0.007029327415531559
leaf_weight=0.8142798631452014 1.3583528108429224 1.5335799624444919 5.8571106785675537 10.329341970733369 1.5050547380233181 0.41540734586305905 6.8523774705827227 28.347769536077976 45.899511971510947 5.8071104018017641
leaf_count=215 30 267 425 719 92 19 1716 6396 4372 75
internal_value=0.000136051 -0.000530489 0.00249445 0.00301539 0.00249445 -0.000909402 -0.000909402 -0.000909402 -0.000909402 0.00475879
internal_weight=108.72 85.368 23.3519 21.9936 3.45404 1.94899 81.9139 81.0997 74.2473 16.1365
internal_count=14326 13077 1249 1219 378 286 12699 12484 10768 794
is_linear=0
shrinkage=0.03


Tree=96
num_leaves=15
num_cat=0
split_feature=10 4 11 1 8 4 10 1 3 11 6 11 2 6
split_gain=0.13509 0.196974 0.154065 0.124556 0.0727458 0.0770489 0.0548206 0.0627977 0.0753252 0.0428889 0.0375434 0.0264977 0.0273324 0.019499
threshold=91.918367346938794 99.799999199996805 94.914506510892068 49.950099800399208 59.861111111111121 99.597179853313449 86.451048951048975 34.302765436868206 94.799979199916805 95.259481037924161 97.12215320910974 40.060200884666727 39.418240132637955 90.922444183313758
decision_type=2 2 2 2 2 2 2 2 2 2 2 2 2 2
left_child=4 2 11 -4 5 6 7 10 13 -6 -1 -2 -13 -9
right_child=1 -3 3 -5 9 -7 -8 8 -10 -11 -12 12 -14 -15
leaf_value=-0.0054889832506798018 -0.00038728732690167895 0.0099355595942708323 0.00057684480300708766 0.0078124888250347118 -0.00038728732690167895 -0.00038728732690167895 -0.00038728732690167895 -0.0029523009939282285 -0.00038728732690167895 0.00057684480300708766 -0.0027036953849226535 -0.00038728732690167895 0.00057684480300708766 -0.00038728732690167895
leaf_weight=9.7723534677643293 3.112748918938455 1.624137595295905 4.4516280067618927 3.460582806263119 41.020834467723034 0.77462569670751591 2.1026924195466554 17.842690080869964 2.0822802903130642 10.224653450190088 0.36013040703255761 3.14796697325073 7.6528150346130133 0.96304224233608593
leaf_count=2482 493 15 67 44 5035 21 263 4633 164 235 51 216 414 193
internal_value=0.000172938 0.00213968 0.0011497 0.00426303 -0.000387287 -0.00175856 -0.00237717 -0.00278836 -0.00171061 -0.000387287 -0.00465691 -0.000387287 0.000576845 -0.0027037
internal_weight=108.593 23.4499 21.8257 7.91221 85.1433 33.8978 33.1232 31.0205 20.888 51.2455 10.1325 13.9135 10.8008 18.8057
internal_count=14326 1249 1234 111 13077 7807 7786 7523 4990 5270 2533 1123 630 4826
is_linear=0
shrinkage=0.03


Tree=97
num_leaves=13
num_cat=0
split_feature=11 1 4 4 1 8 4 4 6 6 2 2
split_gain=0.0981401 0.108431 0.673187 0.0990323 0.174963 0.171611 0.338402 0.0393057 0.0660557 0.0196562 0.0505879 0.00348512
threshold=6.8912747765254574 97.289663098046347 56.350832266325234 99.799999199996805 0.80726621049201708 59.861111111111121 97.592775913272348 99.199996799987218 6.9694026226323471 90.922444183313758 43.86868495054626 6.2062621744462882
decision_type=2 2 2 2 2 2 2 2 2 2 2 2
left_child=-1 3 -3 4 -2 7 -7 8 -6 11 -11 -10
right_child=1 2 -4 -5 5 6 -8 -9 9 10 -12 -13
leaf_value=-0.0037007426269862181 -0.0037007426269862181 0.0002329700835311307 0.016236386702139526 0.0047747965557573008 -0.0037007426269862181 0.0002329700835311307 0.0047747965557573008 0.0026976330499511674 -0.0031441630632497893 -0.0016115471567241194 0.0002329700835311307 -0.0016115471567241194
leaf_weight=4.3661963415797791 2.361052270862273 2.6522318272618568 1.7683109708596019 3.1428672140464178 3.1656619438435873 48.637388442293741 10.475269392598419 0.82305104681290586 1.4409988169791272 0.91768726846203152 1.2674783359980208 27.365344487479888
leaf_count=975 109 302 47 37 571 5045 145 26 370 157 181 6361
internal_value=0.000260335 0.00046026 0.0045935 0.00023297 3.75018e-05 0.00023297 0.00023297 -0.00184357 -0.00202661 -0.00138418 0.00023297 -0.00161155
internal_weight=108.384 104.017 4.42054 99.5968 96.4539 94.0929 59.1127 34.9802 34.1572 30.9915 2.18517 28.8063
internal_count=14326 13351 349 13002 12965 12856 5190 7666 7640 7069 338 6731
is_linear=0
shrinkage=0.03


Tree=98
num_leaves=14
num_cat=0
split_feature=10 4 11 1 2 11 1 11 7 1 2 4 11
split_gain=0.133331 0.23217 0.148444 0.122671 0.0462178 0.0579867 0.0824268 0.0493448 0.0268437 0.028307 0.0234241 0.0185905 0.0153131
threshold=91.918367346938794 99.799999199996805 94.914506510892068 49.950099800399208 6.2062621744462882 89.257243089578438 7.6690289996741621 40.060200884666727 14.194139194139195 51.108875475072665 39.418240132637955 9.2835614206581969 63.813938388283674
decision_type=2 2 2 2 2 2 2 2 2 2 2 2 2
left_child=4 2 7 -4 11 6 -6 -2 9 -8 -9 -1 -10
right_child=1 -3 3 -5 5 -7 8 10 12 -11 -12 -13 -14
leaf_value=-0.0067848063431801145 -0.00088012098685306744 0.010505520692583932 0.00050172069318510891 0.0076655140294909037 -0.0032481653166122173 -0.0003616153880626826 -0.0032481653166122173 -0.0003616153880626826 -0.00088012098685306744 -0.00088012098685306744 0.00050172069318510891 -0.0032481653166122173 -0.0003616153880626826
leaf_weight=1.1811956716701377 3.1083463651593819 1.6792621128261078 4.4501603837124994 3.4571794671937823 5.0437074310611925 24.150116872391663 1.9548870888538652 3.1528046431485546 31.638246577815153 2.0156603920040652 7.679390458506532 2.8267181396950036 16.074170326115564
leaf_count=279 493 15 67 44 712 1279 444 216 6866 485 414 495 2517
internal_value=0.000197377 0.00214671 0.00107255 0.00414277 -0.000361615 -0.000361615 -0.00133771 -0.000361615 -0.000880121 -0.00311984 0.000501721 -0.00324817 -0.000880121
internal_weight=108.412 23.5271 21.8479 7.90734 84.8847 80.8768 56.7267 13.9405 51.683 3.97055 10.8322 4.00791 47.7124
internal_count=14326 1249 1234 111 13077 12303 11024 1123 10312 929 630 774 9383
is_linear=0
shrinkage=0.03


Tree=99
num_leaves=13
num_cat=0
split_feature=10 4 11 1 11 8 8 11 11 2 6 8
split_gain=0.116765 0.201915 0.154712 0.125908 0.0440091 0.0336431 0.0800255 0.183739 0.0578782 0.016482 0.0327316 0.0173877
threshold=91.918367346938794 99.799999199996805 94.914506510892068 49.950099800399208 6.8912747765254574 65.87601078167117 31.503759398496243 89.257243089578438 40.060200884666727 22.915084200659386 82.392686804451515 33.568075117370896
decision_type=2 2 2 2 2 2 2 2 2 2 2 2
left_child=4 2 6 -4 -1 9 -2 -7 -8 10 11 -6
right_child=1 -3 3 -5 5 7 8 -9 -10 -11 -12 -13
leaf_value=-0.0034043964332669111 -0.0012743909405748674 0.0098338273502624838 0.00045940099129642559 0.0076895114035342021 -0.0034043964332669111 -0.0012743909405748674 -0.0012743909405748674 0.00045940099129642559 0.00045940099129642559 -0.0012743909405748674 -0.0012743909405748674 -0.0012743909405748674
leaf_weight=3.2251813182374454 2.3542396909324497 1.6612918823957432 4.4292780868709078 3.5171123198233545 3.1032932887319467 29.322285861824639 2.3728693312732476 15.99169139319565 9.2555680009536427 28.934638494974934 0.57472060865256924 3.5127567361341789
leaf_count=826 387 15 67 44 818 3637 333 411 403 6359 124 902
internal_value=0.000186621 0.00200743 0.0010115 0.0041613 -0.000338229 -0.000338229 -0.000338229 -0.000338229 0.000459401 -0.00127439 -0.00269189 -0.0034044
internal_weight=108.255 23.5904 21.9291 7.94639 84.6646 81.4394 13.9827 45.314 11.6284 36.1254 7.19077 6.61605
internal_count=14326 1249 1234 111 13077 12251 1123 4048 736 8203 1844 1720
is_linear=0
shrinkage=0.03


Tree=100
num_leaves=14
num_cat=0
split_feature=11 1 9 8 11 8 7 7 2 6 2 1 2
split_gain=0.183695 0.165398 0.0890538 0.102227 0.156398 0.0954531 0.0578303 0.0438093 0.0187092 0.0166069 0.0262411 0.0130847 0.00559149
threshold=99.648884050081662 0.80726621049201708 87.119815668202776 16.246334310850443 82.848617281565922 68.768472906403957 19.543650793650798 1.5914786967418548 6.2062621744462882 20.489755122438783 90.653181362725462 4.8435972629521027 44.829397225033574
decision_type=2 2 2 2 2 2 2 2 2 2 2 2 2
left_child=1 6 7 -4 8 -6 -1 -3 -5 10 -9 -10 -11
right_child=-2 2 3 4 5 -7 -8 9 11 12 -12 -13 -14
leaf_value=-0.0092423539328848822 0.0086912915788705733 -0.0048456577289230744 -0.00018891584002334242 -0.00018891584002334242 0.0014065398224047561 0.0086912915788705733 -0.0010557188500914208 -0.0010557188500914208 -0.00018891584002334242 -0.00081940481571647042 -0.00018891584002334242 0.0014065398224047561 -0.00018891584002334242
leaf_weight=1.3150841860333451 1.1783696864731599 0.81985685194376756 1.2404334971215565 0.39320567704271336 0.88351234432775516 1.1148835087660698 1.6099054918158797 9.9854898129124177 0.40323576168157149 29.089700363925658 1.9647020848933596 6.5776486389804631 50.537295908899978
leaf_count=32 35 51 308 97 108 41 71 2076 64 4427 196 1374 5425
internal_value=6.74754e-05 -0.000108831 0.000120318 0.00259698 0.00400189 0.00869129 -0.00615343 -0.000188916 0.00140654 -0.000188916 -0.00105572 0.00140654 -0.000188916
internal_weight=107.113 105.935 103.01 10.6129 9.37249 1.9984 2.92499 92.397 7.37409 91.5772 11.9502 6.98088 79.627
internal_count=14305 14270 14167 1992 1684 149 103 12175 1535 12124 2272 1438 9852
is_linear=0
shrinkage=0.03


Tree=101
num_leaves=13
num_cat=0
split_feature=11 1 9 11 8 7 7 9 11 3 8 11
split_gain=0.183583 0.172622 0.069609 0.101703 0.197915 0.0678297 0.0478984 0.0402365 0.0853993 0.109079 0.00670702 0.00667074
threshold=99.648884050081662 0.80726621049201708 87.119815668202776 88.199952799811214 62.838827838827847 19.543650793650798 1.5914786967418548 54.110360360360367 95.259481037924161 82.848617281565922 85.435606060606077 7.6000304001216019
decision_type=2 2 2 2 2 2 2 2 2 2 2 2
left_child=1 5 6 10 -5 -1 -3 8 -8 -10 -4 -9
right_child=-2 2 3 4 -6 -7 7 11 9 -11 -12 -13
leaf_value=-0.0095833397434219036 0.0087339537491249609 -0.0049141941942792951 0.00064892109106567063 0.00064892109106567063 0.0087339537491249609 -0.00090523825047098005 -0.00090523825047098005 -0.00090523825047098005 -0.00090523825047098005 0.00064892109106567063 0.0020126746706268278 0.00064892109106567063
leaf_weight=1.3025760736782097 1.1809142362326372 0.82396187202539195 6.2456095602828938 0.91899314394686271 1.0348334377631543 1.6088274342473594 48.054907301906496 1.388282304629693 6.5986903035081905 7.0826235588174313 2.4720562017755583 28.348985388991423
leaf_count=32 35 51 1488 98 40 71 6975 347 324 113 366 4365
internal_value=0.000118167 -5.87456e-05 0.000174564 0.00235764 0.00718092 -0.00624532 -0.00010041 -4.37601e-06 -0.000452459 0.000648921 0.000648921 0.000648921
internal_weight=107.061 105.88 102.969 10.6715 1.95383 2.9114 92.2975 91.4735 61.7362 13.6813 8.71767 29.7373
internal_count=14305 14270 14167 1992 138 103 12175 12124 7412 437 1854 4712
is_linear=0
shrinkage=0.03


Tree=102
num_leaves=15
num_cat=0
split_feature=11 7 9 10 11 8 2 3 11 2 6 6 10 10
split_gain=0.177771 0.106049 0.11841 0.220545 0.24154 0.43294 0.0927851 0.0568992 0.0425321 0.0836391 0.0655344 0.0207087 0.0526109 0.0199414
threshold=99.648884050081662 8.0128205128205146 54.110360360360367 31.357916300848704 70.110300923131419 58.411949685534601 19.890299883131124 96.199984799939202 95.259481037924161 95.024928890038154 98.581488933601634 20.489755122438783 51.61964472309301 92.365967365967379
decision_type=2 2 2 2 2 2 2 2 2 2 2 2 2 2
left_child=1 -1 8 -4 7 -6 -7 13 9 10 11 -3 -13 -5
right_child=-2 2 3 4 5 6 -8 -9 -10 -11 -12 12 -14 -15
leaf_value=-0.0032256105820457014 0.0085822891277718052 -0.0032256105820457014 -0.00065564106384594014 -0.00065564106384594014 0.00040763125104673195 0.00040763125104673195 0.0085822891277718052 0.00040763125104673195 -0.00065564106384594014 -0.00065564106384594014 -0.00065564106384594014 -0.0032256105820457014 -0.00097129564416243135 0.00040763125104673195
leaf_weight=7.836145566077902 1.177260044729336 5.1321295122615984 7.7347103874199084 13.143144007306537 4.2128039071103549 1.0368854951811943 8.5261822867905703 3.2550463268999001 13.708946962608023 4.2338609754806376 3.8208240708336225 13.93194318120368 17.343008629512042 1.9878813540562994
leaf_count=903 35 979 1740 3216 680 53 339 118 409 364 223 2619 2319 308
internal_value=9.66365e-05 -7.70913e-05 0.000204514 0.00144402 0.00272597 0.00558315 0.00858229 0.000407631 -0.000655641 -0.00157839 -0.00232152 -0.00281129 -0.00217738 -0.000655641
internal_weight=107.081 105.904 98.0674 39.8967 32.1619 13.7759 9.56307 18.3861 58.1707 44.4618 40.2279 36.4071 31.275 15.131
internal_count=14305 14270 13367 6454 4714 1072 392 3642 6913 6504 6140 5917 4938 3524
is_linear=0
shrinkage=0.03


Tree=103
num_leaves=10
num_cat=0
split_feature=11 9 8 11 7 2 11 10 10
split_gain=0.174507 0.0634816 0.0850693 0.365347 0.0329425 0.0303282 0.017901 0.0843002 0.00742225
threshold=99.648884050081662 87.119815668202776 68.496240601503771 68.85654095035737 1.5914786967418548 0.95171829379470452 6.8912747765254574 99.333333333333357 21.182983682983686
decision_type=2 2 2 2 2 2 2 2 2
left_child=1 4 -3 -4 -1 -6 7 -7 -8
right_child=-2 2 3 -5 5 6 8 -9 -10
leaf_value=-0.0043980573119544409 0.008390693119769416 -0.00044846909542864448 -0.00044846909542864448 0.008390693119769416 -0.0043980573119544409 -0.0043980573119544409 -0.0016080835211627327 -0.00044846909542864448 -0.00044846909542864448
leaf_weight=0.91351615020539512 1.1756358626298595 5.6724487370811385 3.956407711841166 1.4400455777067689 0.36658499098848452 1.9527907053707161 8.3421648857183737 0.25832612975500513 82.94233800994698
leaf_count=55 35 1283 659 68 80 526 1930 13 9656
internal_value=-2.07049e-05 -0.000191789 0.00186105 0.00424887 -0.000448469 -0.000448469 -0.000448469 -0.00285552 -0.000448469
internal_weight=107.02 105.845 11.0689 5.39645 94.7757 93.8622 93.4956 2.21112 91.2845
internal_count=14305 14270 2010 727 12260 12205 12125 539 11586
is_linear=0
shrinkage=0.03


Tree=104
num_leaves=8
num_cat=0
split_feature=11 1 9 2 1 9 9
split_gain=0.152061 0.110644 0.150925 0.0659174 0.039671 0.458234 0.0278009
threshold=99.648884050081662 0.80726621049201708 20.638945233265723 99.698492157765884 97.289663098046347 32.866927592954994 96.91650853889945
decision_type=2 2 2 2 2 2 2
left_child=1 2 -1 4 6 -6 -3
right_child=-2 3 -4 -5 5 -7 -8
leaf_value=-0.010270324591704939 0.0076818859653599442 -6.4083070938145962e-06 -6.4083070938145962e-06 0.006238456611246712 -6.4083070938145962e-06 0.006238456611246712 0.0028988621989521272
leaf_weight=1.2701526356395327 1.2530469708144654 94.577747533447109 1.5938224267447365 0.52123547811061044 2.4906249387422568 2.5867589059052989 2.6819792488822705
leaf_count=32 35 13194 71 21 154 262 536
internal_value=-3.11516e-05 -0.000193692 -0.00517749 -6.40831e-06 -6.40831e-06 0.00244683 -6.40831e-06
internal_weight=106.975 105.722 2.86398 102.858 102.337 5.07738 97.2597
internal_count=14305 14270 103 14167 14146 416 13730
is_linear=0
shrinkage=0.03


Tree=105
num_leaves=9
num_cat=0
split_feature=4 8 11 3 1 10 3 11
split_gain=0.506066 0.322774 0.75903 0.358971 0.0822569 0.679789 0.111246 0.0459976
threshold=99.799999199996805 97.162977867203224 95.259481037924161 94.478316095082576 4.4399641577060942 98.518437225636532 99.799999199996805 99.395769779970152
decision_type=2 2 2 2 2 2 2 2
left_child=1 4 3 -3 5 7 -6 -1
right_child=-2 2 -4 -5 6 -7 -8 -9
leaf_value=-0.012374830146810857 0.010740801460856082 -0.00089577240570432948 0.010740801460856082 0.0060641848410290418 -0.00089577240570432948 -0.00089577240570432948 0.005888804654157506 -0.00096272765634148878
leaf_weight=4.5372706199996165 3.0266016661189488 8.7223719768226164 4.4796389974653712 5.7960049840621641 77.420389449922368 1.1046375478617845 1.3501407960429777 0.52585267368704069
leaf_count=555 35 382 39 65 13189 21 22 26
internal_value=0.000305469 -9.78651e-05 0.00333591 -0.000309778 -0.000895772 -0.00412692 -0.000895772 -0.0115438
internal_weight=106.963 103.936 18.998 14.5184 84.9383 6.16776 78.7705 5.06312
internal_count=14334 14299 486 447 13813 602 13211 581
is_linear=0
shrinkage=0.03


Tree=106
num_leaves=11
num_cat=0
split_feature=4 8 11 3 11 1 11 7 7 5
split_gain=0.45611 0.225128 0.746499 0.253215 0.0534777 0.113163 0.0244132 0.0269676 0.0167059 0.00178911
threshold=99.799999199996805 97.162977867203224 95.259481037924161 94.478316095082576 99.648884050081662 0.40363310524600854 6.8912747765254574 24.460188933873145 2.1520146520146524 89.526676186149174
decision_type=2 2 2 2 2 2 2 2 2 2
left_child=1 4 3 -3 5 -1 7 -7 -8 -9
right_child=-2 2 -4 -5 -6 6 8 9 -10 -11
leaf_value=-0.0080141016458470226 0.010236453122281152 -0.00073082023485651865 0.010236453122281152 0.0050712268068747266 0.0041893264891450432 -0.0066768761952040083 -0.0038713227429062833 -0.0015932083079985421 -0.00073082023485651865 -0.00073082023485651865
leaf_weight=0.94790605222806235 3.0184590965509406 8.7078454990405607 4.4452118873596183 5.7862585298717013 0.97109254123642941 0.33000150579027776 0.94797367788851161 2.8382222527870917 78.195040217950009 0.55389493517577637
leaf_count=47 35 382 39 65 36 73 107 803 12695 52
internal_value=0.000319588 -6.39947e-05 0.00280807 -0.00073082 -0.00073082 -0.00083655 -0.00073082 -0.00293434 -0.00073082 -0.00113295
internal_weight=106.742 103.723 18.9393 14.4941 84.7841 83.813 82.8651 3.72212 79.143 3.39212
internal_count=14334 14299 486 447 13813 13777 13730 928 12802 855
is_linear=0
shrinkage=0.03


Tree=107
num_leaves=11
num_cat=0
split_feature=10 11 8 11 6 2 5 1 7 1
split_gain=0.200889 0.459742 0.308266 0.372861 0.544045 0.152399 0.138316 0.071206 0.0172372 0.00503118
threshold=69.174208144796395 99.648884050081662 83.89976958525348 86.359063508543201 94.665718349928895 11.400045600182402 96.978848899850732 43.530680574335207 94.258241758241766 96.582911121346555
decision_type=2 2 2 2 2 2 2 2 2 2
left_child=5 2 9 7 -5 6 8 -4 -1 -2
right_child=1 -3 3 4 -6 -7 -8 -9 -10 -11
leaf_value=-0.0081443158247106635 -0.00091669055749676236 0.01614177865070893 -0.00091669055749676236 0.00065184878987726051 0.013336124347033958 -0.00091669055749676236 -0.00091669055749676236 0.00065184878987726051 -0.00091669055749676236 0.00065184878987726051
leaf_weight=4.3538620641920707 22.284674741094943 0.90613996027968724 6.0834218587260693 6.126023276941849 5.268171139061451 52.8083677936811 0.33753564278595138 6.6498040639562532 0.46396169811487187 1.363459444255567
leaf_count=1068 3166 16 304 103 56 8971 12 383 123 132
internal_value=0.000270164 0.00167332 0.00107359 0.00341505 0.00711932 -0.000916691 -0.00565161 -0.000176715 -0.00764437 -0.000916691
internal_weight=106.645 48.6817 47.7756 24.1274 11.3942 57.9637 5.15536 12.7332 4.81782 23.6481
internal_count=14334 4160 4144 846 159 10174 1203 687 1191 3298
is_linear=0
shrinkage=0.03


Tree=108
num_leaves=9
num_cat=0
split_feature=4 8 11 3 11 7 3 3
split_gain=0.347028 0.136423 0.717577 0.155766 0.0369891 0.0218585 0.0339127 0.0128844
threshold=99.799999199996805 97.162977867203224 95.259481037924161 94.478316095082576 99.648884050081662 2.1520146520146524 99.597179853313449 99.799999199996805
decision_type=2 2 2 2 2 2 2 2
left_child=1 4 3 -3 5 6 -1 -7
right_child=-2 2 -4 -5 -6 7 -8 -9
leaf_value=-0.0064326755159540968 0.0088149215465084946 -0.00059132049147967184 0.0088149215465084946 0.0041464274208890097 0.0034707034764097418 -0.00059818175773692934 -0.00059818175773692934 0.0017608705285796921
leaf_weight=0.51226031873375077 3.1096755624748758 8.727223777445035 4.3420267663896075 5.6954743042588225 0.99823050829581816 81.557319865329191 0.44296318967826664 1.1479793672915537
leaf_count=99 35 382 39 65 36 13649 9 20
internal_value=0.000265398 -7.36176e-05 0.00217379 -0.00059132 -0.00059132 -0.000680211 -0.00384409 -0.000598182
internal_weight=106.533 103.423 18.7647 14.4227 84.6588 83.6605 0.955224 82.7053
internal_count=14334 14299 486 447 13813 13777 108 13669
is_linear=0
shrinkage=0.03


Tree=109
num_leaves=10
num_cat=0
split_feature=5 10 8 11 11 2 7 7 9
split_gain=0.146132 0.257217 0.4095 0.417919 0.155233 0.126832 0.0500558 0.0109539 0.00064269
threshold=99.597179853313449 69.174208144796395 83.89976958525348 63.813938388283674 99.648884050081662 11.400045600182402 12.588028169014086 94.258241758241766 51.953323186199903
decision_type=2 2 2 2 2 2 2 2 2
left_child=1 5 4 -4 8 7 -7 -1 -3
right_child=-2 2 3 -5 -6 6 -8 -9 -10
leaf_value=-0.0062061184590159468 0.0045386734621272315 -0.0013688056803749071 -0.0012483766175349917 0.0045386734621272315 0.0045386734621272315 -0.0050985799491360881 -0.0013688056803749071 -0.0013688056803749071 -0.0012483766175349917
leaf_weight=4.4596901756012803 5.7630545813590279 12.154351698118271 7.2511608619242933 15.652850290993227 0.34510197793133457 3.4306690165540195 47.321662016562186 0.46779473207425315 9.5340300787938741
leaf_count=1077 74 1758 536 299 10 716 8231 124 1509
internal_value=0.000269955 -1.6803e-05 0.00165173 0.00437712 -0.00124838 -0.00136881 -0.00136881 -0.00579302 -0.00136881
internal_weight=106.38 100.617 44.9375 22.904 22.0335 55.6798 50.7523 4.92748 21.6884
internal_count=14334 14260 4112 835 3277 10148 8947 1201 3267
is_linear=0
shrinkage=0.03


Tree=110
num_leaves=13
num_cat=0
split_feature=5 9 1 1 3 7 3 11 2 7 2 11
split_gain=0.140219 0.077771 0.343548 0.144278 0.635391 0.171013 0.181912 0.123917 0.0759601 0.0270898 0.0734049 0.0561064
threshold=99.799999199996805 42.956349206349209 97.289663098046347 18.956844375764604 96.199984799939202 35.599078341013829 92.749237359641725 95.259481037924161 94.254008901896228 97.847985347985357 25.000000000000004 70.110300923131419
decision_type=2 2 2 2 2 2 2 2 2 2 2 2
left_child=1 3 9 4 5 6 7 -1 -7 -3 -11 -12
right_child=-2 2 -4 -5 -6 8 -8 -9 -10 10 11 -13
leaf_value=-0.017633547065254437 0.0049159093177843826 -0.00063702424144547693 0.0049159093177843826 -0.00063702424144547693 -0.00063702424144547693 -0.0029278129147730764 -0.0029278129147730764 -0.004835855929177818 -0.00063702424144547693 -0.00063702424144547693 -0.00063702424144547693 0.0049159093177843826
leaf_weight=2.8757368535734695 3.1283356579951933 47.518315641093068 2.1682747746817759 38.058330258354545 3.4149352065287522 2.836206488427707 0.89125334634445597 2.0525469296844676 0.9099657741608097 0.41775384882930611 0.9778281496837733 0.74394598905928433
leaf_count=476 38 7717 220 4802 83 456 32 77 90 95 205 79
internal_value=-0.000516733 -0.000727689 9.31584e-05 -0.00154697 -0.00415823 -0.00903751 -0.0119644 -0.0140183 -0.00292781 -0.000637024 0.00217278 0.00491591
internal_weight=105.993 102.865 51.8261 51.039 12.9806 9.56571 5.81954 4.92828 3.74617 49.6578 2.13953 1.72177
internal_count=14370 14332 8316 6016 1214 1131 585 553 546 8096 379 284
is_linear=0
shrinkage=0.03


Tree=111
num_leaves=10
num_cat=0
split_feature=10 9 2 11 8 9 4 2 9
split_gain=0.312373 0.491529 0.295764 0.0602974 0.0543967 0.050672 0.0342494 0.0178227 0.00378476
threshold=91.918367346938794 55.480480480480487 91.883235540990469 6.8912747765254574 59.861111111111121 61.346915676287502 48.345244993883206 99.547383080709949 71.516754850088191
decision_type=2 2 2 2 2 2 2 2 2
left_child=3 2 -2 5 -3 -1 -6 8 -5
right_child=1 4 -4 7 6 -7 -8 -9 -10
leaf_value=-0.0085814721745340813 -0.0013866607894417549 0.0071767545989211831 0.0071767545989211831 -0.0013866607894417549 0.0071767545989211831 -0.0013866607894417549 0.014635588140598017 0.0025624967220288868 -0.00079136523516758054
leaf_weight=1.0036217117449262 13.513252130709594 3.6902003511786452 2.8481970424763849 59.731748846941628 0.80584878777153868 2.1198311245534569 2.5551206691889092 0.37095964583568175 19.598021996207535
leaf_count=257 591 355 73 8894 109 533 129 22 3407
internal_value=-0.000521313 0.00247134 -0.000485929 -0.00138666 0.00854139 -0.00507814 0.0123221 -0.00138666 -0.00138666
internal_weight=106.237 23.4126 16.3614 82.8242 7.05117 3.12345 3.36097 79.7007 79.3298
internal_count=14370 1257 664 13113 593 790 238 12323 12301
is_linear=0
shrinkage=0.03


Tree=112
num_leaves=11
num_cat=0
split_feature=10 9 2 1 11 4 9 1 2 9
split_gain=0.253028 0.44676 0.225975 0.0805849 0.059849 0.0577756 0.0500586 0.0109212 0.00417805 0.00183036
threshold=91.918367346938794 57.275132275132279 91.883235540990469 97.289663098046347 6.8912747765254574 99.199996799987218 61.346915676287502 65.62506351238747 99.547383080709949 71.516754850088191
decision_type=2 2 2 2 2 2 2 2 2 2
left_child=4 2 7 5 6 -3 -1 -2 9 -6
right_child=1 3 -4 -5 8 -7 -8 -9 -10 -11
leaf_value=-0.0084552137505113211 -0.0012960230345019095 0.0061069491796497165 0.0061069491796497165 0.015294758214195223 -0.0012960230345019095 0.012500315714278218 -0.0012960230345019095 0.00065975266327140145 0.0012129317354549827 -0.00076304371479346599
leaf_weight=0.99547612702008326 7.9832395504927316 4.8493944078218183 2.9148580913897595 0.66614168183878053 59.521952320472337 1.3031860664486883 2.11753705132287 5.8294620278757066 0.39566135150380333 19.579927090671845
leaf_count=257 378 512 74 34 8894 15 533 244 22 3407
internal_value=-0.00051411 0.00217022 -0.000564261 0.00809259 -0.00129602 0.00610695 -0.00497086 -0.00129602 -0.00129602 -0.00129602
internal_weight=106.157 23.5463 16.7276 6.81872 82.6106 6.15258 3.11301 13.8127 79.4975 79.1019
internal_count=14370 1257 696 561 13113 527 790 622 12323 12301
is_linear=0
shrinkage=0.03


Tree=113
num_leaves=6
num_cat=0
split_feature=5 1 9 7 11
split_gain=0.197606 0.067254 0.525273 0.0241643 0.0130436
threshold=99.799999199996805 97.289663098046347 34.384236453201979 7.2077922077922087 15.338057999348324
decision_type=2 2 2 2 2
left_child=1 3 -3 -1 -5
right_child=-2 2 -4 4 -6
leaf_value=-0.0027498301599305306 0.0058683732281306659 -0.00092760623570091038 0.0058683732281306659 -0.0021812300661260913 -0.00092760623570091038
leaf_weight=5.8087111796485251 3.2204769200179717 1.8444415749981988 2.4866435514995828 8.2237885710783285 84.5516530998284
leaf_count=775 38 149 247 1924 11237
internal_value=-0.000504297 -0.000758268 0.0025472 -0.000927606 -0.000927606
internal_weight=106.136 102.915 4.33109 98.5842 92.7754
internal_count=14370 14332 396 13936 13161
is_linear=0
shrinkage=0.03


Tree=114
num_leaves=12
num_cat=0
split_feature=10 2 9 8 11 11 7 7 8 5 1
split_gain=0.214002 0.387947 0.27244 0.260281 0.160381 0.0506526 0.0132257 0.00984984 0.00891711 0.00649556 0.00248154
threshold=91.918367346938794 91.883235540990469 55.480480480480487 22.967032967032971 59.378621788680711 6.8912747765254574 6.7816091954022992 96.720430107526894 54.226190476190482 98.595785949408864 89.92949633283574
decision_type=2 2 2 2 2 2 2 2 2 2 2
left_child=5 2 -2 -4 10 7 -7 -1 -6 -3 -5
right_child=1 9 3 4 8 6 -8 -9 -10 -11 -12
leaf_value=-0.0050920260460546171 -0.0012290493743752678 0.0091643220160683523 -0.0012290493743752678 -0.00048110186886179929 0.0025768067961460498 -0.0034611574635379705 -0.0012290493743752678 -0.0012290493743752678 0.0091643220160683523 0.01436835517071171 0.0011155020162718426
leaf_weight=2.8514292049221694 13.517173178610397 1.9611583380028594 0.64525965403299679 1.5729637901531526 1.5347407863009723 2.2622747642453751 77.057900329702534 0.23556870245374728 1.8152937941486014 2.3169978344812989 0.3334682567510755
leaf_count=754 591 91 109 239 69 540 11783 36 88 27 43
internal_value=-0.000506936 0.00195232 -7.55244e-06 0.00510813 0.00782551 -0.00122905 -0.00122905 -0.00462373 0.00916432 0.00916432 8.58884e-05
internal_weight=106.104 23.6971 19.4189 5.90173 5.25647 82.4072 79.3202 3.087 3.35003 4.27816 1.90643
internal_count=14370 1257 1139 548 439 13113 12323 790 157 118 282
is_linear=0
shrinkage=0.03


Tree=115
num_leaves=7
num_cat=0
split_feature=1 4 7 11 1 4
split_gain=0.0972343 0.54037 0.050513 0.084663 0.154837 0.0731181
threshold=97.289663098046347 56.350832266325234 4.0064102564102573 98.848988769449065 59.576651830172963 99.799999199996805
decision_type=2 2 2 2 2 2
left_child=2 -2 3 4 -1 -4
right_child=1 -3 5 -5 -6 -7
leaf_value=-0.011120572833404296 -0.00011994961321974277 0.013781789750680049 -0.00011994961321974277 -0.00011994961321974277 -0.00011994961321974277 0.0039385794107556008
leaf_weight=1.1572304074652491 2.7211012890329576 1.9942101876949889 97.782144292606972 0.39963167090900231 0.98669227329082776 3.0938529560808083
leaf_count=201 361 51 13550 9 140 36
internal_value=8.94157e-05 0.0038989 -0.00011995 -0.00370233 -0.00634133 -0.00011995
internal_weight=108.135 4.71531 103.42 2.54355 2.14392 100.876
internal_count=14348 412 13936 350 341 13586
is_linear=0
shrinkage=0.03


Tree=116
num_leaves=7
num_cat=0
split_feature=1 4 7 1 7 4
split_gain=0.0750721 0.476984 0.0409491 0.311821 0.0745221 0.066725
threshold=97.289663098046347 56.350832266325234 9.032634032634034 6.0544965786901281 2.1520146520146524 99.799999199996805
decision_type=2 2 2 2 2 2
left_child=2 -2 3 -1 -5 -4
right_child=1 -3 5 4 -6 -7
leaf_value=-0.012758903901958527 -0.00010038793025652147 0.012773064458954186 -0.00010038793025652147 -0.006522676919574197 -0.00010038793025652147 0.003877357869762284
leaf_weight=0.98151030926964988 2.7234281472628927 2.0205719876103103 91.656173225375824 0.73694277275353659 6.9569481959333643 3.0341197624802581
leaf_count=86 361 51 12925 79 811 35
internal_value=8.41565e-05 0.00342259 -0.000100388 -0.00205234 -0.000100388 -0.000100388
internal_weight=108.11 4.744 103.366 8.6754 7.69389 94.6903
internal_count=14348 412 13936 976 890 12960
is_linear=0
shrinkage=0.03


Tree=117
num_leaves=7
num_cat=0
split_feature=1 4 7 1 7 4
split_gain=0.0729154 0.481861 0.0456724 0.321398 0.0780784 0.060553
threshold=97.289663098046347 56.350832266325234 9.032634032634034 6.0544965786901281 2.1520146520146524 99.799999199996805
decision_type=2 2 2 2 2 2
left_child=2 -2 3 -1 -5 -4
right_child=1 -3 5 4 -6 -7
leaf_value=-0.013062796114328312 -0.00010346393119236606 0.012777343873386639 -0.00010346393119236606 -0.0066368090951640498 -0.00010346393119236606 0.0037174449158978002
leaf_weight=0.9672260192455705 2.7189034098992115 2.0312523699831218 91.720380915212445 0.73355495545547444 6.9485063321189955 3.0204176595434538
leaf_count=86 361 51 12925 79 811 35
internal_value=7.84189e-05 0.00336674 -0.000103464 -0.00216769 -0.000103464 -0.000103464
internal_weight=108.14 4.75016 103.39 8.64929 7.68206 94.7408
internal_count=14348 412 13936 976 890 12960
is_linear=0
shrinkage=0.03


Tree=118
num_leaves=11
num_cat=0
split_feature=2 5 11 10 10 7 2 3 3 10
split_gain=0.0459674 0.0415 0.242018 0.168586 0.0238764 0.0510769 0.0186694 0.0346937 0.0190835 0.0166922
threshold=0.95171829379470452 60.383106721134894 95.259481037924161 45.215686274509814 32.247899159663874 69.069264069264094 59.40979486809514 35.105192840126215 59.173424384691998 69.174208144796395
decision_type=2 2 2 2 2 2 2 2 2 2
left_child=-1 4 9 -4 5 6 8 -8 -2 -3
right_child=1 2 3 -5 -6 -7 7 -9 -10 -11
leaf_value=-0.0053199351025584058 -0.0050266088837982448 -0.00043399109001822676 -0.00043399109001822676 0.0047771170649011365 -0.00043399109001822676 -0.00043399109001822676 -0.0041806311915331363 -0.00043399109001822676 -0.00043399109001822676 0.0003134271172359446
leaf_weight=0.38583087187725951 3.8925995978061092 25.364036944927648 2.1432356722652939 15.473124995012766 29.113925448618829 2.9738695856649429 1.2424093318404628 0.70747449621558178 0.73806464869994659 26.229431990883313
leaf_count=86 1061 3647 87 299 6013 762 319 178 196 1700
internal_value=0.000111186 0.000179293 0.000616089 0.0035496 -0.000598321 -0.0019021 -0.00344892 -0.000582128 -0.0043383 -0.000433991
internal_weight=108.264 107.878 69.2098 17.6164 38.6683 9.55442 6.58055 1.94988 4.63066 51.5935
internal_count=14348 14262 5733 386 8529 2516 1754 497 1257 5347
is_linear=0
shrinkage=0.03


Tree=119
num_leaves=8
num_cat=0
split_feature=1 2 11 7 11 1 2
split_gain=0.152546 0.504379 0.125421 0.0334764 0.113291 0.15529 0.0162551
threshold=97.289663098046347 59.40979486809514 91.374113689225865 4.0064102564102573 99.197591971090802 59.576651830172963 99.698492157765884
decision_type=2 2 2 2 2 2 2
left_child=3 2 -2 4 5 -1 -5
right_child=1 -3 -4 6 -6 -7 -8
leaf_value=-0.0113270317418989 -0.0001344262578740602 0.016933317651199084 0.006397717060730064 -0.0001344262578740602 -0.0001344262578740602 -0.0001344262578740602 0.0030540614912864918
leaf_weight=1.170484416070394 2.1169445678824554 1.0566901972051708 1.7923538535833357 100.13679144682828 0.36324551538564254 0.98077153298072506 0.54597097658552129
leaf_count=202 327 38 47 13562 8 140 24
internal_value=0.000133933 0.00479843 -0.000134426 -0.000134426 -0.00306322 -0.00660963 -0.000134426
internal_weight=108.163 4.96599 3.9093 103.197 2.5145 2.15126 100.683
internal_count=14348 412 374 13936 350 342 13586
is_linear=0
shrinkage=0.03


Tree=120
num_leaves=9
num_cat=0
split_feature=10 1 4 4 0 6 0 4
split_gain=0.142247 0.505518 0.704287 0.0606742 0.0106634 0.00922738 0.0111772 0.00127274
threshold=90.976933514246966 65.221836066906505 56.350832266325234 94.159107873044732 75.225556950614916 4.0270270270270281 71.198359511910184 96.199984799939202
decision_type=2 2 2 2 2 2 2 2
left_child=5 3 4 -2 -3 6 -1 -7
right_child=1 2 -4 -5 -6 7 -8 -9
leaf_value=-0.0039376493149272055 -0.00050891856284982048 -0.00050891856284982048 0.013800956605872088 0.002334157469713269 0.0029835576079580792 -0.00050891856284982048 -0.00050891856284982048 -0.00018439449666017465
leaf_weight=0.60614409844856609 7.4583767172880471 2.9767494830302885 5.1270290273241699 7.3832950536161661 0.93796969763934601 69.132611138164066 0.18831823323853314 14.535628558485767
leaf_count=159 674 286 143 125 22 12476 52 453
internal_value=7.29618e-05 0.00206851 0.00735206 -0.000508919 -0.000508919 -0.000508919 -0.00269347 -0.000508919
internal_weight=108.346 23.8834 9.04175 14.8417 3.91472 84.4627 0.794462 83.6682
internal_count=14390 1250 451 799 308 13140 211 12929
is_linear=0
shrinkage=0.03


Tree=121
num_leaves=15
num_cat=0
split_feature=11 1 9 11 10 7 5 9 7 9 3 3 9 4
split_gain=0.187811 0.150675 0.636099 0.425817 0.0466311 0.0613295 0.0545066 0.0325901 0.0301697 0.0773649 0.0315753 0.0114976 0.0344241 0.00884801
threshold=6.8912747765254574 97.289663098046347 32.866927592954994 91.374113689225865 69.174208144796395 86.602564102564131 99.597179853313449 39.690599905526696 25.677655677655679 9.6998207885304684 71.601179658596763 94.478316095082576 75.893997445721595 29.045187148490538
decision_type=2 2 2 2 2 2 2 2 2 2 2 2 2 2
left_child=7 4 -3 13 5 6 8 -1 9 -2 -11 12 -10 -4
right_child=1 2 3 -5 -6 -7 -8 -9 11 10 -12 -13 -14 -15
leaf_value=-0.0095942587016531345 -0.0078105042107860069 0.00010538654312610955 0.00010538654312610955 0.021910996237060869 0.00010538654312610955 0.00010538654312610955 0.00010538654312610955 -0.002897611198799179 -0.0012220060059589207 -0.002897611198799179 -0.0012220060059589207 0.00010538654312610955 0.00010538654312610955 0.0025267842728559542
leaf_weight=0.54851344821508874 1.5494601465761642 2.1216774361673734 0.62738731678109638 1.3112825341522691 45.358864575508051 9.3299840283580107 1.5059522688388813 4.0015487113269046 24.129931991570633 4.8812949213897809 3.0876061957096681 3.8236932137515387 5.5495764624793074 0.46598238521255553
leaf_count=125 209 127 135 19 3714 1349 21 860 4889 1084 389 223 1191 55
internal_value=9.08473e-05 0.000374998 0.00519637 0.0146044 0.000105387 -0.000769393 -0.00135567 -0.00528812 -0.00171734 -0.00289761 -0.0015079 -0.00122201 -0.00122201 0.000105387
internal_weight=108.293 103.743 4.52633 2.40465 99.2164 53.8575 44.5275 4.55006 43.0216 9.51836 7.9689 33.5032 29.6795 1.09337
internal_count=14390 13405 336 209 13069 9355 8006 985 7985 1682 1473 6303 6080 190
is_linear=0
shrinkage=0.03


Tree=122
num_leaves=14
num_cat=0
split_feature=11 2 1 9 11 9 8 4 1 2 1 7 1
split_gain=0.165842 0.200029 0.124299 0.484157 0.0444115 0.0285592 0.0127132 0.0900032 0.0569006 0.0831278 0.00622017 0.00159314 5.99146e-05
threshold=6.8912747765254574 98.994965737927473 97.289663098046347 32.866927592954994 91.374113689225865 39.690599905526696 65.87601078167117 99.597179853313449 16.548957315086351 71.756487025948118 93.768837927161385 2.1520146520146524 95.17587452425397
decision_type=2 2 2 2 2 2 2 2 2 2 2 2 2
left_child=5 2 6 -4 -5 -1 7 8 -2 10 11 -10 -12
right_child=1 -3 3 4 -6 -7 -8 -9 9 -11 12 -13 -14
leaf_value=-0.0090383105575277678 -0.0027351114710798263 0.0086173493492594944 -0.00010792843471399638 -0.00010792843471399638 0.0086173493492594944 -0.0027351114710798263 -0.00010792843471399638 -0.00010792843471399638 -0.0027351114710798263 -0.00010792843471399638 -0.00033482269324862688 -0.0019214272004931957 -0.00010792843471399638
leaf_weight=0.53745202242862333 6.3190194310154757 1.5686231311410654 2.1278784918831652 1.1245747905923056 1.2828488408122209 3.9969094379339367 57.347052891738713 1.6590438482817251 0.25735641981010005 8.4964563314570096 0.54254331765696295 22.211711039301008 0.72892525524366647
leaf_count=125 1392 66 127 190 19 860 4405 30 46 1607 106 5250 167
internal_value=8.16138e-05 0.000348493 0.000139098 0.00451254 0.00861735 -0.00498035 -0.000107928 -0.000635087 -0.00163687 -0.000945893 -0.00209986 -0.00221073 -0.000107928
internal_weight=108.2 103.666 102.097 4.5353 2.40742 4.53436 97.5621 40.2151 38.556 32.237 23.7405 22.4691 1.27147
internal_count=14390 13405 13339 336 209 985 13003 8598 8568 7176 5569 5296 273
is_linear=0
shrinkage=0.03


Tree=123
num_leaves=14
num_cat=0
split_feature=11 2 1 2 9 5 8 4 11 9 9 4 7
split_gain=0.172381 0.187245 0.104995 0.687236 0.0294417 0.0077875 0.0324889 0.0436695 0.00367498 0.000922045 0.00083248 0.00434675 0.0006647
threshold=6.8912747765254574 98.994965737927473 95.883989596564462 42.299369197476793 91.368667518092821 99.597179853313449 74.239631336405537 97.289663098046347 98.848988769449065 39.690599905526696 90.508365508365515 98.293715599104829 90.430402930402948
decision_type=2 2 2 2 2 2 2 2 2 2 2 2 2
left_child=4 2 5 -4 9 6 10 8 -8 -1 -2 -12 -6
right_child=1 -3 3 -5 12 -7 7 -9 -10 -11 11 -13 -14
leaf_value=-0.0090501107537660132 -0.0011412241077765005 0.0083592596534535317 -0.00010604968396030368 0.0083592596534535317 -0.0015210494811732024 -0.00010604968396030368 -0.00071808487999858465 -0.00010604968396030368 -0.00010604968396030368 -0.0034609672115459267 -0.00071808487999858465 -0.00010604968396030368 -0.00071808487999858465
leaf_weight=0.53519643412437412 39.033411496551707 1.5670203517656762 4.2376169002382076 1.8763930606655774 0.72760385507717706 4.8187740393914273 36.515201760688797 9.58989683492109 1.9335169177502383 2.5899495254270732 3.8469673406798384 0.22328780288808037 0.65504538256209344
leaf_count=125 8472 66 418 100 171 63 3178 134 38 571 916 20 118
internal_value=8.48112e-05 0.000356324 0.000153559 0.00367033 -0.00508903 -0.00010605 -0.000382069 -0.00010605 -0.000718085 -0.00637999 -0.000718085 -0.000718085 -0.000718085
internal_weight=108.15 103.642 102.075 6.11401 4.5078 95.9611 91.1423 48.0386 38.4487 3.12515 43.1037 4.07026 1.38265
internal_count=14390 13405 13339 518 985 12821 12758 3350 3216 696 9408 936 289
is_linear=0
shrinkage=0.03


Tree=124
num_leaves=13
num_cat=0
split_feature=11 2 1 2 9 5 8 4 11 9 4 7
split_gain=0.167864 0.170072 0.0864853 0.640866 0.0286638 0.00778156 0.0321895 0.0459974 0.00543258 0.00203473 0.00193563 0.000669148
threshold=6.8912747765254574 98.994965737927473 95.883989596564462 42.299369197476793 91.368667518092821 99.597179853313449 74.239631336405537 97.289663098046347 98.848988769449065 39.690599905526696 99.799999199996805 90.430402930402948
decision_type=2 2 2 2 2 2 2 2 2 2 2 2
left_child=4 2 5 -4 9 6 10 8 -8 -1 -2 -6
right_child=1 -3 3 -5 11 -7 7 -9 -10 -11 -12 -13
leaf_value=-0.0089944094525985299 -0.00070764872496080977 0.0079983418990986141 -7.3494750240257382e-05 0.0079983418990986141 -0.0015068266189348653 -7.3494750240257382e-05 -0.00070764872496080977 -7.3494750240257382e-05 -7.3494750240257382e-05 -0.0033893444208799319 -7.3494750240257382e-05 -0.00070764872496080977
leaf_weight=0.53166273084934923 42.660082845599391 1.5567586626857508 4.2377606531372285 1.8734507226618005 0.7269854105543343 4.8077192860655478 36.518565298174508 9.5926493264269066 1.9361648284830142 2.5885279029607773 0.42002950748428602 0.6548460409976542
leaf_count=125 9400 66 418 100 171 63 3178 134 38 571 8 118
internal_value=8.7594e-05 0.000355454 0.000162371 0.00335471 -0.00502082 -7.34948e-05 -0.000349316 -7.34948e-05 -0.000707649 -0.00629562 -0.000707649 -0.000707649
internal_weight=108.105 103.603 102.046 6.11121 4.50202 95.9352 91.1275 48.0474 38.4547 3.12019 43.0801 1.38183
internal_count=14390 13405 13339 518 985 12821 12758 3350 3216 696 9408 289
is_linear=0
shrinkage=0.03


Tree=125
num_leaves=13
num_cat=0
split_feature=7 6 0 1 0 8 10 5 4 8 10 6
split_gain=0.126084 0.353063 0.100857 0.0824204 0.0354365 0.0270992 0.0605002 0.0368271 0.0459627 0.0302251 0.0220736 0.0104827
threshold=91.987179487179489 92.805383022774336 95.883989596564462 0.40363310524600854 98.992949633283587 66.904761904761912 86.451048951048975 99.597179853313449 99.597179853313449 2.8991596638655466 25.62388591800357 99.324324324324337
decision_type=2 2 2 2 2 2 2 2 2 2 2 2
left_child=3 4 -3 -1 -2 6 7 8 9 -5 -11 -7
right_child=1 2 -4 5 -6 11 -8 -9 -10 10 -12 -13
leaf_value=-0.0060467406578557812 -0.00047963798218871555 0.0017109228498718532 0.01372930728193613 -0.0060467406578557812 0.0046561921181973104 -0.00047963798218871555 -0.00047963798218871555 -0.00047963798218871555 -0.00047963798218871555 -0.0038195680017245642 -0.0017757752565420006 0.0017109228498718532
leaf_weight=1.4008425439242262 5.6732146263821033 1.2556277642725038 1.590799228986725 0.73179914930370671 0.38730239868164051 51.583376711467281 9.2793415940832329 0.50881018582731385 0.43563851178623636 7.118326599244031 22.858754482585937 3.6956012826412907
leaf_count=47 1081 88 28 131 5 4306 998 10 14 1957 5531 147
internal_value=-0.000156933 0.00307107 0.0102508 -0.000479638 -0.000479638 -0.000479638 -0.00127597 -0.00205727 -0.00236818 -0.00269941 -0.00236873 -0.000479638
internal_weight=106.519 8.90694 2.84643 97.6125 6.06052 96.2116 40.9327 31.6533 31.1445 30.7089 29.9771 55.279
internal_count=14343 1202 116 13141 1086 13094 8641 7643 7633 7619 7488 4453
is_linear=0
shrinkage=0.03


Tree=126
num_leaves=11
num_cat=0
split_feature=7 6 0 10 0 5 2 2 9 6
split_gain=0.111079 0.31669 0.123556 0.035724 0.0314502 0.0276317 0.023213 0.0108563 0.0139631 0.000285412
threshold=91.987179487179489 92.805383022774336 95.883989596564462 19.174208144796385 98.992949633283587 79.638907668533918 14.673500226258971 93.987879372040638 82.444286391654828 99.324324324324337
decision_type=2 2 2 2 2 2 2 2 2 2
left_child=3 4 -3 5 -2 6 -1 8 -8 -5
right_child=1 2 -4 9 -6 -7 7 -9 -10 -11
leaf_value=-0.0063702002553618188 -0.00045159281974601668 0.0011159650827948966 0.013474034090920343 -0.00045159281974601668 0.0043358140657425489 -0.00045159281974601668 -0.0031212077597712806 -0.00045159281974601668 -0.00045159281974601668 0.0003467690919393109
leaf_weight=0.91793863335624148 5.6738294307142478 1.286618910264224 1.5841986311133949 84.047408209764399 0.43120335415005673 2.1455705406842753 3.7824474016670138 0.28172551747411478 1.0948691914090884 5.1861717617139211
leaf_count=256 1081 88 28 10889 5 332 1052 73 282 257
internal_value=-0.000147276 0.00287092 0.00965464 -0.000451593 -0.000451593 -0.00232464 -0.00330024 -0.00180841 -0.00235588 -0.000451593
internal_weight=106.432 8.97585 2.87082 97.4561 6.10503 8.22255 6.07698 5.15904 4.87732 89.2336
internal_count=14343 1202 116 13141 1086 1995 1663 1407 1334 11146
is_linear=0
shrinkage=0.03


Tree=127
num_leaves=11
num_cat=0
split_feature=7 11 0 8 3 1 8 10 8 10
split_gain=0.125343 0.261448 0.285027 0.316009 0.109275 0.0983123 0.0185104 0.0533839 0.0142381 0.00467064
threshold=91.987179487179489 45.135535380851202 64.759095656100953 83.89976958525348 93.07264259360069 0.40363310524600854 66.904761904761912 86.451048951048975 2.8991596638655466 25.62388591800357
decision_type=2 2 2 2 2 2 2 2 2 2
left_child=5 -2 -3 4 -4 -1 7 8 -7 -10
right_child=1 2 3 -5 -6 6 -8 -9 9 -11
leaf_value=-0.0065589080002251632 -0.00046409217214857468 -0.00046409217214857468 -0.00046409217214857468 0.016725210112390893 0.0072260870355772382 -0.0047658344481373979 -0.00046409217214857468 -0.00046409217214857468 -0.0024264788500663824 -0.0013628762002665918
leaf_weight=1.3877301949542005 3.1587370793567953 2.2517020488157868 0.89456785435322694 2.0472406768240035 0.68086991657037288 0.81537785974797117 55.235090812435374 9.2849994142306951 7.1935414329636869 23.464439528877847
leaf_count=47 601 377 160 29 35 134 4453 998 1961 5548
internal_value=-0.000139597 0.0030562 0.00677103 0.0110851 0.000107643 -0.000464092 -0.000464092 -0.00114216 -0.00190542 -0.0016812
internal_weight=106.414 9.03312 5.87438 3.62268 1.57544 97.3812 95.9934 40.7584 31.4734 30.658
internal_count=14343 1202 601 224 195 13141 13094 8641 7643 7509
is_linear=0
shrinkage=0.03


Tree=128
num_leaves=11
num_cat=0
split_feature=7 11 8 1 5 8 1 4 9 5
split_gain=0.125383 0.264405 0.297426 0.0550148 0.044694 0.02099 0.0921667 0.202094 0.0342317 0.000567337
threshold=91.987179487179489 45.135535380851202 83.89976958525348 0.40363310524600854 95.17587452425397 66.904761904761912 16.548957315086351 99.199996799987218 85.839598997493752 99.199996799987218
decision_type=2 2 2 2 2 2 2 2 2 2
left_child=3 -2 4 -1 -3 6 7 8 -5 -8
right_child=1 2 -4 5 -6 -7 9 -9 -10 -11
leaf_value=-0.0050835532315886348 -0.00044785687559842808 -0.00044785687559842808 0.012120419576206085 -0.0050835532315886348 0.0044535622240497365 -0.00044785687559842808 -0.00046199721044958052 -0.00046199721044958052 -0.00046199721044958052 -0.00044785687559842808
leaf_weight=1.3133838155772526 3.1172451504971814 2.2861681956565016 2.9908477672142908 5.1783181926002717 0.68570629367604841 55.246903806109913 32.515662392950617 0.9596994793973862 0.5690129498252644 1.5918698804453004
leaf_count=47 601 503 70 1219 28 4453 7237 21 139 25
internal_value=-0.000122449 0.0030655 0.00676849 -0.000447857 -0.00031311 -0.000447857 -0.00114595 -0.00411283 -0.00508355 -0.000461997
internal_weight=106.455 9.07997 5.96272 97.3749 2.97187 96.0615 40.8146 6.70703 5.74733 34.1075
internal_count=14343 1202 601 13141 531 13094 8641 1379 1358 7262
is_linear=0
shrinkage=0.03


Tree=129
num_leaves=11
num_cat=0
split_feature=7 6 0 1 0 4 8 10 5 8
split_gain=0.0849608 0.254287 0.333399 0.0567762 0.0299523 0.0185302 0.0202703 0.0683298 0.0389323 0.00280291
threshold=91.987179487179489 92.805383022774336 95.568978386447739 0.40363310524600854 98.992949633283587 0.80726621049201708 66.904761904761912 86.451048951048975 99.597179853313449 2.8991596638655466
decision_type=2 2 2 2 2 2 2 2 2 2
left_child=3 4 -3 -1 -2 -5 7 8 9 -7
right_child=1 2 -4 5 -6 6 -8 -9 -10 -11
leaf_value=-0.0050670391672323432 -0.00037010334636764289 -0.00037010334636764289 0.014774311752180148 -0.0034289013452941733 0.0044851004115249397 -0.0034289013452941733 -0.00037010334636764289 -0.00037010334636764289 -0.00037010334636764289 -0.0020993154511498766
leaf_weight=1.3224291551159684 5.7051793545251694 1.4190046512521806 1.6752920167054979 0.93739069520961393 0.37568306922912587 0.79036285297480091 54.510534820379689 9.1712630650727061 0.49788303626701136 30.006234795087948
leaf_count=47 1081 87 29 98 5 127 4419 986 10 7454
internal_value=-0.000100726 0.00250988 0.0083788 -0.000370103 -0.000370103 -0.000370103 -0.000370103 -0.00109182 -0.0019755 -0.00229985
internal_weight=106.411 9.17516 3.0943 97.2361 6.08086 95.9137 94.9763 40.4657 31.2945 30.7966
internal_count=14343 1202 116 13141 1086 13094 12996 8577 7591 7581
is_linear=0
shrinkage=0.03


Tree=130
num_leaves=12
num_cat=0
split_feature=5 5 11 4 11 8 8 11 2 4 3
split_gain=0.59555 0.0981801 0.264785 0.119034 0.376634 0.121327 0.0501123 0.176396 0.0208418 0.040099 0.0319972
threshold=99.199996799987218 68.781438631790749 34.904585989311705 94.799979199916805 95.259481037924161 96.190130624092902 95.357142857142875 63.863838587884473 6.2062621744462882 64.415381175944574 82.046189878307914
decision_type=2 2 2 2 2 2 2 2 2 2 2
left_child=1 8 -3 4 6 -5 -4 -8 9 10 -1
right_child=-2 2 3 5 -6 -7 7 -9 -10 -11 -12
leaf_value=-0.0056334862820369459 0.0079492266697415714 -0.00079891673983920638 -0.00079891673983920638 0.0043946575303504595 0.0043946575303504595 0.0079492266697415714 -0.00079891673983920638 0.0043946575303504595 -0.00079891673983920638 -0.00079891673983920638 -0.00079891673983920638
leaf_weight=2.6605814371723682 8.8273621133994293 6.7328760051168492 13.35289375740104 9.5414281495613924 6.8660744160879394 5.1287869364023217 3.3402688510250282 5.8702758166473359 42.661371790803969 0.33269105234649021 0.35687128396239121
leaf_count=696 121 1147 2360 424 189 54 80 104 9118 25 44
internal_value=0.000912186 0.00019607 0.00109473 0.00227018 0.00110154 0.00439466 -0.000798917 0.00134272 -0.000798917 -0.00291048 -0.00453654
internal_weight=105.671 96.8441 50.8326 44.0997 29.4295 14.6702 22.5634 9.21054 46.0115 3.35014 3.01745
internal_count=14362 14241 4358 3211 2733 478 2544 184 9883 765 740
is_linear=0
shrinkage=0.03


Tree=131
num_leaves=15
num_cat=0
split_feature=5 10 4 3 6 4 10 8 2 3 1 6 10 2
split_gain=0.543315 0.101019 0.32098 0.181984 0.159411 0.281097 0.0386754 0.0383263 0.00864207 0.0479572 0.0112636 0.00696552 0.0065267 0.00384948
threshold=99.199996799987218 69.174208144796395 97.289663098046347 90.599962399849616 64.747307373653697 87.10975530602974 93.969696969696983 2.8991596638655466 6.2062621744462882 82.848617281565922 91.339366846238732 99.324324324324337 22.696969696969699 28.118724899598398
decision_type=2 2 2 2 2 2 2 2 2 2 2 2 2 2
left_child=1 7 3 11 5 -5 -4 13 9 10 -9 -3 -12 -1
right_child=-2 2 6 4 -6 -7 -8 8 -10 -11 12 -13 -14 -15
leaf_value=-0.0061953449010290406 0.0076747893628718858 -0.00061609131112792142 0.0053406128588248817 -0.00061609131112792142 0.0053406128588248817 0.0053406128588248817 0.0076747893628718858 -0.0053262740778610056 -0.00061609131112792142 -0.00061609131112792142 -0.0029298503471169076 0.0038643096558527426 -0.00061609131112792142 -0.00061609131112792142
leaf_weight=0.24380678404122491 8.7923559395130706 21.494780347915395 4.4959076212253413 3.0773245854070401 8.1589580425061268 2.3244261029176414 3.1021077295299619 1.2117489856900641 50.558800515718758 0.28232571226544667 0.18455452215857793 0.75207835377659549 0.40928404976148158 0.3280621642479673
leaf_count=46 121 3464 89 191 171 66 42 355 9442 56 54 71 113 81
internal_value=0.000940821 0.000255721 0.00131443 6.28334e-05 0.00291091 -0.000616091 0.00651958 -0.000616091 -0.000616091 -0.00235678 -0.00495825 -0.000616091 -0.000616091 -0.00532627
internal_weight=105.417 96.6242 43.4056 35.8076 13.5607 5.40175 7.59802 53.2186 52.6467 2.08791 1.80559 22.2469 0.593839 0.571869
internal_count=14362 14241 4094 3963 428 257 131 10147 10020 578 522 3535 167 127
is_linear=0
shrinkage=0.03


Tree=132
num_leaves=8
num_cat=0
split_feature=5 4 8 10 4 2 2
split_gain=0.511057 0.0916856 0.549779 0.293217 0.0397875 0.0596165 0.0457212
threshold=99.199996799987218 96.199984799939202 96.190130624092902 96.992311171415665 0.80726621049201708 25.877558329510428 0.95171829379470452
decision_type=2 2 2 2 2 2 2
left_child=1 4 3 -3 5 -1 -6
right_child=-2 2 -4 -5 6 -7 -8
leaf_value=-0.0080129870097478892 0.0074139458098555185 -0.00018129893566229654 0.0074139458098555185 0.0074139458098555185 -0.0057684334545639619 -0.00018129893566229654 -0.00018129893566229654
leaf_weight=0.45966959570068766 8.7985722073353809 8.4406268387101573 5.1222920231521121 1.1975278218742449 0.34811217116657545 0.50958211487159133 80.422624922473915
leaf_count=77 121 390 54 26 79 44 13571
internal_value=0.000885682 0.000220522 0.00231603 -0.000181299 -0.000181299 -0.00444752 -0.000181299
internal_weight=105.299 96.5004 14.7604 9.63815 81.74 0.969252 80.7707
internal_count=14362 14241 470 416 13771 121 13650
is_linear=0
shrinkage=0.03


Tree=133
num_leaves=13
num_cat=0
split_feature=5 10 4 3 4 1 4 8 3 10 7 7
split_gain=0.406431 0.0820963 0.25902 0.157946 0.152853 0.0808504 0.0879841 0.0400283 0.00851552 0.0459712 0.0188244 0.0114363
threshold=99.199996799987218 69.174208144796395 97.289663098046347 90.599962399849616 33.901551735239202 34.302765436868206 85.642654085767859 2.8991596638655466 13.72352557836429 32.247899159663874 96.91650853889945 28.708791208791208
decision_type=2 2 2 2 2 2 2 2 2 2 2 2
left_child=1 7 3 -3 -5 -6 -7 -1 9 10 -9 -11
right_child=-2 2 -4 4 5 6 -8 8 -10 11 -12 -13
leaf_value=-0.0052112233797196404 0.006796721667141457 -0.00040716078134924285 0.0059692617478412854 -0.00040716078134924285 0.00084083527242656249 0.0011540656456778507 0.0059692617478412854 -0.0050873176298831899 -0.00040716078134924285 -0.0034055326525309019 -0.00040716078134924285 -0.00040716078134924285
leaf_weight=0.56814339477568765 8.8236380182206613 22.137789604254067 7.7307171623688182 2.1171013247221699 4.2360420782351849 3.9677470005117357 3.3011123798787594 2.0890081884572278 46.221869628992863 0.849695556447842 0.2298009474761783 2.868514028377831
leaf_count=127 121 3535 131 92 130 143 63 527 8638 192 61 602
internal_value=0.000982674 0.000385683 0.00133624 0.000199511 0.00285756 0.00443817 0.00596926 -0.000407161 -0.000407161 -0.00153893 -0.00431003 -0.000407161
internal_weight=105.141 96.3175 43.4905 35.7598 13.622 11.5049 7.26886 52.827 52.2589 6.03702 2.31881 3.71821
internal_count=14362 14241 4094 3963 428 336 206 10147 10020 1382 588 794
is_linear=0
shrinkage=0.03


Tree=134
num_leaves=15
num_cat=0
split_feature=5 11 5 11 1 8 10 2 11 5 3 1 3 8
split_gain=0.478618 0.0872541 0.133913 0.143468 0.198637 0.160843 0.083194 0.065845 0.0588503 0.0329597 0.0169287 0.0124993 0.00511025 0.00236436
threshold=99.199996799987218 14.127158683610299 68.781438631790749 90.999963999856007 91.725521342456844 99.358974358974379 77.303030303030312 60.281352617345966 99.197591971090802 98.595785949408864 29.447200853319547 18.555630674135603 51.108875475072665 89.379699248120318
decision_type=2 2 2 2 2 2 2 2 2 2 2 2 2 2
left_child=1 9 6 -4 5 8 7 12 13 -1 -9 -12 -3 -5
right_child=-2 2 3 4 -6 -7 -8 10 -10 -11 11 -13 -14 -15
leaf_value=-0.0031427903922403265 0.007204626728096521 -0.0029994411807818572 0.000342433065801321 0.000342433065801321 0.007204626728096521 0.007204626728096521 0.000342433065801321 -0.0012872667398437431 0.0047753863215695162 0.000342433065801321 -0.0012872667398437431 0.000342433065801321 -0.0014487345552581551 0.001571287420221516
leaf_weight=7.6577730982098711 8.872247309656812 13.664595864713197 30.70610741735436 8.6149053842527703 1.5945222114678461 1.5446854978799827 10.402909614145754 4.7912741368636471 1.7718701567500836 0.53824797365814436 0.81860850332304824 4.6710655044298619 5.8186107221990815 3.7097858455963442
leaf_count=1996 121 3273 3359 390 22 12 1531 909 48 14 204 1006 1415 62
internal_value=0.000913154 0.000265457 0.000550006 0.0016059 0.00371459 0.00198836 -0.00071866 -0.00164359 0.000645614 -0.00252067 0.000292557 0.000342433 -0.00252067 0.000342433
internal_weight=105.177 96.305 88.1089 47.9419 17.2358 15.6412 40.1671 29.7642 14.0966 8.19602 10.2809 5.48967 19.4832 12.3247
internal_count=14362 14241 12231 3893 534 512 8338 6807 500 2010 2119 1210 4688 452
is_linear=0
shrinkage=0.03


Tree=135
num_leaves=13
num_cat=0
split_feature=9 1 4 8 11 4 3 4 11 1 6 6
split_gain=0.122679 0.325972 0.233016 0.177622 0.331333 0.304236 0.283607 0.0810684 0.0632903 0.0904375 0.0487189 0.0237041
threshold=32.305502846299817 98.595785949408864 99.597179853313449 62.382075471698123 92.763811786380941 98.595785949408864 98.293715599104829 50.302420584110727 6.8912747765254574 6.0544965786901281 94.058823529411782 24.818840579710152
decision_type=2 2 2 2 2 2 2 2 2 2 2 2
left_child=8 2 3 -2 5 6 -5 -3 -1 10 -10 -11
right_child=1 7 -4 4 -6 -7 -8 -9 9 11 -12 -13
leaf_value=-0.0075742485685133922 -0.0013348367904340282 0.0062178421779539418 0.0085661234037037199 -0.0013348367904340282 0.0062178421779539418 0.0062178421779539418 0.0062178421779539418 0.015990107225012248 -0.0063261212189643368 -0.0045933555424140463 -0.0013348367904340282 -0.0013348367904340282
leaf_weight=0.50892948114778747 26.347202922450379 0.54562488722149172 1.9329150483245019 21.47259968705476 8.32248867000453 1.484899601433425 2.6307523341383776 0.88336131325922906 4.2796099027618757 4.5873201617505392 1.5845565828494725 30.937168845091946
leaf_count=89 6034 121 34 3347 199 21 50 20 262 658 43 3382
internal_value=-9.18914e-05 0.000734654 0.000308531 -9.18634e-05 0.00137461 -0.00037524 -0.00133484 0.0115179 -0.00133484 -0.00133484 -0.00487242 -0.00133484
internal_weight=105.517 63.6198 62.1909 60.2579 33.9107 25.5883 24.1034 1.42899 41.8976 41.3887 5.86417 35.5245
internal_count=14260 9826 9685 9651 3617 3418 3397 141 4434 4345 305 4040
is_linear=0
shrinkage=0.03


Tree=136
num_leaves=9
num_cat=0
split_feature=9 1 10 11 1 11 2 8
split_gain=0.0629721 0.263083 0.580152 0.0802814 0.0845461 0.485607 0.0727915 0.0150154
threshold=32.305502846299817 97.289663098046347 69.282051282051299 6.8912747765254574 6.0544965786901281 95.259481037924161 97.283691216478829 65.87601078167117
decision_type=2 2 2 2 2 2 2 2
left_child=3 7 -3 -1 5 6 -5 -2
right_child=1 2 -4 4 -6 -7 -8 -9
leaf_value=-0.0077813916296162102 -0.00010250396609754825 6.549793841103097e-05 0.017848204782434412 -0.0077813916296162102 -0.00010250396609754825 -0.00010250396609754825 -0.00010250396609754825 6.549793841103097e-05
leaf_weight=0.50748093822039564 28.501717824023217 1.0874383599730202 1.4433017136761916 2.2159622033359478 35.425782351288944 2.8287392915226519 0.71206864388659585 32.752086934866384
leaf_count=89 6300 180 78 201 4040 79 25 3268
internal_value=-6.45468e-05 0.000525556 0.00848843 -0.00095855 -0.000691998 -0.00376755 -0.00778139 6.54979e-05
internal_weight=105.475 63.7845 2.53074 41.69 41.1826 5.75677 2.92803 61.2538
internal_count=14260 9826 258 4434 4345 305 226 9568
is_linear=0
shrinkage=0.03


Tree=137
num_leaves=10
num_cat=0
split_feature=5 2 10 7 4 11 1 4 2
split_gain=0.0777241 0.053851 0.0512498 0.111834 0.280027 0.0835036 0.082293 0.212085 0.00109211
threshold=99.799999199996805 0.95171829379470452 99.333333333333357 18.002136752136753 83.634549083650896 6.8912747765254574 5.6508634734441197 99.199996799987218 97.230662199000463
decision_type=2 2 2 2 2 2 2 2 2
left_child=1 -1 5 -4 -5 -3 7 8 -7
right_child=-2 2 3 4 -6 6 -8 -9 -10
leaf_value=-0.0059894516860270648 0.0041494787855616581 -0.0043863184495566525 -0.0003231980990490788 -0.0003231980990490788 0.0041494787855616581 -0.0043863184495566525 -0.0003231980990490788 -0.0003231980990490788 -0.0003231980990490788
leaf_weight=0.42100342502817412 2.8549808508250853 3.5585990347899488 4.8058038096642104 1.4377317564794792 2.7913961589802057 5.1196096441708487 81.146719899959862 2.3122029053047299 1.0986438983818514
leaf_count=89 35 920 106 138 57 629 12188 36 62
internal_value=-3.36143e-05 -0.000188806 -0.000107161 0.00193227 0.00414948 -0.000323198 -0.000323198 -0.00318557 -0.00438632
internal_weight=105.547 102.692 102.271 9.03493 4.22913 93.2358 89.6772 8.53046 6.21825
internal_count=14260 14225 14136 301 195 13835 12915 727 691
is_linear=0
shrinkage=0.03


Tree=138
num_leaves=7
num_cat=0
split_feature=5 1 4 2 11 11
split_gain=0.072826 0.0448931 0.121249 0.00717578 0.0310337 0.00254417
threshold=99.799999199996805 98.595785949408864 71.198359511910184 2.4000096000384006 67.50247482917645 14.979999759033243
decision_type=2 2 2 2 2 2
left_child=1 3 -3 4 -1 -5
right_child=-2 2 -4 5 -6 -7
leaf_value=-0.0048346505182867471 0.0039915804705401925 -0.00032484855317584132 0.0039915804705401925 -0.0008356154346200362 -0.00032484855317584132 -0.00032484855317584132
leaf_weight=0.70120021200273086 2.8432867424562565 1.2421875810250633 1.0928260399959979 8.7718887350056303 0.27995031874161214 90.54382965376135
leaf_count=184 35 199 17 1982 45 11798
internal_value=-6.42825e-05 -0.000214078 0.00321464 -0.000324849 -0.00214504 -0.000324849
internal_weight=105.475 102.632 2.33501 100.297 0.981151 99.3157
internal_count=14260 14225 216 14009 229 13780
is_linear=0
shrinkage=0.03


Tree=139
num_leaves=14
num_cat=0
split_feature=5 9 1 8 11 4 4 11 7 11 1 11 1
split_gain=0.0780928 0.0735065 0.172135 0.113661 0.288827 0.0903098 0.0939625 0.0566421 0.052425 0.0482323 0.0455281 0.384281 0.000322545
threshold=99.799999199996805 32.305502846299817 98.595785949408864 65.87601078167117 90.662916591060309 98.595785949408864 99.799999199996805 6.5131306802893212 90.430402930402948 68.341723770120907 5.6508634734441197 95.518676575582546 71.601179658596763
decision_type=2 2 2 2 2 2 2 2 2 2 2 2 2
left_child=1 7 3 6 5 8 -3 -1 -5 12 11 -9 -10
right_child=-2 2 -4 4 -6 -7 -8 10 9 -11 -12 -13 -14
leaf_value=-0.0072289122715895318 0.0041380167951771832 -0.0012029978329626367 0.0041380167951771832 -0.0012029978329626367 0.0041380167951771832 0.0041380167951771832 0.0041380167951771832 -0.0072289122715895318 -0.0011850743949681592 0.0041380167951771832 -0.0012029978329626367 -0.0012029978329626367 -6.668543168486391e-05
leaf_weight=0.44375470804516126 2.8525827440898857 28.084430060465831 1.4806046719895665 20.105610373779214 8.7453488786704821 1.7207412195857603 0.51876559713855286 2.2502059455728149 1.0726921304594714 0.57986136979889114 34.615199092077091 2.5798543886048719 0.40235028334427636
leaf_count=74 35 6365 141 2781 219 25 8 202 168 21 4065 73 83
internal_value=-5.65442e-05 -0.000211983 0.000427373 3.17848e-05 0.00122738 -0.000614365 -0.001203 -0.001203 -0.00120163 0.00278681 -0.001203 -0.00397652 -0.00103021
internal_weight=105.452 102.599 62.7104 61.2298 32.6266 23.8813 28.6032 39.889 22.1605 2.0549 39.4453 4.83006 1.47504
internal_count=14260 14225 9811 9670 3297 3078 6373 4414 3053 272 4340 275 251
is_linear=0
shrinkage=0.03


Tree=140
num_leaves=9
num_cat=0
split_feature=10 4 1 9 11 8 11 10
split_gain=0.334546 0.474512 0.375833 0.356269 0.173847 0.0621184 0.0194723 0.0111422
threshold=91.918367346938794 93.768837927161385 65.963919791292867 41.547619047619058 89.949738592195757 4.1960093896713619 6.8912747765254574 89.363636363636374
decision_type=2 2 2 2 2 2 2 2
left_child=5 2 -2 4 -4 -1 7 -7
right_child=1 -3 3 -5 -6 6 -8 -9
leaf_value=-0.0053395946083690657 -0.00066904445485583652 0.0081468281284768022 -0.00066904445485583652 0.0081468281284768022 0.0067595899586987817 -0.0034555928764405724 -0.00066904445485583652 -0.00066904445485583652
leaf_weight=1.5833903332240868 7.2246982106007653 9.4630434567807225 2.219638649141416 2.4041888173669577 1.8504724286030976 2.9163944859756152 78.533584546064958 0.2143218412529676
leaf_count=354 674 148 165 203 30 785 11970 56
internal_value=0.0002256 0.00333569 -0.000315907 0.00608078 -0.000669044 -0.000669044 -0.000669044 -0.00286585
internal_weight=106.41 23.162 13.699 6.4743 4.07011 83.2477 81.6643 3.13072
internal_count=14385 1220 1072 398 195 13165 12811 841
is_linear=0
shrinkage=0.03


Tree=141
num_leaves=11
num_cat=0
split_feature=10 2 6 4 1 9 7 2 8 2
split_gain=0.237053 0.438514 0.198176 0.202068 0.0954136 0.49559 0.386284 0.406259 0.0281017 0.0176151
threshold=98.518437225636532 27.250009000036002 49.285568483363967 87.915395599402885 49.548886098770204 9.5564253098499687 31.761695906432752 93.108725223474565 94.935897435897445 82.982217383415005
decision_type=2 2 2 2 2 2 2 2 2 2
left_child=4 -2 3 -3 5 6 7 -1 -7 -8
right_child=1 2 -4 -5 -6 8 9 -9 -10 -11
leaf_value=-0.020172401661887777 -0.00027399307780067805 -0.00027399307780067805 0.010700410280508875 0.0079339874325933483 -0.00027399307780067805 -0.00050316694730942956 -0.0038985862835046571 -0.00050316694730942956 -0.00027399307780067805 -0.00050316694730942956
leaf_weight=2.1489779092371459 1.7984185651876021 1.1167723082471623 5.6898939798120409 1.7880989254917947 45.693414542125538 32.548344982555136 0.97795539721846558 0.80284299724735309 12.988169195712542 0.88536320975981653
leaf_count=237 77 129 118 33 7121 5984 177 50 365 94
internal_value=0.000208584 0.00430078 0.00784957 0.000955272 -0.000273993 -0.00156771 -0.00981727 -0.0151897 -0.000503167 -0.000503167
internal_weight=106.438 10.3932 8.59477 2.90487 96.0451 50.3517 4.81514 2.95182 45.5365 1.86332
internal_count=14385 357 280 162 14028 6907 558 287 6349 271
is_linear=0
shrinkage=0.03


Tree=142
num_leaves=7
num_cat=0
split_feature=1 2 2 7 1 2
split_gain=0.139771 0.275107 0.011188 0.103303 0.103883 0.00365942
threshold=98.992949633283587 25.979984161872135 6.2062621744462882 32.373653686826849 96.199984799939202 99.698492157765884
decision_type=2 2 2 2 2 2
left_child=2 -2 3 4 -1 -4
right_child=1 -3 5 -5 -6 -7
leaf_value=-0.0091320665801595726 5.3353673616831452e-05 0.012911646701554142 5.3353673616831452e-05 5.3353673616831452e-05 5.3353673616831452e-05 0.0016096938989427496
leaf_weight=1.3295144088333462 0.95749311149120275 1.2822278497042132 99.26258056925144 2.4607789204455912 0.43560364691074926 0.57323070429265399
leaf_count=192 120 49 13411 559 33 21
internal_value=0.000244914 0.00638147 5.33537e-05 -0.00133493 -0.00605133 5.33537e-05
internal_weight=106.301 2.23972 104.062 4.2259 1.76512 99.8358
internal_count=14385 169 14216 784 225 13432
is_linear=0
shrinkage=0.03


Tree=143
num_leaves=14
num_cat=0
split_feature=1 2 10 2 5 2 7 10 9 10 8 10 2
split_gain=0.172546 0.30193 0.0471789 0.121216 0.0460222 0.0551237 0.106006 0.0291858 0.027212 0.0302961 0.0240927 0.0550775 0.00692219
threshold=98.992949633283587 25.979984161872135 91.918367346938794 70.871209388452016 99.799999199996805 4.7737612321417044 26.71361502347418 40.149253731343286 95.149911816578495 14.476190476190476 95.357142857142875 69.848484848484858 36.53223786282242
decision_type=2 2 2 2 2 2 2 2 2 2 2 2 2
left_child=2 -2 4 12 5 6 -1 -8 9 -7 -11 -12 -4
right_child=1 -3 3 -5 -6 8 7 -9 -10 10 11 -13 -14
leaf_value=-0.0099675351582670102 6.0865279122614657e-05 0.01353104373625794 6.0865279122614657e-05 0.0047051708873144865 6.0865279122614657e-05 -0.0029501108864280093 -0.0050965144543807673 -0.000780441574762319 6.0865279122614657e-05 -0.000780441574762319 -0.000780441574762319 6.0865279122614657e-05 0.001044510892000259
leaf_weight=0.7624074369668955 0.95828594535123501 1.3811665492830796 5.2277798500144872 10.863045131089164 1.1952112892176945 5.6186377377016461 0.68291132966987778 1.0106838148785753 2.8604264879832035 50.308821532991715 10.640490053803662 8.1300857823807728 6.6436706546228379
leaf_count=135 120 49 373 385 15 1412 198 259 613 9799 436 161 430
internal_value=0.000277101 0.00698946 6.08653e-05 6.08653e-05 -0.000657843 -0.000956717 -0.00468682 -0.000780442 -0.000780442 -0.000780442 -0.000780442 6.08653e-05 6.08653e-05
internal_weight=106.284 2.33945 103.944 22.7345 81.2097 80.0145 2.456 1.6936 77.5585 74.698 69.0794 18.7706 11.8715
internal_count=14385 169 14216 1188 13028 13013 592 457 12421 11808 10396 597 803
is_linear=0
shrinkage=0.03


Tree=144
num_leaves=10
num_cat=0
split_feature=5 10 4 1 11 2 7 4 9
split_gain=0.187141 0.235308 0.516716 0.274162 0.400457 0.148676 0.115486 0.0497517 0.00783971
threshold=99.799999199996805 91.918367346938794 93.768837927161385 65.963919791292867 85.326618344605805 4.7737612321417044 49.106858054226485 98.595785949408864 41.547619047619058
decision_type=2 2 2 2 2 2 2 2 2
left_child=1 5 3 -3 8 6 -1 -7 -5
right_child=-2 2 -4 4 -6 7 -8 -9 -10
leaf_value=-0.010923666436270751 0.0065132394618993353 -0.00072855365678246538 0.0065132394618993353 -0.00072855365678246538 0.0065132394618993353 -0.00072855365678246538 -0.00072855365678246538 0.0018349265545989852 0.0033665159241434068
leaf_weight=1.2975385617464774 3.1522387140430501 7.0389314333442616 8.1023873981321213 2.0120692020282154 3.0534032396972179 71.728778926189989 1.4455979386111719 6.9187772754812604 1.5296043948037548
leaf_count=266 39 669 133 154 58 12357 372 153 184
internal_value=0.000268796 1.72076e-05 0.00271889 -0.000728554 0.00499439 -0.000728554 -0.00671934 -0.000728554 -0.000728554
internal_weight=106.279 103.127 21.7364 13.634 6.59508 81.3907 2.74314 78.6476 3.54167
internal_count=14385 14346 1198 1065 396 13148 638 12510 338
is_linear=0
shrinkage=0.03


Tree=145
num_leaves=13
num_cat=0
split_feature=5 10 9 2 1 11 4 7 9 8 9 9
split_gain=0.158542 0.233702 0.269521 0.25093 0.151753 0.121123 0.233209 0.0680895 0.0708442 0.0581064 0.0391912 0.000789334
threshold=99.799999199996805 94.555555555555571 37.011669203450033 40.977822580645167 0.40363310524600854 94.914506510892068 91.999967999872013 14.194139194139195 95.149911816578495 83.484848484848499 8.4039548022598876 45.183384887317722
decision_type=2 2 2 2 2 2 2 2 2 2 2 2
left_child=1 4 3 -3 -1 6 -5 9 11 10 -6 -9
right_child=-2 2 -4 5 7 -7 -8 8 -10 -11 -12 -13
leaf_value=-0.0087095678394420121 0.0063051304692302423 -0.0001484778001468162 0.0063051304692302423 -0.0001484778001468162 -0.0072218711214218521 0.0063051304692302423 0.0063051304692302423 -0.0001484778001468162 0.004302364996625117 -0.0001484778001468162 -0.0018487191102500283 0.00028547768404616402
leaf_weight=0.86376966768875618 3.4653228383976957 3.0406211693771201 6.6687706927768877 2.3423658106476068 1.7460703206015731 2.674853871576488 2.8151725998613983 31.038973785471171 3.3908410972217089 3.3757105035474524 4.0456643489887938 40.006773239118047
leaf_count=48 39 112 473 158 282 34 41 4829 605 332 833 6503
internal_value=0.000766812 0.00051929 0.00356934 0.000349706 -0.000148478 0.00494125 0.00112554 -0.000148478 -0.000148478 -0.00266459 -0.00429342 -0.000148478
internal_weight=105.475 102.01 17.5418 10.873 84.4678 7.83239 5.15754 83.604 74.4366 9.16745 5.79173 71.0457
internal_count=14289 14250 818 345 13432 233 199 13384 11937 1447 1115 11332
is_linear=0
shrinkage=0.03


Tree=146
num_leaves=11
num_cat=0
split_feature=5 1 9 11 11 9 4 3 4 9
split_gain=0.240193 0.0974281 0.0522369 0.180372 0.0696389 0.0818641 0.052328 0.0290161 0.0116722 0.00057912
threshold=99.799999199996805 0.40363310524600854 88.730158730158749 88.199952799811214 6.8912747765254574 50.308641975308653 99.597179853313449 98.992949633283587 59.173424384691998 32.305502846299817
decision_type=2 2 2 2 2 2 2 2 2 2
left_child=1 -1 4 6 5 -3 7 -4 -7 -6
right_child=-2 2 3 -5 9 8 -8 -9 -10 -11
leaf_value=-0.0060449145374543928 0.0075400951085946282 -0.0060449145374543928 0.00041880104493418322 0.0075400951085946282 0.00015061423063452784 -0.0019214976638968434 0.0065842734624006012 0.0052499364063563307 0.00041880104493418322 0.00041880104493418322
leaf_weight=0.99490380252245714 3.6204222834203383 0.68227395403664504 7.1670852148672548 1.9887393042445172 39.177746175089851 1.0418538146186613 0.25496736308559764 0.62725345790386189 0.59413913043681543 49.480406780843623
leaf_count=54 39 175 1649 118 4324 303 5 8 116 7498
internal_value=0.000845362 0.000536867 0.000660312 0.00261292 0.000418801 -0.00393329 0.000418801 0.000418801 0.000418801 0.000418801
internal_weight=105.63 102.009 101.014 10.038 90.9764 2.31827 8.04931 7.79434 1.63599 88.6582
internal_count=14289 14250 14196 1780 12416 594 1662 1657 419 11822
is_linear=0
shrinkage=0.03


Tree=147
num_leaves=14
num_cat=0
split_feature=5 10 9 1 7 1 9 9 2 2 9 9 1
split_gain=0.231357 0.253401 0.299128 0.341618 0.147539 0.122118 0.297373 0.0132802 0.0522537 0.0087262 0.00585861 0.00461226 0.000784207
threshold=99.799999199996805 94.555555555555571 37.011669203450033 43.12946687270621 14.194139194139195 52.721785256996533 11.269841269841271 32.866927592954994 87.048342157151339 40.977822580645167 95.149911816578495 7.7577577577577586 96.978848899850732
decision_type=2 2 2 2 2 2 2 2 2 2 2 2 2
left_child=1 4 9 -4 5 6 -1 8 -8 -3 12 -7 -6
right_child=-2 2 3 -5 10 11 7 -9 -10 -11 -12 -13 -14
leaf_value=-0.012947690885966747 0.0074350006998005471 0.0003165273725054233 0.00041890376862352131 0.0074350006998005471 0.00024576711146149865 -0.0011953635261938388 -0.0053293485204685973 0.00024576711146149865 0.00024576711146149865 0.00041890376862352131 0.00041890376862352131 0.00024576711146149865 0.0003165273725054233
leaf_weight=2.0036039504921046 3.6153232487849882 2.930300915148111 2.5783592527732244 4.2429566719802096 69.04429953021463 1.0277933314209802 0.90412404912058286 1.5367158894659949 0.46065848332364112 7.8666613661916927 3.3998354137875131 3.3144539886852726 2.7038311291253185
leaf_count=220 39 112 215 258 11064 124 199 322 48 233 606 546 303
internal_value=0.000860241 0.000557321 0.00372533 0.007435 -0.00013991 -0.00351804 -0.00632733 0.000245767 -0.0020158 0.000418904 0.000316527 0.000245767 0.000245767
internal_weight=105.629 102.014 17.6183 6.82132 84.3953 9.24735 4.9051 2.9015 1.36478 10.797 75.148 4.34225 71.7481
internal_count=14289 14250 818 473 13432 1459 789 569 247 345 11973 670 11367
is_linear=0
shrinkage=0.03


Tree=148
num_leaves=12
num_cat=0
split_feature=5 10 9 1 1 7 10 1 4 2 10
split_gain=0.241406 0.24038 0.278933 0.35689 0.142303 0.0770671 0.0898036 0.213658 0.0777818 0.00673846 0.0038117
threshold=99.799999199996805 94.555555555555571 37.011669203450033 43.12946687270621 0.40363310524600854 14.194139194139195 77.097902097902121 49.950099800399208 97.985899266567159 40.977822580645167 69.51530612244899
decision_type=2 2 2 2 2 2 2 2 2 2 2
left_child=1 4 9 -4 -1 6 -6 8 -8 -3 -7
right_child=-2 2 3 -5 5 10 7 -9 -10 -11 -12
leaf_value=-0.00832531144904336 0.0076241298475496653 0.00043924732194851915 0.00051988459745778157 0.0076241298475496653 -0.0049678136240106918 0.00017480032518446274 -0.0049678136240106918 0.00043924732194851915 0.00043924732194851915 0.00051988459745778157 0.00043924732194851915
leaf_weight=0.83864492573775251 3.6340126558206967 2.9426411314634624 2.5791225057328111 4.2194088727701455 4.4611308476887626 50.814014270319603 1.7175122520420703 2.1266097149346024 0.77702740766108025 7.8713043577736244 23.600539354258217
leaf_count=48 39 112 215 258 986 9292 223 222 16 233 2645
internal_value=0.000921577 0.000610922 0.00369674 0.00762413 -6.92827e-05 0.000111188 -0.0023537 0.000439247 -0.00496781 0.000519885 0.000439247
internal_weight=105.582 101.948 17.6125 6.79853 84.3355 83.4968 9.08228 4.62115 2.49454 10.8139 74.4146
internal_count=14289 14250 818 473 13432 13384 1447 461 239 345 11937
is_linear=0
shrinkage=0.03


Tree=149
num_leaves=12
num_cat=0
split_feature=5 10 9 1 7 1 9 2 9 2 9
split_gain=0.24214 0.222513 0.234914 0.352756 0.0734917 0.145326 0.248416 0.0307704 0.0134453 0.0492156 0.0111883
threshold=99.799999199996805 94.555555555555571 37.011669203450033 39.518543558045202 14.194139194139195 52.721785256996533 11.269841269841271 40.977822580645167 32.866927592954994 87.048342157151339 95.149911816578495
decision_type=2 2 2 2 2 2 2 2 2 2 2
left_child=1 4 7 -4 5 6 -1 -3 9 -8 -6
right_child=-2 2 3 -5 10 -7 8 -9 -10 -11 -12
leaf_value=-0.011758619417198708 0.0076393129817216637 0.00027895787113578805 0.00064946971006934508 0.0076393129817216637 0.00027895787113578805 0.00027895787113578805 -0.0051901329445181279 0.00064946971006934508 0.00027895787113578805 0.00027895787113578805 0.00064946971006934508
leaf_weight=1.9636925281956772 3.6333456628490231 2.9270087750628608 2.3949071306269607 4.4451554284896702 71.768673219252378 4.2682928356807679 0.89490577357355527 7.8814015423413366 1.5343673591269178 0.45514846837613732 3.4363129881676278
leaf_count=220 39 112 201 272 11367 670 199 233 322 48 606
internal_value=0.000925984 0.000614911 0.00358038 0.00753812 -4.04499e-05 -0.00244249 -0.00565317 0.00064947 0.000278958 -0.00200943 0.000278958
internal_weight=105.603 101.97 17.6485 6.84006 84.3214 9.11641 4.84811 10.8084 2.88442 1.35005 75.205
internal_count=14289 14250 818 473 13432 1459 789 345 569 247 11973
is_linear=0
shrinkage=0.03


Tree=150
num_leaves=9
num_cat=0
split_feature=5 2 1 2 7 7 2 2
split_gain=0.113906 0.0328638 0.0320474 0.315968 0.0383231 0.0159173 0.00452568 0.000991913
threshold=99.799999199996805 0.95171829379470452 95.17587452425397 46.824596774193559 8.0128205128205146 1.5914786967418548 5.5499551971326175 99.698492157765884
decision_type=2 2 2 2 2 2 2 2
left_child=1 -1 4 -4 5 -3 -6 -8
right_child=-2 2 3 -5 6 -7 7 -9
leaf_value=-0.0052034990771706738 0.004231158336408687 -0.0052034990771706738 -0.00066278910848385048 0.004231158336408687 -0.0017591113179052009 -0.0017591113179052009 -0.00066278910848385048 0.0016342396951976139
leaf_weight=0.37806837307289143 3.6339741456322363 0.3971514132572328 4.8189373527420676 2.1323265770915896 2.8444664381677276 5.8477786517469212 83.834071526303887 0.41031346702948113
leaf_count=86 40 35 567 119 535 758 12116 22
internal_value=-0.00037529 -0.000581568 -0.000512941 0.00132937 -0.000662789 -0.00285854 -0.000662789 -0.000662789
internal_weight=104.297 100.663 100.285 6.95126 93.3338 6.24493 87.0889 84.2444
internal_count=14278 14238 14152 686 13466 793 12673 12138
is_linear=0
shrinkage=0.03


Tree=151
num_leaves=9
num_cat=0
split_feature=5 11 1 2 7 11 2 7
split_gain=0.109896 0.0404184 0.105857 0.339981 0.0538431 0.0485926 0.00912555 0.00415173
threshold=99.799999199996805 6.8912747765254574 95.17587452425397 46.824596774193559 8.0128205128205146 86.359063508543201 99.698492157765884 96.720430107526894
decision_type=2 2 2 2 2 2 2 2
left_child=1 7 4 -4 5 -3 -6 -1
right_child=-2 2 3 -5 6 -7 -8 -9
leaf_value=-0.0033299591348253921 0.0041599663649220103 -0.0031093270215930054 -0.00070484313154843851 0.0041599663649220103 -0.00070484313154843851 -0.00070484313154843851 0.0023764147557752495 -0.00070484313154843851
leaf_weight=4.1217872948618597 3.6271335445344439 3.2662126449868074 4.6096887382445848 1.954948579194024 83.104328091954812 2.9410690246149898 0.39379681856371362 0.25084062316454936
leaf_count=911 40 592 524 98 11876 182 19 36
internal_value=-0.000368127 -0.00057064 -0.000424551 0.00299248 -0.000704843 -0.00310933 -0.000704843 -0.00310933
internal_weight=104.27 100.643 96.27 6.56464 89.7054 6.20728 83.4981 4.37263
internal_count=14278 14238 13291 622 12669 774 11895 947
is_linear=0
shrinkage=0.03


Tree=152
num_leaves=8
num_cat=0
split_feature=11 8 1 5 1 2 11
split_gain=0.111581 0.484285 0.314759 0.258766 0.127229 0.0222985 0.0134756
threshold=95.259481037924161 99.358974358974379 79.638907668533918 66.365527836356833 0.40363310524600854 0.95171829379470452 0.80726621049201708
decision_type=2 2 2 2 2 2 2
left_child=4 2 -2 -4 -1 -6 -7
right_child=1 -3 3 -5 5 6 -8
leaf_value=-0.0095562949701489958 -0.00086674731205843829 0.010828059324628984 -0.00086674731205843829 0.010828059324628984 -0.0050088322071213734 -0.0041642825723921641 -0.00086674731205843829
leaf_weight=0.5264182846294706 13.311903850641107 3.108414862304925 2.0831215555081135 2.7569922164548188 0.35285375290550192 0.6537490664049973 81.510989173897542
leaf_count=26 555 28 80 34 81 109 13365
internal_value=-0.000369675 0.00152362 -0.000551883 0.00613041 -0.000866747 -0.000866747 -0.000866747
internal_weight=104.304 21.2604 18.152 4.84011 83.044 82.5176 82.1647
internal_count=14278 697 669 114 13581 13555 13474
is_linear=0
shrinkage=0.03


Tree=153
num_leaves=7
num_cat=0
split_feature=5 1 2 7 2 2
split_gain=0.0799904 0.0366945 0.284487 0.0502116 0.0148424 0.00401729
threshold=99.799999199996805 95.17587452425397 46.824596774193559 1.5914786967418548 2.4000096000384006 99.698492157765884
decision_type=2 2 2 2 2 2
left_child=1 3 -3 -1 -5 -6
right_child=-2 2 -4 4 5 -7
leaf_value=-0.0063777504192315416 0.0035679416600662346 -0.00065172378774638569 0.0035679416600662346 -0.0035073078710036024 -0.00065172378774638569 0.0014531581770425457
leaf_weight=0.39124184125102957 3.575373758096247 4.9151511855889103 2.1938962551066652 0.78696522128302504 91.978344168281183 0.41117079462855954
leaf_count=35 40 597 119 200 13265 22
internal_value=-0.000318085 -0.000489825 0.00145865 -0.000651724 -0.000651724 -0.000651724
internal_weight=104.252 100.677 7.10905 93.5677 93.1765 92.3895
internal_count=14278 14238 716 13522 13487 13287
is_linear=0
shrinkage=0.03


Tree=154
num_leaves=7
num_cat=0
split_feature=11 8 5 11 2 7
split_gain=0.0867239 0.464526 0.119402 0.0189239 0.00937313 0.000784964
threshold=95.259481037924161 99.358974358974379 99.199996799987218 0.80726621049201708 0.95171829379470452 94.325955734406449
decision_type=2 2 2 2 2 2
left_child=3 2 -2 -1 -5 -6
right_child=1 -3 -4 4 5 -7
leaf_value=-0.0040266689188421349 -0.0007620425993605499 0.010502175795820077 0.0044352636020136005 -0.0034484874268604303 -0.00094492922451199684 -0.0007620425993605499
leaf_weight=0.65252475754823436 15.105879428563645 3.077001027762889 3.0050969645380965 0.31233586894813825 76.741344009526074 5.3360743857920161
leaf_count=110 638 28 31 80 12515 876
internal_value=-0.000324373 0.00134803 -0.000675392 -0.000762043 -0.000762043 -0.000762043
internal_weight=104.23 21.188 18.111 83.0423 82.3898 82.0774
internal_count=14278 697 669 13581 13471 13391
is_linear=0
shrinkage=0.03


Tree=155
num_leaves=15
num_cat=0
split_feature=3 4 7 0 1 2 11 7 2 1 7 4 2 11
split_gain=0.294798 0.0407403 0.107996 0.100819 0.096312 0.129166 0.123274 0.0664652 0.0615838 0.0483439 0.0842839 0.0753016 0.0288223 0.0217598
threshold=99.597179853313449 99.199996799987218 1.5914786967418548 99.597179853313449 14.127158683610299 44.829397225033574 14.600058400233602 65.892857142857153 93.699974799899209 35.506406541755204 82.725464190981441 96.582911121346555 91.474208840383767 93.353467579671602
decision_type=2 2 2 2 2 2 2 2 2 2 2 2 2 2
left_child=1 2 -1 4 7 -6 -7 8 -4 10 11 -8 -3 -10
right_child=-2 12 3 -5 5 6 9 -9 13 -11 -12 -13 -14 -15
leaf_value=-0.0093788346879503538 0.0054196312259443746 0.001122548462366533 -0.0066486577798480564 0.001122548462366533 -0.0022252489809795385 -0.0022252489809795385 -0.0022252489809795385 -0.0022252489809795385 -0.0060233269687636178 0.001122548462366533 0.001122548462366533 0.001122548462366533 0.0036476818470248711 -0.0022252489809795385
leaf_weight=0.44504398992285032 5.816304476466029 3.3315349307376882 6.6482012554770282 0.98263434297405083 33.606969335116446 3.6969736439641556 10.050204793922601 4.7710016784258196 1.4937011956935751 26.593523646821268 2.1489000709261736 2.1100049684755495 3.2658315328881145 0.85251433518715192
leaf_count=45 79 52 1076 20 6063 831 1573 618 207 3437 287 54 50 33
internal_value=-0.000629142 -0.00103114 -0.00119355 -0.00105496 -0.00128186 -0.000849673 0.000212927 -0.00351341 -0.00521392 0.000813681 -0.000662246 -0.00197025 0.00112255 -0.00222525
internal_weight=105.813 99.997 93.3997 92.9546 91.972 78.2066 44.5996 13.7654 8.99442 40.9026 14.3091 12.1602 6.59737 2.34622
internal_count=14425 14346 14244 14199 14179 12245 6182 1934 1316 5351 1914 1627 102 240
is_linear=0
shrinkage=0.03


Tree=156
num_leaves=12
num_cat=0
split_feature=3 4 7 4 7 0 2 2 2 2 7
split_gain=0.287961 0.0442481 0.0532898 0.0358513 0.149949 0.0922144 0.0332718 0.00936458 0.00234085 0.00398726 0.00352206
threshold=99.597179853313449 1.6145324209840342 20.638945233265723 99.199996799987218 1.5914786967418548 99.597179853313449 91.474208840383767 17.300269201076809 99.698492157765884 0.95171829379470452 97.847985347985357
decision_type=2 2 2 2 2 2 2 2 2 2 2
left_child=1 2 -1 4 -3 8 -5 -4 9 -6 -11
right_child=-2 3 7 6 5 -7 -8 -9 -10 10 -12
leaf_value=-0.0089242992875871018 0.0053613475068826242 -0.0089242992875871018 -0.0039909416673506301 0.0011741379506611008 -0.0037789542547155036 0.0011741379506611008 0.0038823643897135558 -0.00090887598146053216 0.0011741379506611008 -0.00090887598146053216 0.00065870640013406445
leaf_weight=0.4086566288024176 5.8228947680909178 0.32340928283519943 0.43325551552698016 3.3561172299087039 0.29259466950315882 0.98963521793484588 3.2706692174542695 0.2993946656351909 0.3673490968067189 87.684692422393709 2.2806254969909778
leaf_count=71 79 39 100 52 71 20 50 59 20 13450 414
internal_value=-0.000613069 -0.00101175 -0.00532262 -0.000908876 -0.000908876 -0.000908876 0.00117414 -0.000908876 -0.000908876 -0.000908876 -0.000908876
internal_weight=105.529 99.7064 1.14131 98.5651 91.9383 91.6149 6.62679 0.73265 90.6253 90.2579 89.9653
internal_count=14425 14346 230 14116 14014 13975 102 159 13955 13935 13864
is_linear=0
shrinkage=0.03


Tree=157
num_leaves=9
num_cat=0
split_feature=5 4 0 7 2 4 2 2
split_gain=0.241619 0.356968 0.084797 0.0581406 0.149563 0.033557 0.0267831 0.0107092
threshold=99.597179853313449 98.992949633283587 99.597179853313449 96.459899749373449 38.399953599814403 1.6145324209840342 25.528676088790814 99.698492157765884
decision_type=2 2 2 2 2 2 2 2
left_child=1 2 3 5 -5 6 -1 -7
right_child=-2 -3 -4 4 -6 7 -8 -9
leaf_value=-0.0076378647426272742 0.0046103589075649296 0.0046103589075649296 0.0046103589075649296 -0.0017347394613286304 0.0046103589075649296 -0.0017347394613286304 -0.0017347394613286304 0.0014430953987108334
leaf_weight=0.73113856697454938 6.4395662543829522 6.2370921501424155 0.5044378386810412 0.97476845595519934 2.0417163083329797 87.795904962229542 0.33905610837973654 0.36405760073102911
leaf_count=148 78 116 11 235 362 13396 60 19
internal_value=-0.000615775 -0.000998464 -0.00148926 -0.00159069 0.00204136 -0.00173474 -0.00574002 -0.00173474
internal_weight=105.428 98.9882 92.7511 92.2466 3.01648 89.2302 1.07019 88.16
internal_count=14425 14347 14231 14220 597 13623 208 13415
is_linear=0
shrinkage=0.03


Tree=158
num_leaves=8
num_cat=0
split_feature=3 4 7 7 10 11 11
split_gain=0.221631 0.0455873 0.0538514 0.019268 0.00831688 0.0809034 0.0038957
threshold=99.597179853313449 1.6145324209840342 20.638945233265723 1.5914786967418548 99.333333333333357 96.978848899850732 86.359063508543201
decision_type=2 2 2 2 2 2 2
left_child=1 2 -1 -3 -5 6 -6
right_child=-2 3 -4 4 5 -7 -8
leaf_value=-0.0089382164379430383 0.0046153681403054477 -0.0042829588641927476 -0.00085115333023380992 -0.00085115333023380992 -0.00085115333023380992 0.0046153681403054477 0.00061050432063477784
leaf_weight=0.40708506514783838 5.8813721355982116 0.50293586542829771 0.73101971938740462 89.985659618047066 4.5815450480440623 1.27341016754508 2.0347155956551433
leaf_count=71 79 41 159 13774 248 16 37
internal_value=-0.000603545 -0.000954828 -0.00532702 -0.000851153 -0.00079038 0.000130979 -0.000851153
internal_weight=105.398 99.5164 1.1381 98.3783 97.8753 7.88967 6.61626
internal_count=14425 14346 230 14116 14075 301 285
is_linear=0
shrinkage=0.03


Tree=159
num_leaves=8
num_cat=0
split_feature=5 4 0 7 2 4 2
split_gain=0.164793 0.277504 0.076313 0.0587995 0.130727 0.0351969 0.027364
threshold=99.597179853313449 98.992949633283587 99.597179853313449 96.459899749373449 38.399953599814403 1.6145324209840342 25.528676088790814
decision_type=2 2 2 2 2 2 2
left_child=1 2 3 5 -5 6 -1
right_child=-2 -3 -4 4 -6 -7 -8
leaf_value=-0.0076426616394383281 0.0036330204990184102 0.0036330204990184102 0.0036330204990184102 -0.0016629687414613172 0.0036330204990184102 -0.0016629687414613172 -0.0016629687414613172
leaf_weight=0.7293460324872274 6.5203143386170259 6.2591763377422458 0.50201812665909429 0.97381855011917595 2.0468732500448823 87.92001177999191 0.33831096172798425
leaf_count=148 78 116 11 235 362 13415 60
internal_value=-0.000661857 -0.000978958 -0.00141734 -0.00151714 0.00212406 -0.00166297 -0.00574437
internal_weight=105.29 98.7696 92.5104 92.0084 3.02069 88.9877 1.06766
internal_count=14425 14347 14231 14220 597 13623 208
is_linear=0
shrinkage=0.03


Tree=160
num_leaves=5
num_cat=0
split_feature=2 7 1 11
split_gain=0.0358487 0.208593 0.178016 0.511934
threshold=5.5499551971326175 32.373653686826849 96.582911121346555 91.374113689225865
decision_type=2 2 2 2
left_child=1 -1 -2 -4
right_child=2 -3 3 -5
leaf_value=-0.0086968366321273846 0.00022612400707833371 0.00022612400707833371 0.00022612400707833371 0.013323601185698277
leaf_weight=1.7853947152616445 94.766473259660415 2.5915140244178474 2.9567010093014678 2.620393841760233
leaf_count=245 13141 558 326 42
internal_value=0.000100396 -0.00228799 0.000226124 0.00516243
internal_weight=104.72 4.37691 100.344 5.57709
internal_count=14312 803 13509 368
is_linear=0
shrinkage=0.03


Tree=161
num_leaves=7
num_cat=0
split_feature=1 2 11 1 11 8
split_gain=0.0361648 0.658634 0.049308 0.0167791 0.00969097 0.00359954
threshold=96.582911121346555 38.252763071414471 91.374113689225865 0.40363310524600854 0.80726621049201708 2.225447508466377
decision_type=2 2 2 2 2 2
left_child=3 -2 -3 -1 -5 -6
right_child=1 2 -4 4 5 -7
leaf_value=-0.0024446255827477699 -4.7729081247676918e-05 0.0039444111480467208 0.015742881563115086 -0.002429421936175825 -0.0016188680528167203 -4.7729081247676918e-05
leaf_weight=1.6289300734642882 3.4959003494586787 1.3760352797107773 1.5437793508172033 0.61071933747734775 0.75023214879911293 95.337810848955996
leaf_count=52 383 115 13 108 139 13502
internal_value=0.000104153 0.00212444 0.0126074 -4.77291e-05 -4.77291e-05 -4.77291e-05
internal_weight=104.743 6.41571 2.91981 98.3277 96.6988 96.088
internal_count=14312 511 128 13801 13749 13641
is_linear=0
shrinkage=0.03


Tree=162
num_leaves=8
num_cat=0
split_feature=11 10 7 7 11 11 2
split_gain=0.0288204 0.126428 0.0158939 0.010298 0.142129 0.0260083 0.0224
threshold=6.8912747765254574 96.922348484848499 96.91650853889945 94.325955734406449 61.720268169452005 95.259481037924161 25.000000000000004
decision_type=2 2 2 2 2 2 2
left_child=1 2 -1 5 -5 -2 -6
right_child=3 -3 -4 4 6 -7 -8
leaf_value=-0.0057802142975174236 0.00023150490526631758 0.00023150490526631758 0.00023150490526631758 0.00023150490526631758 0.0012963966440880661 0.0012963966440880661 0.0069645877157037883
leaf_weight=3.306685470975935 74.113462110050023 1.2691055985633282 0.24812829599250097 2.444818735937587 0.44553661893587637 20.276856334647164 2.5426130538107827
leaf_count=888 11800 55 36 530 80 660 263
internal_value=0.000114016 -0.00193953 -0.00533803 0.000231505 0.00143528 0.000231505 0.00609877
internal_weight=104.647 4.82392 3.55481 99.8233 5.43297 94.3903 2.98815
internal_count=14312 979 924 13333 873 12460 343
is_linear=0
shrinkage=0.03


Tree=163
num_leaves=6
num_cat=0
split_feature=8 7 7 2 6
split_gain=0.0286146 0.0597681 0.0230872 0.144736 0.0884818
threshold=2.225447508466377 15.438786565547131 97.847985347985357 47.278225806451623 89.331436699857775
decision_type=2 2 2 2 2
left_child=1 -1 -2 -4 -5
right_child=2 -3 3 4 -6
leaf_value=-0.0073898888701721321 0.00018926761708615189 0.00018926761708615189 0.00018926761708615189 0.00018926761708615189 0.011343626575539804
leaf_weight=0.39353062340523948 101.11344409768935 0.45167586149182171 1.2050636253552505 0.64381731138564624 0.85486726486124098
leaf_count=70 13711 84 251 154 42
internal_value=0.000125227 -0.00358048 0.000189268 0.00255988 0.00796596
internal_weight=104.662 0.845206 103.817 2.70375 1.49868
internal_count=14312 154 14158 447 196
is_linear=0
shrinkage=0.03


Tree=164
num_leaves=6
num_cat=0
split_feature=8 7 7 2 6
split_gain=0.0259503 0.057199 0.0232358 0.145145 0.0886322
threshold=2.225447508466377 15.438786565547131 97.847985347985357 47.278225806451623 89.331436699857775
decision_type=2 2 2 2 2
left_child=1 -1 -2 -4 -5
right_child=2 -3 3 4 -6
leaf_value=-0.0071794891059615458 0.00018431885868896587 0.00018431885868896587 0.00018431885868896587 0.00018431885868896587 0.011356815022848835
leaf_weight=0.38852667284663667 101.11162022931967 0.45166546443942934 1.2051014548633241 0.6437713886843992 0.85390711738727987
leaf_count=70 13711 84 251 154 42
internal_value=0.000123452 -0.00341053 0.000184319 0.00256274 0.00797537
internal_weight=104.655 0.840192 103.814 2.70278 1.49768
internal_count=14312 154 14158 447 196
is_linear=0
shrinkage=0.03


Tree=165
num_leaves=7
num_cat=0
split_feature=7 11 6 1 7 7
split_gain=0.233539 0.45723 0.474923 0.110421 0.0861228 0.0903223
threshold=91.987179487179489 57.042282031351213 76.028169014084526 0.80726621049201708 19.543650793650798 1.5914786967418548
decision_type=2 2 2 2 2 2
left_child=3 -2 -3 4 -1 -5
right_child=1 2 -4 5 -6 -7
leaf_value=-0.0096939784809207622 -0.00073746353748696254 -0.00073746353748696254 0.014173713289422595 -0.0074983477449597873 -0.00073746353748696254 -0.00073746353748696254
leaf_weight=1.2186374360462644 3.5175149829592538 1.6405377743067218 3.8210553406970575 0.88153589388821174 1.4311758845578877 92.456369550549425
leaf_count=43 726 359 133 45 68 13052
internal_value=-0.000290451 0.00408321 0.00924546 -0.000737464 -0.00596982 -0.000737464
internal_weight=104.967 8.97911 5.46159 95.9877 2.64981 93.3379
internal_count=14426 1218 492 13208 111 13097
is_linear=0
shrinkage=0.03


Tree=166
num_leaves=8
num_cat=0
split_feature=7 11 6 1 2 7 7
split_gain=0.187765 0.401853 0.414516 0.117868 0.106334 0.0920778 0.0650206
threshold=91.987179487179489 57.042282031351213 76.028169014084526 0.80726621049201708 69.54801095731014 19.543650793650798 1.5914786967418548
decision_type=2 2 2 2 2 2 2
left_child=3 -2 -3 5 -4 -1 -5
right_child=1 2 4 6 -6 -7 -8
leaf_value=-0.0099315491827803477 -0.00068230451233154102 -0.00068230451233154102 0.004092003116388813 -0.0065103429578588839 0.016567909403227599 -0.00068230451233154102 -0.00068230451233154102
leaf_weight=1.2195893500465893 3.5181652250466851 1.6412689024582503 1.8224836946465073 0.8667122763581564 2.2071637227199972 1.4296685792505739 92.277845374075696
leaf_count=43 726 359 79 45 54 68 13052
internal_value=-0.000277032 0.00360014 0.00838945 -0.000682305 0.0128609 -0.00608572 -0.000682305
internal_weight=104.983 9.18908 5.67092 95.7938 4.02965 2.64926 93.1446
internal_count=14426 1218 492 13208 133 111 13097
is_linear=0
shrinkage=0.03


Tree=167
num_leaves=8
num_cat=0
split_feature=7 11 6 2 1 7 7
split_gain=0.171078 0.381903 0.393932 0.104378 0.100872 0.115578 0.0545471
threshold=91.987179487179489 57.042282031351213 76.028169014084526 69.54801095731014 0.80726621049201708 19.543650793650798 1.5914786967418548
decision_type=2 2 2 2 2 2 2
left_child=4 -2 -3 -4 5 -1 -6
right_child=1 2 3 -5 6 -7 -8
leaf_value=-0.01000201006800948 -0.00062146261758593143 -0.00062146261758593143 0.0039578899241888253 0.016121984455318834 -0.0059808244812159213 -0.00062146261758593143 -0.00062146261758593143
leaf_weight=1.2226039486704388 3.5181522406637651 1.6412810746114699 1.8491579432738943 2.2243152207229286 0.85332601610571046 1.4017342827282844 92.288564504822716
leaf_count=43 726 359 79 54 45 68 13052
internal_value=-0.000233485 0.00345819 0.0081312 0.0124686 -0.000621463 -0.00563695 -0.000621463
internal_weight=104.999 9.23291 5.71475 4.07347 95.7662 2.62434 93.1419
internal_count=14426 1218 492 133 13208 111 13097
is_linear=0
shrinkage=0.03


Tree=168
num_leaves=10
num_cat=0
split_feature=9 6 1 11 2 10 8 11 2
split_gain=0.120105 0.430826 0.20764 0.795693 0.383738 0.072754 0.0497067 0.154234 0.00638747
threshold=25.976661593099951 96.884057971014514 18.956844375764604 94.561928019731297 95.024928890038154 70.074626865671661 75.556361877116601 64.779595738101293 97.784489193223877
decision_type=2 2 2 2 2 2 2 2 2
left_child=2 6 3 4 -1 -3 -2 -8 -6
right_child=1 5 -4 -5 8 -7 7 -9 -10
leaf_value=-0.016228789425208931 -0.00035041436601210502 0.0014916564729477717 -0.00035041436601210502 -0.00035041436601210502 -0.0021612699844376988 0.0089173530976052028 -0.00035041436601210502 0.0014916564729477717 -0.00035041436601210502
leaf_weight=4.1949306140886602 38.033802003599703 2.0841741466429076 25.916499502724037 4.3213467748137191 0.88307168660685398 4.7180246871430427 11.481940570054578 12.516805910738183 0.88177709118463099
leaf_count=544 8141 112 2842 131 62 61 1865 621 47
internal_value=-0.000256316 0.000479742 -0.0016313 -0.00503934 -0.0121211 0.00712494 -0.000350414 0.000989154 -0.000350414
internal_weight=105.032 68.8347 36.1976 10.2811 5.95978 6.8022 62.0325 23.9987 1.76485
internal_count=14426 10800 3626 784 653 173 10627 2486 109
is_linear=0
shrinkage=0.03


Tree=169
num_leaves=9
num_cat=0
split_feature=7 11 6 2 9 2 2 7
split_gain=0.165484 0.373126 0.388736 0.102594 0.0533338 0.0449628 0.0275927 0.000988619
threshold=91.987179487179489 57.042282031351213 76.028169014084526 69.54801095731014 25.976661593099951 97.631048387096783 4.7737612321417044 31.761695906432752
decision_type=2 2 2 2 2 2 2 2
left_child=4 -2 -3 -4 5 7 -6 -1
right_child=1 2 3 -5 6 -7 -8 -9
leaf_value=-0.0027936236446963426 -0.0006138092800952984 -0.0006138092800952984 0.0038701012107378845 0.015840400431389113 -0.0022709357162648989 -0.0006138092800952984 -0.0006138092800952984 -0.0022709357162648989
leaf_weight=21.133408938418146 3.5180112589150649 1.6433691879501564 1.8506824842188505 2.2749581793323159 1.9533647767966602 1.9169373812619586 60.330688902758993 10.35684502776712
leaf_count=1886 726 359 79 54 447 92 9248 1535
internal_value=-0.000231041 0.00338919 0.00798957 0.0122734 -0.000613809 -0.00179957 -0.000613809 -0.00227094
internal_weight=104.978 9.28702 5.76901 4.12564 95.6912 33.4072 62.2841 31.4903
internal_count=14426 1218 492 133 13208 3513 9695 3421
is_linear=0
shrinkage=0.03


Tree=170
num_leaves=13
num_cat=0
split_feature=5 10 6 4 4 9 11 10 9 9 9 9
split_gain=0.121396 0.120352 0.138255 0.239704 0.120079 0.0944088 0.0577112 0.0389905 0.146694 0.0342594 0.00300548 0.00114922
threshold=99.799999199996805 67.928571428571445 97.240197944423315 95.883989596564462 99.799999199996805 45.183384887317722 14.127158683610299 91.918367346938794 58.086312118570191 82.444286391654828 75.55713608345188 98.196881091617954
decision_type=2 2 2 2 2 2 2 2 2 2 2 2
left_child=1 6 4 5 7 -4 9 -3 -9 -1 -8 -11
right_child=-2 2 3 -5 -6 -7 10 8 -10 11 -12 -13
leaf_value=-0.005520227574428817 0.0049284898963554294 -0.00075259146229675182 -0.00017488322572561894 0.0049284898963554294 0.0049284898963554294 0.0049284898963554294 -0.0010497074236345825 -0.00017488322572561894 0.0049284898963554294 -0.0015567459760200536 -0.00075259146229675182 -0.00075259146229675182
leaf_weight=3.0188488524872801 3.4403761366847894 20.855323530151509 1.9451702031074081 3.1361738704144955 0.78923773765563865 2.7598958094604313 36.057100313948467 15.138536303769799 5.0206299425335592 1.6884334702044728 11.526260584942063 0.47561397776007641
leaf_count=883 39 2954 119 29 9 42 6612 655 515 374 2088 94
internal_value=7.18606e-05 -0.000137373 0.000913483 0.00432233 0.000188035 0.000188035 -0.00112467 -0.000174883 -0.000174883 -0.00386645 -0.000752591 -0.000752591
internal_weight=105.852 102.411 49.645 7.84124 41.8037 4.70507 52.7663 41.0145 20.1592 5.1829 47.5834 2.16405
internal_count=14413 14374 4323 190 4133 161 10051 4124 1170 1351 8700 468
is_linear=0
shrinkage=0.03


Tree=171
num_leaves=10
num_cat=0
split_feature=5 1 4 4 6 11 10 2 2
split_gain=0.0896419 0.0967737 0.358962 0.108389 0.0163967 0.00931405 0.00885038 0.018578 0.0248191
threshold=99.799999199996805 96.199984799939202 69.587078925163908 99.799999199996805 96.352785145888603 0.80726621049201708 90.976933514246966 96.080366377917144 36.331837061219218
decision_type=2 2 2 2 2 2 2 2 2
left_child=1 3 -3 4 5 -1 7 -7 -8
right_child=-2 2 -4 -5 -6 6 8 -9 -10
leaf_value=-0.003301535115766288 0.0041663612518016658 -0.00042865136682147185 0.0041663612518016658 0.0041663612518016658 -0.00042865136682147185 -0.0012211618919997179 -0.0012211618919997179 -0.00042865136682147185 -0.00042865136682147185
leaf_weight=0.52376639505382527 3.4618847779929629 3.9390710609732187 2.5565267405472696 1.5249765985645343 10.476688027963972 60.415593159385026 4.4551949318265569 5.1300797068979582 13.491802175878545
leaf_count=105 39 509 50 19 595 11510 336 510 740
internal_value=2.93488e-06 -0.000176555 0.00310997 -0.000428651 -0.000593328 -0.000882744 -0.000828675 -0.000999295 -0.000428651
internal_weight=105.976 102.514 6.4956 96.0181 94.4931 84.0164 83.4927 65.5457 17.947
internal_count=14413 14374 559 13815 13796 13201 13096 12020 1076
is_linear=0
shrinkage=0.03


Tree=172
num_leaves=11
num_cat=0
split_feature=5 1 2 10 11 10 9 10 2 2
split_gain=0.0770262 0.0899182 0.222287 0.0179709 0.017887 0.0390625 0.0335732 0.000701525 0.10055 0.0304504
threshold=99.799999199996805 96.199984799939202 28.915376023677137 92.078431372549034 14.127158683610299 95.227272727272734 87.119815668202776 92.078431372549034 36.53223786282242 96.080366377917144
decision_type=2 2 2 2 2 2 2 2 2 2
left_child=1 4 3 -3 5 6 -1 9 -9 -6
right_child=-2 2 -4 -5 7 -7 -8 8 -10 -11
leaf_value=-0.0044383966021448035 0.0039176076966079597 -0.00036053075176553927 0.0039176076966079597 0.0039176076966079597 -0.00036053075176553927 -0.00036053075176553927 -0.00036053075176553927 -0.00036053075176553927 0.0022042309977966437 0.0016921430956946251
leaf_weight=3.9227472620550525 3.4416738741565487 2.0731326801469545 3.0427889473503456 1.3631522436626253 64.839834786602296 1.4414485564921049 2.6409767490113154 4.2635136155877289 13.157741432427427 5.6552821965888134
leaf_count=1134 39 327 175 57 10615 179 530 270 602 485
internal_value=4.95754e-05 -0.000117059 0.00305375 -0.000360531 -0.000360531 -0.00170296 -0.00297027 -0.000360531 8.18528e-06 -0.000360531
internal_weight=105.842 102.401 6.47907 3.43628 95.9215 8.00517 6.56372 87.9164 17.4213 70.4951
internal_count=14413 14374 559 384 13815 1843 1664 11972 872 11100
is_linear=0
shrinkage=0.03


Tree=173
num_leaves=11
num_cat=0
split_feature=5 10 1 6 0 0 11 2 9 1
split_gain=0.0719595 0.100883 0.156319 0.185564 0.242292 0.079399 0.0557586 0.0485334 0.0339394 0.0245748
threshold=99.799999199996805 67.928571428571445 96.199984799939202 97.240197944423315 96.582911121346555 99.799999199996805 14.127158683610299 53.911833590882758 82.444286391654828 96.978848899850732
decision_type=2 2 2 2 2 2 2 2 2 2
left_child=1 6 3 5 7 -3 8 -5 -1 -8
right_child=-2 2 -4 4 -6 -7 9 -9 -10 -11
leaf_value=-0.0054616431009043287 0.0037981316300263832 -0.00089953211614562261 0.0037981316300263832 -0.00089953211614562261 0.0037981316300263832 0.0037981316300263832 -0.00089953211614562261 0.0037981316300263832 -0.00089953211614562261 0.0021410985008025146
leaf_weight=2.9894726889906442 3.4317512244451782 38.109642727999017 3.6990782064385703 1.5738988480297842 3.715065773576498 0.58384927734732528 45.617898082360625 2.1252048953901976 2.1617170654935762 1.83781878708396
leaf_count=883 39 3945 190 81 37 7 8505 63 468 195
internal_value=5.51596e-05 -0.000105777 0.000853152 0.000241916 0.00379813 -0.000626769 -0.00101264 -0.000626769 -0.00379802 -0.000899532
internal_weight=105.845 102.414 49.8067 46.1077 7.41417 38.6935 52.6069 3.6991 5.15119 47.4557
internal_count=14413 14374 4323 4133 181 3952 10051 144 1351 8700
is_linear=0
shrinkage=0.03


Tree=174
num_leaves=7
num_cat=0
split_feature=1 4 4 1 3 6
split_gain=0.0471777 0.772438 0.17603 0.0244952 0.0396049 0.0049781
threshold=96.199984799939202 69.587078925163908 99.799999199996805 0.80726621049201708 92.749237359641725 96.352785145888603
decision_type=2 2 2 2 2 2
left_child=2 -2 3 4 -1 -5
right_child=1 -3 -4 5 -6 -7
leaf_value=-0.005613589788664255 -0.00017661582695267434 0.013489320477377609 0.0061799897019335689 -0.00033166977243100402 -0.00033166977243100402 -0.00017661582695267434
leaf_weight=1.1042578802444034 4.1060692368773735 2.9683539496036246 2.7767319530248633 83.741480252472684 1.0110523810144512 10.161480667768044
leaf_count=81 511 53 33 13119 25 591
internal_value=1.86186e-06 0.00220751 -0.000176616 -0.000422246 -0.00304596 -0.00033167
internal_weight=105.869 7.07442 98.795 96.0183 2.11531 93.903
internal_count=14413 564 13849 13816 106 13710
is_linear=0
shrinkage=0.03


Tree=175
num_leaves=15
num_cat=0
split_feature=8 11 7 11 4 11 4 9 9 11 2 11 2 2
split_gain=0.0910796 0.0931261 0.0924695 0.300871 0.241213 0.134111 0.0770489 0.0211446 0.00989953 0.0169905 0.046349 0.022975 0.0120499 0.000381877
threshold=2.225447508466377 6.8912747765254574 92.907444668008068 88.922445966119326 67.975798338417619 57.042282031351213 0.80726621049201708 54.816615112682285 41.955396256471531 90.999963999856007 14.723600426659774 82.447403579936903 98.994965737927473 92.8571139396295
decision_type=2 2 2 2 2 2 2 2 2 2 2 2 2 2
left_child=-1 7 6 4 -4 -6 -3 -2 9 10 11 -8 -12 -11
right_child=1 2 3 -5 5 -7 8 -9 -10 13 12 -13 -14 -15
leaf_value=-0.0068296436048419186 -0.0068296436048419186 -0.0038908411292903964 -0.00011800779783399348 0.010939511216809089 -0.00011800779783399348 0.01050637342304927 -0.0038908411292903964 -0.0038908411292903964 -0.00011800779783399348 -0.00047564519376216697 -0.00055821728861916759 -0.00055821728861916759 -0.00011800779783399348 -0.00011800779783399348
leaf_weight=0.81104599591344495 0.80165519216097791 0.78543966426513989 2.9435033721383652 1.959635376697406 0.95175951812416348 2.015262640081346 2.7449200584087552 3.5779545617988333 44.830143817001954 15.045592560549268 26.310183933819651 0.33456824137829233 0.49933617585338552 2.8109663164941585
leaf_count=142 217 77 633 106 130 113 567 713 6710 617 4191 55 23 64
internal_value=-0.00015881 -4.40003e-05 0.000158858 0.00308626 -0.000118008 0.00732288 -0.000118008 -0.00389084 -0.000118008 -0.000585233 -0.00103452 -0.00389084 -0.000558217 -0.000118008
internal_weight=106.422 105.611 101.231 7.87016 5.91053 2.96702 93.3612 4.37961 92.5757 47.7456 29.889 3.07949 26.8095 17.8566
internal_count=14358 14216 13286 982 876 243 12304 930 12227 5517 4836 622 4214 681
is_linear=0
shrinkage=0.03


Tree=176
num_leaves=9
num_cat=0
split_feature=7 6 11 4 8 11 5 10
split_gain=0.0901769 0.31784 0.26527 0.0947372 0.0811397 0.036197 0.0198982 0.00179529
threshold=94.325955734406449 76.028169014084526 58.500034000136012 0.80726621049201708 2.225447508466377 6.8912747765254574 97.289663098046347 99.333333333333357
decision_type=2 2 2 2 2 2 2 2
left_child=3 -2 6 -1 -5 7 -3 -6
right_child=1 2 -4 4 5 -7 -8 -9
leaf_value=-0.0071647102104965762 -0.00036999018722353675 -0.00036999018722353675 0.014270636767612895 -0.0068376639183933847 -0.0035491012177019704 -0.00036999018722353675 0.0038201537558811035 -0.00076528917253220288
leaf_weight=0.84976479969918628 3.0569762716768301 0.66170532209798716 1.8542124994564799 0.78876808332279225 2.9937422216171399 94.965115769067779 0.35682512307539582 0.91811078065074969
leaf_count=95 681 136 66 136 830 12379 6 29
internal_value=-0.000145276 0.00316759 0.00944287 -0.00036999 -0.00036999 -0.00036999 -0.00036999 -0.00318456
internal_weight=106.445 5.92972 2.87274 100.516 99.6657 98.877 1.01853 3.91185
internal_count=14358 889 208 13469 13374 13238 142 859
is_linear=0
shrinkage=0.03


Tree=177
num_leaves=11
num_cat=0
split_feature=11 9 7 11 4 9 11 4 9 7
split_gain=0.0683132 0.0718375 0.0717111 0.183343 0.039531 0.0138783 0.0259627 0.01158 0.0617735 0.00249069
threshold=6.8912747765254574 54.816615112682285 94.325955734406449 59.378621788680711 35.506406541755204 41.955396256471531 90.999963999856007 61.189561612096831 91.368667518092821 47.753185781354794
decision_type=2 2 2 2 2 2 2 2 2 2
left_child=1 -1 5 -4 -5 6 -2 8 -3 -8
right_child=2 7 3 4 -6 -7 9 -9 -10 -11
leaf_value=-0.0083396949577406541 -0.00072198240980896132 -0.0057002119606615245 -0.00015936072270489429 0.00050409109741472876 0.0085742222237803357 -0.00015936072270489429 -0.00072198240980896132 -0.00015936072270489429 -0.00015936072270489429 -0.00015936072270489429
leaf_weight=0.79996775835752387 31.585634012590162 1.1984524360159414 2.4179047375218934 0.8012943230569366 2.5248250782024115 45.915883708628826 14.374934087041767 1.5145403975620864 0.79124259529635299 4.4830652555683619
leaf_count=219 4945 328 499 110 221 6944 488 206 180 218
internal_value=-0.000123636 -0.00344315 4.83371e-05 0.00303958 0.00719598 -0.000159361 -0.000652607 -0.000721982 -0.00215219 -0.000159361
internal_weight=106.408 4.3042 102.104 5.74402 3.32612 96.3595 50.4436 3.50424 1.9897 18.858
internal_count=14358 933 13425 830 331 12595 5651 714 508 706
is_linear=0
shrinkage=0.03


Tree=178
num_leaves=10
num_cat=0
split_feature=8 4 11 9 1 7 11 4 9
split_gain=0.0543376 0.0478989 0.0437825 0.0792714 0.119418 0.0372882 0.323601 0.0557727 0.0236065
threshold=2.225447508466377 0.80726621049201708 6.8912747765254574 54.816615112682285 8.8799283154121884 92.907444668008068 92.763811786380941 67.975798338417619 41.955396256471531
decision_type=2 2 2 2 2 2 2 2 2
left_child=-1 -2 3 -3 -5 8 7 -7 -4
right_child=1 2 5 4 -6 6 -8 -9 -10
leaf_value=-0.0052777605472623087 -0.0047896259074399292 -0.0047896259074399292 -0.00046805878264619323 -0.0047896259074399292 0.0002452291275760603 0.0002452291275760603 0.011766005543707114 0.0040835518783922291 0.0002452291275760603
leaf_weight=0.76771856390405346 0.82782056787982483 0.76842033118009467 47.564773354446515 0.41602793056517873 3.0211614149156958 3.2932036205893365 1.4480099205393342 3.4476025147596374 44.772013694280759
leaf_count=142 101 212 5517 40 663 647 62 264 6710
internal_value=-6.14707e-05 2.56398e-05 0.000108641 -0.00257613 0.000245229 0.000245229 0.00215801 0.000245229 0.000245229
internal_weight=106.327 105.559 104.731 4.20561 3.43719 100.526 8.18882 6.74081 92.3368
internal_count=14358 14216 14115 915 703 13200 973 911 12227
is_linear=0
shrinkage=0.03


Tree=179
num_leaves=8
num_cat=0
split_feature=11 7 6 9 11 1 4
split_gain=0.0792202 0.0781351 0.275359 0.0622235 0.0602445 0.0197099 0.0160926
threshold=6.8912747765254574 94.325955734406449 96.884057971014514 91.368667518092821 91.742186992925312 97.985899266567159 99.597179853313449
decision_type=2 2 2 2 2 2 2
left_child=3 -2 4 5 -3 6 -1
right_child=1 2 -4 -5 -6 -7 -8
leaf_value=-0.0070007510305531715 -0.00013122280494832619 -0.00013122280494832619 0.011588132069487368 -0.00013122280494832619 0.0053833546036877187 -0.00013122280494832619 -0.00013122280494832619
leaf_weight=2.2781240111216907 96.235925705637783 3.754808197147212 1.3535101849120108 1.2287332698469979 0.89939862792380143 0.31543601898010809 0.33831909392029036
leaf_count=611 12595 717 56 275 57 42 5
internal_value=-9.20278e-05 9.01473e-05 0.00314892 -0.00371881 -0.000131223 -0.00571156 -0.00635747
internal_weight=106.404 102.244 6.00772 4.16061 4.65421 2.93188 2.61644
internal_count=14358 13425 830 933 774 658 616
is_linear=0
shrinkage=0.03


Tree=180
num_leaves=10
num_cat=0
split_feature=7 6 2 6 10 1 2 7 7
split_gain=0.0554137 0.245338 0.203189 0.0617832 0.0259367 0.0626433 0.0387558 0.0411792 0.0252277
threshold=94.59415584415585 76.028169014084526 38.399953599814403 91.366459627329206 19.848484848484851 27.035118624345468 63.390255778765059 60.912698412698418 65.419580419580441
decision_type=2 2 2 2 2 2 2 2 2
left_child=4 -2 -3 -4 5 8 7 -7 -1
right_child=1 2 3 -5 -6 6 -8 -9 -10
leaf_value=-0.0067385917809038949 -0.00034211945091441133 -0.00034211945091441133 0.0028912001989609879 0.014651115027643543 -0.00034211945091441133 -0.004834049165788965 -0.00034211945091441133 -0.00034211945091441133 -0.00034211945091441133
leaf_weight=1.5119982950855031 3.2719090715982011 0.91929404577240381 1.2465405329130592 1.1790775575209407 89.918755425605923 2.5906891557388008 2.2096256009535864 1.7139385405462233 0.80368169234134246
leaf_count=372 683 85 68 45 11350 678 437 488 184
internal_value=-0.000155185 0.00231325 0.00760814 0.0112158 -0.000342119 -0.00188698 -0.000342119 -0.00292076 -0.00525277
internal_weight=105.366 6.61682 3.34491 2.42562 98.7487 8.82993 6.51425 4.30463 2.31568
internal_count=14390 881 198 113 13509 2159 1603 1166 556
is_linear=0
shrinkage=0.03


Tree=181
num_leaves=9
num_cat=0
split_feature=7 6 8 10 1 2 7 7
split_gain=0.0582697 0.21651 0.0773713 0.021443 0.0592708 0.0357148 0.0402437 0.0233932
threshold=94.59415584415585 91.366459627329206 94.935897435897445 19.848484848484851 27.035118624345468 63.390255778765059 60.912698412698418 65.419580419580441
decision_type=2 2 2 2 2 2 2 2
left_child=3 2 -2 4 7 6 -6 -1
right_child=1 -3 -4 -5 5 -7 -8 -9
leaf_value=-0.0064927266594105963 -0.0003531081943107438 0.0095330865565648581 0.005701885988797192 -0.0003531081943107438 -0.0047492554183474972 -0.0003531081943107438 -0.0003531081943107438 -0.0003531081943107438
leaf_weight=1.4955725073814377 4.1466899113729587 1.5733177601359782 0.98203881736844767 89.820063099148683 2.5795541956322268 2.2104314160533249 1.7130372321698812 0.80355036293622095
leaf_count=372 759 65 57 11350 678 437 488 184
internal_value=-0.000160188 0.00235593 -0.000353108 -0.000353108 -0.00176078 -0.000353108 -0.00284388 -0.00505356
internal_weight=105.324 6.70205 5.12873 98.6222 8.80215 6.50302 4.29259 2.29912
internal_count=14390 881 816 13509 2159 1603 1166 556
is_linear=0
shrinkage=0.03


Tree=182
num_leaves=8
num_cat=0
split_feature=7 11 6 1 10 1 1
split_gain=0.0615232 0.206363 0.454316 0.0415857 0.0081273 0.0337261 0.00123068
threshold=94.59415584415585 70.110300923131419 76.028169014084526 0.40363310524600854 19.848484848484851 27.035118624345468 90.599962399849616
decision_type=2 2 2 2 2 2 2
left_child=3 -2 -3 -1 5 -5 -7
right_child=1 2 -4 4 -6 6 -8
leaf_value=-0.0043065552383785635 -0.00036975219826927697 -0.00036975219826927697 0.014087723718535269 -0.0038397239190943433 -0.00036975219826927697 -0.00094441137804904133 -0.00036975219826927697
leaf_weight=1.4237240279326204 3.2502736754249772 1.3431645539822059 2.1317042394075543 2.2342637927504239 88.384558520978317 5.3512446876848117 1.1366384640568865
leaf_count=54 620 213 48 553 11299 1388 215
internal_value=-0.000171122 0.00241017 0.00703809 -0.000369752 -0.000369752 -0.00130218 -0.000369752
internal_weight=105.256 6.72514 3.47487 98.5304 97.1067 8.72215 6.48788
internal_count=14390 881 261 13509 13455 2156 1603
is_linear=0
shrinkage=0.03


Tree=183
num_leaves=7
num_cat=0
split_feature=1 1 11 7 1 7
split_gain=0.0487316 0.0439708 0.360235 0.0680125 0.0891384 0.0750474
threshold=0.40363310524600854 97.289663098046347 88.199952799811214 8.0128205128205146 17.351989569248605 1.5914786967418548
decision_type=2 2 2 2 2 2
left_child=-1 3 -3 4 -2 -6
right_child=1 2 -4 -5 5 -7
leaf_value=-0.0044049262913183973 -0.0044049262913183973 -0.00024256046958111242 0.010403752611279207 -0.00024256046958111242 -0.0044049262913183973 -0.00024256046958111242
leaf_weight=1.4147213381947938 1.7999085412593547 2.8368106464622533 2.2314146729186177 91.755141419009306 0.50259171554353077 4.6399971205973998
leaf_count=54 184 358 54 13088 30 622
internal_value=-0.000191451 -9.25085e-05 0.00238801 -0.00024256 -0.00302001 -0.00024256
internal_weight=105.181 103.766 5.06823 98.6976 6.9425 5.14259
internal_count=14390 14336 412 13924 836 652
is_linear=0
shrinkage=0.03


Tree=184
num_leaves=8
num_cat=0
split_feature=1 11 7 1 7 1 11
split_gain=0.0454828 0.363649 0.0651495 0.160785 0.0784363 0.0113591 0.00614724
threshold=97.289663098046347 88.199952799811214 8.0128205128205146 5.6508634734441197 1.5914786967418548 0.40363310524600854 71.242424607525393
decision_type=2 2 2 2 2 2 2
left_child=2 -2 3 -1 -5 -4 -6
right_child=1 -3 5 4 6 -7 -8
leaf_value=-0.010710725497656004 -0.00035876003098366243 0.010362697028165873 -0.0029677758024846523 -0.0067505483245719252 -0.0028981770584124902 -0.00035876003098366243 -0.00035876003098366243
leaf_weight=0.89591489336453278 2.8377828114898866 2.2261824298184365 1.2827332611195732 0.7414736202917992 2.1795278466306627 91.790547901182435 3.2186786506790668
leaf_count=87 358 54 47 36 462 13088 258
internal_value=-0.000209281 0.0023176 -0.00035876 -0.00306299 -0.000603155 -0.00035876 -0.00035876
internal_weight=105.173 5.06397 100.109 7.0356 6.13968 93.0733 5.39821
internal_count=14390 412 13978 843 756 13135 720
is_linear=0
shrinkage=0.03


Tree=185
num_leaves=10
num_cat=0
split_feature=11 2 1 2 11 8 1 2 1
split_gain=0.105887 0.0843133 0.263847 0.26639 0.0278874 0.0456496 0.0258976 0.00213815 0.00196661
threshold=99.648884050081662 12.613027562968172 95.883989596564462 29.246800051716342 14.127158683610299 59.861111111111121 34.70397913849721 6.2062621744462882 90.312805474095811
decision_type=2 2 2 2 2 2 2 2 2
left_child=1 7 4 -4 -3 6 -6 -1 -8
right_child=-2 2 3 -5 5 -7 8 -9 -10
leaf_value=-0.0044783408184096195 0.0056932576807332096 -0.0028294362382979563 -0.0010474855079737435 0.0056932576807332096 -0.0028294362382979563 -0.0010474855079737435 -0.0015442619758585037 -0.0028294362382979563 -0.0010474855079737435
leaf_weight=4.3922992080915702 1.2257552351802576 7.2497602407820514 1.3477505199844007 3.5040632386226207 12.703643882414328 50.212228901567869 16.305268963333226 5.0772100173635408 1.043221270199864
leaf_count=872 38 1624 149 187 2514 4270 3519 861 247
internal_value=-0.000810222 -0.000943104 -0.000646101 0.00553562 -0.00104749 -0.00104749 -0.00225442 -0.00350166 -0.00132406
internal_weight=103.061 101.835 92.3659 4.85181 87.5141 80.2644 30.0521 9.46951 17.3485
internal_count=14281 14243 12510 336 12174 10550 6280 1733 3766
is_linear=0
shrinkage=0.03


Tree=186
num_leaves=8
num_cat=0
split_feature=2 1 2 11 2 11 8
split_gain=0.0800986 0.0869137 0.439138 0.0682606 0.0217106 0.0318838 0.00907929
threshold=6.2062621744462882 96.582911121346555 38.252763071414471 91.374113689225865 99.698492157765884 6.8912747765254574 59.861111111111121
decision_type=2 2 2 2 2 2 2
left_child=-1 4 -3 -4 5 -2 -7
right_child=1 2 3 -5 -6 6 -8
leaf_value=-0.004373006468315962 -0.0033821802981667181 -0.00082632244470782774 0.0027570048318314683 0.013529313888993501 0.0027570048318314683 -0.0013449650102938659 -0.00082632244470782774
leaf_weight=4.3757874566945238 3.5322352622169992 2.6790876438608384 1.4917370014591145 1.4755284816492347 0.48077423125505347 34.428605866269208 54.450069422484376
leaf_count=872 836 230 117 15 20 7290 4901
internal_value=-0.000798139 -0.000597051 0.00273165 0.0101737 -0.000826322 -0.000875745 -0.000826322
internal_weight=102.914 98.538 5.64635 2.96727 92.8917 92.4109 88.8787
internal_count=14281 13409 362 132 13047 13027 12191
is_linear=0
shrinkage=0.03


Tree=187
num_leaves=6
num_cat=0
split_feature=11 2 1 11 2
split_gain=0.0725168 0.109215 0.469422 0.0645963 0.0090751
threshold=6.8912747765254574 11.400045600182402 95.883989596564462 99.648884050081662 98.390537958284767
decision_type=2 2 2 2 2
left_child=4 -2 3 -3 -1
right_child=1 2 -4 -5 -6
leaf_value=-0.0045960397499523638 -0.0036433007979305332 -0.0009453852753288388 0.0081837786498789207 0.0042243623465917177 -0.0009453852753288388
leaf_weight=3.9630839315941548 8.650677429744972 84.048090082244016 4.546031307312659 1.2586251660250116 0.41101470170542587
leaf_count=954 1554 11430 290 37 16
internal_value=-0.000801234 -0.000609374 -0.000280393 -0.000821048 -0.00420451
internal_weight=102.878 98.5034 89.8527 85.3067 4.3741
internal_count=14281 13311 11757 11467 970
is_linear=0
shrinkage=0.03


Tree=188
num_leaves=9
num_cat=0
split_feature=11 2 1 8 10 10 11 8
split_gain=0.0700738 0.0808992 0.41468 0.405885 0.0390327 0.0382829 0.0396199 0.0169944
threshold=6.8912747765254574 11.400045600182402 95.883989596564462 24.322344322344325 53.045763760049482 99.333333333333357 97.799991199964822 62.838827838827847
decision_type=2 2 2 2 2 2 2 2
left_child=5 4 7 -4 6 -1 -2 -3
right_child=1 2 3 -5 -6 -7 -8 -9
leaf_value=-0.0054993621356015524 -0.0054993621356015524 -0.00094553841153923054 -0.00084138003374581492 0.011924229034945036 -0.00094553841153923054 -0.00094553841153923054 -0.00094553841153923054 -0.0003689322454119317
leaf_weight=3.3692534631118169 3.4524508169852188 34.802269297186285 0.87452756846323509 3.684383012005128 4.8716609486145899 0.98874989408068348 0.28070566849783052 50.508799526607618
leaf_count=938 894 7236 80 210 644 32 16 4231
internal_value=-0.00080565 -0.00061704 -0.000333426 0.00761337 -0.00323603 -0.00415695 -0.00415695 -0.00084138
internal_weight=102.833 98.4748 89.87 4.55891 8.60482 4.358 3.73316 85.3111
internal_count=14281 13311 11757 290 1554 970 910 11467
is_linear=0
shrinkage=0.03


Tree=189
num_leaves=7
num_cat=0
split_feature=11 1 2 7 2 2
split_gain=0.0517536 0.0882005 1.16402 0.0424354 0.0142199 0.0142184
threshold=6.8912747765254574 96.199984799939202 30.383024031610315 4.8809523809523823 5.5499551971326175 91.883235540990469
decision_type=2 2 2 2 2 2
left_child=-1 3 -3 5 -5 -2
right_child=1 2 -4 4 -6 -7
leaf_value=-0.0037034169857189754 -0.0037034169857189754 -0.00088581787034996745 0.015327457231091496 -0.0028504370884314695 -0.00088581787034996745 -0.00088581787034996745
leaf_weight=4.2953320557135148 2.1539181000553071 3.2087206218857309 3.3163098350632936 3.0094865952851242 86.383727204869501 0.59295086073689152
leaf_count=970 373 336 134 604 11825 39
internal_value=-0.000801348 -0.000639117 0.00249933 -0.000885818 -0.000885818 -0.00370342
internal_weight=102.96 98.6651 6.52503 92.1401 89.3932 2.74687
internal_count=14281 13311 470 12841 12429 412
is_linear=0
shrinkage=0.03


Tree=190
num_leaves=8
num_cat=0
split_feature=11 5 4 2 11 11 11
split_gain=0.160658 0.0472433 0.0240435 0.0325249 0.0502575 0.0129912 0.00996445
threshold=99.648884050081662 99.799999199996805 0.80726621049201708 11.400045600182402 12.200048800195203 97.799991199964822 90.662916591060309
decision_type=2 2 2 2 2 2 2
left_child=1 2 -1 5 -5 -4 -6
right_child=-2 -3 3 4 6 -7 -8
leaf_value=-0.0041462592721191174 0.0075623760822783421 0.0026280096225820425 -0.0026600684023257194 -0.002321168592441259 -0.00047256138404660873 -0.00025793693172256515 0.0002206909781688936
leaf_weight=0.84549429744947602 1.2191813341341902 2.9745764725375912 8.0928830616758152 6.1540386995766303 58.890744016505778 0.47023946861736554 26.394881900050677
leaf_count=112 36 33 1589 1471 9955 26 1172
internal_value=-0.000434648 -0.000599805 -0.00071988 -0.000650146 -0.000470242 -0.00232117 -0.000257937
internal_weight=105.042 103.823 100.848 100.003 91.4397 8.56312 85.2856
internal_count=14394 14358 14325 14213 12598 1615 11127
is_linear=0
shrinkage=0.03


Tree=191
num_leaves=8
num_cat=0
split_feature=5 7 2 4 5 2 10
split_gain=0.121018 0.0270146 0.120256 0.0315158 0.0283254 0.0242643 0.0575074
threshold=99.799999199996805 96.459899749373449 38.399953599814403 0.80726621049201708 93.07264259360069 11.400045600182402 53.045763760049482
decision_type=2 2 2 2 2 2 2
left_child=1 3 -3 -1 -4 6 -5
right_child=-2 2 4 5 -6 -7 -8
leaf_value=-0.0047412602110562564 0.0045693664363554076 -0.00074352660670247395 0.0004269135808995109 -0.0047412602110562564 0.0045693664363554076 -0.00074352660670247395 -0.00074352660670247395
leaf_weight=0.80936318577732791 3.1894970263820133 1.2080578779568885 1.7540925462963062 3.5627932532224786 1.3072912332136182 88.581418691435829 4.5615834994241595
leaf_count=102 35 233 328 904 42 12111 639
internal_value=-0.000436994 -0.000636802 0.00147933 -0.000743527 0.00456937 -0.000743527 -0.00233265
internal_weight=104.974 101.785 4.26944 97.5152 3.06138 96.7058 8.12438
internal_count=14394 14359 603 13756 370 13654 1543
is_linear=0
shrinkage=0.03


Tree=192
num_leaves=11
num_cat=0
split_feature=11 7 1 2 7 11 11 2 4 11
split_gain=0.0814041 0.166425 0.0483204 0.022477 0.0135325 0.0768416 0.0287041 0.0108758 0.00723683 0.00114228
threshold=99.648884050081662 1.5914786967418548 0.40363310524600854 99.698492157765884 97.847985347985357 52.50758563518125 95.259481037924161 36.53223786282242 0.80726621049201708 6.8912747765254574
decision_type=2 2 2 2 2 2 2 2 2 2
left_child=1 -1 -3 4 6 -6 8 -7 -4 -10
right_child=-2 2 3 -5 5 7 -8 -9 9 -11
leaf_value=-0.0096765635884110066 0.0052077186008290654 -0.0048782657190369417 -0.0027514476399196066 0.0032546100654569313 -0.00039811143592325592 0.00065160876824423041 0.00065160876824423041 0.0032546100654569313 -0.0011064406621189155 -0.00055486550307467294
leaf_weight=0.76327780610881646 1.2762241917662311 1.1032514782855276 0.51622889190912147 0.60483088484033842 1.2783587942831212 0.5014106490416449 18.202625012141652 1.4143173436168579 3.8128798193647517 75.46212679031305
leaf_count=53 36 50 92 19 229 76 616 120 965 12138
internal_value=-0.000415316 -0.000533643 -0.000373337 -0.000277529 -0.000330284 0.0013494 -0.000398111 0.00325461 -0.000642683 -0.000594847
internal_weight=104.936 103.659 102.896 101.793 101.188 3.19409 97.9939 1.91573 79.7912 79.275
internal_count=14394 14358 14305 14255 14236 425 13811 196 13195 13103
is_linear=0
shrinkage=0.03


Tree=193
num_leaves=7
num_cat=0
split_feature=5 4 7 7 2 11
split_gain=0.10716 0.0210838 0.0448924 0.0117404 0.0978409 0.0571092
threshold=99.799999199996805 0.80726621049201708 21.291208791208792 96.459899749373449 38.399953599814403 57.042282031351213
decision_type=2 2 2 2 2 2
left_child=1 2 -1 -3 -5 -6
right_child=-2 3 -4 4 5 -7
leaf_value=-0.0069274707179376414 0.0043240088155795681 -0.00051921713491135638 -0.00051921713491135638 -0.00051921713491135638 -0.00051921713491135638 0.0043240088155795681
leaf_weight=0.46922373166307707 3.1749187775421879 96.648602375295013 0.37806714395992458 1.1810630623949681 1.0818223952082919 2.0112808640114963
leaf_count=37 35 13654 76 226 193 173
internal_value=-0.00039505 -0.000582912 -0.00378168 -0.000519217 0.000914144 0.00432401
internal_weight=104.945 101.77 0.847291 100.923 4.27417 3.0931
internal_count=14394 14359 113 14246 592 366
is_linear=0
shrinkage=0.03


Tree=194
num_leaves=10
num_cat=0
split_feature=5 10 11 4 8 5 11 8 8
split_gain=0.0972882 0.0333827 0.137572 0.0539314 0.17319 0.0435709 0.0121255 0.00205355 0.00126589
threshold=99.799999199996805 69.174208144796395 99.648884050081662 98.992949633283587 97.162977867203224 94.799979199916805 12.637926455320279 99.358974358974379 2.8991596638655466
decision_type=2 2 2 2 2 2 2 2 2
left_child=1 6 3 4 -3 -6 -1 8 -8
right_child=-2 2 -4 -5 5 -7 7 -9 -10
leaf_value=-0.0025737097000168292 0.0041106367666718336 -0.0010665733889757478 0.0041106367666718336 0.0022471021662418046 -0.00062765684077128797 0.0022471021662418046 -0.0023158581303371175 -0.00062765684077128797 -0.0010665733889757478
leaf_weight=4.3052099826163603 3.1592859872616819 31.712525149341673 0.68784426152706046 5.2627359658945343 5.0964239896275085 3.8844955582171679 0.62861948239151288 5.4595732635352752 44.726459202356637
leaf_count=1215 35 3906 13 66 138 46 123 195 8657
internal_value=-0.000395101 -0.000573622 1.90648e-05 -0.000359583 -0.000742506 0.0022471 -0.00106657 -0.00106657 -0.00106657
internal_weight=104.923 101.764 46.644 45.9562 40.6934 8.98092 55.1199 50.8147 45.3551
internal_count=14394 14359 4169 4156 4090 184 10190 8975 8780
is_linear=0
shrinkage=0.03


Tree=195
num_leaves=8
num_cat=0
split_feature=9 1 8 7 1 8 7
split_gain=0.184975 0.153198 0.233945 0.0749014 0.0417605 0.0142451 0.013772
threshold=35.538545653362497 97.289663098046347 66.134305835010068 4.0064102564102573 0.40363310524600854 6.559139784946237 8.0128205128205146
decision_type=2 2 2 2 2 2 2
left_child=6 3 -3 -2 -5 -6 -1
right_child=1 2 -4 4 5 -7 -8
leaf_value=-0.003993281906244186 -0.002136384568244081 3.0434737311235416e-05 0.012259877963905062 -0.002136384568244081 -0.002136384568244081 3.0434737311235416e-05 -0.002136384568244081
leaf_weight=3.9183810357935718 1.6812168523902062 1.4072786782635369 1.3891311353072522 0.53514237108174612 0.96048515127040346 55.894401497323997 38.871571135008708
leaf_count=380 231 178 62 30 251 8620 4586
internal_value=-0.000643624 0.000406385 0.00624806 3.04347e-05 3.04347e-05 3.04347e-05 -0.00213638
internal_weight=104.658 61.8677 2.79641 59.0712 57.39 56.8549 42.79
internal_count=14338 9372 240 9132 8901 8871 4966
is_linear=0
shrinkage=0.03


Tree=196
num_leaves=15
num_cat=0
split_feature=9 8 1 2 11 9 1 9 1 11 7 1 2 7
split_gain=0.154589 0.206327 0.254735 0.0971754 0.106838 0.104335 0.130941 0.0844604 0.0643419 0.0559359 0.0423803 0.0814333 0.0397353 0.0384521
threshold=48.629879879879887 51.112723754233194 96.978848899850732 5.5499551971326175 71.758840261167521 54.30335097001764 13.319892473118282 87.119815668202776 16.950775867619601 14.127158683610299 28.38827838827839 69.587078925163908 25.528676088790814 82.097069597069606
decision_type=2 2 2 2 2 2 2 2 2 2 2 2 2 2
left_child=9 -2 3 -3 -5 -6 -7 8 -8 -1 -10 -12 13 -11
right_child=1 2 -4 4 5 6 7 -9 10 12 11 -13 -14 -15
leaf_value=-0.0058950363085182884 -0.0017078607529173546 -0.0017078607529173546 0.01079332277313217 -0.00010901802469242502 -0.00010901802469242502 -0.00010901802469242502 -0.00010901802469242502 0.01079332277313217 3.1652514747002958e-05 -0.004658424650772759 0.0023555666034928702 0.009996880498142624 -0.0017078607529173546 -0.0017078607529173546
leaf_weight=2.0377455419511525 17.286634751711972 0.85808808135334658 1.7317565912380803 15.126202306826601 1.9023796258261416 2.7265158651862285 0.65599732357077112 1.88880727160722 1.4393965310882775 8.1925226079765672 4.0688938264502212 1.6586734000593422 44.630503769731149 0.57753501285333264
leaf_count=545 3701 188 96 2762 100 142 27 116 52 1292 217 86 4939 75
internal_value=-0.000634189 0.000582067 0.00199236 0.00116125 0.00167296 0.00343714 0.00451093 0.00603748 0.0037734 -0.00170786 0.00472584 0.00572548 -0.00170786 -0.00379365
internal_weight=104.782 49.3433 32.0567 30.325 29.4669 14.3407 12.4383 9.71177 7.82296 55.4383 7.16696 5.72757 53.4006 8.77006
internal_count=14338 7487 3786 3690 3502 740 640 498 382 6851 355 303 6306 1367
is_linear=0
shrinkage=0.03


Tree=197
num_leaves=11
num_cat=0
split_feature=9 1 8 7 2 8 2 6 8 1
split_gain=0.139337 0.212929 0.289356 0.0672448 0.0502852 0.0433472 0.0366896 0.159062 0.0211225 0.00731116
threshold=48.629879879879887 97.289663098046347 66.134305835010068 16.246334310850443 5.5499551971326175 95.744466800804844 25.528676088790814 96.352785145888603 6.559139784946237 99.199996799987218
decision_type=2 2 2 2 2 2 2 2 2 2
left_child=6 3 -3 -2 -5 8 7 -1 -6 -8
right_child=1 2 -4 4 5 -7 9 -9 -10 -11
leaf_value=-0.0059970634537119174 -0.0016091325816463714 1.425672466075196e-05 0.013933833571124007 -0.0016091325816463714 -0.0016091325816463714 0.0027102921959594522 -0.0016091325816463714 -0.0016091325816463714 1.425672466075196e-05 1.425672466075196e-05
leaf_weight=8.4191381570999475 2.9568388054613015 1.3152393364580341 1.41196250077337 1.4481205822667096 0.75710626784711976 9.7001328243641165 45.284246793016791 0.89952084177639413 31.958987928577699 0.66941554797813196
leaf_count=1449 475 154 51 361 189 231 5281 99 6026 22
internal_value=-0.000586316 0.000563919 0.00746497 1.42567e-05 1.42567e-05 1.42567e-05 -0.00160913 -0.00346683 1.42567e-05 -0.00160913
internal_weight=104.821 49.5484 2.7272 46.8212 43.8643 42.4162 55.2723 9.31866 32.7161 45.9537
internal_count=14338 7487 205 7282 6807 6446 6851 1548 6215 5303
is_linear=0
shrinkage=0.03


Tree=198
num_leaves=10
num_cat=0
split_feature=9 1 8 2 11 8 9 1 8
split_gain=0.108596 0.278246 0.157971 0.0785258 0.115323 0.0741459 0.0702775 0.0321098 0.00204871
threshold=71.516754850088191 96.978848899850732 54.226190476190482 11.400045600182402 92.999971999888018 96.190130624092902 54.110360360360367 34.302765436868206 22.72426348891096
decision_type=2 2 2 2 2 2 2 2 2
left_child=3 5 -3 4 6 7 -1 -2 -9
right_child=1 2 -4 -5 -6 -7 -8 8 -10
leaf_value=-0.0083936890405188393 -0.00086340037466636765 -2.3521113214752427e-05 0.013578584148552116 -0.00086340037466636765 -0.00086340037466636765 0.0033604100295640082 -0.00086340037466636765 -0.00086340037466636765 -2.3521113214752427e-05
leaf_weight=3.367819034785497 8.1079246178269582 0.57683882291894306 1.2856800504960118 73.086380585213192 1.7027486024890093 3.7497341509442768 1.2455838632304219 2.0831359465373671 9.677848353632724
leaf_count=774 1346 90 53 8983 78 135 298 538 2043
internal_value=-0.000629424 0.00104605 0.0098793 -0.00117343 -0.00415248 -2.35211e-05 -0.00658373 -0.000792572 -2.35211e-05
internal_weight=104.884 25.4812 1.86252 79.4025 6.31615 23.6186 4.6134 19.8689 11.761
internal_count=14338 4205 143 10133 1150 4062 1072 3927 2581
is_linear=0
shrinkage=0.03


Tree=199
num_leaves=10
num_cat=0
split_feature=9 1 11 11 7 1 9 9 11
split_gain=0.0920796 0.244877 0.506551 0.0666417 0.0446432 0.112768 0.0210287 0.018579 0.000124778
threshold=48.629879879879887 97.289663098046347 55.265678320777802 14.127158683610299 82.574224021592457 48.345244993883206 30.068493150684933 3.8788788788788793 99.648884050081662
decision_type=2 2 2 2 2 2 2 2 2
left_child=3 8 -3 -1 5 7 -7 -5 -2
right_child=1 2 -4 4 -6 6 -8 -9 -10
leaf_value=-0.0058546802380773982 -0.00029781063080658651 -0.00029781063080658651 0.016222463344710895 -0.0058546802380773982 -0.00029781063080658651 -0.0013482465084526697 -0.00029781063080658651 -0.0025862302522722865 5.135183845400355e-05
leaf_weight=2.0171519328141576 46.293445063289255 1.4307193927234032 1.54562030674424 0.99325459089596435 3.5210495840292415 16.975980553659614 7.5897222495404995 23.850657480186783 0.64862813870422442
leaf_count=545 7269 151 54 172 325 1884 1132 2793 13
internal_value=-0.000629677 0.000301475 0.00745115 -0.00146587 -0.00119316 -0.00158484 -0.000297811 -0.0029739 -0.000297811
internal_weight=104.866 49.9184 2.97634 54.9478 52.9307 49.4096 24.5657 24.8439 46.9421
internal_count=14338 7487 205 6851 6306 5981 3016 2965 7282
is_linear=0
shrinkage=0.03


Tree=200
num_leaves=8
num_cat=0
split_feature=4 6 8 7 1 6 8
split_gain=0.155483 0.154447 0.296023 0.13431 0.0225932 0.0184024 0.000257604
threshold=99.799999199996805 96.884057971014514 97.162977867203224 96.459899749373449 0.80726621049201708 20.13513513513514 7.2077922077922087
decision_type=2 2 2 2 2 2 2
left_child=1 4 3 -3 -1 -6 -7
right_child=-2 2 -4 -5 5 6 -8
leaf_value=-0.0039611295336213544 0.0052677906894126247 -0.001171539589448522 0.0052677906894126247 0.0052677906894126247 -0.0023176989078304172 -0.0023176989078304172 -0.001171539589448522
leaf_weight=1.7893790712114412 3.0085456226952365 2.8642129226354864 6.2796681466279551 1.3438900625333188 13.339022001775446 2.5249146831920362 71.97014121862594
leaf_count=102 36 289 191 59 2592 558 10408
internal_value=-0.000537898 -0.000762744 0.00252851 -0.00117154 -0.00117154 -0.00117154 -0.00117154
internal_weight=103.12 100.111 10.4878 4.2081 89.6235 87.8341 74.4951
internal_count=14235 14199 539 348 13660 13558 10966
is_linear=0
shrinkage=0.03


Tree=201
num_leaves=8
num_cat=0
split_feature=4 6 11 7 1 6 2
split_gain=0.123871 0.110004 0.272664 0.0921878 0.0231872 0.0157893 0.00260244
threshold=99.799999199996805 96.884057971014514 90.662916591060309 96.459899749373449 0.80726621049201708 20.13513513513514 36.53223786282242
decision_type=2 2 2 2 2 2 2
left_child=1 4 3 -3 -1 6 -6
right_child=-2 2 -4 -5 5 -7 -8
leaf_value=-0.0038489664122865193 0.0046849244805857466 -0.001044679510987324 0.0046849244805857466 0.0046849244805857466 -0.0029229704265541314 -0.001044679510987324 -0.0015241574517583898
leaf_weight=1.7924410246778268 3.0089597092010072 6.425640977569854 3.2122482236009091 0.9643410826101898 3.8853377292398354 74.398585019807797 9.3885543857468274
leaf_count=102 36 437 52 50 916 10966 1676
internal_value=-0.000497314 -0.000697953 0.0020657 -0.00104468 -0.00104468 -0.00104468 -0.00210969
internal_weight=103.076 100.067 10.6022 7.38998 89.4649 87.6725 13.2739
internal_count=14235 14199 539 487 13660 13558 2592
is_linear=0
shrinkage=0.03


Tree=202
num_leaves=8
num_cat=0
split_feature=6 4 1 8 4 11 8
split_gain=0.115199 0.329333 0.118807 0.344108 0.0713434 0.058541 0.00434906
threshold=96.884057971014514 95.883989596564462 40.32097096130321 97.162977867203224 99.799999199996805 65.863424665819892 2.225447508466377
decision_type=2 2 2 2 2 2 2
left_child=4 2 -2 -4 6 -5 -1
right_child=1 -3 3 5 -6 -7 -8
leaf_value=-0.0025684641552863726 -0.00083211820528050501 0.0088163313430241249 -0.00083211820528050501 0.0012512665099575241 0.0032415081468346449 0.0088163313430241249 -0.00094816282724759617
leaf_weight=0.90169031720142712 2.8751254578819481 3.4488867213949561 1.612109698471613 1.3236017100280153 2.7704544351436189 1.5447217000182716 88.562046730599832
leaf_count=140 197 44 197 68 34 35 13520
internal_value=-0.000482807 0.00231703 -0.000832118 0.00365846 -0.000832118 0.00881633 -0.000992705
internal_weight=103.039 10.8044 7.35556 4.48043 92.2342 2.86832 89.4637
internal_count=14235 541 497 300 13694 103 13660
is_linear=0
shrinkage=0.03


Tree=203
num_leaves=8
num_cat=0
split_feature=4 6 11 7 1 6 2
split_gain=0.116706 0.0684973 0.29306 0.0675087 0.00608815 0.00758908 0.00998012
threshold=99.799999199996805 96.884057971014514 90.662916591060309 96.459899749373449 0.40363310524600854 20.13513513513514 36.53223786282242
decision_type=2 2 2 2 2 2 2
left_child=1 4 3 -3 -1 6 -6
right_child=-2 2 -4 -5 5 -7 -8
leaf_value=-0.002714094607355045 0.0045598079560488962 -0.00094733186137848356 0.0045598079560488962 0.0045598079560488962 -0.002714094607355045 -0.00094733186137848356 -0.00098561933716199458
leaf_weight=1.0428875754587341 2.9937496399506918 6.4456009684363362 3.1890340943355113 0.95403247675858427 3.8746518202824509 74.994498830055818 9.5090584398712945
leaf_count=50 36 437 52 50 916 11011 1683
internal_value=-0.00048011 -0.000674626 0.00151139 -0.000947332 -0.000947332 -0.000947332 -0.00169124
internal_weight=103.004 100.01 10.5887 7.39963 89.4211 88.3782 13.3837
internal_count=14235 14199 539 487 13660 13610 2599
is_linear=0
shrinkage=0.03


Tree=204
num_leaves=7
num_cat=0
split_feature=6 9 11 1 2 4
split_gain=0.102695 0.292163 0.130899 0.0150377 0.00383444 0.0131064
threshold=96.884057971014514 45.183384887317722 64.779595738101293 32.261296787122639 2.4000096000384006 6.8617627891821451
decision_type=2 2 2 2 2 2
left_child=4 3 -3 -2 5 -1
right_child=1 2 -4 -5 -6 -7
leaf_value=-0.004226171036287348 -0.00080554919665180771 0.00027791145152680931 0.009757809644560354 0.00027791145152680931 -0.00080554919665180771 -0.00080554919665180771
leaf_weight=0.41398614342324336 2.1117748295655456 1.966415434842929 3.3292442467063665 3.5074897236190736 91.2040061057196 0.48064207332208753
leaf_count=113 132 82 57 270 13445 136
internal_value=-0.00047404 0.00215603 0.00684096 -0.000805549 -0.000805549 -0.00227659
internal_weight=103.014 10.9149 5.29566 5.61926 92.0986 0.894628
internal_count=14235 541 139 402 13694 249
is_linear=0
shrinkage=0.03


Tree=205
num_leaves=11
num_cat=0
split_feature=11 9 0 5 7 2 3 7 3 3
split_gain=0.0721632 0.144592 0.125098 0.0291475 0.0214774 0.00932769 0.0271476 0.0132029 0.0164286 0.00253382
threshold=14.600058400233602 90.958605664488033 98.992949633283587 99.799999199996805 93.853695324283578 36.53223786282242 99.799999199996805 96.459899749373449 36.710047646642202 94.159107873044732
decision_type=2 2 2 2 2 2 2 2 2 2
left_child=1 2 4 5 -1 -2 7 9 -9 -7
right_child=3 -3 -4 -5 -6 6 -8 8 -10 -11
leaf_value=-0.0069609590937631674 0.00017611635909797261 0.00017611635909797261 0.00017611635909797261 0.0028403917256976169 0.00017611635909797261 0.00021043793573253833 0.0028403917256976169 0.00032871083588166761 0.0028403917256976169 0.00063703432800076487
leaf_weight=5.5552056796150264 23.841597236809321 2.4962004562839866 0.83216196298599232 2.6999709750525644 0.20440761849749822 48.347874242346734 0.75071832165121932 0.79423446592409108 1.8941182350972665 16.863722705980763
leaf_count=1497 4046 515 9 31 47 7375 11 164 167 493
internal_value=-7.77813e-05 -0.00249107 -0.00498124 0.000176116 -0.00664542 0.000176116 0.000545488 0.000432971 0.00218721 0.000328711
internal_weight=104.28 9.08798 6.59178 95.1922 5.75961 92.4923 68.6507 67.8999 2.68835 65.2116
internal_count=14355 2068 1553 12287 1544 12256 8210 8199 331 7868
is_linear=0
shrinkage=0.03


Tree=206
num_leaves=8
num_cat=0
split_feature=11 9 0 5 1 2 7
split_gain=0.0653299 0.140403 0.120123 0.0286269 0.0492609 0.257984 0.0211057
threshold=14.600058400233602 90.958605664488033 98.992949633283587 99.799999199996805 96.199984799939202 44.829397225033574 93.853695324283578
decision_type=2 2 2 2 2 2 2
left_child=1 2 6 4 -2 -6 -1
right_child=3 -3 -4 -5 5 -7 -8
leaf_value=-0.0068574412383967699 0.00015632398883176326 0.00015632398883176326 0.00015632398883176326 0.0028000437416306439 0.00015632398883176326 0.0028000437416306439 0.00015632398883176326
leaf_weight=5.4736801791004819 86.98446852969937 2.4972007573815063 0.82607608661055554 2.6897581201046696 3.5578350949799633 1.9831187813542781 0.20445620792452235
leaf_count=1497 11895 515 9 31 300 61 47
internal_value=-8.43625e-05 -0.00239137 -0.00489272 0.000156324 0.000156324 0.00279116 -0.00653985
internal_weight=104.217 9.00141 6.50421 95.2152 92.5254 5.54095 5.67814
internal_count=14355 2068 1553 12287 12256 361 1544
is_linear=0
shrinkage=0.03


Tree=207
num_leaves=9
num_cat=0
split_feature=11 9 3 2 11 5 1 2
split_gain=0.0521107 0.124469 0.0860107 0.134644 0.0752532 0.0288534 0.0671874 0.256961
threshold=14.600058400233602 90.958605664488033 99.597179853313449 98.390537958284767 11.055287548584683 99.799999199996805 96.199984799939202 44.829397225033574
decision_type=2 2 2 2 2 2 2 2
left_child=1 2 3 4 -1 6 -2 -8
right_child=5 -3 -4 -5 -6 -7 7 -9
leaf_value=-0.0089566456799868195 0.00013965568648116418 0.00013965568648116418 0.00013965568648116418 0.00013965568648116418 -0.0006331627889994214 0.0027948052543833378 0.00013965568648116418 0.0027948052543833378
leaf_weight=4.1814533383003418 86.991852929466404 2.4981214369181544 0.57779190829023708 0.27571470290422428 1.4028834715718401 2.6862676539458326 3.5554696463514111 2.0447160901967436
leaf_count=1145 11895 515 9 11 388 31 300 61
internal_value=-7.45271e-05 -0.00214243 -0.00455297 -0.00579014 -0.00727938 0.000139656 0.000139656 0.00279481
internal_weight=104.214 8.93596 6.43784 5.86005 5.58434 95.2783 92.592 5.60019
internal_count=14355 2068 1553 1544 1533 12287 12256 361
is_linear=0
shrinkage=0.03


Tree=208
num_leaves=8
num_cat=0
split_feature=8 1 7 11 6 1 2
split_gain=0.0318532 0.152022 0.0391439 0.18602 0.221531 0.0761313 0.000706983
threshold=6.559139784946237 42.728253171077206 94.325955734406449 58.500034000136012 76.028169014084526 74.420920685402749 44.209409683909918
decision_type=2 2 2 2 2 2 2
left_child=1 -1 -2 -4 5 -5 -3
right_child=2 6 3 4 -6 -7 -8
leaf_value=-0.008471427807203058 6.0499895568063737e-05 -0.0032212589341955472 6.0499895568063737e-05 6.0499895568063737e-05 0.011165939253790625 0.0070757834580607972 6.0499895568063737e-05
leaf_weight=1.2903162216534831 93.927313404914457 1.0319895102875309 2.8589122670236966 1.1819649137323724 2.2598191376309842 0.54212640784680832 1.0329948799917472
leaf_count=293 12776 270 522 182 69 67 176
internal_value=-4.7471e-05 -0.00255952 6.04999e-05 0.00218003 0.00643716 6.04999e-05 6.04999e-05
internal_weight=104.125 3.3553 100.77 6.84282 3.98391 1.72409 2.06498
internal_count=14355 739 13616 840 318 249 446
is_linear=0
shrinkage=0.03


Tree=209
num_leaves=14
num_cat=0
split_feature=11 2 1 2 7 11 7 11 7 9 2 1 2
split_gain=0.0295148 0.068943 0.162939 0.769842 0.101866 0.399422 0.045597 0.0608134 0.0342271 0.0294313 0.00941621 0.00583302 0.00388716
threshold=6.8912747765254574 11.400045600182402 91.725521342456844 79.275723163498725 21.611721611721617 63.813938388283674 4.8809523809523823 99.395769779970152 86.602564102564131 76.604938271604951 31.859025639782477 8.8799283154121884 99.547383080709949
decision_type=2 2 2 2 2 2 2 2 2 2 2 2 2
left_child=9 8 6 4 -4 -6 7 -3 -2 -1 -7 -11 -8
right_child=1 2 3 -5 5 10 12 -9 -10 11 -12 -13 -14
leaf_value=-0.0058232910638934907 -0.0022606717918847437 -0.0022606717918847437 -0.00010709354290775749 0.020299827877894822 -0.00010709354290775749 0.004041476245439375 -0.00010709354290775749 -0.00010709354290775749 -0.00010709354290775749 -0.0058232910638934907 0.01362143048382407 -0.0022606717918847437 0.0017544700756795776
leaf_weight=1.4896113200229582 7.221016123541629 2.1198752545751627 2.1401858989847815 1.0528253084048627 2.0382125970209017 1.3579883695347237 80.620456264354289 0.35000283317640413 1.0748315423261372 0.34444216859992627 1.2343853762140495 2.3858913813019171 0.64026218676008184
leaf_count=417 1334 344 159 33 330 81 10802 6 211 35 61 517 25
internal_value=-6.14659e-05 5.29733e-05 0.00030026 0.00417794 -0.000107094 0.00397281 -0.000107094 -0.00226067 -0.00226067 -0.00226067 0.011125 -0.00226067 -0.000107094
internal_weight=104.07 99.85 91.5542 7.8236 6.77077 4.63059 83.7306 2.46988 8.29585 4.21994 2.59237 2.73033 81.2607
internal_count=14355 13386 11841 664 631 472 11177 350 1545 969 142 552 10827
is_linear=0
shrinkage=0.03


Tree=210
num_leaves=14
num_cat=0
split_feature=10 5 11 2 6 1 2 2 7 2 3 2 1
split_gain=0.185914 0.197091 0.131998 0.0594885 0.0461453 0.0198451 0.0698266 0.0701256 0.0336969 0.0395598 0.0382774 0.0215831 0.0201243
threshold=69.174208144796395 99.799999199996805 99.648884050081662 99.547383080709949 97.64864864864866 34.70397913849721 95.349881399525614 11.400045600182402 31.761695906432752 68.442280187146991 94.478316095082576 39.52095808383234 12.916259367872273
decision_type=2 2 2 2 2 2 2 2 2 2 2 2 2
left_child=1 3 4 5 -2 6 12 -7 -9 10 -10 -12 -1
right_child=2 -3 -4 -5 -6 7 -8 8 9 -11 11 -13 -14
leaf_value=-0.0052433900934291391 0.0019413371303515826 0.0019413371303515826 0.0097893315703787911 0.0019413371303515826 0.0051287765157054027 -0.0031712943424227324 -0.00087023437825697902 -0.00087023437825697902 -0.00087023437825697902 0.0019413371303515826 -0.00087023437825697902 0.0019413371303515826 -0.0031712943424227324
leaf_weight=5.5607183300890091 41.913819212233648 1.6051392778754223 0.99001700803637405 0.32743142149411042 4.1041476037353268 3.9293816860299549 3.7159037288511163 7.1875868336064768 13.940808082348672 6.5519077258650205 1.3855867234524333 1.2286546179093418 11.456953690736553
leaf_count=1030 4060 15 17 17 139 1102 334 1337 3123 1000 60 57 2071
internal_value=0.000565052 -0.000586057 0.00194134 -0.0011873 0.00194134 -0.0013556 -0.00207985 -0.000870234 -0.0002907 0.000443325 -0.000366123 0.00194134 -0.00317129
internal_weight=103.898 56.8901 47.008 55.2849 46.018 54.9575 20.7336 34.2239 30.2945 23.107 16.555 2.61424 17.0177
internal_count=14362 10146 4216 10131 4199 10114 3435 6679 5577 4240 3240 117 3101
is_linear=0
shrinkage=0.03


Tree=211
num_leaves=15
num_cat=0
split_feature=10 5 11 2 8 6 7 1 2 7 1 2 1 2
split_gain=0.173764 0.19053 0.112543 0.0577813 0.0480696 0.0424949 0.0204955 0.0827195 0.0695189 0.0702972 0.0939823 0.185107 0.0189808 0.00612653
threshold=69.174208144796395 99.799999199996805 99.648884050081662 99.547383080709949 80.140845070422543 97.64864864864866 25.677655677655679 5.2472303681981112 25.000000000000004 96.459899749373449 34.302765436868206 95.737355933294722 98.595785949408864 72.116150762990159
decision_type=2 2 2 2 2 2 2 2 2 2 2 2 2 2
left_child=1 3 4 6 -2 -6 -1 -8 -9 10 11 -10 13 -12
right_child=2 -3 -4 -5 5 -7 7 8 9 -11 12 -13 -14 -15
leaf_value=-0.0025471538940841977 0.0018828482843649028 0.0018828482843649028 0.0091439851734519944 0.0018828482843649028 0.0026197516800437683 0.0064189569730603094 -0.0025471538940841977 -0.0025471538940841977 -0.0025471538940841977 0.0018828482843649028 -4.2599820306563985e-05 0.00084643337003671173 0.0018828482843649028 0.0010787287723876585
leaf_weight=9.6045554730808345 21.871284391731024 1.6013443544507016 0.98834430007263918 0.32738634129054744 21.288644783548083 2.9921622279798603 2.7941154623404136 8.1488769451971148 10.139430787996391 3.0820264639332882 13.258966069784956 1.6249238087330002 0.71166369784623285 5.5000173909356809
leaf_count=1815 3137 15 17 17 981 81 369 1886 1874 391 2688 157 34 900
internal_value=0.000555516 -0.000559732 0.00188285 -0.00115869 0.00188285 0.00332332 -0.00132644 -0.00101793 -0.00046127 0.000156567 -0.000427486 -0.00243703 0.000846433 0.000846433
internal_weight=103.934 56.7933 47.1404 55.192 46.1521 24.2808 54.8646 45.26 42.4659 34.317 31.235 11.7644 19.4706 18.759
internal_count=14362 10146 4216 10131 4199 1062 10114 8299 7930 6044 5653 2031 3622 3588
is_linear=0
shrinkage=0.03


Tree=212
num_leaves=12
num_cat=0
split_feature=10 5 11 2 8 4 1 2 7 2 2
split_gain=0.105901 0.152796 0.114673 0.0479467 0.0436026 0.0682921 0.022199 0.132916 0.0393074 0.0977637 0.0286587
threshold=69.174208144796395 99.799999199996805 99.648884050081662 99.547383080709949 80.140845070422543 24.621619420006521 5.2472303681981112 85.951596676835223 96.459899749373449 38.399953599814403 11.400045600182402
decision_type=2 2 2 2 2 2 2 2 2 2 2
left_child=1 3 4 6 -2 -6 7 -1 10 -10 -8
right_child=2 -3 -4 -5 5 -7 8 -9 9 -11 -12
leaf_value=-0.0082548386625737168 0.0015871730983074192 0.0015871730983074192 0.0088194817017076248 0.0015871730983074192 0.0015871730983074192 0.0037776466221075603 -0.0033046125126594589 -0.00088154438563322246 -0.00088154438563322246 0.0015871730983074192 -0.00088154438563322246
leaf_weight=1.6367331744404503 21.969460600754246 1.6003435254096974 1.0212582172825921 0.32645812071859737 2.1921521304175284 22.194051347556524 4.0647313597728489 1.8445869270944966 1.1685693871695542 2.6239365288056433 43.15494554687757
leaf_count=306 3137 15 17 17 222 840 1124 164 224 313 7983
internal_value=0.000556704 -0.000321166 0.00158717 -0.0009138 0.00158717 0.00295227 -0.00108016 -0.00314433 -0.000881544 0.00158717 -0.000881544
internal_weight=103.797 56.4203 47.3769 54.82 46.3557 24.3862 54.4935 3.48132 51.0122 3.79251 47.2197
internal_count=14362 10146 4216 10131 4199 1062 10114 470 9644 537 9107
is_linear=0
shrinkage=0.03


Tree=213
num_leaves=11
num_cat=0
split_feature=10 11 8 2 11 1 6 3 1 2
split_gain=0.0622094 0.148657 0.139921 0.215158 0.370247 0.0273028 0.0160325 0.0133908 0.00855747 0.160677
threshold=69.174208144796395 99.648884050081662 80.140845070422543 27.934252462816303 31.859283082293622 0.40363310524600854 4.0270270270270281 89.123856039462595 25.829077509858429 95.349881399525614
decision_type=2 2 2 2 2 2 2 2 2 2
left_child=5 2 -2 -4 -5 -1 -7 -6 9 -8
right_child=1 -3 3 4 7 6 8 -9 -10 -11
leaf_value=-0.0038960870771835134 -7.2968685613942095e-05 0.0093237137352541032 -7.2968685613942095e-05 -7.2968685613942095e-05 0.0039324445648071518 -0.003223848700476011 -0.003223848700476011 0.0070682978540664854 -7.2968685613942095e-05 -7.2968685613942095e-05
leaf_weight=0.68154278257861634 22.04315287200734 1.0530125657096494 4.9224471254274276 1.7040434578666488 7.1770266023231697 0.52925105183385213 12.163161124452015 10.575167182600124 39.268212568073068 3.5575392835307857
leaf_count=38 3137 17 285 224 392 150 2156 161 7511 291
internal_value=0.000605001 0.00139252 0.00101979 0.0026091 0.00421549 -7.29687e-05 -7.29687e-05 0.00607782 -7.29687e-05 -0.000847296
internal_weight=103.675 47.4748 46.4218 24.3787 19.4562 56.1997 55.5182 17.7522 54.9889 15.7207
internal_count=14362 4216 4199 1062 777 10146 10108 553 9958 2447
is_linear=0
shrinkage=0.03


Tree=214
num_leaves=12
num_cat=0
split_feature=11 10 4 5 11 1 2 5 2 11 1
split_gain=0.0451096 0.0587171 0.171388 0.0887403 0.0812174 0.0717377 0.0617191 0.0446073 0.0334201 0.0236468 0.0218809
threshold=6.8912747765254574 69.174208144796395 99.799999199996805 99.799999199996805 99.648884050081662 96.199984799939202 17.099868399473603 87.51257545271632 11.400045600182402 97.392173906045045 96.978848899850732
decision_type=2 2 2 2 2 2 2 2 2 2 2
left_child=-1 3 4 8 5 7 -7 -3 9 -2 -10
right_child=1 2 -4 -5 -6 6 -8 -9 10 -11 -12
leaf_value=-0.0022625497623871213 -0.0022625497623871213 -0.00055355128906783727 0.0087651457924918866 0.0010227112799929227 0.007201554441133024 0.0010227112799929227 0.007201554441133024 0.0010227112799929227 -0.00055355128906783727 -0.00055355128906783727 0.0010227112799929227
leaf_weight=3.8077720402507103 3.8821481582708648 18.783044524840079 1.7710786499083031 1.6126239411532868 0.94199218461289902 1.1325016879709431 2.1724566505290568 20.903170035686344 46.497785287443548 0.26278201024979342 1.8642495166277502
leaf_count=953 1088 3056 18 15 16 85 75 624 8274 21 137
internal_value=0.000594303 0.000724638 0.00150399 5.11285e-05 0.00102271 0.00102271 0.00503967 0.00102271 -0.000553551 -0.00226255 -0.000553551
internal_weight=103.632 99.8238 45.7042 54.1196 43.9332 42.9912 3.30496 39.6862 52.507 4.14493 48.362
internal_count=14362 13409 3874 9535 3856 3840 160 3680 9520 1109 8411
is_linear=0
shrinkage=0.03


Tree=215
num_leaves=6
num_cat=0
split_feature=11 9 3 3 9
split_gain=0.015294 0.0464292 0.079073 0.0161106 0.00274832
threshold=6.8912747765254574 95.149911816578495 99.597179853313449 99.799999199996805 86.463582226294108
decision_type=2 2 2 2 2
left_child=1 2 -1 4 -2
right_child=3 -3 -4 -5 -6
leaf_value=-0.0062205572569308254 -0.00051799074451411254 -0.00051799074451411254 -0.00051799074451411254 0.0014343064737987201 2.6486299178072304e-05
leaf_weight=2.9460659590549763 87.524845038075 0.74247324117459346 0.38430722430348385 2.8745948062278321 9.9494078289717418
leaf_count=778 11751 160 4 40 1655
internal_value=-0.000605192 -0.00222805 -0.00414252 -0.000517991 -0.000517991
internal_weight=104.422 4.07285 3.33037 100.349 97.4743
internal_count=14388 942 782 13446 13406
is_linear=0
shrinkage=0.03


Tree=216
num_leaves=9
num_cat=0
split_feature=7 2 3 11 7 11 7 2
split_gain=0.0944899 0.184294 0.180138 0.0826668 0.0168726 0.0184776 0.0953245 0.00314426
threshold=96.459899749373449 46.824596774193559 88.721035892776015 89.599958399833625 7.2077922077922087 99.395769779970152 1.5914786967418548 28.118724899598398
decision_type=2 2 2 2 2 2 2 2
left_child=4 -2 3 -3 5 6 -1 -8
right_child=1 2 -4 -5 -6 -7 7 -9
leaf_value=-0.0085305245685987057 -0.00081313389398898284 -0.00081313389398898284 0.01262189351313916 0.0065457052835614822 -0.00081313389398898284 -0.00081313389398898284 -0.002212965248940098 -0.00081313389398898284
leaf_weight=1.007967939833178 1.8535617317538697 1.1312747140182184 1.3219654466956852 0.39413788286037732 93.63576167600695 0.37608606996946026 0.96070310752838839 3.7276812539203092
leaf_count=59 321 232 43 23 12916 9 219 566
internal_value=-0.000605673 0.00316541 0.00735617 -0.000398207 -0.000813134 -0.00231 -0.00303768 -0.000813134
internal_weight=104.409 4.70094 2.84738 1.52541 99.7082 6.07244 5.69635 4.68838
internal_count=14388 619 298 255 13769 853 844 785
is_linear=0
shrinkage=0.03


Tree=217
num_leaves=8
num_cat=0
split_feature=7 2 3 11 7 3 2
split_gain=0.0927742 0.182554 0.171614 0.0875051 0.0142392 0.0288404 0.000348419
threshold=96.459899749373449 46.824596774193559 88.721035892776015 89.599958399833625 7.2077922077922087 97.289663098046347 91.883235540990469
decision_type=2 2 2 2 2 2 2
left_child=4 -2 3 -3 5 6 -1
right_child=1 2 -4 -5 -6 -7 -8
leaf_value=-0.0037443568855034626 -0.00083946291139804874 -0.00083946291139804874 0.012417065371813175 0.0067192036432330233 -0.00083946291139804874 -0.00083946291139804874 -0.00083946291139804874
leaf_weight=3.8823576002614564 1.8533080131746817 1.1316061107208955 1.3223249879665671 0.40301850205287326 93.616365174180828 1.4415392642840741 0.71457920991815616
leaf_count=752 321 232 43 23 12916 39 62
internal_value=-0.000633889 0.00310077 0.00727018 -0.000313942 -0.000839463 -0.00222542 -0.00351885
internal_weight=104.365 4.71026 2.85695 1.53462 99.6548 6.03848 4.59694
internal_count=14388 619 298 255 13769 853 814
is_linear=0
shrinkage=0.03


Tree=218
num_leaves=7
num_cat=0
split_feature=7 11 2 7 11 2
split_gain=0.0616502 0.154684 0.164856 0.0145891 0.0181199 0.0111864
threshold=96.459899749373449 57.042282031351213 43.630983999742455 7.2077922077922087 99.395769779970152 75.830892613747011
decision_type=2 2 2 2 2 2
left_child=3 -2 -3 4 5 -1
right_child=1 2 -4 -5 -6 -7
leaf_value=-0.0038017813035525817 -0.00077613504765577305 -0.00077613504765577305 0.0098352883143863427 -0.00077613504765577305 -0.00077613504765577305 -0.00077613504765577305
leaf_weight=3.5128438561223438 1.7646005983697239 0.93819914269261095 2.0892769298516214 93.516759778722189 0.37495976733043779 2.1374918036162853
leaf_count=653 343 115 161 12916 9 191
internal_value=-0.000607902 0.00241733 0.00625113 -0.000776135 -0.00217425 -0.00292269
internal_weight=104.334 4.79208 3.02748 99.5421 6.0253 5.65034
internal_count=14388 619 276 13769 853 844
is_linear=0
shrinkage=0.03


Tree=219
num_leaves=8
num_cat=0
split_feature=7 6 3 7 3 3 2
split_gain=0.0611797 0.143944 0.0270045 0.0147344 0.0289447 0.00403025 2.05865e-05
threshold=96.459899749373449 90.922444183313758 98.992949633283587 7.2077922077922087 97.289663098046347 99.597179853313449 91.883235540990469
decision_type=2 2 2 2 2 2 2
left_child=3 2 -2 4 6 -5 -1
right_child=1 -3 -4 5 -6 -7 -8
leaf_value=-0.0036904858562721533 -0.00078143167807380822 0.0069717481145631357 0.00412013929461226 -0.00078143167807380822 -0.00078143167807380822 0.00014183638458101748 -0.00084434346071208654
leaf_weight=3.8631468003150067 2.4515102745499457 2.1416421358007938 0.30966068012639869 88.088185437605716 1.4424855369143186 5.3800309028010807 0.71499323332682241
leaf_count=752 520 94 5 12843 39 73 62
internal_value=-0.000612241 0.00237176 -0.000781432 -0.000781432 -0.00218708 -0.000781432 -0.00347704
internal_weight=104.392 4.90281 2.76117 99.4888 6.02063 93.4682 4.57814
internal_count=14388 619 525 13769 853 12916 814
is_linear=0
shrinkage=0.03


Tree=220
num_leaves=5
num_cat=0
split_feature=1 9 5 1
split_gain=0.196673 0.345527 0.27134 0.111921
threshold=97.289663098046347 52.667140825035567 15.338057999348324 0.40363310524600854
decision_type=2 2 2 2
left_child=3 -2 -3 -1
right_child=1 2 -4 -5
leaf_value=-0.0074168723431207945 -0.00088581690787929799 -0.00088581690787929799 0.013926386206956109 -0.00088581690787929799
leaf_weight=1.379894648795015 2.7435580970486617 0.70036480564158443 2.4012896039057523 97.188052593031898
leaf_count=53 207 96 97 13933
internal_value=-0.000552555 0.00437568 0.010169 -0.000885817
internal_weight=104.413 5.84521 3.10165 98.5679
internal_count=14386 400 193 13986
is_linear=0
shrinkage=0.03


Tree=221
num_leaves=5
num_cat=0
split_feature=1 9 5 1
split_gain=0.200617 0.345368 0.19892 0.110456
threshold=97.289663098046347 59.861111111111121 15.338057999348324 0.40363310524600854
decision_type=2 2 2 2
left_child=3 -2 -3 -1
right_child=1 2 -4 -5
leaf_value=-0.0073713375410945081 -0.00088684597623055769 -0.00088684597623055769 0.01433118683992018 -0.00088684597623055769
leaf_weight=1.3828873082529742 3.3291934630833557 0.6457129085902128 1.9573262154590336 97.12908443424385
leaf_count=53 229 92 79 13933
internal_value=-0.000547961 0.00439577 0.0109529 -0.000886846
internal_weight=104.444 5.93223 2.60304 98.512
internal_count=14386 400 171 13986
is_linear=0
shrinkage=0.03


Tree=222
num_leaves=5
num_cat=0
split_feature=1 9 5 1
split_gain=0.183601 0.325993 0.2568 0.107072
threshold=97.289663098046347 52.667140825035567 15.338057999348324 0.40363310524600854
decision_type=2 2 2 2
left_child=3 -2 -3 -1
right_child=1 2 -4 -5
leaf_value=-0.0072546688462919954 -0.00087331347522113341 -0.00087331347522113341 0.013356876331619536 -0.00087331347522113341
leaf_weight=1.3851514526177187 2.7438066756585604 0.7009304825915027 2.4720545493764803 97.131737296818756
leaf_count=53 207 96 97 13933
internal_value=-0.00054969 0.00418598 0.00975294 -0.000873313
internal_weight=104.434 5.91679 3.17299 98.5169
internal_count=14386 400 193 13986
is_linear=0
shrinkage=0.03


Tree=223
num_leaves=6
num_cat=0
split_feature=1 9 2 1 3
split_gain=0.220887 0.370306 0.13164 0.0929558 0.0609507
threshold=97.289663098046347 59.861111111111121 35.601342405369628 0.80726621049201708 92.361801330068786
decision_type=2 2 2 2 2
left_child=3 2 -2 -1 -3
right_child=1 4 -4 -5 -6
leaf_value=-0.0058883362319003194 -0.0009011934110291338 0.0059891477210069497 0.0059891477210069497 -0.0009011934110291338 0.015698371732171632
leaf_weight=2.3963395601604125 1.6823604089440771 1.5952700220514091 1.6474114072043446 96.081362627330236 1.06720012309961
leaf_count=106 160 154 69 13880 17
internal_value=-0.000543759 0.00461917 -0.000901193 -0.000901193 0.0113217
internal_weight=104.47 5.99224 3.32977 98.4777 2.66247
internal_count=14386 400 229 13986 171
is_linear=0
shrinkage=0.03


Tree=224
num_leaves=5
num_cat=0
split_feature=1 9 10 1
split_gain=0.204512 0.349336 0.494521 0.0893743
threshold=97.289663098046347 59.861111111111121 69.282051282051299 0.40363310524600854
decision_type=2 2 2 2
left_child=3 -2 -3 -1
right_child=1 2 -4 -5
leaf_value=-0.0067137404485654601 -0.00086931735867812993 -0.00086931735867812993 0.018413206088355182 -0.00086931735867812993
leaf_weight=1.377020064392126 3.3714366992935529 1.0632443700451406 1.5773898196639491 97.068616374221165
leaf_count=53 229 121 50 13933
internal_value=-0.00052483 0.00443555 0.0109953 -0.000869317
internal_weight=104.458 6.01207 2.64063 98.4456
internal_count=14386 400 171 13986
is_linear=0
shrinkage=0.03


Tree=225
num_leaves=7
num_cat=0
split_feature=11 3 9 5 1 7
split_gain=0.0628163 0.0499421 0.0625936 0.0275702 0.0720656 0.00164755
threshold=6.8912747765254574 99.597179853313449 91.368667518092821 99.597179853313449 95.883989596564462 90.430402930402948
decision_type=2 2 2 2 2 2
left_child=1 2 -1 4 -2 -4
right_child=3 -3 5 -5 -6 -7
leaf_value=-0.0067453479621896861 -6.7854867666720039e-05 -6.7854867666720039e-05 -0.0013868438853486332 0.0017912859822623714 0.0017912859822623714 -6.7854867666720039e-05
leaf_weight=2.6053097216063175 87.882639909686986 0.35299976170063008 0.64156420715153195 6.1802288861945263 6.4650259875925249 0.5610567043768242
leaf_count=712 12803 4 161 77 508 115
internal_value=-0.000234252 -0.0034623 -0.0047281 -6.78549e-05 -6.78549e-05 -6.78549e-05
internal_weight=104.689 4.16093 3.80793 100.528 94.3477 1.20262
internal_count=14380 992 988 13388 13311 276
is_linear=0
shrinkage=0.03


Tree=226
num_leaves=8
num_cat=0
split_feature=11 9 5 1 2 6 2
split_gain=0.0579636 0.0356611 0.0258813 0.0684295 0.0767581 0.0146316 0.00238561
threshold=6.8912747765254574 91.368667518092821 99.597179853313449 95.883989596564462 46.824596774193559 52.402745995423345 99.698492157765884
decision_type=2 2 2 2 2 2 2
left_child=1 -1 3 6 -5 -3 -2
right_child=2 5 -4 4 -6 -7 -8
leaf_value=-0.0047074296914233343 -1.0973014116327439e-05 -0.0031226400914574292 0.0017910085785826167 -1.0973014116327439e-05 0.0017910085785826167 -1.0973014116327439e-05 0.0017910085785826167
leaf_weight=2.9414916836540206 87.468953486764804 0.50005225767381467 6.1734919811133286 4.1397599709453052 2.3245802336605266 0.70154474023729563 0.3739101083483537
leaf_count=716 12788 123 77 434 74 153 15
internal_value=-0.000170079 -0.00327641 -1.0973e-05 -1.0973e-05 0.00179101 -1.0973e-05 -1.0973e-05
internal_weight=104.624 4.14309 100.481 94.3072 6.46434 1.2016 87.8429
internal_count=14380 992 13388 13311 508 276 12803
is_linear=0
shrinkage=0.03


Tree=227
num_leaves=8
num_cat=0
split_feature=11 3 5 1 2 7 2
split_gain=0.0262605 0.0343864 0.0251332 0.0597636 0.0800797 0.0048862 0.00448616
threshold=6.8912747765254574 99.597179853313449 99.597179853313449 95.883989596564462 46.824596774193559 94.935897435897445 99.698492157765884
decision_type=2 2 2 2 2 2 2
left_child=1 5 3 6 -5 -1 -2
right_child=2 -3 -4 4 -6 -7 -8
leaf_value=-0.0037776915797656527 -6.4746779315361707e-05 -6.4746779315361707e-05 0.0017128397863687844 -6.4746779315361707e-05 0.0017128397863687844 -6.4746779315361707e-05 0.0017128397863687844
leaf_weight=3.36664951365674 87.496832648175769 0.35588514432311047 6.1599323814734808 4.1398894290905437 2.3796790326014161 0.346243226667866 0.37305015581659873
leaf_count=922 12788 4 77 434 74 66 15
internal_value=-0.00017161 -0.00227869 -6.47468e-05 -6.47468e-05 0.00171284 -0.00350555 -6.47468e-05
internal_weight=104.618 4.06878 100.549 94.3895 6.51957 3.71289 87.8699
internal_count=14380 992 13388 13311 508 988 12803
is_linear=0
shrinkage=0.03


Tree=228
num_leaves=8
num_cat=0
split_feature=11 3 5 1 2 7 2
split_gain=0.024935 0.0336429 0.0232636 0.0567606 0.0759629 0.00476617 0.00473171
threshold=6.8912747765254574 99.597179853313449 99.597179853313449 95.883989596564462 46.824596774193559 94.935897435897445 99.698492157765884
decision_type=2 2 2 2 2 2 2
left_child=1 5 3 6 -5 -1 -2
right_child=2 -3 -4 4 -6 -7 -8
leaf_value=-0.003720058011252747 -6.6524245449134584e-05 -6.6524245449134584e-05 0.0016447327354077162 -6.6524245449134584e-05 0.0016447327354077162 -6.6524245449134584e-05 0.0016447327354077162
leaf_weight=3.3576381126185888 87.493552549683955 0.35601268336176861 6.1512340612243852 4.1403443275485179 2.3828317840816453 0.34624863509088744 0.37326159072108467
leaf_count=922 12788 4 77 434 74 66 15
internal_value=-0.000170613 -0.00222573 -6.65242e-05 -6.65242e-05 0.00164473 -0.00345074 -6.65242e-05
internal_weight=104.601 4.0599 100.541 94.39 6.52318 3.70389 87.8668
internal_count=14380 992 13388 13311 508 988 12803
is_linear=0
shrinkage=0.03


Tree=229
num_leaves=10
num_cat=0
split_feature=2 1 11 2 8 2 11 2 2
split_gain=0.0241135 0.022618 0.447839 0.0368176 0.0156643 0.0408227 0.00929002 0.00121748 5.01636e-05
threshold=0.95171829379470452 89.92949633283574 92.763811786380941 71.756487025948118 6.559139784946237 89.425885359620324 99.648884050081662 2.9175168415597881 99.547383080709949
decision_type=2 2 2 2 2 2 2 2 2
left_child=-1 4 3 -3 5 -2 7 -6 -9
right_child=1 2 -4 -5 6 -7 -8 8 -10
leaf_value=-0.0041108469929663919 -0.0041108469929663919 -0.00028804174586854163 0.0084594045183910577 0.0079390764494219005 -0.0012239377815375283 -0.00028804174586854163 0.0017070230791366035 -0.00028804174586854163 0.00021759269131934499
leaf_weight=0.37918872071895648 2.2573065228643823 7.9974507832666841 4.5765819607768199 0.84662981191650022 0.49473508226219465 0.5726541329640894 1.2870707984548051 85.519853278063238 0.65437120664864679
leaf_count=95 588 1233 100 61 133 72 37 12035 26
internal_value=-0.000168824 -0.000115542 0.000990411 -0.000288042 -0.000288042 -0.00221226 -0.000288042 -0.000288042 -0.000288042
internal_weight=104.586 104.207 13.4207 8.84408 90.786 2.82996 87.956 86.669 86.1742
internal_count=14380 14285 1394 1294 12891 660 12231 12194 12061
is_linear=0
shrinkage=0.03


Tree=230
num_leaves=10
num_cat=0
split_feature=5 4 7 7 4 8 7 7 10
split_gain=0.101416 0.0639716 0.217229 0.0335849 0.0262896 0.0112942 0.0177194 0.00040877 0.000172009
threshold=99.597179853313449 98.595785949408864 20.638945233265723 96.459899749373449 0.80726621049201708 2.225447508466377 15.438786565547131 94.325955734406449 91.918367346938794
decision_type=2 2 2 2 2 2 2 2 2
left_child=1 3 -3 4 -1 6 -6 8 -7
right_child=-2 2 -4 -5 5 7 -8 -9 -10
leaf_value=-0.0041279529991148896 0.0037323516112439908 -0.00033480651927668995 0.0037323516112439908 0.001938247549872833 -0.0041279529991148896 -0.00034341347974355298 -0.00034341347974355298 3.159250393688373e-05 -0.00033480651927668995
leaf_weight=0.74958427506498893 5.5833233203738919 2.3099665887420988 4.4959038342349231 4.5383100763428947 0.40781992406118561 66.312523968052119 0.26550053607206792 2.4546487815678111 15.948061321396379
leaf_count=104 72 54 101 590 55 12009 73 290 1016
internal_value=0.000128284 -0.000113942 0.00249461 -0.000334807 -0.000475435 -0.000395959 -0.00285093 -0.000343413 -0.000343413
internal_weight=103.066 97.4823 6.80587 90.6764 86.1381 85.3886 0.67332 84.7152 82.2606
internal_count=14364 14292 155 14137 13547 13443 128 13315 13025
is_linear=0
shrinkage=0.03


Tree=231
num_leaves=9
num_cat=0
split_feature=1 2 8 5 7 11 6 6
split_gain=0.141142 0.55223 0.157329 0.00805063 0.0219659 0.0233662 0.0627209 0.00148143
threshold=96.199984799939202 36.53223786282242 51.726190476190489 99.597179853313449 94.325955734406449 96.439479911145469 93.666666666666671 99.324324324324337
decision_type=2 2 2 2 2 2 2 2
left_child=3 -2 -3 4 5 7 -7 -1
right_child=1 2 -4 -5 -6 6 -8 -9
leaf_value=-0.0010696352838042067 -0.00022134958800094925 0.0019215084346163019 0.015836218349284188 -0.00022134958800094925 -0.00022134958800094925 -0.0010338137353474886 -0.00022134958800094925 -0.00037188804137559453
leaf_weight=67.725430595921353 4.3771180578041813 1.381880995584652 1.9720200605224816 4.9215723383240393 6.7055595812853417 8.5287114408565667 3.1390801700763395 4.2810536129400125
leaf_count=12174 414 81 61 63 851 410 37 273
internal_value=0.000110856 0.00376232 0.0118612 -0.00022135 -0.000503886 -0.000787214 -0.00022135 -0.00103381
internal_weight=103.032 7.73102 3.3539 95.3014 90.3798 83.6743 11.6678 72.0065
internal_count=14364 556 142 13808 13745 12894 447 12447
is_linear=0
shrinkage=0.03


Tree=232
num_leaves=10
num_cat=0
split_feature=1 2 8 5 7 11 6 4 6
split_gain=0.135113 0.538107 0.150349 0.0084251 0.0253034 0.0235879 0.0678122 0.00189939 0.000493559
threshold=96.199984799939202 36.53223786282242 51.726190476190489 99.597179853313449 94.325955734406449 96.439479911145469 93.666666666666671 1.2108993157380257 99.324324324324337
decision_type=2 2 2 2 2 2 2 2 2
left_child=3 -2 -3 4 5 7 -7 -1 -9
right_child=1 2 -4 -5 -6 6 -8 8 -10
leaf_value=-0.0024469546478536105 -0.00018086980344229144 0.0019171316357254377 0.015544857519832438 -0.00018086980344229144 -0.00018086980344229144 -0.0010225459075111809 -0.00018086980344229144 -0.0010225459075111809 -0.00047016635887214375
leaf_weight=0.35787845315644418 4.3811357619706532 1.3808300236705693 1.9999976877588777 4.9233135716058305 6.6686376365832976 8.5241204228950647 3.139213223475962 67.32014883402735 4.2772892630891866
leaf_count=84 414 81 61 63 851 410 37 12091 272
internal_value=0.000145346 0.00371077 0.011687 -0.00018087 -0.000469697 -0.00078046 -0.00018087 -0.00102255 -0.00102255
internal_weight=102.973 7.76196 3.38083 95.2106 90.2873 83.6187 11.6633 71.9553 71.5974
internal_count=14364 556 142 13808 13745 12894 447 12447 12363
is_linear=0
shrinkage=0.03


Tree=233
num_leaves=9
num_cat=0
split_feature=1 2 8 5 7 4 0 4
split_gain=0.0989134 0.458171 0.126226 0.00829299 0.0246565 0.0215838 0.0162788 0.00367799
threshold=96.199984799939202 36.53223786282242 51.726190476190489 99.597179853313449 94.325955734406449 98.595785949408864 99.597179853313449 0.80726621049201708
decision_type=2 2 2 2 2 2 2 2
left_child=3 -2 -3 4 5 6 7 -1
right_child=1 2 -4 -5 -6 -7 -8 -9
leaf_value=-0.0026874836005962542 -0.00012541064579914475 0.0017308104953506649 0.014144566649853096 -0.00012541064579914475 -0.00012541064579914475 -0.00012541064579914475 -0.00012541064579914475 -0.00098411408757063381
leaf_weight=0.53176677355077018 4.3805283381370819 1.3902700099861252 2.0198568871710449 4.9207221751566967 6.6668482685927293 6.2260536019457495 0.41129038482904334 76.389545008481946
leaf_count=57 414 81 61 63 851 139 8 12690
internal_value=0.000154602 0.00319961 0.0106237 -0.000125411 -0.000411747 -0.000717922 -0.000917345 -0.00103023
internal_weight=102.937 7.79066 3.41013 95.1462 90.2255 83.5587 77.3326 76.9213
internal_count=14364 556 142 13808 13745 12894 12755 12747
is_linear=0
shrinkage=0.03


Tree=234
num_leaves=10
num_cat=0
split_feature=1 2 8 5 7 11 6 4 6
split_gain=0.100261 0.462952 0.128147 0.00803101 0.0216381 0.0242108 0.0608082 0.00244102 0.000236769
threshold=96.199984799939202 36.53223786282242 51.726190476190489 99.597179853313449 94.325955734406449 96.439479911145469 93.666666666666671 1.2108993157380257 99.324324324324337
decision_type=2 2 2 2 2 2 2 2 2
left_child=3 -2 -3 4 5 7 -7 -1 -9
right_child=1 2 -4 -5 -6 6 -8 8 -10
leaf_value=-0.0024543584422631942 -0.00012906744860226126 0.0016969358386363135 0.014152110682385104 -0.00012906744860226126 -0.00012906744860226126 -0.00094526170357421113 -0.00012906744860226126 -0.00094526170357421113 -0.00046245187199982029
leaf_weight=0.35701901803258707 4.3805185243254519 1.3867255628574642 2.0527218214701861 4.9192719294223926 6.7052672461140892 8.4260419603669998 3.1482086463365695 67.232426596106961 4.277296938118524
leaf_count=84 414 81 61 63 851 410 37 12091 272
internal_value=0.000153479 0.00321352 0.0106438 -0.000129067 -0.000410994 -0.000691755 -0.000129067 -0.000945262 -0.000945262
internal_weight=102.885 7.81997 3.43945 95.0655 90.1463 83.441 11.5743 71.8667 71.5097
internal_count=14364 556 142 13808 13745 12894 447 12447 12363
is_linear=0
shrinkage=0.03


Tree=235
num_leaves=8
num_cat=0
split_feature=3 1 2 10 1 2 5
split_gain=0.0445962 0.0888704 0.0308333 0.0182431 0.251024 0.0277665 0.0688591
threshold=99.597179853313449 0.40363310524600854 0.95171829379470452 91.918367346938794 68.781438631790749 6.2062621744462882 74.823740832089314
decision_type=2 2 2 2 2 2 2
left_child=1 -1 -3 5 -5 6 -4
right_child=-2 2 3 4 -6 -7 -8
leaf_value=-0.0064607993331925904 0.0023199398866606698 -0.0046055092417342635 -0.0046055092417342635 -0.00025789543840537148 0.0023199398866606698 -0.00025789543840537148 -0.00025789543840537148
leaf_weight=1.0263451056089241 5.517007769085466 0.3552261006552716 2.3286814281018446 12.346483570872808 7.4920693045714861 74.31757384625962 0.58817280619405199
leaf_count=52 78 90 643 805 380 12255 54
internal_value=-8.52416e-05 -0.00024199 -0.000111505 -4.82671e-05 0.000741059 -0.000257895 -0.00278714
internal_weight=103.972 98.4546 97.4282 97.073 19.8386 77.2344 2.91685
internal_count=14357 14279 14227 14137 1185 12952 697
is_linear=0
shrinkage=0.03


Tree=236
num_leaves=15
num_cat=0
split_feature=7 5 11 11 7 5 9 5 1 10 1 5 5 5
split_gain=0.0419731 0.189017 0.0511966 0.0396858 0.1274 0.120739 0.0173998 0.179597 0.0471611 0.0133031 0.206027 0.023392 0.0173218 0.000114833
threshold=96.459899749373449 94.478316095082576 93.756287726358167 99.648884050081662 1.5914786967418548 99.799999199996805 71.516754850088191 98.293715599104829 0.40363310524600854 69.174208144796395 18.555630674135603 95.568978386447739 99.597179853313449 8.4762952101661799
decision_type=2 2 2 2 2 2 2 2 2 2 2 2 2 2
left_child=3 2 -2 4 -1 6 8 13 -6 10 11 -10 -11 -8
right_child=1 -3 -4 -5 5 -7 7 -9 9 12 -12 -13 -14 -15
leaf_value=-0.0078648366585810266 -0.00023657208718640805 0.0085829361766802219 0.0060216149161063139 0.0034771268096446938 -0.0060831785428778909 0.0034771268096446938 -0.00054190614343345021 0.0034771268096446938 -0.0060831785428778909 -0.00054190614343345021 -0.00054190614343345021 -0.0015862035564469226 0.0026063002707353983 -0.00040352611361348551
leaf_weight=0.98605035606305946 2.6539616022491823 1.7023319459985939 0.58134029433131207 1.5320085894782085 0.46541670267470081 2.3046940565109244 1.4217768551898426 1.5933741644257668 5.2073417251813217 34.988537964993156 27.43699250894133 2.035753364674747 1.35121908225119 19.732738205697387
leaf_count=55 547 41 27 39 27 25 324 35 1094 2970 5594 92 17 3470
internal_value=-9.19944e-05 0.0023598 -0.000236572 -0.000236572 -0.000329611 -0.000236572 -0.000384527 -0.000236572 -0.000732127 -0.000613081 -0.0011369 -0.00544726 -0.000541906 -0.000541906
internal_weight=103.994 4.93763 3.2353 99.0559 97.5239 96.5378 94.2332 22.7479 71.4853 71.0198 34.6801 7.2431 36.3398 21.1545
internal_count=14357 615 574 13742 13703 13648 13623 3829 9794 9767 6780 1186 2987 3794
is_linear=0
shrinkage=0.03


Tree=237
num_leaves=10
num_cat=0
split_feature=3 1 2 11 1 1 2 2 10
split_gain=0.0318685 0.0540157 0.0306671 0.0178324 0.121068 0.0236773 0.0187324 0.00998996 0.00563629
threshold=99.597179853313449 0.40363310524600854 0.95171829379470452 17.487454849579411 96.199984799939202 3.6326979472140768 28.915376023677137 96.080366377917144 95.227272727272734
decision_type=2 2 2 2 2 2 2 2 2
left_child=1 -1 -3 5 7 -4 -6 -5 -7
right_child=-2 2 3 4 6 8 -8 -9 -10
leaf_value=-0.0051111601597570852 0.0019384325651720295 -0.0046088513844409987 -0.0046088513844409987 -0.00041821098083258976 -0.00031680682450196165 -0.0011992657907811807 0.0019384325651720295 0.00072113988535699961 -0.00041821098083258976
leaf_weight=0.99825625540688534 5.5146819392684838 0.35493962175678362 0.43520389683544358 74.842867453757208 2.9794402183033517 8.1081144455820251 3.0408264856087044 6.7148361628642297 0.97966165340039957
leaf_count=52 78 90 56 10837 233 2216 97 507 191
internal_value=-9.55087e-05 -0.00022778 -0.000126354 -6.31551e-05 7.62048e-05 -0.00123023 0.00193843 -0.000316807 -0.000593175
internal_weight=103.969 98.4541 97.4559 97.101 87.578 9.52298 6.02027 81.5577 9.08778
internal_count=14357 14279 14227 14137 11674 2463 330 11344 2407
is_linear=0
shrinkage=0.03


Tree=238
num_leaves=8
num_cat=0
split_feature=3 1 2 10 1 2 7
split_gain=0.029277 0.0425541 0.0296178 0.0176979 0.207436 0.027487 0.0305531
threshold=99.597179853313449 0.40363310524600854 0.95171829379470452 91.918367346938794 64.415381175944574 6.2062621744462882 49.106858054226485
decision_type=2 2 2 2 2 2 2
left_child=1 -1 -3 5 -5 6 -4
right_child=-2 2 3 4 -6 -7 -8
leaf_value=-0.004556966577526275 0.0018651103689802161 -0.0045321297391908537 -0.0045321297391908537 -0.00026772976096589004 0.0018651103689802161 -0.00026772976096589004 -0.00026772976096589004
leaf_weight=0.99023699050303449 5.4989566120784721 0.35282874247059126 1.4364058668725186 11.348916045972148 8.4836674798279983 74.344300872529857 1.4685394139960406
leaf_count=52 78 90 299 757 428 12255 398
internal_value=-8.67885e-05 -0.000213502 -0.000123514 -6.14468e-05 0.000716322 -0.00026773 -0.00278834
internal_weight=103.924 98.4249 97.4347 97.0818 19.8326 77.2492 2.90495
internal_count=14357 14279 14227 14137 1185 12952 697
is_linear=0
shrinkage=0.03


Tree=239
num_leaves=11
num_cat=0
split_feature=3 1 1 10 7 7 2 2 2 2
split_gain=0.0269223 0.0391885 0.0133571 0.0999031 0.0409718 0.00778344 0.0169649 0.00572112 0.00786949 0.00249516
threshold=99.597179853313449 0.40363310524600854 96.199984799939202 92.078431372549034 1.5914786967418548 7.2077922077922087 22.69539078156313 1.7550584315240487 0.95171829379470452 90.531110816596211
decision_type=2 2 2 2 2 2 2 2 2 2
left_child=1 -1 4 -4 -3 6 -6 8 -7 -8
right_child=-2 2 3 -5 5 7 9 -9 -10 -11
leaf_value=-0.0043882002192724319 0.0017806627016474102 -0.0043882002192724319 -0.00023115880587301361 0.0017806627016474102 -0.004050119743288989 -0.0036980284370619391 -0.0009997432051033618 -0.00023115880587301361 -0.00023115880587301361 -0.00023115880587301361
leaf_weight=0.98505029699299385 5.48741580126807 0.35285567841492493 4.6353436728240913 2.5831640097312629 0.57650232122978096 0.21818001824431021 2.899771227268503 85.02533229754772 0.27018360397778451 0.8599730972200631
leaf_count=52 78 37 474 81 117 60 526 12783 73 76
internal_value=-9.30094e-05 -0.000214353 -0.000127993 0.00103244 -0.000231159 -0.000231159 -0.00143045 -0.000231159 -0.00247678 -0.000262247
internal_weight=103.894 98.4064 97.4213 7.21851 90.2028 89.8499 4.33625 85.5137 0.488364 3.75974
internal_count=14357 14279 14227 555 13672 13635 719 12916 133 602
is_linear=0
shrinkage=0.03


Tree=240
num_leaves=9
num_cat=0
split_feature=11 1 6 11 2 11 11 2
split_gain=0.0585649 0.337068 0.0306283 0.0874439 0.177922 0.151378 0.0490999 0.00791351
threshold=99.648884050081662 0.80726621049201708 23.43137254901961 31.859283082293622 44.120701079578517 97.392173906045045 40.423348169827044 6.2062621744462882
decision_type=2 2 2 2 2 2 2 2
left_child=1 -1 7 -4 5 -5 -6 -3
right_child=-2 2 3 4 6 -7 -8 -9
leaf_value=-0.009673089718165202 0.0048082992626171626 -0.0028206029243022586 -0.0007786756644058907 -0.0007786756644058907 -0.0007786756644058907 0.0022220687419827394 0.0025020828936957794 -0.0007786756644058907
leaf_weight=2.0714053241536012 1.4568094389978785 0.85359247896121004 15.846046563179696 21.473891788627956 3.328391757211647 2.8560000237775958 41.507400606176816 14.604584975168107
leaf_count=109 36 173 3579 3132 543 110 3922 2737
internal_value=0.000230337 0.000119488 0.000414723 0.000638256 0.00111642 -0.000778676 0.00222207 -0.000778676
internal_weight=103.998 102.541 100.47 85.0117 69.1657 24.3299 44.8358 15.4582
internal_count=14341 14305 14196 11286 7707 3242 4465 2910
is_linear=0
shrinkage=0.03


Tree=241
num_leaves=8
num_cat=0
split_feature=11 1 7 11 9 2 7
split_gain=0.0555377 0.318866 0.0487664 0.0165601 0.0935792 0.00919855 0.00274657
threshold=99.648884050081662 0.80726621049201708 1.5914786967418548 6.8912747765254574 39.690599905526696 99.547383080709949 94.59415584415585
decision_type=2 2 2 2 2 2 2
left_child=1 -1 -3 4 -4 6 -5
right_child=-2 2 3 5 -6 -7 -8
leaf_value=-0.0093979038957694907 0.004702720322802308 -0.0041083991890566562 -0.0041083991890566562 0.00059048328606578233 0.00059048328606578233 0.0029496298448289477 0.0012030544403415107
leaf_weight=2.0686177372699595 1.4510238366201509 1.1097958813188586 0.45646825950825531 87.878827785432804 3.3110583843663335 0.55013029975816508 7.0180234508588901
leaf_count=109 36 48 123 12359 826 22 818
internal_value=0.000239175 0.00013105 0.000418342 0.000509468 -0.00123634 0.000590483 0.000590483
internal_weight=103.844 102.393 100.324 99.2145 3.76753 95.447 94.8969
internal_count=14341 14305 14196 14148 949 13199 13177
is_linear=0
shrinkage=0.03


Tree=242
num_leaves=11
num_cat=0
split_feature=11 1 7 11 9 7 2 11 2 2
split_gain=0.0527852 0.28669 0.0473775 0.00731838 0.0563645 0.0304342 0.15141 0.0292403 0.00922069 0.00904229
threshold=99.648884050081662 0.80726621049201708 1.5914786967418548 31.859283082293622 77.167919799498762 96.459899749373449 31.859025639782477 6.8912747765254574 82.798214055759459 99.547383080709949
decision_type=2 2 2 2 2 2 2 2 2 2
left_child=1 -1 -3 4 7 9 -7 -4 -9 -5
right_child=-2 2 3 5 -6 6 -8 8 -10 -11
leaf_value=-0.008968941796983711 0.0046226453030677132 -0.0040254914336928238 -0.0040254914336928238 0.00064287844509830819 0.00064287844509830819 0.00064287844509830819 0.0046226453030677132 -0.0011312251737973572 0.00064287844509830819 0.003287755165140105
leaf_weight=2.0088347310665986 1.4442328708246339 1.1179901496507216 1.3622169475420367 75.839369257446378 7.5808073232765301 0.90779473131988142 2.8117447588592768 8.663821366557384 1.5597626101225603 0.49298995942808588
leaf_count=109 36 48 406 9249 1666 141 245 2139 286 16
internal_value=0.000264542 0.000158908 0.00042836 0.000518212 -8.53162e-06 0.000642878 0.00307007 -0.00153504 -0.000747741 0.000642878
internal_weight=103.79 102.345 100.336 99.2185 19.1666 80.0519 3.71954 11.5858 10.2236 76.3324
internal_count=14341 14305 14196 14148 4497 9651 386 2831 2425 9265
is_linear=0
shrinkage=0.03


Tree=243
num_leaves=8
num_cat=0
split_feature=11 1 10 2 1 2 2
split_gain=0.0836658 0.253791 0.00920247 0.0783666 0.0094155 0.339759 0.00129793
threshold=99.648884050081662 0.80726621049201708 21.498599439775912 52.602024865930794 96.199984799939202 46.824596774193559 2.2000088000352007
decision_type=2 2 2 2 2 2 2
left_child=1 -1 3 -3 6 -6 -4
right_child=-2 2 4 -5 5 -7 -8
leaf_value=-0.0084583117006271392 0.0056685497851864247 -0.0030998225247805462 -0.00077987006072054047 0.00049043585458058371 0.00049043585458058371 0.0056685497851864247 0.00049043585458058371
leaf_weight=2.0038828841643399 1.5234279723372299 5.2304003703757171 0.47738338762428512 5.6409471281804144 4.7702893489040425 2.5545661940705031 81.715009327454027
leaf_count=109 36 1480 134 1130 379 83 10990
internal_value=0.00027136 0.00013701 0.000390315 -0.000405967 0.000490436 0.00151357 0.000490436
internal_weight=103.916 102.392 100.389 10.8713 89.5172 7.32486 82.1924
internal_count=14341 14305 14196 2610 11586 462 11124
is_linear=0
shrinkage=0.03


Tree=244
num_leaves=7
num_cat=0
split_feature=11 1 10 2 9 11
split_gain=0.0637481 0.293577 0.00714343 0.0731487 0.0142577 0.201304
threshold=99.648884050081662 0.80726621049201708 21.498599439775912 52.602024865930794 87.119815668202776 83.249830983194911
decision_type=2 2 2 2 2 2
left_child=1 -1 3 -3 -4 -6
right_child=-2 2 4 -5 5 -7
leaf_value=-0.0092420965339224045 0.0049686447860069951 -0.0029336768290705809 0.00050856554107700958 0.00050856554107700958 0.00050856554107700958 0.0049686447860069951
leaf_weight=1.9112403161125247 1.5375606124289323 5.2081674195360375 79.625351407798007 5.6363022557925433 7.2264843002776598 2.7022279455559328
leaf_count=109 36 1480 10062 1130 1372 152
internal_value=0.000270616 0.000152601 0.000420826 -0.000285495 0.000508566 0.00160301
internal_weight=103.847 102.31 100.399 10.8445 89.5541 9.92871
internal_count=14341 14305 14196 2610 11586 1524
is_linear=0
shrinkage=0.03


Tree=245
num_leaves=6
num_cat=0
split_feature=2 8 7 6 2
split_gain=0.0340064 0.113505 0.04359 0.187667 0.157839
threshold=6.2062621744462882 51.726190476190489 97.847985347985357 50.852514919011092 43.630983999742455
decision_type=2 2 2 2 2
left_child=1 -1 -2 -4 -5
right_child=2 -3 3 4 -6
leaf_value=-0.0073252128262553092 -9.0692100076572943e-05 -9.0692100076572943e-05 -9.0692100076572943e-05 -9.0692100076572943e-05 0.012409655952954604
leaf_weight=1.5686858961707901 95.778292306058574 2.7399742455454543 1.4026520529296242 0.69850484759081144 1.2412276614923028
leaf_count=451 13114 413 270 64 67
internal_value=-0.000216909 -0.00255649 -9.06921e-05 0.00291536 0.00832388
internal_weight=103.429 4.30866 99.1207 3.34238 1.93973
internal_count=14379 864 13515 401 131
is_linear=0
shrinkage=0.03


Tree=246
num_leaves=6
num_cat=0
split_feature=2 8 7 6 2
split_gain=0.0305655 0.106928 0.0468221 0.193394 0.16162
threshold=6.2062621744462882 51.726190476190489 97.847985347985357 50.852514919011092 43.630983999742455
decision_type=2 2 2 2 2
left_child=1 -1 -2 -4 -5
right_child=2 -3 3 4 -6
leaf_value=-0.0071057757281046217 -9.97841681052499e-05 -9.97841681052499e-05 -9.97841681052499e-05 -9.97841681052499e-05 0.012562398422122771
leaf_weight=1.5519255797262292 95.774513801559806 2.7404769136337563 1.4028658710885786 0.69839735759887833 1.255852722097188
leaf_count=451 13114 413 270 64 67
internal_value=-0.000219405 -0.00244116 -9.97842e-05 0.00301049 0.0084552
internal_weight=103.424 4.2924 99.1316 3.35712 1.95425
internal_count=14379 864 13515 401 131
is_linear=0
shrinkage=0.03


Tree=247
num_leaves=10
num_cat=0
split_feature=7 6 2 1 8 10 6 2 6
split_gain=0.0351382 0.192306 0.173712 0.0233311 0.00650063 0.0422264 0.0317801 0.00656874 0.00910128
threshold=97.847985347985357 50.852514919011092 43.630983999742455 0.40363310524600854 65.87601078167117 86.240703177822866 15.751879699248121 11.400045600182402 58.989229494614754
decision_type=2 2 2 2 2 2 2 2 2
left_child=3 -2 -3 -1 5 6 -5 8 -8
right_child=1 2 -4 4 -6 -7 7 -9 -10
leaf_value=-0.003358805241668766 -0.00033265718329486451 -0.00033265718329486451 0.012311836190882315 -0.0032152842052163319 -0.00033265718329486451 -0.00033265718329486451 -0.0032152842052163319 -0.00072604747708097169 -0.00072604747708097169
leaf_weight=1.3050470215966914 1.4636684727156528 0.72354137059301127 1.2685807682573793 6.6338495408417648 56.633707172702998 9.5957519540097547 1.4708167359349347 23.518466306442861 0.80566356913186599
leaf_count=57 288 71 67 1735 4866 1127 468 5456 244
internal_value=-0.000219591 0.00239164 0.00796994 -0.000332657 -0.000332657 -0.000721257 -0.00148787 -0.000940208 -0.00225585
internal_weight=103.419 3.45579 1.99212 99.9633 98.6583 42.0245 32.4288 25.7949 2.27648
internal_count=14379 426 138 13953 13896 9030 7903 6168 712
is_linear=0
shrinkage=0.03


Tree=248
num_leaves=7
num_cat=0
split_feature=7 6 6 11 2 2
split_gain=0.02738 0.197202 0.0129771 0.00347152 0.0132275 0.0118801
threshold=97.847985347985357 89.331436699857775 98.561076604554884 6.8912747765254574 98.495448618891274 11.400045600182402
decision_type=2 2 2 2 2 2
left_child=2 -2 3 4 -1 -5
right_child=1 -3 -4 5 -6 -7
leaf_value=-0.0022160110898711807 -0.00031230494916753977 0.0085809396999437671 0.00089956958961043385 -0.0014214964051210122 -0.00035797273441589878 -0.00031230494916753977
leaf_weight=3.4876844899845305 1.9245737274177366 1.5713314947206525 6.4682807958452022 7.9234904499608083 0.29599364823661733 81.7133923266083
leaf_count=959 346 80 362 1447 10 11175
internal_value=-0.000212147 0.00208261 -0.000312305 -0.000404852 -0.00120844 -0.000357973
internal_weight=103.385 3.49591 99.8888 93.4206 3.78368 89.6369
internal_count=14379 426 13953 13591 969 12622
is_linear=0
shrinkage=0.03


Tree=249
num_leaves=10
num_cat=0
split_feature=1 2 6 11 7 7 6 6 7
split_gain=0.0314822 0.0203414 0.0381464 0.622145 0.198901 0.0204644 0.00502414 0.00151862 0.000135389
threshold=0.40363310524600854 6.2062621744462882 94.160272804774095 96.439479911145469 91.987179487179489 8.0128205128205146 50.852514919011092 4.805491990846682 63.548951048951054
decision_type=2 2 2 2 2 2 2 2 2
left_child=-1 5 7 4 -4 -2 -7 -3 -8
right_child=1 2 3 -5 -6 6 8 -9 -10
leaf_value=-0.0036801470406311997 -0.0036801470406311997 -0.00095959578424477561 -0.00031484237821407531 0.011188728629504258 0.0084856896890614548 -0.0017179235433417291 -0.0012306724420587626 -0.00031484237821407531 -0.00031484237821407531
leaf_weight=1.3003978561609972 0.31087522074812923 2.526237877784296 12.651885548257271 3.5523521080613127 1.7818458836991329 1.513208862161264 1.5642509039025756 77.347345786867663 0.86064275749959041
leaf_count=59 61 347 763 37 84 401 235 12225 167
internal_value=-0.000208437 -0.00012896 -3.10518e-05 0.00117942 -0.000314842 -0.00194841 -0.000572072 -0.000314842 -0.000314842
internal_weight=103.409 102.109 97.8597 17.9861 14.4337 4.24898 3.9381 79.8736 2.42489
internal_count=14379 14320 13456 884 847 864 803 12572 402
is_linear=0
shrinkage=0.03


Tree=250
num_leaves=9
num_cat=0
split_feature=3 1 2 8 2 2 2 6
split_gain=0.0693561 0.0434402 0.105699 0.00858839 0.00380923 0.00205995 0.0119419 0.00016304
threshold=99.799999199996805 95.883989596564462 46.824596774193559 54.226190476190482 99.547383080709949 2.4000096000384006 0.95171829379470452 99.324324324324337
decision_type=2 2 2 2 2 2 2 2
left_child=1 4 3 -3 5 6 -1 -7
right_child=-2 2 -4 -5 -6 7 -8 -9
leaf_value=-0.0030550456633741869 0.0047295792808761811 0.00018168387359025661 0.0047295792808761811 0.0018377779323872766 0.0015982265428517235 0.00017185969195859953 0.00017185969195859953 0.00018168387359025661
leaf_weight=0.21863255253992875 2.4069914121646425 1.9380135539686296 2.598566890344955 3.0172836509300396 0.68996995314955611 87.176953932445031 0.51278504333458841 5.5396212865598491
leaf_count=62 33 300 98 195 29 13152 148 300
internal_value=0.000514539 0.000369687 0.00241748 0.000181684 0.000181684 0.000154414 -0.000879062 0.00017186
internal_weight=104.099 101.692 7.55386 4.9553 94.138 93.448 0.731418 92.7166
internal_count=14317 14284 593 495 13691 13662 210 13452
is_linear=0
shrinkage=0.03


Tree=251
num_leaves=7
num_cat=0
split_feature=3 1 2 2 2 2
split_gain=0.065465 0.0455028 0.0965901 0.0051112 0.00199466 0.0118402
threshold=99.799999199996805 95.883989596564462 46.824596774193559 99.547383080709949 2.4000096000384006 0.95171829379470452
decision_type=2 2 2 2 2 2
left_child=1 3 -3 4 5 -1
right_child=-2 2 -4 -5 -6 -7
leaf_value=-0.0030476877964123309 0.0046113816638156105 0.00017391253287382777 0.0046113816638156105 0.0017962743248549986 0.00015970927058879964 0.00015970927058879964
leaf_weight=0.21803965454455365 2.3920496781356624 4.983105511404573 2.5877236286178231 0.72370867663994332 92.70685875939671 0.5126648060977459
leaf_count=62 33 495 98 29 13452 148
internal_value=0.000506777 0.000366316 0.00245982 0.000173913 0.000142459 -0.000873846
internal_weight=104.124 101.732 7.57083 94.1613 93.4376 0.730704
internal_count=14317 14284 593 13691 13662 210
is_linear=0
shrinkage=0.03


Tree=252
num_leaves=13
num_cat=0
split_feature=3 1 8 6 6 2 8 8 2 8 8 1
split_gain=0.0587921 0.020706 0.0770127 0.123119 0.0148226 0.0071042 0.0341291 0.000912685 0.00069339 0.0590316 0.000701139 0.000249534
threshold=99.799999199996805 95.883989596564462 69.337606837606856 72.438780609695172 99.324324324324337 6.2062621744462882 99.358974358974379 78.722334004024148 95.737355933294722 90.444309190505194 2.225447508466377 94.159107873044732
decision_type=2 2 2 2 2 2 2 2 2 2 2 2
left_child=1 4 3 -3 5 6 11 -6 10 -10 -7 -1
right_child=-2 2 -4 -5 7 8 -8 -9 9 -11 -12 -13
leaf_value=-0.0031320000676734756 0.0044054378886614291 0.00024331798916228694 0.0044054378886614291 0.0044054378886614291 0.00024331798916228694 -0.00074307184045503726 0.00019518813361714272 0.0019451848021538375 0.00019518813361714272 0.0019451848021538375 0.00019518813361714272 -0.00074307184045503726
leaf_weight=2.4131452250294401 2.3810960482805958 3.2703018204774699 3.6343839896144345 0.73558894416782994 2.0099193733185521 0.53218936384655435 0.35484867054037739 3.5962726055877283 4.6246228383388353 3.5470809014514089 76.754658683144953 0.25226257881149639
leaf_count=614 33 344 162 87 188 106 18 119 517 85 11993 51
internal_value=0.0005084 0.000375184 0.00178293 0.000243318 0.000243318 0.000139319 -0.00109684 0.00161512 0.000195188 0.000243318 0.000195188 -0.0030019
internal_weight=104.106 101.725 7.64027 4.00589 94.085 88.4788 3.02026 5.60619 85.4586 8.1717 77.2868 2.66541
internal_count=14317 14284 593 431 13691 13384 683 307 12701 602 12099 665
is_linear=0
shrinkage=0.03


Tree=253
num_leaves=7
num_cat=0
split_feature=3 1 2 2 2 2
split_gain=0.0504126 0.0125358 0.0678399 0.00427677 0.00169299 0.0116205
threshold=99.799999199996805 95.883989596564462 46.824596774193559 99.547383080709949 2.4000096000384006 0.95171829379470452
decision_type=2 2 2 2 2 2
left_child=1 3 -3 4 5 -1
right_child=-2 2 -4 -5 -6 -7
leaf_value=-0.0028901448282394491 0.0041278258547749001 0.0002885866718582772 0.0041278258547749001 0.0017827827279183093 0.00027304503781636996 0.00027304503781636996
leaf_weight=0.21449499926529725 2.3792728728149077 5.0528430462582028 2.6565154482377693 0.72238770104013283 92.507981087081134 0.5095762126147747
leaf_count=62 33 495 98 29 13452 148
internal_value=0.000516857 0.000392965 0.00148583 0.000288587 0.000258213 -0.000695996
internal_weight=104.043 101.664 7.70936 93.9544 93.2321 0.724071
internal_count=14317 14284 593 13691 13662 210
is_linear=0
shrinkage=0.03


Tree=254
num_leaves=5
num_cat=0
split_feature=3 10 1 10
split_gain=0.059913 0.0170217 0.00922823 3.57465e-06
threshold=99.799999199996805 99.333333333333357 0.40363310524600854 3.0776515151515156
decision_type=2 2 2 2
left_child=1 2 -1 -4
right_child=-2 -3 3 -5
leaf_value=-0.0018376766946153332 0.0044161770673485602 0.0015451870389333951 7.0934899525348951e-05 0.00028670707913582764
leaf_weight=0.89357868197839607 2.4311387315392485 9.1468565453542379 0.83747111685806785 90.723253094824031
leaf_count=52 33 321 247 13664
internal_value=0.000512029 0.000376478 0.000245556 0.000285521
internal_weight=104.032 101.601 92.4543 91.5607
internal_count=14317 14284 13963 13911
is_linear=0
shrinkage=0.03


Tree=255
num_leaves=10
num_cat=0
split_feature=2 11 7 11 11 8 7 11 7
split_gain=0.0751736 0.0353614 0.0163037 0.197468 0.0380716 0.0140086 0.0329951 0.0081502 0.00781581
threshold=99.698492157765884 6.8912747765254574 91.987179487179489 57.042282031351213 92.763811786380941 2.225447508466377 15.438786565547131 99.648884050081662 94.935897435897445
decision_type=2 2 2 2 2 2 2 2 2
left_child=1 8 5 -4 -5 6 -3 -7 -1
right_child=-2 2 3 4 -6 7 -8 -9 -10
leaf_value=-0.0026026116344955658 0.0068708454257067741 -0.0022410048929024985 0.00022096031505651186 0.0026667974574595982 0.0068708454257067741 0.00022096031505651186 0.00022096031505651186 0.0020799728190137477 0.00022096031505651186
leaf_weight=3.6477079099277052 0.56456778175197442 0.4727487251511765 3.0722869576420617 5.0595397943397984 2.1090364267583936 86.430038177408278 0.3464169604703784 1.2053624188993115 0.29697448294609774
leaf_count=919 22 68 594 437 70 12077 80 32 54
internal_value=0.000341675 0.000239813 0.000360451 0.00143845 0.00509973 0.00022096 -0.002241 0.00022096 -0.002241
internal_weight=103.205 102.64 98.6954 10.2409 7.16858 88.4546 0.819166 87.6354 3.94468
internal_count=14353 14331 13358 1101 507 12257 148 12109 973
is_linear=0
shrinkage=0.03


Tree=256
num_leaves=9
num_cat=0
split_feature=2 11 8 7 11 7 7 7
split_gain=0.0398691 0.0311827 0.0151894 0.0329648 0.0072547 0.0137796 0.00539676 0.000657667
threshold=99.698492157765884 6.8912747765254574 2.225447508466377 15.438786565547131 99.648884050081662 1.5914786967418548 96.459899749373449 25.677655677655679
decision_type=2 2 2 2 2 2 2 2
left_child=1 -1 3 -3 5 -4 7 -7
right_child=-2 2 4 -5 -6 6 -8 -9
leaf_value=-0.0021205838991606284 0.0049970928018538349 -0.0021205838991606284 -0.0020236952894793605 0.0003728440747394323 0.0021074491508291343 0.0003728440747394323 0.0012989963158594961 0.00049954758125441312
leaf_weight=3.9297855600016183 0.59511116705834766 0.47331534652039309 1.2142713509965677 0.34581806475762278 1.2162058746907849 28.696564400568604 4.8308118520071721 61.913577098981477
leaf_count=973 22 68 56 80 35 2919 586 9614
internal_value=0.000287645 0.000212373 0.000325609 -0.00212058 0.000372844 0.000372844 0.000380275 0.000372844
internal_weight=103.215 102.62 98.6906 0.819133 97.8714 96.6552 95.441 90.6101
internal_count=14353 14331 13358 148 13210 13175 13119 12533
is_linear=0
shrinkage=0.03


Tree=257
num_leaves=9
num_cat=0
split_feature=2 11 8 11 11 8 11 11
split_gain=0.0427415 0.0296151 0.0152622 0.00643795 0.00283424 3.31633e-05 0.013982 0.000446932
threshold=99.698492157765884 6.8912747765254574 2.225447508466377 99.648884050081662 85.699884792626747 6.559139784946237 74.219510612059466 99.197591971090802
decision_type=2 2 2 2 2 2 2 2
left_child=1 -1 4 5 -3 6 -4 -7
right_child=-2 2 3 -5 -6 7 -8 -9
leaf_value=-0.0020628538211606264 0.0051591471143077501 -0.0020628538211606264 -0.00201552930934892 0.0019835894080985619 0.000205536011949702 0.0003342382279247322 0.0003342382279247322 0.00071367946291059944
leaf_weight=3.9245623021852216 0.59953833604231377 0.43945948680629854 1.3300636363564984 1.216225892305373 0.37399675161577761 91.284541088098194 1.4769750505220143 2.56973038020078
leaf_count=973 22 116 421 35 32 12464 211 79
internal_value=0.000290071 0.000212106 0.000322358 0.000369839 -0.00206285 0.000329431 0.000205536 0.000334238
internal_weight=103.215 102.616 98.691 97.8775 0.813456 96.6613 2.80704 93.8543
internal_count=14353 14331 13358 13210 148 13175 632 12543
is_linear=0
shrinkage=0.03


Tree=258
num_leaves=9
num_cat=0
split_feature=2 11 8 7 11 7 7 7
split_gain=0.0397494 0.0281305 0.0150136 0.0311562 0.00591326 0.0130297 0.00567281 0.000531
threshold=99.698492157765884 6.8912747765254574 2.225447508466377 15.438786565547131 99.648884050081662 1.5914786967418548 96.459899749373449 25.677655677655679
decision_type=2 2 2 2 2 2 2 2
left_child=1 -1 3 -3 5 -4 7 -7
right_child=-2 2 4 -5 -6 6 -8 -9
leaf_value=-0.0020155970564485039 0.0049762530182393657 -0.0020155970564485039 -0.0019686048701647134 0.00035728237340459544 0.0019261687061908998 0.00035728237340459544 0.0013059492882979478 0.00047478470718776019
leaf_weight=3.9199946240405543 0.59748872672207554 0.4675902437302274 1.2172625138191495 0.34538109810091555 1.2140149855986226 28.694900690577924 4.8256606905488288 61.949828438402619
leaf_count=973 22 68 56 80 35 2919 586 9614
internal_value=0.00027769 0.000202584 0.000309999 -0.0020156 0.000357282 0.000357282 0.000367327 0.000357282
internal_weight=103.232 102.635 98.7146 0.812971 97.9017 96.6877 95.4704 90.6447
internal_count=14353 14331 13358 148 13210 13175 13119 12533
is_linear=0
shrinkage=0.03


Tree=259
num_leaves=9
num_cat=0
split_feature=2 8 7 11 7 11 7 11
split_gain=0.0389288 0.01188 0.0705451 0.00361389 0.0136135 0.00591299 0.00327173 0.0444347
threshold=99.698492157765884 2.225447508466377 15.438786565547131 99.648884050081662 1.5914786967418548 99.197591971090802 96.459899749373449 57.042282031351213
decision_type=2 2 2 2 2 2 2 2
left_child=1 2 -1 4 -3 6 -6 -8
right_child=-2 3 -4 -5 5 -7 7 -9
leaf_value=-0.0068776337063755312 0.00492414290768548 -0.0021285277359958284 0.0002353746565353605 0.0014541053941228585 0.0002353746565353605 0.0014541053941228585 0.0002353746565353605 0.0014541053941228585
leaf_weight=0.47180237725842644 0.59364298544824023 1.2103905264521007 0.34941898542456329 1.2270867037586857 91.802816439419985 2.470341039239428 1.8648191547254089 3.2033344856463373
leaf_count=70 22 56 82 35 13393 80 351 264
internal_value=0.000268807 0.000194601 -0.00221326 0.000235375 0.000235375 0.000255707 0.000235375 0.000946135
internal_weight=103.194 102.6 0.821221 101.779 100.552 99.3413 96.871 5.06815
internal_count=14353 14331 152 14179 14144 14088 14008 615
is_linear=0
shrinkage=0.03


Tree=260
num_leaves=9
num_cat=0
split_feature=11 4 9 2 6 11 6 9
split_gain=0.0571971 0.0686344 0.0958519 0.0322161 0.0241641 0.020311 0.00250086 0.284266
threshold=6.8912747765254574 98.992949633283587 90.958605664488033 99.547383080709949 54.91576912455124 99.648884050081662 96.352785145888603 45.183384887317722
decision_type=2 2 2 2 2 2 2 2
left_child=1 2 -1 5 -4 6 -2 -8
right_child=3 -3 4 -5 -6 -7 7 -9
leaf_value=-0.0074678130470823131 0.00055390818052171692 0.00055390818052171692 -0.0032717625031921122 0.0048488849684929494 0.00055390818052171692 0.0032596402040147659 0.00055390818052171692 0.0032596402040147659
leaf_weight=2.1500781567301601 85.825847093365155 0.29674383462406684 0.65012269560247637 0.58841948327608307 0.57980525190941989 1.6133963540196408 5.5891642583301273 5.6320111537352204
leaf_count=675 12674 5 159 25 134 42 471 138
internal_value=0.000406254 -0.00284568 -0.00459518 0.000553908 0.000553908 0.000553908 0.000553908 0.00118405
internal_weight=102.926 3.67675 3.38001 99.2488 1.22993 98.6604 97.047 11.2212
internal_count=14323 973 968 13350 293 13325 13283 609
is_linear=0
shrinkage=0.03


Tree=261
num_leaves=9
num_cat=0
split_feature=11 9 2 11 9 6 9 9
split_gain=0.0529715 0.0514833 0.043008 0.0189594 0.008297 0.236078 0.00389929 0.000729981
threshold=6.8912747765254574 95.149911816578495 99.547383080709949 99.648884050081662 30.068493150684933 96.884057971014514 94.871420222092368 90.958605664488033
decision_type=2 2 2 2 2 2 2 2
left_child=1 7 3 4 -2 6 -6 -1
right_child=2 -3 -4 -5 5 -7 -8 -9
leaf_value=-0.0047111120099429544 3.9854011563869242e-05 0.00055564117061771229 0.005468866838917918 0.0031846584445271321 3.9854011563869242e-05 0.0031846584445271321 0.001459872471973872 -0.00076994756563384292
leaf_weight=2.4266044776886724 37.305603159125894 0.73413126671221096 0.61625150591134925 1.61824206332676 48.647035900736228 6.6748363516526288 4.4097160426317705 0.49391920247580845
leaf_count=680 4078 162 25 42 8346 165 694 131
internal_value=0.0004141 -0.00272398 0.000555641 0.000555641 0.000555641 0.000609422 0.000555641 -0.00441098
internal_weight=102.926 3.65465 99.2717 98.6554 97.0372 59.7316 53.0568 2.92052
internal_count=14323 973 13350 13325 13283 9205 9040 811
is_linear=0
shrinkage=0.03


Tree=262
num_leaves=9
num_cat=0
split_feature=11 9 2 11 9 6 9 9
split_gain=0.0519649 0.0512592 0.0418914 0.0173922 0.00708565 0.0108639 0.00243783 0.000778203
threshold=6.8912747765254574 95.149911816578495 99.547383080709949 99.648884050081662 94.871420222092368 6.7117117117117129 30.068493150684933 90.958605664488033
decision_type=2 2 2 2 2 2 2 2
left_child=1 7 3 4 6 -6 -2 -1
right_child=2 -3 -4 -5 5 -7 -8 -9
leaf_value=-0.004701820219415679 0.00011214144485965739 0.0005456834020183581 0.005397522295952994 0.0030701247897538964 0.0005456834020183581 0.0022483975867911392 0.0005456834020183581 -0.00076402979789297516
leaf_weight=2.4126155261765256 37.239462484663818 0.73418049793690432 0.61425164109095831 1.6134829884394992 0.40210530429612745 4.0055709325242788 55.366280092857778 0.49387990694958706
leaf_count=680 4078 162 25 42 59 635 8511 131
internal_value=0.000405622 -0.0027072 0.000545683 0.000545683 0.000545683 0.00145151 0.000321711 -0.00439956
internal_weight=102.882 3.64068 99.2412 98.6269 97.0134 4.40768 92.6057 2.9065
internal_count=14323 973 13350 13325 13283 694 12589 811
is_linear=0
shrinkage=0.03


Tree=263
num_leaves=8
num_cat=0
split_feature=11 9 2 11 9 6 9
split_gain=0.0503158 0.0506564 0.041206 0.0184725 0.00447177 0.206632 0.000790912
threshold=6.8912747765254574 95.149911816578495 99.547383080709949 99.648884050081662 30.068493150684933 96.884057971014514 90.958605664488033
decision_type=2 2 2 2 2 2 2
left_child=1 6 3 4 -2 -6 -1
right_child=2 -3 -4 -5 5 -7 -8
leaf_value=-0.0046557063123636626 0.00011712799971460357 0.00053913509671745115 0.0053516033805083253 0.0031336896795137693 0.00053913509671745115 0.0031336896795137693 -0.00075355154980545505
leaf_weight=2.4066583831445332 37.23073999688495 0.73416864301543672 0.61383200529962678 1.615743817295878 53.052354290441144 6.7184731975430614 0.49338147346861649
leaf_count=680 4078 162 25 42 9040 165 131
internal_value=0.000401414 -0.00266392 0.000539135 0.000539135 0.000539135 0.000539135 -0.00435527
internal_weight=102.865 3.63421 99.2311 98.6173 97.0016 59.7708 2.90004
internal_count=14323 973 13350 13325 13283 9205 811
is_linear=0
shrinkage=0.03


Tree=264
num_leaves=8
num_cat=0
split_feature=11 2 0 11 11 6 6
split_gain=0.0431454 0.0421866 0.0370189 0.0209111 0.019517 0.000213605 3.79591e-05
threshold=6.8912747765254574 99.547383080709949 1.2108993157380257 95.259481037924161 99.648884050081662 96.352785145888603 54.91576912455124
decision_type=2 2 2 2 2 2 2
left_child=6 2 3 -2 5 -4 -1
right_child=1 -3 4 -5 -6 -7 -8
leaf_value=-0.0038571914572609663 -0.002466630841817937 0.0053292779316233682 0.00050584334967323998 0.00050584334967323998 0.003115628710487762 0.00079161751282739415 -0.002466630841817937
leaf_weight=2.1641729463008228 0.64464273618068435 0.61237390874884923 84.626529448549263 0.47998722805641592 1.6165349546354253 11.284179211244917 1.4539659074507651
leaf_count=614 129 25 12531 15 42 608 359
internal_value=0.000377263 0.000504489 0.000421361 -0.00246663 0.000505843 0.000505843 -0.00246663
internal_weight=102.882 99.2642 98.6519 1.12463 97.5272 95.9107 3.61814
internal_count=14323 13350 13325 144 13181 13139 973
is_linear=0
shrinkage=0.03


Tree=265
num_leaves=8
num_cat=0
split_feature=4 6 1 1 1 0 0
split_gain=0.0910239 0.0905989 0.068635 0.0478939 0.0255239 0.249753 0.00625325
threshold=99.799999199996805 4.805491990846682 0.40363310524600854 44.333107977593208 95.883989596564462 75.626770652243906 99.799999199996805
decision_type=2 2 2 2 2 2 2
left_child=1 3 -3 -1 6 -6 -4
right_child=-2 2 4 -5 5 -7 -8
leaf_value=-0.0080570567445963949 0.0045514216612175364 -0.0053425551821361583 -7.1413032612298023e-05 -7.1413032612298023e-05 -7.1413032612298023e-05 0.0045514216612175364 0.0017642477334011294
leaf_weight=1.0060875583440059 2.6790394443087271 0.75970563350710918 88.487888693343848 1.0466310123447327 5.2899273324292144 2.1278378751594573 0.7767364988103499
leaf_count=168 36 49 13292 192 525 46 11
internal_value=-8.43141e-05 -0.000253186 -9.27912e-05 -0.00534256 1.45837e-05 0.00160649 -7.1413e-05
internal_weight=102.174 99.4948 97.4421 2.05272 96.6824 7.41777 89.2646
internal_count=14319 14283 13923 360 13874 571 13303
is_linear=0
shrinkage=0.03


Tree=266
num_leaves=9
num_cat=0
split_feature=4 6 10 1 1 1 0 0
split_gain=0.0903561 0.0879478 0.0807806 0.0270727 0.0646041 0.0222778 0.244689 0.00633894
threshold=99.799999199996805 4.805491990846682 69.51530612244899 44.333107977593208 0.40363310524600854 95.883989596564462 75.626770652243906 99.799999199996805
decision_type=2 2 2 2 2 2 2 2
left_child=1 2 -1 -4 -3 7 -7 -6
right_child=-2 4 3 -5 5 6 -8 -9
leaf_value=-0.0086360304236481993 0.0045694826451939084 -0.0044838337542770423 -0.0044838337542770423 -6.0681604720139344e-05 -6.0681604720139344e-05 -6.0681604720139344e-05 0.0045694826451939084 0.0017470480428054139
leaf_weight=1.0991266301134595 2.6773508996702722 0.76483969518449058 0.38134417589753855 0.5707248505204916 88.436971802439075 5.2898216736502937 2.1189326404128224 0.77482479810714622
leaf_count=220 36 49 62 78 13292 525 46 11
internal_value=-4.98111e-05 -0.000218444 -0.00523389 -6.06816e-05 -6.06816e-05 4.59692e-05 0.00152579 -6.06816e-05
internal_weight=102.114 99.4366 2.0512 0.952069 97.3854 96.6206 7.40875 89.2118
internal_count=14319 14283 360 140 13923 13874 571 13303
is_linear=0
shrinkage=0.03


Tree=267
num_leaves=9
num_cat=0
split_feature=4 6 10 1 1 1 5 10
split_gain=0.0831787 0.079977 0.0754826 0.0271999 0.0593818 0.0231804 0.168214 0.0133112
threshold=99.799999199996805 4.805491990846682 69.51530612244899 44.333107977593208 0.40363310524600854 95.883989596564462 87.51257545271632 92.365967365967379
decision_type=2 2 2 2 2 2 2 2
left_child=1 2 -1 -4 -3 -6 7 -7
right_child=-2 4 3 -5 5 6 -8 -9
leaf_value=-0.0083045175699058109 0.0043938898843545677 -0.0044873015988283818 -0.0044873015988283818 -5.8126232227668036e-05 -5.8126232227668036e-05 -5.8126232227668036e-05 0.0043938898843545677 0.0042471946188601829
leaf_weight=1.0909086526371532 2.6633736426010719 0.76410547352861513 0.38211367651820172 0.57100451050791889 89.20839439885458 3.1330626271665087 2.7467935924651101 1.5506893707206471
leaf_count=220 36 49 62 78 13303 459 55 57
internal_value=-4.6884e-05 -0.000208375 -0.00499696 -5.81262e-05 -5.81262e-05 4.31185e-05 0.00155238 -5.81262e-05
internal_weight=102.11 99.4471 2.04403 0.953118 97.403 96.6389 7.43055 4.68375
internal_count=14319 14283 360 140 13923 13874 571 516
is_linear=0
shrinkage=0.03


Tree=268
num_leaves=11
num_cat=0
split_feature=5 10 9 6 0 9 9 1 6 10
split_gain=0.0356069 0.0389993 0.0962614 0.130658 0.0954584 0.0725694 0.0205939 0.0143452 0.0230143 0.000329355
threshold=99.799999199996805 69.51530612244899 58.086312118570191 97.240197944423315 96.582911121346555 97.182539682539684 71.516754850088191 18.154416972506603 18.154929577464795 7.9215686274509816
decision_type=2 2 2 2 2 2 2 2 2 2
left_child=1 5 3 -3 -5 6 7 9 -9 -1
right_child=-2 2 -4 4 -6 -7 -8 8 -10 -11
leaf_value=-0.004175249062092129 0.0027453645767675379 -0.00067259368070174126 0.0027453645767675379 -0.00067259368070174126 0.0027453645767675379 0.0027453645767675379 1.8578188514111789e-05 -0.0023630712210645326 -0.00067259368070174126 -0.0023630712210645326
leaf_weight=0.79066555225290169 2.9832475315779439 27.149719299864955 10.808466082904486 2.7698343950323752 3.2269102595746517 1.8007398539339181 15.226295633940024 3.0366783996578333 27.076275988190901 7.2582135437405668
leaf_count=124 34 2418 1474 134 36 347 2845 865 4932 1110
internal_value=-3.66774e-05 -0.000146968 0.000513278 -0.000307034 0.00274536 -0.000672594 -0.000916421 -0.00128043 -0.000924397 -0.00236307
internal_weight=102.127 99.1438 43.9549 33.1465 5.99674 55.1889 53.3881 38.1618 30.113 8.04888
internal_count=14319 14285 4062 2588 170 10223 9876 7031 5797 1234
is_linear=0
shrinkage=0.03


Tree=269
num_leaves=10
num_cat=0
split_feature=4 6 10 11 1 1 1 7 6
split_gain=0.0966674 0.0773036 0.0723509 0.0295733 0.0283436 0.105028 0.0195161 0.0256899 0.04734
threshold=99.799999199996805 4.805491990846682 69.51530612244899 99.648884050081662 44.333107977593208 0.40363310524600854 95.883989596564462 35.043859649122815 47.220077220077222
decision_type=2 2 2 2 2 2 2 2 2
left_child=1 2 -1 5 -4 -3 -7 -8 -9
right_child=-2 3 4 -5 -6 6 7 8 -10
leaf_value=-0.0081357424497912195 0.0047483352678417733 -0.0045282831838126475 -0.0045282831838126475 0.0034098995254947546 -3.5074587029034943e-05 -3.5074587029034943e-05 -3.5074587029034943e-05 -3.5074587029034943e-05 0.0034098995254947546
leaf_weight=1.0858440326992416 2.7105319807305923 0.67031804262660344 0.38223929330706585 1.2428027186542738 0.57142221904359758 88.009500795567874 3.4567330387653774 1.0436370173702019 2.9099990841932595
leaf_count=220 36 48 62 31 78 13273 214 108 249
internal_value=-6.84143e-06 -0.000182561 -0.00489392 -3.50746e-05 -3.50746e-05 -3.50746e-05 3.37093e-05 0.00142876 0.00284691
internal_weight=102.083 99.3725 2.03951 97.333 0.953662 96.0902 95.4199 7.41037 3.95364
internal_count=14319 14283 360 13923 140 13892 13844 571 357
is_linear=0
shrinkage=0.03


Tree=270
num_leaves=12
num_cat=0
split_feature=5 9 10 9 10 7 2 7 9 9 9
split_gain=0.0703186 0.0447795 0.0316308 0.0394986 0.0158138 0.0341127 0.00314501 0.0354889 0.0235449 0.00627588 0.00072192
threshold=99.799999199996805 25.834260289210238 22.696969696969699 96.121121121121135 84.731934731934743 21.611721611721617 38.399953599814403 98.408521303258155 80.600358422939081 90.958605664488033 58.086312118570191
decision_type=2 2 2 2 2 2 2 2 2 2 2
left_child=1 4 3 -3 5 -1 8 9 -4 10 -8
right_child=-2 2 6 -5 -6 -7 7 -9 -10 -11 -12
leaf_value=-0.003939247345109493 0.0030849020022542832 -0.0016889853116125965 -0.00086652281159368711 -5.424446674024715e-05 -0.00086652281159368711 -0.0016889853116125965 -0.0003260160351138008 0.0030536541465433237 -5.424446674024715e-05 0.0010557648534796514 -4.9261779295048138e-05
leaf_weight=6.9286736489739296 3.4387352813500902 8.0025037208688428 12.403212717734279 1.0930366747779761 14.508947508758864 10.643520404119043 18.710046005668119 2.6004028921015552 4.2300971774966447 3.5883342523593447 15.619734177249482
leaf_count=1100 40 2110 2196 212 793 1682 2271 165 854 634 2363
internal_value=-0.000626789 -0.000786344 -0.000330613 -0.00168899 -0.00168899 -0.00228485 -5.42445e-05 0.000206994 -5.42445e-05 -5.42445e-05 -5.42445e-05
internal_weight=101.767 98.3285 66.2474 9.09554 32.0811 17.5722 57.1518 40.5185 16.6333 37.9181 34.3298
internal_count=14420 14380 10805 2322 3575 2782 8483 5433 3050 5268 4634
is_linear=0
shrinkage=0.03


Tree=271
num_leaves=9
num_cat=0
split_feature=5 9 10 9 10 2 9 9
split_gain=0.0671481 0.0358005 0.0258854 0.0355412 0.0109579 0.00236787 0.0281484 0.000152262
threshold=99.799999199996805 25.834260289210238 22.696969696969699 96.121121121121135 84.731934731934743 38.399953599814403 80.600358422939081 90.958605664488033
decision_type=2 2 2 2 2 2 2 2
left_child=1 4 3 -3 -1 6 -4 -7
right_child=-2 2 5 -5 -6 7 -8 -9
leaf_value=-0.0020911482953017528 0.0030051689118223419 -0.0015863351783256998 -0.00088277797670351457 -0.00011728940066942973 -0.00088277797670351457 0.00010984252513302795 0.00010984252513302795 0.00026983973208811936
leaf_weight=17.463064298441171 3.4424713570624581 7.9931520535610598 12.409528086893262 1.0951312724500892 14.502267890376968 35.751091332407668 4.2291149793309151 4.8244771927129468
leaf_count=2782 40 2110 2196 212 793 4722 854 711
internal_value=-0.000620623 -0.000776634 -0.000368496 -0.00158634 -0.00158634 -0.000117289 -0.000117289 0.000109843
internal_weight=101.71 98.2678 66.3025 9.08828 31.9653 57.2142 16.6386 40.5756
internal_count=14420 14380 10805 2322 3575 8483 3050 5433
is_linear=0
shrinkage=0.03


Tree=272
num_leaves=10
num_cat=0
split_feature=5 9 10 9 10 2 2 2 10
split_gain=0.0614305 0.0311005 0.0176683 0.0192163 0.0256905 0.0196483 0.0124907 0.00948086 0.00606066
threshold=99.799999199996805 25.834260289210238 7.9215686274509816 95.476190476190496 22.696969696969699 30.383024031610315 96.23887306033096 38.399953599814403 84.731934731934743
decision_type=2 2 2 2 2 2 2 2 2
left_child=1 8 -3 4 6 -5 -4 -6 -1
right_child=-2 2 3 5 7 -7 -8 -9 -10
leaf_value=-0.0019111209708159529 0.0028584337395402772 -0.0015165460216395184 -0.0015165460216395184 -0.0001516071327430567 -0.00075445152086698914 0.0026273812965985103 -0.0001516071327430567 0.00010361067809697434 -0.00095343123268170553
leaf_weight=17.261112013075039 3.4461803038138887 2.5412281980388789 5.2042912807082748 1.1528331922017958 15.465165285859255 3.1590168029069901 0.41403728467412282 38.486035836162046 14.488713024649767
leaf_count=2782 40 705 1409 238 2817 515 58 5063 793
internal_value=-0.000608688 -0.000757991 -0.000378289 -0.000241043 -0.000389364 0.00149561 -0.00151655 -0.000151607 -0.00151655
internal_weight=101.619 98.1724 66.4226 63.8814 59.5695 4.31185 5.61833 53.9512 31.7498
internal_count=14420 14380 10805 10100 9347 753 1467 7880 3575
is_linear=0
shrinkage=0.03


Tree=273
num_leaves=12
num_cat=0
split_feature=5 9 10 9 10 2 2 2 10 2 2
split_gain=0.0601723 0.015902 0.0133298 0.0122602 0.0193646 0.0142479 0.00671028 0.00573411 0.00197689 0.0240338 0.056147
threshold=99.799999199996805 25.834260289210238 7.9215686274509816 95.476190476190496 22.696969696969699 6.2062621744462882 96.23887306033096 38.399953599814403 84.731934731934743 93.987879372040638 40.977822580645167
decision_type=2 2 2 2 2 2 2 2 2 2 2
left_child=1 8 -3 4 6 -5 -4 -6 9 -1 -10
right_child=-2 2 3 5 7 -7 -8 -9 10 -11 -12
leaf_value=-0.002544733421143999 0.002827119869682078 -0.0013017483304907165 -0.0013017483304907165 -0.00024212843410595332 -0.00071079521597033879 0.0018284217876029379 -0.00024212843410595332 -4.0492048962098913e-05 -0.002544733421143999 -0.0013017483304907165 -0.0013017483304907165
leaf_weight=14.867236637743195 3.4393456182442597 2.5356356630800283 5.1961638234788543 0.33329842548118804 15.458759594592264 4.0637047482887283 0.4129905670415609 38.45618406671565 4.0060763359069798 2.2708664304809636 10.48565963108558
leaf_count=2590 40 705 1409 53 2817 700 58 5063 306 192 487
internal_value=-0.000607231 -0.000754971 -0.000479294 -0.000345849 -0.000463425 0.00103677 -0.00130175 -0.000242128 -0.00130175 -0.0015579 -0.000917809
internal_weight=101.526 98.0866 66.4567 63.9211 59.5241 4.397 5.60915 53.9149 31.6298 17.1381 14.4917
internal_count=14420 14380 10805 10100 9347 753 1467 7880 3575 2782 793
is_linear=0
shrinkage=0.03


Tree=274
num_leaves=4
num_cat=0
split_feature=5 9 9
split_gain=0.0581268 0.0203039 0.0110189
threshold=99.799999199996805 25.834260289210238 95.476190476190496
decision_type=2 2 2
left_child=1 -1 -3
right_child=-2 2 -4
leaf_value=-0.0013923491400270208 0.0027491214410645635 -0.00057340512824010314 0.00082402816055936136
leaf_weight=31.48555799620226 3.4367367164231828 61.855012985295616 4.6539495526230885
leaf_count=3575 40 9990 815
internal_value=-0.000628875 -0.000773918 -0.000464862
internal_weight=101.431 97.9945 66.509
internal_count=14420 14380 10805
is_linear=0
shrinkage=0.03


Tree=275
num_leaves=8
num_cat=0
split_feature=4 10 2 2 2 2 2
split_gain=0.0499547 0.0501652 0.0584435 0.0219981 0.00597704 0.00350761 0.000500249
threshold=99.597179853313449 94.555555555555571 36.53223786282242 99.698492157765884 5.5499551971326175 92.092020777721686 99.148991174277967
decision_type=2 2 2 2 2 2 2
left_child=1 3 -3 4 -1 -4 -6
right_child=-2 2 5 -5 6 -7 -8
leaf_value=-0.0021969970173739859 0.0022374545718896023 -0.00093557866026244352 0.0013061368628019708 0.0020144249509470042 -0.00093557866026244352 0.0022374545718896023 6.7582535779668479e-05
leaf_weight=3.0945827109972006 4.7955116673838338 4.7529079474043128 9.1261987477773747 0.43511986499652167 78.226242349715903 2.3367219702340671 0.34379311138763924
leaf_count=768 76 268 471 17 12708 66 31
internal_value=-0.000481399 -0.00063521 0.00085155 -0.000935579 -0.000991722 0.00201442 -0.000935579
internal_weight=103.111 98.3156 16.2158 82.0997 81.6646 11.4629 78.57
internal_count=14405 14329 805 13524 13507 537 12739
is_linear=0
shrinkage=0.03


Tree=276
num_leaves=8
num_cat=0
split_feature=1 2 4 4 2 2 2
split_gain=0.0504285 0.364572 0.0459568 0.187703 0.0203926 0.000509035 5.99485e-05
threshold=95.883989596564462 46.824596774193559 89.123856039462595 99.597179853313449 99.698492157765884 2.4000096000384006 0.95171829379470452
decision_type=2 2 2 2 2 2 2
left_child=3 2 -2 4 5 6 -1
right_child=1 -3 -4 -5 -6 -7 -8
leaf_value=-0.0025095892659650733 -0.00068576226072197897 0.0093596563649352288 0.0062314703732635384 0.0046777655169021872 0.0026421156439695339 -0.0010209852847902624 -0.0010209852847902624
leaf_weight=0.20696168614085664 4.1658457262092261 2.7492005946114659 0.79104790533892799 4.5664259402547023 0.44175542588345607 89.630375353328418 0.50179370702244341
leaf_count=59 482 104 12 72 18 13511 147
internal_value=-0.000492345 0.00170468 -0.000685762 -0.000685762 -0.00100358 -0.00105014 -0.00198202
internal_weight=103.053 7.70609 4.95689 95.3473 90.7809 90.3391 0.708755
internal_count=14405 598 494 13807 13735 13717 206
is_linear=0
shrinkage=0.03


Tree=277
num_leaves=7
num_cat=0
split_feature=1 2 4 4 2 2
split_gain=0.0652771 0.392883 0.0431749 0.179864 0.00316933 0.000610523
threshold=95.883989596564462 46.824596774193559 89.123856039462595 99.597179853313449 99.698492157765884 2.4000096000384006
decision_type=2 2 2 2 2 2
left_child=3 2 -2 4 5 -1
right_child=1 -3 -4 -5 -6 -7
leaf_value=-0.0019775927350204922 -0.00070291612653397258 0.0095531218288253499 0.0061205983208283323 0.0045443674584989806 0.00060118609537256052 -0.00100067133750427
leaf_weight=0.70690826163627107 4.1682956501026629 2.9791066932957619 0.7824721704237162 4.5737269192468366 0.47859652573242684 89.311307345924433
leaf_count=206 482 104 12 72 18 13511
internal_value=-0.000478985 0.00198377 -0.000702916 -0.000702916 -0.00101488 -0.00102999
internal_weight=103 7.92987 4.95077 95.0705 90.4968 90.0182
internal_count=14405 598 494 13807 13735 13717
is_linear=0
shrinkage=0.03


Tree=278
num_leaves=4
num_cat=0
split_feature=1 4 4
split_gain=0.0641132 0.190599 0.1796
threshold=95.883989596564462 70.392719218537039 99.597179853313449
decision_type=2 2 2
left_child=2 -2 -1
right_child=1 -3 -4
leaf_value=-0.0010099808649028672 -0.00069791087075506543 0.0071718804090393452 0.004548504226158232
leaf_weight=90.353851456311531 5.2305320020532218 2.8009186863200739 4.5669835917651644
leaf_count=13735 543 55 72
internal_value=-0.000474472 0.00195116 -0.000697911
internal_weight=102.952 8.03145 94.9208
internal_count=14405 598 13807
is_linear=0
shrinkage=0.03


Tree=279
num_leaves=9
num_cat=0
split_feature=1 2 4 4 11 11 2 2
split_gain=0.0449005 0.343925 0.087872 0.176762 0.00919937 0.00661786 0.0046637 0.000377181
threshold=95.883989596564462 71.756487025948118 86.399945599782413 99.597179853313449 95.259481037924161 0.80726621049201708 99.698492157765884 2.9175168415597881
decision_type=2 2 2 2 2 2 2 2
left_child=3 2 -2 4 5 -1 7 -7
right_child=1 -3 -4 -5 -6 6 -8 -9
leaf_value=-0.003378166883094628 -0.00065287967585205844 0.012531519868283008 0.0055108784146456627 0.0045343257188618152 -0.00065287967585205844 -0.002089387719159317 -0.00065287967585205844 -0.0011114392953509812
leaf_weight=0.39680848771240462 5.8035120168351551 1.0389233778696505 1.2173035009764133 4.6000356813892713 16.950249380315654 0.76073986320989107 0.4237384160514911 71.766847779334057
leaf_count=103 551 26 21 72 665 229 15 12723
internal_value=-0.000466096 0.00156248 -0.00065288 -0.00065288 -0.0009639 -0.00113856 -0.00108086 -0.00114997
internal_weight=102.958 8.05974 7.02082 94.8984 90.2984 73.3481 72.9513 72.5276
internal_count=14405 598 572 13807 13735 13070 12967 12952
is_linear=0
shrinkage=0.03


Tree=280
num_leaves=7
num_cat=0
split_feature=11 10 8 11 6 10
split_gain=0.0393684 0.0332087 0.00921337 0.284976 0.494724 0.097108
threshold=6.8912747765254574 89.363636363636374 59.861111111111121 95.259481037924161 94.665718349928895 45.215686274509814
decision_type=2 2 2 2 2 2
left_child=1 -1 -2 -4 5 -5
right_child=2 -3 3 4 -6 -7
leaf_value=-0.0039568221594548916 0.00050806840748580603 0.00050806840748580603 0.00050806840748580603 0.00050806840748580603 0.012943891859832243 0.0037432991819033676
leaf_weight=2.3805817338870834 39.408643062401097 1.3555573179619385 47.353435581433587 2.1872571925632638 3.5863385982811442 7.5199751402251422
leaf_count=772 8023 188 5142 82 38 172
internal_value=0.000386172 -0.00229628 0.000508068 0.000880487 0.00481619 0.000884955
internal_weight=103.792 3.73614 100.056 60.647 13.2936 9.70723
internal_count=14417 960 13457 5434 292 254
is_linear=0
shrinkage=0.03


Tree=281
num_leaves=7
num_cat=0
split_feature=11 10 8 6 10 10
split_gain=0.0324704 0.0283402 0.00702521 0.0414183 0.0192947 0.000632104
threshold=6.8912747765254574 89.363636363636374 59.861111111111121 21.680376028202119 69.174208144796395 42.98029556650247
decision_type=2 2 2 2 2 2
left_child=1 -1 -2 -4 5 -5
right_child=2 -3 3 4 -6 -7
leaf_value=-0.003618457312742808 0.00048264337419722821 0.00048264337419722821 0.00048264337419722821 0.00054177846330581388 0.0019015997079260139 0.00092359838643772695
leaf_weight=2.3574554123915727 39.372697766171768 1.3527254859218372 2.7154934616992241 13.655063108890319 28.367433357867412 15.890855143195948
leaf_count=772 8023 188 173 1981 1585 1695
internal_value=0.000372357 -0.0020716 0.000482643 0.000808792 0.00134749 0.000770648
internal_weight=103.712 3.71018 100.002 60.6288 57.9134 29.5459
internal_count=14417 960 13457 5434 5261 3676
is_linear=0
shrinkage=0.03


Tree=282
num_leaves=7
num_cat=0
split_feature=11 6 8 10 10 8
split_gain=0.0312165 0.028555 0.0783129 0.0208053 0.00881705 0.00145784
threshold=6.8912747765254574 23.43137254901961 59.861111111111121 89.363636363636374 3.0776515151515156 5.7983193277310932
decision_type=2 2 2 2 2 2
left_child=3 4 5 -1 -2 -3
right_child=1 2 -4 -5 -6 -7
leaf_value=-0.0035525174368126137 -0.0030075878746163255 -0.00061566853056180791 0.0013180663228166448 -0.00067817228334823821 -0.00061566853056180791 -0.00036064689748524243
leaf_weight=2.3455654946737918 0.46428465703501842 2.0167003551032492 57.823802393395454 1.3532050501089541 14.710718158865346 25.002618007420097
leaf_count=772 130 488 5231 188 2620 4988
internal_value=0.000380299 0.000488166 0.000702247 -0.00201966 -0.000678172 -0.000615669
internal_weight=103.717 100.018 84.8431 3.69877 15.175 27.0193
internal_count=14417 13457 10707 960 2750 5476
is_linear=0
shrinkage=0.03


Tree=283
num_leaves=5
num_cat=0
split_feature=11 10 10 8
split_gain=0.0252561 0.0246842 0.00424189 0.00431901
threshold=6.8912747765254574 89.363636363636374 3.0776515151515156 59.861111111111121
decision_type=2 2 2 2
left_child=1 -1 -2 -4
right_child=2 -3 3 -5
leaf_value=-0.0032508243530490932 -0.0010165067251304602 0.00048497297110849935 0.00048497297110849935 0.0007450698986300456
leaf_weight=2.3240706147626038 0.77664284146157925 1.3536695307120679 38.518113513942808 60.638541009044275
leaf_count=772 229 188 7812 5416
internal_value=0.00038845 -0.00177731 0.000484973 0.000506765
internal_weight=103.611 3.67774 99.9333 99.1567
internal_count=14417 960 13457 13228
is_linear=0
shrinkage=0.03


Tree=284
num_leaves=8
num_cat=0
split_feature=11 6 10 10 6 10 10
split_gain=0.0136403 0.0256741 0.00976245 0.00722924 0.00416508 0.0027148 7.80583e-05
threshold=6.8912747765254574 23.43137254901961 89.363636363636374 3.0776515151515156 5.9411764705882364 96.490147783251246 89.08730158730161
decision_type=2 2 2 2 2 2 2
left_child=2 3 -1 -2 5 -5 -6
right_child=1 -3 -4 4 6 -7 -8
leaf_value=-0.0024495637098501727 -0.0024495637098501727 0.00066775158568876177 -0.00064303333229670198 -0.00064303333229670198 -6.2233688083418313e-05 -5.2796475769490276e-06 8.7158780524388945e-05
leaf_weight=2.2759218052960928 0.45772588427643945 84.893856546899769 1.3534738114103673 2.3608573767123739 7.2026499025523645 0.98847333772573609 4.1110096968477592
leaf_count=772 130 10707 188 431 1899 83 207
internal_value=0.000395485 0.000465176 -0.00121063 -0.000643033 -0.000410591 -0.000643033 -5.27965e-06
internal_weight=103.644 100.015 3.6294 15.1207 14.663 3.34933 11.3137
internal_count=14417 13457 960 2750 2620 514 2106
is_linear=0
shrinkage=0.03


Tree=285
num_leaves=9
num_cat=0
split_feature=8 2 1 11 2 2 3 2
split_gain=0.0578621 0.102276 0.0287418 0.476776 0.0265395 0.0154146 0.0152441 0.00831195
threshold=5.7983193277310932 89.598046900252129 95.883989596564462 90.332316479522305 68.090313691899937 99.698492157765884 71.198359511910184 5.5499551971326175
decision_type=2 2 2 2 2 2 2 2
left_child=1 6 5 4 -4 7 -1 -2
right_child=2 -3 3 -5 -6 -7 -8 -9
leaf_value=-0.0074987325159051972 -0.0010847166517309376 6.1656461991430742e-05 6.1656461991430742e-05 0.010988427625195854 0.0098020351935416208 0.0034110288694606489 -0.0010847166517309376 6.1656461991430742e-05
leaf_weight=1.75789907266153 2.797253804805222 0.57963126501999784 4.2861115141422479 2.8106768789002672 0.54500237712636579 0.45530122984200616 0.81810725305695076 87.793245611712337
leaf_count=491 622 69 479 67 21 16 145 12372
internal_value=-8.37461e-05 -0.00355159 6.16565e-05 0.0017919 6.16565e-05 6.16565e-05 -0.00633469 6.16565e-05
internal_weight=101.843 3.15564 98.6876 7.64179 4.83111 91.0458 2.57601 90.5905
internal_count=14282 705 13577 567 500 13010 636 12994
is_linear=0
shrinkage=0.03


Tree=286
num_leaves=8
num_cat=0
split_feature=8 1 3 1 11 4 1
split_gain=0.0512907 0.085102 0.0433949 0.0174016 0.471917 0.0172408 0.00615167
threshold=5.7983193277310932 37.111261348271206 70.392719218537039 95.883989596564462 90.332316479522305 80.040121370162922 0.40363310524600854
decision_type=2 2 2 2 2 2 2
left_child=1 -1 -3 6 5 -5 -2
right_child=3 2 -4 4 -6 -7 -8
leaf_value=-0.0076256354575167827 -0.0017196481680151155 -0.0042057665498065862 8.6755323290390896e-05 8.6755323290390896e-05 0.01073372674831688 0.0095544300782370428 8.6755323290390896e-05
leaf_weight=1.0961358329514035 1.1631904119858507 1.1896760432864542 0.85134529462084163 4.0120597932836963 2.8850493251811713 0.85501306154765178 89.722717930213548
leaf_count=260 53 337 108 481 67 19 12957
internal_value=-4.96305e-05 -0.00332231 8.67553e-05 8.67553e-05 0.00142478 8.67553e-05 8.67553e-05
internal_weight=101.775 3.13716 2.04102 98.638 7.75212 4.86707 90.8859
internal_count=14282 705 445 13577 567 500 13010
is_linear=0
shrinkage=0.03


Tree=287
num_leaves=5
num_cat=0
split_feature=8 2 2 4
split_gain=0.0447456 0.0943188 0.0183942 0.00698582
threshold=5.7983193277310932 89.598046900252129 99.698492157765884 99.597179853313449
decision_type=2 2 2 2
left_child=1 -1 3 -2
right_child=2 -3 -4 -5
leaf_value=-0.0059817092597693015 -3.0650944018207385e-07 -3.0650944018207385e-07 0.0033714743912113803 0.0010704603839297607
leaf_weight=2.5453259453643109 93.470108363777399 0.57818124606274057 0.45614545652642746 4.6956478999927631
leaf_count=636 13491 69 16 70
internal_value=-0.000128325 -0.00319006 -3.06509e-07 -3.06509e-07
internal_weight=101.745 3.12351 98.6219 98.1658
internal_count=14282 705 13577 13561
is_linear=0
shrinkage=0.03


Tree=288
num_leaves=8
num_cat=0
split_feature=6 8 2 9 4 1 11
split_gain=0.0357435 0.0343896 0.0642707 0.0196089 0.0717053 0.0969394 0.0994525
threshold=1.6861761426978821 5.7983193277310932 75.830892613747011 95.476190476190496 61.996016503058762 34.302765436868206 83.249830983194911
decision_type=2 2 2 2 2 2 2
left_child=-1 2 -2 -3 -5 -6 -7
right_child=1 3 -4 4 5 6 -8
leaf_value=-0.0044857877683062881 -0.0044857877683062881 5.4421146865703931e-05 5.4421146865703931e-05 5.4421146865703931e-05 5.4421146865703931e-05 5.4421146865703931e-05 0.013083526992178593
leaf_weight=0.66265957010909815 2.0072373818256888 94.272330080450047 0.60131922154687334 2.0373075080569825 1.1667788933264094 0.46608886448666442 0.52539476123638451
leaf_count=53 541 12821 140 466 149 91 21
internal_value=-0.000122713 -5.04437e-05 -0.00292701 5.44211e-05 0.0018976 0.00515573 0.00927835
internal_weight=101.739 101.076 2.60856 98.4679 4.19557 2.15826 0.991484
internal_count=14282 14229 681 13548 727 261 112
is_linear=0
shrinkage=0.03


Tree=289
num_leaves=9
num_cat=0
split_feature=11 1 3 1 6 3 1 1
split_gain=0.0175904 0.0968999 0.0479531 0.0223852 0.19392 0.0085577 0.0186948 0.000815219
threshold=31.055255672635596 1.6145324209840342 99.799999199996805 96.199984799939202 58.722109533468561 98.293715599104829 39.919757259674206 98.992949633283587
decision_type=2 2 2 2 2 2 2 2
left_child=1 -1 3 -2 -5 6 -3 -8
right_child=2 5 -4 4 -6 -7 7 -9
leaf_value=-0.0088049375506893766 -0.00020555546128336608 -0.0021553265548468416 0.0037162734818940255 -0.00020555546128336608 0.0037162734818940255 -0.00020555546128336608 -0.00048463754811551148 -0.00020555546128336608
leaf_weight=0.31095170567278074 75.519246679788921 5.5626813643612136 2.1380210269708178 3.1965608398895702 2.2958214178215712 1.9217810281552363 10.384475447062865 0.4484415801707663
leaf_count=42 9542 1490 27 162 99 54 2772 94
internal_value=-0.000112413 -0.000920357 7.73798e-05 -6.27992e-05 0.0016294 -0.000337635 -0.000887137 -0.000205555
internal_weight=101.778 18.6283 83.1496 81.0116 5.49238 18.3174 16.3956 10.8329
internal_count=14282 4452 9830 9803 261 4410 4356 2866
is_linear=0
shrinkage=0.03


Tree=290
num_leaves=10
num_cat=0
split_feature=3 10 2 2 8 8 2 2 2
split_gain=0.133351 0.0527842 0.0287422 0.0467653 0.0146064 0.00507341 0.0299644 2.54154e-05 0.000624065
threshold=99.799999199996805 91.918367346938794 97.784489193223877 99.547383080709949 99.358974358974379 3.8098693759071121 44.209409683909918 2.9175168415597881 0.95171829379470452
decision_type=2 2 2 2 2 2 2 2 2
left_child=1 3 4 5 -3 6 -1 8 -7
right_child=-2 2 -4 -5 -6 7 -8 -9 -10
leaf_value=-0.004826175369330484 0.0059118189194279878 0.00065349436418767233 0.0047408033482304454 0.0047408033482304454 0.0030590843091127264 -0.001070253161700142 -0.00030285758433328165 -0.00029287239852887088 -0.00029287239852887088
leaf_weight=0.55766338272951432 2.7136036974843583 18.927827878505934 1.1682256320491422 0.61164199560880561 1.7724839905276883 0.26393249188549717 0.52691580716054887 75.632477656123228 0.73456039233133197
leaf_count=152 36 1172 29 22 25 80 140 12360 209
internal_value=0.000329092 0.000120969 0.00138982 -0.000246341 0.000990953 -0.000346935 -0.00182199 -0.000302858 -0.000534198
internal_weight=102.909 100.196 21.8685 78.3272 20.7003 77.7155 1.08458 76.631 0.998493
internal_count=14225 14189 1226 12963 1197 12941 292 12649 289
is_linear=0
shrinkage=0.03


Tree=291
num_leaves=12
num_cat=0
split_feature=3 9 8 10 1 6 8 10 1 1 9
split_gain=0.115352 0.0294246 0.075349 0.113301 0.119755 0.0197376 0.00548557 0.00491572 0.0222898 0.0136106 0.00315767
threshold=99.799999199996805 67.769272826681245 96.190130624092902 89.363636363636374 96.582911121346555 39.718309859154935 49.073756432247002 98.496155585707839 0.40363310524600854 96.199984799939202 4.2261904761904772
decision_type=2 2 2 2 2 2 2 2 2 2 2
left_child=1 7 3 -3 5 -5 -7 8 -1 10 -10
right_child=-2 2 -4 4 -6 6 -8 -9 9 -11 -12
leaf_value=-0.0041384168653539081 0.005546285916003345 -0.00016921599446860521 0.0044498927077290485 -0.00016921599446860521 0.0044498927077290485 0.00015124867003072238 0.0030761081365851765 -0.00016921599446860521 -0.0015593036429468199 -0.00016921599446860521 -0.00058616740900746338
leaf_weight=0.43589581130072375 2.7029497006442389 19.110945295775316 3.6772685459582126 1.5261643884005018 1.317496463190764 0.91295493533834848 1.3154647562187163 8.4274443831527588 2.667146284133195 4.2684378653648301 56.42314397287555
leaf_count=29 36 4114 136 174 39 89 169 240 408 338 8453
internal_value=0.0003461 0.000152178 0.000962321 0.000276357 0.00402858 -0.000169216 0.00229585 -0.000169216 -0.000431364 -0.000341954 -0.00065531
internal_weight=102.785 100.082 27.8603 24.183 5.07208 3.75458 2.22842 72.2221 63.7946 63.3587 59.0903
internal_count=14225 14189 4721 4585 471 432 258 9468 9228 9199 8861
is_linear=0
shrinkage=0.03


Tree=292
num_leaves=8
num_cat=0
split_feature=3 2 10 1 9 9 8
split_gain=0.109114 0.0420717 0.0283126 0.210113 0.0457943 0.0102559 0.0302618
threshold=99.799999199996805 99.547383080709949 91.918367346938794 94.159107873044732 59.861111111111121 25.976661593099951 65.87601078167117
decision_type=2 2 2 2 2 2 2
left_child=1 2 5 -4 -5 -1 -7
right_child=-2 -3 3 4 -6 6 -8
leaf_value=-0.00083947001680957016 0.0054311604838617189 0.0047448164364647478 -0.00018097952190640923 -0.00018097952190640923 0.0047448164364647478 -0.00083947001680957016 -0.00018097952190640923
leaf_weight=20.36275640828535 2.6860806399490675 0.78005609777755935 18.618202978861522 1.6366051948862144 1.572424634825438 26.91520567657426 30.284784159739502
leaf_count=3072 36 25 1111 64 48 6460 3409
internal_value=0.00036126 0.00017297 9.01816e-05 0.00101947 0.00474482 -0.00018098 -0.00018098
internal_weight=102.856 100.17 99.39 21.8272 3.20903 77.5627 57.2
internal_count=14225 14189 14164 1223 112 12941 9869
is_linear=0
shrinkage=0.03


Tree=293
num_leaves=8
num_cat=0
split_feature=3 2 10 1 9 9 8
split_gain=0.0818462 0.0395088 0.0262308 0.202952 0.0430881 0.00952321 0.0292811
threshold=99.799999199996805 99.547383080709949 91.918367346938794 94.159107873044732 59.861111111111121 25.976661593099951 65.87601078167117
decision_type=2 2 2 2 2 2 2
left_child=1 2 5 -4 -5 -1 -7
right_child=-2 -3 3 4 -6 6 -8
leaf_value=-0.00077356311968046845 0.0047534489852018779 0.0046378986237856626 -0.00013938939505289186 -0.00013938939505289186 0.0046378986237856626 -0.00077356311968046845 -0.00013938939505289186
leaf_weight=20.359588534978684 2.6934325145557514 0.77656582230701943 18.604313767864372 1.6373768623452627 1.5674070098903028 26.876073086692486 30.275614873855375
leaf_count=3072 36 25 1111 64 48 6460 3409
internal_value=0.000366531 0.000202636 0.000122072 0.0010167 0.0046379 -0.000139389 -0.000139389
internal_weight=102.79 100.097 99.3204 21.8091 3.20478 77.5113 57.1517
internal_count=14225 14189 14164 1223 112 12941 9869
is_linear=0
shrinkage=0.03


Tree=294
num_leaves=8
num_cat=0
split_feature=3 2 10 1 9 9 8
split_gain=0.0790363 0.0357481 0.0248068 0.198699 0.0311729 0.00955734 0.0265827
threshold=99.799999199996805 99.547383080709949 91.918367346938794 94.159107873044732 59.861111111111121 25.976661593099951 65.87601078167117
decision_type=2 2 2 2 2 2 2
left_child=1 2 5 -4 -5 -1 -7
right_child=-2 -3 3 4 -6 6 -8
leaf_value=-0.000755417374070112 0.0046909480731965108 0.0044304400806090289 -0.00012033696180632186 -0.00012033696180632186 0.0044304400806090289 -0.000755417374070112 -0.00012033696180632186
leaf_weight=20.362519959802739 2.6804282688535741 0.77638454549014468 18.608238219982017 1.6373598974896588 1.5668447215575723 26.826676334661897 30.29503893700894
leaf_count=3072 36 25 1111 64 48 6460 3409
internal_value=0.00037198 0.000211031 0.000134196 0.00100401 0.00443044 -0.000120337 -0.000120337
internal_weight=102.753 100.073 99.2967 21.8124 3.2042 77.4842 57.1217
internal_count=14225 14189 14164 1223 112 12941 9869
is_linear=0
shrinkage=0.03


Tree=295
num_leaves=10
num_cat=0
split_feature=5 2 4 6 4 8 4 6 4
split_gain=0.103476 0.0569269 0.0513007 0.332764 0.0384697 0.12193 0.0250669 0.0584111 0.000358759
threshold=99.799999199996805 36.53223786282242 96.199984799939202 96.884057971014514 98.992949633283587 98.147512864494004 79.237693966904914 81.293995859213268 0.80726621049201708
decision_type=2 2 2 2 2 2 2 2 2
left_child=1 6 -3 4 5 -4 8 -8 -1
right_child=-2 2 3 -5 -6 -7 7 -9 -10
leaf_value=-0.0042311427134086163 0.0042963175958691526 -0.00067533029663268144 -0.00067533029663268144 0.0042963175958691526 0.001913597945547285 0.001913597945547285 -0.0023024430698267827 -0.00067533029663268144 -0.0023024430698267827
leaf_weight=0.51190988149030658 2.9178745865356168 56.557745745754801 6.1864361091284099 3.2415744275785974 5.9760338207706809 1.5681028515100477 2.6361253239447242 1.78976284712553 21.404986026405822
leaf_count=79 36 8896 333 40 119 18 277 62 4438
internal_value=-0.000498211 -0.00067949 -0.000241364 0.00116189 -0.00067533 -0.00067533 -0.00184887 -0.00067533 -0.00230244
internal_weight=102.791 99.8727 73.5299 16.9721 13.7306 7.75454 26.3428 4.42589 21.9169
internal_count=14298 14262 9406 510 470 351 4856 339 4517
is_linear=0
shrinkage=0.03


Tree=296
num_leaves=10
num_cat=0
split_feature=5 2 4 6 4 6 8 4 4
split_gain=0.0721696 0.0416522 0.0358992 0.286103 0.0209506 0.0520451 0.0159835 0.0113337 0.00186285
threshold=99.799999199996805 36.53223786282242 96.199984799939202 96.884057971014514 79.237693966904914 81.293995859213268 95.357142857142875 99.199996799987218 0.80726621049201708
decision_type=2 2 2 2 2 2 2 2 2
left_child=1 4 -3 6 8 -6 7 -4 -1
right_child=-2 2 3 -5 5 -7 -8 -9 -10
leaf_value=-0.0040593434056033243 0.0035013646328370439 -0.00063133672868737588 -0.00063133672868737588 0.0035013646328370439 -0.0020710582265423558 -0.00063133672868737588 0.0016903605979658326 0.0016903605979658326 -0.0020710582265423558
leaf_weight=0.50908936059569754 2.941668740939348 56.524783047498204 5.3698208526475337 3.2300531477667382 2.6351637560874215 1.7899193888297302 5.2951158476062128 3.0871521888766438 21.340139799227472
leaf_count=79 36 8896 340 40 277 62 68 62 4438
internal_value=-0.000492952 -0.000644283 -0.000268761 0.000906065 -0.0016465 -0.000631337 -0.000631337 -0.000631337 -0.00207106
internal_weight=102.723 99.7812 73.5069 16.9821 26.2743 4.42508 13.7521 8.45697 21.8492
internal_count=14298 14262 9406 510 4856 339 470 402 4517
is_linear=0
shrinkage=0.03


Tree=297
num_leaves=9
num_cat=0
split_feature=5 2 6 6 2 8 8 8
split_gain=0.0697005 0.0352884 0.0169841 0.0151209 0.0150194 0.0136398 0.0118004 0.00327428
threshold=99.799999199996805 6.2062621744462882 19.07484407484408 1.6861761426978821 36.53223786282242 5.0641025641025648 92.380261248185789 69.905660377358501
decision_type=2 2 2 2 2 2 2 2
left_child=1 2 -1 -3 6 -6 -5 -7
right_child=-2 3 -4 4 5 7 -8 -9
leaf_value=-0.0059114632354785868 0.0034403721547814638 -0.003421983628289348 -0.0014043330156124814 -0.0014043330156124814 -0.0011193818788094356 -0.00036162979861896287 -0.00013135133424596029 4.3742739008505604e-05
leaf_weight=0.56968500168295522 2.9292763113044193 0.59939651074819167 3.3448694184771739 16.776288752153057 1.2986061486881215 30.506755475071259 5.4483993059257037 41.186913955025375
leaf_count=154 36 51 710 3649 320 6025 332 3021
internal_value=-0.000491688 -0.000640187 -0.00312964 -0.000507207 -0.000453483 -0.000238342 -0.00111938 -0.000131351
internal_weight=102.66 99.7309 3.91455 95.8164 95.217 72.9923 22.2247 71.6937
internal_count=14298 14262 864 13398 13347 9366 3981 9046
is_linear=0
shrinkage=0.03


Tree=298
num_leaves=11
num_cat=0
split_feature=5 2 6 2 6 8 6 6 6 6
split_gain=0.0649903 0.0378796 0.0157908 0.0123175 0.0248543 0.00891256 0.0371724 0.012729 0.0369205 0.00415672
threshold=99.799999199996805 6.2062621744462882 19.07484407484408 36.53223786282242 97.12215320910974 69.905660377358501 99.324324324324337 89.564428312159734 34.958871915393665 6.7117117117117129
decision_type=2 2 2 2 2 2 2 2 2 2
left_child=1 2 -1 4 9 7 8 -5 -7 -3
right_child=-2 3 -4 5 -6 6 -8 -9 -10 -11
leaf_value=-0.0058875127061131741 0.0033526296411557637 -0.0033073124645603921 -0.0014617426637166949 -0.0010798826322141965 -0.00026293234892154629 -0.0010798826322141965 0.0029144846610681991 -0.00011131838942117629 0.00031254007920461209 -0.001355064062635715
leaf_weight=0.56758721108781118 2.9142178990878156 0.73176844534466212 3.3466783262556419 28.607916017994285 1.3716309337178234 2.5572592890821388 3.0323777159210286 3.6646680104313409 35.766965737566352 20.192816389957443
leaf_count=154 36 177 710 6090 120 226 103 295 2692 3695
internal_value=-0.000450946 -0.000594114 -0.00317095 -0.000457335 -0.00106047 -0.000262932 0.000174112 -0.000262932 -0.000111318 -0.00146174
internal_weight=102.754 99.8397 3.91427 95.9254 22.2962 73.6292 41.3566 32.2726 38.3242 20.9246
internal_count=14298 14262 864 13398 3992 9406 3021 6385 2918 3872
is_linear=0
shrinkage=0.03


Tree=299
num_leaves=10
num_cat=0
split_feature=5 2 6 2 6 6 6 8 8
split_gain=0.060421 0.0360302 0.0145886 0.00473777 0.0176306 0.0068709 0.0079199 0.00678059 0.0035937
threshold=99.799999199996805 6.2062621744462882 19.07484407484408 36.53223786282242 97.12215320910974 6.7117117117117129 2.3513513513513518 12.880184331797237 69.905660377358501
decision_type=2 2 2 2 2 2 2 2 2
left_child=1 2 -1 4 5 -3 -5 -7 -8
right_child=-2 3 -4 6 -6 7 8 -9 -10
leaf_value=-0.0057423204927286777 0.0032104798150206391 -0.0033366856741971367 -0.0014503651784155268 -0.0024372243973412593 -0.00033979237886500702 -0.0014503651784155268 -0.00033979237886500702 -0.00071276038973513197 -5.1430075126229003e-05
leaf_weight=0.56311834923690129 2.9110300210304549 0.72926043835469201 3.3461020512040704 0.60440524923615058 1.3701685860287387 1.6041428720345781 31.589765729382634 18.491346559138037 41.512351909186691
leaf_count=154 36 177 710 78 120 403 6307 3292 3021
internal_value=-0.000459446 -0.000597266 -0.00311238 -0.000463682 -0.000842717 -0.00134036 -0.000339792 -0.00111318 -0.000289795
internal_weight=102.722 99.8107 3.90922 95.9014 22.1949 20.8247 73.7065 20.0955 73.1021
internal_count=14298 14262 864 13398 3992 3872 9406 3695 9328
is_linear=0
shrinkage=0.03


Tree=300
num_leaves=6
num_cat=0
split_feature=8 0 5 5 7
split_gain=0.0104969 0.0189712 0.00331569 0.00235929 0.00183621
threshold=5.0641025641025648 91.725521342456844 99.799999199996805 85.241033085344483 96.459899749373449
decision_type=2 2 2 2 2
left_child=1 3 4 -1 -2
right_child=2 -3 -4 -5 -6
leaf_value=-0.0035577352069168012 -0.00021342062888150029 -0.00021342062888150029 0.00070236448792498462 -0.00024790168690988653 0.00033736463073451685
leaf_weight=1.6058681815629814 91.460961160017177 0.5552926962263881 2.612498937174677 0.38050730573013436 4.921901785186491
leaf_count=458 13243 47 33 55 548
internal_value=-0.000273129 -0.00188181 -0.000213421 -0.00321903 -0.000213421
internal_weight=101.537 2.54167 98.9954 1.98638 96.3829
internal_count=14384 560 13824 513 13791
is_linear=0
shrinkage=0.03


Tree=301
num_leaves=6
num_cat=0
split_feature=5 8 7 8 7
split_gain=0.00371557 0.00256601 0.0118066 0.0525123 0.0021534
threshold=99.799999199996805 5.4058441558441563 15.438786565547131 2.225447508466377 96.459899749373449
decision_type=2 2 2 2 2
left_child=1 2 3 -1 -3
right_child=-2 4 -4 -5 -6
leaf_value=-0.0069535878541677164 0.00068585745030830204 -0.00027176450232621624 -0.00027176450232621624 -0.00027176450232621624 0.00031092013107129142
leaf_weight=0.35566761664813329 2.6092392592690876 91.34653823566623 1.261574416188523 1.0329449828132053 4.9257433689199379
leaf_count=67 33 13194 330 212 548
internal_value=-0.000272768 -0.000304664 -0.00109793 -0.00262178 -0.000271765
internal_weight=101.532 98.9225 2.65019 1.38861 96.2723
internal_count=14384 14351 609 279 13742
is_linear=0
shrinkage=0.03


Tree=302
num_leaves=7
num_cat=0
split_feature=8 7 8 7 11 11
split_gain=0.00259598 0.0117101 0.0520473 0.00189961 0.119888 0.00350567
threshold=5.4058441558441563 15.438786565547131 2.225447508466377 96.459899749373449 57.042282031351213 96.439479911145469
decision_type=2 2 2 2 2 2
left_child=1 2 -1 5 -5 -2
right_child=3 -3 -4 4 -6 -7
leaf_value=-0.0068986372816252214 -0.00024192896209963553 -0.00024192896209963553 -0.00024192896209963553 -0.00024192896209963553 0.0049241775123338031 0.00023664427358296555
leaf_weight=0.35398351645562742 80.496883915970102 1.2615434906329026 1.0329993470222687 1.8192776887444768 3.1113269246416166 13.444228117819874
leaf_count=67 12745 330 212 318 230 482
internal_value=-0.00027374 -0.00106948 -0.00258427 -0.000241929 0.000304097 -0.000241929
internal_weight=101.52 2.64853 1.38698 98.8717 4.9306 93.9411
internal_count=14384 609 279 13775 548 13227
is_linear=0
shrinkage=0.03


Tree=303
num_leaves=4
num_cat=0
split_feature=8 5 5
split_gain=0.00730319 0.0141667 0.00288116
threshold=5.7983193277310932 85.241033085344483 99.799999199996805
decision_type=2 2 2
left_child=1 -1 -2
right_child=2 -3 -4
leaf_value=-0.0027151527928461383 -0.00020850068515087855 -0.00020850068515087855 0.00064622552878859435
leaf_weight=2.1364963099476877 95.694346559233963 0.94496237498242397 2.6089088311418882
leaf_count=625 13618 108 33
internal_value=-0.000262422 -0.00151004 -0.000208501
internal_weight=101.385 3.08146 98.3033
internal_count=14384 733 13651
is_linear=0
shrinkage=0.03


Tree=304
num_leaves=4
num_cat=0
split_feature=11 5 8
split_gain=0.00337716 0.163251 0.00255934
threshold=97.392173906045045 99.199996799987218 5.4058441558441563
decision_type=2 2 2
left_child=2 -2 -1
right_child=1 -3 -4
leaf_value=-0.0011546522843829427 -0.00031116087707070377 0.007029963158040985 -0.00031116087707070377
leaf_weight=2.3735852326499289 8.0829570634523389 1.7924450002610672 89.118509423511568
leaf_count=588 377 19 13400
internal_value=-0.000254205 0.000253566 -0.000311161
internal_weight=101.367 9.8754 91.4921
internal_count=14384 396 13988
is_linear=0
shrinkage=0.03


Tree=305
num_leaves=11
num_cat=0
split_feature=4 8 10 7 7 10 7 7 10 10
split_gain=0.138866 0.0629372 0.0725641 0.0303216 0.0165703 0.0147816 0.0167652 0.00953019 0.00509644 9.25293e-05
threshold=99.799999199996805 59.861111111111121 96.490147783251246 91.987179487179489 92.907444668008068 12.183055040197898 60.912698412698418 19.264507422402165 35.504201680672274 95.227272727272734
decision_type=2 2 2 2 2 2 2 2 2 2
left_child=1 2 3 5 -3 6 -1 -7 -5 -9
right_child=-2 4 -4 8 -6 7 -8 9 -10 -11
leaf_value=-0.003947755670337459 0.0066815924069490622 0.0014612555855540478 0.0014612555855540478 -0.00012478315762452457 0.0033135297324859386 -0.001709479802568986 -0.00071696505533339647 -0.00039243059584809421 0.0014612555855540478 3.217868124396028e-05
leaf_weight=2.0748923280043594 2.8649879251606754 55.702831195085309 2.3226257391506797 1.8776642377488304 3.9690990486415094 5.7337251426652136 1.2431391550926489 20.957525290374186 4.1242503501707688 0.32321471627801557
leaf_count=563 36 5581 308 286 227 1287 402 4975 609 32
internal_value=0.00108707 0.000858438 -8.54697e-05 -0.000623845 0.00146126 -0.00100919 -0.00267134 -0.000716965 0.00118959 -0.000384827
internal_weight=101.194 98.329 38.657 36.3344 59.6719 30.3325 3.31803 27.0145 6.00191 21.2807
internal_count=14306 14270 8462 8154 5808 7259 965 6294 895 5007
is_linear=0
shrinkage=0.03


Tree=306
num_leaves=10
num_cat=0
split_feature=4 7 3 2 3 2 7 10 10
split_gain=0.135416 0.014199 0.135703 0.0269819 0.101534 0.0139455 0.0204383 0.0116616 0.00249255
threshold=99.799999199996805 91.987179487179489 99.597179853313449 38.399953599814403 36.710047646642202 6.2062621744462882 45.346320346320354 97.19607843137257 46.211251435132034
decision_type=2 2 2 2 2 2 2 2 2
left_child=1 5 3 -3 -5 6 7 -1 -8
right_child=-2 2 -4 4 -6 -7 8 -9 -10
leaf_value=-0.0035529780797628721 0.0065934888567078702 0.00071808642022781028 0.0065934888567078702 0.00071808642022781028 0.0050940512926389691 0.00071808642022781028 -0.00068007159200842088 0.00071808642022781028 0.00071808642022781028
leaf_weight=1.35653150640428 2.8869238076731554 2.5203836577711591 0.58516826853156167 2.0951796440640464 5.169475671951659 84.41014641552465 0.59323511761613179 0.33892987156286825 1.1139933784725142
leaf_count=330 36 447 6 314 436 12295 191 10 241
internal_value=0.00108485 0.000858036 0.00187572 0.000718086 0.00250005 0.000718086 -0.00100466 -0.00272621 0.000718086
internal_weight=101.07 98.183 10.3702 9.78504 7.26466 87.8128 3.40269 1.69546 1.70723
internal_count=14306 14270 1203 1197 750 13067 772 340 432
is_linear=0
shrinkage=0.03


Tree=307
num_leaves=11
num_cat=0
split_feature=4 8 3 10 7 7 10 7 7 7
split_gain=0.106096 0.0540168 0.10427 0.359195 0.0516633 0.0249829 0.0192428 0.015305 0.00276591 0.000381279
threshold=99.799999199996805 59.861111111111121 87.10975530602974 84.731934731934743 91.987179487179489 12.092731829573935 96.490147783251246 91.987179487179489 91.987179487179489 19.264507422402165
decision_type=2 2 2 2 2 2 2 2 2 2
left_child=1 6 8 4 -4 -5 7 9 -3 -1
right_child=-2 2 3 5 -6 -7 -8 -9 -10 -11
leaf_value=-0.0010409806490277221 0.0059171405372466035 0.00030482294369302753 0.00030482294369302753 0.0016248624207305005 0.0045818748112265214 0.0059171405372466035 0.00030482294369302753 0.00030482294369302753 0.001178108777903541 -0.00063757813461765521
leaf_weight=5.9551191246719162 3.0009299439843735 30.412118125706911 13.870525959297085 2.6002096938900623 1.8117086074780662 8.5300385821610671 2.3622064146911717 6.0679784073727197 2.3859719252213827 24.067985089262947
leaf_count=1378 36 4646 663 53 38 169 308 895 239 5881
internal_value=0.00110797 0.000902551 0.00146054 0.00281246 0.000304823 0.00591714 2.24635e-05 -0.000439642 0.000304823 -0.000748569
internal_weight=101.065 98.0639 59.6106 26.8125 15.6822 11.1302 38.4533 36.0911 32.7981 30.0231
internal_count=14306 14270 5808 923 701 222 8462 8154 4885 7259
is_linear=0
shrinkage=0.03


Tree=308
num_leaves=10
num_cat=0
split_feature=4 8 3 10 2 10 7 2 7
split_gain=0.115037 0.0490314 0.117045 0.343971 0.350392 0.0183842 0.0147441 0.000836878 2.33029e-05
threshold=99.799999199996805 59.861111111111121 87.10975530602974 84.731934731934743 36.986869634225535 96.490147783251246 91.987179487179489 97.230662199000463 19.264507422402165
decision_type=2 2 2 2 2 2 2 2 2
left_child=1 5 -3 7 -5 6 8 -4 -1
right_child=-2 2 3 4 -6 -7 -8 -9 -10
leaf_value=-0.00097810595784465358 0.0061415233172708228 0.00024842061679093279 0.00024842061679093279 0.00024842061679093279 0.0061415233172708228 0.00024842061679093279 0.00024842061679093279 0.001256664493505009 -0.00065584468240973955
leaf_weight=5.9480434617726194 3.0308664976619175 32.799353357753716 14.262045221519651 2.7025908322539172 8.4451182046905142 2.3259593877010039 6.067152317846193 1.3774483080487705 24.037848046631552
leaf_count=1378 36 4885 666 62 160 308 895 35 5881
internal_value=0.00115333 0.000938503 0.00147003 0.00290304 0.00614152 9.68951e-05 -0.000439046 0.000248421 -0.000749272
internal_weight=100.996 97.9656 59.5866 26.7872 11.1477 38.379 36.053 15.6395 29.9859
internal_count=14306 14270 5808 923 222 8462 8154 701 7259
is_linear=0
shrinkage=0.03


Tree=309
num_leaves=11
num_cat=0
split_feature=4 8 3 10 2 10 7 10 7 7
split_gain=0.104558 0.0320516 0.102349 0.347804 0.332011 0.0110975 0.0105903 0.0046139 0.00819482 0.00443021
threshold=99.799999199996805 59.861111111111121 87.10975530602974 84.731934731934743 36.986869634225535 96.490147783251246 91.987179487179489 12.183055040197898 60.912698412698418 19.264507422402165
decision_type=2 2 2 2 2 2 2 2 2 2
left_child=1 5 -3 -4 -5 6 7 8 -1 -9
right_child=-2 2 3 4 -6 -7 -8 9 -10 -11
leaf_value=-0.0024042228753287033 0.0059435893011022568 0.00028323727655206558 0.00028323727655206558 0.00028323727655206558 0.0059435893011022568 0.00028323727655206558 0.00028323727655206558 -0.0010276763583530379 -0.00035348892552548156 -0.00013229754511138954
leaf_weight=1.992309329449202 3.0188319410663089 32.77829672745429 15.682583147310654 2.7032751459628335 8.4610317570622993 2.3192671424476421 6.0672602977138004 5.6825709175318542 1.2362657042103817 20.966471966530662
leaf_count=563 36 4885 701 62 160 308 895 1287 402 5007
internal_value=0.00117705 0.000971441 0.00140114 0.00273914 0.00594359 0.000283237 -0.00023879 -0.000515096 -0.00144997 -0.000353489
internal_weight=100.908 97.8893 59.6252 26.8469 11.1643 38.2641 35.9449 29.8776 3.22858 26.649
internal_count=14306 14270 5808 923 222 8462 8154 7259 965 6294
is_linear=0
shrinkage=0.03


Tree=310
num_leaves=13
num_cat=0
split_feature=9 11 1 1 6 6 1 10 9 7 7 7
split_gain=0.0512656 0.16789 0.146995 0.257615 0.117129 0.0329656 0.0664616 0.259251 0.0143472 0.00987355 0.00125566 0.00112562
threshold=25.976661593099951 99.648884050081662 18.154416972506603 4.4399641577060942 98.620098972211665 6.9694026226323471 96.199984799939202 38.721088435374156 75.893997445721595 21.611721611721617 87.119815668202776 12.838827838827839
decision_type=2 2 2 2 2 2 2 2 2 2 2 2
left_child=2 3 11 -2 5 -5 8 -8 10 -4 -7 -1
right_child=1 -3 9 4 -6 6 7 -9 -10 -11 -12 -13
leaf_value=-0.0072163212962189196 -0.0045676893434849659 0.0085287591008315657 -0.0012473205133385326 -0.00038612920901395477 0.0053473998306139362 -0.00038612920901395477 6.4810067940360624e-05 0.0053473998306139362 6.4810067940360624e-05 -0.00038612920901395477 6.4810067940360624e-05 -0.0045676893434849659
leaf_weight=2.118468583095817 4.136476168758235 0.9568519713357081 11.725472879828887 3.101407717796973 2.730202935403212 31.565637929015793 0.71783092978876029 3.259355589048937 17.802123937755823 12.098672607156912 2.8650604779832056 7.173324468662031
leaf_count=169 426 21 1199 456 101 5909 117 214 3139 1690 375 601
internal_value=-0.000619093 -0.000135759 -0.00156624 -0.000386129 0.000190618 -0.000131484 0.000381701 0.00369428 6.48101e-05 -0.000386129 -0.000386129 -0.00456769
internal_weight=100.251 67.1349 33.1159 66.1781 62.0416 59.3114 56.21 3.97719 52.2328 23.8241 34.4307 9.29179
internal_count=14417 10758 3659 10737 10311 10210 9754 331 9423 2889 6284 770
is_linear=0
shrinkage=0.03


Tree=311
num_leaves=9
num_cat=0
split_feature=9 11 1 2 1 10 2 2
split_gain=0.0326366 0.165426 0.0818079 0.571227 0.0291361 0.231298 0.0540786 0.0226057
threshold=25.976661593099951 99.648884050081662 18.154416972506603 68.442280187146991 96.199984799939202 38.721088435374156 47.278225806451623 6.2062621744462882
decision_type=2 2 2 2 2 2 2 2
left_child=2 4 3 -1 -2 -6 7 -7
right_child=1 -3 -4 -5 5 6 -8 -9
leaf_value=-0.013220593496873307 -0.00046163819005572414 0.0083853791420548662 -0.00046163819005572414 -0.00046163819005572414 -0.00046163819005572414 -0.00046163819005572414 0.0083853791420548662 0.0034430644222899639
leaf_weight=2.7812439863337186 61.756496465182863 0.95805881661362846 23.796675996738486 6.4340543892467394 0.73770518781384353 0.63844643917400468 1.448026828933507 1.8003520891070364
leaf_count=314 10372 21 2889 456 122 67 44 132
internal_value=-0.000601001 -0.000214908 -0.0013591 -0.00360967 -0.000461638 0.00170632 0.00647024 0.00207562
internal_weight=100.351 67.3391 33.012 9.2153 66.381 4.62453 3.88683 2.4388
internal_count=14417 10758 3659 770 10737 365 243 199
is_linear=0
shrinkage=0.03


Tree=312
num_leaves=6
num_cat=0
split_feature=7 1 7 2 7
split_gain=0.0505688 0.0209996 0.0318152 0.0193791 0.006516
threshold=1.5914786967418548 0.80726621049201708 28.11959476155177 99.698492157765884 19.543650793650798
decision_type=2 2 2 2 2
left_child=-1 2 -2 4 -3
right_child=1 3 -4 -5 -6
leaf_value=-0.0049117562267825743 -0.0049117562267825743 -0.00092765723363291057 -0.00038458168222293661 0.0029421629177246163 -0.00030683604565817928
leaf_weight=1.3729666206054378 0.91028641327284177 18.605968970106915 1.0557921348372472 0.58929477329365809 77.840539995173458
leaf_count=59 38 2328 69 16 11907
internal_value=-0.000573529 -0.000464851 -0.00296121 -0.000384582 -0.000384582
internal_weight=100.375 99.0019 1.96608 97.0358 96.4465
internal_count=14417 14358 107 14251 14235
is_linear=0
shrinkage=0.03


Tree=313
num_leaves=9
num_cat=0
split_feature=7 9 1 2 1 10 11 9
split_gain=0.0522095 0.045561 0.0761733 0.287289 0.0474526 0.287289 0.448797 0.00726777
threshold=1.5914786967418548 25.976661593099951 18.154416972506603 81.087824351297414 96.199984799939202 38.721088435374156 37.311165379373016 75.893997445721595
decision_type=2 2 2 2 2 2 2 2
left_child=-1 2 3 -2 7 -6 -7 -3
right_child=1 4 -4 -5 5 6 -8 -9
leaf_value=-0.0049885527027176144 -0.0049885527027176144 -0.00041266328589202578 -0.00041266328589202578 -0.00041266328589202578 -0.00024280199162086684 -0.00024280199162086684 0.013949829072028694 -0.00024280199162086684
leaf_weight=1.3711845107609395 4.2869308361550775 41.086490436224267 23.811968691239599 4.9168810759438202 0.73960469529265438 1.1987237723078581 2.5199718858348206 20.446637126558926
leaf_count=59 457 6837 2889 313 122 131 99 3510
internal_value=-0.000578979 -0.000468638 -0.00136052 -0.00353202 -8.77883e-06 0.00267392 0.00779759 -0.000242802
internal_weight=100.378 99.0072 33.0158 9.20381 65.9914 4.4583 3.7187 61.5331
internal_count=14417 14358 3659 770 10699 352 230 10347
is_linear=0
shrinkage=0.03


Tree=314
num_leaves=6
num_cat=0
split_feature=7 1 7 2 7
split_gain=0.0554803 0.0205437 0.0314195 0.0187873 0.00816338
threshold=1.5914786967418548 0.80726621049201708 28.11959476155177 99.698492157765884 19.543650793650798
decision_type=2 2 2 2 2
left_child=-1 2 -2 4 -3
right_child=1 3 -4 -5 -6
leaf_value=-0.0051158492419692983 -0.0051158492419692983 -0.00098288588674080098 -0.00038307588077958249 0.0028891812867711938 -0.00029027995523653208
leaf_weight=1.3763719195267174 0.91453429334796865 18.607741924934089 1.057243257644586 0.59281184384599228 77.828693685063627
leaf_count=59 38 2328 69 16 11907
internal_value=-0.000576216 -0.000462577 -0.00292939 -0.000383076 -0.000383076
internal_weight=100.377 99.001 1.97178 97.0292 96.4364
internal_count=14417 14358 107 14251 14235
is_linear=0
shrinkage=0.03


Tree=315
num_leaves=8
num_cat=0
split_feature=5 5 2 1 2 2 11
split_gain=0.431101 0.045195 0.0178673 0.019435 0.266593 0.00641884 0.000643924
threshold=99.799999199996805 99.597179853313449 0.95171829379470452 96.582911121346555 47.278225806451623 99.698492157765884 96.439479911145469
decision_type=2 2 2 2 2 2 2
left_child=1 2 -1 5 -5 6 -4
right_child=-2 -3 3 4 -6 -7 -8
leaf_value=-0.0035939619869226375 0.0099680108740751224 0.0031521939253319454 -0.00031927947293637838 -0.00022286908626542457 0.0031521939253319454 0.0017317591586939085 -0.00022286908626542457
leaf_weight=0.3352610869333138 3.0505609400570384 2.8884715568274251 75.657230117649306 4.4910655536223194 2.407503793714568 0.50325797195546229 11.836651551071553
leaf_count=90 33 40 13164 398 79 20 482
internal_value=0.000376893 -1.88547e-05 -0.000146793 -9.7264e-05 0.00133031 -0.000222869 -0.000253554
internal_weight=101.17 98.1194 95.231 94.8957 6.89857 87.9971 87.4939
internal_count=14306 14273 14233 14143 477 13666 13646
is_linear=0
shrinkage=0.03


Tree=316
num_leaves=9
num_cat=0
split_feature=5 2 1 2 2 1 4 4
split_gain=0.382566 0.0183514 0.0183978 0.488345 0.00638179 0.000503168 0.0417566 0.0185976
threshold=99.597179853313449 0.95171829379470452 96.582911121346555 47.278225806451623 99.698492157765884 34.302765436868206 99.199996799987218 0.80726621049201708
decision_type=2 2 2 2 2 2 2 2
left_child=1 -1 4 -4 5 6 -3 -7
right_child=-2 2 3 -5 -6 7 -8 -9
leaf_value=-0.0036200852676014765 0.0071584953563476978 -0.0012514291410048576 -0.00019917443077452834 0.0071584953563476978 0.0017476070891237691 -0.0012514291410048576 -0.00019917443077452834 -0.00019917443077452834
leaf_weight=0.33502897899597783 5.959723981563001 33.497771754977293 4.4904424746055147 2.412173914257437 0.5037330249324431 0.36816274479497124 3.0967241234611711 50.447061754355673
leaf_count=90 73 4762 398 79 20 47 55 8782
internal_value=0.000368655 -0.00012665 -7.66533e-05 0.00131155 -0.000199174 -0.000230034 -0.000323031 -0.000199174
internal_weight=101.111 95.1511 94.8161 6.90262 87.9135 87.4097 36.5945 50.8152
internal_count=14306 14233 14143 477 13666 13646 4817 8829
is_linear=0
shrinkage=0.03


Tree=317
num_leaves=12
num_cat=0
split_feature=5 5 2 11 1 4 4 1 11 11 11
split_gain=0.363105 0.038328 0.0181847 0.0114233 0.174337 0.137831 0.105791 0.0906016 0.0177008 0.00342739 0.00200877
threshold=99.799999199996805 99.597179853313449 0.95171829379470452 92.763811786380941 96.978848899850732 96.199984799939202 99.597179853313449 11.301726946888239 45.573422723150678 89.257243089578438 6.8912747765254574
decision_type=2 2 2 2 2 2 2 2 2 2 2
left_child=1 2 -1 6 5 -5 7 8 -4 -10 -9
right_child=-2 -3 3 4 -6 -7 -8 10 9 -11 -12
leaf_value=-0.0036031157877723327 0.0091742073106667911 0.0029062233787608043 -0.0036031157877723327 -0.00026353581761627911 0.0029062233787608043 0.0029062233787608043 0.0029062233787608043 -0.0011551405575072752 -0.0016903921955778365 -0.00026353581761627911 -0.00026353581761627911
leaf_weight=0.33418209012597699 3.0372563861310473 2.9082061178050926 2.2223065420985213 15.190728052868513 1.7808060492388893 6.4694295513909301 1.3839762930292625 3.1548690307536154 4.9172638361342251 0.37860892037861038 59.25418809929397
leaf_count=90 33 40 576 843 34 138 29 888 623 75 10937
internal_value=0.000357072 -6.12024e-06 -0.000124513 -7.47427e-05 0.00048688 -0.000263536 -0.000263536 -0.000515018 -0.00344275 -0.00145203 -0.000263536
internal_weight=101.032 97.9946 95.0864 94.7522 23.441 21.6602 71.3112 69.9272 7.51818 5.29587 62.4091
internal_count=14306 14273 14233 14143 1015 981 13128 13099 1274 698 11825
is_linear=0
shrinkage=0.03


Tree=318
num_leaves=11
num_cat=0
split_feature=5 2 11 1 4 4 1 11 11 11
split_gain=0.366335 0.01847 0.0102493 0.325643 0.144302 0.123159 0.0922867 0.0175841 0.00583211 0.00104895
threshold=99.597179853313449 0.95171829379470452 92.763811786380941 96.978848899850732 96.199984799939202 99.597179853313449 11.301726946888239 89.949738592195757 45.573422723150678 6.8912747765254574
decision_type=2 2 2 2 2 2 2 2 2 2
left_child=1 -1 5 4 -4 6 7 8 -3 -8
right_child=-2 2 3 -5 -6 -7 9 -9 -10 -11
leaf_value=-0.0036165811345173523 0.0070451040878364802 -0.0036165811345173523 -0.00023915891382081278 0.0070451040878364802 0.0040484193422544289 0.0040484193422544289 -0.0010358082570335637 -0.00023915891382081278 -0.0018497119655453327 -0.00023915891382081278
leaf_weight=0.33343481365591188 5.9059605798684052 2.2116588798235162 15.187759618740534 1.7747718580067147 6.5015860869316375 1.3823270383290935 3.1491597044514483 0.32493180595338333 4.9576890427852049 59.218971286551096
leaf_count=90 73 576 843 34 138 29 888 59 639 10937
internal_value=0.00037358 -0.000110028 -6.00249e-05 0.000471428 -0.000239159 -0.000239159 -0.000483404 -0.0034458 -0.00361658 -0.000239159
internal_weight=100.948 95.0423 94.7089 23.4641 21.6893 71.2447 69.8624 7.49428 7.16935 62.3681
internal_count=14306 14233 14143 1015 981 13128 13099 1274 1215 11825
is_linear=0
shrinkage=0.03


Tree=319
num_leaves=9
num_cat=0
split_feature=5 11 1 4 4 1 11 11
split_gain=0.340865 0.00464361 0.273965 0.119577 0.0632886 0.0981308 0.0343409 0.00403485
threshold=99.597179853313449 92.763811786380941 96.978848899850732 96.199984799939202 99.597179853313449 11.301726946888239 45.573422723150678 89.257243089578438
decision_type=2 2 2 2 2 2 2 2
left_child=1 4 3 -3 5 6 -1 -8
right_child=-2 2 -4 -5 -6 -7 7 -9
leaf_value=-0.0060559990096946152 0.0068199491287966076 -0.00021999872296959674 0.0068199491287966076 0.0037390721371756267 0.0037390721371756267 -0.00021999872296959674 -0.001861768758504512 -0.00021999872296959674
leaf_weight=2.2014691858785218 5.8678593817166975 15.194981021690188 1.8102294509299088 6.5724450473207972 1.4380609109066416 62.521368660789449 4.8795502107823268 0.3772863948252051
leaf_count=576 73 845 37 138 29 11909 624 75
internal_value=0.000365615 -9.99599e-05 0.0002578 -0.000219999 -0.000219999 -0.000382972 -0.00348652 -0.00161454
internal_weight=100.863 94.9954 23.5777 21.7674 71.4177 69.9797 7.45831 5.25684
internal_count=14306 14233 1020 983 13213 13184 1275 699
is_linear=0
shrinkage=0.03


Tree=320
num_leaves=10
num_cat=0
split_feature=7 1 11 1 10 10 1 8 1
split_gain=0.0397864 0.0754259 0.0151616 0.0232161 0.0221938 0.00667043 0.00549677 0.00435645 0.019696
threshold=97.847985347985357 14.530791788856307 6.8912747765254574 1.6145324209840342 99.333333333333357 69.174208144796395 11.301726946888239 16.784037558685448 38.314902453158204
decision_type=2 2 2 2 2 2 2 2 2
left_child=2 -2 3 -1 6 -4 -5 8 -3
right_child=1 7 5 4 -6 -7 -8 -9 -10
leaf_value=-0.0046498472657943912 0.00077039073058811326 0.00077039073058811326 0.00039547347615507189 -0.0034019503375223906 0.00077039073058811326 0.00077039073058811326 -0.00060297255136748358 0.0073252601851339924 0.0043550181301182335
leaf_weight=0.16630671964958255 0.47829559736419414 0.61770245281513803 49.945750634244177 0.18467542319558683 0.57261957507580508 44.254018922452815 2.6832958113518544 1.4824978972319511 0.78062616637907922
leaf_count=5 60 40 9121 57 29 3811 871 209 110
internal_value=0.000904292 0.00373195 0.000770391 -0.000987672 0.000196606 0.000770391 -0.00161613 0.00601412 0.00214933
internal_weight=101.166 3.35912 97.8067 3.6069 3.44059 94.1998 2.86797 2.88083 1.39833
internal_count=14313 419 13894 962 957 12932 928 359 150
is_linear=0
shrinkage=0.03


Tree=321
num_leaves=14
num_cat=0
split_feature=7 10 7 11 7 9 9 11 10 9 10 11 11
split_gain=0.0358666 0.0146431 0.106401 0.0965436 0.0987691 0.0347769 0.028751 0.0393089 0.034993 0.0241742 0.0155079 0.00946196 0.00655657
threshold=97.847985347985357 69.174208144796395 25.677655677655679 99.648884050081662 2.6709401709401712 88.730158730158749 97.182539682539684 36.231141871308175 6.0303030303030312 10.084745762711867 66.421568627450981 94.914506510892068 11.835518426411056
decision_type=2 2 2 2 2 2 2 2 2 2 2 2 2
left_child=1 2 9 4 -3 -6 7 10 -9 11 12 -1 -4
right_child=-2 3 6 -5 5 -7 -8 8 -10 -11 -12 -13 -14
leaf_value=-0.0067405527561048848 0.0036391858680157796 -0.0022432076673693561 -0.0022432076673693561 0.0036391858680157796 0.0011157859990361897 0.0036391858680157796 0.0036391858680157796 -0.00076875588015792222 0.0011157859990361897 -0.0022432076673693561 0.0011157859990361897 -0.0022432076673693561 -0.00076875588015792222
leaf_weight=0.9942766722524421 3.3602045256411648 1.2753344010561694 2.5363471783348288 1.0550124794244755 39.817630195524544 3.9664512138115233 1.2340602846816171 1.6076213018968726 29.296045671217144 8.3480578961316478 0.41802475956501517 0.26142341527156532 6.8953738909913227
leaf_count=247 419 28 827 17 3561 556 253 278 4636 1481 131 41 1838
internal_value=0.000949126 0.000820681 0.000459742 0.00120616 0.00111579 0.00111725 0.00111579 0.000901913 0.00111579 -0.00224321 -0.000768756 -0.00568937 -0.00115382
internal_weight=101.066 97.7057 51.5912 46.1144 45.0594 43.7841 41.9875 40.7534 30.9037 9.60376 9.84975 1.2557 9.43172
internal_count=14313 13894 9732 4162 4145 4117 7963 7710 4914 1769 2796 288 2665
is_linear=0
shrinkage=0.03


Tree=322
num_leaves=5
num_cat=0
split_feature=7 2 2 11
split_gain=0.0506785 0.12413 0.0275653 0.00755967
threshold=97.847985347985357 29.246800051716342 0.95171829379470452 6.8912747765254574
decision_type=2 2 2 2
left_child=2 -2 -1 -4
right_child=1 -3 3 -5
leaf_value=-0.0035334193302756054 0.00083134002349831318 0.0073940754497962592 -0.00047236662425013395 0.00083134002349831318
leaf_weight=0.33850028761662443 0.69153770699631367 2.7397283876780421 3.5599089232855468 93.741845104726963
leaf_count=94 147 272 952 12848
internal_value=0.000983347 0.00414512 0.00083134 0.00083134
internal_weight=101.072 3.43127 97.6403 97.3018
internal_count=14313 419 13894 13800
is_linear=0
shrinkage=0.03


Tree=323
num_leaves=9
num_cat=0
split_feature=11 7 2 7 11 11 10 10
split_gain=0.0428264 0.107624 0.0317339 0.0192214 0.0213725 0.00887645 0.0200812 0.00589102
threshold=99.648884050081662 1.5914786967418548 0.95171829379470452 97.847985347985357 46.022270901788978 6.8912747765254574 99.333333333333357 3.0776515151515156
decision_type=2 2 2 2 2 2 2 2
left_child=1 -1 -3 5 -5 6 -4 -7
right_child=-2 2 3 4 -6 7 -8 -9
leaf_value=-0.0055927161267467339 0.0048630589303600502 -0.0036961427593334966 -0.0017697477673280513 0.00091552040635922629 0.0043232682870970717 -0.00098944478071964271 0.00091552040635922629 0.00091552040635922629
leaf_weight=1.3210221619810898 1.4735668550711114 0.34435402532108028 2.8468396789976391 1.1084153942065307 2.3808993686689064 0.78022932138992374 0.70710877259261895 90.130209987808485
leaf_count=55 35 96 921 203 213 232 30 12528
internal_value=0.000929257 0.000823315 0.000964993 0.00101857 0.00298293 0.00091552 -0.000476713 0.00091552
internal_weight=101.093 99.6191 98.2981 97.9537 3.48931 94.4644 3.55395 90.9104
internal_count=14313 14278 14223 14127 416 13711 951 12760
is_linear=0
shrinkage=0.03


Tree=324
num_leaves=8
num_cat=0
split_feature=11 2 9 11 11 10 10
split_gain=0.0351477 0.0293408 0.00787009 0.150228 0.0184921 0.0333273 0.00765247
threshold=99.648884050081662 0.95171829379470452 87.119815668202776 88.542701995103172 6.8912747765254574 99.333333333333357 3.0776515151515156
decision_type=2 2 2 2 2 2 2
left_child=1 -1 4 -4 5 -3 -6
right_child=-2 2 3 -5 6 -7 -8
leaf_value=-0.0036410218975247289 0.0044835119860723964 -0.0036381551793873237 0.00076620079245731481 0.0044835119860723964 -0.0013468775715896203 0.00076620079245731481 0.00076620079245731481
leaf_weight=0.34240995312575151 1.493094952777027 1.4647260813508172 9.683505049091762 2.1429966518189749 0.7657123637618487 0.16293460875749577 84.985248708049767
leaf_count=96 35 541 1840 139 227 13 11422
internal_value=0.000926812 0.000829405 0.000881017 0.00160345 0.000766201 -0.00179449 0.000766201
internal_weight=101.041 99.5475 99.2051 11.8265 87.3786 1.62766 85.751
internal_count=14313 14278 14182 1979 12203 554 11649
is_linear=0
shrinkage=0.03


Tree=325
num_leaves=6
num_cat=0
split_feature=8 2 10 1 11
split_gain=0.00707934 0.0141858 0.00607238 0.137526 0.730673
threshold=2.225447508466377 28.118724899598398 91.918367346938794 65.221836066906505 94.914506510892068
decision_type=2 2 2 2 2
left_child=1 -1 -2 -4 -5
right_child=2 -3 3 4 -6
leaf_value=-0.0038967382125960084 2.229671473137168e-05 2.229671473137168e-05 2.229671473137168e-05 2.229671473137168e-05 0.014834970608886217
leaf_weight=0.25280435319291328 78.900390494090971 0.37423302419483662 12.652331109042281 6.0773498562630248 2.5860990884248167
leaf_count=55 12979 85 755 392 35
internal_value=-9.35202e-06 -0.00197244 2.22967e-05 0.000517193 0.00367935
internal_weight=100.843 0.627037 100.216 21.3158 8.66345
internal_count=14301 140 14161 1182 427
is_linear=0
shrinkage=0.03


Tree=326
num_leaves=8
num_cat=0
split_feature=10 2 10 11 1 2 2
split_gain=0.00484306 0.0149727 0.002117 0.126835 0.757144 0.00316563 0.00717442
threshold=3.0776515151515156 61.862119135223537 91.918367346938794 94.914506510892068 51.108875475072665 5.5499551971326175 0.95171829379470452
decision_type=2 2 2 2 2 2 2
left_child=1 -1 5 -4 -5 6 -2
right_child=2 -3 3 4 -6 -7 -8
leaf_value=-0.003381922347555986 -0.0027843051938372045 4.0876192140718646e-05 4.0876192140718646e-05 4.0876192140718646e-05 0.013721658125445072 4.0876192140718646e-05 4.0876192140718646e-05
leaf_weight=0.52903022535610844 0.23538241151254569 0.26524723647162318 14.427915964508431 3.9771148608997455 3.2609278508462012 75.579169728793204 2.6085000444436446
leaf_count=162 75 84 1119 73 45 12091 652
internal_value=1.35855e-05 -0.00153153 4.08762e-05 0.000330934 0.00379432 4.08762e-05 -0.000899855
internal_weight=100.883 0.794277 100.089 21.666 7.23804 78.4231 2.84388
internal_count=14301 246 14055 1237 118 12818 727
is_linear=0
shrinkage=0.03


Tree=327
num_leaves=8
num_cat=0
split_feature=8 10 1 11 1 10 11
split_gain=0.0073805 0.00705579 0.137326 0.707819 0.0412804 0.0365734 0.0712758
threshold=2.225447508466377 91.918367346938794 65.221836066906505 94.914506510892068 11.301726946888239 69.282051282051299 79.175117912592881
decision_type=2 2 2 2 2 2 2
left_child=-1 4 -3 -4 5 -2 -7
right_child=1 2 3 -5 -6 6 -8
leaf_value=-0.0019880782797728693 -0.0019880782797728693 -8.4085454945974982e-05 -8.4085454945974982e-05 0.014429342687184642 -8.4085454945974982e-05 -0.0019880782797728693 -8.4085454945974982e-05
leaf_weight=0.62751575763104384 7.1728492066031304 12.651512772426942 6.0754813414532673 2.6497306418605149 67.661901291401591 1.593955681659281 2.4061618985142559
leaf_count=140 1039 755 392 35 11604 201 135
internal_value=1.6303e-05 4.8373e-05 0.000518792 0.00359635 -8.40855e-05 -0.00183126 -8.40855e-05
internal_weight=100.839 100.212 21.3767 8.72521 78.8349 11.173 4.00012
internal_count=14301 14161 1182 427 12979 1375 336
is_linear=0
shrinkage=0.03


Tree=328
num_leaves=5
num_cat=0
split_feature=8 2 10 11
split_gain=0.00722989 0.0143799 0.00266066 0.244114
threshold=2.225447508466377 28.118724899598398 99.333333333333357 94.914506510892068
decision_type=2 2 2 2
left_child=1 -1 -2 -4
right_child=2 -3 3 -5
leaf_value=-0.0039379634140701064 1.2271042927000355e-05 1.2271042927000355e-05 1.2271042927000355e-05 0.0078459554418014131
leaf_weight=0.25310983537929033 92.33267129783053 0.3742753250990063 5.2563254281412801 2.6191907208412886
leaf_count=55 13870 85 257 34
internal_value=-1.98198e-05 -0.0020034 1.2271e-05 0.000531708
internal_weight=100.836 0.627385 100.208 7.87552
internal_count=14301 140 14161 291
is_linear=0
shrinkage=0.03


Tree=329
num_leaves=8
num_cat=0
split_feature=10 2 2 2 10 11 11
split_gain=0.00284972 0.0125992 0.000417154 0.00677787 0.000559198 0.159751 0.0043543
threshold=3.0776515151515156 61.862119135223537 1.7550584315240487 0.95171829379470452 91.918367346938794 99.395769779970152 94.914506510892068
decision_type=2 2 2 2 2 2 2
left_child=1 -1 3 -2 -4 6 -6
right_child=2 -3 4 -5 5 -7 -8
leaf_value=-0.0030167790832065036 -0.0022461251875436233 1.2170992245730315e-05 1.9664923508867998e-05 1.9664923508867998e-05 1.9664923508867998e-05 0.0087836773651739641 0.0012823818553502565
leaf_weight=0.52046666358364646 0.26260573230683704 0.26470815239008516 77.88338271289831 0.32004337653052062 14.299842908396391 0.87844838621094723 6.4199848228599867
leaf_count=162 82 84 12661 91 1104 13 104
internal_value=-8.90351e-06 -0.00119701 1.2171e-05 -0.000471305 1.96649e-05 0.000168956 1.96649e-05
internal_weight=100.849 0.785175 100.064 0.582649 99.4817 21.5983 20.7198
internal_count=14301 246 14055 173 13882 1221 1208
is_linear=0
shrinkage=0.03


Tree=330
num_leaves=9
num_cat=0
split_feature=1 9 11 1 1 1 9 7
split_gain=0.0447877 0.043124 0.141202 0.0998299 0.0493526 0.00751939 0.31506 0.0182472
threshold=0.40363310524600854 86.463582226294108 85.326618344605805 13.72352557836429 96.978848899850732 29.045187148490538 20.638945233265723 93.440860215053775
decision_type=2 2 2 2 2 2 2 2
left_child=-1 5 4 -4 -3 6 7 -2
right_child=1 2 3 -5 -6 -7 -8 -9
leaf_value=-0.0043980904516762601 -0.0043980904516762601 -0.00017749060679452441 -0.00017749060679452441 0.008584966814669779 0.0043799437241893646 -0.00017749060679452441 -0.00017749060679452441 -0.00017749060679452441
leaf_weight=1.0610518774483342 8.3507448257878423 8.7182186018908343 0.54215501924045328 2.4116561874980107 1.1443128397222615 57.31547438231064 20.135414590069558 0.53382824291475195
leaf_count=53 867 1859 50 135 78 8628 2595 31
internal_value=-2.07034e-05 6.95867e-05 0.00162637 0.0064195 -0.000177491 -0.000177491 -0.000653391 -0.00439809
internal_weight=100.213 99.1518 12.8163 2.95381 9.86253 86.3355 29.02 8.88457
internal_count=14296 14243 2122 185 1937 12121 3493 898
is_linear=0
shrinkage=0.03


Tree=331
num_leaves=9
num_cat=0
split_feature=1 9 11 8 7 9 7 7
split_gain=0.0412438 0.0212335 0.103735 0.249918 0.0033869 0.00168725 0.0115424 1.91876e-05
threshold=0.40363310524600854 86.463582226294108 83.249830983194911 22.72426348891096 1.5914786967418548 25.976661593099951 8.0128205128205146 96.459899749373449
decision_type=2 2 2 2 2 2 2 2
left_child=-1 4 -3 -4 -2 6 -6 -8
right_child=1 2 3 -5 5 -7 7 -9
leaf_value=-0.0042106694604250707 -0.0012911872711062363 -9.6587569426096595e-05 -9.6587569426096595e-05 0.0097111371043839163 -0.0012911872711062363 -9.6587569426096595e-05 -0.00012996440305994351 -9.6587569426096595e-05
leaf_weight=1.0598330697976042 1.1425289830658574 9.3882365539320727 0.97492597741074805 2.53951704245992 3.3915377210942088 52.681274553295225 28.131099255871963 0.82102549262344737
leaf_count=53 55 1910 76 136 362 8470 3174 60
internal_value=-8.71258e-06 7.78671e-05 0.00116607 0.00496231 -9.65876e-05 -9.65876e-05 -0.000316317 -9.65876e-05
internal_weight=100.13 99.0701 12.9027 3.51444 86.1675 85.0249 32.3437 28.9521
internal_count=14296 14243 2122 212 12121 12066 3596 3234
is_linear=0
shrinkage=0.03


Tree=332
num_leaves=8
num_cat=0
split_feature=1 7 1 7 9 10 2
split_gain=0.0430467 0.0363239 0.089076 0.0434066 0.0222753 0.0308757 0.0158754
threshold=0.40363310524600854 8.0128205128205146 29.045187148490538 1.5914786967418548 86.463582226294108 89.363636363636374 46.421370967741943
decision_type=2 2 2 2 2 2 2
left_child=-1 2 -2 -4 -3 6 -6
right_child=1 4 3 -5 5 -7 -8
leaf_value=-0.0042965163223328282 -0.0042965163223328282 0.00026108890713326741 -0.0042965163223328282 0.00026108890713326741 0.00026108890713326741 0.0035563180729542257 0.001832308427193972
leaf_weight=1.0483400253579009 2.0695494353421955 79.991576265601907 0.70096925657708187 4.0744568076916039 3.8059548150049505 3.3968873815610996 4.9077039322583005
leaf_count=53 287 11337 39 584 819 306 871
internal_value=8.68872e-06 9.68337e-05 -0.00186485 0.000261089 0.000261089 0.00149977 0.000414478
internal_weight=99.9954 98.9471 6.84498 4.77543 92.1021 12.1105 8.71366
internal_count=14296 14243 910 623 13333 1996 1690
is_linear=0
shrinkage=0.03


Tree=333
num_leaves=8
num_cat=0
split_feature=1 7 1 7 9 2 9
split_gain=0.0430975 0.0223948 0.0785261 0.0361793 0.0182792 0.0138806 0.00427342
threshold=0.40363310524600854 8.0128205128205146 29.045187148490538 1.5914786967418548 86.463582226294108 4.2544429213861443 95.476190476190496
decision_type=2 2 2 2 2 2 2
left_child=-1 2 -2 -4 -3 -6 -7
right_child=1 4 3 -5 5 6 -8
leaf_value=-0.0043141617363342761 -0.0043141617363342761 0.00020633601506263424 -0.0043141617363342761 0.00020633601506263424 0.00020633601506263424 0.0010649807696561386 0.0025028105019530471
leaf_weight=1.0524536364246149 2.0404263095697379 79.900016219238751 0.70261953410226841 4.0801770998514257 0.45780282537452777 7.6773470548214373 4.0286480612121522
leaf_count=53 287 11337 39 584 95 1237 664
internal_value=-1.10373e-05 7.74927e-05 -0.00146511 0.000206336 0.000206336 0.0013257 0.00171785
internal_weight=99.9395 98.887 6.82322 4.7828 92.0638 12.1638 11.706
internal_count=14296 14243 910 623 13333 1996 1901
is_linear=0
shrinkage=0.03


Tree=334
num_leaves=8
num_cat=0
split_feature=1 7 1 7 9 2 2
split_gain=0.0341167 0.0237597 0.0694574 0.0424501 0.0158299 0.034297 0.0276444
threshold=0.40363310524600854 8.0128205128205146 29.045187148490538 1.5914786967418548 95.476190476190496 38.399953599814403 99.698492157765884
decision_type=2 2 2 2 2 2 2
left_child=-1 2 -2 -4 6 -6 -3
right_child=1 4 3 -5 5 -7 -8
leaf_value=-0.0038382761066643265 -0.0038382761066643265 0.00020619547989995449 -0.0038382761066643265 0.00020619547989995449 0.00020619547989995449 0.0036199158602967739 0.0036199158602967739
leaf_weight=1.047624394064768 2.0413157264119937 87.365783473302145 0.69353551388485346 4.0794368494534865 1.3359773146221403 2.8786054864758626 0.55122586665674944
leaf_count=53 287 12621 39 584 259 438 15
internal_value=-4.99545e-06 7.35882e-05 -0.00151626 0.000206195 0.000206195 0.00186157 0.000206195
internal_weight=99.9935 98.9459 6.81429 4.77297 92.1316 4.21458 87.917
internal_count=14296 14243 910 623 13333 697 12636
is_linear=0
shrinkage=0.03


Tree=335
num_leaves=8
num_cat=0
split_feature=7 6 1 4 7 6 4
split_gain=0.0452155 0.103798 0.0354119 0.0728403 0.014778 0.00253526 0.0217059
threshold=98.408521303258155 96.884057971014514 70.392719218537039 55.141149929882324 1.5914786967418548 20.489755122438783 97.592775913272348
decision_type=2 2 2 2 2 2 2
left_child=4 2 -2 -4 -1 6 -6
right_child=1 -3 3 -5 5 -7 -8
leaf_value=-0.0022744889020784131 0.0001497440930997675 0.007994879852714902 0.0001497440930997675 0.007994879852714902 -0.0012384073070421046 0.0001497440930997675 0.0001497440930997675
leaf_weight=1.2669466554652888 1.5793008593609554 1.2139963884837923 0.62439155811443903 0.47280440642498434 10.499179068836382 83.121980324678589 1.7406213753856707
leaf_count=63 221 28 108 24 2505 11265 56
internal_value=0.000293768 0.00310883 0.000149744 0.00420092 0.000149744 0.000149744 -0.000293463
internal_weight=100.519 3.89049 2.6765 1.0972 96.6287 95.3618 12.2398
internal_count=14270 381 353 132 13889 13826 2561
is_linear=0
shrinkage=0.03


Tree=336
num_leaves=7
num_cat=0
split_feature=7 6 1 9 7 6
split_gain=0.0418202 0.100884 0.0345035 0.0240914 0.0166225 0.00253979
threshold=98.408521303258155 96.884057971014514 70.392719218537039 95.149911816578495 1.5914786967418548 20.489755122438783
decision_type=2 2 2 2 2 2
left_child=4 2 -2 -4 -1 -6
right_child=1 -3 3 -5 5 -7
leaf_value=-0.0024713556633949134 0.00010398118856561377 0.0077926700958453115 0.00010398118856561377 0.0060818993141200624 -0.00034247274928157583 0.00010398118856561377
leaf_weight=1.2572786463424552 1.5797379488358272 1.2056335213128475 0.54490804439410545 0.55234193673823029 12.219077919377012 83.155035202973522
leaf_count=63 221 28 88 44 2561 11265
internal_value=0.00024195 0.00295119 0.000103981 0.00411735 0.000103981 0.000103981
internal_weight=100.514 3.88262 2.67699 1.09725 96.6314 95.3741
internal_count=14270 381 353 132 13889 13826
is_linear=0
shrinkage=0.03


Tree=337
num_leaves=7
num_cat=0
split_feature=7 6 1 11 7 6
split_gain=0.03818 0.0974932 0.0326586 0.0245107 0.0166552 0.00240507
threshold=98.408521303258155 96.884057971014514 70.392719218537039 52.50758563518125 1.5914786967418548 20.489755122438783
decision_type=2 2 2 2 2 2
left_child=4 2 -2 -4 -1 -6
right_child=1 -3 3 -5 5 -7
leaf_value=-0.0024688262151002331 0.00011233346132482594 0.0076237938663005784 0.00011233346132482594 0.0057755856337056198 -0.00032379911402742633 0.00011233346132482594
leaf_weight=1.2517956805531856 1.5797824139008296 1.1958498733583836 0.39395658846478887 0.69978634873405099 12.218343679269308 83.158368292381056
leaf_count=63 221 28 70 62 2561 11265
internal_value=0.000244136 0.00283657 0.000112333 0.00404879 0.000112333 0.000112333
internal_weight=100.498 3.86938 2.67353 1.09374 96.6285 95.3767
internal_count=14270 381 353 132 13889 13826
is_linear=0
shrinkage=0.03


Tree=338
num_leaves=7
num_cat=0
split_feature=7 6 9 7 1 6
split_gain=0.0390596 0.107254 0.0280947 0.0161763 0.0109802 0.00211404
threshold=98.408521303258155 96.884057971014514 95.149911816578495 1.5914786967418548 35.506406541755204 20.489755122438783
decision_type=2 2 2 2 2 2
left_child=3 2 -2 -1 -4 -5
right_child=1 -3 4 5 -6 -7
leaf_value=-0.0024320116786757562 0.00010965384192984927 0.0078599720585820453 0.00010965384192984927 -0.00030232586311649347 0.0047415835893151364 0.00010965384192984927
leaf_weight=1.2555092551046971 1.2291880467673761 1.2228190128225831 0.61307556531392016 12.214252061850855 0.83138046343810856 83.138214273902122
leaf_count=63 237 28 42 2561 74 11265
internal_value=0.0002433 0.00285777 0.000109654 0.000109654 0.00357754 0.000109654
internal_weight=100.504 3.89646 2.67364 96.608 1.44446 95.3525
internal_count=14270 381 353 13889 116 13826
is_linear=0
shrinkage=0.03


Tree=339
num_leaves=8
num_cat=0
split_feature=7 6 1 9 7 6 4
split_gain=0.0456777 0.1159 0.0293939 0.0264389 0.0156405 0.00203395 0.0204276
threshold=98.408521303258155 96.884057971014514 70.392719218537039 95.149911816578495 1.5914786967418548 20.489755122438783 97.592775913272348
decision_type=2 2 2 2 2 2 2
left_child=4 2 -2 -4 -1 6 -6
right_child=1 -3 3 -5 5 -7 -8
leaf_value=-0.0024222725386273528 7.3593113450608349e-05 0.0081387538182156032 7.3593113450608349e-05 0.0059775059026770869 -0.0012647742373015571 7.3593113450608349e-05 7.3593113450608349e-05
leaf_weight=1.2605704076122481 1.5812188913114367 1.2684930693358181 0.54623049194924511 0.55119575909338892 10.471520707069429 83.138487507821992 1.7333416051696975
leaf_count=63 221 28 88 44 2505 11265 56
internal_value=0.000218347 0.00303012 7.35931e-05 0.00387243 7.35931e-05 7.35931e-05 -0.000330648
internal_weight=100.551 3.94714 2.67865 1.09743 96.6039 95.3433 12.2049
internal_count=14270 381 353 132 13889 13826 2561
is_linear=0
shrinkage=0.03


Tree=340
num_leaves=8
num_cat=0
split_feature=1 2 11 11 11 2 11
split_gain=0.051634 0.121324 0.102242 0.0968766 0.0482942 0.00689148 0.0062545
threshold=34.302765436868206 38.399953599814403 14.600058400233602 97.392173906045045 99.648884050081662 98.495448618891274 40.423348169827044
decision_type=2 2 2 2 2 2 2
left_child=4 3 -3 -2 5 -1 -4
right_child=1 2 6 -5 -6 -7 -8
leaf_value=-0.0013105202584194559 -0.00081851601041228478 -0.00081851601041228478 0.0010532569571430131 0.0021579664402308751 0.0021579664402308751 -0.00081851601041228478 0.0023611934066884717
leaf_weight=36.668880668119527 21.374652345140937 3.1149001190206027 6.4223129946039981 1.8623984775040288 1.1593680521473277 1.9357912214472879 28.728009115438908
leaf_count=4744 4290 728 1325 71 30 103 3028
internal_value=1.2256e-05 0.00055389 0.00158899 -0.000818516 -0.000818516 -0.00105666 0.00215797
internal_weight=101.266 61.5023 38.2652 23.2371 39.764 38.6047 35.1503
internal_count=14319 9442 5081 4361 4877 4847 4353
is_linear=0
shrinkage=0.03


Tree=341
num_leaves=11
num_cat=0
split_feature=1 2 11 11 9 2 9 11 9 11
split_gain=0.0397275 0.0989225 0.0908752 0.0871151 0.0455528 0.0648333 0.031442 0.00450584 0.0369266 0.00419964
threshold=34.302765436868206 38.399953599814403 14.600058400233602 97.392173906045045 46.563533301842234 97.784489193223877 41.91368788142983 40.423348169827044 85.239651416122015 99.648884050081662
decision_type=2 2 2 2 2 2 2 2 2 2
left_child=4 3 -3 -2 5 6 -1 -4 -9 -6
right_child=1 2 7 -5 9 -7 -8 8 -10 -11
leaf_value=-0.0034491185089185533 -0.00076249937058745735 -0.00076249937058745735 0.00096690858741284172 0.001928632688753243 -0.00076249937058745735 -0.00076249937058745735 -0.00076249937058745735 0.001928632688753243 0.0050619613270177629 0.001928632688753243
leaf_weight=16.926142488257035 21.36090731603327 3.1057449161307877 6.4233787584817028 1.8550446510780592 18.63770551967902 1.9191797721432511 1.5586595197673876 26.015364188468087 2.8565358297200865 0.57667358475737174
leaf_count=1977 4290 728 1325 71 2568 117 204 2688 340 11
internal_value=-3.21026e-05 0.000442204 0.00137778 -0.000762499 -0.000762499 -0.00215626 -0.00303371 0.00192863 0.00210306 -0.000762499
internal_weight=101.235 61.617 38.401 23.216 39.6184 20.404 18.4848 35.2953 28.8719 19.2144
internal_count=14319 9442 5081 4361 4877 2298 2181 4353 3028 2579
is_linear=0
shrinkage=0.03


Tree=342
num_leaves=12
num_cat=0
split_feature=1 10 9 10 2 11 9 10 9 9 10
split_gain=0.0410034 0.124905 0.303937 0.041338 0.0356477 0.0615475 0.0701405 0.0640857 0.032173 0.0246446 0.00908191
threshold=34.302765436868206 98.058069381598798 32.866927592954994 55.13722730471499 38.399953599814403 41.146845446301349 85.239651416122015 84.731934731934743 47.332859174964447 96.121121121121135 14.476190476190476
decision_type=2 2 2 2 2 2 2 2 2 2 2
left_child=1 2 -1 9 -2 -6 7 10 -5 -4 -7
right_child=4 -3 3 8 5 6 -8 -9 -10 -11 -12
leaf_value=-0.0056176400774012878 0.00041128236497965735 0.00041128236497965735 -0.001967657594343582 -0.0014137617858570629 0.00041128236497965735 0.00041128236497965735 0.0059362135097188974 0.0035453153256313329 0.00041128236497965735 0.00041128236497965735 0.0011019653884178893
leaf_weight=11.270990957971661 23.250425472506322 5.0467119538225225 9.7160049076191992 3.247099410509688 9.9150865316623804 1.1779672348639163 2.923385134083218 8.0809523200150561 9.3628184418193978 0.78170343639794815 16.489550278405659
leaf_count=1546 4361 164 1798 336 2098 277 336 352 905 128 2018
internal_value=-6.89029e-05 -0.000813601 -0.00180155 0.000215604 0.000411282 0.0013139 0.0021316 0.00149386 0.000411282 -0.00141376 0.000415895
internal_weight=101.263 39.4253 34.3786 23.1076 61.8374 38.5869 28.6719 25.7485 12.6099 10.4977 17.6675
internal_count=14319 4877 4713 3167 9442 5081 2983 2647 1241 1926 2295
is_linear=0
shrinkage=0.03


Tree=343
num_leaves=8
num_cat=0
split_feature=2 9 11 10 6 10 11
split_gain=0.0208446 0.0064357 0.265476 0.194334 0.0179511 0.00277213 8.38386e-05
threshold=0.95171829379470452 86.463582226294108 83.249830983194911 55.662393162393172 68.496240601503771 3.0776515151515156 99.648884050081662
decision_type=2 2 2 2 2 2 2
left_child=-1 5 -3 4 -4 -2 -7
right_child=1 2 3 -5 -6 6 -8
leaf_value=-0.003755410626811318 -0.0012550788425220625 -6.7899983529647775e-05 -6.7899983529647775e-05 0.011872726013276434 0.0030748670219257006 -0.0001072215097238842 -6.7899983529647775e-05
leaf_weight=0.32847448624670406 0.77347591693978657 9.7103208946646173 0.62736175511963599 1.9496153104119001 0.83835477405227721 85.452008429390844 1.6617043814621855
leaf_count=92 236 1880 75 80 48 11870 38
internal_value=-2.19402e-05 2.68944e-05 0.000621494 0.00739098 -6.79e-05 -6.79e-05 -6.79e-05
internal_weight=101.341 101.013 13.1257 3.41533 1.46572 87.8872 87.1137
internal_count=14319 14227 2083 203 123 12144 11908
is_linear=0
shrinkage=0.03


Tree=344
num_leaves=13
num_cat=0
split_feature=1 10 9 10 6 2 11 1 10 1 9 9
split_gain=0.0414011 0.104895 0.290332 0.0594582 0.041984 0.0321431 0.0645221 0.183162 0.0552723 0.21735 0.025717 0.0229373
threshold=34.302765436868206 98.058069381598798 32.866927592954994 55.13722730471499 99.324324324324337 38.399953599814403 41.146845446301349 95.17587452425397 92.365967365967379 65.221836066906505 96.121121121121135 47.332859174964447
decision_type=2 2 2 2 2 2 2 2 2 2 2 2
left_child=1 2 4 10 -1 -2 -7 8 -8 -10 -4 -5
right_child=5 -3 3 11 -6 6 7 -9 9 -11 -12 -13
leaf_value=-0.0059793219793777361 0.0004978571349610703 0.0004978571349610703 -0.0016815230734221714 -0.0016815230734221714 -0.0016815230734221714 0.0004978571349610703 0.0004978571349610703 0.0085249622772410796 0.0004978571349610703 0.0081701165355138987 0.0004978571349610703 0.0004978571349610703
leaf_weight=10.078787394333625 23.212390796572436 5.059135971358045 9.6386338078882456 3.239581041154449 1.1201278747757903 9.8737261281348747 19.847354231169454 2.6647118951659641 2.7957652576733372 3.456238012528047 0.78202179516665715 9.5002286771778
leaf_count=1474 4361 164 1798 336 72 2098 2687 71 129 96 128 905
internal_value=1.631e-05 -0.000732892 -0.00160176 0.000356254 -0.00534837 0.000497857 0.00135581 0.00221238 0.00127708 0.00352484 -0.00168152 0.000497857
internal_weight=101.269 39.4185 34.3594 23.1605 11.1989 61.8502 38.6378 28.7641 26.0994 6.252 10.4207 12.7398
internal_count=14319 4877 4713 3167 1546 9442 5081 2983 2912 225 1926 1241
is_linear=0
shrinkage=0.03


Tree=345
num_leaves=4
num_cat=0
split_feature=7 11 11
split_gain=0.0185175 0.0546121 0.000458032
threshold=7.2077922077922087 99.648884050081662 6.8912747765254574
decision_type=2 2 2
left_child=1 -1 -2
right_child=2 -3 -4
leaf_value=-0.0028452703962489638 2.3625710019743942e-05 0.0003552851606022773 0.00036846685074615269
leaf_weight=5.5625381114659822 3.7489745579077853 0.45651234220713366 91.534198482171632
leaf_count=814 961 6 12647
internal_value=0.000249048 -0.00124373 0.000355285
internal_weight=101.302 6.01905 95.2832
internal_count=14428 820 13608
is_linear=0
shrinkage=0.03


Tree=346
num_leaves=5
num_cat=0
split_feature=8 7 7 7
split_gain=0.0191162 0.0041079 0.00328987 0.00168216
threshold=5.7983193277310932 15.438786565547131 91.987179487179489 7.2077922077922087
decision_type=2 2 2 2
left_child=1 -1 3 -2
right_child=2 -3 -4 -5
leaf_value=-0.0026566152133399193 -0.00024000678604438412 -0.00038025286695846311 0.00082439738163999645 0.00029762066584249839
leaf_weight=1.2900596709805534 4.8592488176655015 1.6083335648290811 10.047539434512144 83.503524664207362
leaf_count=281 607 426 1089 12025
internal_value=0.00025194 -0.00181501 0.000330462 0.000265701
internal_weight=101.309 2.89839 98.4103 88.3628
internal_count=14428 707 13721 12632
is_linear=0
shrinkage=0.03


Tree=347
num_leaves=7
num_cat=0
split_feature=8 11 7 7 7 7
split_gain=0.0200859 0.055779 0.0589548 0.00467079 0.00267481 0.000435634
threshold=5.7983193277310932 99.648884050081662 1.5914786967418548 15.438786565547131 91.987179487179489 7.2077922077922087
decision_type=2 2 2 2 2 2
left_child=3 2 -2 -1 5 -4
right_child=1 -3 4 -5 -6 -7
leaf_value=-0.0027673698359780494 -0.0018717068560601942 0.0046804863282562991 -2.4209047699568075e-05 -0.00037049859289892508 0.00080302367069242069 0.00030882677767510503
leaf_weight=1.2811651186202646 0.88359837234020133 1.5855048219673324 3.5455024393741033 1.6078073908574877 10.060927267186342 82.345944111875724
leaf_count=281 27 33 575 426 1088 11998
internal_value=0.000249342 0.000329801 0.000211455 -0.00187171 0.000355965 0.000294959
internal_weight=101.31 98.4215 96.836 2.88897 95.9524 85.8914
internal_count=14428 13721 13688 707 13661 12573
is_linear=0
shrinkage=0.03


Tree=348
num_leaves=5
num_cat=0
split_feature=11 7 7 8
split_gain=0.0195975 0.10762 0.0054793 0.0653862
threshold=99.648884050081662 1.5914786967418548 7.2077922077922087 2.225447508466377
decision_type=2 2 2 2
left_child=1 -1 3 -3
right_child=-2 2 -4 -5
leaf_value=-0.0068369999449694185 0.0027827302857576595 -0.0066495073798694708 0.00035463802031911743 0.00035463802031911743
leaf_weight=0.93695236754137923 1.6594189819879819 0.31045176280895148 94.21335596620338 4.2269155301037244
leaf_count=53 36 56 13578 705
internal_value=0.000239016 0.000169456 0.000303808 -0.000625065
internal_weight=101.347 99.6877 98.7507 4.53737
internal_count=14428 14392 14339 761
is_linear=0
shrinkage=0.03


Tree=349
num_leaves=4
num_cat=0
split_feature=11 7 7
split_gain=0.0185176 0.0944577 0.00124136
threshold=99.648884050081662 1.5914786967418548 7.2077922077922087
decision_type=2 2 2
left_child=1 -1 -3
right_child=-2 2 -4
leaf_value=-0.0063994349837980602 0.0027142497357343781 -0.00015853129267930931 0.00032307169984419363
leaf_weight=0.9315900937654068 1.6606885734945525 4.5006106826476744 94.281206215440761
leaf_count=53 36 761 13578
internal_value=0.000241969 0.000174252 0.00029976
internal_weight=101.374 99.7134 98.7818
internal_count=14428 14392 14339
is_linear=0
shrinkage=0.03


Tree=350
num_leaves=8
num_cat=0
split_feature=2 11 3 10 1 3 3
split_gain=0.0497557 0.194341 0.229076 0.0372238 0.0211099 0.0107032 0.000756633
threshold=95.737355933294722 41.951677678455766 69.587078925163908 23.309588421528723 34.70397913849721 96.582911121346555 49.147672397141207
decision_type=2 2 2 2 2 2 2
left_child=3 -2 -3 4 -1 6 -6
right_child=1 2 -4 -5 5 -7 -8
leaf_value=-0.0035826366316031558 -0.00026798647977593383 -0.00026798647977593383 0.0085536084894232041 -0.00026798647977593383 -0.0018555113188905791 -0.00026798647977593383 -0.0007667342860961879
leaf_weight=3.5262251037638617 1.9649540954269449 1.9786681047407908 4.5330563177121803 80.290703757607844 3.8809830779209733 0.5998840695247053 3.3052129272837192
leaf_count=859 225 215 177 10984 1058 31 813
internal_value=-5.66547e-05 0.00201439 0.00519699 -0.000267986 -0.00191929 -0.000843955 -0.00150957
internal_weight=100.08 8.47668 6.51172 91.603 11.3123 7.78608 7.1862
internal_count=14362 617 392 13745 2761 1902 1871
is_linear=0
shrinkage=0.03


Tree=351
num_leaves=9
num_cat=0
split_feature=10 4 6 4 3 2 11 10
split_gain=0.0171888 0.434253 0.0542132 0.63379 0.0244993 0.0129488 0.0313474 0.00826065
threshold=69.174208144796395 99.799999199996805 96.884057971014514 94.799979199916805 99.597179853313449 95.737355933294722 46.485929605690259 23.309588421528723
decision_type=2 2 2 2 2 2 2 2
left_child=4 2 -2 -4 5 7 -7 -1
right_child=1 -3 3 -5 -6 6 -8 -9
leaf_value=-0.0021774202741318555 -0.00047233655762629547 0.011307743916700022 -0.00047233655762629547 0.011307743916700022 -0.00047233655762629547 -0.0013059842968119967 -0.00047233655762629547 -0.0013059842968119967
leaf_weight=11.036046290420925 37.304960836539976 2.0227719806134692 3.7702377217356107 2.4249069802463055 2.0290526309981933 1.244909256347454 3.1172464598203078 37.102162276452873
leaf_count=2756 3947 21 186 26 29 184 233 6980
internal_value=-0.000116954 0.000309742 -0.000444283 0.00213862 -0.000472337 -0.00111755 -0.000472337 -0.00130598
internal_weight=100.052 45.5229 43.5001 6.19514 54.5294 52.5004 4.36216 48.1382
internal_count=14362 4180 4159 212 10182 10153 417 9736
is_linear=0
shrinkage=0.03


Tree=352
num_leaves=11
num_cat=0
split_feature=1 11 2 3 10 4 3 2 2 2
split_gain=0.0210934 0.343989 0.22598 0.128766 0.194329 0.00286991 0.00660521 0.00448067 0.000666305 0.00802615
threshold=96.199984799939202 48.79275165176837 46.824596774193559 96.582911121346555 91.918367346938794 99.799999199996805 99.799999199996805 95.737355933294722 2.9175168415597881 0.95171829379470452
decision_type=2 2 2 2 2 2 2 2 2 2
left_child=5 -2 3 4 -3 6 7 8 9 -1
right_child=1 2 -4 -5 -6 -7 -8 -9 -10 -11
leaf_value=-0.0033439648807270421 -0.0002629711603667279 -0.0002629711603667279 0.013003316524430033 0.0076044535174792241 0.0076044535174792241 -0.0002629711603667279 -0.0002629711603667279 -0.0002629711603667279 -0.00063521808875721089 -0.00063521808875721089
leaf_weight=0.18280909489840169 2.9493216713890416 1.2320092075970031 1.9712680825032292 1.0530330210458485 1.2057836377061901 2.7934381684754035 1.3905906286090601 7.2301760483533135 79.41638603474712 0.5422992060193792
leaf_count=57 364 130 34 18 29 36 20 602 12890 182
internal_value=-0.000126564 0.00122837 0.00688955 0.00131036 -0.000262971 -0.000262971 -0.000434859 -0.00057612 -0.000659646 -0.00141598
internal_weight=99.9671 8.41142 5.46209 3.49083 2.43779 91.5557 88.7623 87.3717 80.1415 0.725108
internal_count=14362 575 211 177 159 13787 13751 13731 13129 239
is_linear=0
shrinkage=0.03


Tree=353
num_leaves=8
num_cat=0
split_feature=2 4 10 1 4 1 3
split_gain=0.02077 0.0934191 0.0291227 0.0258451 0.0660189 0.0241261 0.00838788
threshold=95.737355933294722 99.799999199996805 23.309588421528723 5.6508634734441197 85.642654085767859 34.70397913849721 49.147672397141207
decision_type=2 2 2 2 2 2 2
left_child=2 3 5 -2 -5 -1 -7
right_child=1 -3 -4 4 -6 6 -8
leaf_value=-0.00346815821741119 -0.00023022880595896286 0.0068547090607976816 -0.00023022880595896286 -0.00023022880595896286 0.0038332780129772545 -0.0015734093052568606 -0.00023022880595896286
leaf_weight=3.4672028854256478 2.0332155611831677 1.0869716964662073 80.151947574282531 1.3824114793678743 4.0156414686935022 3.8760580499656498 3.9023400318110362
leaf_count=859 115 12 10984 275 215 1058 844
internal_value=-9.3659e-05 0.00124192 -0.000230229 -0.000230229 0.0016801 -0.00169472 -0.000599181
internal_weight=99.9158 8.51824 91.3975 7.43127 5.39805 11.2456 7.7784
internal_count=14362 617 13745 605 490 2761 1902
is_linear=0
shrinkage=0.03


Tree=354
num_leaves=8
num_cat=0
split_feature=2 11 4 1 10 1 5
split_gain=0.0192176 0.136635 0.11155 0.0624195 0.0194209 0.0169278 0.0166059
threshold=95.737355933294722 41.951677678455766 83.249830983194911 5.6508634734441197 23.309588421528723 34.70397913849721 75.225556950614916
decision_type=2 2 2 2 2 2 2
left_child=4 -2 -3 -4 5 -1 -7
right_child=1 2 3 -5 -6 6 -8
leaf_value=-0.0029028210407488083 -0.00021084240926331907 -0.00021084240926331907 0.0012684304504178758 0.0079874032921972826 -0.00021084240926331907 -0.0017220897595002992 -0.00021084240926331907
leaf_weight=3.4303711632965115 1.9707927143899704 0.93350214883685101 2.3635967276059091 3.3358614111784846 80.149989538651425 5.8685027864994481 1.8755853024777023
leaf_count=859 225 156 76 160 10984 1610 292
internal_value=-7.87339e-05 0.00119947 0.00410412 0.00580625 -0.000210842 -0.00141057 -0.000493175
internal_weight=99.9282 8.60375 6.63296 5.69946 91.3244 11.1745 7.74409
internal_count=14362 617 392 236 13745 2761 1902
is_linear=0
shrinkage=0.03


Tree=355
num_leaves=10
num_cat=0
split_feature=1 8 11 1 6 1 2 6 6
split_gain=0.044656 0.106825 0.0758929 0.167895 0.217576 0.101127 0.0391951 0.104109 0.00336555
threshold=34.302765436868206 97.162977867203224 99.648884050081662 0.40363310524600854 38.244853737811489 5.2472303681981112 46.421370967741943 98.561076604554884 6.9694026226323471
decision_type=2 2 2 2 2 2 2 2 2
left_child=1 2 3 -1 -5 -6 -2 8 -8
right_child=6 -3 -4 4 5 -7 7 -9 -10
leaf_value=-0.010051798098217322 0.0011364358038325353 0.0011364358038325353 0.0011364358038325353 -0.0047925708088718379 -0.0031667781029394364 0.0011364358038325353 0.0011364358038325353 0.007008090115297347 0.0016995182036355471
leaf_weight=1.0006860971916527 30.928490615217015 8.0234531748574209 1.0386521690525103 8.3306174007011595 4.1874140975414802 16.069112077006139 1.7284242931054929 2.6748398365452877 27.960503159090877
leaf_count=49 5454 181 26 1697 426 2493 182 114 3751
internal_value=0.000651834 -0.000150385 -0.00113442 -0.00162167 -0.000996811 0.000716244 0.00113644 0.00218334 0.00153446
internal_weight=101.942 38.6499 30.6265 29.5878 28.5871 20.2565 63.2923 32.3638 29.6889
internal_count=14373 4872 4691 4665 4616 2919 9501 4047 3933
is_linear=0
shrinkage=0.03


Tree=356
num_leaves=8
num_cat=0
split_feature=8 2 11 10 6 2 1
split_gain=0.0330606 0.0600192 0.033166 0.0185941 0.00463655 0.0537812 0.148605
threshold=5.7983193277310932 89.598046900252129 99.648884050081662 98.496155585707839 96.884057971014514 57.572474265800686 29.447200853319547
decision_type=2 2 2 2 2 2 2
left_child=1 3 4 -1 -2 -6 -7
right_child=2 -3 -4 -5 5 6 -8
leaf_value=-0.0050803130470561137 0.00069228653638972514 0.00069228653638972514 0.0041400554713969008 0.00069228653638972514 0.00069228653638972514 0.00069228653638972514 0.0041400554713969008
leaf_weight=2.0899043504032311 86.471466788323596 0.52124232344795007 1.5513883833773423 0.21962987934239198 4.7806430499767867 2.8773780734045431 3.4555378961376846
leaf_count=622 13065 66 34 27 309 117 133
internal_value=0.000592743 -0.00216405 0.000692287 -0.00439792 0.000692287 0.00137011 0.0034172
internal_weight=101.967 2.83078 99.1364 2.30953 97.585 11.1136 6.33292
internal_count=14373 715 13658 649 13624 559 250
is_linear=0
shrinkage=0.03


Tree=357
num_leaves=9
num_cat=0
split_feature=6 11 1 2 1 10 2 2
split_gain=0.0187067 0.0856232 0.152798 0.159607 0.00832927 0.156128 0.0678543 0.000138504
threshold=96.884057971014514 57.329346822417477 14.530791788856307 27.934252462816303 34.302765436868206 98.058069381598798 98.994965737927473 98.390537958284767
decision_type=2 2 2 2 2 2 2 2
left_child=4 -2 -3 -4 5 6 7 -1
right_child=1 2 3 -5 -6 -7 -8 -9
leaf_value=-0.0023014143201291353 0.00044408575074662414 0.00044408575074662414 0.00044408575074662414 0.0083896178637476049 0.00044408575074662414 0.00044408575074662414 0.00044408575074662414 -0.00052669683815234983
leaf_weight=26.642925351799938 3.405717157176694 1.9294409907888619 0.89898232487030316 4.9922317819437012 57.348043345671613 4.6866038029547772 1.3337219520471979 0.72775717056356271
leaf_count=4433 252 56 61 191 9142 142 52 44
internal_value=0.000598288 0.00170639 0.00375579 0.00627695 0.000444086 -2.88925e-05 -0.00179111 -0.00227445
internal_weight=101.965 11.2264 7.82066 5.89121 90.7391 33.391 28.7044 27.3707
internal_count=14373 560 308 252 13813 4671 4529 4477
is_linear=0
shrinkage=0.03


Tree=358
num_leaves=7
num_cat=0
split_feature=8 2 11 10 8 2
split_gain=0.0138511 0.0427801 0.0303878 0.0137653 0.0127599 0.00406652
threshold=5.7983193277310932 89.598046900252129 99.648884050081662 98.496155585707839 5.0641025641025648 98.495448618891274
decision_type=2 2 2 2 2 2
left_child=1 3 5 4 -1 -2
right_child=2 -3 -4 -5 -6 -7
leaf_value=-0.0048186027017682025 0.0006465601338340928 0.0006465601338340928 0.0039502917209331152 0.0006465601338340928 0.00018665977491344869 0.001827686723331459
leaf_weight=1.5647791066439829 95.006839482113719 0.52159543533343811 1.5440162655431766 0.21944996248930682 0.46999325277283777 2.5191535081248722
leaf_count=471 13519 66 34 27 151 105
internal_value=0.000583977 -0.00122932 0.00064656 -0.00335879 -0.00398193 0.00064656
internal_weight=101.846 2.77582 99.07 2.25422 2.03477 97.526
internal_count=14373 715 13658 649 622 13624
is_linear=0
shrinkage=0.03


Tree=359
num_leaves=7
num_cat=0
split_feature=2 10 6 6 2 1
split_gain=0.0133971 0.0307926 0.0471921 0.00699352 0.0668259 0.286259
threshold=6.2062621744462882 86.240703177822866 76.568627450980401 96.352785145888603 57.572474265800686 29.447200853319547
decision_type=2 2 2 2 2 2
left_child=1 2 -1 -2 -5 -6
right_child=3 -3 -4 4 5 -7
leaf_value=-0.0046985331156381037 0.00065855899638478745 0.00065855899638478745 0.00065855899638478745 0.00065855899638478745 0.00065855899638478745 0.0090861771036504137
leaf_weight=1.9310259518097148 86.221900615084451 1.2992777097970245 1.0718342135660348 4.7359142818022502 2.9897152099292725 3.581104819662869
leaf_count=587 12884 121 174 319 137 151
internal_value=0.000584033 -0.00091102 -0.00255002 0.000658559 0.00139794 0.00364018
internal_weight=101.831 4.30214 3.00286 97.5286 11.3067 6.57082
internal_count=14373 882 761 13491 607 288
is_linear=0
shrinkage=0.03


Tree=360
num_leaves=6
num_cat=0
split_feature=11 7 6 9 7
split_gain=0.0522006 0.0479322 0.0947227 0.0224428 0.0044695
threshold=99.648884050081662 96.459899749373449 91.366459627329206 95.149911816578495 1.5914786967418548
decision_type=2 2 2 2 2
left_child=1 4 3 -3 -1
right_child=-2 2 -4 -5 -6
leaf_value=-0.0016975090045179815 0.0041539598752996041 -0.00031438295591883686 0.0041539598752996041 0.0027312993106105334 -0.00031438295591883686
leaf_weight=1.1543685999931756 1.6049070244189341 1.8728712575975799 1.9701251250226048 1.5518937171436844 93.337069327535573
leaf_count=58 35 399 69 139 13615
internal_value=-3.95148e-05 -0.0001474 0.00236912 -0.000314383 -0.000314383
internal_weight=101.491 99.8863 5.39489 3.42476 94.4914
internal_count=14315 14280 607 538 13673
is_linear=0
shrinkage=0.03


Tree=361
num_leaves=6
num_cat=0
split_feature=11 7 2 7 2
split_gain=0.0470765 0.0322236 0.0818325 0.00503258 0.00206035
threshold=99.648884050081662 97.847985347985357 31.859025639782477 1.5914786967418548 88.477170407675615
decision_type=2 2 2 2 2
left_child=1 3 -3 -1 -5
right_child=-2 2 -4 4 -6
leaf_value=-0.0016950515753770775 0.0039740549864609922 -0.00023702784952620574 0.0039740549864609922 -0.00026814687786414453 8.6666344747281612e-05
leaf_weight=1.1570389422122378 1.6013305254746217 0.92976058321073551 3.3468796293018386 76.786118210409768 17.658654304337688
leaf_count=58 35 160 263 12256 1543
internal_value=-1.07686e-05 -0.000113418 0.00217106 -0.000237028 -0.000237028
internal_weight=101.48 99.8785 4.27664 95.6018 94.4448
internal_count=14315 14280 423 13857 13799
is_linear=0
shrinkage=0.03


Tree=362
num_leaves=6
num_cat=0
split_feature=11 7 2 7 2
split_gain=0.0465974 0.0308705 0.07982 0.00490285 0.00194193
threshold=99.648884050081662 97.847985347985357 31.859025639782477 1.5914786967418548 88.477170407675615
decision_type=2 2 2 2 2
left_child=1 3 -3 -1 -5
right_child=-2 2 -4 4 -6
leaf_value=-0.0016993260368813772 0.0039278387741405879 -0.00025909739816168322 0.0039278387741405879 -0.00028834328902719106 5.7293626835482495e-05
leaf_weight=1.1596620454802167 1.6035588853992511 0.92982335784472425 3.4554624325828627 76.739517157024238 17.654648496885784
leaf_count=58 35 160 263 12256 1543
internal_value=-3.52351e-05 -0.000137107 0.00207554 -0.000259097 -0.000259097
internal_weight=101.543 99.9391 4.38529 95.5538 94.3942
internal_count=14315 14280 423 13857 13799
is_linear=0
shrinkage=0.03


Tree=363
num_leaves=6
num_cat=0
split_feature=11 7 4 2 7
split_gain=0.0411422 0.0289883 0.0595124 0.036892 0.00483377
threshold=99.648884050081662 96.459899749373449 16.548957315086351 38.399953599814403 1.5914786967418548
decision_type=2 2 2 2 2
left_child=1 4 -3 -4 -1
right_child=-2 2 3 -5 -6
leaf_value=-0.0017044019027146356 0.003679484131108632 -0.00027339595275315264 -0.00027339595275315264 0.003679484131108632 -0.00027339595275315264
leaf_weight=1.1609463655622665 1.6024135078769166 0.82845321530476113 0.97511766047682602 3.8520847884938121 93.10104501072783
leaf_count=58 35 150 144 313 13615
internal_value=-4.5389e-05 -0.000140994 0.00177525 0.003468 -0.000273396
internal_weight=101.52 99.9176 5.65566 4.8272 94.262
internal_count=14315 14280 607 457 13673
is_linear=0
shrinkage=0.03


Tree=364
num_leaves=6
num_cat=0
split_feature=11 7 2 7 2
split_gain=0.0729386 0.0413139 0.0907407 0.00445288 0.00059652
threshold=99.648884050081662 97.847985347985357 31.859025639782477 1.5914786967418548 88.477170407675615
decision_type=2 2 2 2 2
left_child=1 3 -3 -1 -5
right_child=-2 2 -4 4 -6
leaf_value=-0.0016989485665538399 0.0048443061542555151 -0.00032073621092209361 0.0048443061542555151 -0.00032237170009990899 -0.00011972195679741056
leaf_weight=1.1640069462009695 1.6703530526719976 0.92930202023126085 3.5077725000446662 76.664454856247175 17.660133951809257
leaf_count=58 35 160 263 12256 1543
internal_value=-5.00551e-05 -0.000179057 0.00236817 -0.000320736 -0.000320736
internal_weight=101.596 99.9257 4.43707 95.4886 94.3246
internal_count=14315 14280 423 13857 13799
is_linear=0
shrinkage=0.03


Tree=365
num_leaves=2
num_cat=0
split_feature=7
split_gain=0.0417234
threshold=1.5914786967418548
decision_type=2
left_child=-1
right_child=-2
leaf_value=-0.0050192985184699113 -0.00079542212598060198
leaf_weight=1.1965022350195784 98.839309097500518
leaf_count=60 14326
internal_value=-0.000895121
internal_weight=100.036
internal_count=14386
is_linear=0
shrinkage=0.03


Tree=366
num_leaves=4
num_cat=0
split_feature=11 7 7
split_gain=0.024525 0.21768 0.000161244
threshold=99.648884050081662 1.5914786967418548 25.677655677655679
decision_type=2 2 2
left_child=1 -1 -3
right_child=-2 2 -4
leaf_value=-0.011078949734650336 0.0020960396757489044 -0.00088095156243945887 -0.00069628635833558241
leaf_weight=0.88368741190060873 1.505895800422876 29.104979740164708 68.545284399588127
leaf_count=57 36 3140 11153
internal_value=-0.000896293 -0.000962624 -0.000759699
internal_weight=100.04 98.534 97.6503
internal_count=14386 14350 14293
is_linear=0
shrinkage=0.03


Tree=367
num_leaves=8
num_cat=0
split_feature=11 7 9 7 9 7 7
split_gain=0.0230918 0.176187 0.0344232 0.0167767 0.00378958 0.00632078 0.000127914
threshold=99.648884050081662 1.5914786967418548 96.63841807909607 80.140845070422543 71.516754850088191 25.677655677655679 6.4309346567411092
decision_type=2 2 2 2 2 2 2
left_child=1 -1 4 6 5 -3 -4
right_child=-2 2 3 -5 -6 -7 -8
leaf_value=-0.010097285094469636 0.0020267211006138718 -0.0014267684451139935 -0.00079337203753471175 0.0020267211006138718 -0.00079337203753471175 -0.00080392204411797391 -0.00020463057045587595
leaf_weight=0.86465654481435095 1.5008407218847413 26.888152975123376 0.36426963889971253 2.6952662743860856 20.729206531890668 45.77419093233766 1.1480853391112757
leaf_count=57 36 2696 59 409 3613 7318 198
internal_value=-0.000881306 -0.000945562 -0.0007629 0.0016412 -0.000887453 -0.00105064 -0.000793372
internal_weight=99.9647 98.4638 97.5992 4.20762 93.3916 72.6623 1.51235
internal_count=14386 14350 14293 666 13627 10014 257
is_linear=0
shrinkage=0.03


Tree=368
num_leaves=7
num_cat=0
split_feature=11 7 9 7 9 7
split_gain=0.0214108 0.177974 0.0323671 0.0161635 0.00279335 8.19837e-05
threshold=99.648884050081662 1.5914786967418548 96.63841807909607 80.140845070422543 71.516754850088191 6.4309346567411092
decision_type=2 2 2 2 2 2
left_child=1 -1 4 5 -3 -4
right_child=-2 2 3 -5 -6 -7
leaf_value=-0.010145827011171364 0.0019300090529285377 -0.0010318967434751007 -0.0008136370701499326 0.0019300090529285377 -0.0008136370701499326 -0.00022836650681025156
leaf_weight=0.85950160119682451 1.5001865255180735 72.649441483838018 0.36421262833755341 2.6956789235118777 20.729438854847103 1.1480325618758795
leaf_count=57 36 10014 59 409 3613 198
internal_value=-0.000873783 -0.000935487 -0.000752277 0.00157969 -0.000872987 -0.000813637
internal_weight=99.9465 98.4463 97.5868 4.20792 93.3789 1.51225
internal_count=14386 14350 14293 666 13627 257
is_linear=0
shrinkage=0.03


Tree=369
num_leaves=6
num_cat=0
split_feature=11 7 1 7 1
split_gain=0.00940642 0.171692 0.0152524 0.0725074 0.00992769
threshold=99.648884050081662 1.5914786967418548 96.199984799939202 18.002136752136753 0.40363310524600854
decision_type=2 2 2 2 2
left_child=1 -1 4 -4 -3
right_child=-2 2 3 -5 -6
leaf_value=-0.009940403007355025 0.0010228586204329047 -0.0029645181525881489 -0.00084587019737449043 0.0010228586204329047 -0.00084587019737449043
leaf_weight=0.86673649057047342 1.5248027036432166 1.1499505803221826 1.8517744647106136 6.4141504651051946 88.17008851544233
leaf_count=57 36 57 124 434 13678
internal_value=-0.00087288 -0.000912231 -0.000732028 0.000456656 -0.00084587
internal_weight=99.9775 98.4527 97.586 8.26592 89.32
internal_count=14386 14350 14293 558 13735
is_linear=0
shrinkage=0.03


Tree=370
num_leaves=5
num_cat=0
split_feature=4 11 2 4
split_gain=0.137448 0.0841142 0.0141321 0.00438273
threshold=99.799999199996805 6.8912747765254574 36.53223786282242 98.595785949408864
decision_type=2 2 2 2
left_child=1 3 -3 -1
right_child=-2 2 -4 -5
leaf_value=-0.0042032833944492609 0.0059384030991327637 -0.0003474014973937423 0.00047264221157125548 -0.0003474014973937423
leaf_weight=3.1976836316171102 2.7272202218882731 25.033389518968761 69.444480041391216 0.19538819766603399
leaf_count=937 36 4516 8772 5
internal_value=0.000283949 6.79168e-05 0.000253996 -0.00399174
internal_weight=100.598 97.8709 94.4779 3.39307
internal_count=14266 14230 13288 942
is_linear=0
shrinkage=0.03


Tree=371
num_leaves=7
num_cat=0
split_feature=4 11 2 8 8 8
split_gain=0.13185 0.07733 0.0125453 0.14288 0.00254751 0.000341821
threshold=99.799999199996805 6.8912747765254574 36.53223786282242 24.322344322344325 2.225447508466377 69.905660377358501
decision_type=2 2 2 2 2 2
left_child=1 -1 3 -3 -4 -6
right_child=-2 2 4 -5 5 -7
leaf_value=-0.003800034483404133 0.0058490021947674763 -0.003800034483404133 -0.00083873868801469654 0.0004832636286508472 0.0004832636286508472 0.0006048132709397491
leaf_weight=3.3782822668435974 2.7285653762519351 4.8250539684086133 0.42935628199484099 20.201824491494335 31.511572830379009 37.540931395953521
leaf_count=942 36 1139 84 3377 5952 2736
internal_value=0.000311792 9.9857e-05 0.000277589 -0.000290052 0.000483264 0.000503339
internal_weight=100.616 97.887 94.5087 25.0269 69.4819 69.0525
internal_count=14266 14230 13288 4516 8772 8688
is_linear=0
shrinkage=0.03


Tree=372
num_leaves=7
num_cat=0
split_feature=4 8 2 2 2 4
split_gain=0.152452 0.00218763 0.0248436 0.0012227 0.00411502 0.000590445
threshold=99.799999199996805 2.225447508466377 30.383024031610315 1.7550584315240487 0.95171829379470452 98.992949633283587
decision_type=2 2 2 2 2 2
left_child=1 2 -1 4 -3 -5
right_child=-2 3 -4 5 -6 -7
leaf_value=-0.004254869211705415 0.006265699731443781 -0.0018052500882446648 0.00014355214026903345 0.00015570592850769167 0.00015570592850769167 0.00043045677189725338
leaf_weight=0.26127555052516882 2.7822454764973363 0.26566177618224074 0.53592693794053048 90.067543578916229 0.32719246076885611 6.3606973687419659
leaf_count=60 36 84 92 13772 95 127
internal_value=0.000355527 0.000125719 -0.000916859 0.000143552 -0.000689967 0.000155706
internal_weight=100.601 97.8183 0.797202 97.0211 0.592854 96.4282
internal_count=14266 14230 152 14078 179 13899
is_linear=0
shrinkage=0.03


Tree=373
num_leaves=8
num_cat=0
split_feature=4 11 2 1 8 8 1
split_gain=0.131297 0.0750893 0.0101029 0.392175 0.115851 0.00130111 5.69712e-05
threshold=99.799999199996805 6.8912747765254574 36.53223786282242 95.883989596564462 24.322344322344325 2.225447508466377 0.40363310524600854
decision_type=2 2 2 2 2 2 2
left_child=1 -1 4 5 -3 -4 -7
right_child=-2 2 3 -5 -6 6 -8
leaf_value=-0.0037031730603061938 0.0058507233144297543 -0.0037031730603061938 -0.0010411975374841787 0.0058507233144297543 -0.00013912717026100499 -0.00013912717026100499 -9.9944847941029028e-05
leaf_weight=3.3674905748921438 2.7730696904472998 4.7767763341544258 0.42533057404216279 3.5347881503403178 20.173361555440351 0.64609680091962118 64.88314651401015
leaf_count=942 36 1139 83 123 3377 44 8522
internal_value=0.000358836 0.00014549 0.000320087 0.000504109 -0.000192114 -0.000139127 -0.00011771
internal_weight=100.58 97.807 94.4395 69.4894 24.9501 65.9546 65.5292
internal_count=14266 14230 13288 8772 4516 8649 8566
is_linear=0
shrinkage=0.03


Tree=374
num_leaves=8
num_cat=0
split_feature=11 4 1 2 2 2 2
split_gain=0.131771 0.159798 0.0110006 0.53941 0.00229949 0.00154484 0.00568943
threshold=6.8912747765254574 99.799999199996805 95.883989596564462 44.829397225033574 99.698492157765884 2.4000096000384006 0.95171829379470452
decision_type=2 2 2 2 2 2 2
left_child=-1 2 4 -4 5 6 -2
right_child=1 -3 3 -5 -6 -7 -8
leaf_value=-0.0046604034966624859 -0.0021512225106844851 0.0067833587015141148 0.0002325334440816558 0.0067833587015141148 0.0014709211929203119 0.00022554417549421052 0.00022554417549421052
leaf_weight=3.5274169931653878 0.17400525778066267 2.5997027116827658 4.8394310171715906 2.7993568184319884 0.3574207378551354 85.864465943537652 0.4240490198135376
leaf_count=944 52 34 432 85 16 12573 130
internal_value=0.000349415 0.000577158 0.000337079 0.00136085 0.000232533 0.000210655 -0.000730488
internal_weight=100.586 97.0584 94.4587 7.63879 86.8199 86.4625 0.598054
internal_count=14266 13322 13288 517 12771 12755 182
is_linear=0
shrinkage=0.03


Tree=375
num_leaves=11
num_cat=0
split_feature=11 2 1 0 1 11 7 11 1 7
split_gain=0.0519342 0.098804 0.0708033 0.0618287 0.0275114 0.125598 0.0307224 0.100737 0.188584 0.0124765
threshold=14.127158683610299 11.400045600182402 2.4217986314760513 2.4217986314760513 11.301726946888239 99.648884050081662 97.847985347985357 52.108510252222835 34.70397913849721 18.002136752136753
decision_type=2 2 2 2 2 2 2 2 2 2
left_child=2 -2 -1 -3 5 9 -6 -8 -9 -5
right_child=1 3 -4 4 6 -7 7 8 -10 -11
leaf_value=-0.0094119347821544595 -0.0019874709058307978 -0.0019874709058307978 -0.0019874709058307978 -0.0019874709058307978 0.0010428802096538363 0.0010428802096538363 0.0010428802096538363 0.0010428802096538363 0.011854210414168509 -0.00080149180523936389
leaf_weight=0.22767977800685635 7.3340779363061293 1.4016271595610295 8.0876508721848932 3.2139777520205799 68.734267606516369 0.82927598129026669 0.63874453562311773 1.0799536211416128 1.4922110636252908 10.050053949351421
leaf_count=26 1380 146 2024 274 9142 14 136 53 99 1122
internal_value=0.000152937 0.000359523 -0.00198747 0.000661171 0.000807701 -0.000382424 0.00104288 0.00365527 0.00685063 -0.00198747
internal_weight=103.09 94.7742 8.31533 87.4401 86.0385 14.0933 71.9452 3.21091 2.57216 13.264
internal_count=14416 12366 2050 10986 10840 1410 9430 288 152 1396
is_linear=0
shrinkage=0.03


Tree=376
num_leaves=9
num_cat=0
split_feature=11 1 5 11 5 7 2 2
split_gain=0.035758 0.0931168 0.0859879 0.0273222 0.0336991 0.0113621 0.0401754 6.29198e-05
threshold=14.127158683610299 2.4217986314760513 99.597179853313449 99.648884050081662 8.0726621049201714 97.847985347985357 31.859025639782477 98.846762120919465
decision_type=2 2 2 2 2 2 2 2
left_child=1 -1 -3 4 -2 7 -7 -6
right_child=3 2 -4 -5 5 6 -8 -9
leaf_value=-0.0093237609584755285 -0.0020713510917847893 -0.0027983301043552227 0.00033571769044458678 0.0033307742991976639 0.00033571769044458678 0.00033571769044458678 0.0033307742991976639 0.00066192984345677557
leaf_weight=0.22671566158532996 4.3588157759513697 7.3772867714287695 0.65661665424704541 1.7538109403103579 83.171987129608169 0.5150750753236929 3.1507857068208978 1.8252313720295195
leaf_count=26 870 2016 8 39 11069 95 218 75
internal_value=0.000165098 -0.00161733 -0.00039184 0.000335718 0.000335718 0.000380104 0.00183694 0.000335718
internal_weight=103.036 8.26062 8.0339 94.7757 93.0219 88.6631 3.66586 84.9972
internal_count=14416 2050 2024 12366 12327 11457 313 11144
is_linear=0
shrinkage=0.03


Tree=377
num_leaves=12
num_cat=0
split_feature=11 1 2 1 1 7 2 7 2 11 11
split_gain=0.0312251 0.0818976 0.104043 0.157398 0.10552 0.0588523 0.0220192 0.0120747 0.0761097 0.0289839 0.00495189
threshold=99.648884050081662 11.301726946888239 68.090313691899937 6.0544965786901281 0.80726621049201708 18.002136752136753 99.698492157765884 97.847985347985357 36.331837061219218 52.108510252222835 98.199992799971213
decision_type=2 2 2 2 2 2 2 2 2 2 2
left_child=1 2 3 10 -4 -5 7 -3 -9 -10 -1
right_child=-2 6 4 5 -6 -7 -8 8 9 -11 -12
leaf_value=-0.011670362319119611 0.003324175245982722 0.00043969369494023807 -0.0054536501168439954 -0.0062078833001589888 0.00043969369494023807 0.00043969369494023807 0.003324175245982722 0.00043969369494023807 0.00043969369494023807 0.003324175245982722 -0.0062078833001589888
leaf_weight=1.673574167769402 1.7537682354450215 82.432042175147217 1.9067044424591557 0.26762527436949279 8.8367446777410787 1.3141155227785928 0.3550573147367676 0.78766638133674804 0.81689305463805828 2.3473532209172845 0.515926421037875
leaf_count=266 39 12372 78 54 931 252 10 152 114 113 35
internal_value=0.000171791 8.52147e-05 -0.00192494 -0.0056129 -0.000262639 -0.000262639 0.000439694 0.000439694 0.00196056 0.00332418 -0.00960377
internal_weight=103.007 101.254 14.5147 3.77124 10.7434 1.58174 86.739 86.384 3.95191 3.16425 2.1895
internal_count=14416 14377 1616 607 1009 306 12761 12751 379 227 301
is_linear=0
shrinkage=0.03


Tree=378
num_leaves=12
num_cat=0
split_feature=11 1 2 1 2 11 7 1 0 1 7
split_gain=0.0302306 0.101846 0.229272 0.168868 0.0266847 0.0278542 0.0525429 0.0736676 0.0206638 0.043358 0.0100471
threshold=99.648884050081662 6.0544965786901281 68.090313691899937 0.80726621049201708 11.400045600182402 30.251228262977573 97.847985347985357 34.70397913849721 6.8617627891821451 91.725521342456844 2.6709401709401712
decision_type=2 2 2 2 2 2 2 2 2 2 2
left_child=1 2 -1 -4 -3 -6 8 -8 -7 10 -10
right_child=-2 4 3 -5 5 6 7 -9 9 -11 -12
leaf_value=-0.0094532888037365641 0.0032397859032682759 -0.0011629632786188384 -0.0069846109940740995 0.00037460898532768112 0.00037460898532768112 0.00037460898532768112 0.00077140583412547547 0.0032397859032682759 0.00037460898532768112 0.0032397859032682759 0.00077140583412547547
leaf_weight=2.1919957315549237 1.7481374486815173 8.2521498955902626 1.8224546932615338 5.9543832506751642 14.755855851341037 1.9905884928302828 1.2742579062469297 1.7117434507235882 0.53370697854552318 6.1951197655871502 56.564714402658865
leaf_count=301 39 1670 78 492 3568 276 83 147 95 334 7333
internal_value=0.000135008 5.02391e-05 -0.00268319 8.47039e-05 0.000374609 0.000539454 0.0010046 0.00323979 0.000771406 0.000771406 0.000771406
internal_weight=102.995 101.247 9.96883 7.77684 91.2781 83.026 68.2701 2.986 65.2841 63.2935 57.0984
internal_count=14416 14377 871 570 13506 11836 8268 230 8038 7762 7428
is_linear=0
shrinkage=0.03


Tree=379
num_leaves=13
num_cat=0
split_feature=11 1 7 7 11 2 7 1 0 1 1 1
split_gain=0.0306911 0.0842738 0.0507155 0.0149019 0.0175885 0.0632609 0.0586174 0.0644849 0.0308025 0.0381797 0.0225342 0.000158082
threshold=99.648884050081662 0.80726621049201708 18.002136752136753 1.5914786967418548 31.859283082293622 11.400045600182402 97.847985347985357 34.70397913849721 6.8617627891821451 91.725521342456844 11.301726946888239 58.36696949373006
decision_type=2 2 2 2 2 2 2 2 2 2 2 2
left_child=1 2 -1 -3 -5 -6 8 -8 -7 10 -10 -12
right_child=-2 3 -4 4 5 6 7 -9 9 -11 11 -13
leaf_value=-0.0079620523215991907 0.0032425420226304532 -0.0024089869621309588 -9.1404063266224366e-05 -9.1404063266224366e-05 -9.1404063266224366e-05 -9.1404063266224366e-05 0.00072784321389954406 0.0032425420226304532 -9.1404063266224366e-05 0.0031015243540389093 0.00072784321389954406 0.0012682141504177825
leaf_weight=0.86720530618913416 1.7443794638384122 0.97208396234782313 1.2559645787114275 18.561959129525349 6.0066224765614598 2.0849947793176389 1.5770598368253552 1.695408519124612 9.6148798392387089 6.00261346111074 33.422405587509274 19.21763759420719
leaf_count=34 39 49 74 4560 1033 277 96 143 1055 328 4293 2435
internal_value=0.000112101 2.70078e-05 -0.00482618 0.000178076 0.00022772 0.000475813 0.000962539 0.00324254 0.000727843 0.000727843 0.000727843 0.000727843
internal_weight=103.023 101.279 2.12317 99.1557 98.1836 79.6216 73.615 3.27247 70.3425 68.2575 62.2549 52.64
internal_count=14416 14377 108 14269 14220 9660 8627 239 8388 8111 7783 6728
is_linear=0
shrinkage=0.03


Tree=380
num_leaves=6
num_cat=0
split_feature=10 11 11 10 10
split_gain=0.00814125 0.195159 0.0104913 0.0332513 0.0143583
threshold=91.918367346938794 99.197591971090802 14.127158683610299 61.278911564625851 3.0776515151515156
decision_type=2 2 2 2 2
left_child=2 -2 3 -1 -4
right_child=1 -3 4 -5 -6
leaf_value=-0.0027545337940491797 -2.4519933385591887e-05 0.0086766310445850654 -0.0027545337940491797 -2.4519933385591887e-05 -2.4519933385591887e-05
leaf_weight=4.2823923188261679 21.743395398370925 1.4461964177899052 0.71096099860733275 1.9524195850244721 72.214988140563946
leaf_count=1234 1247 21 219 518 11185
internal_value=0.000122364 0.000604056 -2.45199e-05 -0.00116696 -2.45199e-05
internal_weight=102.35 23.1896 79.1608 6.23481 72.9259
internal_count=14424 1268 13156 1752 11404
is_linear=0
shrinkage=0.03


Tree=381
num_leaves=7
num_cat=0
split_feature=1 10 1 10 1 10
split_gain=0.0125355 0.0148599 0.0325887 0.0943284 0.0117988 0.00301689
threshold=0.40363310524600854 91.918367346938794 12.916259367872273 69.174208144796395 1.6145324209840342 3.0776515151515156
decision_type=2 2 2 2 2 2
left_child=-1 2 3 -2 -5 -4
right_child=1 -3 5 4 -6 -7
leaf_value=-0.0021000016411737775 -0.0021000016411737775 0.00082673117396890898 -0.0010426269252813022 -0.0021000016411737775 0.00022551950647783161 0.00025384862849364795
leaf_weight=1.244806223665363 6.9537296926137042 22.663576082210056 0.68628176575293665 0.83348852192284528 3.449738101917319 66.5253082899726
leaf_count=57 1188 1257 215 39 359 11309
internal_value=0.000120143 0.000167773 -3.06076e-05 -0.00145582 0.00022552 0.00022552
internal_weight=102.357 101.112 78.4485 11.237 4.28323 67.2116
internal_count=14424 14367 13110 1586 398 11524
is_linear=0
shrinkage=0.03


Tree=382
num_leaves=7
num_cat=0
split_feature=1 10 1 10 1 10
split_gain=0.0113507 0.0106389 0.0319258 0.0907263 0.0106396 0.00311509
threshold=0.40363310524600854 91.918367346938794 12.916259367872273 69.174208144796395 1.6145324209840342 3.0776515151515156
decision_type=2 2 2 2 2 2
left_child=-1 2 3 -2 -5 -4
right_child=1 -3 5 4 -6 -7
leaf_value=-0.0019931886578492758 -0.0019931886578492758 0.00072305799167661088 -0.0010405052192788444 -0.0019931886578492758 0.00025105882584132173 0.00027958948026592247
leaf_weight=1.2417017699335691 6.9342860862379876 22.721555823809467 0.68551086715888132 0.83432911970885459 3.4497487937333062 66.502356559329201
leaf_count=57 1188 1257 215 39 359 11309
internal_value=0.000121159 0.000166382 -2.01266e-06 -0.00141418 0.000251059 0.000251059
internal_weight=102.369 101.128 78.4062 11.2184 4.28408 67.1879
internal_count=14424 14367 13110 1586 398 11524
is_linear=0
shrinkage=0.03


Tree=383
num_leaves=6
num_cat=0
split_feature=1 10 1 10 1
split_gain=0.0116049 0.00940605 0.0304163 0.00681394 0.00521273
threshold=0.40363310524600854 91.918367346938794 1.6145324209840342 3.0776515151515156 12.916259367872273
decision_type=2 2 2 2 2
left_child=-1 2 -2 -4 -5
right_child=1 -3 3 4 -6
leaf_value=-0.0020092388888023499 -0.0020092388888023499 0.00069902259018703378 -0.0017104293378452792 -0.00045311341394493264 0.00026996804653273219
leaf_weight=1.2398772086016823 1.6718504129094061 22.71251845988445 0.76881765061989327 9.4241491775610466 66.580560324189719
leaf_count=57 134 1257 246 1421 11309
internal_value=0.000129803 0.000175433 1.69455e-05 0.000134954 0.00017559
internal_weight=102.398 101.158 78.4454 76.7735 76.0047
internal_count=14424 14367 13110 12976 12730
is_linear=0
shrinkage=0.03


Tree=384
num_leaves=6
num_cat=0
split_feature=1 10 1 10 1
split_gain=0.0111987 0.00875251 0.0297728 0.00675165 0.00467028
threshold=0.40363310524600854 91.918367346938794 1.6145324209840342 3.0776515151515156 12.916259367872273
decision_type=2 2 2 2 2
left_child=-1 2 -2 -4 -5
right_child=1 -3 3 4 -6
leaf_value=-0.0019716119831532188 -0.0019716119831532188 0.0006786006698203175 -0.001700384533669374 -0.00041777103807410452 0.00026709302653413474
leaf_weight=1.2420959806186136 1.6688589202240098 22.709194071241654 0.76732998545048658 9.4198004704667238 66.589960828248877
leaf_count=57 134 1257 246 1421 11309
internal_value=0.000128642 0.000173479 2.05507e-05 0.000137503 0.000177896
internal_weight=102.397 101.155 78.446 76.7771 76.0098
internal_count=14424 14367 13110 12976 12730
is_linear=0
shrinkage=0.03


Tree=385
num_leaves=10
num_cat=0
split_feature=1 11 3 2 5 5 5 10 2
split_gain=0.143899 0.0564893 0.170783 0.230293 0.0321198 0.0154017 0.00890135 0.00859958 0.00361404
threshold=0.40363310524600854 31.859283082293622 94.478316095082576 21.471774193548391 99.799999199996805 0.80726621049201708 3.2290648419680683 51.225490196078432 36.53223786282242
decision_type=2 2 2 2 2 2 2 2 2
left_child=-1 4 5 -4 6 -3 -2 -8 -7
right_child=1 2 3 -5 -6 8 7 -9 -10
leaf_value=-0.0068816563542821512 -0.0029309610473619565 -0.00090993953997144615 0.00066605072298691085 0.0052402045707868553 0.00066605072298691085 0.00066605072298691085 -0.0019517959760199605 -0.00090993953997144615 0.00097082843101698986
leaf_weight=1.0442261131829571 0.86794562445722334 0.52263973618391801 2.4527114928932887 19.212078015552834 0.41273878887295623 14.779851722822057 8.0073282005032542 9.1404129452421312 43.466903830470983
leaf_count=54 231 43 99 487 5 2994 2337 1959 6199
internal_value=0.00104034 0.00119209 0.00153182 0.00374734 -0.000293236 0.000666051 -0.00090994 -0.000651775 0.000666051
internal_weight=99.9068 98.8626 80.4342 21.6648 18.4284 58.7694 18.0157 17.1477 58.2468
internal_count=14408 14354 9822 586 4532 9236 4527 4296 9193
is_linear=0
shrinkage=0.03


Tree=386
num_leaves=8
num_cat=0
split_feature=1 3 7 11 10 3 0
split_gain=0.134175 0.0465038 0.176113 0.0324479 0.360287 0.166508 0.0111048
threshold=0.40363310524600854 4.0363310524600857 27.032967032967036 95.259481037924161 95.488466757123476 99.597179853313449 2.8254317367220598
decision_type=2 2 2 2 2 2 2
left_child=-1 2 6 -3 5 -5 -2
right_child=1 3 -4 4 -6 -7 -8
leaf_value=-0.0066696545563511888 -0.0066696545563511888 0.0012440070623632464 0.0012440070623632464 0.0012440070623632464 0.010239455608498319 0.0099036508339189842 -0.00028924413828608985
leaf_weight=1.046142128703649 0.64914924191543766 79.343385606829543 1.8776513588381929 11.707803746918218 3.4063824939075849 1.3178501820657391 0.54305923020001501
leaf_count=54 68 13187 377 546 53 14 109
internal_value=0.000974172 0.00112106 -0.00207786 0.00124401 0.00257217 0.00124401 -0.00666965
internal_weight=99.8914 98.8453 3.06986 95.7754 16.432 13.0257 1.19221
internal_count=14408 14354 554 13800 613 560 177
is_linear=0
shrinkage=0.03


Tree=387
num_leaves=10
num_cat=0
split_feature=1 3 2 11 10 3 11 11 2
split_gain=0.0803561 0.0465776 0.108236 0.0299773 0.340366 0.167485 0.0124132 0.0141029 0.00268558
threshold=0.40363310524600854 4.0363310524600857 46.824596774193559 95.259481037924161 95.488466757123476 99.597179853313449 83.951839421815535 18.806387876153916 2.9175168415597881
decision_type=2 2 2 2 2 2 2 2 2
left_child=-1 2 -2 8 5 -5 7 -4 -3
right_child=1 3 6 4 -6 -7 -8 -9 -10
leaf_value=-0.0050707756170014981 -0.0050707756170014981 -0.0011743722710249381 -0.0042748482660419527 0.0011827323372688926 0.0099411155367987586 0.0097880997987597838 0.0011827323372688926 0.00070917459726726854 0.0011827323372688926
leaf_weight=0.98712212435202573 1.6265424081939266 0.91257052356377144 0.22658126801252343 11.663359418744223 3.3815627219155422 1.3444146402180184 0.75783323997166008 0.46415169176179916 78.470365569461137
leaf_count=54 338 287 48 546 53 14 56 112 12900
internal_value=0.000948893 0.00105919 -0.0021345 0.00118273 0.00246021 0.00118273 0.00118273 -0.00248715 0.00118273
internal_weight=99.8345 98.8474 3.07511 95.7723 16.3893 13.0078 1.44857 0.690733 79.3829
internal_count=14408 14354 554 13800 613 560 216 160 13187
is_linear=0
shrinkage=0.03


Tree=388
num_leaves=10
num_cat=0
split_feature=1 3 2 11 10 3 11 11 2
split_gain=0.0776258 0.0471416 0.111714 0.0268341 0.327615 0.160375 0.00893117 0.0132647 0.00317256
threshold=0.40363310524600854 4.0363310524600857 46.824596774193559 95.259481037924161 95.488466757123476 99.597179853313449 83.951839421815535 18.806387876153916 2.9175168415597881
decision_type=2 2 2 2 2 2 2 2 2
left_child=-1 2 -2 8 5 -5 7 -4 -3
right_child=1 3 6 4 -6 -7 -8 -9 -10
leaf_value=-0.0049782651214090382 -0.0049782651214090382 -0.0011629720324497787 -0.004097063764536002 0.0011630410163882439 0.0097515494676497314 0.0096491553288152281 0.0011630410163882439 0.00071216313231384481 0.0011630410163882439
leaf_weight=0.99233149795327236 1.6175056525971734 0.91109460068400849 0.22290835913736351 11.666285784333015 3.3614234924316397 1.329755276441573 0.75788245303556323 0.46404242783319205 78.485458238981664
leaf_count=54 338 287 48 546 53 14 56 112 12900
internal_value=0.000930142 0.00103875 -0.00217711 0.00116304 0.00237519 0.00116304 0.00116304 -0.00235199 0.00116304
internal_weight=99.8087 98.8164 3.06234 95.754 16.3575 12.996 1.44483 0.686951 79.3966
internal_count=14408 14354 554 13800 613 560 216 160 13187
is_linear=0
shrinkage=0.03


Tree=389
num_leaves=10
num_cat=0
split_feature=1 11 3 2 7 5 5 5 0
split_gain=0.0748312 0.038901 0.110509 0.188961 0.122436 0.0284808 0.0068607 0.00177196 3.74708e-05
threshold=0.40363310524600854 31.859283082293622 94.478316095082576 21.471774193548391 18.002136752136753 99.799999199996805 3.2290648419680683 0.80726621049201708 3.6326979472140768
decision_type=2 2 2 2 2 2 2 2 2
left_child=-1 5 7 -4 -5 6 -2 -3 -8
right_child=1 2 3 4 -6 -7 8 -9 -10
leaf_value=-0.0048237706320622782 -0.0025528764418587583 -0.00051442958876606688 0.00066184796954569527 0.00066184796954569527 0.0059805619305006259 0.00066184796954569527 -0.00099932091623626366 0.00066184796954569527 -0.00048580743534172973
leaf_weight=0.99808477179612864 0.85243095259649493 0.46918221493251522 2.4765574063640114 5.3507581681478795 13.880262441816738 0.4137275442481031 0.30204633460380748 58.243104548426345 16.802340566937346
leaf_count=54 231 43 99 116 371 5 75 9193 4221
internal_value=0.000974216 0.00108055 0.00136201 0.00314317 0.00457828 -0.000158294 -0.000774323 0.000661848 -0.000549572
internal_weight=99.7885 98.7904 80.4199 21.7076 19.231 18.3705 17.9568 58.7123 17.1044
internal_count=14408 14354 9822 586 487 4532 4527 9236 4296
is_linear=0
shrinkage=0.03


Tree=390
num_leaves=9
num_cat=0
split_feature=6 7 11 2 6 6 9 2
split_gain=0.0272558 0.0281178 0.211367 0.188401 0.255357 0.00709245 0.0425981 0.135219
threshold=2.3513513513513518 91.987179487179489 48.79275165176837 32.647423360777786 93.2882882882883 23.132664437012266 62.605932203389834 95.024928890038154
decision_type=2 2 2 2 2 2 2 2
left_child=-1 5 -3 -4 -5 6 7 -2
right_child=1 2 3 4 -6 -7 -8 -9
leaf_value=-0.0035999205194575355 -0.0035999205194575355 -4.8438431893788141e-05 -4.8438431893788141e-05 0.0006273526383492584 0.012060864008750597 -4.8438431893788141e-05 -4.8438431893788141e-05 -4.8438431893788141e-05
leaf_weight=0.7878251540241753 6.5381768228835409 3.3412539404816908 1.2339925656560806 3.2206679135560989 3.203969368012622 74.529953474528156 5.5981390060624108 0.84923061518929888
leaf_count=111 1493 646 163 316 70 10435 1012 75
internal_value=7.24986e-05 0.000137746 0.00149963 0.00498063 0.00718572 -4.84384e-05 -0.000724147 -0.00235767
internal_weight=99.3032 98.5154 10.9999 7.65863 6.42464 87.5155 12.9855 7.38741
internal_count=14321 14210 1195 549 386 13015 2580 1568
is_linear=0
shrinkage=0.03


Tree=391
num_leaves=9
num_cat=0
split_feature=6 11 6 9 2 2 7 2
split_gain=0.0267003 0.0269115 0.0382363 0.0709981 0.127969 0.0593349 0.00895564 0.00239537
threshold=2.3513513513513518 99.648884050081662 20.489755122438783 71.516754850088191 95.024928890038154 98.994965737927473 94.325955734406449 38.252763071414471
decision_type=2 2 2 2 2 2 2 2
left_child=-1 2 3 4 -2 6 -4 -5
right_child=1 -3 5 7 -6 -7 -8 -9
leaf_value=-0.0035539469650062044 -0.0035539469650062044 0.0030866275897891982 0.0002936937913348016 -0.0026958058550697163 0.0002936937913348016 0.0030866275897891982 0.0013713271148360585 0.0002936937913348016
leaf_weight=0.78873013611882825 7.7241490524029341 1.722181339515372 75.546019266708754 1.0667768785497167 1.0911272107623515 1.2550489713903505 7.7462106465827665 2.4655094430781901
leaf_count=111 1636 37 10844 285 83 52 755 518
internal_value=8.01311e-05 0.00014458 6.12934e-05 -0.0014328 -0.00295782 0.000293694 0.000293694 0.000293694
internal_weight=99.4058 98.617 96.8948 12.3476 8.81528 84.5473 83.2922 3.53229
internal_count=14321 14210 14173 2522 1719 11651 11599 803
is_linear=0
shrinkage=0.03


Tree=392
num_leaves=9
num_cat=0
split_feature=6 11 6 9 2 2 7 11
split_gain=0.0224021 0.0270751 0.03589 0.0766113 0.119968 0.025996 0.00755374 0.116195
threshold=2.3513513513513518 99.648884050081662 23.132664437012266 71.516754850088191 95.024928890038154 98.994965737927473 94.325955734406449 49.396375825884185
decision_type=2 2 2 2 2 2 2 2
left_child=-1 2 3 4 -2 6 -4 -8
right_child=1 -3 5 -5 -6 -7 7 -9
leaf_value=-0.0033034613948795658 -0.0033034613948795658 0.0030401266662183593 0.00023849667888970296 0.00023849667888970296 0.00023849667888970296 0.0030401266662183593 0.00023849667888970296 0.0030401266662183593
leaf_weight=0.7836757218465199 8.2870116921258141 1.7208728757686902 74.728614961321 3.663387188804335 1.1236620182171453 1.3163478120695788 2.2209196652984238 5.5343742613913491
leaf_count=111 1815 37 10617 842 92 52 384 371
internal_value=2.92665e-05 8.86593e-05 5.70368e-06 -0.00139735 -0.00296246 0.000238497 0.000238497 0.00116771
internal_weight=99.3789 98.5952 96.8743 13.0741 9.41067 83.8003 82.4839 7.75529
internal_count=14321 14210 14173 2749 1907 11424 11372 755
is_linear=0
shrinkage=0.03


Tree=393
num_leaves=9
num_cat=0
split_feature=6 11 6 2 7 2 7 2
split_gain=0.0219727 0.0272319 0.0330431 0.0447205 0.035928 0.0245071 0.00755706 0.094463
threshold=2.3513513513513518 99.648884050081662 20.489755122438783 95.349881399525614 76.726190476190496 99.698492157765884 94.325955734406449 38.399953599814403
decision_type=2 2 2 2 2 2 2 2
left_child=-1 2 3 4 -2 6 -4 -8
right_child=1 -3 5 -5 -6 -7 7 -9
leaf_value=-0.0032807283304620645 -0.0029792442501500186 0.003043669667583905 0.00021808851496726828 0.00021808851496726828 0.00021808851496726828 0.003043669667583905 0.00021808851496726828 0.003043669667583905
leaf_weight=0.77678140613715996 9.470399903773794 1.7234371323138464 76.410983406822197 1.3914264028426249 1.4308680942049239 0.35781576693989237 1.8719074613181863 5.9113750208634883
leaf_count=111 2009 37 10880 111 402 14 295 462
internal_value=2.63668e-05 8.51166e-05 1.89758e-06 -0.00138965 -0.00228649 0.000218089 0.000218089 0.00112839
internal_weight=99.345 98.5682 96.8448 12.2927 10.9013 84.5521 84.1943 7.78328
internal_count=14321 14210 14173 2522 2411 11651 11637 757
is_linear=0
shrinkage=0.03


Tree=394
num_leaves=9
num_cat=0
split_feature=6 8 11 2 11 7 6 9
split_gain=0.0185653 0.0125326 0.523365 0.157671 0.0208398 0.0129638 0.0038112 0.042759
threshold=1.6861761426978821 98.664529914529936 94.044140634393884 96.080366377917144 99.648884050081662 1.5914786967418548 23.43137254901961 71.516754850088191
decision_type=2 2 2 2 2 2 2 2
left_child=-1 4 3 -3 5 -2 7 -7
right_child=1 2 -4 -5 -6 6 -8 -9
leaf_value=-0.0032059217332102469 -0.0024778527361881096 -2.5924123442919821e-05 0.011479615381191285 0.010343436621190888 0.0025979220442390386 -0.0021143302724723153 -2.5924123442919821e-05 -2.5924123442919821e-05
leaf_weight=0.56006768438964982 1.0241036472725671 6.0402979797217977 2.6539874337613583 1.332338436739519 1.645494466414674 8.6200381584931147 73.615609754575416 3.7498629253823301
leaf_count=54 57 287 31 22 38 1942 11019 871
internal_value=4.20094e-05 9.24197e-05 0.00104627 -2.59241e-05 -2.59241e-05 -0.0001045 -4.80722e-05 -0.000535624
internal_weight=99.2418 98.6817 10.0266 7.37264 88.6551 87.0096 85.9855 12.3699
internal_count=14321 14267 340 309 13927 13889 13832 2813
is_linear=0
shrinkage=0.03


Tree=395
num_leaves=11
num_cat=0
split_feature=9 7 11 11 11 7 11 11 6 7
split_gain=0.0226756 0.0514945 0.0508647 0.017263 0.0157177 0.0140824 0.0369887 0.0266066 0.00850566 0.0359957
threshold=67.769272826681245 25.176056338028172 96.439479911145469 99.648884050081662 99.648884050081662 96.459899749373449 95.259481037924161 57.042282031351213 79.510244877561234 72.967032967032978
decision_type=2 2 2 2 2 2 2 2 2 2
left_child=1 4 5 8 -1 6 -3 -7 -2 -10
right_child=3 2 -4 -5 -6 7 -8 -9 9 -11
leaf_value=-0.0018428043111148261 0.00032597618862127811 -0.0013546735862802282 0.00032597618862127811 0.0034526024687218794 0.00032597618862127811 -0.0013546735862802282 0.00032597618862127811 0.00032597618862127811 0.00032597618862127811 0.0030183514165047403
leaf_weight=25.702560507226746 21.772043837758275 33.734090495621786 5.8527121702209106 0.60017016041092475 0.54216494993306596 0.54608256474602956 2.2293897776398799 2.1324579697102308 1.1997151371324424 4.6911604695487767
leaf_count=2723 4179 6278 266 10 11 115 94 113 211 423
internal_value=-0.000384148 -0.000668459 -3.86397e-05 0.000325976 -0.00169563 -0.000818595 -0.000997177 0.000325976 0.000325976 0.00145297
internal_weight=99.0025 70.7395 44.4947 28.2631 26.2447 38.642 35.9635 2.67854 27.6629 5.89088
internal_count=14423 9600 6866 4823 2734 6600 6372 228 4813 634
is_linear=0
shrinkage=0.03


Tree=396
num_leaves=11
num_cat=0
split_feature=9 7 11 7 11 11 11 11 6 11
split_gain=0.0105779 0.0536157 0.0284289 0.0192205 0.0320753 0.0175797 0.0137256 0.00653219 0.00374167 0.079961
threshold=67.769272826681245 25.176056338028172 96.439479911145469 96.459899749373449 95.259481037924161 99.648884050081662 99.648884050081662 57.042282031351213 79.510244877561234 76.559381389040723
decision_type=2 2 2 2 2 2 2 2 2 2
left_child=1 6 3 4 -3 8 -1 -5 -2 -10
right_child=5 2 -4 7 -6 -7 -8 -9 9 -11
leaf_value=-0.0017572190101526556 0.00011691264757543706 -0.0013243703671970025 0.00011691264757543706 -0.0013243703671970025 0.00011691264757543706 0.0032632889904281935 0.00011691264757543706 0.00011691264757543706 0.00011691264757543706 0.0032632889904281935
leaf_weight=25.701783719996474 21.814623133337619 33.595136189192999 5.8520826954627401 0.5468431432964288 2.240966876037418 0.59958423068746824 0.54110050690360267 2.1294680741848424 3.6440879079746074 2.2794762460980564
leaf_count=2723 4179 6278 266 115 94 10 11 113 532 102
internal_value=-0.000369937 -0.000564235 7.73385e-05 -0.00068912 -0.000963304 0.000116913 -0.00161186 0.000116913 0.000116913 0.000905358
internal_weight=98.9452 70.6074 44.3645 38.5124 35.8361 28.3378 26.2429 2.67631 27.7382 5.92356
internal_count=14423 9600 6866 6600 6372 4823 2734 228 4813 634
is_linear=0
shrinkage=0.03


Tree=397
num_leaves=7
num_cat=0
split_feature=7 11 6 11 9 6
split_gain=0.0147504 0.0369913 0.0422756 0.00782361 0.0272137 0.00671551
threshold=97.847985347985357 46.022270901788978 89.927536231884076 95.259481037924161 69.290123456790141 20.13513513513514
decision_type=2 2 2 2 2 2
left_child=3 -2 -3 4 5 -1
right_child=1 2 -4 -5 -6 -7
leaf_value=-0.0020588789340803566 -0.00045516189019645668 -0.00019013225701720941 0.0056335447508938886 -0.00019013225701720941 -0.00045516189019645668 -0.00098906392130834828
leaf_weight=6.3903995451983056 1.2823404729133461 2.0565322801703592 1.3129250258207319 18.846967871068045 21.430511102371383 47.707671209296677
leaf_count=1517 203 214 19 703 4216 7551
internal_value=-0.000370133 0.00113024 0.00284905 -0.000455162 -0.000614419 -0.00115051
internal_weight=99.0273 4.6518 3.36946 94.3755 75.5286 54.0981
internal_count=14423 436 233 13987 13284 9068
is_linear=0
shrinkage=0.03


Tree=398
num_leaves=7
num_cat=0
split_feature=7 11 6 11 9 6
split_gain=0.0126683 0.0346252 0.039006 0.00702409 0.0264213 0.00652882
threshold=97.847985347985357 46.022270901788978 89.927536231884076 95.259481037924161 69.290123456790141 20.13513513513514
decision_type=2 2 2 2 2 2
left_child=3 -2 -3 4 5 -1
right_child=1 2 -4 -5 -6 -7
leaf_value=-0.0020288390556452481 -0.00044953135550480878 -0.00019978585877719528 0.0053896161997561533 -0.00019978585877719528 -0.00044953135550480878 -0.00097390698382961779
leaf_weight=6.3854456252302034 1.2823447678238142 2.0560603837948297 1.3082895302213726 18.836821772332769 21.436972263560165 47.69917168118991
leaf_count=1517 203 214 19 703 4216 7551
internal_value=-0.00037096 0.00102161 0.00271065 -0.000449531 -0.000600861 -0.00113303
internal_weight=99.0051 4.64669 3.36435 94.3584 75.5216 54.0846
internal_count=14423 436 233 13987 13284 9068
is_linear=0
shrinkage=0.03


Tree=399
num_leaves=9
num_cat=0
split_feature=7 11 6 11 9 9 6 11
split_gain=0.010906 0.0588789 0.0827142 0.0495473 0.038955 0.00915505 0.00333247 0.00273784
threshold=25.176056338028172 95.259481037924161 29.653597259231066 96.439479911145469 6.559139784946237 62.605932203389834 96.352785145888603 99.395769779970152
decision_type=2 2 2 2 2 2 2 2
left_child=4 6 -3 -4 -1 7 -2 -6
right_child=1 2 3 -5 5 -7 -8 -9
leaf_value=-0.0035315569309250072 -0.00054250846153135277 -0.00054250846153135277 -0.00027174261193538296 0.0042781949569340857 -0.0012705908517726074 -0.00054250846153135277 -0.00027174261193538296 -0.00054250846153135277
leaf_weight=3.2581568501191347 52.009983836091124 1.4499579337425519 2.8068859159247932 6.8826403924031183 21.542885923816367 3.8111485319095655 6.4356698533520094 0.79335093172266979
leaf_count=409 10313 100 100 286 2162 601 432 20
internal_value=-0.000365398 -0.000155794 0.00175074 0.00305804 -0.000839967 -0.000542508 -0.000542508 -0.00117011
internal_weight=98.9907 69.5851 11.1395 9.68953 29.4055 26.1474 58.4457 22.3362
internal_count=14423 11231 486 386 3192 2783 10745 2182
is_linear=0
shrinkage=0.03


end of trees

feature_importances:
Column_11=557
Column_2=497
Column_1=442
Column_7=375
Column_10=316
Column_8=270
Column_4=255
Column_6=227
Column_9=207
Column_5=174
Column_3=165
Column_0=58

parameters:
[boosting: gbdt]
[objective: lambdarank]
[metric: ndcg]
[tree_learner: serial]
[device_type: cpu]
[data_sample_strategy: bagging]
[data: ]
[valid: ]
[num_iterations: 400]
[learning_rate: 0.03]
[num_leaves: 15]
[num_threads: 8]
[seed: 0]
[deterministic: 0]
[force_col_wise: 0]
[force_row_wise: 0]
[histogram_pool_size: -1]
[max_depth: -1]
[min_data_in_leaf: 50]
[min_sum_hessian_in_leaf: 0.001]
[bagging_fraction: 0.8]
[pos_bagging_fraction: 1]
[neg_bagging_fraction: 1]
[bagging_freq: 5]
[bagging_seed: 3]
[bagging_by_query: 0]
[feature_fraction: 0.9]
[feature_fraction_bynode: 1]
[feature_fraction_seed: 2]
[extra_trees: 0]
[extra_seed: 6]
[early_stopping_round: 0]
[early_stopping_min_delta: 0]
[first_metric_only: 0]
[max_delta_step: 0]
[lambda_l1: 0]
[lambda_l2: 1]
[linear_lambda: 0]
[min_gain_to_split: 0]
[drop_rate: 0.1]
[max_drop: 50]
[skip_drop: 0.5]
[xgboost_dart_mode: 0]
[uniform_drop: 0]
[drop_seed: 4]
[top_rate: 0.2]
[other_rate: 0.1]
[min_data_per_group: 100]
[max_cat_threshold: 32]
[cat_l2: 10]
[cat_smooth: 10]
[max_cat_to_onehot: 4]
[top_k: 20]
[monotone_constraints: 1,1,1,1,1,1,1,1,1,1,1,1]
[monotone_constraints_method: advanced]
[monotone_penalty: 0]
[feature_contri: ]
[forcedsplits_filename: ]
[refit_decay_rate: 0.9]
[cegb_tradeoff: 1]
[cegb_penalty_split: 0]
[cegb_penalty_feature_lazy: ]
[cegb_penalty_feature_coupled: ]
[path_smooth: 0]
[interaction_constraints: ]
[verbosity: -1]
[saved_feature_importance_type: 0]
[use_quantized_grad: 0]
[num_grad_quant_bins: 4]
[quant_train_renew_leaf: 0]
[stochastic_rounding: 1]
[linear_tree: 0]
[max_bin: 255]
[max_bin_by_feature: ]
[min_data_in_bin: 3]
[bin_construct_sample_cnt: 200000]
[data_random_seed: 1]
[is_enable_sparse: 1]
[enable_bundle: 1]
[use_missing: 1]
[zero_as_missing: 0]
[feature_pre_filter: 1]
[pre_partition: 0]
[two_round: 0]
[header: 0]
[label_column: ]
[weight_column: ]
[group_column: ]
[ignore_column: ]
[categorical_feature: ]
[forcedbins_filename: ]
[precise_float_parser: 0]
[parser_config_file: ]
[objective_seed: 5]
[num_class: 1]
[is_unbalance: 0]
[scale_pos_weight: 1]
[sigmoid: 1]
[boost_from_average: 1]
[reg_sqrt: 0]
[alpha: 0.9]
[fair_c: 1]
[poisson_max_delta_step: 0.7]
[tweedie_variance_power: 1.5]
[lambdarank_truncation_level: 30]
[lambdarank_norm: 1]
[label_gain: 0,1,3,7,15]
[lambdarank_position_bias_regularization: 0]
[eval_at: 10,25,50]
[multi_error_top_k: 1]
[auc_mu_weights: ]
[num_machines: 1]
[local_listen_port: 12400]
[time_out: 120]
[machine_list_filename: ]
[machines: ]
[gpu_platform_id: -1]
[gpu_device_id: -1]
[gpu_use_dp: 0]
[num_gpu: 1]

end of parameters

pandas_categorical:null
