tree
version=v4
num_class=1
num_tree_per_iteration=1
label_index=0
max_feature_idx=11
objective=lambdarank
feature_names=Column_0 Column_1 Column_2 Column_3 Column_4 Column_5 Column_6 Column_7 Column_8 Column_9 Column_10 Column_11
monotone_constraints=1 1 1 1 1 1 1 1 1 1 1 1
feature_infos=[0.2012072434607646:100] [0.2012072434607646:100] none [0.2012072434607646:100] [0.2012072434607646:100] [0.2012072434607646:100] none none none [1.2987012987012987:100] [1.2987012987012987:100] [0.20242914979757085:100]
tree_sizes=1773 1739 1751 1753 1745 1645 1750 1105 1755 1428 1737 1735 1754 1749 1430 1440 1314 1425 1323 1109 1755 1658 1644 1765 1215 1209 1750 1635 1328 1433 1215 1546 1756 1555 1765 1435 1436 1437 1656 1441 1341 1454 1663 1340 1338 1335 1549 1327 1320 1331 1332 1548 1558 1546 1122 1455 1673 1235 1224 1545 1335 1783 1784 1538 1776 1241 1546 1129 1341 1352 1006 1351 1013 1677 1443 1235 1332 1349 1123 1237 793 1120 1347 1245 1018 1457 1565 1239 1348 1222 1123 1127 1020 1124 913 1467 920 1359 916 1246 1017 1227 1123 1109 1122 1124 1033 814 700 806 1353 1241 1355 1350 693 1230 1236 1566 1347 1344 1232 915 1117 696 1332 1246 1578 915 1031 1548 1348 816 1029 1233 1360 1023 1026 909 908 806 802 800 796 918 1029 1376 1148 808 809 704 921 916 1028 1254 1138 798 1025 1131 908 1232 1018 804 1351 1703 1018 916 1023 913 694 699 704 810 905 905 693 698 699 699 810 920 1256 809 1255 916 1024 926 1026 914 926 818 698 701 920 807 707 812 693 586 585 586 805 906 909 1140 1031 592 810 710 709 488 1347 915 1023 1239 1131 1243 918 924 805 916 805 479 804 700 909 919 1035 919 1136 1141 911 921 588 590 812 369 813 805 807 603 1232 1236 911 1352 1451 1247 912 905 799 912 924 823 1600 825 377 817 1252 928 930 820 706 592 701 696 485 596 810 809 911 596 594 597 491 378 377 698 588 700 484 477 596 488 373 374 591 820 821 1039 823 606 1017 804 910 804 687 704 704 707 597 708 588 704 488 704 597 1255 707 591 593 591 1030 1025 813 1146 1034 489 589 488 589 587 372 373 372 373 373 912 697 692 588 371 374

Tree=0
num_leaves=15
num_cat=0
split_feature=11 0 9 1 1 0 10 10 1 9 10 9 10 0
split_gain=1.21193 0.784186 0.225128 0.19772 0.176312 0.244917 0.134587 0.0982142 0.0952465 0.0760927 0.0392687 0.0275083 0.0193207 0.019191
threshold=57.762128325508613 69.184258778477329 4.3797953964194383 28.891165755919857 2.1312300029686315 98.58442726863781 80.455818691112825 52.435192458758841 75.607297403619214 89.181286549707622 12.9451193967323 42.956349206349209 49.302190346966476 81.256364562118151
decision_type=2 2 2 2 2 2 2 2 2 2 2 2 2 2
left_child=10 2 -2 12 -3 7 8 -6 9 -5 -1 -10 -4 -12
right_child=1 4 3 6 5 -7 -8 -9 11 -11 13 -13 -14 -15
leaf_value=-0.005900948123738604 -0.0029084639672406374 -0.0019259284054812863 -0.0029084639672406374 -0.001648545191318618 0.0040715467911394791 0.019515538311087124 0.0071550307636764898 0.0097022669403974936 0.00036374417143691045 0.0040715467911394791 -0.0029084639672406374 0.0040715467911394791 -0.0019259284054812863 -0.0019259284054812863
leaf_weight=3.8912543394835657 2.4576540380949181 1.061003288137736 1.5522879434283847 7.8368810333777201 8.0894309216528182 1.2276171025587235 3.0198880943935356 7.1940120015060538 2.0887729951646188 1.7327626164769752 44.479474439285696 2.8858738888520747 2.8541295122122392 7.9731416371650985
leaf_count=902 111 139 284 1049 1013 86 441 829 250 137 6927 456 398 1202
internal_value=-5.39992e-05 0.00375388 0.000212588 0.00156055 0.00840038 0.00913604 0.00298678 0.00715503 0.00151272 -0.000322522 -0.00290846 0.00407155 -0.00290846 -0.00290846
internal_weight=98.3442 42.0003 24.4283 21.9706 17.5721 16.5111 17.5642 15.2834 14.5443 9.56964 56.3439 4.97465 4.40642 52.4526
internal_count=14224 5193 3126 3015 2067 1928 2333 1842 1892 1186 9031 706 682 8129
is_linear=0
shrinkage=0.03


Tree=1
num_leaves=15
num_cat=0
split_feature=4 11 1 10 11 5 4 4 1 1 9 9 11 9
split_gain=10.8432 2.40159 1.59519 2.01022 1.25078 1.09072 0.638181 0.428806 0.51528 0.292987 0.252848 0.153115 0.192937 0.0328762
threshold=92.532787552948861 78.419412325077218 3.7557311079592313 49.675324675324681 56.040553466587504 95.166158239761174 96.569118605408946 70.795539365223604 8.2231091466833792 7.4108585941880802 5.9262510974539078 34.7524154589372 89.303722710980779 99.350649350649363
decision_type=2 2 2 2 2 2 2 2 2 2 2 2 2 2
left_child=4 9 -3 6 13 -5 -4 10 -9 -2 -6 12 -10 -1
right_child=1 2 3 5 7 -7 -8 8 11 -11 -12 -13 -14 -15
leaf_value=-0.0072050299339578095 -0.0031318688575799011 0.001812351353291979 0.001812351353291979 0.014474092063356312 -0.0070600420703129307 0.029980390063847836 0.012547829710639417 -0.0031318688575799011 -0.0031318688575799011 0.001812351353291979 -0.0031318688575799011 0.001812351353291979 0.001812351353291979 -0.0031318688575799011
leaf_weight=49.174169241217896 2.9109504967927906 3.868574932916089 2.0541548966430154 10.862909111427145 2.1881071205716571 12.528785547241567 4.3255744918715209 5.6211146297864607 7.3501530431676638 9.3592518153600377 40.795639213873073 23.696090538520366 3.1810279982164502 1.2189906728453923
leaf_count=7803 172 109 88 170 165 64 65 212 324 420 3400 923 119 190
internal_value=0.000963249 0.0133745 0.0174178 0.0197263 -0.00338153 0.023668 0.00402492 -0.00108609 0.0011433 0.00181235 -0.00313187 0.00181235 -0.00212214 -0.00706004
internal_weight=179.135 45.9102 33.64 29.7714 133.225 23.3917 6.37973 82.8321 39.8484 12.2702 42.9837 34.2273 10.5312 50.3932
internal_count=14224 1088 496 387 13136 234 153 5143 1578 592 3565 1366 443 7993
is_linear=0
shrinkage=0.03


Tree=2
num_leaves=15
num_cat=0
split_feature=0 11 0 11 1 0 4 0 10 11 10 1 10 1
split_gain=5.64823 2.37769 1.6397 1.1452 0.625136 0.830275 0.432547 0.25469 0.2521 0.209421 0.15927 0.158394 0.132629 0.703316
threshold=98.58442726863781 84.393977732793545 93.541870316063878 80.386069281774823 72.79194702816811 71.979723266706259 98.58442726863781 90.73513662620887 90.976933514246966 77.383406365076439 92.980295566502477 37.386055678738614 55.952380952380956 16.345281680849663
decision_type=2 2 2 2 2 2 2 2 2 2 2 2 2 2
left_child=1 2 4 9 7 8 12 10 -6 -2 11 -1 -3 -14
right_child=3 6 -4 -5 5 -7 -8 -9 -10 -11 -12 -13 13 -15
leaf_value=-0.0094692913254940669 0.0039686397172982125 0.0039686397172982125 0.0039686397172982125 0.020744252331833711 -0.0055945406055634582 0.0039686397172982125 0.011949392421187264 0.00044436866626610012 0.0039686397172982125 0.013376788964562689 -0.001635242186020898 -0.0057304394841893435 0.0039686397172982125 0.0099071983644181578
leaf_weight=26.387634339625947 2.1914470773190291 16.666391927283257 9.9993612529942748 13.163748354651032 16.326810945291086 4.7239998655859372 5.359349542297422 4.0803669785382217 2.1041777447098857 1.6264519975520668 4.9361608404433346 28.969388531404547 9.2630711158271861 22.929458959028125
leaf_count=3352 112 1252 510 98 2636 336 50 249 305 10 521 3942 231 620
internal_value=0.000854621 -0.00102273 -0.00380968 0.0167544 -0.00520652 -0.000927197 0.00396864 -0.00670805 -0.00434181 0.00396864 -0.00719144 -0.00764908 0.00396864 0.00639352
internal_weight=168.728 151.746 97.5279 16.9816 87.5285 23.155 54.2183 64.3736 18.431 3.8179 60.2932 55.357 48.8589 32.1925
internal_count=14224 14004 11851 220 11341 3277 2153 8064 2941 122 7815 7294 2103 851
is_linear=0
shrinkage=0.03


Tree=3
num_leaves=15
num_cat=0
split_feature=11 5 10 1 4 10 4 11 1 4 5 10 10 4
split_gain=5.94412 2.48606 1.76908 2.34464 3.51433 0.72452 1.02992 0.252024 0.189566 0.284599 0.161232 0.116204 0.0413101 0.017243
threshold=56.092604011163765 97.952914948540027 48.435972629521025 12.690274754271391 70.795539365223604 69.716905901116448 86.855396065922406 86.505525085999878 91.120071684587828 98.187309339910442 97.952914948540027 89.897959183673478 88.108798114689719 99.192733789507983
decision_type=2 2 2 2 2 2 2 2 2 2 2 2 2 2
left_child=10 2 8 13 12 6 -6 -7 9 -2 11 -1 -5 -4
right_child=1 -3 3 4 5 7 -8 -9 -10 -11 -12 -13 -14 -15
leaf_value=-0.0088902308289842153 -0.0080259415019966786 0.014681454140886237 -0.005021345465757031 -0.0026550060263896866 -0.0026550060263896866 0.011039351125498876 0.011039351125498876 0.014681454140886237 -0.0026550060263896866 -0.005021345465757031 0.0018813566483872951 -0.005021345465757031 -0.0004045940103408434 0.00057721398976579388
leaf_weight=41.910945049487054 16.875376358046218 17.067798347794451 11.647553482674978 14.011144803836958 4.3330244182143351 8.0991289957892167 10.484529743203892 18.575624410063028 1.4459582064300764 2.6969031677581361 1.0998968420317385 4.9764611476566634 7.7332247770391396 1.4805379346944381
leaf_count=7531 2190 148 480 1435 232 280 187 174 167 29 167 830 356 18
internal_value=0.00073527 0.0044464 0.00252156 0.0046357 0.0070435 0.0120689 0.00612654 0.0146815 -0.00502135 -0.00647979 -0.00802594 -0.00829278 -0.00265501 -0.00502135
internal_weight=162.438 114.451 97.383 76.3648 63.2367 41.4923 14.8176 26.6748 21.0182 19.5723 47.9873 46.8874 21.7444 13.1281
internal_count=14224 5696 5548 3162 2664 873 419 454 2386 2219 8528 8361 1791 498
is_linear=0
shrinkage=0.03


Tree=4
num_leaves=15
num_cat=0
split_feature=11 4 1 5 11 1 1 11 3 5 3 4 1 4
split_gain=8.50296 3.1083 1.18493 0.741518 1.11213 1.13284 0.536389 0.514355 0.376613 0.288673 0.207131 0.197836 0.0788525 0.00543197
threshold=65.168525257921274 70.795539365223604 2.9434805554639314 96.938762760361371 86.102704939313313 72.79194702816811 21.580587674922807 55.177926479319225 89.325266112805878 97.952914948540027 96.173208606477587 95.91835034714849 55.983871299553591 88.294639947865775
decision_type=2 2 2 2 2 2 2 2 2 2 2 2 2 2
left_child=7 -2 9 4 5 8 -6 10 -4 -3 12 -8 13 -1
right_child=1 2 3 -5 6 -7 11 -9 -10 -11 -12 -13 -14 -15
leaf_value=-0.012306167158705816 -0.0031584331403687617 -0.0031584331403687617 -0.0031584331403687617 0.015445591077239524 0.0042040507453360411 0.011089650275172501 0.011089650275172501 -0.0031584331403687617 0.0042040507453360411 0.0046136008451171428 -0.0031584331403687617 0.015445591077239524 -0.0078043911819435739 -0.0078043911819435739
leaf_weight=19.846785826608542 23.594337701215409 2.161919171921908 11.538229088764636 18.487929128808901 9.126193094532935 3.3291123802773646 17.655796310980808 11.924546815687789 2.5061690940056005 3.4830682519823313 2.5547678696457288 8.7104066627798584 20.410414732526988 2.6494379086652762
leaf_count=3709 2625 136 566 130 274 109 427 1565 66 38 332 83 3704 460
internal_value=0.00102922 0.00626635 0.0091578 0.0101983 0.00811053 0.00175215 0.0110897 -0.00810115 -0.0024169 -0.00315843 -0.0095521 0.0132323 -0.0100672 -0.0117006
internal_weight=157.979 100.593 76.9988 71.3538 52.8659 17.3735 35.4924 57.386 14.0444 5.64499 45.4614 26.3662 42.9066 22.4962
internal_count=14224 4454 1829 1655 1525 741 784 9770 632 174 8205 510 7873 4169
is_linear=0
shrinkage=0.03


Tree=5
num_leaves=14
num_cat=0
split_feature=11 4 10 5 11 5 5 4 4 9 9 10 10
split_gain=6.99247 2.41835 1.56057 1.61395 0.876074 0.483603 0.407298 0.297011 0.089603 0.0652297 0.0297946 0.0203194 0.0113307
threshold=65.82171968415814 70.795539365223604 58.271144278606975 97.952914948540027 96.367302052785945 96.938762760361371 98.187309339910442 90.73513662620887 95.560035842293914 90.430402930402948 94.590643274853804 88.2734912146677 91.751700680272123
decision_type=2 2 2 2 2 2 2 2 2 2 2 2 2
left_child=7 6 3 4 10 -4 11 9 -6 12 -3 -2 -1
right_child=1 2 5 -5 8 -7 -8 -9 -10 -11 -12 -13 -14
leaf_value=-0.010029607043636592 -0.005963787526008563 -0.0047852081365118001 0.0082140465447381929 0.010389223082187603 0.0017417505783434547 0.015533141195419896 0.0090468401871434713 -0.0047852081365118001 0.0082140465447381929 -0.005963787526008563 0.00052208526025568326 -0.0024015502285993037 -0.005963787526008563
leaf_weight=40.966082243365236 14.029335259110686 15.128611063235448 36.475361453136429 9.4932215549051744 2.5523729299893594 12.827262082602827 0.90295531367882986 4.4405285570537663 2.0500476916786283 4.9518858605297273 1.7635348368203256 3.2439876175485542 3.7727368116611606
leaf_count=7790 2254 776 663 63 98 95 12 627 32 895 64 305 582
internal_value=0.0001498 0.00489885 0.00712304 0.00176411 -0.00284558 0.0103892 -0.00478521 -0.00842107 0.00786112 -0.0092688 -0.00478521 -0.00596379 -0.00972767
internal_weight=152.598 98.4667 80.2904 30.9878 21.4946 49.3026 18.1763 54.1312 4.60242 49.6907 16.8921 17.2733 44.7388
internal_count=14256 4362 1791 1033 970 758 2571 9894 130 9267 840 2559 8372
is_linear=0
shrinkage=0.03


Tree=6
num_leaves=15
num_cat=0
split_feature=11 1 4 4 11 10 10 5 5 0 5 4 10 1
split_gain=5.12789 2.17577 2.28906 1.76387 0.889237 0.775214 0.672076 0.485374 0.345393 0.303266 0.190506 0.12334 0.0569027 0.0572402
threshold=67.611370872895222 84.088604205880458 92.145007139611877 68.490391722099062 96.165485500162944 58.271144278606975 74.813432835820905 97.952914948540027 94.897937933935609 93.877525520722713 96.938762760361371 94.897937933935609 91.751700680272123 55.983871299553591
decision_type=2 2 2 2 2 2 2 2 2 2 2 2 2 2
left_child=9 2 -2 -3 5 7 -5 -4 -6 11 -7 12 -1 -14
right_child=1 3 4 6 8 10 -8 -9 -10 -11 -12 -13 13 -15
leaf_value=-0.0086154905977881731 -0.0026765753008384579 -0.0022893521550907334 -0.0026765753008384579 0.013705982639358122 0.0075854869380514306 0.0045681670295375457 0.029362688818714403 0.0055427829749387812 0.013705982639358122 -0.0026765753008384579 0.011315598400374677 -0.0026765753008384579 -0.0070444736412679084 -0.0026765753008384579
leaf_weight=44.187377280904911 40.807028405019082 3.7008071017335142 4.6375893261283654 5.1070588767761347 5.3684306467766856 11.637522105826067 4.6684828018769622 5.5851870141923428 6.9857751850504428 3.1188962542801155 7.1890207342803469 0.88288590841693704 2.4959943006979293 2.348419253830798
leaf_count=8667 3024 495 198 105 86 147 42 36 49 440 44 133 409 381
internal_value=0.000122742 0.00425862 0.00233903 0.0149983 0.00722893 0.00410989 0.0211481 -0.00239642 0.013706 -0.00728021 0.00758549 -0.00796743 -0.00823077 -0.00384787
internal_weight=148.72 95.6869 82.2106 13.4763 41.4035 29.0493 9.77554 10.2228 12.3542 53.0336 18.8265 49.9147 49.0318 4.84441
internal_count=14256 4226 3584 642 560 425 147 234 135 10030 191 9590 9457 790
is_linear=0
shrinkage=0.03


Tree=7
num_leaves=9
num_cat=0
split_feature=5 9 4 1 1 9 10 1
split_gain=4.50038 3.73191 2.13291 1.27262 0.572361 0.739179 0.245323 0.0693301
threshold=96.938762760361371 50.324675324675333 70.795539365223604 8.2231091466833792 3.3496058317115813 7.7422577422577428 66.450216450216459 90.030508502641041
decision_type=2 2 2 2 2 2 2 2
left_child=2 4 7 -4 -2 -6 -7 -1
right_child=1 -3 3 -5 5 6 -8 -9
leaf_value=-0.0071771520206052423 -0.0067147218686969146 0.022409719560997719 -0.0067147218686969146 0.00032657556689799156 0.00032657556689799156 0.0029547897828463929 0.014023882478086065 -0.0033301046713997361
leaf_weight=46.64375174313318 2.9003276254516104 12.527317202300763 7.111331511870957 59.044394589727744 3.1700090506346887 3.7579388504382205 4.2642278984421864 7.4933177222264922
leaf_count=8738 62 194 564 3247 52 92 53 1254
internal_value=0.000226303 0.011154 -0.00226394 0.000326576 0.000326576 0.00364494 0.00974086 -0.00671472
internal_weight=146.913 26.6198 120.293 66.1557 14.0925 11.1922 8.02217 54.1371
internal_count=14256 453 13803 3811 259 197 145 9992
is_linear=0
shrinkage=0.03


Tree=8
num_leaves=15
num_cat=0
split_feature=11 4 9 5 10 9 9 4 10 0 4 10 4 9
split_gain=5.90142 1.89496 1.84162 2.32524 1.1132 0.720271 0.506137 0.280812 0.170248 0.128889 0.119168 0.0997708 0.0388727 0.0198781
threshold=65.82171968415814 68.490391722099062 10.072463768115943 96.938762760361371 64.820473644003059 55.863254392666164 79.855072463768138 87.51257545271632 71.535181236673779 55.578185109753342 98.187309339910442 91.751700680272123 83.28275901714737 92.904589371980691
decision_type=2 2 2 2 2 2 2 2 2 2 2 2 2 2
left_child=7 13 8 4 6 -5 10 11 -3 -6 -4 -1 -8 -2
right_child=1 2 3 5 9 -7 12 -9 -10 -11 -12 -13 -14 -15
leaf_value=-0.0093988094767670262 -0.0048264137501575219 -0.0048264137501575219 -0.0048264137501575219 0.0078740304954514583 0.0046301526458820902 0.020928278089128314 -7.1652786341726011e-05 -0.0048264137501575219 0.00036967667473622175 0.0078740304954514583 0.0034023262702668118 -0.0048264137501575219 0.0046301526458820902 -0.00032179685685909128
leaf_weight=40.794325319933705 14.148470018757484 4.6534370434237626 9.3492522615706495 7.7858451525680747 3.9528774744831194 12.60584548814222 1.5523046068847168 7.7798074207967138 5.5480851107276976 26.455971231451258 1.032411401160062 4.3211687868461004 4.7114726689178497 1.0296393443131826
leaf_count=8239 2291 134 697 67 83 73 103 897 86 480 18 758 158 172
internal_value=8.69627e-05 0.00463095 0.00651749 0.00830445 0.00446328 0.0165451 -0.00171561 -0.00782522 -0.00482641 0.00779246 -0.00482641 -0.00888788 0.00463015 -0.00482641
internal_weight=145.721 92.8256 77.6475 67.446 47.0543 20.3917 16.6454 52.8953 10.2015 30.4088 10.3817 45.1155 6.26378 15.1781
internal_count=14256 4362 1899 1679 1539 140 976 9894 220 563 715 8997 261 2463
is_linear=0
shrinkage=0.03


Tree=9
num_leaves=12
num_cat=0
split_feature=4 1 1 4 9 5 1 10 10 3 1
split_gain=4.43164 3.08196 1.89922 1.25912 0.555427 2.1597 0.651576 0.613562 0.0135154 0.0109061 0.0050753
threshold=84.088604205880458 94.55095307917891 84.088604205880458 70.030303277152811 50.324675324675333 94.55095307917891 10.253735527921631 49.675324675324681 33.549783549783555 98.187309339910442 27.26341281669151
decision_type=2 2 2 2 2 2 2 2 2 2 2
left_child=2 4 -1 8 6 -6 -2 -7 -4 -10 -8
right_child=1 -3 3 -5 5 7 10 -9 9 -11 -12
leaf_value=-0.0072335134028079498 -0.0071282873430180277 0.027631028318960166 -0.0072335134028079498 0.0037664215521175971 0.0037664215521175971 0.0049362560147054417 0.00086380169916300167 0.019246750463445712 -0.0044531268004551422 0.00021107628944226698 0.0037664215521175971
leaf_weight=60.146596678066999 8.7345365843502822 4.3352135058958075 2.9736930431099626 5.4536953249480566 15.770323521457614 4.5211742309620631 6.2543313078349518 11.647382640279828 7.4912298379931599 0.38343528972472984 16.322284517344087
leaf_count=9827 366 49 579 158 783 84 323 120 1384 30 553
internal_value=0.000125079 0.00567775 -0.00479375 0.00376642 0.00376642 0.00771696 0.00376642 0.0157657 -0.00608284 -0.00422782 0.00376642
internal_weight=144.034 67.5852 76.4487 16.3021 63.25 31.9389 31.3112 16.1686 10.8484 7.87467 22.5766
internal_count=14256 2278 11978 2151 2229 987 1242 204 1993 1414 876
is_linear=0
shrinkage=0.03


Tree=10
num_leaves=15
num_cat=0
split_feature=5 11 1 1 4 4 4 9 11 1 9 4 1 1
split_gain=5.48682 2.60745 1.82136 0.865246 0.791334 0.463912 0.357673 0.343394 1.61706 0.721166 0.13409 0.121842 0.0687421 0.0159397
threshold=97.952914948540027 55.177926479319225 94.159107873044732 8.6292344229310292 70.795539365223604 62.055182977314139 99.192733789507983 50.324675324675333 77.383406365076439 29.705042225534033 50.324675324675333 98.58442726863781 79.251081825334396 74.41639455109177
decision_type=2 2 2 2 2 2 2 2 2 2 2 2 2 2
left_child=1 13 3 6 -5 -4 -3 9 -9 -2 11 -6 -12 -1
right_child=7 2 5 4 10 -7 -8 8 -10 -11 12 -13 -14 -15
leaf_value=-0.0097346016736141652 0.002282503090383978 -0.0089983638088625643 -0.0037507309263678126 -0.0049953692645161706 -0.00098123098561494039 0.013108321613978091 0.002282503090383978 0.013108321613978091 0.028712155311024105 0.013108321613978091 0.002282503090383978 0.002282503090383978 0.0084226811393421884 -0.0064297616035847872
leaf_weight=28.674753219354898 4.9815710647963005 7.3895618758397159 1.3751078300410871 17.491933796554804 22.219023558776829 3.4242038463708013 1.5773348562652243 4.9558169685769808 7.6580859385430813 4.62607952428516 19.663517921464525 2.2978814323432735 4.118278211914002 11.008881987538187
leaf_count=5899 100 571 249 3258 878 55 24 93 38 80 737 31 78 2193
internal_value=-0.000243817 -0.00282043 0.000334619 -0.00094195 0.000301695 0.0131083 -0.00899836 0.0131083 0.0190516 0.0131083 0.0022825 0.0022825 0.00453638 -0.00899836
internal_weight=141.462 119.24 79.5568 74.7575 65.7906 4.79931 8.9669 22.2216 12.6139 9.60765 48.2987 24.5169 23.7818 39.6836
internal_count=14284 13973 5881 5577 4982 304 595 311 131 180 1724 909 815 8092
is_linear=0
shrinkage=0.03


Tree=11
num_leaves=15
num_cat=0
split_feature=5 11 1 10 1 4 9 3 4 9 11 9 1 11
split_gain=4.57011 2.5167 2.02087 1.93646 1.29393 0.927591 1.05075 0.571027 0.527016 0.327345 1.7223 0.139726 0.0860663 0.0250845
threshold=97.952914948540027 65.82171968415814 90.355452386449869 64.820473644003059 4.1618563842068808 70.795539365223604 18.274582560296853 87.906530936012715 69.662949484157465 50.324675324675333 77.024324678730679 34.7524154589372 3.7557311079592313 54.577941432155193
decision_type=2 2 2 2 2 2 2 2 2 2 2 2 2 2
left_child=1 13 3 -3 -5 -6 -7 11 -4 12 -11 -8 -2 -1
right_child=9 2 8 4 5 6 7 -9 -10 10 -12 -13 -14 -15
leaf_value=-0.008568889372558763 -0.0045816418138599361 -0.0070204635590195609 -0.0034265973329613178 -0.0070204635590195609 -0.0069911662422157501 -0.0039538710198535843 -0.00020395405893388257 0.01182473673465408 0.01182473673465408 0.01182473673465408 0.027285374160286053 0.0065864216950250985 0.01182473673465408 -0.0070204635590195609
leaf_weight=37.047445899166632 2.526315772440304 24.945080798235722 1.9875251748599101 2.0266813406487918 3.9565480819437644 5.615964982192966 3.2704858606448459 7.6419031191617242 5.9990832405164838 5.4129030320327711 7.8872284814715385 13.813899045577271 7.6998369903303683 10.458996520785147
leaf_count=7702 52 2492 350 97 722 108 65 72 76 92 39 266 128 2023
internal_value=4.39112e-05 -0.00241002 0.00124357 -0.000736073 0.00365195 0.00542249 0.00721261 0.0098039 0.0118247 0.0118247 0.0173365 0.00534713 0.0118247 -0.00765223
internal_weight=140.29 116.764 69.2572 61.2706 36.3255 34.2988 30.3423 24.7263 7.98661 23.5263 13.3001 17.0844 10.2262 47.5064
internal_count=14284 13973 4248 3822 1330 1233 511 403 426 311 131 331 180 9725
is_linear=0
shrinkage=0.03


Tree=12
num_leaves=15
num_cat=0
split_feature=5 11 1 10 1 4 9 3 11 10 4 9 4 1
split_gain=4.72925 2.84523 1.8937 1.79868 0.873293 0.776417 0.613799 0.697279 0.847603 0.755749 0.577908 0.337963 0.113476 0.0168425
threshold=97.952914948540027 65.82171968415814 90.355452386449869 57.294832826747729 8.6292344229310292 70.795539365223604 18.274582560296853 87.906530936012715 85.065575105897707 82.555780933062891 69.662949484157465 50.324675324675333 98.884083187650518 76.012162339365346
decision_type=2 2 2 2 2 2 2 2 2 2 2 2 2 2
left_child=1 -1 3 -3 12 13 -7 8 9 -8 -4 -2 -5 -6
right_child=11 2 10 4 5 6 7 -9 -10 -11 -12 -13 -14 -15
leaf_value=-0.0080193242420713278 0.011882668859997995 -0.0077750634480596775 -0.0037008051188954765 -0.0077750634480596775 -0.0073260030244178083 -0.0023452177960307801 -0.0023452177960307801 0.011882668859997995 0.0092407137380943905 0.0092407137380943905 0.011882668859997995 0.017318413560692636 -0.0023452177960307801 -0.0037008051188954765
leaf_weight=47.130471812793985 10.184156328672545 19.273463408346288 1.952875925344413 3.2364636264974243 3.4456880069337776 5.4230805324623388 3.3769786256598371 7.1354891622904679 11.109451618045567 3.7154382411390543 6.3088838804978877 14.072911493945865 1.1080714175477622 0.94250112504232664
leaf_count=9725 180 2271 350 210 652 116 103 68 153 75 76 131 18 156
internal_value=0.000127368 -0.00245195 0.00152304 -0.000488117 0.00317225 0.00478129 0.00646718 0.00837077 0.00433603 -0.00234522 0.0118827 0.0118827 -0.00777506 -0.00604349
internal_weight=138.416 114.159 67.0284 58.7666 39.4932 35.1486 30.7604 25.3374 18.2019 7.09242 8.26176 24.2571 4.34454 4.38819
internal_count=14284 13973 4248 3822 1551 1323 515 399 331 178 426 311 228 808
is_linear=0
shrinkage=0.03


Tree=13
num_leaves=15
num_cat=0
split_feature=4 1 9 0 11 0 10 4 10 1 11 10 11 1
split_gain=4.66571 5.18158 1.25391 1.92637 0.917872 0.742409 0.446548 0.4257 0.362503 0.25331 0.085239 0.0449895 0.0420418 0.034073
threshold=69.662949484157465 94.897937933935609 50.324675324675333 95.166158239761174 90.173991752992066 99.798183447377014 46.998799519807925 90.030508502641041 64.820473644003059 12.690274754271391 52.098209795836269 39.250700280112049 77.024324678730679 91.77689085331663
decision_type=2 2 2 2 2 2 2 2 2 2 2 2 2 2
left_child=10 2 5 4 -4 8 11 -8 13 -10 -1 -6 -5 -2
right_child=1 -3 3 12 6 -7 7 -9 9 -11 -12 -13 -14 -15
leaf_value=-0.008919520646199771 -0.0068031892448461471 0.029194619003360473 -0.0017064380188608189 0.012350537188288527 -0.0017064380188608189 0.012350537188288527 0.001506756117801451 0.012350537188288527 -0.0068031892448461471 -0.0017064380188608189 -0.0068031892448461471 0.001506756117801451 0.016126521470515114 -0.0017064380188608189
leaf_weight=26.618484676582739 12.987273597274896 6.0246869993861756 13.655750348465519 7.4359432898927507 1.3269892539829 1.9456270524533454 3.7145360363647342 3.4498275169171393 4.8370796593371805 17.223522391985171 23.789776854100637 0.77337158401496697 12.351987325469961 0.4744525561109193
leaf_count=5419 1418 83 1402 163 96 21 90 54 236 576 4529 53 124 20
internal_value=0.000250418 0.00447474 0.00228045 0.00573716 -0.000249994 -0.00170644 0.00755126 0.0108369 -0.00283486 -0.00170644 -0.00691994 -0.00170644 0.0123505 -0.00680319
internal_weight=136.609 86.201 80.1764 42.7084 22.9205 37.468 9.26472 7.16436 35.5223 22.0606 50.4083 2.10036 19.7879 13.4617
internal_count=14284 4336 4253 1982 1695 2271 293 144 2250 812 9948 149 287 1438
is_linear=0
shrinkage=0.03


Tree=14
num_leaves=12
num_cat=0
split_feature=4 1 10 9 3 4 11 5 9 5 11
split_gain=4.36966 5.98008 1.3633 1.09784 0.862133 1.08885 0.626188 0.417456 0.240489 0.151262 0.0376221
threshold=69.662949484157465 91.454721573692339 64.820473644003059 18.274582560296853 87.906530936012715 98.884083187650518 85.065575105897707 93.877525520722713 41.444372153545878 98.187309339910442 54.974870538953766
decision_type=2 2 2 2 2 2 2 2 2 2 2
left_child=9 2 7 -4 5 6 -5 -2 -3 10 -1
right_child=1 8 3 4 -6 -7 -8 -9 -10 -11 -12
leaf_value=-0.0084692809003097044 -0.0067411340373473797 0.012620790370707883 -0.0034778166722387268 -0.0034778166722387268 0.012121558690360778 0.012121558690360778 0.0047606920818598127 -0.0034778166722387268 0.028954055998713139 -0.0034778166722387268 -0.0067411340373473797
leaf_weight=29.275621125358157 16.080298727960336 3.7239915484096837 7.0342426738934583 9.2242995592532733 14.683298290241508 2.9210000662133089 10.775939153973011 14.982086926698683 6.585014026844874 1.4598549520596851 18.947614498902112
leaf_count=6184 2370 64 286 669 234 36 196 395 86 41 3723
internal_value=0.000263162 0.00434011 0.00128286 0.00459924 0.00667274 0.00282143 -0.000214737 -0.00347782 0.0246916 -0.00674113 -0.00721633
internal_weight=135.693 86.0102 75.7012 44.6388 37.6045 22.9212 20.0002 31.0624 10.309 49.6831 48.2232
internal_count=14284 4336 4186 1421 1135 901 865 2765 150 9948 9907
is_linear=0
shrinkage=0.03


Tree=15
num_leaves=12
num_cat=0
split_feature=4 1 9 5 5 11 1 11 4 11 5
split_gain=6.70706 2.18764 1.77708 3.59052 0.892756 0.892084 0.815347 0.588703 0.298607 0.199215 0.0828663
threshold=84.088604205880458 94.897937933935609 50.324675324675333 94.159107873044732 98.187309339910442 77.024324678730679 83.28275901714737 66.362043892120582 98.884083187650518 96.764405185457846 99.590582989708011
decision_type=2 2 2 2 2 2 2 2 2 2 2
left_child=4 2 10 8 6 -5 9 -8 -4 -1 -2
right_child=1 -3 3 5 -6 -7 7 -9 -10 -11 -12
leaf_value=-0.0088310502080542717 -0.00043029405697678495 0.023242170474447849 -0.00043029405697678495 0.0089252000737213861 -0.00043029405697678495 0.023242170474447849 -0.0080982246038428084 -0.00043029405697678495 0.0089252000737213861 -0.00043029405697678495 0.0044080111850307675
leaf_weight=51.210674968198873 23.193347561522415 6.2712093133013687 13.202090777805997 7.8647515457123545 3.234889608109369 10.883739280514417 8.0143613951513526 6.4613536502001798 1.03030809550546 2.0816447755787513 2.1938208078499875
leaf_count=9380 1228 49 749 145 66 80 1620 601 20 223 31
internal_value=0.000670371 0.00760169 0.00555805 0.0100446 -0.00565766 0.0183431 -0.00677832 -0.000430294 -0.000430294 -0.00846528 -0.000430294
internal_weight=135.642 64.6393 58.3681 32.9809 71.0029 18.7485 67.768 14.4757 14.2324 53.2923 25.3872
internal_count=14192 2302 2253 994 11890 225 11824 2221 769 9603 1259
is_linear=0
shrinkage=0.03


Tree=16
num_leaves=11
num_cat=0
split_feature=4 1 5 9 1 11 5 11 5 11
split_gain=5.95081 3.01036 2.17221 3.52027 1.03975 0.774096 0.285157 0.202695 0.180711 0.172252
threshold=70.795539365223604 91.454721573692339 93.877525520722713 50.324675324675333 13.096386635002311 37.411253215911351 98.187309339910442 96.165485500162944 78.036487018095997 65.82171968415814
decision_type=2 2 2 2 2 2 2 2 2 2
left_child=6 2 4 7 -2 -5 -1 -4 -3 -6
right_child=1 8 3 5 9 -7 -8 -9 -10 -11
leaf_value=-0.0080111455443164347 -0.00748693495889401 0.010656139037284433 -0.0014644677139875057 0.003760331971726795 -0.00748693495889401 0.018997570096347918 -0.0014644677139875057 0.0067771729895349745 0.022909119450607716 -0.0014644677139875057
leaf_weight=47.520314255147241 7.0380121804773799 4.811378561658783 8.7631071701180137 4.3217649321304696 7.0994037322234353 16.340153454686515 1.6793117788620282 3.1324291068594912 6.7957709722686559 26.814369371742941
leaf_count=9958 796 84 338 104 1525 171 42 50 70 1054
internal_value=0.000728536 0.0055091 0.00313925 0.00880102 -0.00146447 0.0161312 -0.00748693 -0.00146447 0.0190782 -0.00146447
internal_weight=134.316 85.1164 73.5092 32.5575 40.9518 20.6619 49.1996 11.8955 11.6071 33.9138
internal_count=14192 4192 4038 663 3375 275 10000 388 154 2579
is_linear=0
shrinkage=0.03


Tree=17
num_leaves=12
num_cat=0
split_feature=4 1 10 0 0 1 10 0 11 0 1
split_gain=5.84657 2.55233 2.09425 1.75922 0.93893 0.897339 0.757415 0.548084 0.544744 0.424893 0.187491
threshold=70.795539365223604 91.454721573692339 64.820473644003059 87.119650417844511 96.569118605408946 27.670351051498596 69.716905901116448 96.569118605408946 70.306044248967098 58.426888918566995 2.5373552792162819
decision_type=2 2 2 2 2 2 2 2 2 2 2
left_child=7 2 4 5 -2 -4 -3 -1 -7 -10 -5
right_child=1 6 3 10 -6 8 -8 -9 9 -11 -12
leaf_value=-0.007856870740654982 -0.0073098089844751551 0.011947058519482797 -0.0073098089844751551 0.0035140958564441474 0.0035140958564441474 -0.0073098089844751551 0.027569409532815673 0.0035140958564441474 -0.0019302903841556826 0.010760158620519497 0.011947058519482797
leaf_weight=47.922115984256379 16.701405892032202 7.7817900062073004 5.4349315112922367 2.9821218556026023 11.344305471284313 1.3732655121711967 4.2614906704984605 0.75442778202704985 2.9997217203490418 6.9611439928412437 24.371260919724591
leaf_count=9971 2433 108 355 68 251 257 46 29 53 127 494
internal_value=0.000877385 0.00564006 0.00338036 0.00739142 -0.0029672 -0.000293792 0.0178838 -0.00730981 0.00455292 0.00711098 0.0119471
internal_weight=132.888 84.2114 72.1682 44.1224 28.0457 16.7691 12.0433 48.6765 11.3341 9.96087 27.3534
internal_count=14192 4192 4038 1354 2684 792 154 10000 437 180 562
is_linear=0
shrinkage=0.03


Tree=18
num_leaves=11
num_cat=0
split_feature=4 1 0 9 5 11 0 0 11 11
split_gain=5.18137 2.38266 1.55686 2.29051 0.79263 0.792043 0.289974 0.137229 0.12257 0.0713371
threshold=70.795539365223604 92.145007139611877 95.91835034714849 50.324675324675333 96.938762760361371 65.82171968415814 96.569118605408946 93.541870316063878 78.419412325077218 82.877480126141521
decision_type=2 2 2 2 2 2 2 2 2 2
left_child=6 2 5 -4 -5 7 9 -2 -6 -1
right_child=1 -3 3 4 8 -7 -8 -9 -10 -11
leaf_value=-0.0080066953020783913 -0.0074833229243771397 0.016892100565284989 -0.00071816576830529167 0.0026048697004013252 0.01011708525186733 -0.00071816576830529167 -0.00071816576830529167 -0.00071816576830529167 0.016892100565284989 -0.0037559281868999603
leaf_weight=40.492702919000294 8.8915776289068109 12.330613386351613 9.6238600276410597 4.8133414926705909 7.63571161450818 31.910546633880585 0.78120522201061149 1.2850661012344069 7.4906601496040821 6.8337443616474038
leaf_count=8686 1896 143 301 106 87 1479 29 138 42 1285
internal_value=0.00074362 0.00522124 0.0030079 0.00816233 0.0138962 -0.000718166 -0.0070201 -0.0070201 0.0168921 -0.00748332
internal_weight=132.089 83.9814 71.6508 29.5636 19.9397 42.0872 48.1077 10.1766 15.1264 47.3264
internal_count=14192 4192 4049 536 235 3513 10000 2034 129 9971
is_linear=0
shrinkage=0.03


Tree=19
num_leaves=9
num_cat=0
split_feature=5 9 4 1 1 10 1 9
split_gain=4.73714 2.88878 1.68595 0.823995 1.1301 0.623215 0.59152 0.0700809
threshold=96.173208606477587 50.324675324675333 70.795539365223604 92.145007139611877 92.145007139611877 74.813432835820905 8.2231091466833792 82.725464190981441
decision_type=2 2 2 2 2 2 2 2
left_child=2 3 -1 -2 6 -3 -4 -8
right_child=1 5 4 -5 -6 -7 7 -9
leaf_value=-0.0070693551233715355 -0.00087317759361787615 0.012532832234835544 -0.0070693551233715355 0.012532832234835544 0.011366050362488238 0.023430919154372065 -0.00087317759361787615 0.0040638684224806572
leaf_weight=45.815523341414519 9.4131370976101554 11.182445492129775 5.4254015315091229 3.1306122771929958 7.7164031815482295 8.9756588403834012 30.943032472860068 8.5732690045842883
leaf_count=9893 281 155 558 31 109 75 2549 541
internal_value=0.000750528 0.0104662 -0.00254869 -0.000873178 -0.000873178 0.01723 -0.000873178 -0.000873178
internal_weight=131.175 32.7019 98.4736 12.5437 52.6581 20.1581 44.9417 39.5163
internal_count=14192 542 13650 312 3757 230 3648 3090
is_linear=0
shrinkage=0.03


Tree=20
num_leaves=15
num_cat=0
split_feature=0 11 1 1 9 10 9 5 11 1 10 1 1 10
split_gain=2.86188 3.03898 1.20355 0.867994 0.759929 1.4391 0.469055 0.403321 0.32243 0.242713 0.365704 0.199935 0.176202 0.188023
threshold=95.91835034714849 85.437960443353035 87.906530936012715 97.180258973194029 50.324675324675333 75.162337662337677 95.87365591397851 98.187309339910442 55.177926479319225 97.578201368523963 55.952380952380956 92.145007139611877 86.091389603535859 91.11062335381915
decision_type=2 2 2 2 2 2 2 2 2 2 2 2 2 2
left_child=1 6 4 10 -2 7 8 -6 -1 -8 11 -3 13 -10
right_child=2 3 -4 -5 5 -7 9 -9 12 -11 -12 -13 -14 -15
leaf_value=-0.0086337115860444635 0.0034586715099537389 -0.00099374978849391528 0.021002749861658496 0.020412120939222754 0.0034586715099537389 0.019166638901109305 -0.00099374978849391528 0.010491300004272244 -0.006467869459848583 0.013090748139221963 0.0034586715099537389 0.0034586715099537389 -0.00099374978849391528 -0.00099374978849391528
leaf_weight=36.712078266951721 9.7583978882757965 7.3371791752288313 4.1700551488902411 2.1346647816244504 5.037691112142058 7.3678637475240967 3.4754314607707775 6.7805417291820049 17.488855152972992 0.53334612422622729 17.967446344555356 1.2785741752013562 4.8857631114078677 2.3639823951525605
leaf_count=7446 325 1027 29 66 105 73 592 61 2907 23 733 51 419 228
internal_value=2.3233e-05 -0.00264912 0.00747823 0.00536332 0.00536332 0.00958466 -0.00619208 0.00345867 -0.00683976 0.00311956 0.00345867 -0.00099375 -0.00394552 -0.00528403
internal_weight=127.292 94.1773 33.1145 28.7179 28.9445 19.1861 65.4595 11.8182 61.4507 4.00878 26.5832 8.61575 24.7386 19.8528
internal_count=14085 13492 593 1877 564 239 11615 166 11000 615 1811 1078 3554 3135
is_linear=0
shrinkage=0.03


Tree=21
num_leaves=14
num_cat=0
split_feature=5 11 9 10 1 1 10 1 9 10 10 9 11
split_gain=2.8419 2.96397 0.901244 0.741291 0.33004 0.313174 0.336023 0.671008 0.176784 0.134132 0.100174 0.052236 0.00581675
threshold=96.938762760361371 85.437960443353035 50.324675324675333 75.162337662337677 8.2231091466833792 13.908610396464148 70.181009844395064 87.51257545271632 86.715686274509821 14.087301587301589 49.675324675324681 83.225108225108244 82.877480126141521
decision_type=2 2 2 2 2 2 2 2 2 2 2 2 2
left_child=1 5 -2 -4 10 -1 8 -8 12 -6 -3 -11 -7
right_child=2 4 3 -5 9 6 7 -9 -10 11 -12 -13 -14
leaf_value=-0.011821119566248553 0.004909824859906352 -0.009179405539697141 0.0069377876026927498 0.019959696010279245 -0.0033395795846256427 -0.0082881677794434862 -0.0044307409755597257 0.004909824859906352 -0.0044307409755597257 0.004909824859906352 1.1707974170961863e-05 0.0069377876026927498 -0.0044307409755597257
leaf_weight=7.3090407714480525 11.432756700203756 0.73961965541821006 11.558226270950401 6.8158586544450364 1.6718293500598687 30.519650625996302 16.064001825405288 3.752968252869322 5.8293520238948977 21.199171085259884 2.7546533449785784 5.705998533521778 1.0535594698740158
leaf_count=1336 257 117 134 58 196 6295 2429 412 1061 1215 183 224 168
internal_value=6.31854e-05 -0.00244475 0.00800658 0.0125492 0.00490982 -0.00611918 -0.0052003 -0.00354334 -0.00705962 0.00490982 -0.00354334 0.00490982 -0.00812331
internal_weight=126.407 96.5998 29.8068 18.3741 32.0713 64.5286 57.2195 19.817 37.4026 28.577 3.49427 26.9052 31.5732
internal_count=14085 13636 449 192 1935 11701 10365 2841 7524 1635 300 1439 6463
is_linear=0
shrinkage=0.03


Tree=22
num_leaves=14
num_cat=0
split_feature=4 1 10 3 0 11 1 11 0 10 1 1 11
split_gain=2.95275 2.44565 1.58453 1.09725 0.756342 0.636542 0.278473 0.214249 0.118352 0.0488153 0.054351 0.0175051 0.0258286
threshold=69.662949484157465 96.938762760361371 57.294832826747729 88.294639947865775 98.884083187650518 65.82171968415814 12.690274754271391 88.922445966119326 98.58442726863781 91.11062335381915 92.145007139611877 99.590582989708011 54.974870538953766
decision_type=2 2 2 2 2 2 2 2 2 2 2 2 2
left_child=9 2 4 7 10 8 -7 -4 -5 11 -2 12 -1
right_child=1 -3 3 5 -6 6 -8 -9 -10 -11 -12 -13 -14
leaf_value=-0.0076760067439818284 -0.0061515971543050808 0.02113615644917511 0.001049565316275729 0.001049565316275729 0.001049565316275729 0.0057133070951912905 0.015714568291320861 0.0047952165080029545 0.0057133070951912905 -0.0020567730488224348 -0.0011539295610506325 -0.0020567730488224348 -0.0061515971543050808
leaf_weight=25.377791508450173 18.163144627702451 5.6043535200878969 12.950901036732835 3.5578597987769234 5.8881794615881509 5.2568348948843804 10.863669847138224 12.822291360702364 1.6508555551990864 4.1617994143161914 2.7649196174461386 0.2792505668476214 16.207607726217248
leaf_count=5545 2356 56 1131 157 87 62 112 262 22 839 49 61 3346
internal_value=0.000141073 0.00362822 0.00203641 0.00531012 -0.00369802 0.0101808 0.0129774 0.00104957 0.00104957 -0.00583295 -0.00583295 -0.0061516 -0.00622173
internal_weight=125.549 79.523 73.9187 47.1024 26.8162 21.3292 16.1205 25.7732 5.20872 46.0264 20.9281 41.8646 41.5854
internal_count=14085 4294 4238 1746 2492 353 174 1393 179 9791 2405 8952 8891
is_linear=0
shrinkage=0.03


Tree=23
num_leaves=15
num_cat=0
split_feature=4 1 9 3 11 1 9 11 11 9 0 11 11 5
split_gain=3.01203 2.55625 0.882297 1.90371 0.609447 0.467322 0.376696 0.281396 0.518555 0.262183 0.352564 0.103727 0.0415363 0.0407853
threshold=69.662949484157465 92.145007139611877 55.863254392666164 93.541870316063878 65.82171968415814 3.3496058317115813 41.444372153545878 79.119732475108137 96.165485500162944 18.854252119223414 62.793032071425017 83.685784059193892 54.974870538953766 93.877525520722713
decision_type=2 2 2 2 2 2 2 2 2 2 2 2 2 2
left_child=12 2 5 7 -5 -2 -3 -4 9 -7 -11 -12 -1 -9
right_child=1 6 3 4 -6 8 -8 13 -10 10 11 -13 -14 -15
leaf_value=-0.0074396562735518576 -0.0058628321200772278 0.0066600391316919416 -0.00079123236394427836 0.003875957415527397 0.015859883230092808 -0.0058628321200772278 0.019769796590857897 0.0032230396751930434 0.0032230396751930434 -0.0058628321200772278 -0.00079123236394427836 0.0032230396751930434 -0.0058628321200772278 0.003875957415527397
leaf_weight=27.859474779630546 3.2216066907858467 4.410709922318345 7.0658673100406331 5.0819669101620075 7.3707107498776168 8.2113611128879764 7.6748225311748683 9.9917382161365769 4.5602418159833169 2.1309464025544029 8.6602597753517312 6.1001080237328997 17.767224751063623 4.7633122240658858
leaf_count=6114 198 59 1022 122 67 666 85 476 112 283 953 203 3677 48
internal_value=0.000202803 0.0037248 0.00134036 0.00464579 0.0135237 -0.00214013 0.0158599 -0.000791232 -0.000791232 -0.00254855 -0.000791232 -0.000791232 -0.00586283 0.00322304
internal_weight=124.87 79.2437 67.1581 34.2736 12.4527 32.8845 12.0855 21.8209 29.6629 25.1027 16.8913 14.7604 45.6267 14.7551
internal_count=14085 4294 4150 1735 189 2415 144 1546 2217 2105 1439 1156 9791 524
is_linear=0
shrinkage=0.03


Tree=24
num_leaves=10
num_cat=0
split_feature=4 1 10 0 10 4 0 0 10
split_gain=2.80788 2.39253 1.08641 0.940833 0.828952 0.787293 0.38997 0.0585729 0.0150782
threshold=69.662949484157465 92.145007139611877 64.820473644003059 98.884083187650518 70.777988614800776 89.707355816226809 40.624961892567534 89.325266112805878 36.451048951048953
decision_type=2 2 2 2 2 2 2 2 2
left_child=8 2 3 -2 5 -3 -4 -8 -1
right_child=1 4 6 -5 -6 -7 7 -9 -10
leaf_value=-0.0073649757379217057 -0.0056392233164931412 0.0043376489364023284 -0.0056392233164931412 0.0043376489364023284 0.024318467857694755 0.016941840229186839 0.0018109463209804893 0.0043376489364023284 -0.0056392233164931412
leaf_weight=14.234343065181745 20.035820921417329 3.869372763088899 2.1843271300895131 6.3063164200866586 4.6076573552563795 4.2277127499692142 13.840438308310693 24.134993212181143 30.949261937523261
leaf_count=3156 2629 64 107 95 44 36 827 492 6635
internal_value=0.000255589 0.00364668 0.00127447 -0.00338332 0.0150648 0.00770455 0.00433765 0.00433765 -0.00563922
internal_weight=124.39 79.2066 66.5019 26.3421 12.7047 8.09709 40.1598 37.9754 45.1836
internal_count=14085 4294 4150 2724 144 100 1426 1319 9791
is_linear=0
shrinkage=0.03


Tree=25
num_leaves=10
num_cat=0
split_feature=5 11 1 1 9 1 5 11 11
split_gain=3.92537 1.81328 1.4291 0.904917 1.25694 0.382067 0.412774 0.224114 0.0432096
threshold=96.938762760361371 66.362043892120582 90.73513662620887 88.934013919583094 38.585607940446657 13.096386635002311 92.857113107509832 85.065575105897707 87.51257545271632
decision_type=2 2 2 2 2 2 2 2 2
left_child=1 -1 5 -2 8 6 -3 -6 -4
right_child=3 2 4 -5 7 -7 -8 -9 -10
leaf_value=-0.0064646619511383764 0.006976977486332585 -0.0064646619511383764 -0.00057845041781780433 0.020028450556968211 0.0045404696790294005 -0.00057845041781780433 -0.00057845041781780433 0.020028450556968211 0.0054397110503787869
leaf_weight=45.668403175310232 24.55005270394032 5.2741277291206625 0.76020733627956305 5.7708737449720493 1.515900424448773 35.741488906089216 2.9399423215072602 3.8146694584283978 1.518533961381763
leaf_count=9731 403 629 88 54 133 3060 94 104 62
internal_value=0.000778388 -0.00217652 0.001672 0.0100212 0.0100212 -0.00057845 -0.00646466 0.0200285 -0.00057845
internal_weight=127.554 97.2333 51.5649 30.3209 7.60931 43.9556 8.21407 5.33057 2.27874
internal_count=14358 13901 4170 457 387 3783 723 237 150
is_linear=0
shrinkage=0.03


Tree=26
num_leaves=15
num_cat=0
split_feature=4 0 11 3 11 10 0 9 4 3 9 10 9 4
split_gain=3.84794 1.0263 1.24402 0.688843 0.378658 0.247036 0.134315 0.14141 0.173452 0.216798 0.0447837 0.037351 0.0157957 0.0124188
threshold=84.088604205880458 98.187309339910442 65.82171968415814 96.569118605408946 65.82171968415814 43.308457711442792 37.79132791327914 9.7630718954248383 90.355452386449869 88.606295431589771 99.350649350649363 70.181009844395064 89.927536231884076 90.355452386449869
decision_type=2 2 2 2 2 2 2 2 2 2 2 2 2 2
left_child=4 2 11 6 5 10 -4 -8 -9 -10 -1 -2 -3 -13
right_child=1 12 3 -5 -6 -7 7 8 9 -11 -12 13 -14 -15
leaf_value=-0.0093463728795594465 -0.0041635746507136927 0.011570535123601533 -0.001177122311607062 0.011570535123601533 -0.001177122311607062 -0.0041635746507136927 -0.001177122311607062 0.00088531980124724647 0.0037229872156074417 0.011165704422202105 -0.0041635746507136927 -0.0041635746507136927 0.016835176750346046 -0.001177122311607062
leaf_weight=14.747640625166238 5.5847363573266176 15.888618699391374 1.3777352909091956 3.3313088270369908 25.060607321211137 27.085360836994369 2.2368102228501838 6.8875195969594669 11.439460962079467 5.5112219320144495 0.33934255409985858 0.83739948621951121 4.3431604552315539 2.2441086750477552
leaf_count=3315 765 211 54 39 3278 5435 96 322 395 84 56 118 33 157
internal_value=0.000730304 0.00622111 0.00325948 0.00612705 -0.00416357 -0.00586988 0.00385075 0.00439798 0.00507272 0.00663007 -0.00892926 -0.00416357 0.0115705 -0.00117712
internal_weight=126.915 59.6821 39.4503 30.7841 67.233 42.1723 27.4527 26.075 23.8382 16.9507 15.087 8.66624 20.2318 3.08151
internal_count=14358 2274 2030 990 12084 8806 951 897 801 479 3371 1040 244 275
is_linear=0
shrinkage=0.03


Tree=27
num_leaves=14
num_cat=0
split_feature=4 1 0 11 1 9 10 10 10 1 3 9 10
split_gain=3.44056 1.7782 1.13207 0.855028 0.776785 0.481039 0.471135 0.601635 0.232292 0.167534 0.125075 0.104877 0.0731919
threshold=84.088604205880458 94.897937933935609 98.58442726863781 65.82171968415814 8.6292344229310292 56.691542288557223 88.108798114689719 49.675324675324681 57.294832826747729 82.06692234412985 92.857113107509832 49.675324675324681 94.073748902546114
decision_type=2 2 2 2 2 2 2 2 2 2 2 2 2
left_child=9 2 3 -2 -5 8 -7 -4 -6 10 12 -9 -1
right_child=1 -3 7 4 5 6 -8 11 -10 -11 -12 -13 -14
leaf_value=-0.0069851388629014891 -0.0040111579790286841 0.020043419158119802 0.002437663101508235 -0.0040111579790286841 -0.0040111579790286841 0.002437663101508235 0.010227311406127324 0.007356232799577399 0.002437663101508235 -0.0040111579790286841 -0.0040111579790286841 0.016299655381992857 -0.0040111579790286841
leaf_weight=41.680344232649077 8.1903600161895138 6.0688691809773436 4.5552088965196189 4.6952714270446476 2.0374589007115 7.7229706132784468 3.7279692715965211 4.6451668264344317 10.996274291072039 16.865749655698892 5.0641998677747315 7.1341075899545103 2.8436668380163601
leaf_count=8719 1045 48 62 238 209 269 42 71 230 2426 435 60 504
internal_value=0.000658738 0.00583112 0.00388803 0.000922817 0.00353747 0.00576349 0.0099939 0.0102273 0.00159952 -0.00401116 -0.00582736 0.0136244 -0.00655903
internal_weight=126.228 59.7737 53.7048 37.3703 29.1799 24.4847 11.4509 16.3345 13.0337 66.454 49.5882 11.7793 44.524
internal_count=14358 2274 2226 2033 988 750 311 193 439 12084 9658 131 9223
is_linear=0
shrinkage=0.03


Tree=28
num_leaves=11
num_cat=0
split_feature=5 11 1 4 1 1 4 11 1 11
split_gain=3.3908 1.83711 1.41462 1.12841 0.737036 0.443138 0.551302 0.132633 0.122054 0.0191973
threshold=96.938762760361371 85.728833284841443 90.73513662620887 98.884083187650518 95.166158239761174 27.26341281669151 82.06692234412985 98.786651944546705 8.6292344229310292 52.098209795836269
decision_type=2 2 2 2 2 2 2 2 2 2
left_child=1 8 3 5 -2 -3 7 -7 -1 -10
right_child=4 2 -4 -5 -6 6 -8 -9 9 -11
leaf_value=-0.010341365941479181 0.0092877303520806104 -0.0049592150514256531 0.0092877303520806104 0.0092877303520806104 0.021742355716594917 -0.0049592150514256531 0.0055148185848470192 0.0046484179700745079 -0.0063284840859286987 -0.0049592150514256531
leaf_weight=3.6411277345614499 26.96406621683856 9.5752130453474908 5.2425913953920817 2.1088236263021818 3.8324251424055538 5.1282430524006477 9.1713278152747062 0.58993459516204882 29.247492957569193 30.152731801383197
leaf_count=716 425 696 175 34 32 742 259 35 6377 4867
internal_value=0.000803706 -0.00201888 0.00378077 4.68255e-05 0.00928773 -0.00236281 0.00116054 -0.00495922 -0.00495922 -0.00495922
internal_weight=125.654 94.8575 31.8161 26.5735 30.7965 24.4647 14.8895 5.71818 63.0414 59.4002
internal_count=14358 13901 1941 1766 457 1732 1036 777 11960 11244
is_linear=0
shrinkage=0.03


Tree=29
num_leaves=12
num_cat=0
split_feature=4 1 0 1 1 9 4 9 1 10 10
split_gain=3.029 1.41611 1.00683 0.717649 0.682275 0.541664 0.441273 0.167791 0.0417149 0.0297119 0.00443485
threshold=84.088604205880458 94.897937933935609 98.58442726863781 86.091389603535859 4.1618563842068808 42.206477732793523 58.018304898000075 57.247899159663866 63.269387422613235 35.767590618336889 97.637468914064684
decision_type=2 2 2 2 2 2 2 2 2 2 2
left_child=3 2 4 -1 -2 -4 9 8 -6 -5 -11
right_child=1 -3 5 6 7 -7 -8 -9 -10 10 -12
leaf_value=-0.0053308641521204554 -0.0053308641521204554 0.018406508395989007 0.0025236017814752616 -0.0053308641521204554 -0.00099822177097048112 0.013500421766103084 0.0025236017814752616 0.005586670627932889 0.0025236017814752616 -0.0023619975580892148 0.00039404794826026308
leaf_weight=51.267901383514982 2.6136114499531677 5.9591690748929969 5.7550962984096286 2.2044021001784095 14.313231982348954 10.803778912173582 6.3425221487996168 15.77400856069289 4.5851229977561152 5.2230171026312746 0.28855978464707721
leaf_count=10203 209 48 93 478 943 100 259 697 184 1086 58
internal_value=0.000764733 0.00559564 0.00386806 -0.00367548 0.00104883 0.00979494 0.00104883 0.0025236 0.0025236 -0.00428606 -0.00217935
internal_weight=125.13 59.804 53.8449 65.3264 37.286 16.5589 14.0585 34.6724 18.8984 7.71598 5.51158
internal_count=14358 2274 2226 12084 2033 193 1881 1824 1127 1622 1144
is_linear=0
shrinkage=0.03


Tree=30
num_leaves=10
num_cat=0
split_feature=5 11 9 4 11 9 9 10 10
split_gain=2.83213 2.22588 1.10639 0.773566 0.370564 0.192525 0.110369 0.0543209 0.0361272
threshold=96.938762760361371 85.437960443353035 50.324675324675333 71.198359511910184 37.411253215911351 84.134248665141129 34.549071618037139 26.0467144795503 97.191673212882975
decision_type=2 2 2 2 2 2 2 2 2
left_child=1 7 -2 8 -4 6 -5 -1 -3
right_child=2 3 4 5 -6 -7 -8 -9 -10
leaf_value=-0.008047863560142185 0.0041771448899750674 -0.0055563724037234414 0.0056685387388711959 0.0003896199183004827 0.016002109280653102 0.011253307775111149 0.0041771448899750674 -0.0055563724037234414 0.0003896199183004827
leaf_weight=11.849252890271599 13.20187285076827 5.1421025848249036 6.1386918036732849 7.5621243141358816 12.181882602279073 5.805379345547407 12.638101564138195 48.407482819224242 0.26290636905468989
leaf_count=2685 265 1059 96 300 93 153 414 9098 39
internal_value=0.000464955 -0.00221201 0.00807824 0.00417714 0.0130122 0.00417714 0.00417714 -0.00555637 -0.00555637
internal_weight=123.19 91.6673 31.5224 31.4106 18.3206 26.0056 20.2002 60.2567 5.40501
internal_count=14202 13748 454 1965 189 867 714 11783 1098
is_linear=0
shrinkage=0.03


Tree=31
num_leaves=13
num_cat=0
split_feature=4 1 9 5 4 1 4 9 3 10 0 9
split_gain=2.60224 1.89393 1.4669 1.48873 0.632701 0.282563 0.143468 0.0771755 0.211441 0.0405507 0.0093591 0.00724215
threshold=84.088604205880458 90.73513662620887 36.602564102564109 96.938762760361371 98.884083187650518 92.857113107509832 98.884083187650518 82.725464190981441 88.934013919583094 42.997198879551824 58.018304898000075 37.581168831168839
decision_type=2 2 2 2 2 2 2 2 2 2 2 2
left_child=5 2 6 4 7 9 -2 -4 10 -1 -9 -7
right_child=1 -3 3 -5 -6 11 -8 8 -10 -11 -12 -13
leaf_value=-0.0060428360413977578 -0.0043588525629781709 0.017345408693882999 -0.0032736875883847849 0.012086458751839944 0.012086458751839944 -0.0043588525629781709 0.0015128815314528646 -0.0032736875883847849 0.0071474279604417839 -0.0043588525629781709 -0.0012078763149797659 -0.0018903148705839508
leaf_weight=18.569513308815658 10.480937807355071 8.5618182943435368 11.286899601749615 17.095152288675308 1.5621426997240622 2.5659231898025592 3.7378305959282452 0.66521666408516367 1.9093885719776151 36.884884459432214 3.6298000514507294 5.5947747068130411
leaf_count=4234 744 83 825 175 43 350 79 39 49 6704 244 633
internal_value=0.000580164 0.00507861 0.00269633 0.00592384 6.76273e-05 -0.00360103 -0.00360103 -0.00189031 0.000731369 -0.00435885 -0.00293211 0.00146226
internal_weight=122.544 58.9292 50.3674 36.1486 19.0534 63.6151 14.2188 17.4913 6.20441 55.4544 4.29502 8.1607
internal_count=14202 2281 2198 1375 1200 11921 823 1157 332 10938 283 983
is_linear=0
shrinkage=0.03


Tree=32
num_leaves=15
num_cat=0
split_feature=5 11 1 4 10 1 9 11 4 9 1 4 10 1
split_gain=2.53135 1.91363 1.00373 0.770441 0.492142 0.423894 0.39384 0.335071 0.282294 0.158999 0.0872957 0.0294052 0.0113435 8.36797e-05
threshold=96.938762760361371 85.437960443353035 92.145007139611877 98.884083187650518 57.294832826747729 8.6292344229310292 50.324675324675333 37.411253215911351 71.198359511910184 34.549071618037139 8.2231091466833792 89.707355816226809 26.0467144795503 82.877480126141521
decision_type=2 2 2 2 2 2 2 2 2 2 2 2 2 2
left_child=1 10 3 4 -3 -6 -2 -8 13 -10 -1 -11 -12 -7
right_child=6 2 -4 -5 5 8 7 -9 9 11 12 -13 -14 -15
leaf_value=-0.010077970279982394 0.0078405274084405677 -0.0050683531664390581 0.0078405274084405677 0.0078405274084405677 -0.0050683531664390581 -0.0050683531664390581 0.0078405274084405677 0.015541944634008674 0.00057765985657982368 0.003709135329263659 -0.0070543059320160332 0.0078405274084405677 -0.0050683531664390581 -0.00045736498251675424
leaf_weight=3.1541771537740706 13.103152652038263 7.8339867097674967 5.3057800118112928 2.0857075871899715 1.7571566246915633 1.4486336121335575 6.1348893104586777 12.133428289205765 4.6386467318516216 4.2064867423614469 11.078143071907105 3.999863613396883 44.973908712971024 0.25377472222317021
leaf_count=666 265 1059 166 35 132 295 96 93 94 83 2531 50 8586 51
internal_value=0.000632474 -0.00191797 0.0039717 0.000538115 -0.00152846 0.001661 0.00784053 0.0124866 0.00368337 0.00523779 -0.00506835 0.00752307 -0.00506835 -0.00506835
internal_weight=122.108 90.7363 31.53 26.2243 24.1385 16.3046 31.3715 18.2683 14.5474 12.845 59.2062 8.20635 56.0521 1.70241
internal_count=14202 13748 1965 1799 1764 705 454 189 573 227 11783 133 11117 346
is_linear=0
shrinkage=0.03


Tree=33
num_leaves=13
num_cat=0
split_feature=4 1 9 5 9 1 9 4 4 11 10 4
split_gain=2.49736 1.54573 1.47705 1.23727 0.239026 0.116077 0.142985 0.0946148 0.0843231 0.0181197 0.030431 0.00831951
threshold=84.088604205880458 90.73513662620887 36.602564102564109 93.877525520722713 56.691542288557223 91.454721573692339 36.700680272108848 98.884083187650518 98.884083187650518 54.974870538953766 63.733075435203098 92.532787552948861
decision_type=2 2 2 2 2 2 2 2 2 2 2 2
left_child=5 2 7 8 -5 9 -7 -2 11 10 -1 -4
right_child=1 -3 3 4 -6 6 -8 -9 -10 -11 -12 -13
leaf_value=-0.0060674834556722658 -0.0040904581851013708 0.016135377218514275 -0.0022015386489524624 0.0041216964333924107 0.012279251048477229 -0.0040904581851013708 -0.0007756482600992158 -0.0007756482600992158 0.0041216964333924107 -0.0040904581851013708 -0.0040904581851013708 -0.00059983610643698842
leaf_weight=18.740772372519135 10.230165663757356 8.4655443290248495 7.2223490839241915 5.679436843260194 15.991276846616527 3.1955372463562508 6.0725700656184927 3.7816820289008328 1.091956521151588 24.319398221909069 10.362967702269087 6.0908058629138395
leaf_count=4366 744 83 686 119 200 423 755 79 32 4275 2102 338
internal_value=0.000572911 0.00498495 0.00282142 0.00604766 0.0104174 -0.00356147 -0.000410875 -0.00356147 -0.000775648 -0.00409046 -0.00513809 -0.00156186
internal_weight=121.244 58.5532 50.0877 36.0758 21.6707 62.6912 9.26811 14.0118 14.4051 53.4231 29.1037 13.3132
internal_count=14202 2281 2198 1375 319 11921 1178 823 1056 10743 6468 1024
is_linear=0
shrinkage=0.03


Tree=34
num_leaves=15
num_cat=0
split_feature=4 1 9 5 4 1 4 9 3 9 11 5 10 3
split_gain=2.1682 1.4542 1.31786 1.21427 0.414984 0.0987404 0.0993355 0.0781103 0.113601 0.0747488 0.0244754 0.0752798 0.042477 0.00113584
threshold=84.088604205880458 90.73513662620887 36.602564102564109 96.938762760361371 98.884083187650518 91.454721573692339 98.884083187650518 82.725464190981441 88.934013919583094 36.700680272108848 54.974870538953766 88.934013919583094 91.11062335381915 94.55095307917891
decision_type=2 2 2 2 2 2 2 2 2 2 2 2 2 2
left_child=5 2 6 4 7 10 -2 13 -9 -7 11 12 -1 -4
right_child=1 -3 3 -5 -6 9 -8 8 -10 -11 -12 -13 -14 -15
leaf_value=-0.00639180956634858 -0.0037607800436658787 0.015561728436765482 -0.0029052275931442488 0.011186437987421473 0.010969283493921282 -0.0037607800436658787 0.001481811005881429 -0.0015579776251232057 0.0059308099966690082 -0.0013793330054609589 -0.0037607800436658787 -0.0037607800436658787 -0.0037607800436658787 -0.00052215064991417985
leaf_weight=23.621724303055096 10.188978059042705 8.4008016024017689 10.220149905362629 17.255229522706941 1.8353706614579994 3.1405580424470809 3.7863303527701655 4.2760057619307181 1.8395399557193739 6.0382286511012353 24.111964835086837 3.1072703038225873 2.2562011668342157 0.68441630504094142
leaf_count=5640 744 83 787 175 43 423 79 283 49 755 4275 316 512 38
internal_value=0.000598685 0.00470612 0.00261636 0.00567106 0.000314586 -0.00327225 -0.00327225 -0.00137933 0.00121155 -0.00035436 -0.00376078 -0.0048591 -0.00585666 -0.00281208
internal_weight=120.763 58.4868 50.086 36.1107 18.8555 62.2759 13.9753 17.0201 6.11555 9.17879 53.0972 28.9852 25.8779 10.9046
internal_count=14202 2281 2198 1375 1200 11921 823 1157 332 1178 10743 6468 6152 825
is_linear=0
shrinkage=0.03


Tree=35
num_leaves=12
num_cat=0
split_feature=1 9 4 4 11 0 9 1 11 9 9
split_gain=1.07085 1.39509 0.865599 0.704261 0.227361 0.597595 0.0932779 0.0475775 0.0427694 0.0162693 0.00458521
threshold=92.145007139611877 81.725417439703179 62.055182977314139 92.532787552948861 55.177926479319225 93.877525520722713 82.725464190981441 77.631622082349864 87.182082360538473 97.68089053803341 90.300179211469541
decision_type=2 2 2 2 2 2 2 2 2 2 2
left_child=4 3 -3 8 5 7 -6 9 -2 -1 -9
right_child=1 2 -4 -5 6 -7 -8 10 -10 -11 -12
leaf_value=-0.006662797132147371 -0.001034703575226286 0.0015035425208191121 0.026851670113794985 0.011379700360549808 -0.001034703575226286 -0.001034703575226286 0.0015035425208191121 -0.0029425737063797515 0.0015035425208191121 -0.0026171140390965106 -0.001034703575226286
leaf_weight=24.087626993772588 6.2768193840747681 1.0573573580477376 2.9871168707031757 3.6918782144784936 49.7841296850238 11.122335310559718 13.285997768980449 4.8130309468833721 2.720343392342329 0.90764170105103303 0.56149029871448863
leaf_count=5717 763 201 38 30 4662 356 909 1125 108 202 128
internal_value=0.000112135 0.00693259 0.020291 0.00150354 -0.0010347 -0.00323488 -0.0010347 -0.00590669 -0.0010347 -0.00648613 -0.00261711
internal_weight=121.296 16.7335 4.04447 12.689 104.562 41.4921 63.0701 30.3698 8.99716 24.9953 5.37452
internal_count=14239 1140 239 901 13099 7528 5571 7172 871 5919 1253
is_linear=0
shrinkage=0.03


Tree=36
num_leaves=12
num_cat=0
split_feature=1 9 10 4 4 4 4 11 1 1 10
split_gain=1.26691 1.25788 1.27853 0.447751 0.357197 0.876481 0.214789 0.135008 0.0544979 0.0165927 0.0206537
threshold=92.145007139611877 81.725417439703179 69.716905901116448 97.952914948540027 64.076653633105266 62.055182977314139 69.662949484157465 54.974870538953766 16.345281680849663 74.41639455109177 83.617967853042487
decision_type=2 2 2 2 2 2 2 2 2 2 2
left_child=6 2 3 -2 -4 -3 7 9 10 -1 -9
right_child=1 5 4 -5 -6 -7 -8 8 -10 -11 -12
leaf_value=-0.005265395127352965 -0.0011163934414886313 -0.00059118593348045834 -0.00059118593348045834 0.013707956082047898 0.017375225813920991 0.026079091653981323 -0.0011163934414886313 -0.005265395127352965 -0.0011163934414886313 -0.0025518608519299042 -0.0011163934414886313
leaf_weight=17.565963536617353 6.3911280339816603 1.0694155903765921 1.1784609305905176 1.4337992519140241 3.7561721430392936 3.2053089917171746 65.605133679346181 1.6409849107731118 13.326080578728577 5.7416728927055365 0.34159005875699233
leaf_count=4157 627 201 220 9 45 38 4215 343 2953 1354 77
internal_value=0.000143969 0.0074896 0.00221035 -0.00111639 0.013708 0.019841 -0.00111639 -0.00333248 -0.00111639 -0.00472942 -0.00472942
internal_weight=121.256 17.0343 12.7596 7.82493 4.93463 4.27472 104.221 38.6163 15.3087 23.3076 1.98257
internal_count=14239 1140 901 636 265 239 13099 8884 3373 5511 420
is_linear=0
shrinkage=0.03


Tree=37
num_leaves=12
num_cat=0
split_feature=1 9 10 4 4 4 4 11 1 10 1
split_gain=1.43647 1.11752 1.24893 0.682037 0.357018 0.855118 0.192435 0.126568 0.0514628 0.0144488 0.013611
threshold=92.145007139611877 81.725417439703179 69.716905901116448 97.952914948540027 64.076653633105266 62.055182977314139 69.662949484157465 54.974870538953766 16.345281680849663 83.617967853042487 74.41639455109177
decision_type=2 2 2 2 2 2 2 2 2 2 2
left_child=6 2 3 -2 -4 -3 7 10 9 -9 -1
right_child=1 5 4 -5 -6 -7 -8 8 -10 -11 -12
leaf_value=-0.0051856182465312897 -0.0012114782881786337 -0.00063533749291626925 -0.00063533749291626925 0.013672111960685988 0.017197406940640342 0.025515145587322166 -0.0012114782881786337 -0.0046764111024266324 -0.0012114782881786337 -0.0012114782881786337 -0.0025891664323904038
leaf_weight=17.423213706933904 6.3752144068712386 1.0691977108363051 1.1809156815288586 1.5458976961672304 3.9729821234941483 3.2905396702699363 65.227976458030753 1.6382165526738379 13.358616224722935 0.34145296330098052 5.735024092369712
leaf_count=4157 627 201 220 9 45 38 4215 343 2953 77 1354
internal_value=0.000149089 0.00787014 0.00289815 -0.00121148 0.0136721 0.0194585 -0.00121148 -0.00331437 -0.00121148 -0.00467641 -0.00467641
internal_weight=121.159 17.4347 13.075 7.92111 5.1539 4.35974 103.724 38.4965 15.3383 1.97967 23.1582
internal_count=14239 1140 901 636 265 239 13099 8884 3373 420 5511
is_linear=0
shrinkage=0.03


Tree=38
num_leaves=14
num_cat=0
split_feature=1 9 10 0 9 0 1 11 0 1 10 9 0
split_gain=1.58939 1.27971 1.11162 0.483146 0.156404 0.622428 0.557726 0.200271 0.223088 0.0325042 0.0261436 0.0159791 0.00256612
threshold=92.145007139611877 84.134248665141129 69.716905901116448 99.192733789507983 87.054880603267705 99.192733789507983 0.50672889797803222 65.82171968415814 93.877525520722713 87.51257545271632 92.182327476445138 86.552812858783014 78.036487018095997
decision_type=2 2 2 2 2 2 2 2 2 2 2 2 2
left_child=4 2 3 -2 6 12 -1 8 9 10 11 -8 -6
right_child=1 -3 -4 -5 5 -7 7 -9 -10 -11 -12 -13 -14
leaf_value=-0.016602410891034494 -0.0012616636784499242 0.021131178476788564 0.012961117288789603 0.012961117288789603 -0.0013240306064082096 0.01257742504218165 -0.00532648206320906 -0.0013240306064082096 -0.0013240306064082096 -0.0013240306064082096 -0.0013240306064082096 -0.0013240306064082096 -0.0012616636784499242
leaf_weight=1.2367805290268723 7.3330339211970585 4.08097680134233 5.4141799157951018 1.0592974573373792 6.8409575907280677 2.5507103987038127 27.540828556288044 44.177144763758406 8.8131781462579948 1.750663271290249 1.7667024047113944 0.28174331435002287 8.1812513086479139
leaf_count=51 650 209 277 4 1265 20 6677 3458 350 394 404 67 413
internal_value=0.000192076 0.00819739 0.00320542 -0.00126166 -0.00126166 0.00126232 -0.00178861 -0.00137933 -0.0034285 -0.00477342 -0.00501088 -0.00523597 -0.00132403
internal_weight=121.027 17.8875 13.8065 8.39233 103.14 17.5729 85.567 84.3303 40.1531 31.3399 29.5893 27.8226 15.0222
internal_count=14239 1140 931 654 13099 1698 11401 11350 7892 7542 7148 6744 1678
is_linear=0
shrinkage=0.03


Tree=39
num_leaves=12
num_cat=0
split_feature=1 9 4 4 4 9 0 11 9 1 9
split_gain=1.22501 1.16862 1.23708 1.17607 0.17139 0.239525 0.12785 0.0379396 0.0375499 0.00880186 0.0256936
threshold=92.145007139611877 84.134248665141129 62.055182977314139 92.145007139611877 69.662949484157465 84.134248665141129 37.386055678738614 54.974870538953766 18.274582560296853 74.41639455109177 96.086938029007712
decision_type=2 2 2 2 2 2 2 2 2 2 2
left_child=4 3 -3 -2 7 6 -6 9 -8 10 -1
right_child=1 2 -4 -5 5 -7 8 -9 -10 -11 -12
leaf_value=-0.0054446701716423561 -0.0011118327662517796 0.0024340117050384072 0.027316016933043103 0.014155935487369507 -0.0031043350146449369 0.0024340117050384072 -0.0031043350146449369 -0.0031043350146449369 -0.0011118327662517796 -0.0031043350146449369 -0.0031043350146449369
leaf_weight=16.180810454650793 9.4506043186411244 0.95695352135226031 3.2063300570007414 4.3439815714955339 1.3271172927925352 14.688744648010468 10.213022142299449 15.296342254965564 38.462025532615371 5.6983364591142154 0.98948755173478176
leaf_count=3943 898 175 34 33 163 705 753 3373 2594 1354 214
internal_value=0.000169673 0.00718113 0.0193924 0.00243401 -0.00111183 -0.00111183 -0.00111183 -0.00310434 -0.00111183 -0.0044587 -0.0049417
internal_weight=120.814 17.9579 4.16328 13.7946 102.856 64.6909 50.0022 38.165 48.675 22.8686 17.1703
internal_count=14239 1140 209 931 13099 4215 3510 8884 3347 5511 4157
is_linear=0
shrinkage=0.03


Tree=40
num_leaves=11
num_cat=0
split_feature=9 1 4 10 1 4 10 3 4 4
split_gain=0.758182 1.52327 1.24884 1.00884 0.298967 0.284889 0.386402 0.230253 0.0954117 0.0809035
threshold=84.134248665141129 92.145007139611877 62.055182977314139 42.997198879551824 0.50672889797803222 92.532787552948861 69.716905901116448 97.180258973194029 84.088604205880458 86.855396065922406
decision_type=2 2 2 2 2 2 2 2 2 2
left_child=3 8 -3 -1 -5 6 7 9 -2 -6
right_child=1 2 -4 4 5 -7 -8 -9 -10 -11
leaf_value=-0.0069038902451074111 0.00069483019423416306 0.00069483019423416306 0.026924973804847603 -0.0069038902451074111 -0.0062488037688733025 0.00069483019423416306 0.00069483019423416306 0.00069483019423416306 0.0032617161316047822 -0.0002865780440983612
leaf_weight=22.398708392400295 9.1680628539761617 0.98467023007105936 3.1142408635932952 0.82511480781249602 17.329082281212333 25.100863103871234 26.07035485538654 1.3097229889826838 12.105864644632673 2.4173056724248445
leaf_count=4200 1720 177 28 39 3624 610 3228 60 397 236
internal_value=-0.000251911 0.00425791 0.0189877 -0.00148243 0.000250635 0.000585392 -0.00161945 -0.00454689 0.00069483 -0.00556792
internal_weight=120.824 25.3728 4.09891 95.4512 73.0524 72.2273 47.1265 21.0561 21.2739 19.7464
internal_count=14319 2322 205 11997 7797 7758 7148 3920 2117 3860
is_linear=0
shrinkage=0.03


Tree=41
num_leaves=12
num_cat=0
split_feature=1 9 4 10 4 9 11 9 10 10 4
split_gain=0.787391 1.39975 1.0697 0.620835 0.410949 0.325814 0.235662 0.110504 0.0661542 0.0476524 0.0454912
threshold=92.145007139611877 81.725417439703179 71.979723266706259 64.820473644003059 92.532787552948861 90.098039215686285 24.568723818319757 18.854252119223414 42.997198879551824 64.820473644003059 22.391145456934503
decision_type=2 2 2 2 2 2 2 2 2 2 2
left_child=3 4 10 5 9 8 -7 -5 -1 -2 -3
right_child=1 2 -4 7 -6 6 -8 -9 -10 -11 -12
leaf_value=-0.0066880417688645584 -0.0047807652283737958 -0.0001923965811998616 0.025819006747262712 -0.0047807652283737958 0.0089759736389536694 -0.0047807652283737958 -0.0001923965811998616 -0.0001923965811998616 -0.0047807652283737958 -0.0001923965811998616 0.0050001599299475527
leaf_weight=21.650134395225905 4.3479219471337256 0.63736896275076904 3.1626427695155144 7.9335298480000338 3.4003779180347928 2.0542507005156931 6.9836607479956001 41.541772564756684 23.297505213296972 4.3021557644242421 0.91161984507925808
leaf_count=4356 560 114 24 840 29 267 648 3483 3610 295 93
internal_value=-0.000252028 0.00558972 0.0178226 -0.00124292 -0.000192397 -0.00369369 -0.000192397 -0.000192397 -0.00478077 -0.000192397 -0.000192397
internal_weight=120.223 16.7621 4.71163 103.461 12.0505 53.9856 9.03791 49.4753 44.9476 8.65008 1.54899
internal_count=14319 1115 231 13204 884 8881 915 4323 7966 855 207
is_linear=0
shrinkage=0.03


Tree=42
num_leaves=14
num_cat=0
split_feature=1 9 4 10 4 9 9 4 4 11 10 10 0
split_gain=0.693244 1.12548 1.0416 0.562106 0.374526 0.29091 0.256983 0.271318 0.315013 0.102576 0.057236 0.0542738 0.0292879
threshold=90.355452386449869 81.725417439703179 70.030303277152811 64.820473644003059 92.532787552948861 90.098039215686285 23.453017570664631 92.532787552948861 94.159107873044732 70.795539365223604 64.820473644003059 42.997198879551824 79.251081825334396
decision_type=2 2 2 2 2 2 2 2 2 2 2 2 2
left_child=3 4 -3 5 10 11 -5 -8 9 -7 -2 -1 -11
right_child=1 2 -4 6 -6 8 7 -9 -10 12 -12 -13 -14
leaf_value=-0.0062682077416474028 -0.0044953994403751502 0.00013559718100007349 0.023165259370929014 -0.0044953994403751502 0.0087696157767175181 -0.0044953994403751502 0.00013559718100007349 0.0059354688867062355 0.0059354688867062355 -0.0036737207168089283 0.00013559718100007349 -0.0044953994403751502 0.00013559718100007349
leaf_weight=20.972117963829078 5.019986388855612 1.5679979595588509 3.5356536393519491 10.267240591929292 3.5219111465848991 2.7793639779556525 22.638075540889986 15.800380073138511 3.2631899464176968 1.2038767790654676 5.0986008717445657 22.376432351884432 1.9079313324764369
leaf_count=4280 692 236 34 1129 33 578 2822 279 67 168 376 3540 85
internal_value=-0.000211339 0.00493685 0.0156445 -0.00120377 0.000135597 -0.00345367 0.000135597 0.000135597 0.000135597 -0.00278712 0.000135597 -0.0044954 0.000135597
internal_weight=119.953 18.7442 5.10365 101.209 13.6405 52.5029 48.7057 38.4385 9.15436 5.89117 10.1186 43.3486 3.11181
internal_count=14319 1371 270 12948 1101 8718 4230 3101 898 831 1068 7820 253
is_linear=0
shrinkage=0.03


Tree=43
num_leaves=11
num_cat=0
split_feature=1 9 11 9 10 10 9 10 0 0
split_gain=0.803538 0.929804 0.452714 0.50792 0.488374 0.229299 0.105369 0.103607 0.158232 0.0707437
threshold=96.173208606477587 79.855072463768138 65.82171968415814 84.134248665141129 67.971124620060806 71.535181236673779 10.072463768115943 30.604629911666162 98.884083187650518 92.532787552948861
decision_type=2 2 2 2 2 2 2 2 2 2
left_child=2 5 7 4 -4 9 -6 8 -1 -2
right_child=1 -3 3 -5 6 -7 -8 -9 -10 -11
leaf_value=-0.007744237180295095 0.00053819549354830443 0.018920584400154108 -0.0030928696355586867 0.0058181982297282808 -0.0030928696355586867 0.0084131245044081187 0.00053819549354830443 -0.0030928696355586867 -0.0030928696355586867 0.0084131245044081187
leaf_weight=10.776474664336998 2.4850382953300123 3.0465794113697484 20.298163212777581 12.752098232565912 3.0850561973638895 2.3324304284760728 23.097478165000211 39.407779924280476 0.58055014000274319 1.7221557584125546
leaf_count=2511 293 117 2341 645 155 126 1050 7054 13 14
internal_value=-0.000284271 0.00761571 -0.00103516 0.000538195 -0.000733152 0.000538195 0.000538195 -0.00309287 -0.00597734 0.000538195
internal_weight=119.584 9.5862 109.998 59.2328 46.4807 6.53962 26.1825 50.7648 11.357 4.20719
internal_count=14319 550 13769 4191 3546 433 1205 9578 2524 307
is_linear=0
shrinkage=0.03


Tree=44
num_leaves=11
num_cat=0
split_feature=1 9 10 9 5 10 11 11 5 1
split_gain=0.828925 1.01885 0.354566 0.391703 0.227854 0.193891 0.162694 0.106685 0.104263 0.0563128
threshold=96.173208606477587 79.855072463768138 64.820473644003059 85.620300751879711 96.938762760361371 95.129870129870142 28.629444554390137 96.165485500162944 99.590582989708011 10.253735527921631
decision_type=2 2 2 2 2 2 2 2 2 2
left_child=2 4 3 7 5 -2 8 9 -5 -1
right_child=1 -3 -4 6 -6 -7 -8 -9 -10 -11
leaf_value=-0.0079140358811909846 0.00039718802694463319 0.019391253564634534 0.00039718802694463319 -0.0045087500922605869 0.0082558769348133072 0.0082558769348133072 0.00039718802694463319 0.00039718802694463319 0.00039718802694463319 -0.0045087500922605869
leaf_weight=5.1237112089875145 3.4482638121698965 3.1484946731943637 52.68831132579362 3.0846623815014027 2.3230266764294356 0.90194127906579513 10.518956012907436 2.8079791181371538 0.71832359209656704 34.562317253032234
leaf_count=668 381 117 4511 457 21 31 1011 229 8 6885
internal_value=-0.000210706 0.00771524 -0.00098499 -0.00263159 0.000397188 0.000397188 0.000397188 -0.00410872 -0.00410872 -0.00450875
internal_weight=119.326 9.82173 109.504 56.8159 6.67323 4.35021 14.3219 42.494 3.80299 39.686
internal_count=14319 550 13769 9258 433 412 1476 7782 465 7553
is_linear=0
shrinkage=0.03


Tree=45
num_leaves=11
num_cat=0
split_feature=1 4 9 4 4 0 1 10 3 11
split_gain=1.86741 1.57273 0.50754 0.582984 0.190462 0.0838793 0.111144 0.0537897 0.0381427 0.0177691
threshold=92.145007139611877 64.883919843597269 79.855072463768138 92.145007139611877 84.088604205880458 95.91835034714849 82.877480126141521 94.073748902546114 99.192733789507983 99.288570861977803
decision_type=2 2 2 2 2 2 2 2 2 2
left_child=4 -2 3 -3 5 6 7 8 9 -1
right_child=1 2 -4 -5 -6 -7 -8 -9 -10 -11
leaf_value=-0.004471549054522247 -0.0014516222933218046 0.00095614320723042933 0.022541178517025747 0.016007941129921148 -8.7349716493367885e-05 -0.0014516222933218046 -0.0014516222933218046 -0.0014516222933218046 -0.0014516222933218046 -0.0014516222933218046
leaf_weight=39.18671438540332 5.3904398903250721 4.7964310080278647 4.0742303694132707 3.7379569448530674 48.327447917836253 2.1549396672053254 6.7216585590504101 3.1193369334214358 0.44089401816017826 0.43429687479510803
leaf_count=8950 926 99 36 30 2186 84 1241 545 18 39
internal_value=0.000167246 0.00879726 0.0143855 0.00853617 -0.00145162 -0.00269262 -0.00322072 -0.00388424 -0.00420797 -0.00438025
internal_weight=118.384 17.9991 12.6086 8.53439 100.385 52.0578 49.9029 43.1812 40.0619 39.621
internal_count=14154 1091 165 129 13063 10877 10793 9552 9007 8989
is_linear=0
shrinkage=0.03


Tree=46
num_leaves=13
num_cat=0
split_feature=1 9 5 11 5 1 11 11 0 3 0 11
split_gain=1.81076 0.781575 1.01923 0.565824 0.347488 0.549769 0.277639 0.213359 0.175291 0.157109 0.173234 0.0395924
threshold=92.145007139611877 88.433667781493881 97.952914948540027 85.065575105897707 97.952914948540027 8.6292344229310292 99.288570861977803 95.884287414066634 45.482320150410665 96.938762760361371 98.884083187650518 55.177926479319225
decision_type=2 2 2 2 2 2 2 2 2 2 2 2
left_child=4 2 3 -2 5 6 9 11 -5 10 -1 -7
right_child=1 -3 -4 8 -6 7 -8 -9 -10 -11 -12 -13
leaf_value=-0.013439882919103316 -0.0014032839317969701 0.019153253481824832 0.015775548792369334 0.0022395169308698252 0.0022395169308698252 -0.0018669568872899617 -0.0014032839317969701 0.0022395169308698252 0.013406293316623217 -0.0018669568872899617 -0.0018669568872899617 -0.0014032839317969701
leaf_weight=6.7198233300005068 6.4770527597866039 3.9194419727427876 4.0046097256708881 1.5403596922988074 18.36379934893921 29.18881530163344 0.93264934862963844 6.6951542872702694 2.0839816969819367 0.46554933954030264 0.72764457797165949 37.033894155931193
leaf_count=987 756 165 35 98 279 6881 42 338 37 25 17 4494
internal_value=0.000195782 0.00868512 0.00470111 -0.000714818 -0.00140328 -0.00223862 -0.00890798 -0.00140328 0.00916486 -0.0109148 -0.0120418 -0.00186696
internal_weight=118.153 18.0254 14.106 10.1014 100.127 81.7635 8.84567 72.9179 3.62434 7.91302 7.44747 66.2227
internal_count=14154 1091 926 891 13063 12784 1071 11713 135 1029 1004 11375
is_linear=0
shrinkage=0.03


Tree=47
num_leaves=11
num_cat=0
split_feature=1 4 9 4 4 5 1 10 4 1
split_gain=1.68399 1.7851 0.419309 0.602492 0.19293 0.0826301 0.122048 0.0570769 0.0391039 0.00313369
threshold=92.145007139611877 57.609720877433148 83.457711442786078 92.145007139611877 84.088604205880458 98.187309339910442 84.088604205880458 94.073748902546114 82.877480126141521 16.345281680849663
decision_type=2 2 2 2 2 2 2 2 2 2
left_child=4 -2 3 8 5 6 7 -1 -3 -9
right_child=1 2 -4 -5 -6 -7 -8 9 -10 -11
leaf_value=-0.0041740437472724866 -0.001374209232677873 -0.00068713181577480611 0.022120931325368329 0.016728260404977956 -1.1323242654458832e-06 -0.001374209232677873 -0.001374209232677873 -0.0041740437472724866 0.0038474355883020279 -0.001374209232677873
leaf_weight=40.359893115470186 5.2622229877160889 2.7835080259828811 3.8728961751330635 3.8411659710109234 48.087647550215479 2.0807749025989315 6.0164884196710764 0.55925451859366138 2.5878726462833583 2.5219633985543624
leaf_count=9169 890 99 38 31 2186 58 1092 107 33 451
internal_value=0.00018586 0.00829008 0.0141978 0.009027 -0.00137421 -0.00263095 -0.00315067 -0.00384346 0.00175854 -0.00137421
internal_weight=117.974 18.3477 13.0854 9.21255 99.626 51.5384 49.4576 43.4411 5.37138 3.08122
internal_count=14154 1091 201 163 13063 10877 10819 9727 132 558
is_linear=0
shrinkage=0.03


Tree=48
num_leaves=11
num_cat=0
split_feature=1 4 9 4 11 10 9 4 4 1
split_gain=1.3731 1.60574 0.35831 0.501461 0.287022 0.153214 0.146601 0.137076 0.127261 0.0761777
threshold=91.77689085331663 64.883919843597269 83.457711442786078 92.145007139611877 79.119732475108137 44.801852804940822 89.181286549707622 97.578201368523963 93.877525520722713 46.700695979153622
decision_type=2 2 2 2 2 2 2 2 2 2
left_child=5 -2 3 4 -3 6 7 9 -7 -1
right_child=1 2 -4 -5 -6 8 -8 -9 -10 -11
leaf_value=-0.007505175621761128 -0.0012281055664162671 -0.0012281055664162671 0.020725488037665919 0.015567438081868801 0.0079256834674427262 -0.0012281055664162671 -0.0012281055664162671 -0.0012281055664162671 0.0013815190938377465 -0.003193553502725769
leaf_weight=9.8463696934050038 5.8962076655006994 2.4491983363404852 3.8350556807126841 3.6791656985878944 2.7029926760587841 46.845729975146241 6.207580830086953 2.2794045286718747 24.506492145126686 9.465957975597119
leaf_count=2170 967 73 32 31 36 7292 681 79 559 2234
internal_value=0.000193519 0.00746169 0.0133988 0.00843273 0.0016356 -0.00122811 -0.0034282 -0.00470336 -0.00122811 -0.00565309
internal_weight=117.714 18.5626 12.6664 8.83136 5.15219 99.1515 27.7993 21.5917 71.3522 19.3123
internal_count=14154 1139 172 140 109 13015 5164 4483 7851 4404
is_linear=0
shrinkage=0.03


Tree=49
num_leaves=11
num_cat=0
split_feature=1 4 4 10 1 0 0 11 11 4
split_gain=1.20213 1.5947 0.190875 0.179563 0.116043 0.116506 0.074687 0.0415049 0.0425953 0.0258271
threshold=95.166158239761174 58.018304898000075 92.145007139611877 44.801852804940822 15.126946038656905 99.192733789507983 95.91835034714849 88.294639947865775 98.571422621501981 70.795539365223604
decision_type=2 2 2 2 2 2 2 2 2 2
left_child=3 -2 -3 4 5 8 7 -6 -1 -5
right_child=1 2 -4 9 6 -7 -8 -9 -10 -11
leaf_value=-0.0097571801943148635 -0.00079896199163462819 0.008479965440784696 0.020843880241068768 -0.00079896199163462819 -0.0020521785915055958 -0.0020521785915055958 -0.00079896199163462819 -0.00079896199163462819 -0.0020521785915055958 0.00052359501093813274
leaf_weight=3.9523216777597581 3.4922275732969856 4.4845253217499685 4.017465453594923 25.387400871317368 16.9640129384352 1.1245202571153639 3.0831234109355128 4.1735506536206222 0.2704791601281612 50.41434911993565
leaf_count=774 551 82 31 5697 3972 16 75 470 32 2454
internal_value=0.000255478 0.00886739 0.0159011 -0.000798962 -0.0031028 -0.00678855 -0.00205218 -0.00300226 -0.00899092 -0.000798962
internal_weight=117.364 11.9942 8.50199 105.37 29.568 5.34732 24.2207 21.1376 4.2228 75.8017
internal_count=14154 664 113 13490 5339 822 4517 4442 806 8151
is_linear=0
shrinkage=0.03


Tree=50
num_leaves=11
num_cat=0
split_feature=10 1 4 1 11 9 1 4 11 1
split_gain=0.598186 0.98273 1.5371 0.361881 0.38743 0.317261 0.430534 0.208269 0.0689984 0.0632744
threshold=69.716905901116448 71.979723266706259 64.883919843597269 94.55095307917891 69.25436546359056 81.725417439703179 1.3189794504733321 96.173208606477587 65.168525257921274 98.187309339910442
decision_type=2 2 2 2 2 2 2 2 2 2
left_child=5 -2 -3 4 -4 6 -1 8 -8 -10
right_child=1 2 3 -5 -6 -7 7 -9 9 -11
leaf_value=-0.017842109886302211 -0.00082491115540456075 -0.00082491115540456075 -0.00082491115540456075 0.021360399844512323 0.011998098162353522 -0.00082491115540456075 -0.0051332005081682116 -0.00082491115540456075 -0.0033084191873739652 -0.00082491115540456075
leaf_weight=0.91667675226926704 33.656781200086698 5.173254015040583 1.7431338391033913 3.9011648800224066 4.863283694954589 19.300745208398439 23.912950182508212 7.8492160921450695 14.536920895159708 1.2374845785088826
leaf_count=80 2922 922 105 36 78 1885 5646 239 2220 43
internal_value=-0.000385719 0.00210272 0.00805922 0.0144945 0.00816493 -0.002202 -0.00372734 -0.00309316 -0.00410532 -0.002334
internal_weight=117.092 49.3376 15.6808 10.5076 6.60642 67.754 48.4532 47.5366 39.6874 15.7744
internal_count=14176 4063 1141 219 183 10113 8228 8148 7909 2263
is_linear=0
shrinkage=0.03


Tree=51
num_leaves=13
num_cat=0
split_feature=10 1 4 1 1 9 9 4 9 5 4 10
split_gain=0.495933 0.957993 1.40377 0.471548 0.258044 0.211735 0.156559 0.176608 0.127866 0.107082 0.0331286 0.0087437
threshold=69.716905901116448 71.979723266706259 64.883919843597269 94.55095307917891 1.3189794504733321 52.506265664160409 81.725417439703179 96.173208606477587 70.064935064935085 99.192733789507983 99.192733789507983 42.488716956802072
decision_type=2 2 2 2 2 2 2 2 2 2 2 2
left_child=4 10 -3 5 8 -4 7 9 -1 11 -2 -6
right_child=1 2 3 -5 6 -7 -8 -9 -10 -11 -12 -13
leaf_value=-0.016588257219384898 -0.0010189216891085637 -0.0010189216891085637 0.0014529787505626664 0.021351049190103263 -0.0038788249474264696 0.011883607641306968 -0.0010189216891085637 -0.0010189216891085637 -0.0038788249474264696 -0.0010189216891085637 0.0014529787505626664 -0.0026747055415677701
leaf_weight=0.7164063409436483 29.665076232340652 5.1376230603782451 3.6009835281874967 3.8980606244876981 17.067900309688412 3.1228448016336188 18.587715990433935 7.8351453971117726 0.8308341873344034 1.2132535695563991 4.004643923835828 21.018136931117624
leaf_count=72 2867 922 107 36 3868 76 1860 239 33 24 55 4017
internal_value=-0.000390024 0.00186986 0.00773421 0.0137893 -0.00205365 0.00720878 -0.00166305 -0.00289615 -0.0114787 -0.00387882 -0.00101892 -0.00387882
internal_weight=116.699 49.4292 15.7595 10.6219 67.2694 6.72383 65.7222 47.1344 1.54724 39.2993 33.6697 38.086
internal_count=14176 4063 1141 219 10113 183 10008 8148 105 7909 2922 7885
is_linear=0
shrinkage=0.03


Tree=52
num_leaves=13
num_cat=0
split_feature=10 1 4 1 11 1 0 11 10 10 0 0
split_gain=0.429154 0.812272 1.25067 0.378549 0.322148 0.269513 0.177632 0.175484 0.0843252 0.0457783 0.0236987 0.00443821
threshold=69.716905901116448 71.979723266706259 64.883919843597269 94.55095307917891 62.234060098294691 1.3189794504733321 79.655946761080529 54.577941432155193 14.087301587301589 29.478609625668454 75.607297403619214 2.1312300029686315
decision_type=2 2 2 2 2 2 2 2 2 2 2 2
left_child=5 -2 -3 4 -4 -1 7 9 10 -7 -9 -10
right_child=1 2 3 -5 -6 6 -8 8 11 -11 -12 -13
leaf_value=-0.011591365572502814 -0.000952137162617187 -0.000952137162617187 -0.000952137162617187 0.019564071741281649 0.010237013078789908 -0.0070672582548939392 -0.000952137162617187 -0.0060696554988924007 -0.0034873767785409768 -0.0034873767785409768 -0.000952137162617187 -0.000952137162617187
leaf_weight=1.5317041509551916 33.653584777377546 5.1435295420815228 1.6785964687587673 3.9759909408167005 5.0286591262556612 6.834923937800343 26.493173282535281 2.7920479038148223 0.34044530766549996 13.303416540962642 0.4131191677879541 15.335114613233598
leaf_count=105 2922 922 100 36 83 1712 1890 542 49 3140 38 2637
internal_value=-0.000387335 0.00171217 0.00709739 0.0128225 0.00680634 -0.00193922 -0.00154267 -0.00309621 -0.000952137 -0.00497924 -0.00497924 -0.000952137
internal_weight=116.524 49.4804 15.8268 10.6832 6.70726 67.0439 65.5122 39.0191 18.8807 20.1383 3.20517 15.6756
internal_count=14176 4063 1141 219 183 10113 10008 8118 3266 4852 580 2686
is_linear=0
shrinkage=0.03


Tree=53
num_leaves=13
num_cat=0
split_feature=10 1 4 1 9 9 1 4 11 1 4 9
split_gain=0.348468 0.740553 1.15013 0.344374 0.259986 0.247437 0.24729 0.163258 0.0627741 0.0479231 0.0193504 0.00319433
threshold=69.716905901116448 71.979723266706259 64.883919843597269 94.55095307917891 52.506265664160409 81.725417439703179 1.3189794504733321 96.173208606477587 65.168525257921274 98.187309339910442 99.192733789507983 29.93506493506494
decision_type=2 2 2 2 2 2 2 2 2 2 2 2
left_child=5 10 -3 4 11 6 -1 8 -8 -10 -2 -4
right_child=1 2 3 -5 -6 -7 7 -9 9 -11 -12 -13
leaf_value=-0.014706948907165396 -0.0010709500421215376 -0.0010709500421215376 0.00064011514881479807 0.018502467182444863 0.011670370813862813 -0.0010709500421215376 -0.0048258917690508583 -0.0010709500421215376 -0.0031045805642668984 -0.0010709500421215376 0.00064011514881479807 0.0016846158327481619
leaf_weight=0.73875511367805202 29.641977587831207 5.1418591091642183 1.8126020674826562 3.9439117284491658 3.1383690391667187 19.002454892324749 23.646518816007301 7.7577084377408019 14.399930131505242 1.2011291197268281 4.0121246036142102 2.0107244872488081
leaf_count=80 2867 922 55 36 76 1885 5646 239 2220 43 55 52
internal_value=-0.000404842 0.00147999 0.00657872 0.0119992 0.00645387 -0.00180948 -0.003384 -0.00290339 -0.003843 -0.00215228 -0.00107095 0.000640115
internal_weight=116.448 49.7016 16.0475 10.9056 6.9617 66.7465 47.744 47.0053 39.2476 15.6011 33.6541 3.82333
internal_count=14176 4063 1141 219 183 10113 8228 8148 7909 2263 2922 107
is_linear=0
shrinkage=0.03


Tree=54
num_leaves=9
num_cat=0
split_feature=1 4 9 4 11 9 11 4
split_gain=0.192699 0.479207 0.605576 0.217392 0.234566 0.129823 0.207822 0.0257017
threshold=84.894244499253602 57.609720877433148 83.457711442786078 92.145007139611877 62.95532871362596 8.0290010741138573 96.165485500162944 92.145007139611877
decision_type=2 2 2 2 2 2 2 2
left_child=5 -2 3 4 -3 6 -1 -7
right_child=1 2 -4 -5 -6 7 -8 -9
leaf_value=-0.008203354423723816 -0.00099790149527804193 -0.00099790149527804193 0.013584714984795441 0.0060574693921677074 0.0047665803093954956 -0.00099790149527804193 -0.00099790149527804193 7.4297123129671969e-05
leaf_weight=4.8913833220140068 9.0324033687938954 2.2291182208573463 4.3221400801558039 4.3602009103633463 5.5274723486509174 54.98190545628313 1.4402579567395148 29.397171449381858
leaf_count=716 1727 167 85 53 121 10322 54 931
internal_value=-0.00034981 0.00190874 0.00513502 0.00131507 -0.000997901 -0.000997901 -0.00500693 -0.000997901
internal_weight=116.182 25.4713 16.4389 12.1168 7.75659 90.7107 6.33164 84.3791
internal_count=14176 2153 426 341 288 12023 770 11253
is_linear=0
shrinkage=0.03


Tree=55
num_leaves=12
num_cat=0
split_feature=9 5 11 9 5 4 10 0 11 5 9
split_gain=0.4658 0.534056 0.305992 0.43445 0.881495 0.293487 0.153998 0.0858431 0.0629248 0.0486258 0.0414083
threshold=5.0974025974025983 99.590582989708011 65.82171968415814 55.198147195059192 94.159107873044732 92.145007139611877 29.478609625668454 98.884083187650518 95.568978386447739 99.192733789507983 97.161835748792285
decision_type=2 2 2 2 2 2 2 2 2 2 2
left_child=8 2 6 9 5 -5 7 10 -1 -4 -2
right_child=1 -3 3 4 -6 -7 -8 -9 -10 -11 -12
leaf_value=-0.010295692704475182 -0.0065161554603156884 0.0083017083581701911 -0.0014565649778040101 -0.0014565649778040101 0.0083017083581701911 0.0049775831106290917 -0.0014565649778040101 -0.0014565649778040101 -0.0014565649778040101 0.0033402741191886978 -0.0014565649778040101
leaf_weight=3.4084886440541586 9.5912315847235643 6.0981193268671623 26.492985709453954 14.463132742210297 9.8710959056625125 6.3874638845445579 37.801199233566877 0.24526379094459194 0.64056916616391379 0.99415317364036937 0.54301200248301107
leaf_count=462 2284 72 2267 1554 123 162 7146 7 37 14 110
internal_value=-6.32443e-05 0.000333957 -0.000195796 0.00125885 0.00365769 -0.000110878 -0.00194307 -0.00511567 -0.00897862 -0.00145656 -0.00601873
internal_weight=116.537 112.488 106.39 58.2088 30.7217 20.8506 48.1807 10.3795 4.04906 27.4871 10.1342
internal_count=14238 13739 13667 4120 1839 1716 9547 2401 499 2281 2394
is_linear=0
shrinkage=0.03


Tree=56
num_leaves=14
num_cat=0
split_feature=1 9 0 9 11 0 11 5 10 10 10 11 1
split_gain=0.70911 1.16703 0.274662 0.198077 0.160981 0.138731 0.226179 0.0734559 0.0683077 0.0535002 0.0500395 0.030415 0.0476856
threshold=92.145007139611877 79.855072463768138 16.345281680849663 5.0974025974025983 87.182082360538473 95.166158239761174 54.577941432155193 96.938762760361371 93.582704186684978 96.609195402298866 55.952380952380956 95.568978386447739 44.670069597915365
decision_type=2 2 2 2 2 2 2 2 2 2 2 2 2
left_child=3 7 -3 11 -4 6 8 9 -5 -2 -8 12 -1
right_child=1 2 4 5 -6 -7 10 -9 -10 -11 -12 -13 -14
leaf_value=-0.011457924256664658 -0.00061496642436735798 0.0017673017677079619 0.007986819521567599 -0.0044710961896233872 0.023701597612196278 -0.00061496642436735798 -0.0022563528789801808 0.0017673017677079619 -0.00061496642436735798 0.0017673017677079619 -0.00061496642436735798 -0.0022563528789801808 -0.0044710961896233872
leaf_weight=1.5650078246253567 7.4190138666308467 1.4516283228294913 2.6876862478675321 25.471643685770694 2.061308316886425 27.761143093870487 16.001829716609791 2.5977807359304288 2.0850974688073611 1.3549730989616362 24.448049945349339 0.62771679635625321 1.0095888902433214
leaf_count=224 802 132 116 6287 18 599 3129 28 435 40 2210 34 184
internal_value=-6.75677e-05 0.00531624 0.0147687 -0.00106709 0.0177441 -0.000778752 -0.00197602 -0.000614966 -0.00402348 -0.000614966 -0.000614966 -0.00745287 -0.00864602
internal_weight=116.542 17.5724 6.20062 98.9701 4.74899 95.7678 68.0066 11.3718 27.5567 8.77399 40.4499 3.20231 2.5746
internal_count=14238 1136 266 13102 134 12660 12061 870 6722 842 5339 442 408
is_linear=0
shrinkage=0.03


Tree=57
num_leaves=10
num_cat=0
split_feature=1 9 4 4 9 4 0 4 10
split_gain=0.596123 1.03845 1.35577 0.173757 0.147547 0.200745 0.085648 0.0441853 0.0251156
threshold=92.145007139611877 79.855072463768138 28.077289286305682 82.472201235135671 5.0974025974025983 84.088604205880458 89.325266112805878 99.798183447377014 98.595836606441495
decision_type=2 2 2 2 2 2 2 2 2
left_child=4 3 -3 -2 -1 6 8 -7 -6
right_child=1 2 -4 -5 5 7 -8 -9 -10
leaf_value=-0.0066341218200274173 -0.00094552806274839877 -0.00069474980978987799 0.020514306946124064 0.0040363232867879958 -0.0028261957451762437 -0.00094552806274839877 -0.00094552806274839877 0.0040363232867879958 -0.00094552806274839877
leaf_weight=3.1312097078771322 6.0029574388172495 1.1592523793224234 5.0891330286394805 5.3682939987629652 43.586956093029585 43.590225729451049 4.5407047407934433 2.4719589664600781 1.3709576639230352
leaf_count=442 809 157 109 61 9971 2041 372 33 243
internal_value=-2.54394e-05 0.0049022 0.0137785 -0.00069475 -0.000945528 -0.000945528 -0.0020007 0.000726232 -0.00265436
internal_weight=116.312 17.6196 6.24839 11.3713 98.692 95.5608 49.4986 46.0622 44.9579
internal_count=14238 1136 266 870 13102 12660 10586 2074 10214
is_linear=0
shrinkage=0.03


Tree=58
num_leaves=10
num_cat=0
split_feature=1 9 5 5 10 0 10 9 5
split_gain=0.722718 0.90621 0.262618 0.260754 0.178854 0.142976 0.0790348 0.119586 0.0830951
threshold=92.145007139611877 83.067875520705726 96.938762760361371 99.590582989708011 96.609195402298866 16.345281680849663 44.193306693306702 89.181286549707622 98.187309339910442
decision_type=2 2 2 2 2 2 2 2 2
left_child=3 2 4 6 -2 -3 7 -1 -8
right_child=1 5 -4 -5 -6 -7 8 -9 -10
leaf_value=-0.0043161034712034755 -0.0013593456765130635 0.0075900764841695008 0.0075900764841695008 0.0048328629631092255 0.0071287087148007352 0.017223731271416048 -0.0013593456765130635 -0.0013593456765130635 0.0021591826384740834
leaf_weight=19.870025965385143 8.0894305987167154 1.4238578333752219 2.6235292280325657 5.5744001013226798 1.3225945839658386 4.266065281117335 59.521255859930534 5.9085885896347454 7.6502609690651289
leaf_count=4373 840 121 29 78 40 106 7870 674 107
internal_value=5.38162e-05 0.00546034 0.00049781 -0.000963959 -0.000963959 0.0143138 -0.00135935 -0.00301019 -0.00135935
internal_weight=116.25 17.7255 12.0356 98.5245 9.41203 5.68992 92.9501 25.7786 67.1715
internal_count=14238 1136 909 13102 880 227 13024 5047 7977
is_linear=0
shrinkage=0.03


Tree=59
num_leaves=13
num_cat=0
split_feature=1 9 5 5 10 0 9 5 9 10 11 11
split_gain=0.726071 0.862413 0.29303 0.242845 0.240588 0.12374 0.119861 0.0697952 0.401511 0.105994 0.0265504 0.00795182
threshold=92.145007139611877 83.067875520705726 96.938762760361371 99.590582989708011 96.609195402298866 16.345281680849663 4.0145005370569287 96.938762760361371 87.627551020408177 57.294832826747729 77.653105424496871 99.645418523410413
decision_type=2 2 2 2 2 2 2 2 2 2 2 2
left_child=3 2 4 6 -2 -3 -1 9 -9 11 -7 -8
right_child=1 5 -4 -5 -6 10 7 8 -10 -11 -12 -13
leaf_value=-0.0072254117122588501 -0.0013588773479179263 0.0080135894740905461 0.0080135894740905461 0.0046173350208124813 0.0080135894740905461 0.0080135894740905461 -0.0033059456447787944 -0.0015395359198046737 0.0046173350208124813 -0.0015395359198046737 0.020259781800193225 -0.0015395359198046737
leaf_weight=2.188064827118068 8.0236042730393802 1.4320116245653469 2.6676500205649054 5.577550776069983 1.386736209504307 1.9907132117077706 33.386194353399333 13.048002273077147 4.1651117012370369 39.641332364466507 2.3776555095100775 0.24124012514948745
leaf_count=343 840 121 29 78 40 75 7457 254 58 4900 31 12
internal_value=4.97183e-05 0.00544213 0.000581508 -0.0009765 -0.0009765 0.0139894 -0.00135888 -0.00135888 0.000553917 -0.00153954 0.0168422 -0.00321982
internal_weight=116.126 17.8784 12.078 98.2475 9.41034 5.80038 92.6699 90.4819 17.2131 73.2688 4.36837 33.6274
internal_count=14238 1136 909 13102 880 227 13024 12681 312 12369 106 7469
is_linear=0
shrinkage=0.03


Tree=60
num_leaves=11
num_cat=0
split_feature=5 9 11 9 11 1 0 9 0 4
split_gain=1.65915 0.401106 0.243005 0.338506 0.116994 0.119963 0.173089 0.126181 0.0651422 0.0218694
threshold=97.952914948540027 22.150072150072152 37.411253215911351 56.691542288557223 8.2231091466833792 8.6292344229310292 98.884083187650518 96.190130624092902 2.1312300029686315 95.91835034714849
decision_type=2 2 2 2 2 2 2 2 2 2
left_child=4 -2 -3 -4 -1 6 -6 8 -7 -10
right_child=1 2 3 -5 5 7 -8 -9 9 -11
leaf_value=-0.0061394204471101653 -0.0010515424567372144 0.0034705908925462556 0.0042468868115684115 0.015980536276597301 -0.0061394204471101653 -0.0061394204471101653 -0.0014029351662914902 0.0027744724651685379 -0.0014029351662914902 -0.0010515424567372144
leaf_weight=5.1750632557086638 4.1754171405918923 6.0870512267574695 4.6382953965803591 6.0051045194268227 6.9033093579928382 1.0040449450025324 0.70392476010601956 5.6204308953601858 65.74973455700092 8.2452318160794658
leaf_count=1101 98 97 66 51 1000 164 14 508 10839 256
internal_value=-0.000363928 0.00707777 0.00905148 0.011671 -0.00208691 -0.00178307 -0.00518055 -0.00140294 -0.00140294 -0.00140294
internal_weight=114.308 20.9059 16.7305 10.6434 93.4017 88.2267 7.60723 80.6194 74.999 73.995
internal_count=14194 312 214 117 13882 12781 1014 11767 11259 11095
is_linear=0
shrinkage=0.03


Tree=61
num_leaves=15
num_cat=0
split_feature=0 5 11 5 1 4 10 10 10 10 4 1 5 5
split_gain=1.60733 0.49336 0.349993 0.123722 0.326246 0.137524 0.189563 0.120975 0.0586616 0.0572876 0.0848331 0.0477038 0.068444 0.0181821
threshold=98.187309339910442 99.590582989708011 8.2231091466833792 97.952914948540027 13.908610396464148 87.906530936012715 98.058069381598798 69.716905901116448 69.098143236074279 99.350649350649363 98.884083187650518 33.741084343358779 89.707355816226809 99.590582989708011
decision_type=2 2 2 2 2 2 2 2 2 2 2 2 2 2
left_child=1 2 -1 4 9 6 11 -7 13 10 -4 12 -6 -2
right_child=8 -3 3 -5 5 7 -8 -9 -10 -11 -12 -13 -14 -15
leaf_value=-0.0086862764906296998 0.0026065518589026308 0.0077907556930486522 -0.0080737393847319927 0.0026065518589026308 -0.0054231346637310437 -0.0014840752923221123 0.00098959795331815038 0.0026065518589026308 0.011320216625223985 0.00098959795331815038 -0.0014840752923221123 -0.0019507825858984041 -0.0019507825858984041 0.0077907556930486522
leaf_weight=5.9436426975298664 5.772022384451704 1.2060603238642205 8.7946196870761799 4.9461510473629451 9.5919290047604573 9.0049728005542438 2.4825593966525039 9.7859550055582059 8.1105770429130626 0.35370179777965027 0.89701633085496801 42.472604903567117 1.2077020953292947 3.6623777349013835
leaf_count=1117 113 18 1556 99 2033 658 266 263 95 38 33 7726 128 51
internal_value=-0.000309014 -0.00184352 -0.00216971 -0.00164596 -0.00192216 -0.00119149 -0.00193106 0.000989598 0.00779076 -0.00674567 -0.00717911 -0.00248632 -0.00424865 0.00779076
internal_weight=114.232 96.6869 95.4809 89.5372 84.5911 74.5457 55.7548 18.7909 17.545 10.0453 9.69164 53.2722 10.7996 9.4344
internal_count=14194 13935 13917 12800 12701 11074 10153 921 259 1627 1589 9887 2161 164
is_linear=0
shrinkage=0.03


Tree=62
num_leaves=15
num_cat=0
split_feature=0 5 11 5 1 9 10 9 9 9 5 10 9 9
split_gain=1.43562 0.405248 0.306542 0.115262 0.250648 0.179341 0.206079 0.283001 0.0825771 0.0490001 0.0304228 0.0252708 0.0109515 0.00342623
threshold=98.187309339910442 99.590582989708011 8.2231091466833792 97.952914948540027 13.908610396464148 96.190130624092902 70.181009844395064 36.700680272108848 89.927536231884076 95.87365591397851 98.884083187650518 99.350649350649363 8.0290010741138573 94.902597402597408
decision_type=2 2 2 2 2 2 2 2 2 2 2 2 2 2
left_child=1 2 10 4 11 6 9 12 -2 13 -1 -4 -8 -6
right_child=8 -3 3 -5 5 -7 7 -9 -10 -11 -12 -13 -14 -15
leaf_value=-0.0085081912261318476 0.0074527794775068644 0.0074527794775068644 -0.0064588901011001414 0.0026453607515002247 -0.0030145795088537966 0.0026453607515002247 -0.0028503598361042425 0.0026453607515002247 0.012914141668323376 0.0026453607515002247 0.00027388165963542236 -0.0028503598361042425 -0.0014351235236866483 -0.00016289508103871088
leaf_weight=5.548477840027771 14.257636217749679 1.2574879575986404 9.5361520870937824 4.9495531748980275 40.100576385797467 5.4541111201979211 1.8618897157721175 17.354002693202347 3.3539601750671855 0.35796629032120009 0.31065182480961073 0.39623174851294685 8.8025069564464484 0.50144233775790681
leaf_count=1111 228 18 1589 99 7617 480 231 1657 31 40 6 38 983 66
internal_value=-0.000183561 -0.0016404 -0.00193534 -0.00144796 -0.00171629 -0.00107719 -0.00151925 0.000457864 0.00745278 -0.00285036 -0.00807052 -0.00596901 -0.00285036 -0.00298412
internal_weight=114.043 96.4311 95.1736 89.3144 84.3649 74.4325 68.9784 28.0184 17.6116 40.96 5.85913 9.93238 10.6644 40.602
internal_count=14194 13935 13917 12800 12701 11074 10594 2871 259 7723 1117 1627 1214 7683
is_linear=0
shrinkage=0.03


Tree=63
num_leaves=13
num_cat=0
split_feature=0 5 9 1 9 3 10 3 1 9 10 10
split_gain=1.06292 0.378313 0.137748 0.119832 0.146375 0.441857 0.24341 0.241022 0.138107 0.0897305 0.392793 0.0108971
threshold=98.187309339910442 99.590582989708011 8.0290010741138573 2.9434805554639314 96.190130624092902 88.934013919583094 38.883504555146352 97.180258973194029 95.91835034714849 50.324675324675333 70.181009844395064 91.578014184397162
decision_type=2 2 2 2 2 2 2 2 2 2 2 2
left_child=1 2 -1 11 6 8 -5 -8 -6 -2 -11 -4
right_child=9 -3 3 4 5 -7 7 -9 -10 10 -12 -13
leaf_value=-0.006047833157692869 0.006359997487630201 0.006359997487630201 -0.006047833157692869 -0.00483068555429483 -0.0015545780284051127 0.006359997487630201 -0.0015545780284051127 0.0058629257409271995 0.006359997487630201 0.006359997487630201 0.015580557725708315 -0.0015545780284051127
leaf_weight=5.3218219608534119 7.6782255182042745 1.2746028874535102 1.7073705488583066 19.636159073095769 4.246155551983974 1.7696353447390718 56.176693639950827 4.3984150154283261 0.9755009333603083 5.0753929426427913 5.0594886541366577 0.4585042456164955
leaf_count=891 154 18 247 4121 507 72 7881 140 24 62 43 34
internal_value=-0.000167354 -0.00143206 -0.00173357 -0.00141258 -0.00118464 0.00272304 -0.00155458 -0.00155458 -0.00155458 0.00636 0.00965929 -0.00604783
internal_weight=113.778 95.9649 94.6903 89.3684 87.2026 6.99129 80.2113 60.5751 5.22166 17.8131 10.1349 2.16587
internal_count=14194 13935 13917 13026 12745 603 12142 8021 531 259 105 281
is_linear=0
shrinkage=0.03


Tree=64
num_leaves=15
num_cat=0
split_feature=0 5 11 5 1 9 4 1 9 10 0 10 9 4
split_gain=0.924394 0.361247 0.277706 0.293768 0.285309 0.311646 0.228016 0.205282 0.0923131 0.363379 0.0795282 0.0928226 0.110486 0.0264537
threshold=98.187309339910442 99.590582989708011 18.673363987738242 97.952914948540027 13.50249851573323 96.190130624092902 88.606295431589771 92.145007139611877 50.324675324675333 70.181009844395064 2.1312300029686315 24.837662337662341 84.668803418803421 88.606295431589771
decision_type=2 2 2 2 2 2 2 2 2 2 2 2 2 2
left_child=1 2 -1 4 -4 10 7 -7 -2 -10 -6 12 -12 -13
right_child=8 -3 3 -5 5 6 -8 -9 9 -11 11 13 -14 -15
leaf_value=-0.0054847814748596319 0.0059206552775688988 0.0059206552775688988 -0.0054847814748596319 0.0058183943162825802 -0.0054847814748596319 -0.0013083830226818041 0.0058183943162825802 0.0058183943162825802 0.0059206552775688988 0.014845481681489839 -0.0054847814748596319 -0.0013083830226818041 -0.0013083830226818041 0.00076370504050102912
leaf_weight=13.334959668223744 7.8429982590023455 1.278639705153181 8.7604019252466951 4.4517061808146527 0.83809830748941649 2.0838803544174875 1.7569006114499641 1.4096976732835171 5.0761224476154876 5.0290742665529251 7.0079952155938354 38.827649473038036 2.1073047035606578 13.788288011623079
leaf_count=2570 154 18 1411 80 136 325 40 39 62 43 1661 6788 274 593
internal_value=-0.000139465 -0.00132616 -0.001629 -0.000935344 -0.00139789 -0.000689244 0.00571786 -0.00130838 0.00592066 0.00918223 -0.00130838 -0.00130838 -0.00426362 -0.00130838
internal_weight=113.594 95.6455 94.3669 81.0319 76.5802 67.8198 5.25048 3.49358 17.9482 10.1052 62.5693 61.7312 9.1153 52.6159
internal_count=14194 13935 13917 11347 11267 9856 404 364 259 105 9452 9316 1935 7381
is_linear=0
shrinkage=0.03


Tree=65
num_leaves=10
num_cat=0
split_feature=1 4 11 0 1 1 5 5 4
split_gain=0.594039 1.22046 0.110139 0.150509 0.0765243 0.0535018 0.0379526 0.00770134 0.00228523
threshold=97.578201368523963 23.201703238946195 55.177926479319225 98.884083187650518 3.3496058317115813 95.166158239761174 99.798183447377014 52.738381781151645 99.798183447377014
decision_type=2 2 2 2 2 2 2 2 2
left_child=2 -2 3 4 -1 6 -6 -7 -4
right_child=1 -3 8 -5 5 7 -8 -9 -10
leaf_value=-0.0092057430195143491 -0.00043605504964405723 0.016073748693596013 -0.00043605504964405723 -0.00043605504964405723 -0.0030583669842497068 -0.0030583669842497068 -0.00043605504964405723 -0.00043605504964405723 0.0046811046826038209
leaf_weight=0.79989150969777156 1.8208908065571439 5.1367815755074844 62.448888713668566 4.5470665128668761 35.10685262165498 0.84105410223128152 0.26027585566043754 1.1523490162217056 1.6654914803802956
leaf_count=151 229 124 5844 68 7602 159 4 51 19
internal_value=0.000149028 0.00805785 -0.000436055 -0.00194346 -0.00288555 -0.00251378 -0.00286151 -0.000436055 -0.000436055
internal_weight=113.78 6.95767 106.822 42.7075 38.1604 37.3605 35.3671 1.9934 64.1144
internal_count=14251 353 13898 8035 7967 7816 7606 210 5863
is_linear=0
shrinkage=0.03


Tree=66
num_leaves=13
num_cat=0
split_feature=9 5 10 4 9 5 4 9 9 11 10 11
split_gain=0.258088 0.266706 0.181745 0.183063 0.318238 0.370798 0.13373 0.107872 0.0748988 0.0481798 0.02079 0.0175164
threshold=96.086938029007712 99.590582989708011 63.299319727891167 70.795539365223604 34.7524154589372 98.187309339910442 99.590582989708011 13.383084577114429 90.430402930402948 95.269705249213459 96.992311171415665 67.004061026034009
decision_type=2 2 2 2 2 2 2 2 2 2 2 2
left_child=1 2 7 8 5 10 -2 9 -4 -1 -5 -6
right_child=6 -3 3 4 11 -7 -8 -9 -10 -11 -12 -13
leaf_value=-0.0071666264492834218 0.0045000771688187818 0.0045000771688187818 -0.0019920143057621928 -0.0019920143057621928 0.0038341897843258686 0.0038341897843258686 0.013113414051919559 -0.0019920143057621928 0.0038341897843258686 -0.0019920143057621928 0.0038341897843258686 0.0045000771688187818
leaf_weight=4.5415058800717807 9.2566355208400584 6.2703297352418295 14.615770306962066 7.7296614514780213 5.6634936048649456 1.6200562964659173 0.89524571225047189 43.54441271815449 0.9547578473575421 0.51206452236510802 1.4132350503932682 16.521057321573608
leaf_count=954 688 79 3094 500 436 23 7 7880 142 51 44 353
internal_value=0.000163239 -0.000301641 -0.000713637 0.000581216 0.00183274 -0.00199201 0.00450008 -0.00199201 -0.00199201 -0.00607773 -0.00199201 0.00383419
internal_weight=113.538 103.386 97.116 48.518 32.9475 10.763 10.1519 48.598 15.5705 5.05357 9.1429 22.1846
internal_count=14251 13556 13477 4592 1356 567 695 8885 3236 1005 544 789
is_linear=0
shrinkage=0.03


Tree=67
num_leaves=9
num_cat=0
split_feature=1 4 4 10 0 11 1 4
split_gain=0.54542 1.15508 0.109883 0.101167 0.133217 0.0707097 0.0657794 0.0557557
threshold=97.578201368523963 30.518918695148205 99.798183447377014 30.604629911666162 98.884083187650518 92.547827286298443 19.97983870967742 84.088604205880458
decision_type=2 2 2 2 2 2 2 2
left_child=2 -2 3 4 5 6 -1 -5
right_child=1 -3 -4 7 -6 -7 -8 -9
leaf_value=-0.0083684296399339029 -0.00039698941580268156 0.015573789140936985 0.0047101205302553465 -0.00039698941580268156 -0.00039698941580268156 -0.00039698941580268156 -0.0031600111893187394 0.00076650994568742232
leaf_weight=2.6938166603213238 1.9920100736781012 5.1469454444595613 2.6740015319082877 43.214115812035743 1.5620518017094571 2.0086860472802064 12.481452860811258 41.652880826033652
leaf_count=632 246 107 40 8526 30 249 2776 1645
internal_value=0.000172519 0.00765853 -0.000396989 -0.000572556 -0.00258385 -0.00383142 -0.00454478 -0.000396989
internal_weight=113.426 7.13896 106.287 103.613 18.746 17.184 15.1753 84.867
internal_count=14251 353 13898 13858 3687 3657 3408 10171
is_linear=0
shrinkage=0.03


Tree=68
num_leaves=11
num_cat=0
split_feature=1 9 11 0 9 1 1 5 11 1
split_gain=0.641711 0.446021 0.107945 0.162727 0.13815 0.0703525 0.0529072 0.041454 0.0276735 0.0127393
threshold=97.578201368523963 44.337606837606842 55.177926479319225 98.884083187650518 55.863254392666164 3.3496058317115813 95.166158239761174 99.798183447377014 5.7863574891974805 79.251081825334396
decision_type=2 2 2 2 2 2 2 2 2 2
left_child=2 -2 3 5 -4 -1 7 9 -3 -7
right_child=1 8 4 -5 -6 6 -8 -9 -10 -11
leaf_value=-0.0090343383087710897 -0.0004230769857259717 0.0026242387584961479 -0.0004230769857259717 -0.0004230769857259717 0.0019827092090254133 -0.003442075062178297 -0.0004230769857259717 -0.0004230769857259717 0.013315802653250086 -0.0016347031748402646
leaf_weight=0.79481634427793224 1.8958522906759743 0.82188548240810622 31.90167072362965 4.5849747800966716 31.906125182460528 27.433082208037376 1.983607203233986 0.27171911671757598 4.464433058979921 7.2726644629146895
leaf_count=151 134 59 3402 68 2461 6203 210 4 160 1399
internal_value=0.000197037 0.00829359 -0.000423077 -0.00192163 -0.000423077 -0.00293203 -0.00256627 -0.00290804 0.0123354 -0.00311973
internal_weight=113.331 7.18217 106.149 42.3409 63.8078 37.7559 36.9611 34.9775 5.28632 34.7057
internal_count=14251 353 13898 8035 5863 7967 7816 7606 219 7602
is_linear=0
shrinkage=0.03


Tree=69
num_leaves=11
num_cat=0
split_feature=1 4 10 0 11 1 9 4 9 1
split_gain=0.552408 1.1781 0.0866829 0.131832 0.0859306 0.0810716 0.0853804 0.0594001 0.00137116 0.00129472
threshold=97.578201368523963 30.518918695148205 39.250700280112049 98.187309339910442 90.96464030082133 46.700695979153622 89.680527383367163 84.088604205880458 89.680527383367163 19.97983870967742
decision_type=2 2 2 2 2 2 2 2 2 2
left_child=2 -2 3 4 5 9 -7 -4 -6 -1
right_child=1 -3 7 -5 8 6 -8 -9 -10 -11
leaf_value=-0.0077183811101598325 -0.00036331333751972363 0.015649565981885171 -0.00036331333751972363 -0.00036331333751972363 -0.0022565347779015124 -0.0036893583112654099 -0.00036331333751972363 0.00099321697373265993 -0.00036331333751972363 -0.0039941143749990526
leaf_weight=3.3888376164832241 1.9837766198907036 5.2236081552691758 39.477055761613883 2.4236051205079994 2.2145236823707823 8.7969831817899813 1.7400364564964537 41.657676408183761 1.1280364483827723 5.0656520201009698
leaf_count=790 246 107 7615 50 328 2083 288 1503 63 1178
internal_value=0.000214471 0.00771336 -0.000363313 -0.00210513 -0.00326839 -0.00406813 -0.00201321 -0.000363313 -0.000363313 -0.0061454
internal_weight=113.1 7.20738 105.892 24.7577 22.3341 18.9915 10.537 81.1347 3.34256 8.45449
internal_count=14251 353 13898 4780 4730 4339 2371 9118 391 1968
is_linear=0
shrinkage=0.03


Tree=70
num_leaves=8
num_cat=0
split_feature=1 4 9 5 9 1 10
split_gain=0.545326 0.965795 0.299089 0.364671 0.084959 0.284479 0.0299399
threshold=97.180258973194029 31.332795164762384 80.131578947368439 90.355452386449869 8.0290010741138573 55.578185109753342 63.733075435203098
decision_type=2 2 2 2 2 2 2
left_child=4 -2 3 -3 5 -1 -7
right_child=1 2 -4 -5 -6 6 -8
leaf_value=-0.0088277382344339999 -0.0005243336543722609 -0.0005243336543722609 0.020622208499971335 0.013257991186095433 -0.0005243336543722609 -0.0071760513775830379 -0.0005243336543722609
leaf_weight=3.8304743058397426 1.9900197386159542 2.0644931984716099 2.3048157626762986 1.7504295925609765 98.619892153365072 1.1867004989180716 1.6619949334999544
leaf_count=517 272 92 31 18 12932 219 129
internal_value=8.00603e-05 0.00712377 0.0135102 0.00582276 -0.000524334 -0.00368551 -0.000524334
internal_weight=113.409 8.10976 6.11974 3.81492 105.299 6.67917 2.8487
internal_count=14210 413 141 110 13797 865 348
is_linear=0
shrinkage=0.03


Tree=71
num_leaves=11
num_cat=0
split_feature=1 5 9 11 4 1 5 10 11 1
split_gain=0.466055 0.897257 0.426299 0.0907402 0.0767397 0.180313 0.0374442 0.0407838 0.0323836 0.0138077
threshold=97.180258973194029 98.187309339910442 80.131578947368439 3.4800445874819812 84.088604205880458 84.088604205880458 98.187309339910442 98.496155585707839 98.786651944546705 31.73973339956947
decision_type=2 2 2 2 2 2 2 2 2 2
left_child=3 2 -2 -1 5 6 7 8 9 -5
right_child=1 -3 -4 4 -6 -7 -8 -9 -10 -11
leaf_value=-0.0053625600603744829 -0.00044724120111591859 0.020111226518665624 0.010209134871167569 -0.0043486280311298819 -0.00044724120111591859 -0.00044724120111591859 -0.00044724120111591859 -0.00044724120111591859 -0.00044724120111591859 -0.0027370020651518927
leaf_weight=2.3884501195279872 3.7229653443791886 1.9846280068159101 2.3953026060480624 12.115512744465375 48.516492015856784 11.040289770870002 1.8255805599037547 1.4480876802699629 0.68250978994183142 27.173529498104472
leaf_count=401 318 16 79 2914 2186 1623 50 253 72 6298
internal_value=0.000112191 0.00662596 4.08681e-05 -0.000447241 -0.000447241 -0.0015891 -0.00274974 -0.00296295 -0.0031773 -0.00332958
internal_weight=113.293 8.1029 6.11827 105.19 102.802 54.2855 43.2452 41.4196 39.9716 39.289
internal_count=14210 413 397 13797 13396 11210 9587 9537 9284 9212
is_linear=0
shrinkage=0.03


Tree=72
num_leaves=8
num_cat=0
split_feature=5 1 9 1 4 10 5
split_gain=0.392478 0.671202 0.503981 0.37219 0.213835 0.0530173 0.0373952
threshold=97.952914948540027 90.73513662620887 80.825791855203633 8.6292344229310292 98.58442726863781 98.692754613807253 97.578201368523963
decision_type=2 2 2 2 2 2 2
left_child=3 2 -2 4 5 6 -1
right_child=1 -3 -4 -5 -6 -7 -8
leaf_value=-0.010689923351023794 -0.00077439149492244952 0.013623189500910633 0.0073932964829275709 -0.00077439149492244952 -0.00077439149492244952 -0.00077439149492244952 -0.00077439149492244952
leaf_weight=5.216504469048231 11.540162274613982 3.7774711302481583 6.6401192012708625 84.204516299068928 1.1945247608236966 0.31183241144753981 0.33094394812360395
leaf_count=988 214 36 72 12800 55 33 12
internal_value=9.99302e-05 0.00360914 0.000926644 -0.000774391 -0.00722932 -0.00955316 -0.0101614
internal_weight=113.216 21.9578 18.1803 91.2583 7.05381 5.85928 5.54745
internal_count=14210 322 286 13888 1088 1033 1000
is_linear=0
shrinkage=0.03


Tree=73
num_leaves=14
num_cat=0
split_feature=1 5 9 11 9 1 10 5 0 1 10 10 10
split_gain=0.291648 0.898193 0.420995 0.0855713 0.0643464 0.230681 0.148525 0.145267 0.122028 0.0236064 0.0259551 0.0173416 0.0033819
threshold=97.180258973194029 99.192733789507983 80.131578947368439 3.4800445874819812 81.725417439703179 0.50672889797803222 63.299319727891167 99.192733789507983 98.58442726863781 43.045568492924765 50.863330406789586 61.209259823332324 40.34156142365098
decision_type=2 2 2 2 2 2 2 2 2 2 2 2 2
left_child=3 2 -2 -1 5 -5 8 -6 9 11 12 -7 -11
right_child=1 -3 -4 4 7 6 -8 -9 -10 10 -12 -13 -14
leaf_value=-0.0050279339725642601 -0.0002555520057413206 0.02089275857000426 0.0098815728762100905 -0.0050279339725642601 -0.0002555520057413206 -0.0042965329816216013 -0.0002555520057413206 0.0061850743131013335 -0.0002555520057413206 -0.0031420646290494748 -0.0002555520057413206 -0.0002555520057413206 -0.0016349474840728277
leaf_weight=2.3842968897661185 4.0104298669612017 1.4452128261327741 2.6879745126934722 0.74865801085252215 22.977160380454745 11.984777255565858 40.727756501466502 3.4630065076053134 3.9029065492795771 8.744365358783396 3.1532999077462582 0.33485655195545483 6.4812781619839379
leaf_count=401 322 10 81 43 2443 2912 3864 36 75 2038 736 73 1176
internal_value=0.000189964 0.0053292 -0.000255552 -0.000255552 -0.000255552 -0.000540304 -0.000255552 0.00115152 -0.002196 -0.00302966 -0.002141 -0.00409513 -0.00264081
internal_weight=113.046 8.14362 6.6984 104.902 102.518 76.0779 75.3292 26.4402 34.6015 30.6986 18.3789 12.3196 15.2256
internal_count=14210 413 403 13797 13396 10917 10874 2479 7010 6935 3950 2985 3214
is_linear=0
shrinkage=0.03


Tree=74
num_leaves=12
num_cat=0
split_feature=4 1 9 0 5 1 1 1 1 5 10
split_gain=0.278681 0.577995 0.255353 0.243329 0.118398 0.255506 0.098301 0.0337608 0.0265028 0.0172227 0.0179896
threshold=84.088604205880458 94.897937933935609 29.631255487269538 94.159107873044732 93.877525520722713 26.042598112270245 98.884083187650518 84.088604205880458 34.954422271495453 98.187309339910442 98.496155585707839
decision_type=2 2 2 2 2 2 2 2 2 2 2
left_child=6 2 -2 8 5 -5 7 9 -4 10 -1
right_child=1 -3 3 4 -6 -7 -8 -9 -10 -11 -12
leaf_value=-0.0025021422394117315 -0.0012008985276589356 0.010573352534010309 -0.0012008985276589356 -0.0008994593394910939 0.0047917281626517413 0.0047917281626517413 0.0039939094072085936 -0.0012008985276589356 0.00046648432393070369 -0.0012008985276589356 -0.0012008985276589356
leaf_weight=40.543382750067394 9.987084635475183 4.9527626149356356 6.4216454099514459 1.2778480211272865 19.063581433612853 1.6542557026259599 2.1858208880294105 14.729106452374252 8.6226314166560751 2.0262211407534769 1.4882738635060366
leaf_count=9518 681 50 609 97 302 48 162 1962 462 54 265
internal_value=0.000166369 0.00176258 0.000633822 0.00201303 0.00395757 -0.000899459 -0.0012009 -0.00145762 -0.000899459 -0.00209186 -0.00230766
internal_weight=112.953 51.9798 47.027 37.04 21.9957 2.9321 60.9728 58.787 15.0443 44.0579 42.0317
internal_count=14210 2249 2199 1518 447 145 11961 11799 1071 9837 9783
is_linear=0
shrinkage=0.03


Tree=75
num_leaves=10
num_cat=0
split_feature=0 11 4 1 5 10 1 1 4
split_gain=0.0962415 0.210152 0.179224 0.150599 0.0858378 0.0742855 0.0707421 0.057644 0.0933852
threshold=95.91835034714849 49.948875255623726 3.7557311079592313 31.332795164762384 94.897937933935609 35.767590618336889 59.652640980267783 8.2231091466833792 89.325266112805878
decision_type=2 2 2 2 2 2 2 2 2
left_child=1 5 -3 4 7 -1 -2 -4 -9
right_child=6 2 3 -5 -6 -7 -8 8 -10
leaf_value=-0.0051329847375475848 0.0017102261926891977 -0.0022771738942180052 -0.0022771738942180052 0.0017102261926891977 0.0017102261926891977 -0.0022771738942180052 0.0049550919474017656 -0.0021505746187860386 0.0017102261926891977
leaf_weight=7.833438895933809 22.927675717044636 1.1228680346393947 2.6301324767409797 39.372974148252979 1.6011534656863649 21.885178727970924 5.3246044340776271 7.511671496788038 3.5932613471522927
leaf_count=2056 504 159 529 4587 64 4585 86 1451 235
internal_value=0.000224093 -0.000280777 0.000803247 0.00128215 -0.00130653 -0.00227717 0.00171023 -0.00223073 -0.000105348
internal_weight=113.803 85.5507 55.8321 54.7092 15.3362 29.7186 28.2523 13.7351 11.1049
internal_count=14256 13666 7025 6866 2279 6641 590 2215 1686
is_linear=0
shrinkage=0.03


Tree=76
num_leaves=11
num_cat=0
split_feature=9 4 10 11 3 0 9 3 9 3
split_gain=0.0878864 0.23314 0.180566 0.346291 0.187169 0.136082 0.100959 0.0560485 0.0353855 0.0257066
threshold=34.7524154589372 71.198359511910184 74.217986314760523 85.437960443353035 97.180258973194029 1.7251047267209818 90.849282296650742 66.869302783936945 3.3908045977011496 97.578201368523963
decision_type=2 2 2 2 2 2 2 2 2 2
left_child=5 6 9 4 -4 -1 -2 -5 -7 -3
right_child=1 2 3 7 -6 8 -8 -9 -10 -11
leaf_value=-0.0098703038111521164 -0.0010972207305385137 0.00040872017324660858 0.00040872017324660858 0.0039776025046904381 0.0068127940429042596 -0.0045630508874336976 0.00040872017324660858 0.010043180105787836 -0.0010972207305385137 0.0021964781129660649
leaf_weight=0.60689050273505785 26.333972076477949 21.937670898041699 8.9102556282305176 4.4388947761617583 3.1126961025875053 2.3670865288004377 6.4182559178443617 5.3524487708928064 27.855516828421969 6.2911314854864022
leaf_count=89 6075 1981 433 92 38 279 959 69 4144 97
internal_value=0.000247431 0.000755241 0.00202814 0.00401398 0.000471758 -0.00109722 -0.00109722 0.00791677 -0.00109722 0.00040872
internal_weight=113.625 82.7953 50.0431 21.8143 12.023 30.8295 32.7522 9.79134 30.2226 28.2288
internal_count=14256 9744 2710 632 471 4512 7034 161 4423 2078
is_linear=0
shrinkage=0.03


Tree=77
num_leaves=11
num_cat=0
split_feature=0 1 4 4 10 11 1 11 0 10
split_gain=0.150046 0.244659 0.705534 0.205479 0.187831 0.145325 0.0521385 0.0427608 0.116161 0.0305337
threshold=0.50672889797803222 94.55095307917891 92.145007139611877 24.822818802969582 67.637201508169269 44.731374416923991 0.50672889797803222 55.177926479319225 93.877525520722713 96.87194525904205
decision_type=2 2 2 2 2 2 2 2 2 2
left_child=-1 6 3 -3 5 -5 -2 8 9 -8
right_child=1 2 -4 4 -6 -7 7 -9 -10 -11
leaf_value=-0.0094242128692799219 -0.0043403148502915096 -0.00015434414189123099 0.01441455058713407 -0.00015434414189123099 0.0083594846278819274 0.0060999575652364571 -0.0025941780124107312 -0.00015434414189123099 -0.00015434414189123099 -0.00015434414189123099
leaf_weight=0.42591195832937856 1.6793475424638007 2.9187018239754234 3.177241399884223 0.95424616959644515 3.8847032076446339 2.3794350521638989 27.874922296556182 59.748822770488914 9.236767440219408 1.2293753592530254
leaf_count=61 55 424 28 107 103 103 7125 5657 345 248
internal_value=0.000251639 0.00037037 0.00403835 -0.000154344 0.00459015 -0.000154344 -0.000154344 -0.000154344 -0.00116033 -0.00234434
internal_weight=113.509 113.084 13.3143 10.1371 7.21838 3.33368 99.7692 98.0899 38.3411 29.1043
internal_count=14256 14195 765 737 313 210 13430 13375 7718 7373
is_linear=0
shrinkage=0.03


Tree=78
num_leaves=9
num_cat=0
split_feature=0 1 4 9 4 9 5 5
split_gain=0.141456 0.180426 0.7125 0.33701 0.849378 0.032184 0.0806445 0.00429148
threshold=0.50672889797803222 94.55095307917891 92.145007139611877 80.131578947368439 26.449536347077331 3.3908045977011496 99.590582989708011 96.938762760361371
decision_type=2 2 2 2 2 2 2 2
left_child=-1 5 3 -3 -5 6 -2 -7
right_child=1 2 -4 4 -6 7 -8 -9
leaf_value=-0.0091510259038723469 -0.0063300425904623918 -7.5086088994706318e-05 0.014088414025743047 -7.5086088994706318e-05 0.014088414025743047 -0.00032608266571750114 -7.5086088994706318e-05 -7.5086088994706318e-05
leaf_weight=0.42064472229685534 1.5957387770758935 6.3183261792291869 3.1221266016364089 1.2775382422842088 2.60806820448488 75.044215283065569 0.49358316673897196 22.495063140406273
leaf_count=61 254 573 28 106 58 12770 10 396
internal_value=0.000261783 0.000376833 0.00352488 -7.50861e-05 0.00785662 -7.50861e-05 -0.00313742 -7.50861e-05
internal_weight=113.375 112.955 13.3261 10.2039 3.88561 99.6286 2.08932 97.5393
internal_count=14256 14195 765 737 164 13430 264 13166
is_linear=0
shrinkage=0.03


Tree=79
num_leaves=10
num_cat=0
split_feature=0 1 4 5 1 5 11 0 10
split_gain=0.138631 0.15427 0.713391 0.139498 0.0302194 0.102163 0.103558 0.0603083 0.0287698
threshold=0.50672889797803222 94.55095307917891 92.145007139611877 99.192733789507983 0.50672889797803222 99.798183447377014 54.577941432155193 98.884083187650518 35.995554144172765
decision_type=2 2 2 2 2 2 2 2 2
left_child=-1 4 3 -3 -2 6 7 8 -6
right_child=1 2 -4 -5 5 -7 -8 -9 -10
leaf_value=-0.0090483805560920248 -0.0032376239621449113 -3.1879122353859863e-05 0.013914247479658489 0.0087578832306322765 -0.0032376239621449113 0.0050632566867732272 -3.1879122353859863e-05 -3.1879122353859863e-05 -0.0014722364107022064
leaf_weight=0.41935962793650006 1.6465937540633593 9.5736802866449544 3.1184077672660342 0.72894629091024477 8.795115886081474 2.5343069103546432 60.061052884266246 2.6333989802515125 23.742092991713434
leaf_count=61 55 730 28 7 2304 34 6025 46 4966
internal_value=0.000274602 0.000388436 0.00328812 -3.18791e-05 -3.18791e-05 -3.18791e-05 -0.000130181 -0.0016451 -0.00213551
internal_weight=113.253 112.834 13.421 10.3026 99.4126 97.766 95.2317 35.1706 32.5372
internal_count=14256 14195 765 737 13430 13375 13341 7316 7270
is_linear=0
shrinkage=0.03


Tree=80
num_leaves=6
num_cat=0
split_feature=11 3 1 1 9
split_gain=0.16123 0.310857 0.108274 0.0184512 0.542798
threshold=7.4823130086287986 98.187309339910442 98.884083187650518 92.145007139611877 79.855072463768138
decision_type=2 2 2 2 2
left_child=1 -1 3 -2 -5
right_child=2 -3 -4 4 -6
leaf_value=-0.0085099917236948087 0.000191338525428721 0.000191338525428721 0.0055282640305785837 0.000191338525428721 0.0055282640305785837
leaf_weight=4.7503845199244088 89.951625973742921 1.8915367478039113 2.4225273762131101 8.1358373970724625 4.5899602886056519
leaf_count=1001 12348 44 97 578 172
internal_value=-0.000112795 -0.00432061 0.000191339 0.000191339 0.00139629
internal_weight=111.742 6.64192 105.1 102.677 12.7258
internal_count=14240 1045 13195 13098 750
is_linear=0
shrinkage=0.03


Tree=81
num_leaves=9
num_cat=0
split_feature=9 4 1 9 11 1 9 9
split_gain=0.106894 0.0855525 0.298238 1.2373 0.140641 0.0232411 0.276712 0.018469
threshold=1.4190821256038648 3.7557311079592313 92.145007139611877 79.855072463768138 75.404864935746147 3.3496058317115813 55.863254392666164 7.0954106280193248
decision_type=2 2 2 2 2 2 2 2
left_child=-1 -2 5 -4 -5 6 -3 -7
right_child=1 2 3 4 -6 7 -8 -9
leaf_value=-0.0076332367150200673 -0.0045006791811985497 -0.0045006791811985497 -0.00053496796863626973 0.005467636997961647 0.017627847167549043 -0.002563236742370334 -0.00053496796863626973 -0.00053496796863626973
leaf_weight=0.68403697182657097 2.7053755261003962 3.7290091943577854 10.120804593723735 2.65335659100674 3.3250017252285033 3.6778626148588947 3.9888098537921906 80.805501901602838
leaf_count=58 511 272 692 150 55 602 183 11717
internal_value=-0.000131653 -1.76892e-05 0.00013445 0.00377533 0.0137877 -0.000534968 -0.00209451 -0.000534968
internal_weight=111.69 111.006 108.3 16.0992 5.97836 92.2012 7.71782 84.4834
internal_count=14240 14182 13671 897 205 12774 455 12319
is_linear=0
shrinkage=0.03


Tree=82
num_leaves=11
num_cat=0
split_feature=9 0 1 9 4 11 0 1 10 1
split_gain=0.109204 0.0986279 0.105573 0.892028 1.09953 0.288659 0.021208 0.0701019 0.00681817 0.0221583
threshold=1.4190821256038648 0.50672889797803222 92.145007139611877 79.855072463768138 22.391145456934503 75.404864935746147 92.857113107509832 27.26341281669151 24.582560296846015 46.700695979153622
decision_type=2 2 2 2 2 2 2 2 2 2
left_child=-1 -2 6 -4 -5 -6 7 -3 9 -9
right_child=1 2 3 4 5 -7 -8 8 -10 -11
leaf_value=-0.0076975188975073423 -0.0076975188975073423 -0.0025210318780435627 -0.00029986670013123676 -0.00029986670013123676 0.00536068280105858 0.022169884245886166 -0.00029986670013123676 -0.0025210318780435627 -0.00029986670013123676 -0.00029986670013123676
leaf_weight=0.68068861885694687 0.40827880974393238 15.693534326972438 10.67894843319664 1.3740848609013472 2.245292070438154 3.0841398055199534 32.039364920346998 2.1318169952719463 38.066930396074895 5.3449403691338375
leaf_count=58 59 3202 806 126 81 39 988 521 7023 1337
internal_value=-0.000107632 7.1553e-06 0.000106626 0.00218557 0.0106074 0.017054 -0.000299867 -0.000854961 -0.000299867 -0.00116868
internal_weight=111.748 111.067 110.659 17.3825 6.70352 5.32943 93.2766 61.2372 45.5437 7.47676
internal_count=14240 14182 14123 1052 246 120 13071 12083 8881 1858
is_linear=0
shrinkage=0.03


Tree=83
num_leaves=10
num_cat=0
split_feature=0 11 1 0 1 10 11 1 10
split_gain=0.0996267 0.0976579 0.242226 0.187033 0.0387632 0.124053 0.0805509 0.0583901 0.0143797
threshold=0.50672889797803222 4.0816496528515325 98.884083187650518 96.938762760361371 90.73513662620887 15.038444142921756 75.404864935746147 98.187309339910442 95.633534455382673
decision_type=2 2 2 2 2 2 2 2 2
left_child=-1 3 4 8 -3 -6 7 -7 -2
right_child=1 2 -4 -5 5 6 -8 -9 -10
leaf_value=-0.0080351570513236912 -0.0080351570513236912 -8.8068205595821547e-05 0.0076486938413106876 -8.8068205595821547e-05 -8.8068205595821547e-05 -8.8068205595821547e-05 0.0049353779074558192 0.0049353779074558192 -0.00074574957576168169
leaf_weight=0.40896942763356392 2.5004223941941768 89.593565340095665 2.7728982971748328 0.97123002202715714 1.1751149930059899 5.4467167669208703 7.6243239686591551 0.62123431893996883 0.45865428261458863
leaf_count=59 499 12522 95 15 131 593 237 38 51
internal_value=-0.000107889 -7.34732e-06 0.000180812 -0.00413648 -8.80682e-05 0.00139488 0.00307019 0.00035991 -0.00802089
internal_weight=111.573 111.164 107.234 3.93031 104.461 14.8674 13.6923 6.06795 2.95908
internal_count=14240 14181 13616 565 13521 999 868 631 550
is_linear=0
shrinkage=0.03


Tree=84
num_leaves=8
num_cat=0
split_feature=0 9 4 11 0 9 5
split_gain=0.104234 0.105849 0.0866811 0.107833 0.146994 0.046947 0.579743
threshold=0.50672889797803222 1.4190821256038648 3.7557311079592313 4.0816496528515325 96.938762760361371 86.715686274509821 97.578201368523963
decision_type=2 2 2 2 2 2 2
left_child=-1 -2 -3 4 -4 -5 -7
right_child=1 2 3 5 -6 6 -8
leaf_value=-0.0081962656463892732 -0.0074623762473227688 -0.0045582479238089899 -0.0045582479238089899 0.0004597036673435288 0.0004597036673435288 0.0004597036673435288 0.010711833211373183
leaf_weight=0.41108833998441596 0.6813142245518965 2.4549436266534022 2.4944107340998012 83.754072787764017 0.97085866623092432 16.374984481895812 4.3702221957501015
leaf_count=59 58 468 455 11408 15 1728 49
internal_value=-9.39511e-05 8.87624e-06 0.000121537 0.000268804 -0.00430171 0.000459704 0.00185712
internal_weight=111.512 111.101 110.419 107.965 3.46527 104.499 20.7452
internal_count=14240 14181 14123 13655 470 13185 1777
is_linear=0
shrinkage=0.03


Tree=85
num_leaves=12
num_cat=0
split_feature=9 1 4 1 4 0 5 4 9 9 4
split_gain=0.222066 0.423281 1.40507 0.266656 0.117074 0.0921063 0.0501164 0.123825 0.0369171 0.0255942 0.0058864
threshold=81.725417439703179 90.355452386449869 28.077289286305682 0.50672889797803222 99.798183447377014 1.7251047267209818 83.685784059193892 83.685784059193892 45.049019607843142 1.4190821256038648 71.979723266706259
decision_type=2 2 2 2 2 2 2 2 2 2 2
left_child=3 4 -3 -1 6 8 -2 -8 -5 -7 -4
right_child=1 2 10 5 -6 9 7 -9 -10 -11 -12
leaf_value=-0.012642177914696759 -0.00098389183187701495 -0.00038985391792245122 0.0080199233350163115 -0.0095964349863104474 0.0065401364557210132 -0.0048364765322639666 -0.00098389183187701495 0.0041299091631616502 -0.00098389183187701495 -0.00098389183187701495 0.019355677927391544
leaf_weight=0.82884825300425191 11.068187736324051 1.8508207094273519 2.4133829979691654 0.59306529618333925 1.0281446948647488 0.70720411982620035 1.8979827972361807 9.0376966823823732 0.25081376149319112 79.591199339891318 2.9594704050105065
leaf_count=46 1954 156 90 106 8 54 181 232 61 11351 32
internal_value=-0.000480824 0.00167977 0.00752356 -0.00128894 -0.000389854 -0.00102047 -0.000983892 -0.000389854 -0.00773236 -0.000983892 0.0163213
internal_weight=112.227 30.2557 7.22367 81.9711 23.032 81.1423 22.0039 10.9357 0.843879 80.2984 5.37285
internal_count=14271 2653 278 11618 2375 11572 2367 413 167 11405 122
is_linear=0
shrinkage=0.03


Tree=86
num_leaves=13
num_cat=0
split_feature=9 1 4 11 1 4 0 0 9 10 9 9
split_gain=0.195273 0.416482 1.38303 0.329946 0.282807 0.10298 0.065015 0.0349674 0.0264722 0.00537074 0.0047611 0.00352143
threshold=81.725417439703179 90.355452386449869 28.077289286305682 74.291779188368523 0.50672889797803222 99.798183447377014 1.3189794504733321 96.938762760361371 1.4190821256038648 67.637201508169269 75.990735975295948 24.837662337662341
decision_type=2 2 2 2 2 2 2 2 2 2 2 2
left_child=4 5 -3 -4 -1 7 11 -2 -8 10 -10 -6
right_child=1 2 3 -5 6 -7 8 -9 9 -11 -12 -13
leaf_value=-0.013091941544865184 -0.00095618120890063503 -0.00049885381604603549 0.0044130973842122371 0.021235682636246766 -0.007832384686339856 0.0044130973842122371 -0.00487248623053161 -0.00049885381604603549 -0.0015800984671524184 -0.00095618120890063503 -0.00095618120890063503 -0.0015800984671524184
leaf_weight=0.77595695597119529 16.186585541523552 1.851722624269313 2.2669207914732397 3.171362157445401 0.3647899905918156 1.0248890556395043 0.70788817538414051 5.844116313615813 38.052661470894236 38.133217545866501 3.5014491782058021 0.29373250243952498
leaf_count=46 2290 156 83 39 60 8 54 77 7298 3485 603 72
internal_value=-0.000468336 0.0015538 0.00732269 0.0159979 -0.00122793 -0.000498854 -0.000956181 -0.000956181 -0.000956181 -0.000956181 -0.00144101 -0.00694215
internal_weight=112.175 30.3456 7.29001 5.43828 81.8297 23.0556 81.0537 22.0307 80.3952 79.6873 41.5541 0.658522
internal_count=14271 2653 278 122 11618 2375 11572 2367 11440 11386 7901 132
is_linear=0
shrinkage=0.03


Tree=87
num_leaves=10
num_cat=0
split_feature=5 11 1 10 4 0 10 1 10
split_gain=0.0806636 0.115673 0.222219 0.0944855 0.0907884 0.0427699 0.0571139 0.0999093 0.0378478
threshold=99.590582989708011 37.385639178671973 52.738381781151645 76.79487179487181 92.857113107509832 99.192733789507983 33.549783549783555 3.3496058317115813 93.908472479901064
decision_type=2 2 2 2 2 2 2 2 2
left_child=1 2 8 -4 -3 6 -6 -8 -1
right_child=-2 4 3 -5 5 -7 7 -9 -10
leaf_value=-0.0058276908171698847 0.0028169753449459739 -9.1481643435813148e-05 -0.0029537556944420982 -9.1481643435813148e-05 -9.1481643435813148e-05 0.0028169753449459739 -9.1481643435813148e-05 0.0028169753449459739 -0.0001631432267890043
leaf_weight=10.318788236298124 5.397262117592617 56.008731861889828 9.5543675676453841 4.4721138486638656 2.3155158892041134 4.3607440955238408 1.8028200628468791 16.629202876240015 1.2361072616186
leaf_count=2083 75 8707 1949 536 185 56 75 423 182
internal_value=-0.000464826 -0.000655448 -0.00237303 -9.14816e-05 -9.14816e-05 0.00167769 0.000895228 0.00184121 -0.00528298
internal_weight=112.096 106.698 25.5814 14.0265 81.117 25.1083 20.7475 18.432 11.5549
internal_count=14271 14196 4750 2485 9446 739 683 498 2265
is_linear=0
shrinkage=0.03


Tree=88
num_leaves=11
num_cat=0
split_feature=9 5 1 4 1 5 9 0 9 9
split_gain=0.184834 0.423161 0.344455 0.820695 0.225325 0.0890841 0.0809261 0.0466299 0.0109478 0.00215134
threshold=81.725417439703179 94.159107873044732 92.145007139611877 28.077289286305682 0.50672889797803222 99.590582989708011 1.4190821256038648 1.3189794504733321 41.444372153545878 24.837662337662341
decision_type=2 2 2 2 2 2 2 2 2 2
left_child=4 2 -2 -4 -1 6 -6 9 -9 -8
right_child=1 -3 3 -5 5 -7 7 8 -10 -11
leaf_value=-0.012062406788054347 -0.0012000330506394073 0.0064044874696711123 -0.0012000330506394073 0.0064044874696711123 -0.0080151772092288427 0.0035043481212609032 -0.0073895932498854429 -0.001956220852025231 -0.0012000330506394073 -0.001956220852025231
leaf_weight=0.73091051680967112 14.607421552645979 9.5615865029394609 1.7994439678732295 4.5024267907720059 0.60129201581003044 2.9089547821786246 0.34744054451584716 32.654565766453743 43.939593083399814 0.29389785142848268
leaf_count=46 2250 173 137 93 55 42 58 5203 6142 72
internal_value=-0.00045722 0.00150402 -0.000926946 0.00534803 -0.00120003 -0.00120003 -0.00120003 -0.00120003 -0.00120003 -0.00650861
internal_weight=111.948 30.4709 20.9093 6.30187 81.4767 80.7457 77.8368 77.2355 76.5942 0.641338
internal_count=14271 2653 2480 230 11618 11572 11530 11475 11345 130
is_linear=0
shrinkage=0.03


Tree=89
num_leaves=10
num_cat=0
split_feature=9 4 1 4 11 9 5 1 5
split_gain=0.164286 0.260758 0.832351 0.338011 0.391739 0.254318 0.739037 0.219417 0.0243014
threshold=41.444372153545878 71.198359511910184 93.152057506328305 84.088604205880458 65.82171968415814 52.803983228511534 93.877525520722713 10.253735527921631 98.187309339910442
decision_type=2 2 2 2 2 2 2 2 2
left_child=7 -2 3 -3 -5 -6 -7 8 -1
right_child=1 2 -4 4 5 6 -8 -9 -10
leaf_value=-0.0088517939598412778 -0.0017979878885127302 -0.0017979878885127302 0.011335614834191349 -0.0017979878885127302 -0.0017979878885127302 -0.00060276782651361713 0.011111978071762877 -0.0017979878885127302 -0.0028428620188422514
leaf_weight=3.5444205995881921 30.427591879735701 7.7563970515620886 5.925916477572172 9.4795789613854122 4.4393011414213133 9.0889372559031489 9.150237243040463 29.806529471941758 2.2325698989443481
leaf_count=568 6409 1094 69 687 168 358 98 4771 49
internal_value=-0.000468277 0.000320555 0.00173515 6.75929e-05 0.0018853 0.00403503 0.00554639 -0.00212157 -0.00729174
internal_weight=111.851 76.268 45.8404 39.9145 32.1581 22.6785 18.2392 35.5835 5.77699
internal_count=14271 8883 2474 2405 1311 624 456 5388 617
is_linear=0
shrinkage=0.03


Tree=90
num_leaves=9
num_cat=0
split_feature=5 9 11 1 10 4 10 1
split_gain=0.188305 0.78622 0.765307 0.247529 0.181038 0.146413 0.121499 0.0797726
threshold=96.938762760361371 50.324675324675333 65.82171968415814 13.908610396464148 65.228818800247396 98.884083187650518 99.350649350649363 8.2231091466833792
decision_type=2 2 2 2 2 2 2 2
left_child=3 -2 4 5 -3 6 7 -1
right_child=1 2 -4 -5 -6 -7 -8 -9
leaf_value=-0.010272400783539625 -0.00072488066505841916 -0.00072488066505841916 0.011988277827332331 -0.00072488066505841916 0.0051584603437824271 -0.00072488066505841916 -0.00072488066505841916 -0.0032798101022191634
leaf_weight=4.5538562782457959 10.695939835743049 3.4505789943505105 9.0328518795431574 75.909872465766966 3.7225052486173809 0.91397665196564126 0.31374392053112465 3.8304182066931389
leaf_count=929 261 70 89 12071 53 41 46 744
internal_value=-3.40648e-05 0.00210933 0.00663596 -0.000724881 -0.000724881 -0.00531208 -0.00678022 -0.00776771
internal_weight=112.424 26.9019 16.2059 85.5219 7.17308 9.612 8.69802 8.38427
internal_count=14304 473 212 13831 123 1760 1719 1673
is_linear=0
shrinkage=0.03


Tree=91
num_leaves=9
num_cat=0
split_feature=5 1 9 9 10 3 9 9
split_gain=0.171078 0.411065 0.348461 0.27508 0.0677738 0.0634441 0.0550064 0.0104195
threshold=98.187309339910442 2.9434805554639314 81.725417439703179 59.87012987012988 74.813432835820905 27.670351051498596 41.444372153545878 94.590643274853804
decision_type=2 2 2 2 2 2 2 2
left_child=1 3 4 -1 -2 -5 -3 -8
right_child=2 6 -4 5 -6 -7 7 -9
leaf_value=-0.015965989812118806 -0.00014836470705738508 -0.0014408156200780488 0.0080982812995161087 -0.0066881301031083452 0.0028200830106851443 -0.00014836470705738508 -0.00014836470705738508 0.0016012767443059194
leaf_weight=1.5292668348411091 5.9698215967509913 28.64973700401606 5.6734855351969591 0.38265183707699157 6.0440149630885571 0.84417250961996615 53.676680748409126 9.5923747320775856
leaf_count=219 125 5110 63 60 80 73 7718 856
internal_value=-3.49962e-05 -0.000547496 0.00259076 -0.0102755 -0.000148365 -0.000148365 -0.000148365 -0.000148365
internal_weight=112.362 94.6749 17.6873 2.75609 12.0138 1.22682 91.9188 63.2691
internal_count=14304 14036 268 352 205 133 13684 8574
is_linear=0
shrinkage=0.03


Tree=92
num_leaves=8
num_cat=0
split_feature=5 9 11 1 4 3 10
split_gain=0.193486 0.441324 1.30778 0.206445 0.0970871 0.131684 0.0692753
threshold=97.952914948540027 55.863254392666164 77.024324678730679 8.6292344229310292 99.192733789507983 96.938762760361371 98.692754613807253
decision_type=2 2 2 2 2 2 2
left_child=3 -2 -3 4 5 6 -1
right_child=1 2 -4 -5 -6 -7 -8
leaf_value=-0.0090628579000234331 -0.00061493361381990844 -0.00061493361381990844 0.016958677909272947 -0.00061493361381990844 -0.00061493361381990844 -0.00061493361381990844 -0.00061493361381990844
leaf_weight=5.3832330786972298 9.7581026130355912 6.5430263928137702 4.7986895628273487 84.128145865863189 1.0618449761532245 0.30432708910666395 0.33149644266813982
leaf_count=1015 195 87 41 12874 30 25 37
internal_value=-1.07826e-05 0.00251046 0.00643523 -0.000614934 -0.00541486 -0.00686212 -0.00826363
internal_weight=112.309 21.0998 11.3417 91.209 7.0809 6.01906 5.71473
internal_count=14304 323 128 13981 1107 1077 1052
is_linear=0
shrinkage=0.03


Tree=93
num_leaves=9
num_cat=0
split_feature=5 9 1 10 9 4 3 10
split_gain=0.177816 0.426576 0.173085 0.148912 0.113071 0.0867404 0.122368 0.063893
threshold=97.952914948540027 55.863254392666164 8.6292344229310292 58.271144278606975 94.590643274853804 99.192733789507983 96.938762760361371 98.692754613807253
decision_type=2 2 2 2 2 2 2 2
left_child=2 -2 5 -3 -4 6 7 -1
right_child=1 3 4 -5 -6 -7 -8 -9
leaf_value=-0.0085645529893898353 -0.0005632988504302972 0.0019733205627796681 -0.0005632988504302972 0.0091696523090597417 0.0019733205627796681 -0.0005632988504302972 -0.0005632988504302972 -0.0005632988504302972
leaf_weight=5.2909579030238083 9.7175478618592042 5.1343664685264212 75.125534111866727 6.1501406142488122 9.0652527029160392 1.0630758567713199 0.30457411636598397 0.33073615306057025
leaf_count=1015 195 67 12071 61 803 30 25 37
internal_value=1.52246e-05 0.00243832 -0.000563299 0.00632255 -0.000563299 -0.00498346 -0.00638167 -0.00778067
internal_weight=112.182 21.0021 91.1801 11.2845 84.1908 6.98934 5.92627 5.62169
internal_count=14304 323 13981 128 12874 1107 1077 1052
is_linear=0
shrinkage=0.03


Tree=94
num_leaves=7
num_cat=0
split_feature=5 10 1 3 10 10
split_gain=0.174266 0.308346 0.239509 0.159587 0.0357914 0.00545138
threshold=98.187309339910442 46.998799519807925 2.9434805554639314 92.145007139611877 52.435192458758841 76.79487179487181
decision_type=2 2 2 2 2 2
left_child=2 -2 3 -1 -3 -4
right_child=1 4 5 -5 -6 -7
leaf_value=-0.011112446933366202 -0.00051680153749308162 0.0021066035357174286 -0.00051680153749308162 -0.00051680153749308162 0.0060073267635513154 0.00015433672002811288
leaf_weight=2.2041324134916063 3.4272814132273224 4.5243574038613561 62.061207756632939 0.38357661972986523 9.8055001795291883 29.710302735853475
leaf_count=325 68 72 10735 27 128 2949
internal_value=3.16964e-06 0.00264648 -0.000516802 -0.00827288 0.00499351 -0.000516802
internal_weight=112.116 17.7571 94.3592 2.58771 14.3299 91.7715
internal_count=14304 268 14036 352 200 13684
is_linear=0
shrinkage=0.03


Tree=95
num_leaves=12
num_cat=0
split_feature=0 5 11 11 10 9 9 11 0 11 11
split_gain=0.191692 0.188968 0.168396 0.0843635 0.109095 0.0393687 0.0389401 0.0320742 0.0167551 0.00506125 0.00373168
threshold=98.58442726863781 97.952914948540027 38.92285827604443 54.577941432155193 77.485187623436488 41.444372153545878 95.953137050310772 99.645418523410413 97.952914948540027 52.098209795836269 65.82171968415814
decision_type=2 2 2 2 2 2 2 2 2 2 2
left_child=1 3 -3 4 6 -2 8 10 9 -1 -5
right_child=5 2 -4 7 -6 -7 -8 -9 -10 -11 -12
leaf_value=-0.0039431619851044101 0.0030704078075960285 -0.00086239680193296803 0.0030704078075960285 -0.00079266421802150276 -0.00086239680193296803 0.005052106271542736 -0.00086239680193296803 0.0030704078075960285 -0.00086239680193296803 -0.0015797367101791713 -0.00014082095071434167
leaf_weight=20.161502454197052 4.8646843705791953 2.9771059086197038 5.2162945235613734 8.7018816822092031 8.6578036953578685 10.422910215333102 1.5558848413638759 0.47885230602696438 0.20523243362549592 2.7863945988356127 46.475694012653548
leaf_count=5083 97 76 76 1986 1579 119 288 27 17 679 4151
internal_value=5.66403e-05 -0.000443719 0.00307041 -0.000862397 -0.00203126 0.00307041 -0.00324449 -0.000138161 -0.00360497 -0.00373414 -0.000255901
internal_weight=112.504 97.2166 8.1934 89.0232 33.3668 15.2876 24.709 55.6564 23.1531 22.9479 55.1776
internal_count=14178 13962 152 13810 7646 216 6067 6164 5779 5762 6137
is_linear=0
shrinkage=0.03


Tree=96
num_leaves=7
num_cat=0
split_feature=5 9 11 10 11 11
split_gain=0.125266 0.452636 0.0791836 0.0760931 0.035801 0.0234628
threshold=96.938762760361371 55.863254392666164 54.577941432155193 77.485187623436488 3.834514499837081 49.948875255623726
decision_type=2 2 2 2 2 2
left_child=2 -2 3 5 -5 -1
right_child=1 -3 -4 4 -6 -7
leaf_value=-0.0032337864761994265 -0.00049029308876271706 0.0054498417944431844 -0.00049029308876271706 -0.0028702494451818506 -0.00049029308876271706 -0.00049029308876271706
leaf_weight=20.468307342671334 11.632215347490275 14.751742330379782 54.188437057775445 0.69005409372038951 7.4622763072839007 3.2889420691644764
leaf_count=5240 273 187 6132 118 1442 786
internal_value=6.67343e-05 0.00183599 -0.000490293 -0.00196433 -0.000490293 -0.00287025
internal_weight=112.482 26.384 86.098 31.9096 8.15233 23.7572
internal_count=14178 460 13718 7586 1560 6026
is_linear=0
shrinkage=0.03


Tree=97
num_leaves=11
num_cat=0
split_feature=1 5 11 0 10 5 11 11 0 10
split_gain=0.150136 0.697707 0.0249859 0.121016 0.0639585 0.0312801 0.0380198 0.00764505 0.00559498 0.00227815
threshold=98.884083187650518 98.187309339910442 65.82171968415814 98.884083187650518 61.209259823332324 99.798183447377014 52.098209795836269 60.699767532761435 93.877525520722713 96.992311171415665
decision_type=2 2 2 2 2 2 2 2 2 2
left_child=2 -2 3 4 5 6 -1 -8 9 -6
right_child=1 -3 -4 -5 8 -7 7 -9 -10 -11
leaf_value=-0.0037539712958477053 -0.00019922290166881926 0.017447518312862037 -0.00019922290166881926 -0.00019922290166881926 -0.0004949311687536803 -0.0004949311687536803 -0.0016516885513275868 -0.0004949311687536803 -0.00019922290166881926 -0.00019922290166881926
leaf_weight=18.518797139753595 2.2158938630600455 1.4690425731241701 59.105595364293549 4.5020003831014028 13.311048210365698 0.3158520944416513 6.4805201423005192 1.1735258774133397 3.21840614627581 1.925260950112716
leaf_count=4457 147 13 4303 76 2840 5 1607 258 141 331
internal_value=2.59133e-05 0.00528489 -0.000199223 -0.000867476 -0.00189091 -0.0028101 -0.00303804 -0.00107222 -0.000494931 -0.000494931
internal_weight=112.236 3.68494 108.551 49.4454 44.9434 26.4887 26.1728 7.65405 18.4547 15.2363
internal_count=14178 160 14018 9715 9639 6327 6322 1865 3312 3171
is_linear=0
shrinkage=0.03


Tree=98
num_leaves=7
num_cat=0
split_feature=1 5 10 0 9 1
split_gain=0.136976 0.671359 0.0245028 0.0585441 0.0245148 0.0386575
threshold=98.884083187650518 98.187309339910442 14.087301587301589 98.884083187650518 89.181286549707622 69.662949484157465
decision_type=2 2 2 2 2 2
left_child=2 -2 3 4 -1 -6
right_child=1 -3 -4 -5 5 -7
leaf_value=-0.0039951171998719422 -0.00017020475957585222 0.017095734675874222 -0.00017020475957585222 -0.00017020475957585222 -0.0039951171998719422 -0.00017020475957585222
leaf_weight=5.6228775001363811 2.2138754162588152 1.4580983705818651 100.45898359629791 0.75663865264505137 1.0182879416970534 0.68552732421085227
leaf_count=1437 147 13 12371 15 135 60
internal_value=4.47457e-05 0.00507504 -0.000170205 -0.00172937 -0.0031674 -0.000170205
internal_weight=112.214 3.67197 108.542 8.08333 7.32669 1.70382
internal_count=14178 160 14018 1647 1632 195
is_linear=0
shrinkage=0.03


Tree=99
num_leaves=10
num_cat=0
split_feature=1 0 0 11 10 1 1 0 0
split_gain=0.121276 0.452833 0.0309802 0.111781 0.0423273 0.0625406 0.0176333 0.039601 0.00274621
threshold=98.884083187650518 35.764966740576504 96.173208606477587 54.577941432155193 62.715832601697407 31.73973339956947 79.655946761080529 93.877525520722713 98.58442726863781
decision_type=2 2 2 2 2 2 2 2 2
left_child=2 -2 3 4 5 -1 7 -6 -4
right_child=1 -3 8 -5 6 -7 -8 -9 -10
leaf_value=-0.0054612093540912007 -0.00014422933061068759 0.012475529636319494 -0.00014422933061068759 -0.00014422933061068759 -0.0016054980690548119 -0.0016054980690548119 -0.00014422933061068759 -0.00014422933061068759 0.0010725008620144174
leaf_weight=4.8903125430806602 1.3778210620512248 2.2736479856539518 11.364582988608165 50.367963496188167 7.721605975180859 14.709749064641072 4.0326160685508521 0.55427742144092906 14.921976784011347
leaf_count=1371 116 44 335 5976 1878 3649 556 40 213
internal_value=5.77026e-05 0.00480171 -0.000144229 -0.000430487 -0.00195117 -0.00278592 -0.000512457 -0.00152541 0.000734694
internal_weight=112.215 3.65147 108.563 82.2765 31.9086 19.6001 12.3085 8.27588 26.2866
internal_count=14178 160 14018 13470 7494 5020 2474 1918 548
is_linear=0
shrinkage=0.03


Tree=100
num_leaves=8
num_cat=0
split_feature=9 1 5 9 1 1 1
split_gain=0.175362 0.17411 0.5842 0.0769759 0.0506587 0.0250531 0.00341854
threshold=3.3908045977011496 98.884083187650518 98.187309339910442 80.537518037518055 74.41639455109177 0.50672889797803222 2.9434805554639314
decision_type=2 2 2 2 2 2 2
left_child=4 5 3 -3 -1 -2 -7
right_child=1 2 -4 -5 -6 6 -8
leaf_value=-0.0089432830981783333 -0.0032977381205553705 -0.0001821256810667542 0.017259625385411807 0.0071811848437782376 -0.0001821256810667542 -0.00096419706108552994 -0.0001821256810667542
leaf_weight=1.5660131141194136 1.3262480224948365 1.2448441390297373 1.2657811008393762 1.073652386665344 0.66043135989457358 4.9455436206771983 98.871172600775026
leaf_count=218 55 121 11 37 70 326 13332
internal_value=-0.000138234 6.56977e-05 0.00578939 -0.000182126 -0.00703083 -0.000182126 -0.000182126
internal_weight=110.954 108.727 3.58428 2.3185 2.22644 105.143 103.817
internal_count=14170 13882 169 158 288 13713 13658
is_linear=0
shrinkage=0.03


Tree=101
num_leaves=10
num_cat=0
split_feature=9 1 9 4 4 4 1 1 0
split_gain=0.128675 0.132385 0.614713 0.34185 0.23643 0.115211 0.0518989 0.0070885 0.00260847
threshold=3.3908045977011496 91.77689085331663 90.430402930402948 64.883919843597269 28.077289286305682 76.417027275111479 58.018304898000075 2.9434805554639314 85.297064645940182
decision_type=2 2 2 2 2 2 2 2 2
left_child=6 7 5 4 -4 -3 -1 -2 -8
right_child=1 2 3 -5 -6 -7 8 -9 -10
leaf_value=-0.0083211280837460488 -0.0014037628548175549 -0.00045020542228064672 -0.00045020542228064672 0.01776623556368517 0.00926185545890338 0.0032146939813007406 -0.0020368561370829492 -0.00045020542228064672 -0.00045020542228064672
leaf_weight=1.3863637734320939 6.2391256422852157 7.3330388289759867 1.2009761072695249 1.960778441512957 1.516216450370848 7.0816683660959825 0.40195472928462539 83.473421519563999 0.38945695414440706
leaf_count=185 381 919 80 20 33 106 84 12343 19
internal_value=-0.00013527 3.81714e-05 0.00224115 0.010645 0.00210921 -0.000450205 -0.00608583 -0.000450205 -0.000450205
internal_weight=110.983 108.805 19.0927 4.67797 2.71719 14.4147 2.17778 89.7125 0.791412
internal_count=14170 13882 1158 133 113 1025 288 12724 103
is_linear=0
shrinkage=0.03


Tree=102
num_leaves=9
num_cat=0
split_feature=1 9 4 4 4 9 1 1
split_gain=0.139807 0.818253 0.33046 0.179145 0.115643 0.0518642 0.0938487 0.00408225
threshold=92.145007139611877 90.430402930402948 64.883919843597269 28.891165755919857 76.417027275111479 3.3908045977011496 58.018304898000075 2.9434805554639314
decision_type=2 2 2 2 2 2 2 2
left_child=5 4 3 -3 -2 6 -1 -7
right_child=1 2 -4 -5 -6 7 -8 -9
leaf_value=-0.0080552116297316519 -0.00060736181209798581 -0.00060736181209798581 0.019134382094712077 0.0087348645612323195 0.0032186345432838213 -0.0014899734023788569 -0.00060736181209798581 -0.00060736181209798581
leaf_weight=1.3774708720156912 7.3602928853360936 1.3261835622834035 1.902821861207485 1.4992223044391719 7.1415367493173108 6.2151102804346001 0.37315908278105769 83.801717020454817
leaf_count=185 893 80 18 32 105 381 73 12403
internal_value=-0.000115581 0.00214526 0.011858 0.00323664 -0.000607362 -0.000607362 -0.00474306 -0.000607362
internal_weight=110.998 19.2301 4.72823 2.82541 14.5018 91.7675 1.75063 90.0168
internal_count=14170 1128 130 112 998 13042 258 12784
is_linear=0
shrinkage=0.03


Tree=103
num_leaves=9
num_cat=0
split_feature=1 9 4 4 4 10 1 5
split_gain=0.132433 0.790878 0.297827 0.186749 0.110547 0.0512013 0.162593 0.124334
threshold=92.145007139611877 90.430402930402948 64.883919843597269 28.891165755919857 76.417027275111479 45.129664769133463 44.263944321667715 99.590582989708011
decision_type=2 2 2 2 2 2 2 2
left_child=5 4 3 -3 -2 6 7 -1
right_child=1 2 -4 -5 -6 -7 -8 -9
leaf_value=-0.005401104983600513 -0.000624701195413013 -0.000624701195413013 0.018672021301321239 0.0089275372472927793 0.0031331616631646948 -0.000624701195413013 -0.000624701195413013 -0.000624701195413013
leaf_weight=12.390263755398337 7.3493043794878741 1.3276226011803367 1.8562893755733965 1.5280875992029903 7.1315865315264091 66.599312948761508 12.061814064451026 0.66087513417005617
leaf_count=2447 893 80 18 32 105 7835 2751 9
internal_value=-0.000146451 0.0020566 0.0116267 0.00339214 -0.000624701 -0.000624701 -0.00195873 -0.00433273
internal_weight=110.905 19.1929 4.712 2.85571 14.4809 91.7123 25.113 13.0511
internal_count=14170 1128 130 112 998 13042 5207 2456
is_linear=0
shrinkage=0.03


Tree=104
num_leaves=9
num_cat=0
split_feature=1 4 10 11 1 10 1 5
split_gain=0.0773974 0.486991 0.33933 0.411152 0.297453 0.0397254 0.14773 0.109436
threshold=92.145007139611877 26.449536347077331 96.992311171415665 44.731374416923991 96.173208606477587 45.129664769133463 44.263944321667715 99.590582989708011
decision_type=2 2 2 2 2 2 2 2
left_child=5 -2 3 -3 -5 6 7 -1
right_child=1 2 -4 4 -6 -7 -8 -9
leaf_value=-0.0049949983704483036 -0.00050521848958271073 -0.00050521848958271073 0.014787726107997652 0.00074512335508709275 0.011288256944020997 -0.00050521848958271073 -0.00050521848958271073 -0.00050521848958271073
leaf_weight=12.293328369734809 4.194599715818188 4.0254082276951513 1.8268888774327923 4.412052379047962 4.7355199391022325 66.589009346207604 12.060942805488592 0.64642633870244104
leaf_count=2447 621 224 30 143 110 7835 2751 9
internal_value=-0.000139379 0.00154486 0.0052144 0.00293703 0.00677765 -0.000505218 -0.00168203 -0.00398939
internal_weight=110.784 19.1945 14.9999 13.173 9.14757 91.5897 25.0007 12.9398
internal_count=14170 1128 507 477 253 13042 5207 2456
is_linear=0
shrinkage=0.03


Tree=105
num_leaves=9
num_cat=0
split_feature=1 9 5 9 1 4 1 4
split_gain=0.0633134 0.123566 0.222792 0.0589159 0.044965 0.525344 0.22376 0.0496215
threshold=8.6292344229310292 49.675324675324681 96.938762760361371 1.4190821256038648 92.145007139611877 24.41753991196374 98.884083187650518 99.590582989708011
decision_type=2 2 2 2 2 2 2 2
left_child=1 -1 -3 -2 7 -6 -7 -5
right_child=3 2 -4 4 5 6 -8 -9
leaf_value=-0.0056054928659145459 -0.0056054928659145459 -0.0056054928659145459 -0.00028922717694628968 -0.00028922717694628968 -0.00028922717694628968 0.0032255982737956564 0.012411944082029926 0.0032255982737956564
leaf_weight=5.2662173890857948 0.52628447388997202 3.1897209715098125 4.8624775768257678 73.944442349777091 4.2315349644632105 11.976896953594403 2.4434053909499189 2.3890371476300052
leaf_count=610 44 520 75 11767 610 472 49 39
internal_value=-0.000571349 -0.00243305 -0.000289227 -0.000289227 -0.000192783 0.001163 0.00548612 -0.000289227
internal_weight=108.83 13.3184 8.0522 95.5116 94.9853 18.6518 14.4203 76.3335
internal_count=14186 1205 595 12981 12937 1131 521 11806
is_linear=0
shrinkage=0.03


Tree=106
num_leaves=8
num_cat=0
split_feature=4 1 4 1 1 11 11
split_gain=0.0398431 0.103055 0.108163 0.0370003 0.00566515 0.0302785 0.0337335
threshold=0.91285417422568205 98.884083187650518 36.17023897511703 0.50672889797803222 8.6292344229310292 64.466653473184252 4.4760982233040263
decision_type=2 2 2 2 2 2 2
left_child=-1 3 -3 -2 5 -5 -6
right_child=1 2 -4 4 6 -7 -8
leaf_value=-0.0052931804008020276 -0.0046085646159918286 -0.00067362159177225902 0.0072111222491644117 -0.0031832254539817819 -0.0031832254539817819 -0.00067362159177225902 -0.00067362159177225902
leaf_weight=0.59302959253545751 1.1799603995168571 1.163252821657806 2.1295791810844094 4.4103063760558125 2.995394909172318 7.4465605433797464 88.798300079244655
leaf_count=108 55 99 39 599 502 544 12240
internal_value=-0.000567214 -0.000493024 0.00407406 -0.000673622 -0.000673622 -0.00137752 -0.000673622
internal_weight=108.716 108.123 3.29283 104.831 103.651 11.8569 91.7937
internal_count=14186 14078 138 13940 13885 1143 12742
is_linear=0
shrinkage=0.03


Tree=107
num_leaves=6
num_cat=0
split_feature=4 1 9 1 9
split_gain=0.0359753 0.0714293 0.241488 0.0348963 0.000302602
threshold=0.91285417422568205 98.884083187650518 45.521390374331553 0.50672889797803222 1.4190821256038648
decision_type=2 2 2 2 2
left_child=-1 3 -3 -2 -5
right_child=1 2 -4 4 -6
leaf_value=-0.0050556132756861662 -0.0044487085680110592 -0.00063265376517741823 0.0087885184053892555 -0.0015944994494040813 -0.00063265376517741823
leaf_weight=0.58564119914080848 1.1842030157567922 1.0876662347000086 2.2095563188195229 0.55736755486577649 103.12810658622766
leaf_count=108 55 50 88 53 13832
internal_value=-0.000553323 -0.000482859 0.00331996 -0.000632654 -0.000632654
internal_weight=108.753 108.167 3.29722 104.87 103.685
internal_count=14186 14078 138 13940 13885
is_linear=0
shrinkage=0.03


Tree=108
num_leaves=5
num_cat=0
split_feature=4 1 9 1
split_gain=0.0368937 0.0821862 0.246933 0.0239579
threshold=0.91285417422568205 98.884083187650518 81.725417439703179 0.50672889797803222
decision_type=2 2 2 2
left_child=-1 3 -3 -2
right_child=1 2 -4 -5
leaf_value=-0.0050873602467971443 -0.0037946335861562008 -0.00061942369376530066 0.010087017103490629 -0.00061942369376530066
leaf_weight=0.58324977778829534 1.1767384242266405 1.8097789179882959 1.616303863469511 103.55379638832528
leaf_count=108 55 103 35 13885
internal_value=-0.000526644 -0.000455669 0.00355907 -0.000619424
internal_weight=108.74 108.157 3.42608 104.731
internal_count=14186 14078 138 13940
is_linear=0
shrinkage=0.03


Tree=109
num_leaves=6
num_cat=0
split_feature=5 1 3 9 1
split_gain=0.0331598 0.0550313 0.208386 0.0438598 0.0252022
threshold=0.50672889797803222 98.884083187650518 97.180258973194029 93.377192982456151 0.50672889797803222
decision_type=2 2 2 2 2
left_child=-1 4 3 -3 -2
right_child=1 2 -4 -5 -6
leaf_value=-0.0052362207395669023 -0.0038591729530321728 -0.00060389016398077985 0.0099072370552236548 0.0048005938497509629 -0.00060389016398077985
leaf_weight=0.3422679400537153 1.1748588436748821 1.4658745893393641 1.1701940279453991 0.85957037680782367 103.71757104992867
leaf_count=58 54 115 17 21 13921
internal_value=-0.000532412 -0.000469826 0.00279249 -0.00060389 -0.00060389
internal_weight=108.73 108.388 3.49564 2.32544 104.892
internal_count=14186 14128 153 136 13975
is_linear=0
shrinkage=0.03


Tree=110
num_leaves=11
num_cat=0
split_feature=9 1 4 11 4 1 11 5 1 4
split_gain=0.337208 0.596276 1.32173 0.0958897 0.222374 0.0497639 0.0320946 0.0880219 0.02829 0.000281599
threshold=83.457711442786078 92.145007139611877 28.077289286305682 27.907005275426332 89.325266112805878 0.50672889797803222 3.834514499837081 96.173208606477587 98.884083187650518 43.857819045420065
decision_type=2 2 2 2 2 2 2 2 2 2
left_child=5 3 -3 -2 9 -1 7 -7 -8 -5
right_child=1 2 -4 4 -6 6 8 -9 -10 -11
leaf_value=-0.0059563568435433067 -0.00063519568255579115 0.00043495564689101119 0.01774238783174753 -0.00063519568255579115 0.0061926559577115594 -0.0059563568435433067 -0.00063519568255579115 -0.00063519568255579115 0.00043495564689101119 -0.00030735454415503117
leaf_weight=0.59602359740529109 4.7976323876064333 1.640492875361814 5.4590484350919724 2.4045116011984664 7.9909719686838789 1.6177286833990359 78.705808559490833 0.55267826613271598 1.9773663847008709 6.0166202754480764
leaf_count=41 665 122 88 547 214 391 11315 15 88 752
internal_value=0.000330112 0.00310022 0.0100259 0.000434956 0.000434956 -0.000635196 -0.000635196 -0.00372575 -0.000635196 -0.000533605
internal_weight=111.759 28.3093 7.09954 21.2097 16.4121 83.4496 82.8536 2.17041 80.6832 8.42113
internal_count=14238 2388 210 2178 1513 11850 11809 406 11403 1299
is_linear=0
shrinkage=0.03


Tree=111
num_leaves=10
num_cat=0
split_feature=9 1 4 11 1 1 9 0 11
split_gain=0.240877 0.555669 1.00457 1.31614 0.325046 0.0496631 0.0363486 0.0324144 0.0345655
threshold=83.457711442786078 79.251081825334396 28.077289286305682 71.734639477542331 95.560035842293914 0.50672889797803222 1.4190821256038648 1.3189794504733321 3.834514499837081
decision_type=2 2 2 2 2 2 2 2 2
left_child=5 -2 -3 4 -4 -1 -7 -8 -9
right_child=1 2 3 -5 -6 6 7 8 -10
leaf_value=-0.0058630421476489969 -0.00054255644223862422 -0.00054255644223862422 -0.00054255644223862422 0.021991363238680953 0.010263413821743015 -0.0051275013753152368 -0.0050165612378636829 -0.0041157356747272972 -0.00054255644223862422
leaf_weight=0.58936776057816942 18.630270011548422 2.2514588014455494 1.6719826529733839 4.6788648125948384 1.5483682365156708 0.6165041258209375 0.64605228370055456 2.0505500916042356 78.860755297064316
leaf_count=41 1869 269 137 87 26 60 132 374 11243
internal_value=0.000284005 0.00259929 0.0078978 0.0132738 -0.000542556 -0.000542556 -0.000542556 -0.000542556 -0.000542556
internal_weight=111.544 28.7809 10.1507 7.89922 3.22035 82.7632 82.1739 81.5574 80.9113
internal_count=14238 2388 519 250 163 11850 11809 11749 11617
is_linear=0
shrinkage=0.03


Tree=112
num_leaves=11
num_cat=0
split_feature=9 1 4 1 9 4 11 4 4 1
split_gain=0.206163 0.561939 0.794914 0.0485536 0.0374108 0.0335221 0.0271118 0.109112 0.0112092 0.000605829
threshold=83.457711442786078 92.145007139611877 28.891165755919857 0.50672889797803222 1.4190821256038648 84.088604205880458 3.834514499837081 96.938762760361371 93.541870316063878 98.884083187650518
decision_type=2 2 2 2 2 2 2 2 2 2
left_child=3 5 -3 -1 -5 -2 7 -6 9 -8
right_child=1 2 -4 4 6 -7 8 -9 -10 -11
leaf_value=-0.0056787311629718385 -0.00025941657481969363 -0.00012642952555489377 0.014590213868110585 -0.0048799409996052485 -0.0048799409996052485 0.0012611409433426299 -0.00025941657481969363 -0.00025941657481969363 0.00043962867020001675 -0.00012642952555489377
leaf_weight=0.57701670716050912 9.2490987291093969 1.9017716372618441 5.5527127985842526 0.61385736387455736 1.6538687592837953 12.249912510393186 56.996981428877916 0.48386424873024214 20.67425796733005 1.5441416434478004
leaf_count=41 1770 125 85 60 394 408 10544 9 718 84
internal_value=0.000311356 0.00244451 0.00899713 -0.000457181 -0.000352421 -0.00012643 -0.000259417 -0.0030519 -0.000259417 -0.00035801
internal_weight=111.497 28.9535 7.45448 82.544 81.967 21.499 81.3531 2.13773 79.2154 58.5411
internal_count=14238 2388 210 11850 11809 2178 11749 403 11346 10628
is_linear=0
shrinkage=0.03


Tree=113
num_leaves=11
num_cat=0
split_feature=9 11 1 4 4 3 1 9 5 11
split_gain=0.168287 0.463282 0.584602 1.12129 0.21172 0.0899495 0.0480584 0.0347957 0.019703 0.0152561
threshold=83.457711442786078 27.907005275426332 84.894244499253602 28.077289286305682 97.952914948540027 93.541870316063878 0.50672889797803222 1.4190821256038648 0.91285417422568205 3.834514499837081
decision_type=2 2 2 2 2 2 2 2 2 2
left_child=6 -2 4 -4 5 -3 -1 -8 -9 -10
right_child=1 2 3 -5 -6 -7 7 8 9 -11
leaf_value=-0.0055989779226431856 -0.00036347502861735793 -0.00036347502861735793 0.0014190269663330193 0.018572673925732561 0.0077013275993284671 0.0014190269663330193 -0.0048405951911851385 -0.0041407548648724644 -0.0029129461191353097 -0.00036347502861735793
leaf_weight=0.58277663972694327 7.0370049719349508 10.178600436600389 1.3405319903977204 5.1475238935090601 2.7373535826336601 2.5764281051233402 0.61395924288080905 0.47680437134113063 2.0583595756907007 78.722581777954474
leaf_count=41 759 1297 109 113 37 73 60 94 386 11269
internal_value=0.000332598 0.00225674 0.00484397 0.0117405 0.00141903 -0.000363475 -0.000363475 -0.000363475 -0.000363475 -0.000363475
internal_weight=111.472 29.0174 21.9804 6.48806 15.4924 12.755 82.4545 81.8717 81.2577 80.7809
internal_count=14238 2388 1629 222 1407 1370 11850 11809 11749 11655
is_linear=0
shrinkage=0.03


Tree=114
num_leaves=5
num_cat=0
split_feature=1 3 11 4
split_gain=0.119007 0.554833 0.0556757 0.140512
threshold=98.884083187650518 97.180258973194029 19.63376468542759 92.145007139611877
decision_type=2 2 2 2
left_child=2 -2 3 -1
right_child=1 -3 -4 -5
leaf_value=-0.0035655040751085792 0.00015328121965730334 0.016085464657152514 0.00015328121965730334 0.00015328121965730334
leaf_weight=11.771084797859656 2.4709212795714843 1.4088186575099824 92.113128525845241 3.4432752456050357
leaf_count=2571 145 16 11378 128
internal_value=0.000363057 0.00494556 0.000153281 -0.00160507
internal_weight=111.207 3.87974 107.327 15.2144
internal_count=14238 161 14077 2699
is_linear=0
shrinkage=0.03


Tree=115
num_leaves=10
num_cat=0
split_feature=5 1 11 11 1 11 3 1 0
split_gain=0.190929 0.296105 0.243852 0.137505 0.112194 0.174125 0.0972271 0.0327002 0.0134103
threshold=97.952914948540027 90.355452386449869 4.4760982233040263 79.119732475108137 8.6292344229310292 98.38546757901598 96.938762760361371 92.145007139611877 98.884083187650518
decision_type=2 2 2 2 2 2 2 2 2
left_child=2 3 -1 -2 5 6 8 -6 -4
right_child=1 -3 4 -5 7 -7 -8 -9 -10
leaf_value=-0.0076254931059158175 0.00021105773103525518 0.010283623322271075 -0.0076254931059158175 0.0042893998332498148 0.00021105773103525518 0.00021105773103525518 0.00021105773103525518 0.0017288076891690581 -0.00031060665836960737
leaf_weight=2.7231842593755564 9.1322654881514662 3.1391949621029189 4.489971814560703 7.5193711684551081 66.704655057226773 0.88033395749516774 0.31095023220404971 15.426997256232424 0.3139305415097623
leaf_count=600 178 36 924 98 11345 82 25 921 14
internal_value=0.000488065 0.00308156 -0.000104303 0.00121815 0.000211058 -0.00358911 -0.00628169 0.000211058 -0.00750249
internal_weight=110.641 19.7908 90.85 16.6516 88.1268 5.99519 5.11485 82.1317 4.8039
internal_count=14223 312 13911 276 13311 1045 963 12266 938
is_linear=0
shrinkage=0.03


Tree=116
num_leaves=10
num_cat=0
split_feature=11 4 9 5 0 0 10 0 9
split_gain=0.182772 0.280944 0.366218 0.281256 0.113422 0.0700997 0.0648096 0.116496 0.0460689
threshold=65.82171968415814 25.228721642656073 41.444372153545878 97.578201368523963 99.798183447377014 96.938762760361371 29.478609625668454 98.884083187650518 96.190130624092902
decision_type=2 2 2 2 2 2 2 2 2
left_child=6 -2 4 5 -3 -4 7 8 -1
right_child=1 2 3 -5 -6 -7 -8 -9 -10
leaf_value=-0.0053145113273508661 -0.00083939300596509898 -0.00083939300596509898 0.0019384473402890583 0.0088375761305332368 0.0025770205689827209 0.0065414895080018343 -0.00083939300596509898 -0.00083939300596509898 -0.00083939300596509898
leaf_weight=9.3237815662869199 4.9889833385241209 15.596051039174199 26.198681573674556 7.9348148973658672 0.94878080021590072 2.7309736984316251 41.69477219961118 0.58011959213763553 0.66766435909085053
leaf_count=2397 840 1385 1993 77 13 52 7308 13 145
internal_value=0.00044125 0.00158226 0.0024866 0.00412237 -0.000839393 0.00257702 -0.000839393 -0.00309806 -0.004709
internal_weight=110.665 58.3983 53.4093 36.8645 16.5448 28.9297 52.2663 10.5716 9.99145
internal_count=14223 4360 3520 2122 1398 2045 9863 2555 2542
is_linear=0
shrinkage=0.03


Tree=117
num_leaves=13
num_cat=0
split_feature=0 11 4 1 1 11 9 11 4 10 10 4
split_gain=0.135579 0.21259 0.197151 0.298593 0.175761 0.302944 0.184874 0.0660633 0.0411542 0.0305174 0.018233 0.00675577
threshold=95.166158239761174 52.098209795836269 25.228721642656073 90.355452386449869 8.6292344229310292 15.330001979022365 50.324675324675333 4.4760982233040263 91.120071684587828 95.633534455382673 77.485187623436488 84.088604205880458
decision_type=2 2 2 2 2 2 2 2 2 2 2 2
left_child=1 7 -3 11 -2 -6 -7 9 10 -1 -9 -4
right_child=4 2 3 -5 5 6 -8 8 -10 -11 -12 -13
leaf_value=-0.0073856988909609973 -0.00057903616096944709 -0.0021888148608815413 -0.001133939095472498 0.002187968594944645 -0.00057903616096944709 0.002187968594944645 0.0079768855728456836 -0.00323470554666661 -0.00057903616096944709 -0.0021888148608815413 -0.0021888148608815413 -0.00057903616096944709
leaf_weight=2.5732323919655968 9.9968415554030923 7.0166765220928928 19.835062466503587 9.6762590659200196 2.1234739678911891 6.1109217350604039 10.073817503405733 18.455621062836155 1.7068277339567419 0.39960975310532365 6.2896515081520183 16.272455580998212
leaf_count=550 280 1313 4141 298 47 191 168 4682 212 56 1197 1088
internal_value=0.000435644 -0.000186614 0.000949129 0.00171229 0.00218797 0.0038741 0.00559883 -0.00218881 -0.00218881 -0.00621023 -0.00218881 -0.000579036
internal_weight=110.53 82.2254 52.8005 45.7838 28.3051 18.3082 16.1847 29.4249 26.4521 2.97284 24.7453 36.1075
internal_count=14223 13537 6840 5527 686 406 359 6697 6091 606 5879 5229
is_linear=0
shrinkage=0.03


Tree=118
num_leaves=11
num_cat=0
split_feature=11 1 4 9 0 11 3 10 1 10
split_gain=0.0913769 0.388906 1.11055 1.19233 0.0787787 0.0608038 0.0984605 0.0393344 0.0284472 0.000495813
threshold=65.82171968415814 90.355452386449869 25.228721642656073 41.444372153545878 93.877525520722713 4.4760982233040263 95.560035842293914 71.182983682983703 95.91835034714849 95.633534455382673
decision_type=2 2 2 2 2 2 2 2 2 2
left_child=4 -2 -3 -4 5 6 9 -7 -9 -1
right_child=1 2 3 -5 -6 7 -8 8 -10 -11
leaf_value=-0.0079282141713673676 1.3169926031733658e-05 1.3169926031733658e-05 1.3169926031733658e-05 0.017421305257071217 1.3169926031733658e-05 -0.00098755171907763699 -0.00098755171907763699 -0.00098755171907763699 1.3169926031733658e-05 -0.00098755171907763699
leaf_weight=2.1809441278455788 46.679606804100331 2.101508389809168 2.3128827289328893 7.3092311101499945 10.947587347356601 26.086634773644619 0.40646311570890237 10.496039717050733 1.4344138619489957 0.29745886294404034
leaf_count=520 3940 203 79 138 421 6530 31 2239 69 53
internal_value=0.000476557 0.00128076 0.00593016 0.0116765 -0.000436385 -0.00138217 -0.00498967 -0.000987552 1.31699e-05 -0.00759396
internal_weight=110.253 58.4032 11.7236 9.62211 51.8495 40.902 2.88487 38.0171 11.9305 2.4784
internal_count=14223 4360 420 217 9863 9442 604 8838 2308 573
is_linear=0
shrinkage=0.03


Tree=119
num_leaves=11
num_cat=0
split_feature=5 1 11 11 1 11 3 1 0 1
split_gain=0.214407 0.243228 0.170831 0.117474 0.100826 0.132948 0.085185 0.0428109 0.00843702 0.00553613
threshold=97.952914948540027 90.355452386449869 4.4760982233040263 79.119732475108137 8.6292344229310292 98.38546757901598 96.938762760361371 96.173208606477587 98.884083187650518 90.355452386449869
decision_type=2 2 2 2 2 2 2 2 2 2
left_child=2 3 -1 -2 5 6 8 9 -4 -6
right_child=1 -3 4 -5 7 -7 -8 -9 -10 -11
leaf_value=-0.0065641851757075259 0.00013838430564473773 0.0098604940686439126 -0.0065641851757075259 0.0042051386715405512 0.00013838430564473773 0.00013838430564473773 0.00013838430564473773 0.0023816062950148664 -0.00029448778274828211 0.00086314005452437783
leaf_weight=2.5596901911776504 9.0649062576703781 3.0845368599984786 4.3874882186064488 7.4988512592390171 64.853647122043185 0.92887878126930434 0.31011927779763926 8.1522630141698738 0.31321109831333149 8.990155477775259
leaf_count=600 178 36 924 98 11117 82 25 408 14 741
internal_value=0.000507218 0.0032658 -0.000120871 0.00154623 0.000138384 -0.00347807 -0.00577849 0.000138384 -0.00656419 0.000138384
internal_weight=110.144 19.6483 90.4955 16.5638 87.9358 5.9397 5.01082 81.9961 4.7007 73.8438
internal_count=14223 312 13911 276 13311 1045 963 12266 938 11858
is_linear=0
shrinkage=0.03


Tree=120
num_leaves=10
num_cat=0
split_feature=9 5 1 11 5 9 10 1 1
split_gain=0.173451 0.314895 0.293096 0.199659 0.0595733 0.149504 0.0109886 0.0129064 0.00420549
threshold=96.609195402298866 97.578201368523963 79.655946761080529 73.529387561974133 99.590582989708011 1.4190821256038648 16.774891774891778 86.091389603535859 98.884083187650518
decision_type=2 2 2 2 2 2 2 2 2
left_child=4 2 -2 -4 5 -1 8 -8 -7
right_child=1 -3 3 -5 -6 6 7 -9 -10
leaf_value=-0.010822694354555967 -0.0013246234052938478 0.012527027312622958 -0.0013246234052938478 0.011632672792107772 0.0013775536117565613 -0.0026426162527654218 -0.0017996913061347675 -0.0013246234052938478 -0.0013246234052938478
leaf_weight=0.54820319765712966 4.2769251306890492 1.3231836855411527 1.2208715793676677 1.7300631471443919 6.1178532631602129 8.9139524151687457 63.871700953284744 19.760867605451494 0.30147756240330714
leaf_count=57 455 14 95 33 79 1891 9987 1622 14
internal_value=-0.000965199 0.0029184 -0.000149345 0.00704713 -0.00132462 -0.00151435 -0.00134465 -0.00132462 -0.002394
internal_weight=108.065 8.55104 7.22786 2.95093 99.5141 93.3962 92.848 83.6326 9.21543
internal_count=14247 597 583 128 13650 13571 13514 11609 1905
is_linear=0
shrinkage=0.03


Tree=121
num_leaves=7
num_cat=0
split_feature=1 4 10 1 1 11
split_gain=0.141725 1.30793 0.0112101 0.0174825 0.00378769 0.00917621
threshold=98.187309339910442 26.449536347077331 12.9451193967323 79.251081825334396 14.314722277195068 43.698770491803288
decision_type=2 2 2 2 2 2
left_child=2 -2 4 -4 -1 -6
right_child=1 -3 3 -5 5 -7
leaf_value=-0.0040011074900945893 -0.0012287214338510659 0.014448028762014214 -0.0017369859796771835 -0.0012287214338510659 -0.0037501099310062727 -0.0017369859796771835
leaf_weight=0.98330333683406834 1.8619181540561829 4.3552717730635777 70.743199855380226 23.609255986637436 1.7954263828578403 4.6039659416419454
leaf_count=198 174 82 10112 2414 504 763
internal_value=-0.000950895 0.00313566 -0.00122872 -0.00122872 -0.00240501 -0.00173699
internal_weight=107.952 6.21719 101.735 94.3525 7.3827 6.39939
internal_count=14247 256 13991 12526 1465 1267
is_linear=0
shrinkage=0.03


Tree=122
num_leaves=9
num_cat=0
split_feature=9 5 1 1 5 1 9 10
split_gain=0.147505 0.310381 0.265264 0.0772662 0.587269 0.0133694 0.00961272 0.00043549
threshold=96.609195402298866 96.938762760361371 95.91835034714849 98.187309339910442 99.192733789507983 43.857819045420065 1.4190821256038648 12.9451193967323
decision_type=2 2 2 2 2 2 2 2
left_child=3 2 5 6 -5 -2 -1 -8
right_child=1 -3 -4 4 -6 -7 7 -9
leaf_value=-0.0041416625238110674 -0.0014663389714488235 0.011838086006970004 0.008736494975773626 -0.0014663389714488235 0.011838086006970004 0.001955601291039299 -0.002067675633526782 -0.0014663389714488235
leaf_weight=0.50916090718237583 2.4602537361788546 1.4613513164222238 1.4586282030213622 4.3128276884672223 1.2764705270528791 3.2301409228239208 6.9208560288534491 86.114387178560719
leaf_count=55 245 19 30 235 9 303 1406 11945
internal_value=-0.000924013 0.00264591 -0.000455211 -0.00125741 0.00193117 -0.00125741 -0.00146634 -0.00146634
internal_weight=107.744 8.61037 7.14902 99.1337 5.5893 5.69039 93.5444 93.0352
internal_count=14247 597 578 13650 244 548 13406 13351
is_linear=0
shrinkage=0.03


Tree=123
num_leaves=5
num_cat=0
split_feature=1 4 9 1
split_gain=0.106059 1.1297 0.00453177 0.00411366
threshold=98.187309339910442 26.449536347077331 96.190130624092902 86.091389603535859
decision_type=2 2 2 2
left_child=2 -2 3 -1
right_child=1 -3 -4 -5
leaf_value=-0.0015208924028411359 -0.0011515681097568585 0.013385493205189596 -0.0011515681097568585 -0.0011515681097568585
leaf_weight=75.488844747480471 1.8254061727202486 4.3047545785084367 8.2813674311619234 17.700654542772099
leaf_count=11714 174 82 616 1661
internal_value=-0.000912662 0.00264877 -0.00115157 -0.00139111
internal_weight=107.601 6.13016 101.471 93.1895
internal_count=14247 256 13991 13375
is_linear=0
shrinkage=0.03


Tree=124
num_leaves=11
num_cat=0
split_feature=9 5 1 4 11 4 5 9 4 1
split_gain=0.0917528 0.302417 0.15978 0.31985 0.071682 0.244034 0.0401888 0.112808 0.0168969 0.00204827
threshold=96.609195402298866 96.938762760361371 43.857819045420065 90.73513662620887 46.153783110411752 28.077289286305682 99.590582989708011 1.4190821256038648 1.7251047267209818 86.091389603535859
decision_type=2 2 2 2 2 2 2 2 2 2
left_child=6 2 -2 4 -4 -6 7 -1 -9 -10
right_child=1 -3 3 -5 5 -7 -8 8 9 -11
leaf_value=-0.0096577190534368092 -0.0011815526447990889 0.011027020915084772 -0.0011815526447990889 0.011027020915084772 -0.0011815526447990889 0.0086190935178149328 0.0010634228989493946 -0.0039963723726242377 -0.001407924827178816 -0.0011815526447990889
leaf_weight=0.4637947345036072 2.4251624463940953 1.4482783682178704 1.0869567162590104 0.95453436230309296 0.73770726285874877 1.987631427706219 6.0066011091694227 1.0967716596787784 70.141248448111583 21.226001019647811
leaf_count=57 245 19 158 18 57 100 79 211 11531 1772
internal_value=-0.00091895 0.00189861 -0.0010613 0.00383827 -0.00109795 0.00302575 -0.00118155 -0.00133644 -0.00119182 -0.00118155
internal_weight=107.575 8.64027 7.19199 4.76683 3.8123 2.72534 98.9344 92.9278 92.464 91.3672
internal_count=14247 597 578 333 315 157 13650 13571 13514 13303
is_linear=0
shrinkage=0.03


Tree=125
num_leaves=10
num_cat=0
split_feature=10 9 0 11 5 9 11 9 11
split_gain=0.181613 0.534341 0.270149 0.0905056 0.243855 0.214379 0.0815207 0.00747585 0.00239441
threshold=80.810147299509012 33.549783549783555 99.192733789507983 8.2231091466833792 99.798183447377014 96.086938029007712 6.8479424936717086 82.725464190981441 65.82171968415814
decision_type=2 2 2 2 2 2 2 2 2
left_child=3 -2 6 4 -1 7 -3 -5 -8
right_child=1 2 -4 5 -6 -7 8 -9 -10
leaf_value=-0.0086640479579889827 -0.00099449132588525337 -0.00099449132588525337 0.013566563638800164 -0.00099449132588525337 -0.00099449132588525337 0.0031659947741592095 0.0031659947741592095 -9.8194397989667632e-05 0.0042870894546824384
leaf_weight=4.1494638505391768 8.2998685035854596 0.57202119170689769 1.7360280137509096 53.338846467202529 0.63732432341203082 6.8969183701556167 7.8810150290373739 13.730015157023443 12.172535220743155
leaf_count=925 925 108 18 8868 9 425 1023 1372 535
internal_value=-0.000233295 0.00169146 0.00451959 -0.000994491 -0.004769 -0.000994491 0.00316599 -0.000994491 0.00362198
internal_weight=109.414 30.6615 22.3616 78.7526 4.78679 73.9658 20.6256 67.0689 20.0536
internal_count=14208 2609 1684 11599 934 10665 1666 10240 1558
is_linear=0
shrinkage=0.03


Tree=126
num_leaves=13
num_cat=0
split_feature=10 0 0 11 10 4 11 4 4 0 3 3
split_gain=0.181916 0.247035 0.0587077 0.0965057 0.0761097 0.0705226 0.0481626 0.0312137 0.0287715 0.00380184 0.0146045 0.00470625
threshold=80.810147299509012 99.192733789507983 99.798183447377014 8.2231091466833792 12.9451193967323 3.3496058317115813 5.5102270313495696 91.77689085331663 70.030303277152811 67.170158045044474 89.325266112805878 92.857113107509832
decision_type=2 2 2 2 2 2 2 2 2 2 2 2
left_child=2 6 3 -1 7 -6 -2 -5 9 11 -11 -8
right_child=1 -3 -4 4 5 -7 8 -9 -10 10 -12 -13
leaf_value=-0.0050740649420709027 -0.0037500918779080914 0.0097818544834442824 0.0030207564396245229 -0.0045843485501003735 -0.0036831702001901365 -0.00029180493224469756 -0.00029180493224469756 -0.00029180493224469756 0.0017334679414518789 -0.00029180493224469756 0.0017334679414518789 0.0016522590577571976
leaf_weight=4.2812645301455623 1.007000767800508 2.0791986396070561 2.2322687734849742 5.2941247100825413 1.3317866546567518 63.981623636791483 7.1931699282140489 1.3395525786327196 18.77701951644849 0.84763124265009515 0.695690463995561 0.34703297424130131
leaf_count=930 142 24 28 1237 219 9072 1345 113 788 196 71 43
internal_value=-0.00022182 0.00169235 -0.000988609 -0.00114361 -0.000843377 -0.000503756 0.000801696 -0.00368317 0.00109045 -0.000278842 0.000882714 -0.000291805
internal_weight=109.407 30.9467 78.4606 76.2284 71.9471 65.3134 28.8675 6.63368 27.8605 9.08352 1.54332 7.5402
internal_count=14208 2609 11599 11571 10641 9291 2585 1350 2443 1655 267 1388
is_linear=0
shrinkage=0.03


Tree=127
num_leaves=7
num_cat=0
split_feature=5 11 9 4 9 0
split_gain=0.105992 0.200999 0.16085 0.279692 0.0388458 0.0242933
threshold=99.590582989708011 5.5102270313495696 96.086938029007712 88.294639947865775 1.4190821256038648 0.91285417422568205
decision_type=2 2 2 2 2 2
left_child=1 -1 4 -4 -3 -6
right_child=-2 2 3 -5 5 -7
leaf_value=-0.0065393919078334597 0.0035020023456282506 -0.0056167647824270743 -0.00057442027696125175 0.0035020023456282506 -0.0045365845780606208 -0.00057442027696125175
leaf_weight=3.677561843127477 5.4535277315881094 0.38803700386779283 5.3871537747327221 4.0465836271760054 0.45371763326693226 89.928466358745936
leaf_count=761 72 56 539 90 83 12607
internal_value=-0.000232725 -0.00046031 -0.000174791 0.00335691 -0.00057442 -0.00057442
internal_weight=109.335 103.882 100.204 9.43374 90.7702 90.3822
internal_count=14208 14136 13375 629 12746 12690
is_linear=0
shrinkage=0.03


Tree=128
num_leaves=8
num_cat=0
split_feature=5 11 9 4 9 0 9
split_gain=0.0908548 0.105796 0.15954 0.257759 0.0360582 0.0241449 0.00127536
threshold=99.590582989708011 5.5102270313495696 96.086938029007712 88.294639947865775 1.4190821256038648 0.91285417422568205 8.0290010741138573
decision_type=2 2 2 2 2 2 2
left_child=1 -1 4 -4 -3 -6 -7
right_child=-2 2 3 -5 5 6 -8
leaf_value=-0.0049287279155549946 0.0032322559832621152 -0.0049287279155549946 -0.00063268566676814354 0.0032322559832621152 -0.0045879511741093821 -0.0014113937771696556 -0.00063268566676814354
leaf_weight=3.5253932548803268 5.4382202718406907 0.38616271660430257 5.3880824023508449 4.0408718978869729 0.45325237407814611 5.0107117306906721 85.008395093202125
leaf_count=761 72 56 539 90 83 786 11821
internal_value=-0.000230056 -0.000440536 -0.00023566 0.00323226 -0.000632686 -0.000632686 -0.000632686
internal_weight=109.251 103.813 100.287 9.42895 90.8585 90.4724 90.0191
internal_count=14208 14136 13375 629 12746 12690 12607
is_linear=0
shrinkage=0.03


Tree=129
num_leaves=13
num_cat=0
split_feature=10 9 0 4 11 4 5 10 4 4 4 11
split_gain=0.211819 0.45429 0.261189 0.115645 0.120394 0.0837756 0.0521446 0.0316853 0.0487643 0.0220683 0.00822392 0.000662368
threshold=80.810147299509012 33.549783549783555 99.192733789507983 24.822818802969582 65.82171968415814 92.145007139611877 48.325197084144214 12.9451193967323 91.77689085331663 3.3496058317115813 70.795539365223604 16.480179822164825
decision_type=2 2 2 2 2 2 2 2 2 2 2 2
left_child=7 -2 3 -3 6 10 -5 8 -1 -9 -6 -8
right_child=1 2 -4 4 5 -7 11 9 -10 -11 -12 -13
leaf_value=-0.004403765714110169 -0.001030085974188563 -0.001030085974188563 0.013108561655448455 -0.001030085974188563 0.0022707243323668138 0.0084661653783488049 0.00063791318903315419 -0.0040686140145311522 -0.001030085974188563 -0.001030085974188563 0.0037959655712606604 0.0022707243323668138
leaf_weight=5.5479450867860569 8.2202319775824453 2.2703527025878492 1.7873360263183702 1.7163419888820524 1.5711011489620412 4.5504402965307236 1.1576010333956217 1.6725294357165683 1.4928616014076395 69.465308623213787 5.795029322442133 3.9204891378176399
leaf_count=1343 925 402 18 303 217 72 82 320 118 9818 164 426
internal_value=-0.000199435 0.00186282 0.00430934 0.00299752 0.00380977 0.00551249 0.000499314 -0.00103009 -0.00294802 -0.00103009 0.002894 0.00227072
internal_weight=109.168 30.9889 22.7687 20.9814 18.711 11.9166 6.79443 78.1786 7.04081 71.1378 7.36613 5.07809
internal_count=14208 2609 1684 1666 1264 453 811 11599 1461 10138 381 508
is_linear=0
shrinkage=0.03


Tree=130
num_leaves=11
num_cat=0
split_feature=1 4 1 11 11 5 1 1 11 5
split_gain=0.0475803 0.100846 0.265293 0.0795213 0.0404326 0.056054 0.0810285 0.024979 0.0689162 0.0247062
threshold=44.263944321667715 71.198359511910184 90.73513662620887 85.728833284841443 27.907005275426332 99.590582989708011 19.172572499185403 70.030303277152811 85.437960443353035 96.938762760361371
decision_type=2 2 2 2 2 2 2 2 2 2
left_child=4 -2 7 -4 5 6 -1 8 -3 -9
right_child=1 2 3 -5 -6 -7 -8 9 -10 -11
leaf_value=-0.0064466106511260673 -0.00062443938475907417 -0.00062443938475907417 0.0022962707331620879 0.0079937115920175467 -0.00062443938475907417 -0.00062443938475907417 -0.00062443938475907417 0.0010227693219503973 0.0010227693219503973 0.0022962707331620879
leaf_weight=3.7697535039042105 32.280686493730173 4.3954138524713979 5.4843644439242762 4.6879107798449695 41.906885484757368 1.3305339005310086 3.4730786337750033 5.9717976422980419 4.6686272622318938 1.4903579625533891
leaf_count=672 6524 643 104 60 4776 22 823 426 162 25
internal_value=-7.67526e-05 0.00049822 0.00182915 0.00540242 -0.000745156 -0.00260439 -0.00389867 -0.000553047 -0.000624439 0.00102277
internal_weight=109.459 58.9792 26.6985 10.1723 50.4803 8.57337 7.24283 16.5262 9.06404 7.46216
internal_count=14237 7944 1420 164 6293 1517 1495 1256 805 451
is_linear=0
shrinkage=0.03


Tree=131
num_leaves=6
num_cat=0
split_feature=10 1 4 5 1
split_gain=0.0458531 0.366212 0.846339 0.00813318 0.00277744
threshold=74.813432835820905 70.030303277152811 64.480286738351268 0.91285417422568205 34.54915003695492
decision_type=2 2 2 2 2
left_child=3 -2 -3 -1 -5
right_child=1 2 -4 4 -6
leaf_value=-0.0028077995655148924 -0.00051528074959399128 -0.00051528074959399128 0.010932703252882172 -0.00085042317627515821 -0.00051528074959399128
leaf_weight=0.44328263268107448 25.720950440037996 5.6228459263220412 7.8235827026655897 25.459345550101716 44.281308654637542
leaf_count=86 2378 829 191 3669 7084
internal_value=-5.84844e-05 0.000752498 0.00470985 -0.000515281 -0.000515281
internal_weight=109.351 39.1674 13.4464 70.1839 69.7407
internal_count=14237 3398 1020 10839 10753
is_linear=0
shrinkage=0.03


Tree=132
num_leaves=8
num_cat=0
split_feature=1 10 4 1 10 1 5
split_gain=0.0376885 0.230076 0.525223 0.529305 0.0018462 0.0629007 0.00658568
threshold=44.263944321667715 76.79487179487181 70.030303277152811 66.094819159335302 56.789581504243493 0.50672889797803222 99.798183447377014
decision_type=2 2 2 2 2 2 2
left_child=4 -2 -3 -4 5 -1 -7
right_child=1 2 3 -5 -6 6 -8
leaf_value=-0.0071666399517863249 -0.00064768879395618779 -0.00064768879395618779 -0.00064768879395618779 0.011530393133507521 -0.00064768879395618779 -0.0012143827906003918 -0.00064768879395618779
leaf_weight=0.39095834281761455 40.774301616707817 8.0996649881708453 2.6583165851188806 7.299118188675493 29.016783796949312 19.944194331299517 1.0547611080110062
leaf_count=24 6257 1370 149 168 2601 3652 16
internal_value=-5.24002e-05 0.000459943 0.00319152 0.00764766 -0.000647689 -0.000952561 -0.000647689
internal_weight=109.238 58.8314 18.0571 9.95743 50.4067 21.3899 20.999
internal_count=14237 7944 1687 317 6293 3692 3668
is_linear=0
shrinkage=0.03


Tree=133
num_leaves=10
num_cat=0
split_feature=1 10 4 9 9 11 1 10 10
split_gain=0.0375976 0.208572 0.486193 0.0899442 0.0509681 0.0507996 0.0288336 0.00694485 0.0011485
threshold=44.263944321667715 76.79487179487181 70.030303277152811 38.92496392496394 8.0290010741138573 96.764405185457846 19.97983870967742 90.353598014888348 85.912698412698418
decision_type=2 2 2 2 2 2 2 2 2
left_child=4 -2 -3 7 5 6 -1 -4 -5
right_child=1 2 3 8 -6 -7 -8 -9 -10
leaf_value=-0.00761324116243232 -0.00067693218055055908 -0.00067693218055055908 0.00022503199567572529 0.0046452225923323317 -0.00067693218055055908 -0.00067693218055055908 -0.00067693218055055908 0.0030055112308478532 0.010472743913993733
leaf_weight=1.4716257479158228 40.640998824499547 8.0920873760478589 1.4236183922039329 2.7324154232628644 47.518435740377754 0.37889444734901179 0.7686335730832069 1.6119464765070004 4.1969106670003384
leaf_count=205 6257 1370 62 90 5865 31 192 47 118
internal_value=-8.06062e-05 0.00043156 0.00302758 0.00731056 -0.000676932 -0.00425481 -0.00602009 0.00208041 0.00905043
internal_weight=108.836 58.698 18.057 9.96489 50.1376 2.61915 2.24026 3.03556 6.92933
internal_count=14237 7944 1687 317 6293 428 397 109 208
is_linear=0
shrinkage=0.03


Tree=134
num_leaves=11
num_cat=0
split_feature=0 1 10 4 1 10 1 1 4 1
split_gain=0.0835105 0.0488327 0.148252 0.385447 0.526825 0.00386416 0.0136215 0.00172584 0.0177634 0.000373216
threshold=0.50672889797803222 44.263944321667715 76.79487179487181 70.030303277152811 66.094819159335302 99.350649350649363 0.50672889797803222 90.73513662620887 57.609720877433148 2.9434805554639314
decision_type=2 2 2 2 2 2 2 2 2 2
left_child=-1 5 7 -4 -5 6 -2 -3 -9 -8
right_child=1 2 3 4 -6 -7 9 8 -10 -11
leaf_value=-0.007403087184000269 -0.0032870891855866506 -0.00068548969556192485 -0.00043428377972273287 -0.00043428377972273287 0.0106224598686494 -0.00043428377972273287 -0.0010695446905671585 -0.00068548969556192485 -0.00043428377972273287 -0.00068548969556192485
leaf_weight=0.38770680938614432 0.98482451285235484 26.27858781372197 8.0141322313575092 2.7775126596679893 7.3194509677123278 2.3498938604025161 4.4630512078874736 6.2291840907419083 7.8057684268569574 42.104047886910848
leaf_count=63 50 5243 1360 149 168 149 346 795 176 5738
internal_value=-9.03692e-05 3.2795e-06 0.000587394 0.00276528 0.00655917 -0.000678702 -0.000805963 -0.000434284 -0.000434284 -0.00068549
internal_weight=108.714 108.326 58.4246 18.1111 10.097 49.9018 47.5519 40.3135 14.035 46.5671
internal_count=14237 14174 7891 1677 317 6283 6134 6214 971 6084
is_linear=0
shrinkage=0.03


Tree=135
num_leaves=8
num_cat=0
split_feature=1 4 10 0 10 0 10
split_gain=0.10606 0.874354 0.186123 0.267388 0.00985767 0.00309231 0.000365721
threshold=94.55095307917891 24.41753991196374 69.716905901116448 93.152057506328305 1.5038444142921756 98.187309339910442 14.087301587301589
decision_type=2 2 2 2 2 2 2
left_child=4 -2 3 -3 -1 6 -6
right_child=1 2 -4 -5 5 -7 -8
leaf_value=-0.0023181049938955423 -8.6988209636099835e-05 2.9307004577259012e-05 0.012492639410444052 0.011804682546838724 -0.00052083591676871334 -8.6988209636099835e-05 -0.00025688084464225189
leaf_weight=0.7837854070821767 3.2928074386436483 4.9940006301621889 4.875569389667362 1.6640228396281598 5.3572186108794986 15.640216402942313 71.990247696987353
leaf_count=66 460 217 98 16 1470 255 11537
internal_value=0.000295498 0.00256723 0.00837948 0.00412947 -8.69882e-05 -8.69882e-05 -0.000281577
internal_weight=108.598 14.8264 11.5336 6.65802 93.7715 92.9877 77.3475
internal_count=14119 791 331 233 13328 13262 13007
is_linear=0
shrinkage=0.03


Tree=136
num_leaves=8
num_cat=0
split_feature=1 4 10 0 10 0 10
split_gain=0.0758036 0.789456 0.101352 0.229269 0.0128285 0.00189528 0.000822408
threshold=94.55095307917891 26.449536347077331 69.716905901116448 93.152057506328305 1.5038444142921756 98.187309339910442 14.087301587301589
decision_type=2 2 2 2 2 2 2
left_child=4 -2 3 -3 -1 6 -6
right_child=1 2 -4 -5 5 -7 -8
leaf_value=-0.0025631762294052404 -1.5446410209384595e-05 0.00050946351222237317 0.011197261900540646 0.011197261900540646 -0.00050395647809867291 -1.5446410209384595e-05 -0.00014111142734143836
leaf_weight=0.77877496107248489 3.4616362549713804 4.9276850035530497 4.814176460611634 1.6434418363496659 5.3548539679613887 15.677041089162229 71.833025572646875
leaf_count=66 474 208 93 16 1470 255 11537
internal_value=0.000309111 0.00222798 0.00797247 0.00444302 -1.54464e-05 -1.54464e-05 -0.000172407
internal_weight=108.491 14.8469 11.3853 6.57113 93.6437 92.8649 77.1879
internal_count=14119 791 317 224 13328 13262 13007
is_linear=0
shrinkage=0.03


Tree=137
num_leaves=7
num_cat=0
split_feature=1 0 10 0 10 5
split_gain=0.0797039 0.475331 0.366441 0.0488847 0.0588529 0.00790599
threshold=94.55095307917891 93.152057506328305 97.99919967987195 98.187309339910442 1.5038444142921756 98.187309339910442
decision_type=2 2 2 2 2 2
left_child=3 2 -2 4 -1 -6
right_child=1 -3 -4 -5 5 -7
leaf_value=-0.0058641685021228792 3.0347441325934377e-05 0.011825483571885554 0.011825483571885554 0.0015023728591882751 -0.00033460761259789331 3.0347441325934377e-05
leaf_weight=0.66511470975819875 11.191670438274739 2.6782318353652945 1.0154559069778759 15.740816019591874 73.719782542262692 3.4488227533292948
leaf_count=62 742 27 22 259 12918 89
internal_value=0.000364218 0.00232901 3.03474e-05 3.03474e-05 -0.000282631 -0.00016012
internal_weight=108.46 14.8854 12.2071 93.5745 77.8337 77.1686
internal_count=14119 791 764 13328 13069 13007
is_linear=0
shrinkage=0.03


Tree=138
num_leaves=7
num_cat=0
split_feature=1 4 10 5 10 10
split_gain=0.0769942 0.796059 0.0918005 0.0720229 0.0118129 0.000503576
threshold=94.55095307917891 26.449536347077331 69.716905901116448 94.159107873044732 1.5038444142921756 14.087301587301589
decision_type=2 2 2 2 2 2
left_child=4 -2 3 -3 -1 -6
right_child=1 2 -4 -5 5 -7
leaf_value=-0.0024579542756359642 1.8750494901334061e-05 0.001797902850232954 0.011172174081861337 0.0083853878810662575 -0.00028356469051560844 1.8750494901334061e-05
leaf_weight=0.73325777082936738 3.4575510221766299 4.6298504142323491 4.8119273023912683 1.9156615552492438 6.0926344739273182 86.750113948364742
leaf_count=66 474 202 93 22 1488 11774
internal_value=0.00034615 0.00228216 0.00805205 0.00458165 1.87505e-05 1.87505e-05
internal_weight=108.391 14.815 11.3574 6.54551 93.576 92.8427
internal_count=14119 791 317 224 13328 13262
is_linear=0
shrinkage=0.03


Tree=139
num_leaves=6
num_cat=0
split_feature=5 4 1 4 10
split_gain=0.081835 0.0417219 0.0574965 0.423143 0.0557469
threshold=99.590582989708011 0.91285417422568205 94.55095307917891 24.41753991196374 1.5038444142921756
decision_type=2 2 2 2 2
left_child=1 -1 4 -4 -3
right_child=-2 2 3 -5 -6
leaf_value=-0.0046514062441608099 0.003365983568696967 -0.0046514062441608099 -0.00013216646124364811 0.003365983568696967 -0.00013216646124364811
leaf_weight=0.65177500911522557 6.3130265874788156 0.63268885586876322 2.9271550882258444 10.540960395184809 87.122625502641313
leaf_count=121 87 65 409 323 13114
internal_value=0.000300441 7.96018e-05 0.000155269 0.00190782 -0.000132166
internal_weight=108.188 101.875 101.223 13.4681 87.7553
internal_count=14119 14032 13911 732 13179
is_linear=0
shrinkage=0.03


Tree=140
num_leaves=6
num_cat=0
split_feature=5 1 9 0 4
split_gain=0.123176 0.144307 0.287385 0.189636 0.171884
threshold=99.798183447377014 2.5373552792162819 57.043650793650798 99.192733789507983 98.187309339910442
decision_type=2 2 2 2 2
left_child=1 2 -1 -3 -4
right_child=-2 3 4 -5 -6
leaf_value=-0.011698457111536173 0.0049878989673937035 -7.9443473965326613e-05 -0.0095075990188868281 0.0049878989673937035 -7.9443473965326613e-05
leaf_weight=1.9272685001487833 3.0710453412029883 96.062646829290316 0.95247902406845275 4.0187149124685666 1.212213246617466
leaf_count=208 40 13827 112 61 18
internal_value=-0.000133917 -0.000330899 -0.0052576 -7.94435e-05 -7.94435e-05
internal_weight=107.244 104.173 4.09196 100.081 2.16469
internal_count=14266 14226 338 13888 130
is_linear=0
shrinkage=0.03


Tree=141
num_leaves=6
num_cat=0
split_feature=5 1 9 0 11
split_gain=0.0953468 0.10977 0.310152 0.181974 0.134468
threshold=99.798183447377014 2.5373552792162819 57.043650793650798 99.192733789507983 98.38546757901598
decision_type=2 2 2 2 2
left_child=1 2 4 -3 -1
right_child=-2 3 -4 -5 -6
leaf_value=-0.014939526801919669 0.0043427286419570749 -9.8477539272965976e-05 -9.8477539272965976e-05 0.0043427286419570749 -9.8477539272965976e-05
leaf_weight=1.2882424707640878 3.1074489788152269 96.07161282695597 2.126791768707335 4.0238854077178976 0.62584124971181165
leaf_count=167 40 13827 130 61 41
internal_value=-0.000143118 -0.000317009 -0.0046368 -9.84775e-05 -0.0115624
internal_weight=107.244 104.136 4.04088 100.095 1.91408
internal_count=14266 14226 338 13888 208
is_linear=0
shrinkage=0.03


Tree=142
num_leaves=6
num_cat=0
split_feature=5 1 9 0 11
split_gain=0.0926048 0.104656 0.30283 0.168724 0.127696
threshold=99.798183447377014 2.5373552792162819 57.043650793650798 99.192733789507983 98.38546757901598
decision_type=2 2 2 2 2
left_child=1 2 4 -3 -1
right_child=-2 3 -4 -5 -6
leaf_value=-0.0147130811536732 0.0043084497004556846 -6.853979561013336e-05 -6.853979561013336e-05 0.0043084497004556846 -6.853979561013336e-05
leaf_weight=1.2681465046480282 3.1118877129629245 96.085711388383061 2.1277698044432327 4.0134969234932205 0.6239572186022998
leaf_count=167 40 13827 130 61 41
internal_value=-0.000109438 -0.000281209 -0.00450831 -6.85398e-05 -0.0114023
internal_weight=107.231 104.119 4.01987 100.099 1.8921
internal_count=14266 14226 338 13888 208
is_linear=0
shrinkage=0.03


Tree=143
num_leaves=7
num_cat=0
split_feature=1 11 0 11 9 11
split_gain=0.0540296 0.182085 0.105393 0.0279686 0.0075157 0.00180383
threshold=2.5373552792162819 98.786651944546705 99.192733789507983 37.385639178671973 57.043650793650798 52.098209795836269
decision_type=2 2 2 2 2 2
left_child=1 4 3 -2 -1 -5
right_child=2 -3 -4 5 -6 -7
leaf_value=-0.0084763840352124233 -0.0010816527336404592 4.3455865624250227e-05 0.0038546446391932842 -0.00029057621704950637 -0.0027774231011132352 0.00014023717395215198
leaf_weight=1.7509890986839303 23.809121606638655 1.1305234176106749 5.5304268454201511 9.157179964007808 1.7982261984143404 63.958028251188807
leaf_count=184 4686 50 79 2140 116 7011
internal_value=-0.000114013 -0.00296218 4.34559e-05 4.34559e-05 -0.00683421 8.30881e-05
internal_weight=107.134 4.67974 102.455 96.9243 3.54922 73.1152
internal_count=14266 350 13916 13837 300 9151
is_linear=0
shrinkage=0.03


Tree=144
num_leaves=8
num_cat=0
split_feature=5 9 0 1 4 4 4
split_gain=0.0900106 0.117125 0.0530534 0.0806213 0.163597 0.0397945 0.0233941
threshold=99.590582989708011 1.4190821256038648 99.192733789507983 8.6292344229310292 98.884083187650518 92.145007139611877 0.91285417422568205
decision_type=2 2 2 2 2 2 2
left_child=1 -1 3 4 -3 6 -5
right_child=-2 2 -4 5 -6 -7 -8
leaf_value=-0.0089283060570084904 0.0032588735253421494 -0.0055625293221927743 0.0026816579594786086 -0.0044548451720297106 -0.0001087444776420963 0.0010466764682333506 -0.0001087444776420963
leaf_weight=0.41331605741288413 5.6246241729240856 6.6408067350275797 4.3624895723769432 0.54572687565814604 1.3889789446257053 19.746700190764386 68.492650202068035
leaf_count=59 79 1095 66 104 49 702 12112
internal_value=-0.000131914 -0.000349582 -0.0002275 -0.000384663 -0.00308558 -0.000108744 -0.00044945
internal_weight=107.215 101.591 101.177 96.8149 8.02979 88.7851 69.0384
internal_count=14266 14187 14128 14062 1144 12918 12216
is_linear=0
shrinkage=0.03


Tree=145
num_leaves=11
num_cat=0
split_feature=0 0 11 11 5 5 0 11 11 11
split_gain=0.0290261 0.0719455 0.0356935 0.0144219 0.0575407 0.00689561 0.00276385 0.00759087 0.000837775 0.000108805
threshold=98.187309339910442 0.50672889797803222 95.884287414066634 5.5102270313495696 98.884083187650518 97.952914948540027 94.159107873044732 38.109796404019043 99.645418523410413 29.607280781462975
decision_type=2 2 2 2 2 2 2 2 2 2
left_child=1 -1 9 4 -3 6 8 -8 -5 -2
right_child=2 3 -4 5 -6 -7 7 -9 -10 -11
leaf_value=-0.0074976196937319023 -0.00013796755283851375 -0.0045357052510696357 0.0028833026765575039 -0.0004588531971610883 -0.0004588531971610883 -0.00013796755283851375 -0.0004588531971610883 -0.00013796755283851375 -0.00013796755283851375 -3.1677589974547753e-05
leaf_weight=0.36951581574976344 3.51649796916172 2.9662969571072604 3.8011792523320755 73.912714891426731 0.38659419422037888 4.7226974146906278 0.96319594443775614 8.0742292208597046 0.41244934732094307 9.3526442466536519
leaf_count=60 68 733 51 12468 8 110 96 377 24 147
internal_value=-0.000447564 -0.000656499 0.00067513 -0.000548043 -0.00224747 -0.000458853 -0.000565193 -0.000137968 -0.000458853 -0.000137968
internal_weight=108.478 91.8077 16.6703 91.4382 3.35289 88.0853 83.3626 9.03743 74.3252 12.8691
internal_count=14142 13876 266 13816 741 13075 12965 473 12492 215
is_linear=0
shrinkage=0.03


Tree=146
num_leaves=9
num_cat=0
split_feature=0 0 9 5 11 4 4 11
split_gain=0.0271601 0.0717168 0.0348664 0.0363563 0.0230438 0.00996041 0.00898478 0.0224957
threshold=98.187309339910442 0.50672889797803222 96.609195402298866 99.590582989708011 95.884287414066634 0.91285417422568205 99.590582989708011 3.834514499837081
decision_type=2 2 2 2 2 2 2 2
left_child=1 -1 3 5 -2 -3 7 -7
right_child=4 2 -4 -5 -6 6 -8 -9
leaf_value=-0.0074841196973761993 0.00063608707428854984 -0.0034591521951773496 0.00063608707428854984 0.00063608707428854984 0.0027298048199293169 -0.0034502714486609417 0.00063608707428854984 -0.00076470181612010315
leaf_weight=0.36858369741821562 12.869442606228406 0.43430380837526072 7.9237016540719187 0.95945581514388223 3.8233828207012257 2.0210605168249449 0.80309954006224771 79.267837396764662
leaf_count=60 215 84 587 15 51 453 31 12646
internal_value=-0.000449563 -0.000651752 -0.000543511 -0.000741651 0.000636087 -0.000885935 -0.000830855 -0.00087259
internal_weight=108.471 91.778 91.4095 83.4858 16.6928 82.5263 82.092 81.2889
internal_count=14142 13876 13816 13229 266 13214 13130 13099
is_linear=0
shrinkage=0.03


Tree=147
num_leaves=6
num_cat=0
split_feature=9 4 0 9 9
split_gain=0.0185558 0.174608 0.0260962 0.0552294 0.00161845
threshold=98.58091787439615 92.857113107509832 0.91285417422568205 24.837662337662341 2.6144907723855098
decision_type=2 2 2 2 2
left_child=2 -2 3 -1 -4
right_child=1 -3 4 -5 -6
leaf_value=-0.0081014575094695961 -0.00053209505353877206 0.0071874676143139022 -0.0014681498677862333 -0.00053209505353877206 -0.00053209505353877206
leaf_weight=0.28735539619810779 3.5381255337269968 1.94293500657659 1.458227394032291 0.23262958304258063 100.90523791068699
leaf_count=45 337 37 160 66 13497
internal_value=-0.000438353 0.00113186 -0.000532095 -0.0044866 -0.000532095
internal_weight=108.365 5.48106 102.883 0.519985 102.363
internal_count=14142 374 13768 111 13657
is_linear=0
shrinkage=0.03


Tree=148
num_leaves=6
num_cat=0
split_feature=9 4 0 9 9
split_gain=0.0136895 0.156272 0.0170584 0.0466053 0.00168909
threshold=98.58091787439615 92.857113107509832 0.91285417422568205 24.837662337662341 2.6144907723855098
decision_type=2 2 2 2 2
left_child=2 -2 3 -1 -4
right_child=1 -3 4 -5 -6
leaf_value=-0.0072575603674740526 -0.00051684438113054729 0.0067307554479425049 -0.0014336268385234641 -0.00051684438113054729 -0.00051684438113054729
leaf_weight=0.2727783628506576 3.5387649595504618 1.9356142830802125 1.4579185664188106 0.23265546519542113 100.9125258551212
leaf_count=45 337 37 160 66 13497
internal_value=-0.000436745 0.000915841 -0.000516844 -0.00373795 -0.000516844
internal_weight=108.35 5.47438 102.876 0.505434 102.37
internal_count=14142 374 13768 111 13657
is_linear=0
shrinkage=0.03


Tree=149
num_leaves=5
num_cat=0
split_feature=11 5 5 0
split_gain=0.0147284 0.0510027 0.0207589 0.0151965
threshold=4.0816496528515325 99.798183447377014 0.91285417422568205 98.187309339910442
decision_type=2 2 2 2
left_child=1 -1 -2 -4
right_child=2 -3 3 -5
leaf_value=-0.004342194968672726 -0.0039275265817805974 -0.00036875058801666665 -0.00036875058801666665 0.0005430492515709714
leaf_weight=2.8036067900829944 0.46265173825668071 0.62687101215124119 88.456291456648614 15.968822065391576
leaf_count=573 93 8 13215 253
internal_value=-0.000444203 -0.00214725 -0.000368751 -0.000315879
internal_weight=108.318 3.43048 104.888 104.425
internal_count=14142 581 13561 13468
is_linear=0
shrinkage=0.03


Tree=150
num_leaves=7
num_cat=0
split_feature=9 4 1 5 10 1
split_gain=0.0620794 0.0363047 0.0433462 0.269311 0.0229872 0.00613405
threshold=1.4190821256038648 1.7251047267209818 98.884083187650518 78.44135195384213 14.087301587301589 8.2231091466833792
decision_type=2 2 2 2 2 2
left_child=-1 -2 4 -4 -3 -6
right_child=1 2 3 -5 5 -7
leaf_value=-0.0065607997536548997 -0.0040571199636953714 -0.0017990908634140353 -0.00020470251475771103 0.010213225426218326 -0.00094681638439087206 -0.00020470251475771103
leaf_weight=0.38291223766282101 1.1099431549664576 7.1549239992746143 1.736591532302554 1.608312467113137 12.40948293590918 82.294522724172566
leaf_count=61 224 1585 103 26 1001 11144
internal_value=-0.000244071 -0.000160396 -8.14695e-05 0.00285463 -0.000204703 -0.000204703
internal_weight=106.697 106.314 105.204 3.3449 101.859 94.704
internal_count=14144 14083 13859 129 13730 12145
is_linear=0
shrinkage=0.03


Tree=151
num_leaves=7
num_cat=0
split_feature=9 4 1 0 1 9
split_gain=0.0577123 0.0343633 0.0345413 0.247863 0.00700961 0.135121
threshold=1.4190821256038648 1.7251047267209818 98.884083187650518 67.975798338417619 8.2231091466833792 12.372448979591839
decision_type=2 2 2 2 2 2
left_child=-1 -2 4 -4 5 -3
right_child=1 2 3 -5 -6 -7
leaf_value=-0.0063437709277679461 -0.003956115123853029 -0.003956115123853029 -0.00019139934590248304 0.01013997409436492 -0.00019139934590248304 -0.00019139934590248304
leaf_weight=0.37650177045725186 1.102693548076785 1.4653834723867465 1.9383083334541873 1.3938782182522116 88.918747418385465 11.494131321494931
leaf_count=61 224 168 111 18 12612 950
internal_value=-0.000238859 -0.000158326 -8.16488e-05 0.00254349 -0.000191399 -0.000865602
internal_weight=106.69 106.313 105.21 3.33219 101.878 12.9595
internal_count=14144 14083 13859 129 13730 1118
is_linear=0
shrinkage=0.03


Tree=152
num_leaves=8
num_cat=0
split_feature=9 4 1 9 1 9 9
split_gain=0.0554905 0.0321695 0.0351929 0.274828 0.0143757 0.164264 0.0227174
threshold=1.4190821256038648 1.7251047267209818 98.884083187650518 68.703358208955237 8.2231091466833792 12.372448979591839 94.590643274853804
decision_type=2 2 2 2 2 2 2
left_child=-1 -2 4 -4 5 -3 -6
right_child=1 2 3 -5 6 -7 -8
leaf_value=-0.0062504083941590828 -0.0038560237041263259 -0.0038560237041263259 -0.00021402159630045864 0.010056978479624567 -0.00021402159630045864 -0.00021402159630045864 0.0012196156803358513
leaf_weight=0.37317456165328522 1.098280424484982 1.3721331451670256 1.7099629468866617 1.6581907356157897 78.941501634893939 11.492147703072986 9.9753589456086029
leaf_count=61 224 168 84 45 11842 950 770
internal_value=-0.000256404 -0.000177267 -0.000102878 0.00253583 -0.000214022 -0.00118175 -0.000214022
internal_weight=106.621 106.248 105.149 3.36815 101.781 12.8643 88.9169
internal_count=14144 14083 13859 129 13730 1118 12612
is_linear=0
shrinkage=0.03


Tree=153
num_leaves=10
num_cat=0
split_feature=9 0 4 1 9 10 1 9 9
split_gain=0.0542229 0.0289934 0.0241329 0.0839949 0.177175 0.0154795 0.0117517 0.0664725 0.0105364
threshold=1.4190821256038648 0.91285417422568205 1.7251047267209818 98.884083187650518 68.703358208955237 14.087301587301589 8.2231091466833792 23.453017570664631 94.590643274853804
decision_type=2 2 2 2 2 2 2 2 2
left_child=-1 -2 -3 5 -5 -4 7 -7 -8
right_child=1 2 3 4 -6 6 8 -9 -10
leaf_value=-0.0062175698702586499 -0.0043109805127506734 -0.0036036052771453273 -0.0015735498201715221 -0.00025881413585790019 0.0092272682755032628 -0.0015735498201715221 -0.00025881413585790019 -0.00025881413585790019 0.00097075342354103241
leaf_weight=0.37149244552710925 0.53026715049054374 0.78964252362493326 7.0985424864338702 1.5876973276608617 1.6476062745787201 2.1237132438109247 72.463107200223021 10.167294352489987 9.7924062026431766
leaf_count=61 109 158 1580 78 43 254 10406 743 712
internal_value=-0.000287956 -0.000209408 -0.000148605 -8.88031e-05 0.00405248 -0.000258814 -0.000258814 -0.00120458 -0.000258814
internal_weight=106.572 106.2 105.67 104.88 3.2353 101.645 94.5465 12.291 82.2555
internal_count=14144 14083 13974 13816 121 13695 12115 997 11118
is_linear=0
shrinkage=0.03


Tree=154
num_leaves=9
num_cat=0
split_feature=9 4 1 5 9 9 1 5
split_gain=0.0559152 0.0180371 0.0101816 0.171055 0.125475 0.0481861 0.324351 0.0454579
threshold=1.4190821256038648 0.91285417422568205 8.2231091466833792 99.590582989708011 23.453017570664631 94.590643274853804 79.251081825334396 93.877525520722713
decision_type=2 2 2 2 2 2 2 2
left_child=-1 -2 4 5 -3 -4 -7 -6
right_child=1 2 3 -5 7 6 -8 -9
leaf_value=-0.006284512176803622 -0.0034099132082419663 -0.0034099132082419663 -0.00031042755510937383 0.0056296135745264424 -0.0034099132082419663 -0.00031042755510937383 0.0056296135745264424 -0.00031042755510937383
leaf_weight=0.37189380475319822 0.54034901363775034 2.2405663336976405 78.720494033768773 3.5848615663126102 2.4361727922223482 5.8722182514611614 4.6396644244669005 8.1355656436644477
leaf_count=61 113 293 12018 42 645 591 193 188
internal_value=-0.000264639 -0.000185109 -0.000136788 -2.34458e-05 -0.00089674 -0.000310428 0.00163265 -0.000310428
internal_weight=106.542 106.17 105.63 92.8172 12.8123 89.2324 10.5119 10.5717
internal_count=14144 14083 13970 12844 1126 12802 784 833
is_linear=0
shrinkage=0.03


Tree=155
num_leaves=6
num_cat=0
split_feature=11 5 10 1 4
split_gain=0.0953353 0.0875231 0.0501098 0.030725 0.292358
threshold=3.834514499837081 99.798183447377014 95.129870129870142 98.884083187650518 34.54915003695492
decision_type=2 2 2 2 2
left_child=1 2 -1 -2 -5
right_child=3 -3 -4 4 -6
leaf_value=-0.0079108455375183576 0.00039155266023785043 0.00039155266023785043 0.00039155266023785043 0.00039155266023785043 0.010274318904105404
leaf_weight=2.0964046146837063 101.65961957926629 0.61798437684774388 0.49671745277009893 1.3872671611607068 1.9802777725271878
leaf_count=490 13609 8 54 85 33
internal_value=0.000217658 -0.00421235 -0.00644999 0.000391553 0.00291474
internal_weight=108.238 3.21111 2.59312 105.027 3.36754
internal_count=14279 552 544 13727 118
is_linear=0
shrinkage=0.03


Tree=156
num_leaves=8
num_cat=0
split_feature=4 1 9 10 1 0 1
split_gain=0.0442844 0.0973173 0.464607 0.0220584 0.00427403 0.00285277 0.00151677
threshold=3.3496058317115813 98.884083187650518 81.725417439703179 14.087301587301589 97.952914948540027 9.8690935938209918 92.145007139611877
decision_type=2 2 2 2 2 2 2
left_child=5 3 -3 4 -2 -1 -5
right_child=1 2 -4 6 -6 -7 -8
leaf_value=-0.003858459907774575 -0.0015416340884003895 0.00014007863052416941 0.014255823229843551 -5.5410198622869027e-05 0.00014007863052416941 -0.0015416340884003895 0.00014007863052416941
leaf_weight=1.6966258743777864 7.3936182241886845 1.8931780944694758 1.5576657783240078 81.586714002187364 0.33816122659482051 0.4550617019413038 13.297004732186904
leaf_count=361 1599 86 28 11359 13 94 739
internal_value=0.000228667 0.000329832 0.00467318 0.000140079 -0.00136851 -0.00328058 0.000140079
internal_weight=108.218 106.066 3.45084 102.615 7.73178 2.15169 94.8837
internal_count=14279 13824 114 13710 1612 455 12098
is_linear=0
shrinkage=0.03


Tree=157
num_leaves=9
num_cat=0
split_feature=11 1 0 11 10 1 10 1
split_gain=0.0884737 0.0638563 0.364409 0.0506721 0.098534 0.0445231 0.0297258 0.0177387
threshold=3.834514499837081 98.884083187650518 38.196600147819673 28.629444554390137 63.733075435203098 19.172572499185403 14.087301587301589 99.590582989708011
decision_type=2 2 2 2 2 2 2 2
left_child=7 3 -3 4 -2 -6 -5 -1
right_child=1 2 -4 6 5 -7 -8 -9
leaf_value=-0.0047047298504917364 -0.0031819185517379892 0.00023997288314155609 0.011788563899089924 -0.0019737263553385714 -0.0031819185517379892 0.00023997288314155609 0.00023997288314155609 0.00023997288314155609
leaf_weight=2.8089778880239482 10.478076481260361 1.5229608090594404 1.9102699076756833 6.4684085091575971 1.5114209328312416 5.5404991793329827 77.557366276916582 0.37933190760668356
leaf_count=523 2254 83 35 1215 203 863 9074 29
internal_value=0.000229297 0.000396265 0.00392245 0.000239973 -0.00132982 0.000239973 0.000239973 -0.00405073
internal_weight=108.177 104.989 3.43323 101.556 17.53 7.05192 84.0258 3.18831
internal_count=14279 13727 118 13609 3320 1066 10289 552
is_linear=0
shrinkage=0.03


Tree=158
num_leaves=7
num_cat=0
split_feature=11 5 10 1 9 9
split_gain=0.066833 0.0839842 0.0439759 0.0296539 0.269335 0.00324066
threshold=4.0816496528515325 99.798183447377014 95.129870129870142 98.884083187650518 64.820473644003059 96.190130624092902
decision_type=2 2 2 2 2 2
left_child=1 2 -1 5 -5 -2
right_child=3 -3 -4 4 -6 -7
leaf_value=-0.0071257252189447411 0.00035672755259763187 0.00035672755259763187 0.00035672755259763187 0.00035672755259763187 0.010038656054998794 0.0010176925746273691
leaf_weight=2.180141382443253 92.629977555421647 0.59899504855275143 0.50447918206918974 1.5782092645531514 1.8733263278845695 8.8116178400814515
leaf_count=530 12969 8 56 73 44 599
internal_value=0.000209971 -0.00346694 -0.00577072 0.000356728 0.0028111 0.000356728
internal_weight=108.177 3.28362 2.68462 104.893 3.45154 101.442
internal_count=14279 594 586 13685 117 13568
is_linear=0
shrinkage=0.03


Tree=159
num_leaves=10
num_cat=0
split_feature=11 9 4 1 0 10 5 1 5
split_gain=0.0557882 0.10269 0.220802 0.45908 0.179445 0.0574999 0.121029 0.00493513 0.00206657
threshold=28.629444554390137 96.190130624092902 28.077289286305682 79.655946761080529 95.91835034714849 70.139561930606718 99.798183447377014 19.172572499185403 98.187309339910442
decision_type=2 2 2 2 2 2 2 2 2
left_child=5 -2 -3 4 -4 6 7 -1 -7
right_child=1 2 3 -5 -6 8 -8 -9 -10
leaf_value=-0.0052574987773956767 0.00020584899287066376 0.00020584899287066376 0.00020584899287066376 0.014709920701508058 0.0078210782300047119 -0.00072641144983221818 0.00020584899287066376 -0.0027717352465453037 0.00020584899287066376
leaf_weight=2.5136184533475907 78.722733094356954 0.94075041706673701 2.6584973150165752 2.398420434910804 1.7878863366786388 6.4123746438417566 0.84164606314152557 10.295516129815949 1.600484635797329
leaf_count=469 9943 103 249 47 25 1064 14 2336 29
internal_value=0.000210062 0.000551861 0.00362886 0.00640739 0.000205849 -0.00111895 -0.00229417 -0.00360493 0.000205849
internal_weight=108.172 86.5083 7.78555 6.8448 4.44638 21.6636 13.6508 12.8091 8.01286
internal_count=14279 10367 424 321 274 3912 2819 2805 1093
is_linear=0
shrinkage=0.03


Tree=160
num_leaves=8
num_cat=0
split_feature=1 9 0 5 9 0 0
split_gain=0.0913415 0.233515 0.164169 0.0532419 0.131652 0.0906031 0.00513689
threshold=2.9434805554639314 55.863254392666164 97.952914948540027 97.952914948540027 50.324675324675333 0.50672889797803222 95.560035842293914
decision_type=2 2 2 2 2 2 2
left_child=1 -1 -3 5 -5 -2 -7
right_child=3 2 -4 4 -6 6 -8
leaf_value=-0.008000610246255542 -0.0073367194172869821 -0.008000610246255542 0.00096972818421221449 0.00096972818421221449 0.0050145789960198712 0.00062157656066488441 0.00096972818421221449
leaf_weight=2.7169227249105452 0.3350167257594866 0.93986310274340246 1.8781439799349753 6.0312366734724483 9.2858495421241951 78.955573332554195 8.2873739455244486
leaf_count=238 56 138 23 138 117 13174 308
internal_value=0.000759466 -0.00269959 0.000969728 0.000969728 0.00270013 0.000969728 0.000969728
internal_weight=108.43 5.53493 2.81801 102.895 15.3171 87.578 87.2429
internal_count=14192 399 161 13793 255 13538 13482
is_linear=0
shrinkage=0.03


Tree=161
num_leaves=6
num_cat=0
split_feature=1 9 9 3 0
split_gain=0.0199395 0.298282 0.0217641 0.0393859 0.388317
threshold=2.9434805554639314 55.863254392666164 1.4190821256038648 95.166158239761174 92.857113107509832
decision_type=2 2 2 2 2
left_child=1 -1 -2 -4 -5
right_child=2 -3 3 4 -6
leaf_value=-0.0079506540569674496 -0.002824879402719878 0.00087126666992937282 0.00087126666992937282 0.00087126666992937282 0.0059086043269868617
leaf_weight=2.7120274415938175 0.47453985118772735 2.6689370106905699 84.342976437648758 3.9980606798199032 14.237690701847894
leaf_count=238 55 161 13113 354 271
internal_value=0.000776826 -0.000884948 0.000871267 0.000915473 0.00224705
internal_weight=108.434 5.38096 103.053 102.579 18.2358
internal_count=14192 399 13793 13738 625
is_linear=0
shrinkage=0.03


Tree=162
num_leaves=11
num_cat=0
split_feature=5 11 5 11 1 11 0 11 5 4
split_gain=0.0449319 0.0953427 0.0376847 0.169577 0.11566 0.0930735 0.0777811 0.0443876 0.0185929 0.0148728
threshold=99.590582989708011 4.4760982233040263 97.952914948540027 36.932429130009787 8.6292344229310292 85.065575105897707 95.560035842293914 99.288570861977803 0.91285417422568205 98.58442726863781
decision_type=2 2 2 2 2 2 2 2 2 2
left_child=1 -1 4 -4 7 6 8 -3 -6 -10
right_child=-2 2 3 -5 5 -7 -8 -9 9 -11
leaf_value=-0.0041409750403657002 0.003045045209239085 -0.0041409750403657002 0.00054437320458089141 0.003045045209239085 -0.0041409750403657002 0.0022731101302227341 0.00054437320458089141 0.0018540745942594928 -0.00070196157323473114 0.00054437320458089141
leaf_weight=2.6933091424871227 6.4119078333023927 4.9053320380044161 3.523966387496329 8.6338459640974161 0.35516014398308371 26.698475835612044 3.8727178650442502 0.67936233081854869 50.382427196076605 0.25519698229618271
leaf_count=628 87 1012 90 129 70 1692 158 45 10267 14
internal_value=0.00077935 0.000608743 0.00077756 0.00228066 0.000544373 0.000544373 0.000137069 -0.00343726 -0.000692701 -0.000587313
internal_weight=108.412 102 99.3065 12.1578 87.1487 81.564 54.8655 5.58469 50.9928 50.6376
internal_count=14192 14105 13477 219 13258 12201 10509 1057 10351 10281
is_linear=0
shrinkage=0.03


Tree=163
num_leaves=14
num_cat=0
split_feature=5 11 9 5 11 1 11 4 11 5 4 5 11
split_gain=0.0444225 0.0854015 0.0655229 0.0502295 0.16715 0.0990388 0.0704129 0.0326912 0.00435622 0.00421831 0.00371349 0.00292155 0.000580867
threshold=99.590582989708011 4.4760982233040263 1.4190821256038648 97.952914948540027 36.932429130009787 8.6292344229310292 85.065575105897707 95.560035842293914 98.990917236884982 97.578201368523963 98.187309339910442 0.91285417422568205 5.5102270313495696
decision_type=2 2 2 2 2 2 2 2 2 2 2 2 2
left_child=1 -1 -3 5 -5 8 7 9 10 11 -4 -7 -13
right_child=-2 2 3 4 -6 6 -8 -9 -10 -11 -12 12 -14
leaf_value=-0.003915548517439988 0.0030133274143771837 -0.003915548517439988 -0.0038308797774925583 0.00056883162813115256 0.0030133274143771837 -0.0017372902460506428 0.0020890148539553003 0.00056883162813115256 -0.0004069447619738426 0.00056883162813115256 -0.00069920184120682044 -0.00089323864425667739 -0.00025192697474521518
leaf_weight=2.6774697686196296 6.4040698448661706 0.39118048886302759 3.783083160291425 3.5104650740977368 8.5808388239238393 0.31007441005203773 26.637217901472468 3.7506225889665066 0.77294813143089403 0.4906162591651072 0.92295823385938991 0.49526842084014688 49.542622419539839
leaf_count=628 87 56 928 88 124 69 1677 173 58 12 59 130 10103
internal_value=0.000759845 0.000590257 0.000749754 0.000837861 0.00257622 0.000568832 0.000568832 0.000225664 -0.00314701 -0.000267886 -0.00344686 -0.000318312 -0.000275652
internal_weight=108.269 101.865 99.1879 98.7967 12.0913 86.7054 81.2264 54.5892 5.47899 50.8386 4.70604 50.348 50.0379
internal_count=14192 14105 13477 13421 212 13209 12164 10487 1045 10314 987 10302 10233
is_linear=0
shrinkage=0.03


Tree=164
num_leaves=8
num_cat=0
split_feature=9 1 9 4 9 4 0
split_gain=0.0177995 0.00956962 0.307391 0.441985 0.0493664 0.0228894 0.00733587
threshold=1.4190821256038648 79.251081825334396 94.902597402597408 64.883919843597269 3.3908045977011496 28.891165755919857 92.857113107509832
decision_type=2 2 2 2 2 2 2
left_child=-1 4 -3 5 -2 -4 -6
right_child=1 2 3 -5 6 -7 -8
leaf_value=-0.0025628471184992708 -0.0025628471184992708 0.00061122675759102288 0.00061122675759102288 0.014227522021546505 0.00020765824812350169 0.004985407267293269 0.00061122675759102288
leaf_weight=0.48294353834353287 0.98361073667183418 26.14148926577764 1.0041708629578345 2.7124153175391257 49.222876557265408 1.3782856739126144 26.24769988382468
leaf_count=60 192 2738 99 49 10136 48 870
internal_value=0.000767604 0.000805981 0.00124892 0.00751072 0.000611227 0.000611227 0.000611227
internal_weight=108.173 107.691 31.2364 5.09487 76.4542 2.38246 75.4706
internal_count=14192 14132 2934 196 11198 147 11006
is_linear=0
shrinkage=0.03


Tree=165
num_leaves=7
num_cat=0
split_feature=0 11 5 1 4 4
split_gain=0.132009 0.0578448 0.0757129 0.0304725 0.359277 0.00892108
threshold=99.798183447377014 8.2231091466833792 99.192733789507983 98.58442726863781 26.449536347077331 96.938762760361371
decision_type=2 2 2 2 2 2
left_child=1 2 5 -3 -5 -1
right_child=-2 3 -4 4 -6 -7
leaf_value=-0.0054757636801784151 0.0048005373612459157 -0.00051417152381006445 -0.00051417152381006445 -0.00051417152381006445 0.0048005373612459157 -0.00051417152381006445
leaf_weight=4.386818293191026 3.0895677038934073 96.057180422358215 0.67843960830941785 1.2039255535928526 2.2469734612386674 0.37531738751567889
leaf_count=1134 40 12975 9 95 42 13
internal_value=-0.000498302 -0.000698131 -0.00346051 -0.000514172 0.00198005 -0.00515902
internal_weight=108.038 104.949 5.44058 99.5081 3.4509 4.76214
internal_count=14308 14268 1156 13112 137 1147
is_linear=0
shrinkage=0.03


Tree=166
num_leaves=8
num_cat=0
split_feature=5 11 1 4 11 1 1
split_gain=0.109807 0.112685 0.0174034 0.261361 0.0497657 0.0296149 0.0133078
threshold=99.590582989708011 8.2231091466833792 98.58442726863781 26.449536347077331 19.63376468542759 2.9434805554639314 19.97983870967742
decision_type=2 2 2 2 2 2 2
left_child=1 -1 4 -4 6 -6 -3
right_child=-2 2 3 -5 5 -7 -8
leaf_value=-0.0048107911708711567 0.0032364510092163547 -0.0048107911708711567 -0.00059880759087282292 0.0032364510092163547 -0.0027795909834282761 -0.00059880759087282292 -0.001733647352690305
leaf_weight=4.86467702302616 5.5782296112738541 1.6476764837279896 1.204522963962517 2.1847815234214067 3.4589162889751597 82.164556336007081 6.8454693738021888
leaf_count=1149 79 291 95 41 321 11018 1314
internal_value=-0.000531958 -0.000766623 -0.000518066 0.00134964 -0.000598808 -0.000598808 -0.00277959
internal_weight=107.949 102.371 97.5059 3.3893 94.1166 85.6235 8.49315
internal_count=14308 14229 13080 136 12944 11339 1605
is_linear=0
shrinkage=0.03


Tree=167
num_leaves=7
num_cat=0
split_feature=5 11 0 1 4 4
split_gain=0.102834 0.100093 0.0217675 0.016289 0.149433 0.0135168
threshold=99.590582989708011 8.2231091466833792 99.192733789507983 98.58442726863781 26.449536347077331 96.938762760361371
decision_type=2 2 2 2 2 2
left_child=1 5 3 -3 -5 -1
right_child=-2 2 -4 4 -6 -7
leaf_value=-0.0050431388565856886 0.0031183258126913642 -0.00069908577661997656 0.0014226125166412543 -0.00069908577661997656 0.0014226125166412543 -0.00069908577661997656
leaf_weight=4.3213024642318478 5.5818034156691274 90.101510868931655 4.0198689862154415 1.2015161475865164 2.1785705995280296 0.51364178513176728
leaf_count=1134 79 12876 68 95 41 15
internal_value=-0.000527772 -0.000754896 -0.0005208 -0.000618543 0.00119789 -0.00457736
internal_weight=107.918 102.336 97.5015 93.4816 3.38009 4.83494
internal_count=14308 14229 13080 13012 136 1149
is_linear=0
shrinkage=0.03


Tree=168
num_leaves=5
num_cat=0
split_feature=0 5 11 0
split_gain=0.10435 0.109487 0.0155843 0.042735
threshold=99.192733789507983 99.590582989708011 8.2231091466833792 97.578201368523963
decision_type=2 2 2 2
left_child=2 -2 3 -1
right_child=1 -3 -4 -5
leaf_value=-0.0039359302043433997 -0.00077880042801485951 0.0056127518670862526 -0.00077880042801485951 -0.00077880042801485951
leaf_weight=4.387571034312713 4.2344713668571767 3.9419835477601737 94.896219588699751 0.45188628998585034
leaf_count=1140 72 54 13033 9
internal_value=-0.000504022 0.00256732 -0.0007788 -0.00236177
internal_weight=107.912 8.17645 99.7357 4.83946
internal_count=14308 126 14182 1149
is_linear=0
shrinkage=0.03


Tree=169
num_leaves=5
num_cat=0
split_feature=0 5 11 0
split_gain=0.0991326 0.108761 0.0152862 0.0426005
threshold=99.192733789507983 99.590582989708011 8.2231091466833792 97.578201368523963
decision_type=2 2 2 2
left_child=2 -2 3 -1
right_child=1 -3 -4 -5
leaf_value=-0.0039242632902173457 -0.00077535312526375239 0.0055165914156367259 -0.00077535312526375239 -0.00077535312526375239
leaf_weight=4.3753842166042878 4.2304937610169855 3.9539520521648228 94.887046252144501 0.45231528021395195
leaf_count=1140 72 54 13033 9
internal_value=-0.000507492 0.00248507 -0.000775353 -0.00234503
internal_weight=107.899 8.18445 99.7147 4.8277
internal_count=14308 126 14182 1149
is_linear=0
shrinkage=0.03


Tree=170
num_leaves=5
num_cat=0
split_feature=1 4 9 9
split_gain=0.0299075 0.398573 0.000704216 1.84679e-05
threshold=98.884083187650518 26.449536347077331 95.119047619047635 1.4190821256038648
decision_type=2 2 2 2
left_child=2 -2 3 -1
right_child=1 -3 -4 -5
leaf_value=-0.00055892295232374276 -0.00020818560492096957 0.0096705370049391792 -0.00020818560492096957 -0.00028668883297068603
leaf_weight=0.39855580613948305 1.2666586633422401 2.966073086950928 11.463061740039846 90.68821870512329
leaf_count=57 129 52 803 13240
internal_value=-9.72395e-05 0.00211684 -0.000208186 -0.000293937
internal_weight=106.783 4.23273 102.55 91.0868
internal_count=14281 181 14100 13297
is_linear=0
shrinkage=0.03


Tree=171
num_leaves=6
num_cat=0
split_feature=1 4 11 9 11
split_gain=0.0292077 0.39621 0.0274096 0.0545854 0.0145508
threshold=98.884083187650518 26.449536347077331 31.129326047358838 5.0974025974025983 19.042858565075999
decision_type=2 2 2 2 2
left_child=2 -2 3 -1 -5
right_child=1 -3 -4 4 -6
leaf_value=-0.0065826156543468076 -0.00020813620382646779 0.0096309914700356079 -0.00020813620382646779 -0.001412399293731088 -0.00020813620382646779
leaf_weight=0.63161176827270793 1.2667571702040721 2.9692708575166762 81.436351956799626 13.288786914548838 7.1736163983587167
leaf_count=158 129 52 10036 2476 1430
internal_value=-9.84634e-05 0.00208887 -0.000208136 -0.00126572 -0.00080255
internal_weight=106.766 4.23603 102.53 21.094 20.4624
internal_count=14281 181 14100 4064 3906
is_linear=0
shrinkage=0.03


Tree=172
num_leaves=7
num_cat=0
split_feature=11 5 1 9 10 9
split_gain=0.0331021 0.0821254 0.0310631 0.432373 0.016827 0.0165433
threshold=4.4760982233040263 99.192733789507983 98.884083187650518 64.820473644003059 95.129870129870142 94.590643274853804
decision_type=2 2 2 2 2 2
left_child=1 4 5 -4 -1 -2
right_child=2 -3 3 -5 -6 -7
leaf_value=-0.0062049783840265587 9.4165204001336532e-06 9.4165204001336532e-06 9.4165204001336532e-06 0.011831969507137437 9.4165204001336532e-06 0.0011496825546333451
leaf_weight=2.1078434222145015 88.51670217391802 0.59288616385310877 1.6517351364018389 1.9840791900642214 0.3801599105936474 11.440304013609419
leaf_count=557 12726 9 77 45 57 810
internal_value=-9.48943e-05 -0.00274512 9.41652e-06 0.00246515 -0.00547399 9.41652e-06
internal_weight=106.674 3.08089 103.593 3.63581 2.488 99.957
internal_count=14281 623 13658 122 614 13536
is_linear=0
shrinkage=0.03


Tree=173
num_leaves=7
num_cat=0
split_feature=11 5 1 9 10 9
split_gain=0.024545 0.0733226 0.0249676 0.408627 0.0222174 0.0116632
threshold=4.4760982233040263 99.192733789507983 98.884083187650518 64.820473644003059 95.129870129870142 94.590643274853804
decision_type=2 2 2 2 2 2
left_child=1 4 5 -4 -1 -2
right_child=2 -3 3 -5 -6 -7
leaf_value=-0.0059388366879347329 4.797893076942265e-06 4.797893076942265e-06 4.797893076942265e-06 0.011430859507372217 4.797893076942265e-06 0.00096393912994422793
leaf_weight=2.0837571801966996 88.42000784171978 0.59324959525838483 1.6515208750497543 1.989050881937146 0.37276218441547815 11.534093418507835
leaf_count=557 12726 9 77 45 57 810
internal_value=-8.47239e-05 -0.00237591 4.79789e-06 0.00220531 -0.00506789 4.79789e-06
internal_weight=106.644 3.04977 103.595 3.64057 2.45652 99.9541
internal_count=14281 623 13658 122 614 13536
is_linear=0
shrinkage=0.03


Tree=174
num_leaves=5
num_cat=0
split_feature=9 1 5 10
split_gain=0.0143103 0.0221299 0.408976 0.197043
threshold=1.4190821256038648 98.884083187650518 98.187309339910442 87.816944959802115
decision_type=2 2 2 2
left_child=-1 -2 3 -3
right_child=1 2 -4 -5
leaf_value=-0.0030595167235249734 -0.00014838816325303582 -0.00014838816325303582 0.013084462976447334 0.011234459561363996
leaf_weight=0.44385688140755419 101.93941890145652 2.003486071771476 1.2217046432197092 1.0399823817424474
leaf_count=58 14043 135 13 32
internal_value=-9.26538e-05 -5.18311e-05 0.0018458 -0.000148388
internal_weight=106.648 106.205 4.26517 3.04347
internal_count=14281 14223 180 167
is_linear=0
shrinkage=0.03


Tree=175
num_leaves=5
num_cat=0
split_feature=9 11 4 9
split_gain=0.0462397 0.0991542 0.0768654 0.00647788
threshold=6.7816091954022992 94.320463447549471 99.798183447377014 5.6079664570230614
decision_type=2 2 2 2
left_child=1 3 -2 -1
right_child=2 -3 -4 -5
leaf_value=-0.0056772224074785041 0.00024805824951008642 0.00024805824951008642 0.0050112699857777681 -0.0010096725329564044
leaf_weight=2.8762674431200139 101.60373925260501 0.73041756078600872 2.0518258316442362 0.82611226977314789
leaf_count=519 13434 73 32 181
internal_value=0.000108944 -0.00259096 0.000248058 -0.00507194
internal_weight=108.088 4.4328 103.656 3.70238
internal_count=14239 773 13466 700
is_linear=0
shrinkage=0.03


Tree=176
num_leaves=5
num_cat=0
split_feature=9 10 4 10
split_gain=0.0248035 0.108799 0.0764806 0.0157458
threshold=6.7816091954022992 92.131062951496403 99.798183447377014 13.840996168582377
decision_type=2 2 2 2
left_child=1 -1 3 -2
right_child=2 -3 -4 -5
leaf_value=-0.0053038653782457763 -0.0012586796051964463 0.00020118873436395873 0.004948296236445284 0.00020118873436395873
leaf_weight=3.0068790292716576 6.6571831605979233 1.3290562114561906 2.0562637497205278 95.015465194243006
leaf_count=599 1396 174 32 12038
internal_value=0.000100424 -0.00189611 0.000201189 0.000201189
internal_weight=108.065 4.33594 103.729 101.673
internal_count=14239 773 13466 13434
is_linear=0
shrinkage=0.03


Tree=177
num_leaves=5
num_cat=0
split_feature=9 10 11 10
split_gain=0.0230676 0.106021 0.006885 0.00465551
threshold=6.7816091954022992 92.131062951496403 34.247752511898476 13.840996168582377
decision_type=2 2 2 2
left_child=1 2 -1 -2
right_child=3 -3 -4 -5
leaf_value=-0.0069977889958408425 -0.00051138922691793464 0.00020201932009824097 -0.0021940554032003714 0.00025635314425790951
leaf_weight=1.0570466532954008 6.7444504334125659 1.329026373918168 1.9426299722981637 96.967295572627336
leaf_count=225 1398 174 374 12068
internal_value=0.000104962 -0.00182195 -0.00521319 0.000202019
internal_weight=108.04 4.3287 2.99968 103.712
internal_count=14239 773 599 13466
is_linear=0
shrinkage=0.03


Tree=178
num_leaves=6
num_cat=0
split_feature=9 4 4 4 4
split_gain=0.016338 0.0212136 0.0185359 0.0100056 0.000528381
threshold=2.6144907723855098 76.821892210857598 99.798183447377014 4.9741069367021815 8.6292344229310292
decision_type=2 2 2 2 2
left_child=1 -1 3 -2 -5
right_child=2 -3 -4 4 -6
leaf_value=-0.0046617672847986064 -0.0013625489934663572 0.00015852236060317427 0.0024450560871996934 -0.00024258446023591273 0.00015852236060317427
leaf_weight=0.46845087088877224 3.1307808440178624 0.63312381150899455 2.1956168536562464 2.2208431931794612 99.385516244161408
leaf_count=103 671 66 38 508 12853
internal_value=0.000108478 -0.0025133 0.000158522 0.000158522 0.000158522
internal_weight=108.034 1.10157 106.933 104.737 101.606
internal_count=14239 169 14070 14032 13361
is_linear=0
shrinkage=0.03


Tree=179
num_leaves=7
num_cat=0
split_feature=4 1 10 4 10 11
split_gain=0.00743182 0.0450651 0.0266748 0.00670059 0.0154351 0.00553683
threshold=4.9741069367021815 99.798183447377014 97.191673212882975 99.798183447377014 13.840996168582377 37.385639178671973
decision_type=2 2 2 2 2 2
left_child=2 3 -1 4 -2 -6
right_child=1 -3 -4 -5 5 -7
leaf_value=-0.002683942721560115 -0.0012155773390915517 0.0053501150383556588 8.2581971434081221e-05 0.0014450185182523045 8.2581971434081221e-05 0.00035077633607958318
leaf_weight=2.9455646791029721 7.1438456397736436 0.4831819492392232 0.23615574743598688 2.2524742968380442 21.542225201847032 73.540889993775636
leaf_count=654 1519 14 31 44 3820 8157
internal_value=0.000109085 0.000157092 -0.00113347 8.2582e-05 8.2582e-05 0.000144773
internal_weight=108.144 104.963 3.18172 104.479 102.227 95.0831
internal_count=14239 13554 685 13540 13496 11977
is_linear=0
shrinkage=0.03


Tree=180
num_leaves=10
num_cat=0
split_feature=4 9 1 9 4 10 1 5 5
split_gain=0.0235841 0.0140973 0.16939 0.0560976 0.0532302 0.0216145 0.168006 0.00816114 0.00269164
threshold=99.798183447377014 96.190130624092902 62.055182977314139 1.4190821256038648 28.077289286305682 74.813432835820905 0.91285417422568205 0.91285417422568205 97.952914948540027
decision_type=2 2 2 2 2 2 2 2 2
left_child=1 3 -3 -1 -4 6 -5 -8 -9
right_child=-2 2 4 5 -6 -7 7 8 -10
leaf_value=-0.0067469693454401637 0.0021890070381502232 -0.00055809559809501914 -0.00055809559809501914 -0.0067469693454401637 0.0021890070381502232 -0.00055809559809501914 -0.0031865265117488294 -0.00086849411519714754 -0.00055809559809501914
leaf_weight=0.32627779484027897 2.1675727523397645 4.888168976060113 1.012535380432382 0.68809097469784219 3.4620600217022002 33.791636347479653 0.38859186676563595 51.880011976754759 7.1130974297411731
leaf_count=53 39 389 120 57 127 3169 80 10066 148
internal_value=-0.000372994 -0.000447047 0.000616132 -0.000558096 0.00218901 -0.000558096 -0.00113853 -0.000824883 -0.000756471
internal_weight=105.718 103.55 9.36276 94.1877 4.4746 93.8614 60.0698 59.3817 58.9931
internal_count=14248 14209 636 13573 247 13520 10351 10294 10214
is_linear=0
shrinkage=0.03


Tree=181
num_leaves=6
num_cat=0
split_feature=4 0 1 4 10
split_gain=0.0222742 0.0571336 0.0368586 0.326729 0.00424621
threshold=99.798183447377014 0.50672889797803222 96.173208606477587 24.822818802969582 1.5038444142921756
decision_type=2 2 2 2 2
left_child=1 -1 4 -4 -3
right_child=-2 2 3 -5 -6
leaf_value=-0.0066251263059968488 0.0021222414801223685 -0.002097863205169425 -0.00054430749692378994 0.0021222414801223685 -0.00054430749692378994
leaf_weight=0.32909005007240821 2.1739377251360557 0.70615151728270475 2.4035627752309647 7.7364236757275648 92.364196190901566
leaf_count=58 39 63 317 207 13564
internal_value=-0.000365169 -0.000437196 -0.00035408 0.00128406 -0.000544307
internal_weight=105.713 103.539 103.21 10.14 93.0703
internal_count=14248 14209 14151 524 13627
is_linear=0
shrinkage=0.03


Tree=182
num_leaves=10
num_cat=0
split_feature=4 9 1 9 10 1 1 5 1
split_gain=0.0185048 0.0135463 0.15272 0.0562377 0.0207882 0.164759 0.124358 0.00858423 0.0075859
threshold=99.798183447377014 96.190130624092902 62.055182977314139 1.4190821256038648 74.813432835820905 0.91285417422568205 64.076653633105266 0.91285417422568205 12.690274754271391
decision_type=2 2 2 2 2 2 2 2 2
left_child=1 3 -3 -1 5 -5 8 -7 -6
right_child=-2 2 -4 4 6 7 -8 -9 -10
leaf_value=-0.0067362779672196166 0.0019011149013299798 -0.00053737592667971873 0.0019011149013299798 -0.0067362779672196166 -0.00079835073440153413 -0.0032524072366210618 0.0019011149013299798 -0.00079835073440153413 -0.00053737592667971873
leaf_weight=0.32468151726061378 2.1871991953812531 4.88764158770209 4.4676735980901867 0.68784849217627098 5.9323922295589027 0.38867883797502045 13.477596449374685 58.939225943468045 14.400014865095725
leaf_count=53 39 389 247 57 449 80 1128 10214 1592
internal_value=-0.000362887 -0.000428461 0.000613683 -0.000537376 -0.000537376 -0.00110711 -0.000537376 -0.000798351 -0.000798351
internal_weight=105.693 103.506 9.35532 94.1504 93.8258 60.0158 33.81 59.3279 20.3324
internal_count=14248 14209 636 13573 13520 10351 3169 10294 2041
is_linear=0
shrinkage=0.03


Tree=183
num_leaves=7
num_cat=0
split_feature=0 5 1 9 1 10
split_gain=0.050312 0.0159282 0.0312374 0.276808 0.023491 0.103269
threshold=0.50672889797803222 99.798183447377014 2.9434805554639314 80.621088107847868 96.173208606477587 85.912698412698418
decision_type=2 2 2 2 2 2
left_child=-1 2 3 -2 -4 -6
right_child=1 -3 4 -5 5 -7
leaf_value=-0.0061909331457364117 -0.0061909331457364117 0.0015029951520816637 -0.00024222574468825886 -0.00024222574468825886 -0.00024222574468825886 0.0015029951520816637
leaf_weight=0.32287319266470049 2.5783567960024802 3.2946579142007968 87.597228037309833 1.7900862895767202 7.0455539555405249 3.0154671790078282
leaf_count=59 288 46 13237 95 436 87
internal_value=-0.000371121 -0.000295219 -0.000367312 -0.00259765 -0.000242226 0.00114222
internal_weight=105.644 105.321 102.027 4.36844 97.6582 10.061
internal_count=14248 14189 14143 383 13760 523
is_linear=0
shrinkage=0.03


Tree=184
num_leaves=8
num_cat=0
split_feature=5 1 9 4 9 9 9
split_gain=0.0162045 0.031314 0.350174 0.0782092 0.0072122 0.0543248 0.00228989
threshold=99.798183447377014 2.9434805554639314 80.621088107847868 99.590582989708011 96.190130624092902 1.4190821256038648 55.863254392666164
decision_type=2 2 2 2 2 2 2
left_child=1 2 6 4 5 -3 -1
right_child=-2 3 -4 -5 -6 -7 -8
leaf_value=-0.011328849039724864 0.0014743001061444847 -0.0071261083966141833 -0.00029123174034505179 0.0014743001061444847 0.00080339990715334604 -0.00029123174034505179 -0.0019920898586572914
leaf_weight=1.8137413779622868 3.2947476264089337 0.31220718333497544 1.7910173013224264 2.1803605486638835 8.8364371630595979 86.791038685594685 0.52496572415111575
leaf_count=235 46 50 95 43 602 13119 58
internal_value=-0.000341613 -0.000413839 -0.00270226 -0.000291232 -0.000291232 -0.000291232 -0.0104574
internal_weight=105.545 102.25 4.12972 98.12 95.9397 87.1032 2.33871
internal_count=14248 14202 388 13814 13771 13169 293
is_linear=0
shrinkage=0.03


Tree=185
num_leaves=7
num_cat=0
split_feature=0 9 4 9 4 9
split_gain=0.0687479 0.00629863 0.00584368 0.0042762 0.165871 0.0178321
threshold=0.50672889797803222 1.4190821256038648 0.91285417422568205 84.134248665141129 26.042598112270245 94.590643274853804
decision_type=2 2 2 2 2 2
left_child=-1 -2 -3 -4 -5 -6
right_child=1 2 3 4 5 -7
leaf_value=-0.0069010985133397765 -0.0020293131879038921 -0.0019797807311312445 -0.00011854224497000555 -0.00011854224497000555 0.0014299760692568877 0.0032739526220536934
leaf_weight=0.33836044638883223 0.44034106988692556 0.36803413357119907 78.780524255242199 3.7470485434751053 12.417025511967951 11.025061042979358
leaf_count=65 59 75 11686 632 1032 612
internal_value=-0.000143821 -5.85764e-05 -3.15858e-05 -6.37511e-06 0.000311305 0.00239568
internal_weight=107.116 106.778 106.338 105.97 27.1891 23.4421
internal_count=14161 14096 14037 13962 2276 1644
is_linear=0
shrinkage=0.03


Tree=186
num_leaves=8
num_cat=0
split_feature=9 4 11 10 0 9 9
split_gain=0.0150368 0.214681 0.365647 0.0381398 0.0196316 0.0391558 0.00546807
threshold=92.904589371980691 27.26341281669151 28.629444554390137 20.974076983503537 1.3189794504733321 45.049019607843142 1.4190821256038648
decision_type=2 2 2 2 2 2 2
left_child=4 -2 -3 -4 5 -1 -6
right_child=1 2 3 -5 6 -7 -8
leaf_value=-0.0063755300309702541 -0.00023628718338754306 -0.00023628718338754306 0.00092778073037109792 0.0068365850370243637 -0.0021626056082258006 -0.00023628718338754306 -0.00023628718338754306
leaf_weight=0.4067376289749508 2.3222224673954797 2.6218911659670985 1.4525682085659344 10.386936196475288 0.43502012541284685 0.22916055127279833 89.399069451203104
leaf_count=89 369 243 96 476 57 68 12763
internal_value=-8.18124e-05 0.000717329 0.00344421 0.00624037 -0.000236287 -0.00352788 -0.000236287
internal_weight=107.254 16.7836 14.4614 11.8395 90.47 0.635898 89.8341
internal_count=14161 1184 815 572 12977 157 12820
is_linear=0
shrinkage=0.03


Tree=187
num_leaves=7
num_cat=0
split_feature=4 11 9 9 4 4
split_gain=0.0144457 0.00854534 0.0209579 0.0116853 0.203592 0.0851652
threshold=0.91285417422568205 3.4800445874819812 78.346121057118509 92.904589371980691 98.884083187650518 27.26341281669151
decision_type=2 2 2 2 2 2
left_child=-1 2 -2 -3 5 -5
right_child=1 3 -4 4 -6 -7
leaf_value=-0.0029923378758284227 -0.0029923378758284227 2.7626291062998483e-06 2.7626291062998483e-06 2.7626291062998483e-06 0.0099590441586616969 0.0023451509920441468
leaf_weight=0.51833054726011951 1.3063530627405264 88.030312714516185 1.0021316405618561 2.1439285706728706 0.95455175382085222 13.356062244100029
leaf_count=112 350 12480 105 332 9 773
internal_value=-8.6475e-05 -4.4742e-05 -0.00154582 2.76263e-06 0.000778985 2.76263e-06
internal_weight=107.312 106.793 2.30848 104.485 16.4545 15.5
internal_count=14161 14049 455 13594 1114 1105
is_linear=0
shrinkage=0.03


Tree=188
num_leaves=7
num_cat=0
split_feature=4 10 0 0 0 11
split_gain=0.0133603 0.0201635 0.0643195 0.0232522 0.0232626 0.00459825
threshold=0.91285417422568205 73.855092276144916 99.192733789507983 98.58442726863781 0.91285417422568205 90.173991752992066
decision_type=2 2 2 2 2 2
left_child=-1 3 5 4 -2 -3
right_child=1 2 -4 -5 -6 -7
leaf_value=-0.002900198128023849 -0.002900198128023849 0.00013671160327456919 0.0048311278945948636 0.00013671160327456919 -0.00056023170214359241 0.00073731001114143014
leaf_weight=0.51570147788151999 0.29498474206775327 27.295274414471351 1.828515589237212 8.9377923496067506 57.862550826685037 10.524554397328755
leaf_count=112 53 3139 27 155 10314 361
internal_value=-0.000102939 -6.26329e-05 0.000466736 -0.000377711 -0.000674878 0.000136712
internal_weight=107.259 106.744 39.6483 67.0953 58.1575 37.8198
internal_count=14161 14049 3527 10522 10367 3500
is_linear=0
shrinkage=0.03


Tree=189
num_leaves=6
num_cat=0
split_feature=10 0 0 0 11
split_gain=0.00598467 0.065326 0.0399309 0.00560821 0.00210208
threshold=73.855092276144916 99.192733789507983 0.91285417422568205 98.58442726863781 90.173991752992066
decision_type=2 2 2 2 2
left_child=2 4 -1 -4 -2
right_child=1 -3 3 -5 -6
leaf_value=-0.0052063126531016234 -0.00014771421695463692 0.0045751870220073609 -0.00044224529512669464 -0.00014771421695463692 0.0002581295567580398
leaf_weight=0.45287119084969063 27.405263561406173 1.828269802732392 57.991507711063605 8.9363352182554063 10.618616675143128
leaf_count=94 3169 27 10351 155 365
internal_value=-0.000113019 0.000175645 -0.000283821 -0.000174358 -0.000147714
internal_weight=107.233 39.8522 67.3807 66.9278 38.0239
internal_count=14161 3561 10600 10506 3534
is_linear=0
shrinkage=0.03


Tree=190
num_leaves=5
num_cat=0
split_feature=5 11 5 0
split_gain=0.0530558 0.0815622 0.0242892 0.0069219
threshold=99.590582989708011 4.4760982233040263 0.91285417422568205 99.798183447377014
decision_type=2 2 2 2
left_child=1 -1 -3 -4
right_child=-2 2 3 -5
leaf_value=-0.0045024800259938378 0.0026071610810918058 -0.0038171747038232254 0.00010687648197351485 0.0021489762189027019
leaf_weight=2.6141526319552204 6.094466163776814 0.41695513122249295 98.722175572707783 0.52131683798506756
leaf_count=599 84 89 13480 6
internal_value=9.822e-05 -7.50832e-05 8.46257e-05 0.000138934
internal_weight=108.369 102.275 99.6604 99.2435
internal_count=14258 14174 13575 13486
is_linear=0
shrinkage=0.03


Tree=191
num_leaves=5
num_cat=0
split_feature=1 0 11 11
split_gain=0.00816072 0.075225 0.0198431 6.75367e-05
threshold=1.7251047267209818 98.187309339910442 92.547827286298443 4.4760982233040263
decision_type=2 2 2 2
left_child=1 2 -1 -2
right_child=3 -3 -4 -5
leaf_value=-0.0075141752814011122 0.00016361664681945496 0.00016361664681945496 0.00016361664681945496 0.00019288516681741804
leaf_weight=0.58287115284474511 3.315569930302444 2.9871931351954117 0.25682506151497364 101.20486557466211
leaf_count=108 601 63 62 13424
internal_value=0.000109385 -0.00109883 -0.00623928 0.000163617
internal_weight=108.347 3.82689 0.839696 104.52
internal_count=14258 233 170 14025
is_linear=0
shrinkage=0.03


Tree=192
num_leaves=7
num_cat=0
split_feature=5 5 9 9 0 0
split_gain=0.047209 0.00958457 0.0381179 0.00175185 0.102172 0.00763552
threshold=99.590582989708011 0.91285417422568205 24.837662337662341 96.609195402298866 94.159107873044732 99.798183447377014
decision_type=2 2 2 2 2 2
left_child=1 2 -1 5 -5 -3
right_child=-2 3 -4 4 -6 -7
leaf_value=-0.0058873218079079177 0.0024758455484941971 -1.9148105250302079e-05 -1.9148105250302079e-05 -1.9148105250302079e-05 0.0024758455484941971 0.0021353427655277247
leaf_weight=0.25045379507355292 6.0956288529559961 91.395305620389991 0.23160088143777102 7.1287343580042926 2.7260860886890441 0.51984732551500101
leaf_count=44 84 13435 70 564 55 6
internal_value=0.000109464 -5.42173e-05 -0.00244944 -1.91481e-05 0.000362014 -1.91481e-05
internal_weight=108.348 102.252 0.482055 101.77 9.85482 91.9152
internal_count=14258 14174 114 14060 619 13441
is_linear=0
shrinkage=0.03


Tree=193
num_leaves=6
num_cat=0
split_feature=5 11 9 5 5
split_gain=0.0440832 0.0757312 0.037232 0.114903 0.0209873
threshold=99.590582989708011 4.4760982233040263 96.609195402298866 84.491424352567023 0.91285417422568205
decision_type=2 2 2 2 2
left_child=1 -1 4 -4 -3
right_child=-2 2 3 -5 -6
leaf_value=-0.0043243990208058324 0.0023901818874521815 -0.0037546139186808952 -9.3657331058549973e-05 0.0023901818874521815 -9.3657331058549973e-05
leaf_weight=2.6029599751345804 6.1171569663565597 0.40997619042172928 5.8888664342230168 3.6064029233530164 89.709120580169838
leaf_count=599 84 88 480 99 12908
internal_value=0.0001072 -5.12576e-05 0.000102271 0.00179356 -9.36573e-05
internal_weight=108.334 102.217 99.6144 9.49527 90.1191
internal_count=14258 14174 13575 579 12996
is_linear=0
shrinkage=0.03


Tree=194
num_leaves=5
num_cat=0
split_feature=5 5 0 1
split_gain=0.0394209 0.00927968 0.0264028 0.000153175
threshold=99.590582989708011 0.91285417422568205 0.50672889797803222 8.6292344229310292
decision_type=2 2 2 2
left_child=1 2 -1 -3
right_child=-2 3 -4 -5
leaf_value=-0.0051114991427716654 0.0022667666458053028 -6.9041470168769899e-06 -6.9041470168769899e-06 3.1754616613113814e-05
leaf_weight=0.23714732145890494 6.1220938852056852 10.456444631563498 0.24157690349966288 91.275174060021527
leaf_count=45 84 1163 69 12897
internal_value=0.000108704 -4.1268e-05 -0.00240072 -6.90415e-06
internal_weight=108.332 102.21 0.478724 101.732
internal_count=14258 14174 114 14060
is_linear=0
shrinkage=0.03


Tree=195
num_leaves=6
num_cat=0
split_feature=1 9 1 10 10
split_gain=0.0164042 0.376263 0.00681471 0.000699786 0.00035875
threshold=98.884083187650518 81.725417439703179 2.5373552792162819 13.447187141216995 44.801852804940822
decision_type=2 2 2 2 2
left_child=2 -2 4 -4 -1
right_child=1 -3 3 -5 -6
leaf_value=-0.0013677422523495266 0.00024337396487403941 0.011386147852727995 -0.00011304977995292975 0.00024337396487403941 -0.0004889128795916315
leaf_weight=0.51207644696114485 2.1886948556639245 1.8534528573509303 6.8812935173627912 91.418536537559703 3.9411886954912916
leaf_count=96 134 36 1522 12164 239
internal_value=0.000327889 0.00200193 0.000243374 0.000243374 -0.000822249
internal_weight=106.795 4.04215 102.753 98.2998 4.45327
internal_count=14191 170 14021 13686 335
is_linear=0
shrinkage=0.03


Tree=196
num_leaves=5
num_cat=0
split_feature=9 1 4 4
split_gain=0.0159374 0.0585561 0.449684 0.0367063
threshold=2.9198635976129586 98.884083187650518 25.635659877463159 76.821892210857598
decision_type=2 2 2 2
left_child=3 -2 -3 -1
right_child=1 2 -4 -5
leaf_value=-0.0052447488034663946 0.00022310437992806263 0.00022310437992806263 0.01130740001331762 0.00022310437992806263
leaf_weight=0.54008821671595686 101.44327563291881 1.1760062366956838 2.7452531310264021 0.87350365170277655
leaf_count=128 13814 118 49 82
internal_value=0.000328531 0.000380415 0.00357776 -0.00209406
internal_weight=106.778 105.365 3.92126 1.41359
internal_count=14191 13981 167 210
is_linear=0
shrinkage=0.03


Tree=197
num_leaves=4
num_cat=0
split_feature=1 9 1
split_gain=0.0200456 0.367124 0.000487806
threshold=98.884083187650518 64.019916142557662 42.641099119972374
decision_type=2 2 2
left_child=2 -2 -1
right_child=1 -3 -4
leaf_value=0.00014968461139138706 0.00025231961371903873 0.010696095416755012 0.00025231961371903873
leaf_weight=46.721052682027221 1.9228041486348946 2.2046011474449188 55.953946623776574
leaf_count=6037 107 63 7984
internal_value=0.000346358 0.00218025 0.00025232
internal_weight=106.802 4.12741 102.675
internal_count=14191 170 14021
is_linear=0
shrinkage=0.03


Tree=198
num_leaves=4
num_cat=0
split_feature=1 4 1
split_gain=0.0439431 0.291817 0.000449115
threshold=98.884083187650518 25.635659877463159 42.641099119972374
decision_type=2 2 2
left_child=2 -2 -1
right_child=1 -3 -4
leaf_value=0.00010710481438637901 0.00020381287234668273 0.0090193304998667061 0.00020381287234668273
leaf_weight=46.660628423385788 1.3519585810136039 2.916444193571806 55.918410112615675
leaf_count=6037 119 51 7984
internal_value=0.00034311 0.00301662 0.000203813
internal_weight=106.847 4.2684 102.579
internal_count=14191 170 14021
is_linear=0
shrinkage=0.03


Tree=199
num_leaves=4
num_cat=0
split_feature=1 9 1
split_gain=0.0183673 0.396351 0.00071558
threshold=98.884083187650518 64.019916142557662 42.641099119972374
decision_type=2 2 2
left_child=2 -2 -1
right_child=1 -3 -4
leaf_value=0.00012415662775354234 0.00024576530696656084 0.010807233845478622 0.00024576530696656084
leaf_weight=46.632582194346469 1.9311302255373437 2.3553350092843175 55.866058711544611
leaf_count=6037 107 63 7984
internal_value=0.000337265 0.00206485 0.000245765
internal_weight=106.785 4.28647 102.499
internal_count=14191 170 14021
is_linear=0
shrinkage=0.03


Tree=200
num_leaves=6
num_cat=0
split_feature=5 4 1 1 4
split_gain=0.00994601 0.0110073 0.124254 0.00773862 0.00542276
threshold=0.91285417422568205 3.3496058317115813 98.884083187650518 92.145007139611877 0.91285417422568205
decision_type=2 2 2 2 2
left_child=-1 4 3 -3 -2
right_child=1 2 -4 -5 -6
leaf_value=-0.0015449995784963179 -0.0015449995784963179 0.0007642463123650017 0.0061512685838628458 0.0015359655309063963 0.00028931650253403166
leaf_weight=0.49078874511178483 0.35769816790707287 86.421927776827943 3.2509192231809712 14.277616970473899 1.5694305012002585
leaf_count=116 71 12669 99 834 322
internal_value=0.0010395 0.00106582 0.00110935 0.000887691 -0.000858899
internal_weight=106.368 105.878 103.95 100.7 1.92713
internal_count=14111 13995 13602 13503 393
is_linear=0
shrinkage=0.03


Tree=201
num_leaves=7
num_cat=0
split_feature=9 5 1 5 5 1
split_gain=0.0521607 0.0127637 0.0328062 0.127706 0.015928 0.00928682
threshold=2.6144907723855098 98.187309339910442 8.6292344229310292 97.578201368523963 0.91285417422568205 54.361126540352615
decision_type=2 2 2 2 2 2
left_child=-1 2 3 -2 -4 -3
right_child=1 5 4 -5 -6 -7
leaf_value=-0.0036666568801711945 -0.0036666568801711945 0.0012714094412621427 -0.0021149797269054116 0.0011319693097456608 0.0011748215586701327 0.0031010040947567772
leaf_weight=1.1302778105600726 5.0922246295958749 10.617787479772227 0.46651638241019 1.1544633544981477 83.703480831347406 4.1409904705360541
leaf_count=166 1025 178 106 30 12540 66
internal_value=0.00104409 0.00112878 0.000975041 -0.00100388 0.00113197 0.00194896
internal_weight=106.306 105.175 90.4167 6.24669 84.17 14.7588
internal_count=14111 13945 13701 1055 12646 244
is_linear=0
shrinkage=0.03


Tree=202
num_leaves=7
num_cat=0
split_feature=9 5 1 5 5 1
split_gain=0.0475113 0.0133077 0.0299101 0.123997 0.0157714 0.00979158
threshold=2.6144907723855098 98.187309339910442 8.6292344229310292 97.578201368523963 0.91285417422568205 70.030303277152811
decision_type=2 2 2 2 2 2
left_child=-1 2 3 -2 -4 -3
right_child=1 5 4 -5 -6 -7
leaf_value=-0.0034845880688735707 -0.0034845880688735707 0.0013204545757360196 -0.002128348008114349 0.0010967201687259493 0.0011395541469412282 0.0032912448886082547
leaf_weight=1.1225614510476578 5.07745383697329 11.486825507134194 0.4653875533840609 1.1541884306352583 83.728403656336013 3.2627525032730782
leaf_count=166 1025 195 106 30 12540 49
internal_value=0.00102254 0.00110302 0.000947162 -0.000945707 0.00109672 0.00193771
internal_weight=106.298 105.175 90.4254 6.23164 84.1938 14.7496
internal_count=14111 13945 13701 1055 12646 244
is_linear=0
shrinkage=0.03


Tree=203
num_leaves=9
num_cat=0
split_feature=9 5 10 5 10 1 1 10
split_gain=0.0484486 0.0119309 0.0117811 0.00909751 0.0111274 0.0208955 0.0134904 0.00088398
threshold=2.6144907723855098 98.187309339910442 58.271144278606975 0.91285417422568205 15.628028687730183 19.97983870967742 0.91285417422568205 76.79487179487181
decision_type=2 2 2 2 2 2 2 2
left_child=-1 3 -3 -2 5 -5 -6 -8
right_child=1 2 -4 4 6 -7 7 -9
leaf_value=-0.0035188429284010096 -0.0015052983301218346 0.00097597639990339104 0.0026755387714836047 -0.0015052983301218346 -0.0015052983301218346 0.00071936575781677626 0.00097597639990339104 0.001358802624137963
leaf_weight=1.1130907101323817 0.48460309853544359 6.8737577095162106 7.8664007971528918 1.2181694609462272 0.45628110901452501 6.4833986396552064 51.567593050189316 30.278003647690639
leaf_count=166 116 135 109 309 66 1413 8901 2896
internal_value=0.00104424 0.00112518 0.00192094 0.000975976 0.000975976 -0.000150801 0.000975976 0.000975976
internal_weight=106.341 105.228 14.7402 90.488 90.0034 7.70157 82.3019 81.8456
internal_count=14111 13945 244 13701 13585 1722 11863 11797
is_linear=0
shrinkage=0.03


Tree=204
num_leaves=8
num_cat=0
split_feature=9 5 10 5 10 10 4
split_gain=0.0407293 0.010861 0.0105259 0.00921863 0.0109606 0.00394685 0.000373862
threshold=2.6144907723855098 98.187309339910442 58.271144278606975 0.91285417422568205 15.628028687730183 80.455818691112825 76.821892210857598
decision_type=2 2 2 2 2 2 2
left_child=6 3 -3 -2 -5 -6 -1
right_child=1 2 -4 4 5 -7 -8
leaf_value=-0.0039111798063875937 -0.0015250169764289439 0.00097024369049182146 0.0025921503291155257 -0.00014839401903797087 0.00092856942124725081 0.0014345776910899778 -0.0015250169764289439
leaf_weight=0.4596774965757493 0.4837222812930112 6.8708230487536621 7.8611124911112711 7.7009280794882207 55.560773604142014 26.742654913396109 0.64311501372139901
leaf_count=105 116 135 109 1722 9345 2518 61
internal_value=0.00104003 0.00111347 0.00187561 0.000970244 0.000970244 0.000970244 -0.00316404
internal_weight=106.323 105.22 14.7319 90.4881 90.0044 82.3034 1.10279
internal_count=14111 13945 244 13701 13585 11863 166
is_linear=0
shrinkage=0.03


Tree=205
num_leaves=4
num_cat=0
split_feature=4 9 1
split_gain=0.0211187 0.0081897 0.127279
threshold=0.91285417422568205 96.609195402298866 79.655946761080529
decision_type=2 2 2
left_child=-1 -2 -3
right_child=1 2 -4
leaf_value=-0.0038339811490640452 -0.00035183750837386186 -0.00035183750837386186 0.0048955540559651378
leaf_weight=0.52682840207125892 99.071330112346914 5.7038844636408594 3.462491354031954
leaf_count=111 13503 492 122
internal_value=-0.000323503 -0.000271476 0.00054626
internal_weight=108.765 108.238 9.16638
internal_count=14228 14117 614
is_linear=0
shrinkage=0.03


Tree=206
num_leaves=6
num_cat=0
split_feature=4 9 0 0 1
split_gain=0.0203191 0.00533419 0.223464 0.00765065 0.00527819
threshold=0.91285417422568205 96.609195402298866 94.159107873044732 1.3189794504733321 79.655946761080529
decision_type=2 2 2 2 2
left_child=-1 3 4 -2 -3
right_child=1 2 -4 -5 -6
leaf_value=-0.0037513864938243436 -0.0025099244391717525 -0.00031880010370357025 0.0074072979695153753 -0.00031880010370357025 0.0032289168628723344
leaf_weight=0.52361994003876944 0.45536019210703571 3.609058484900741 2.4607190161477774 98.547728011442814 3.1123875431367196
leaf_count=111 97 450 47 13406 117
internal_value=-0.000304945 -0.000254059 0.000406745 -0.0003188 -0.0003188
internal_weight=108.709 108.185 9.18217 99.0031 6.72145
internal_count=14228 14117 614 13503 567
is_linear=0
shrinkage=0.03


Tree=207
num_leaves=5
num_cat=0
split_feature=4 1 0 0
split_gain=0.0202972 0.00732477 0.0103346 0.00338786
threshold=0.91285417422568205 8.6292344229310292 99.798183447377014 95.166158239761174
decision_type=2 2 2 2
left_child=-1 -2 3 -3
right_child=1 2 -4 -5
leaf_value=-0.0037460864852825486 -0.00091937115420834845 -0.00028932400108502978 0.0017345797365516454 0.00016879696908458894
leaf_weight=0.52183173084631462 11.97095813724445 77.510049144621007 1.5434503778815258 17.127669850597158
leaf_count=111 1184 12498 19 416
internal_value=-0.000299699 -0.000248903 -0.000156853 -0.000205515
internal_weight=108.674 108.152 96.1812 94.6377
internal_count=14228 14117 12933 12914
is_linear=0
shrinkage=0.03


Tree=208
num_leaves=5
num_cat=0
split_feature=4 1 0 0
split_gain=0.0208502 0.0061413 0.00998454 0.00327757
threshold=0.91285417422568205 8.6292344229310292 99.798183447377014 95.166158239761174
decision_type=2 2 2 2
left_child=-1 -2 3 -3
right_child=1 2 -4 -5
leaf_value=-0.0037880372245363125 -0.00085792165626421819 -0.00028932931334251069 0.0017015164223934032 0.00016139369458165667
leaf_weight=0.52149361278861661 11.967055241984779 77.5092113953433 1.5398720018565644 17.130196493468247
leaf_count=111 1184 12498 19 416
internal_value=-0.000295032 -0.000243636 -0.000159162 -0.000206912
internal_weight=108.668 108.146 96.1793 94.6394
internal_count=14228 14117 12933 12914
is_linear=0
shrinkage=0.03


Tree=209
num_leaves=3
num_cat=0
split_feature=4 1
split_gain=0.0208877 0.0055745
threshold=0.91285417422568205 8.6292344229310292
decision_type=2 2
left_child=-1 -2
right_child=1 -3
leaf_value=-0.0037924806873780117 -0.00082877375596403366 -0.0001627064977944263
leaf_weight=0.52012223028577764 11.967782959283793 96.171194878872484
leaf_count=111 1184 12933
internal_value=-0.000294757 -0.000243339
internal_weight=108.659 108.139
internal_count=14228 14117
is_linear=0
shrinkage=0.03


Tree=210
num_leaves=11
num_cat=0
split_feature=5 1 9 4 1 1 5 11 11 5
split_gain=0.0580606 0.334058 0.245788 0.0138384 0.0894327 0.0237948 0.0139281 0.0106005 0.0066967 0.00622704
threshold=97.952914948540027 92.145007139611877 87.627551020408177 98.58442726863781 13.096386635002311 44.263944321667715 97.578201368523963 99.395769779970152 98.990917236884982 96.938762760361371
decision_type=2 2 2 2 2 2 2 2 2 2
left_child=3 2 -2 4 7 6 8 9 -6 -1
right_child=1 -3 -4 -5 5 -7 -8 -9 -10 -11
leaf_value=-0.0038021320811342787 -3.97633787706587e-06 0.0093042934287062059 0.0067520550922133549 -3.97633787706587e-06 -0.001277761010239417 -3.97633787706587e-06 -3.97633787706587e-06 -0.0011639330045514153 -3.97633787706587e-06 -0.001277761010239417
leaf_weight=7.0134610339882766 10.342982937232593 3.1961518884636453 3.8825322429183862 4.4249683984089634 23.751140543201483 52.812128621095326 0.50822229485493053 0.24488302273675788 0.61665740108583023 0.86861426185350854
leaf_count=1565 231 38 46 131 4309 7803 11 27 27 52
internal_value=0.0003093 0.00184413 -3.97634e-06 -3.97634e-06 -0.000382739 -5.20304e-05 -0.00091756 -0.00319201 -0.00116393 -0.00349913
internal_weight=107.662 17.4217 14.2255 90.2401 85.8151 77.6881 24.876 8.12696 24.3678 7.88208
internal_count=14240 315 277 13925 13794 12150 4347 1644 4336 1617
is_linear=0
shrinkage=0.03


Tree=211
num_leaves=7
num_cat=0
split_feature=1 3 9 4 0 1
split_gain=0.0406453 0.526625 0.239738 0.557426 0.00739532 0.0401939
threshold=79.251081825334396 97.180258973194029 96.190130624092902 64.076653633105266 95.166158239761174 37.386055678738614
decision_type=2 2 2 2 2 2
left_child=4 2 -2 -4 5 -1
right_child=1 -3 3 -5 -6 -7
leaf_value=-0.0013927674318875846 -7.716219501283668e-05 0.0092340833902355233 -7.716219501283668e-05 0.0092340833902355233 -7.716219501283668e-05 -7.716219501283668e-05
leaf_weight=23.752575772698037 22.600153714767664 5.0712145628058343 2.0808704104274502 2.1445455935318023 22.691739922738634 29.257102610485163
leaf_count=4786 2705 121 101 33 632 5862
internal_value=0.000304446 0.00118494 -7.71622e-05 0.00646702 -7.71622e-05 -0.000428365
internal_weight=107.598 31.8968 26.8256 4.22542 75.7014 53.0097
internal_count=14240 2960 2839 134 11280 10648
is_linear=0
shrinkage=0.03


Tree=212
num_leaves=8
num_cat=0
split_feature=0 1 3 9 0 0 1
split_gain=0.077042 0.0671945 0.399609 0.355102 0.203001 0.00766823 0.0435914
threshold=0.50672889797803222 79.251081825334396 97.180258973194029 96.609195402298866 36.17023897511703 95.166158239761174 33.741084343358779
decision_type=2 2 2 2 2 2 2
left_child=-1 5 3 -3 -5 6 -2
right_child=1 2 -4 4 -6 -7 -8
leaf_value=-0.006936535058238249 -0.0015179476414463062 -7.3488203633744509e-05 0.008469367736646867 -7.3488203633744509e-05 0.008469367736646867 -7.3488203633744509e-05 -7.3488203633744509e-05
leaf_weight=0.2995970975025547 21.116111269278917 22.519992737565197 5.1134420916205263 1.6329212249838736 2.4069347300101072 22.695174616703298 31.700659306836314
leaf_count=53 4287 2677 121 76 49 632 6345
internal_value=0.000333116 0.000417366 0.00155404 -3.63383e-05 0.00789027 -7.34882e-05 -0.000431733
internal_weight=107.485 107.185 31.6733 26.5598 4.03986 75.5119 52.8168
internal_count=14240 14187 2923 2802 125 11264 10632
is_linear=0
shrinkage=0.03


Tree=213
num_leaves=10
num_cat=0
split_feature=1 3 9 4 0 1 0 1 1
split_gain=0.0259894 0.374349 0.232642 0.497565 0.0054406 0.0345661 0.006655 0.0582722 0.0505125
threshold=79.251081825334396 97.180258973194029 96.190130624092902 64.076653633105266 98.187309339910442 1.7251047267209818 95.166158239761174 33.741084343358779 13.096386635002311
decision_type=2 2 2 2 2 2 2 2 2
left_child=4 2 -2 -4 5 -1 7 -7 -8
right_child=1 -3 3 -5 -6 6 8 -9 -10
leaf_value=-0.0043245991455102915 6.7202011519990214e-05 0.0078486643173331597 6.7202011519990214e-05 0.0078486643173331597 6.7202011519990214e-05 -0.0015975468286653881 -0.0015975468286653881 6.7202011519990214e-05 6.7202011519990214e-05
leaf_weight=0.78745007101679121 22.578625954396561 5.1207037220010525 2.123082931211683 2.2019444787874818 13.501765891560352 20.643427485134453 2.4627723266021331 31.656725518987514 6.3779306679498404
leaf_count=173 2705 121 101 33 243 4157 152 6354 201
internal_value=0.000375407 0.00107734 6.7202e-05 0.00644714 6.7202e-05 -0.000211874 -9.01635e-05 -0.000308736 6.7202e-05
internal_weight=107.454 32.0244 26.9037 4.32503 75.4301 61.9283 61.1409 52.3002 8.8407
internal_count=14240 2960 2839 134 11280 11037 10864 10511 353
is_linear=0
shrinkage=0.03


Tree=214
num_leaves=9
num_cat=0
split_feature=0 9 11 1 5 11 1 11
split_gain=0.0235462 0.265492 0.0409967 0.0536215 0.013099 0.0121469 0.0251196 0.00319696
threshold=99.192733789507983 81.725417439703179 37.385639178671973 33.366867873910131 99.798183447377014 29.0946348733234 79.251081825334396 4.4760982233040263
decision_type=2 2 2 2 2 2 2 2
left_child=2 -2 3 -1 5 7 -7 -5
right_child=1 -3 -4 4 -6 6 -8 -9
leaf_value=-0.0030679563525922481 0.00024043970528026237 0.0082532317006595909 0.00024043970528026237 -0.0021002469408031945 0.00024043970528026237 -0.0009962410283066742 0.00024043970528026237 -0.0009962410283066742
leaf_weight=6.6222375171491903 4.3631263577844939 3.0824589096009731 75.01405358617194 2.1749790226458616 0.39715814962983031 1.6553464260650792 1.0877389151719397 12.962158966984132
leaf_count=1372 92 31 9381 460 5 382 157 2360
internal_value=0.000371597 0.00189475 0.00024044 -0.000954068 -6.87487e-05 -0.000611079 0.00024044 -0.000996241
internal_weight=107.359 7.44559 99.9137 24.8996 18.2774 17.8802 2.74309 15.1371
internal_count=14240 123 14117 4736 3364 3359 539 2820
is_linear=0
shrinkage=0.03


Tree=215
num_leaves=10
num_cat=0
split_feature=1 4 9 0 4 0 0 0 0
split_gain=0.0860763 0.061248 0.0478718 0.132788 0.0467324 0.0363106 0.0345152 0.019257 0.00591896
threshold=1.7251047267209818 99.798183447377014 96.609195402298866 26.449536347077331 88.294639947865775 65.955512956107896 97.952914948540027 99.192733789507983 0.91285417422568205
decision_type=2 2 2 2 2 2 2 2 2
left_child=6 2 7 -4 5 -5 -1 8 -2
right_child=1 -3 3 4 -6 -7 -8 -9 -10
leaf_value=-0.0075982379819452628 -0.0022422595560498892 0.0044304338918504582 -0.00023260462436385109 -0.00023260462436385109 0.0044304338918504582 0.0034770668529817881 -0.0014071554451004591 0.0015571065040089055 -0.00029853165410445256
leaf_weight=0.74280824291054326 0.46313707082299416 1.8663784291129548 1.8364366966416108 2.1523370359791443 3.4972662002546713 1.8505660820519549 2.6641787125263363 4.1435030064312732 86.972637526807375
leaf_count=173 110 30 181 194 76 128 65 71 13210
internal_value=-6.89198e-05 0.000106096 -1.65668e-05 0.00191997 0.00420594 0.000906793 -0.00417481 -0.000232605 -0.000334066
internal_weight=106.189 102.782 100.916 9.33661 7.50017 4.0029 3.40699 91.5793 87.4358
internal_count=14238 14000 13970 579 398 322 238 13391 13320
is_linear=0
shrinkage=0.03


Tree=216
num_leaves=7
num_cat=0
split_feature=1 4 9 1 0 0
split_gain=0.042327 0.0520649 0.0168582 0.291294 0.00526621 0.0203306
threshold=0.50672889797803222 99.798183447377014 96.609195402298866 78.036487018095997 0.91285417422568205 0.50672889797803222
decision_type=2 2 2 2 2 2
left_child=-1 2 4 -4 5 -2
right_child=1 -3 3 -5 -6 -7
leaf_value=-0.0043043887401214035 -0.0043043887401214035 0.0037979541908680237 -0.00022556759314215603 0.0037979541908680237 -0.00022556759314215603 -0.00022556759314215603
leaf_weight=1.0810416309395794 0.2629173047025678 2.1787785671185693 5.2460160816553962 4.2320788014912978 92.93216336768819 0.20499298430513591
leaf_count=55 57 35 456 135 13444 56
internal_value=-6.76471e-05 1.61238e-05 -9.97593e-05 0.0010432 -0.000225568 -0.00203207
internal_weight=106.138 105.057 102.878 9.47809 93.4001 0.46791
internal_count=14238 14183 14148 591 13557 113
is_linear=0
shrinkage=0.03


Tree=217
num_leaves=7
num_cat=0
split_feature=1 4 0 9 1 0
split_gain=0.0443686 0.0417682 0.0488491 0.0175093 0.269135 8.50417e-05
threshold=0.50672889797803222 99.798183447377014 0.50672889797803222 96.609195402298866 78.036487018095997 99.192733789507983
decision_type=2 2 2 2 2 2
left_child=-1 2 -2 5 -5 -4
right_child=1 -3 3 4 -6 -7
leaf_value=-0.0043932857639248151 -0.0043932857639248151 0.0034071924665266986 -0.00017126091981252737 -0.00013844302018728129 0.0034071924665266986 -0.00013844302018728129
leaf_weight=1.0929029668332066 0.30717238434590299 2.1750449957326046 87.860436027578544 5.2463207975379174 4.1842543329112232 5.2452817505691192
leaf_count=55 59 35 13409 456 133 91
internal_value=-6.81317e-05 1.78935e-05 -8.59077e-05 -9.27002e-06 0.00115703 -0.000138443
internal_weight=106.111 105.019 102.843 102.536 9.43058 93.1057
internal_count=14238 14183 14148 14089 589 13500
is_linear=0
shrinkage=0.03


Tree=218
num_leaves=6
num_cat=0
split_feature=9 1 5 1 5
split_gain=0.0304299 0.448309 0.48767 0.0398361 0.00705845
threshold=96.609195402298866 78.44135195384213 43.045568492924765 0.50672889797803222 0.91285417422568205
decision_type=2 2 2 2 2
left_child=3 -2 -3 -1 -5
right_child=1 2 -4 4 -6
leaf_value=-0.0045735661979764801 -0.00021083858631204601 -0.00021083858631204601 0.016016219406877717 -0.0024153568112135269 -0.00021083858631204601
leaf_weight=0.88600051688263093 5.492520271742249 1.9583785858703775 2.314941669581458 0.46790810092352231 95.18349823995959
leaf_count=51 463 86 47 112 13479
internal_value=-4.41741e-05 0.00146989 0.00886047 -0.000210839 -0.000210839
internal_weight=106.303 9.76584 4.27332 96.5374 95.6514
internal_count=14238 596 133 13642 13591
is_linear=0
shrinkage=0.03


Tree=219
num_leaves=7
num_cat=0
split_feature=9 1 5 1 5 0
split_gain=0.0360267 0.457417 0.495055 0.0197136 0.00668302 0.0198367
threshold=96.609195402298866 78.44135195384213 43.045568492924765 0.50672889797803222 0.91285417422568205 0.50672889797803222
decision_type=2 2 2 2 2 2
left_child=3 -2 -3 -1 5 -5
right_child=1 2 -4 4 -6 -7
leaf_value=-0.003310800016145143 -0.00022477355139532832 -0.00022477355139532832 0.01598020561435894 -0.003310800016145143 -0.00022477355139532832 -0.00022477355139532832
leaf_weight=0.86828601587330823 5.4892666981322673 1.9582037571817634 2.4019672637805343 0.23077199677936633 95.144391454465222 0.23437214188743383
leaf_count=51 463 86 47 46 13479 66
internal_value=-4.26401e-05 0.00159769 0.00891497 -0.000224774 -0.000224774 -0.00232077
internal_weight=106.327 9.84944 4.36017 96.4778 95.6095 0.465144
internal_count=14238 596 133 13642 13591 112
is_linear=0
shrinkage=0.03


Tree=220
num_leaves=6
num_cat=0
split_feature=4 11 9 9 9
split_gain=0.024037 0.0412859 0.0290681 0.0320633 0.0182951
threshold=99.798183447377014 4.4760982233040263 97.68089053803341 1.4190821256038648 59.87012987012988
decision_type=2 2 2 2 2
left_child=1 4 3 -3 -1
right_child=-2 2 -4 -5 -6
leaf_value=-0.0040752502554543442 0.0032662574204281396 -0.0022327560233983304 0.0026122296815282589 0.00075683715595897295 -4.6595668364066468e-05
leaf_weight=1.2322711112792597 2.5976408035494378 0.32140506018185888 6.8887911856872952 93.53205284231808 1.9026702710543757
leaf_count=360 43 53 419 13132 256
internal_value=0.000825366 0.000733765 0.000847117 0.000691385 -0.00223276
internal_weight=106.475 103.877 100.742 93.8535 3.13494
internal_count=14263 14220 13604 13185 616
is_linear=0
shrinkage=0.03


Tree=221
num_leaves=3
num_cat=0
split_feature=4 9
split_gain=0.023887 0.00946427
threshold=99.798183447377014 1.9419306184012068
decision_type=2 2
left_child=1 -1
right_child=-2 -3
leaf_value=-0.0017104242076982207 0.0032666667593630621 0.00076958078434928915
leaf_weight=0.49460186797659744 2.5990101618226609 103.26966969505884
leaf_count=109 43 14111
internal_value=0.0008331 0.000741546
internal_weight=106.363 103.764
internal_count=14263 14220
is_linear=0
shrinkage=0.03


Tree=222
num_leaves=6
num_cat=0
split_feature=4 11 9 9 9
split_gain=0.0215318 0.0385784 0.0184592 0.0139606 0.0126184
threshold=99.798183447377014 4.4760982233040263 59.87012987012988 97.68089053803341 1.9419306184012068
decision_type=2 2 2 2 2
left_child=1 2 -1 4 -3
right_child=-2 3 -4 -5 -6
leaf_value=-0.003981810504982787 0.003147498829449911 -0.0020716064199315792 2.8774769483014375e-05 0.0020897490905067715 0.00077939516994512807
leaf_weight=1.2252336755045683 2.5992157771252087 0.48748313559917633 1.9009712685947304 6.9393293323228127 93.205154056719039
leaf_count=360 43 106 256 419 13079
internal_value=0.000833518 0.000746059 -0.00212713 0.000855368 0.000742841
internal_weight=106.357 103.758 3.1262 100.632 93.6926
internal_count=14263 14220 616 13604 13185
is_linear=0
shrinkage=0.03


Tree=223
num_leaves=5
num_cat=0
split_feature=11 9 9 9
split_gain=0.0193954 0.0147039 0.00699486 0.00408312
threshold=4.4760982233040263 1.9419306184012068 22.51481237656353 96.190130624092902
decision_type=2 2 2 2
left_child=2 -2 -1 -3
right_child=1 3 -4 -5
leaf_value=-0.0027092603881083747 -0.0011382581696131834 0.00087804609921313776 -0.0001760452433834023 0.0015805244218389334
leaf_weight=0.63222886674338941 0.49618041538633306 93.016192480223253 2.8478939945925958 9.300366477458736
leaf_count=140 108 12948 482 585
internal_value=0.000840511 0.00091781 -0.00113826 0.00095658
internal_weight=106.293 102.813 3.48012 102.317
internal_count=14263 13641 622 13533
is_linear=0
shrinkage=0.03


Tree=224
num_leaves=7
num_cat=0
split_feature=4 1 9 9 1 11
split_gain=0.0209071 0.104697 0.132792 0.0136408 0.0254452 0.00427802
threshold=99.798183447377014 2.9434805554639314 59.87012987012988 1.9419306184012068 98.187309339910442 9.4853779732812011
decision_type=2 2 2 2 2 2
left_child=1 2 -1 -3 -5 -6
right_child=-2 3 -4 4 5 -7
leaf_value=-0.0081445691234055956 0.0030750690639245858 -0.0020641901933520211 0.0009013449084684038 0.0009013449084684038 0.0009013449084684038 0.0030750690639245858
leaf_weight=1.679230599664151 2.5922705335542551 0.47475476376712222 1.7991045137168837 93.909106367558707 1.3217732929624606 4.6050353168975562
leaf_count=246 43 103 149 13478 89 155
internal_value=0.000794851 0.000709098 -0.00379833 0.000901345 0.000935778 0.00275624
internal_weight=106.381 103.789 3.47834 100.311 99.8359 5.92681
internal_count=14263 14220 395 13825 13722 244
is_linear=0
shrinkage=0.03


Tree=225
num_leaves=7
num_cat=0
split_feature=1 1 11 1 4 11
split_gain=0.349853 0.0908143 0.090731 0.0790292 0.485901 0.044987
threshold=0.50672889797803222 8.6292344229310292 5.5102270313495696 98.187309339910442 32.960548103990732 9.8690935938209918
decision_type=2 2 2 2 2 2
left_child=-1 -2 -3 5 -5 -4
right_child=1 2 3 4 -6 -7
leaf_value=-0.015560642207203355 -0.0032386183287442202 -0.0032386183287442202 -0.0032386183287442202 -0.00039502028254047783 0.010555828615779349 -0.00039502028254047783
leaf_weight=0.44790150894550507 10.301539284409953 3.6671708719222798 2.5847877492778926 1.9170151132857416 3.2836728498805314 83.206204280024394
leaf_count=44 1139 721 555 131 54 11612
internal_value=-0.000903298 -0.000694487 -0.000386653 -0.000162967 0.00311137 -0.00039502
internal_weight=105.408 104.96 94.6589 90.9917 5.20069 85.791
internal_count=14256 14212 13073 12352 185 12167
is_linear=0
shrinkage=0.03


Tree=226
num_leaves=8
num_cat=0
split_feature=1 1 9 4 1 9 9
split_gain=0.117089 0.0504894 0.0338938 0.0097389 0.0266388 0.295858 0.00431073
threshold=0.50672889797803222 8.6292344229310292 14.379699248120302 0.91285417422568205 98.187309339910442 68.703358208955237 95.119047619047635
decision_type=2 2 2 2 2 2 2
left_child=-1 2 -2 -3 6 -6 -5
right_child=1 3 -4 4 5 -7 -8
leaf_value=-0.0096725602474872774 -0.0060263841930603759 -0.0016007968338665145 -0.0016007968338665145 -0.00067409712264121491 -0.00060036475277213568 0.0078859119788130504 -1.1501879619299737e-05
leaf_weight=0.35187711339676653 1.3345855504740018 0.50497732660733063 8.9145870543434267 78.553528941469267 2.717108426266349 3.0637116588186473 9.9805444830562902
leaf_count=44 216 111 923 12040 134 86 702
internal_value=-0.000875869 -0.000755496 -0.00266156 -0.000523841 -0.000467297 0.00135865 -0.000600365
internal_weight=105.421 105.069 10.2492 94.8199 94.3149 5.78082 88.5341
internal_count=14256 14212 1139 13073 12962 220 12742
is_linear=0
shrinkage=0.03


Tree=227
num_leaves=7
num_cat=0
split_feature=1 1 11 1 4 11
split_gain=0.106763 0.044256 0.0768077 0.132188 0.489796 0.0352774
threshold=0.50672889797803222 8.6292344229310292 5.5102270313495696 98.187309339910442 32.960548103990732 9.8690935938209918
decision_type=2 2 2 2 2 2
left_child=-1 -2 -3 5 -5 -4
right_child=1 2 3 4 -6 -7
leaf_value=-0.0092441905565825572 -0.0024870847382366373 -0.0024870847382366373 -0.0024870847382366373 -0.00055801881477873718 0.010772286573263196 -0.00055801881477873718
leaf_weight=0.34174081933451717 10.21331897767959 3.6703148481901726 2.5818480024463488 2.0132214869372538 3.4322539901477285 83.268626789620612
leaf_count=44 1139 721 555 131 54 11612
internal_value=-0.000813611 -0.000699415 -0.000483244 -0.00025302 0.00389599 -0.000558019
internal_weight=105.521 105.18 94.9663 91.296 5.44548 85.8505
internal_count=14256 14212 13073 12352 185 12167
is_linear=0
shrinkage=0.03


Tree=228
num_leaves=9
num_cat=0
split_feature=1 1 11 9 1 4 9 9
split_gain=0.0996455 0.0351976 0.0719946 0.10442 0.485699 0.747232 0.0171644 0.0113212
threshold=0.50672889797803222 8.6292344229310292 9.1001104158998913 92.182327476445138 79.251081825334396 28.077289286305682 14.379699248120302 34.549071618037139
decision_type=2 2 2 2 2 2 2 2
left_child=-1 6 -3 7 -5 -6 -2 -4
right_child=1 2 3 4 5 -7 -8 -9
leaf_value=-0.0089903352838219455 -0.0053215565157979285 -0.0023111094871829116 -0.0014054041190902763 -0.0007173558529773857 -0.0007173558529773857 0.013631637297657354 -0.0023111094871829116 -0.0007173558529773857
leaf_weight=0.33628425217466329 1.2939090561703714 5.8900363385328083 21.609672167513054 7.5665984511724655 1.7646015091449951 4.9431996950297616 8.9326793497311865 53.185756250750273
leaf_count=44 216 1214 3696 731 112 121 923 7199
internal_value=-0.000826243 -0.000715722 -0.000521615 -0.000264065 0.00200257 0.00773485 -0.00231111 -0.000717356
internal_weight=105.523 105.186 94.9599 89.0698 14.2744 6.7078 10.2266 74.7954
internal_count=14256 14212 13073 11859 964 233 1139 10895
is_linear=0
shrinkage=0.03


Tree=229
num_leaves=9
num_cat=0
split_feature=1 11 1 4 11 9 9 11
split_gain=0.0733325 0.078382 0.0807846 0.48315 0.0439605 0.00826821 0.00125605 0.000687076
threshold=8.6292344229310292 5.5102270313495696 98.187309339910442 32.960548103990732 9.8690935938209918 14.379699248120302 95.119047619047635 19.63376468542759
decision_type=2 2 2 2 2 2 2 2
left_child=5 -2 4 -4 -3 -1 7 -6
right_child=1 2 3 -5 6 -7 -8 -9
leaf_value=-0.005756878358207089 -0.0030817066589004048 -0.0030817066589004048 -0.00055797975765238832 0.010118779486693994 -0.001166365085973858 -0.0030817066589004048 -0.00055797975765238832 -0.00072241002007374404
leaf_weight=1.3668279283447127 3.6552141482243306 2.5610720608383408 1.9269623499130819 3.5031803525052965 5.7134644059115081 9.1194022335112077 9.5542707217391563 68.231197770568542
leaf_count=233 721 555 131 54 1171 950 601 9840
internal_value=-0.000812501 -0.000532954 -0.000321587 0.00292904 -0.00055798 -0.00308171 -0.00055798 -0.000771818
internal_weight=105.632 95.1454 91.4901 5.43014 86.06 10.4862 83.4989 73.9447
internal_count=14256 13073 12352 185 12167 1183 11612 11011
is_linear=0
shrinkage=0.03


Tree=230
num_leaves=7
num_cat=0
split_feature=0 9 5 11 10 10
split_gain=0.142728 0.0419873 0.027128 0.0150705 0.0439831 0.0126511
threshold=99.798183447377014 1.4190821256038648 99.590582989708011 3.834514499837081 95.129870129870142 1.5038444142921756
decision_type=2 2 2 2 2 2
left_child=1 -1 3 4 -3 -5
right_child=-2 2 -4 5 -6 -7
leaf_value=-0.0053473877572291504 0.0055653632715223058 -0.004443557668149062 0.0024080070111084698 -0.002614455095079145 2.2429790268075925e-05 6.6187274597684687e-05
leaf_weight=0.31047176924766873 3.304446658352389 1.6868184850900427 3.2342279772274187 0.61100957542657752 0.45117635809583578 95.569011543120723
leaf_count=51 42 482 51 43 51 13514
internal_value=0.00021443 -1.15723e-05 5.67247e-05 -4.40887e-05 -0.00209004 2.24298e-05
internal_weight=105.167 101.863 101.552 98.318 2.13799 96.18
internal_count=14234 14192 14141 14090 533 13557
is_linear=0
shrinkage=0.03


Tree=231
num_leaves=7
num_cat=0
split_feature=0 9 11 10 10 10
split_gain=0.1348 0.0424711 0.0129362 0.0350329 0.012113 0.00103531
threshold=99.798183447377014 1.4190821256038648 3.834514499837081 95.129870129870142 1.5038444142921756 14.087301587301589
decision_type=2 2 2 2 2 2
left_child=1 -1 3 -3 -4 -6
right_child=-2 2 4 -5 5 -7
leaf_value=-0.0054058795574282205 0.0053953330087260038 -0.0036935890634061104 -0.0024901721266331711 9.1401416134958877e-05 -0.00021910615741506107 0.00015794410915123284
leaf_weight=0.31063200463540752 3.2785373029764733 2.0425670921104024 0.61206522001884778 0.45767278579296533 6.1902347187278783 92.345852762460709
leaf_count=51 42 487 43 52 1516 12043
internal_value=0.000178638 -3.98804e-05 2.90221e-05 -0.00176405 9.14014e-05 0.000132294
internal_weight=105.238 101.959 101.648 2.50024 99.1482 98.5361
internal_count=14234 14192 14141 539 13602 13559
is_linear=0
shrinkage=0.03


Tree=232
num_leaves=4
num_cat=0
split_feature=0 5 11
split_gain=0.130101 0.0276527 0.0139535
threshold=99.798183447377014 99.590582989708011 3.834514499837081
decision_type=2 2 2
left_child=1 2 -1
right_child=-2 -3 -4
leaf_value=-0.0021123417116153927 0.0053040204466076272 0.0023352994090822003 -7.6356389503586027e-05
leaf_weight=2.131645474350079 3.2700768378563216 3.2308488267008206 96.605180030921474
leaf_count=537 42 51 13604
internal_value=0.000173771 -4.06689e-05 -0.00014105
internal_weight=105.238 101.968 98.7368
internal_count=14234 14192 14141
is_linear=0
shrinkage=0.03


Tree=233
num_leaves=4
num_cat=0
split_feature=0 5 10
split_gain=0.126317 0.0259387 0.00740998
threshold=99.798183447377014 99.590582989708011 1.5038444142921756
decision_type=2 2 2
left_child=1 2 -1
right_child=-2 -3 -4
leaf_value=-0.0021097049685515788 0.0051910553561594986 0.0022314940601240933 -0.0001213608715962747
leaf_weight=0.72247839998453756 3.2967873529996714 3.2681390917859963 97.984539405035321
leaf_count=70 42 51 14071
internal_value=0.000152274 -5.94555e-05 -0.000156927
internal_weight=105.272 101.975 98.707
internal_count=14234 14192 14141
is_linear=0
shrinkage=0.03


Tree=234
num_leaves=6
num_cat=0
split_feature=0 11 10 10 10
split_gain=0.12239 0.0107621 0.0330374 0.00753201 0.00059725
threshold=99.798183447377014 3.834514499837081 95.129870129870142 1.5038444142921756 14.087301587301589
decision_type=2 2 2 2 2
left_child=1 2 -1 -3 -5
right_child=-2 3 -4 4 -6
leaf_value=-0.0036196780537811504 0.0051118226167329696 -0.0019697608698239721 -2.276790079773248e-06 -0.00023237365849100797 5.1650511967749582e-05
leaf_weight=2.0384797688457179 3.2909231241792432 0.72143389185657625 0.45841489348094899 6.1885179327218784 92.561194978945423
leaf_count=491 42 68 52 1516 12065
internal_value=0.000148471 -5.98054e-05 -0.00169559 -2.27679e-06 3.17e-05
internal_weight=105.259 101.968 2.49689 99.4711 98.7497
internal_count=14234 14192 543 13649 13581
is_linear=0
shrinkage=0.03


Tree=235
num_leaves=2
num_cat=0
split_feature=4
split_gain=0.016602
threshold=3.3496058317115813
decision_type=2
left_child=-1
right_child=-2
leaf_value=-0.001923194429671791 0.0002699350681814542
leaf_weight=2.2101190364919594 104.53424490336329
leaf_count=463 13760
internal_value=0.000207099
internal_weight=106.744
internal_count=14223
is_linear=0
shrinkage=0.03


Tree=236
num_leaves=6
num_cat=0
split_feature=10 4 4 4 10
split_gain=0.0288947 0.101725 0.0124189 0.000305153 0.000294232
threshold=71.182983682983703 99.798183447377014 2.5373552792162819 99.192733789507983 13.447187141216995
decision_type=2 2 2 2 2
left_child=4 2 -2 -4 -1
right_child=1 -3 3 -5 -6
leaf_value=-0.00039630743856213505 -0.00020003807457520017 0.0069173960202271534 0.00058414750226294719 0.0010952832876208972 -0.00020003807457520017
leaf_weight=6.9130634620087212 0.6499319450231259 1.3204622603952874 39.558626194135286 1.7081670037005086 56.59268230444286
leaf_count=1553 104 17 3729 35 8785
internal_value=0.00020717 0.000796268 0.000446752 0.000630718 -0.000200038
internal_weight=106.743 43.2372 41.9167 41.2668 63.5057
internal_count=14223 3885 3868 3764 10338
is_linear=0
shrinkage=0.03


Tree=237
num_leaves=6
num_cat=0
split_feature=10 1 4 1 4
split_gain=0.0237365 0.473575 0.670512 0.0749576 0.0459146
threshold=71.182983682983703 94.159107873044732 30.925856929955291 0.91285417422568205 99.798183447377014
decision_type=2 2 2 2 2
left_child=3 4 -3 -1 -2
right_child=1 2 -4 -5 -6
leaf_value=-0.0060265560531482703 -0.00018433247882394699 -0.00018433247882394699 0.014412799455414784 -0.00018433247882394699 0.004414707960110004
leaf_weight=0.97751748800510441 36.205233325134031 1.7842197879217554 4.0020840740762651 62.51390434068162 1.2648258679546405
leaf_count=75 3639 149 81 10263 16
internal_value=0.000184818 0.000718577 0.00806958 -0.000184332 -0.000184332
internal_weight=106.748 43.2564 5.7863 63.4914 37.4701
internal_count=14223 3885 230 10338 3655
is_linear=0
shrinkage=0.03


Tree=238
num_leaves=6
num_cat=0
split_feature=10 1 4 1 4
split_gain=0.0249587 0.435483 0.634719 0.136613 0.0395606
threshold=71.182983682983703 94.159107873044732 30.925856929955291 0.91285417422568205 99.798183447377014
decision_type=2 2 2 2 2
left_child=3 4 -3 -1 -2
right_child=1 2 -4 -5 -6
leaf_value=-0.0082052328731102436 -0.00017286719126227433 -0.00017286719126227433 0.014034742911811844 -0.00017286719126227433 0.0040170885571758665
leaf_weight=0.90612929983762924 36.215233030554373 1.7887209382606659 3.9601020801346749 62.396419246739242 1.2686585036572058
leaf_count=75 3639 149 81 10263 16
internal_value=0.000206708 0.000753835 0.00780883 -0.000172867 -0.000172867
internal_weight=106.535 43.2327 5.74882 63.3025 37.4839
internal_count=14223 3885 230 10338 3655
is_linear=0
shrinkage=0.03


Tree=239
num_leaves=4
num_cat=0
split_feature=10 10 10
split_gain=0.0286244 0.000130628 5.26924e-05
threshold=71.182983682983703 13.447187141216995 70.181009844395064
decision_type=2 2 2
left_child=1 -1 -3
right_child=-2 2 -4
leaf_value=-0.00028181349332904602 0.00083360725123314051 -0.00014332702382049441 2.6271885178432424e-05
leaf_weight=6.9062827161978921 43.322872049582656 54.989604878704995 1.4053060186561186
leaf_count=1553 3885 8678 107
internal_value=0.000248626 -0.000158469 -0.000138717
internal_weight=106.624 63.3012 56.3949
internal_count=14223 10338 8785
is_linear=0
shrinkage=0.03


Tree=240
num_leaves=10
num_cat=0
split_feature=10 1 4 4 9 9 11 4 11
split_gain=0.0921718 0.256369 0.347491 0.104698 0.106615 0.0379626 0.111693 0.035624 0.0400659
threshold=75.162337662337677 94.159107873044732 64.076653633105266 99.192733789507983 90.430402930402948 5.0974025974025983 34.914263603779737 99.798183447377014 10.172950507509151
decision_type=2 2 2 2 2 2 2 2 2
left_child=5 3 4 -2 -3 6 -1 8 -7
right_child=1 2 -4 -5 -6 7 -8 -9 -10
leaf_value=-0.0087976581801186213 -5.928887932995069e-05 -5.928887932995069e-05 0.013389642698014511 0.00578968227687327 0.0059172178003508626 -0.0027176696301972653 -5.928887932995069e-05 0.0032687058485018055 -5.928887932995069e-05
leaf_weight=0.77908162766834665 29.628444305504679 1.7008502541575574 2.5780957804527134 2.0345145128667346 1.6865620360476894 4.233962695230729 1.4620055957348084 1.8997445430140931 59.561188133840915
leaf_count=153 3078 155 35 39 30 1029 274 24 9387
internal_value=0.000474104 0.00164442 0.00685788 0.000482288 0.000482288 -0.000188566 -0.00336053 -5.92889e-05 -5.92889e-05
internal_weight=105.564 37.6285 5.96551 31.663 3.38741 67.936 2.24109 65.6949 63.7952
internal_count=14204 3337 220 3117 185 10867 427 10440 10416
is_linear=0
shrinkage=0.03


Tree=241
num_leaves=10
num_cat=0
split_feature=10 1 4 4 9 9 11 4 11
split_gain=0.0857311 0.214305 0.31535 0.115588 0.0992807 0.0399988 0.111619 0.0324153 0.0385712
threshold=75.162337662337677 94.159107873044732 64.076653633105266 99.192733789507983 90.430402930402948 5.0974025974025983 34.914263603779737 99.798183447377014 10.172950507509151
decision_type=2 2 2 2 2 2 2 2 2
left_child=5 3 4 -2 -3 6 -1 8 -7
right_child=1 2 -4 -5 -6 7 -8 -9 -10
leaf_value=-0.0087802756787073409 3.5205285288672527e-05 3.5205285288672527e-05 0.012703130890263816 0.0061510641492906228 0.0058229749335164489 -0.0025704818294196166 3.5205285288672527e-05 0.0032132401965800613 3.5205285288672527e-05
leaf_weight=0.77046980435261447 29.620410903415184 1.7014584549469867 2.5651176054961979 2.0708108104299745 1.6702852016314862 4.2290096523356615 1.4589144985075106 1.8951962057035405 59.449086767388508
leaf_count=153 3078 155 35 39 30 1029 274 24 9387
internal_value=0.000548404 0.00167652 0.00645738 0.000610768 0.000610768 -9.29271e-05 -0.00335559 3.52053e-05 3.52053e-05
internal_weight=105.431 37.6281 5.93686 31.6912 3.37174 67.8027 2.22938 65.5733 63.6781
internal_count=14204 3337 220 3117 185 10867 427 10440 10416
is_linear=0
shrinkage=0.03


Tree=242
num_leaves=7
num_cat=0
split_feature=11 4 9 0 1 4
split_gain=0.0489131 0.0309268 0.0313676 0.0188465 0.0258968 0.0380311
threshold=4.4760982233040263 99.798183447377014 78.346121057118509 98.187309339910442 79.251081825334396 56.795243679154076
decision_type=2 2 2 2 2 2
left_child=1 2 -1 4 -2 -6
right_child=3 -3 -4 -5 5 -7
leaf_value=-0.0055892595023185462 0.00072021106749542137 0.00072021106749542137 3.1203467005156245e-05 0.0017908512281612002 0.00072021106749542137 0.0017908512281612002
leaf_weight=1.5672768375370649 59.453218508628197 0.36266499641351391 1.353939621010795 14.249963324051349 14.725996771652719 13.6071344173979
leaf_count=464 10666 7 157 255 2066 589
internal_value=0.000594641 -0.00256438 -0.00364064 0.000720211 0.000720211 0.00168137
internal_weight=105.32 3.28388 2.92122 102.036 87.7863 28.3331
internal_count=14204 628 621 13576 13321 2655
is_linear=0
shrinkage=0.03


Tree=243
num_leaves=11
num_cat=0
split_feature=10 1 0 9 11 1 9 0 1 11
split_gain=0.0712228 0.158529 0.121739 0.0395706 0.109044 0.0351643 0.0366424 0.331789 0.0152972 5.16013e-05
threshold=75.162337662337677 94.159107873044732 99.192733789507983 5.0974025974025983 34.914263603779737 12.284361909159879 29.93506493506494 93.877525520722713 99.798183447377014 10.172950507509151
decision_type=2 2 2 2 2 2 2 2 2 2
left_child=3 2 5 4 -1 -2 -7 -8 9 -5
right_child=1 -3 -4 8 -6 6 7 -9 -10 -11
leaf_value=-0.0086445592045774396 7.1515842472668744e-05 0.0057293947288757684 0.0057293947288757684 -6.1646776343705101e-05 7.1515842472668744e-05 7.1515842472668744e-05 7.1515842472668744e-05 0.0057293947288757684 0.0031298904722570509 7.1515842472668744e-05
leaf_weight=0.76406965625937973 3.9501925531658477 5.9677823402453205 2.3906753475312135 4.4590188727015621 1.4593862940091638 6.7313785120495622 14.108399859047497 4.4360858809668562 0.54060050006955762 60.466678382828832
leaf_count=153 424 220 32 1022 274 929 1653 79 28 9390
internal_value=0.000597305 0.00162597 0.000699516 1.07882e-05 -0.00326441 7.15158e-05 0.00116908 0.00189007 7.15158e-05 7.15158e-05
internal_weight=105.274 37.5845 31.6167 67.6898 2.22346 29.2261 25.2759 18.5445 65.4663 64.9257
internal_count=14204 3337 3117 10867 427 3085 2661 1732 10440 10412
is_linear=0
shrinkage=0.03


Tree=244
num_leaves=12
num_cat=0
split_feature=10 1 4 4 9 4 1 0 0 1 9
split_gain=0.0559344 0.136417 0.346988 0.102629 0.0402356 0.0266181 0.0301741 0.0207149 0.00989902 0.015319 0.000560257
threshold=75.162337662337677 95.560035842293914 25.635659877463159 99.192733789507983 5.0974025974025983 99.798183447377014 12.690274754271391 99.798183447377014 0.91285417422568205 99.798183447377014 29.93506493506494
decision_type=2 2 2 2 2 2 2 2 2 2 2
left_child=4 3 -3 6 7 8 -2 -1 -6 -10 -8
right_child=1 2 -4 -5 5 -7 10 -9 9 -11 -12
leaf_value=-0.0042055028691887894 0.00010567028275002074 0.00073827721733388675 0.01087095735400311 0.0059772513069831093 -0.0024864050040334 0.0030654353745298859 0.00010567028275002074 0.00010567028275002074 0.00010567028275002074 0.00073827721733388675 0.00073827721733388675
leaf_weight=1.8981261381995858 4.7339360818150551 1.2945368577493344 3.471698434674181 2.0624394770711652 0.32764998322818328 1.8624237030744542 6.8305795810883998 0.32102232053875912 62.782641054829583 0.4360692942282175 19.23636536730919
leaf_count=419 434 102 65 39 73 24 944 8 10323 20 1753
internal_value=0.000598445 0.00150922 0.00577498 0.000738277 7.70659e-05 0.000210546 0.000210546 -0.00320157 0.00010567 0.00010567 0.000738277
internal_weight=105.257 37.6296 4.76624 32.8633 67.6279 65.4088 30.8009 2.21915 63.5464 63.2187 26.0669
internal_count=14204 3337 167 3170 10867 10440 3131 427 10416 10343 2697
is_linear=0
shrinkage=0.03


Tree=245
num_leaves=10
num_cat=0
split_feature=0 9 0 5 11 11 4 5 4
split_gain=0.0238057 0.040112 0.0338479 0.0515153 0.025363 0.0270555 0.0453352 0.0173423 0.000733114
threshold=99.798183447377014 23.647660818713451 99.192733789507983 99.590582989708011 3.834514499837081 3.834514499837081 21.580587674922807 1.3189794504733321 26.042598112270245
decision_type=2 2 2 2 2 2 2 2 2
left_child=1 4 3 5 -1 -3 -7 -6 -8
right_child=-2 2 -4 -5 7 6 8 -9 -10
leaf_value=-0.004506491197676067 0.0029452470720915153 -0.0025480469794796896 0.0029452470720915153 0.0029452470720915153 -0.0039214333754565359 -0.00042202160417814617 0.00022509354686252715 -0.00042202160417814617 0.00089264421034421042
leaf_weight=0.52183981923736666 2.7599384676432228 1.6505350988591079 3.3778349678032091 1.7345101609826077 0.28909779351671261 10.617075942340305 2.3262934529921031 16.672256027697586 65.386233599856496
leaf_count=125 38 397 49 20 57 2224 504 2827 8002
internal_value=0.00058718 0.00049591 0.000764323 0.000616334 -0.000781155 0.000451323 0.000545848 -0.000422022 0.00087332
internal_weight=105.336 102.576 85.0925 81.7146 17.4832 79.9801 78.3296 16.9614 67.7125
internal_count=14243 14205 11196 11147 3009 11127 10730 2884 8506
is_linear=0
shrinkage=0.03


Tree=246
num_leaves=7
num_cat=0
split_feature=4 11 5 0 9 5
split_gain=0.0212626 0.0368877 0.0940443 0.0120126 0.00434088 0.00305358
threshold=3.7557311079592313 3.834514499837081 99.590582989708011 99.192733789507983 72.50639386189259 1.3189794504733321
decision_type=2 2 2 2 2 2
left_child=-1 2 -2 5 -5 -3
right_child=1 3 -4 4 -6 -7
leaf_value=-0.001707043381248319 -0.001707043381248319 -0.00094366499474999568 0.00082323261790338603 0.00094718892928116229 0.0028308623255194733 0.00082323261790338603
leaf_weight=2.4320477530127382 2.0141946900694161 0.4499325500219119 0.7379809422418474 3.6773554850369683 2.9700706000439823 93.014560816576704
leaf_count=507 429 66 10 79 32 13120
internal_value=0.000647286 0.000718849 -0.00170704 0.000823233 0.00204893 0.000823233
internal_weight=105.296 102.864 2.75218 100.112 6.64743 93.4645
internal_count=14243 13736 439 13297 111 13186
is_linear=0
shrinkage=0.03


Tree=247
num_leaves=7
num_cat=0
split_feature=1 9 0 0 5 4
split_gain=0.0368362 0.186411 0.220809 0.17361 0.128391 0.000153221
threshold=8.6292344229310292 23.453017570664631 98.58442726863781 99.798183447377014 98.58442726863781 99.798183447377014
decision_type=2 2 2 2 2 2
left_child=1 -1 4 5 -3 -2
right_child=3 2 -4 -5 -6 -7
leaf_value=-0.0078495549733682418 0.00084408977660708649 -0.0075870038145729743 0.00084408977660708649 0.0094616270782662375 0.00084408977660708649 0.0025186678094310222
leaf_weight=1.7295876972493704 92.424690928164637 3.4446025884244573 5.3079351400956511 1.1136178858578194 0.55862152657937247 0.67965913098305364
leaf_count=314 13027 784 75 12 16 15
internal_value=0.000651211 -0.000928154 0.00084409 0.00084409 -0.00547325 0.00084409
internal_weight=105.259 11.0407 9.31116 94.218 4.00322 93.1044
internal_count=14243 1189 875 13054 800 13042
is_linear=0
shrinkage=0.03


Tree=248
num_leaves=6
num_cat=0
split_feature=1 9 0 0 5
split_gain=0.0297238 0.202232 0.188004 0.169237 0.119468
threshold=8.6292344229310292 23.453017570664631 98.58442726863781 99.798183447377014 98.58442726863781
decision_type=2 2 2 2 2
left_child=1 -1 4 -2 -3
right_child=3 2 -4 -5 -6
leaf_value=-0.0080593205623273184 0.00084842832240906345 -0.0071762561483995563 0.00084842832240906345 0.0093515151206047566 0.00084842832240906345
leaf_weight=1.6884901987505134 93.255151430843398 3.3442717356956555 5.3003616477362812 1.1165696084499348 0.55840054259169836
leaf_count=314 13042 784 75 12 16
internal_value=0.000676907 -0.000755645 0.000848428 0.000848428 -0.00506623
internal_weight=105.263 10.8915 9.20303 94.3717 3.90267
internal_count=14243 1189 875 13054 800
is_linear=0
shrinkage=0.03


Tree=249
num_leaves=7
num_cat=0
split_feature=4 11 5 0 1 5
split_gain=0.0224424 0.0383814 0.0966541 0.0156049 0.213065 0.00292258
threshold=3.7557311079592313 3.834514499837081 99.590582989708011 99.192733789507983 10.253735527921631 1.3189794504733321
decision_type=2 2 2 2 2 2
left_child=-1 2 -2 5 -5 -3
right_child=1 3 -4 4 -6 -7
leaf_value=-0.0017545891215084569 -0.0017545891215084569 -0.00095994167158610093 0.00084491534602574062 0.00084491534602574062 0.0081977048479551281 0.00084491534602574062
leaf_weight=2.4293545748805618 2.0086899609887037 0.44975816697114979 0.73240646766498674 3.7325386409647754 2.833088916959241 93.026453027152456
leaf_count=507 429 66 10 68 43 13120
internal_value=0.000665143 0.00073869 -0.00175459 0.000844915 0.00224159 0.000844915
internal_weight=105.212 102.783 2.7411 100.042 6.56563 93.4762
internal_count=14243 13736 439 13297 111 13186
is_linear=0
shrinkage=0.03


Tree=250
num_leaves=7
num_cat=0
split_feature=4 0 1 9 11 11
split_gain=0.0234719 0.0212153 0.0120527 0.00994795 0.0138678 0.00485348
threshold=3.7557311079592313 1.3189794504733321 0.50672889797803222 6.7816091954022992 5.2578415736310484 90.96464030082133
decision_type=2 2 2 2 2 2
left_child=-1 -2 -3 5 -5 -4
right_child=1 2 3 4 -6 -7
leaf_value=-0.0025434022968696007 -0.0025434022968696007 -0.0023518185451364636 -0.0017346443311305052 -0.0012783123097095286 0.00017065134663709101 0.00017065134663709101
leaf_weight=2.5756716979667535 0.4429105244926167 0.94993527629412611 3.0963142291002441 3.3210571345989583 94.33508561673807 0.89201874443097029
leaf_count=533 57 51 604 541 12327 82
internal_value=-0.000153613 -7.0001e-05 -1.54334e-05 2.91012e-05 9.49127e-05 -0.00127831
internal_weight=105.613 103.037 102.594 101.644 97.6561 3.98833
internal_count=14195 13662 13605 13554 12868 686
is_linear=0
shrinkage=0.03


Tree=251
num_leaves=6
num_cat=0
split_feature=1 5 9 9 10
split_gain=0.00910431 0.00433691 0.0179302 0.00587047 5.61145e-05
threshold=0.50672889797803222 0.91285417422568205 24.837662337662341 6.7816091954022992 80.455818691112825
decision_type=2 2 2 2 2
left_child=-1 2 -2 -3 -5
right_child=1 3 -4 4 -6
leaf_value=-0.0021765256687851643 -0.0021765256687851643 -0.0010662945620129722 -8.3480881311561375e-05 -4.6136431544970311e-05 3.3178867674580187e-06
leaf_weight=0.953875457867979 0.23230672103818406 4.2003057604306369 0.24038056831341237 71.202338331378996 28.741629611700773
leaf_count=55 43 746 75 10863 2413
internal_value=-0.000146109 -0.000107163 -0.00172524 -8.34809e-05 -3.20225e-05
internal_weight=105.571 104.617 0.472687 104.144 99.944
internal_count=14195 14140 118 14022 13276
is_linear=0
shrinkage=0.03


Tree=252
num_leaves=13
num_cat=0
split_feature=1 4 10 4 9 4 9 4 4 4 4 4
split_gain=0.0102631 0.00884754 0.011762 0.0972449 0.0238239 0.0132544 0.00340325 0.0125614 0.0115008 0.0102004 0.000897925 0.000429659
threshold=0.50672889797803222 0.91285417422568205 73.855092276144916 99.192733789507983 7.0954106280193248 3.3496058317115813 86.240703177822866 99.590582989708011 52.738381781151645 20.770029892911115 60.873876255949241 4.5679816604545307
decision_type=2 2 2 2 2 2 2 2 2 2 2 2
left_child=-1 -2 4 9 -3 -6 7 11 -8 -4 -11 -7
right_child=1 2 3 -5 5 6 8 -9 -10 10 -12 -13
leaf_value=-0.0022923256741735651 -0.0022923256741735651 -0.0022923256741735651 -0.00065121355921594437 0.0054669007912504482 -0.0022923256741735651 -0.0014251224773243116 -0.00065121355921594437 -8.1625288113822925e-05 -8.1625288113822925e-05 -8.1625288113822925e-05 0.00023827268918287021 -0.00065121355921594437
leaf_weight=0.95304117520572518 0.52160119684412976 2.677647641481598 3.605435670237056 2.08137318259105 1.0482306203339238 0.35368941974593227 5.2751951763639253 1.578787310514598 11.756338031555059 7.9665403472608878 24.810286939085927 42.974938018596731
leaf_count=55 119 525 685 38 227 101 795 25 766 1366 1367 8126
internal_value=-0.000136543 -9.53991e-05 -6.15946e-05 0.000349543 -0.000304052 -0.000162566 -8.22485e-05 -0.000340208 -8.16253e-05 -8.16253e-05 0.000150916 -0.000651214
internal_weight=105.603 104.65 104.128 38.4636 65.6648 62.9872 61.9389 44.9074 17.0315 36.3823 32.7768 43.3286
internal_count=14195 14140 14021 3456 10565 10040 9813 8252 1561 3418 2733 8227
is_linear=0
shrinkage=0.03


Tree=253
num_leaves=6
num_cat=0
split_feature=1 5 9 9 10
split_gain=0.0102575 0.00450782 0.0189567 0.00285798 1.80275e-05
threshold=0.50672889797803222 0.91285417422568205 24.837662337662341 6.7816091954022992 80.455818691112825
decision_type=2 2 2 2 2
left_child=-1 2 -2 -3 -5
right_child=1 3 -4 4 -6
leaf_value=-0.0022974083836002734 -0.0022974083836002734 -0.00076716345055066629 -7.8769038483080089e-05 -5.0911214096479763e-05 -2.168563520715527e-05
leaf_weight=0.95674257661448692 0.23204159515444089 4.1648563046765039 0.24032891233218834 71.089858517807443 28.863840972364414
leaf_count=55 43 746 75 10863 2413
internal_value=-0.000144121 -0.000102853 -0.00175247 -7.8769e-05 -4.27701e-05
internal_weight=105.548 104.591 0.472371 104.119 99.9537
internal_count=14195 14140 118 14022 13276
is_linear=0
shrinkage=0.03


Tree=254
num_leaves=2
num_cat=0
split_feature=4
split_gain=0.00690597
threshold=0.91285417422568205
decision_type=2
left_child=-1
right_child=-2
leaf_value=-0.0021240775364008212 -8.7204994285912759e-05
leaf_weight=0.52293119346722861 105.05464077263605
leaf_count=121 14074
internal_value=-0.000117129
internal_weight=105.578
internal_count=14195
is_linear=0
shrinkage=0.03


Tree=255
num_leaves=6
num_cat=0
split_feature=1 11 4 4 11
split_gain=0.13305 0.0562714 0.0325227 0.00327681 0.0038425
threshold=8.6292344229310292 5.5102270313495696 99.798183447377014 0.91285417422568205 49.948875255623726
decision_type=2 2 2 2 2
left_child=-1 -2 3 -3 -5
right_child=1 2 -4 4 -6
leaf_value=-0.0035505342769185742 -0.0034695549677367841 -0.0015257818249702652 0.0036563518982353654 -0.00032962388840936482 8.7313562516547444e-05
leaf_weight=10.542071686824782 3.3573892089189021 0.36533761862665315 1.1615985569078464 28.012656996201258 62.404615049948916
leaf_count=1194 705 74 17 5601 6619
internal_value=-0.000508271 -0.000138368 1.9293e-05 -6.65746e-05 -4.40527e-05
internal_weight=105.844 95.3016 91.9442 90.7826 90.4173
internal_count=14210 13016 12311 12294 12220
is_linear=0
shrinkage=0.03


Tree=256
num_leaves=10
num_cat=0
split_feature=1 0 11 0 0 11 4 4 4
split_gain=0.11513 0.119607 0.0393074 0.0109138 0.00911884 0.00274132 0.0267673 0.00525277 0.00105229
threshold=8.6292344229310292 99.798183447377014 5.5102270313495696 98.187309339910442 0.91285417422568205 49.948875255623726 92.857113107509832 31.332795164762384 98.58442726863781
decision_type=2 2 2 2 2 2 2 2 2
left_child=-1 2 3 -2 -4 -6 7 -7 -8
right_child=1 -3 4 -5 5 6 8 -9 -10
leaf_value=-0.003365390682535429 -0.003365390682535429 0.0062830776030470782 -0.0025352670504948252 -0.00022272276360926822 -0.00022272276360926822 -0.00022272276360926822 0.000790371396578879 0.00017425103809063622 0.0015565097620183199
leaf_weight=10.537859842239412 2.5995415367942765 1.5053271204233158 0.51536246959585597 0.73757934942841519 28.050839939038269 8.8819774924195354 11.928030162758654 37.569670353725087 3.592209355556407
leaf_count=1194 695 16 82 10 5606 1636 391 4505 75
internal_value=-0.00053444 -0.000189998 -0.000358927 -0.00315086 -0.000222723 -0.000181776 -1.68333e-05 -0.000222723 0.00105118
internal_weight=105.918 95.3805 93.8752 3.33712 90.5381 90.0227 61.9719 46.4516 15.5202
internal_count=14210 13016 13000 705 12295 12213 6607 6141 466
is_linear=0
shrinkage=0.03


Tree=257
num_leaves=7
num_cat=0
split_feature=1 0 11 0 0 11
split_gain=0.0999665 0.117602 0.038868 0.0100026 0.00887339 0.00260751
threshold=8.6292344229310292 99.798183447377014 5.5102270313495696 98.187309339910442 0.91285417422568205 49.948875255623726
decision_type=2 2 2 2 2 2
left_child=-1 2 3 -2 -4 -6
right_child=1 -3 4 -5 5 -7
leaf_value=-0.0031862068733742605 -0.0031862068733742605 0.0061784577870120138 -0.0025406931711683517 -0.00025769418918690853 -0.00025769418918690853 -5.5876503694983311e-05
leaf_weight=10.533515816729048 2.5952364080585535 1.5167886801064003 0.51582048827549343 0.73786918818950642 28.057102738530375 61.976157220778987
leaf_count=1194 695 16 82 10 5606 6607
internal_value=-0.00054739 -0.000225995 -0.000393493 -0.00317182 -0.000257694 -0.000216849
internal_weight=105.932 95.399 93.8822 3.33311 90.5491 90.0333
internal_count=14210 13016 13000 705 12295 12213
is_linear=0
shrinkage=0.03


Tree=258
num_leaves=7
num_cat=0
split_feature=1 0 4 4 1 0
split_gain=0.0998655 0.117884 0.00942024 0.00280156 0.00151181 0.00114736
threshold=8.6292344229310292 99.798183447377014 0.91285417422568205 99.798183447377014 0.91285417422568205 0.91285417422568205
decision_type=2 2 2 2 2 2
left_child=4 2 -2 5 -1 -4
right_child=1 -3 3 -5 -6 -7
leaf_value=-0.0047869345920045154 -0.002763516394725541 0.0061901544045871101 -0.0012738774313702538 0.00088709888374887379 -0.002763516394725541 -0.00035109404421737828
leaf_weight=1.6993518646922829 0.50483593699755047 1.515153944492339 0.39092247950611536 0.70653555472381313 8.8049478721804899 92.310234166827286
leaf_count=120 115 16 55 16 1074 12814
internal_value=-0.000544847 -0.000224086 -0.000391701 -0.000349746 -0.00318607 -0.000368539
internal_weight=105.932 95.4277 93.9125 93.4077 10.5043 92.7012
internal_count=14210 13016 13000 12885 1194 12869
is_linear=0
shrinkage=0.03


Tree=259
num_leaves=6
num_cat=0
split_feature=1 5 11 4 11
split_gain=0.0637694 0.144937 0.0416548 0.0163937 0.00720997
threshold=8.6292344229310292 99.590582989708011 4.4760982233040263 1.3189794504733321 49.948875255623726
decision_type=2 2 2 2 2
left_child=-1 2 -2 -4 -5
right_child=1 -3 3 4 -6
leaf_value=-0.0026676335735190851 -0.0026676335735190851 0.0048126867737095418 -0.0026676335735190851 -0.00073579531852101872 -0.0001568081717496871
leaf_weight=10.323754385812206 2.2166210602154015 3.7871903600171199 0.62612473510671307 27.829944287543185 61.264842704229522
leaf_count=1194 557 48 122 5701 6588
internal_value=-0.000537247 -0.000282284 -0.000541688 -0.000404504 -0.000343822
internal_weight=106.048 95.7247 91.9375 89.7209 89.0948
internal_count=14210 13016 12968 12411 12289
is_linear=0
shrinkage=0.03


Tree=260
num_leaves=5
num_cat=0
split_feature=4 0 0 9
split_gain=0.0226328 0.00663148 0.00152147 0.0239526
threshold=0.91285417422568205 0.91285417422568205 99.798183447377014 5.0974025974025983
decision_type=2 2 2 2
left_child=-1 -2 3 -3
right_child=1 2 -4 -5
leaf_value=-0.0033801790686092846 -0.0017246527814787267 -0.0017246527814787267 0.00088891739221858695 0.00038856376970741681
leaf_weight=0.52230108162620936 0.44939008064102282 2.3265076012467025 3.5609319318318731 99.666482412780169
leaf_count=122 60 485 46 13480
internal_value=0.000260428 0.000309787 0.000334553 0.000306756
internal_weight=106.526 106.003 105.554 101.993
internal_count=14193 14071 14011 13965
is_linear=0
shrinkage=0.03


Tree=261
num_leaves=4
num_cat=0
split_feature=5 0 0
split_gain=0.00891234 0.0199548 0.00156166
threshold=0.91285417422568205 0.50672889797803222 99.798183447377014
decision_type=2 2 2
left_child=1 -1 -2
right_child=2 -3 -4
leaf_value=-0.004342882722875396 0.00029169616386392284 0.00029169616386392284 0.00086351976554148685
leaf_weight=0.22179294913075764 102.52697334290133 0.22906970488838851 3.5585894755786276
leaf_count=44 14034 69 46
internal_value=0.000262336 -0.0020855 0.000291696
internal_weight=106.536 0.450863 106.086
internal_count=14193 113 14080
is_linear=0
shrinkage=0.03


Tree=262
num_leaves=5
num_cat=0
split_feature=5 9 0 9
split_gain=0.00843883 0.0324415 0.00139025 0.0226107
threshold=0.91285417422568205 24.837662337662341 99.798183447377014 5.0974025974025983
decision_type=2 2 2 2
left_child=1 -1 3 -2
right_child=2 -3 -4 -5
leaf_value=-0.0052184486910548718 -0.0021660533608738831 0.0002913288316093474 0.00083284785294288066 0.00034259656613457436
leaf_weight=0.22042831539874796 2.3520424510352305 0.2285898087429814 3.5562948730075723 100.18003988088458
leaf_count=43 497 70 46 13537
internal_value=0.000262841 -0.00202389 0.000291329 0.000291329
internal_weight=106.537 0.449018 106.088 102.532
internal_count=14193 113 14080 14034
is_linear=0
shrinkage=0.03


Tree=263
num_leaves=5
num_cat=0
split_feature=5 9 0 9
split_gain=0.00865 0.0327311 0.00122429 0.022353
threshold=0.91285417422568205 24.837662337662341 99.798183447377014 5.0974025974025983
decision_type=2 2 2 2
left_child=1 -1 3 -2
right_child=2 -3 -4 -5
leaf_value=-0.0052514990887314074 -0.0021511410321393763 0.00029194018148944161 0.00080248107219856317 0.00034407424104263403
leaf_weight=0.22041776077821751 2.3498570264782748 0.22860027494607493 3.5543200622778377 100.18003145718831
leaf_count=43 497 70 46 13537
internal_value=0.000263073 -0.00205183 0.00029194 0.00029194
internal_weight=106.533 0.449018 106.084 102.53
internal_count=14193 113 14080 14034
is_linear=0
shrinkage=0.03


Tree=264
num_leaves=3
num_cat=0
split_feature=4 0
split_gain=0.00667267 0.00116029
threshold=0.91285417422568205 99.798183447377014
decision_type=2 2
left_child=-1 -2
right_child=1 -3
leaf_value=-0.0017480856325361219 0.00026471470362212371 0.00077306744001589059
leaf_weight=0.48432251077610899 102.49478956582607 3.5525139187229788
leaf_count=122 14025 46
internal_value=0.000263376 0.000288807
internal_weight=106.532 106.047
internal_count=14193 14071
is_linear=0
shrinkage=0.03


Tree=265
num_leaves=4
num_cat=0
split_feature=5 11 5
split_gain=0.00756662 0.00686842 0.0591612
threshold=0.91285417422568205 4.4760982233040263 99.192733789507983
decision_type=2 2 2
left_child=-1 2 -2
right_child=1 -3 -4
leaf_value=-0.0015885608276268201 -0.0015885608276268201 0.00070303513233476778 0.00070303513233476778
leaf_weight=0.44744825118686904 2.4122526890132572 100.85798867425183 0.83679183013737191
leaf_count=118 588 13482 14
internal_value=0.000633684 0.000658259 -0.000570045
internal_weight=104.554 104.107 3.24904
internal_count=14202 14084 602
is_linear=0
shrinkage=0.03


Tree=266
num_leaves=6
num_cat=0
split_feature=0 11 11 5 11
split_gain=0.0305384 0.0110958 0.0126055 0.00648027 0.00742672
threshold=98.58442726863781 78.419412325077218 29.607280781462975 0.91285417422568205 4.4760982233040263
decision_type=2 2 2 2 2
left_child=3 2 -2 -1 -5
right_child=1 -3 -4 4 -6
leaf_value=-0.0016070932876527163 0.00043251376942237031 0.0026961140754347386 0.0022227711268359008 -0.00093549581136236635 0.00043251376942237031
leaf_weight=0.44695141562260587 2.5800918928580341 7.0946291711879894 2.7888436731882393 2.7081380079907822 88.933359793620184
leaf_count=118 51 104 58 593 13278
internal_value=0.000632994 0.00197212 0.000742316 0.000432514 0.000432514
internal_weight=104.552 12.4636 5.36894 92.0884 91.6415
internal_count=14202 213 109 13989 13871
is_linear=0
shrinkage=0.03


Tree=267
num_leaves=6
num_cat=0
split_feature=0 5 0 0 5
split_gain=0.0196446 0.00721704 0.0301101 0.00369711 0.00483073
threshold=99.798183447377014 0.91285417422568205 0.50672889797803222 98.187309339910442 98.187309339910442
decision_type=2 2 2 2 2
left_child=1 2 -1 4 -3
right_child=-2 3 -4 -5 -6
leaf_value=-0.004723538021760669 0.0027526125546559629 0.00056820229522824091 0.00056820229522824091 0.0011025917030059154 0.0011025917030059154
leaf_weight=0.2250804755021808 2.8398108241381115 85.466520469228271 0.22153309674467891 11.782240509986876 3.9780363339232272
leaf_count=49 38 13728 69 218 100
internal_value=0.00062856 0.000543002 -0.00161315 0.000568202 0.000568202
internal_weight=104.513 101.673 0.446614 101.227 89.4446
internal_count=14202 14164 118 14046 13828
is_linear=0
shrinkage=0.03


Tree=268
num_leaves=7
num_cat=0
split_feature=0 11 5 5 11 0
split_gain=0.0155131 0.0114026 0.0441899 0.0273149 0.00140185 0.0454225
threshold=98.187309339910442 8.2231091466833792 99.192733789507983 97.952914948540027 95.884287414066634 98.884083187650518
decision_type=2 2 2 2 2 2
left_child=1 2 -1 -3 5 -2
right_child=4 3 -4 -5 -6 -7
leaf_value=-0.0025543157493127708 0.0015052464541443391 0.00036963855853755631 0.00054920310354518854 0.0015052464541443391 0.0024542853054717729 0.0024542853054717729
leaf_weight=4.3194204639585214 3.5777670082752548 80.938090795301832 0.31140810530632723 4.2949446586426339 2.9164292046334603 8.1383247744524834
leaf_count=1143 72 12693 5 105 45 139
internal_value=0.00062613 0.000467993 -0.000858814 0.000549203 0.00150525 0.00150525
internal_weight=104.496 89.8639 4.63083 85.233 14.6325 11.7161
internal_count=14202 13946 1148 12798 256 211
is_linear=0
shrinkage=0.03


Tree=269
num_leaves=4
num_cat=0
split_feature=5 11 11
split_gain=0.00696547 0.00378214 0.00153637
threshold=0.91285417422568205 4.4760982233040263 0.60667402772665946
decision_type=2 2 2
left_child=-1 2 -2
right_child=1 -3 -4
leaf_value=-0.001531992579137112 -0.0011865135431572066 0.00065736722337850673 4.9279773946786108e-05
leaf_weight=0.44401045527774741 0.2710811515571544 100.73219842775143 2.8924552800017409
leaf_count=118 44 13482 558
internal_value=0.000601358 0.000624993 -0.000316158
internal_weight=104.34 103.896 3.16354
internal_count=14202 14084 602
is_linear=0
shrinkage=0.03


Tree=270
num_leaves=4
num_cat=0
split_feature=5 1 1
split_gain=0.00718175 0.0280448 0.00158566
threshold=0.91285417422568205 99.798183447377014 98.187309339910442
decision_type=2 2 2
left_child=-1 2 -2
right_child=1 -3 -4
leaf_value=-0.0024912044065256403 -0.00040991766626834972 0.0035954233442868386 9.6695378371741201e-05
leaf_weight=0.4238242976134633 99.444798940705368 0.62621162459254165 5.5231397656025356
leaf_count=108 13924 32 213
internal_value=-0.000357355 -0.0003255 -0.0003826
internal_weight=106.018 105.594 104.968
internal_count=14277 14169 14137
is_linear=0
shrinkage=0.03


Tree=271
num_leaves=4
num_cat=0
split_feature=5 1 1
split_gain=0.0066734 0.0271058 0.0014068
threshold=0.91285417422568205 99.798183447377014 98.187309339910442
decision_type=2 2 2
left_child=-1 2 -2
right_child=1 -3 -4
leaf_value=-0.0024176418597193871 -0.00040875600345629653 0.0035268882638061776 7.1296850891153696e-05
leaf_weight=0.42182260437402774 99.436817432404496 0.62728194065857579 5.5226347690331741
leaf_count=108 13924 32 213
internal_value=-0.000357797 -0.000326963 -0.000383063
internal_weight=106.009 105.587 104.959
internal_count=14277 14169 14137
is_linear=0
shrinkage=0.03


Tree=272
num_leaves=3
num_cat=0
split_feature=5 11
split_gain=0.00666127 0.00119173
threshold=0.91285417422568205 19.042858565075999
decision_type=2 2
left_child=-1 -2
right_child=1 -3
leaf_value=-0.0024222289478469886 -0.00058794365054964492 -0.00028672448228218037
leaf_weight=0.42115700605790962 14.16424756697961 91.408561749849468
leaf_count=108 2612 11557
internal_value=-0.000363141 -0.000332275
internal_weight=105.994 105.573
internal_count=14277 14169
is_linear=0
shrinkage=0.03


Tree=273
num_leaves=2
num_cat=0
split_feature=11
split_gain=0.00116269
threshold=19.042858565075999
decision_type=2
left_child=-1
right_child=-2
leaf_value=-0.00061578305777079147 -0.00031675381731625306
leaf_weight=14.337243765738092 91.660508401866537
leaf_count=2666 11611
internal_value=-0.000362578
internal_weight=105.998
internal_count=14277
is_linear=0
shrinkage=0.03


Tree=274
num_leaves=2
num_cat=0
split_feature=5
split_gain=0.00651378
threshold=0.91285417422568205
decision_type=2
left_child=-1
right_child=-2
leaf_value=-0.0023769747195299669 -0.00031141878308999247
leaf_weight=0.41980222961865266 105.71763440055656
leaf_count=108 14169
internal_value=-0.000341699
internal_weight=106.137
internal_count=14277
is_linear=0
shrinkage=0.03


Tree=275
num_leaves=5
num_cat=0
split_feature=0 9 4 9
split_gain=0.0496657 0.366023 0.0206733 0.00152641
threshold=96.569118605408946 50.324675324675333 0.91285417422568205 96.609195402298866
decision_type=2 2 2 2
left_child=2 -2 -1 -4
right_child=1 -3 3 -5
leaf_value=-0.0033561743382653354 0.00021505815107768767 0.0052757787428235727 0.00021505815107768767 0.00064782561222126054
leaf_weight=0.46249704447109152 7.4840387318981838 14.086971005017402 75.57661617177655 8.1622382072964665
leaf_count=107 293 211 13087 573
internal_value=0.000552781 0.00180313 0.000215058 0.000215058
internal_weight=105.772 21.571 84.2014 83.7389
internal_count=14271 504 13767 13660
is_linear=0
shrinkage=0.03


Tree=276
num_leaves=4
num_cat=0
split_feature=0 9 4
split_gain=0.0367695 0.331718 0.0219248
threshold=96.569118605408946 50.324675324675333 0.91285417422568205
decision_type=2 2 2
left_child=2 -2 -1
right_child=1 -3 -4
leaf_value=-0.0034126775475438976 0.00026730468966156088 0.0050262062269730064 0.00026730468966156088
leaf_weight=0.4623653482994986 7.4911871726508279 14.051412131928371 83.609148917894345
leaf_count=107 293 211 13660
internal_value=0.000559292 0.00163639 0.000267305
internal_weight=105.614 21.5426 84.0715
internal_count=14271 504 13767
is_linear=0
shrinkage=0.03


Tree=277
num_leaves=5
num_cat=0
split_feature=0 9 4 4
split_gain=0.0278372 0.297197 0.00483733 8.34576e-05
threshold=96.569118605408946 50.324675324675333 0.91285417422568205 3.3496058317115813
decision_type=2 2 2 2
left_child=2 -2 -1 -4
right_child=1 -3 3 -5
leaf_value=-0.0014630332528680328 0.00030579882264483883 0.0047698652711804608 1.4778231241049952e-05 0.00030579882264483883
leaf_weight=0.42136102740187098 7.4735472567845163 14.036709052394142 1.6714422857621674 81.95479308150243
leaf_count=107 293 211 354 13306
internal_value=0.00056085 0.00149956 0.000305799 0.000305799
internal_weight=105.558 21.5103 84.0476 83.6262
internal_count=14271 504 13767 13660
is_linear=0
shrinkage=0.03


Tree=278
num_leaves=3
num_cat=0
split_feature=4 4
split_gain=0.00586579 0.000612348
threshold=0.91285417422568205 3.3496058317115813
decision_type=2 2
left_child=-1 -2
right_child=1 -3
leaf_value=-0.0013913767496147973 2.6656723674935556e-05 0.0006220416762501397
leaf_weight=0.41930386621970583 1.6711684016045172 103.45918531660573
leaf_count=107 354 13810
internal_value=0.000591972 0.000612918
internal_weight=105.55 105.13
internal_count=14271 14164
is_linear=0
shrinkage=0.03


Tree=279
num_leaves=3
num_cat=0
split_feature=0 9
split_gain=0.0272526 0.292021
threshold=96.569118605408946 50.324675324675333
decision_type=2 2
left_child=-1 -2
right_child=1 -3
leaf_value=0.00033894899013832267 0.00033894899013832267 0.0047590763005989738
leaf_weight=84.012309846060816 7.4675216003088307 14.068583273270631
leaf_count=13767 293 211
internal_value=0.000592068 0.00152063
internal_weight=105.548 21.5361
internal_count=14271 504
is_linear=0
shrinkage=0.03


Tree=280
num_leaves=4
num_cat=0
split_feature=5 0 0
split_gain=0.00498062 0.0248715 0.000420335
threshold=0.91285417422568205 0.50672889797803222 98.187309339910442
decision_type=2 2 2
left_child=1 -1 -2
right_child=2 -3 -4
leaf_value=-0.0044968269051356225 0.00023568220148482624 0.00023568220148482624 0.00039776966481284905
leaf_weight=0.20679116866085578 91.523981235630345 0.22882541629951447 15.513483417103997
leaf_count=42 13918 71 274
internal_value=0.000214195 -0.00155204 0.000235682
internal_weight=107.473 0.435617 107.037
internal_count=14305 113 14192
is_linear=0
shrinkage=0.03


Tree=281
num_leaves=3
num_cat=0
split_feature=5 1
split_gain=0.00506186 0.00151788
threshold=0.91285417422568205 0.91285417422568205
decision_type=2 2
left_child=-1 -2
right_child=1 -3
leaf_value=-0.0015826010154272418 -0.00046687768658979867 0.00023520476847912805
leaf_weight=0.43543486599810322 1.9468934161704954 104.94932278132183
leaf_count=113 116 14076
internal_value=0.000196362 0.000218209
internal_weight=107.332 106.896
internal_count=14305 14192
is_linear=0
shrinkage=0.03


Tree=282
num_leaves=2
num_cat=0
split_feature=5
split_gain=0.00538279
threshold=0.91285417422568205
decision_type=2
left_child=-1
right_child=-2
leaf_value=-0.0016208847361635374 0.0002368168614131844
leaf_weight=0.43580756476148863 107.03303750767373
leaf_count=113 14192
internal_value=0.00021441
internal_weight=107.469
internal_count=14305
is_linear=0
shrinkage=0.03


Tree=283
num_leaves=2
num_cat=0
split_feature=5
split_gain=0.00451987
threshold=0.91285417422568205
decision_type=2
left_child=-1
right_child=-2
leaf_value=-0.0014707808207686027 0.00023524776886796385
leaf_weight=0.43209690839284931 107.03763168139267
leaf_count=113 14192
internal_value=0.000214892
internal_weight=107.47
internal_count=14305
is_linear=0
shrinkage=0.03


Tree=284
num_leaves=4
num_cat=0
split_feature=5 0 0
split_gain=0.0040405 0.0234221 0.000473656
threshold=0.91285417422568205 0.50672889797803222 98.187309339910442
decision_type=2 2 2
left_child=1 -1 -2
right_child=2 -3 -4
leaf_value=-0.0043125753564913485 0.00023441473643264312 0.00023441473643264312 0.00040511812731637141
leaf_weight=0.20270111551508208 91.525315811741166 0.22708000580314547 15.514991120144257
leaf_count=42 13918 71 274
internal_value=0.000215283 -0.001381 0.000234415
internal_weight=107.47 0.429781 107.04
internal_count=14305 113 14192
is_linear=0
shrinkage=0.03


Tree=285
num_leaves=6
num_cat=0
split_feature=11 1 11 1 1
split_gain=0.0118559 0.0388752 0.00190169 0.00162211 0.00111284
threshold=29.959697702343096 98.187309339910442 19.63376468542759 0.91285417422568205 82.06692234412985
decision_type=2 2 2 2 2
left_child=1 2 -1 -2 -5
right_child=3 -3 -4 4 -6
leaf_value=-0.0019319558453514021 -0.00093573455830101915 -0.00012314297150426529 -0.0009812371984381325 -0.00016591152610375887 8.1090509127762571e-05
leaf_weight=12.705503657431114 1.1691457435954351 2.4112218733062027 6.5050454845768391 60.454353903362062 21.705529968603514
leaf_count=2626 81 136 1276 8519 1524
internal_value=-0.000290088 -0.000899601 -0.0016745 -0.000123143 -0.000100467
internal_weight=104.951 21.6218 19.2105 83.329 82.1599
internal_count=14162 4038 3902 10124 10043
is_linear=0
shrinkage=0.03


Tree=286
num_leaves=6
num_cat=0
split_feature=11 1 1 11 1
split_gain=0.00984296 0.0363422 0.00150328 0.0013644 0.00103091
threshold=29.959697702343096 98.187309339910442 0.91285417422568205 19.63376468542759 82.06692234412985
decision_type=2 2 2 2 2
left_child=1 3 -2 -1 -4
right_child=2 -3 4 -5 -6
leaf_value=-0.001852783680396529 -0.00092471537763018157 -0.0001412040249004629 -0.00018195622158318617 -0.00097598163035479267 5.6362362412151511e-05
leaf_weight=12.684815009037271 1.1699587968178082 2.4110899904044336 60.453294897830347 6.5003378142137072 21.711111052718479
leaf_count=2626 81 136 8519 1276 1524
internal_value=-0.000293654 -0.000849637 -0.000141204 -0.00161877 -0.000119062
internal_weight=104.931 21.5962 83.3344 19.1852 82.1644
internal_count=14162 4038 10124 3902 10043
is_linear=0
shrinkage=0.03


Tree=287
num_leaves=8
num_cat=0
split_feature=5 11 1 1 11 1 1
split_gain=0.0079516 0.0137176 0.0187789 0.00326248 0.00527214 0.0276476 0.0331294
threshold=0.91285417422568205 4.4760982233040263 99.590582989708011 98.884083187650518 31.129326047358838 82.06692234412985 98.187309339910442
decision_type=2 2 2 2 2 2 2
left_child=-1 2 -2 4 6 -6 -3
right_child=1 3 -4 -5 5 -7 -8
leaf_value=-0.0025680292402477309 -0.0025680292402477309 -0.0018438483605816849 -0.00020267708881833334 0.00057814956942593243 -0.00020267708881833334 0.00057814956942593243 0.00057814956942593243
leaf_weight=0.39196165523026039 2.5357085726864166 17.237544843053918 0.29931127617601294 3.6855883124517268 61.35855103796348 19.208389868726954 0.27294027822790567
leaf_count=103 555 3431 22 102 8509 1413 27
internal_value=-0.000303881 -0.000271158 -0.00203545 -0.000202677 -0.000237558 4.25853e-05 -0.000202677
internal_weight=104.99 104.598 2.83502 101.763 98.0774 80.5669 17.5105
internal_count=14162 14059 577 13482 13380 9922 3458
is_linear=0
shrinkage=0.03


Tree=288
num_leaves=6
num_cat=0
split_feature=5 11 1 1 1
split_gain=0.0081781 0.0138262 0.0189118 0.00270914 0.000628736
threshold=0.91285417422568205 4.4760982233040263 99.590582989708011 0.50672889797803222 98.884083187650518
decision_type=2 2 2 2 2
left_child=-1 2 -2 -3 -5
right_child=1 3 -4 4 -6
leaf_value=-0.0025848646458338444 -0.0025848646458338444 -0.0013389201336255574 -0.00018853299746638574 -0.00018103431024139174 0.00018231821120707676
leaf_weight=0.39187924686120723 2.5346316349168769 0.83025188278406759 0.29949501121882338 97.223679616552545 3.7081296338001257
leaf_count=103 555 56 22 13324 102
internal_value=-0.000290109 -0.000257115 -0.00202817 -0.000188533 -0.000166027
internal_weight=104.988 104.596 2.83413 101.762 100.932
internal_count=14162 14059 577 13482 13426
is_linear=0
shrinkage=0.03


Tree=289
num_leaves=4
num_cat=0
split_feature=5 11 11
split_gain=0.00829848 0.00665961 0.000283384
threshold=0.91285417422568205 4.4760982233040263 29.959697702343096
decision_type=2 2 2
left_child=-1 -2 -3
right_child=1 2 -4
leaf_value=-0.0025998890540943681 -0.0014919913575427021 -0.00031613556463356185 -0.00017905754572256638
leaf_weight=0.39140184019924973 2.8033511172397985 18.484625428915024 83.308495916629909
leaf_count=103 577 3403 10079
internal_value=-0.000288221 -0.000255031 -0.000206783
internal_weight=104.988 104.596 101.793
internal_count=14162 14059 13482
is_linear=0
shrinkage=0.03


Tree=290
num_leaves=8
num_cat=0
split_feature=9 1 4 5 9 4 4
split_gain=0.0096747 0.157386 0.370154 0.251106 0.00787093 0.00953062 0.00341053
threshold=96.190130624092902 43.451693769172415 90.355452386449869 76.821892210857598 2.9198635976129586 76.821892210857598 0.91285417422568205
decision_type=2 2 2 2 2 2 2
left_child=4 -2 3 -3 5 -1 -6
right_child=1 2 -4 -5 6 -7 -8
leaf_value=-0.0030637312066796414 0.00017875941221581407 0.00017875941221581407 0.013780800341911236 0.011116471760326992 -0.001318237512233906 0.00017875941221581407 0.00017875941221581407
leaf_weight=0.49568993545835727 3.4491632733261195 3.8581352198962122 1.6193758742883799 0.8975981946568935 0.44891727692447503 0.6335745393880643 93.282622355123749
leaf_count=127 257 313 26 37 118 75 13163
internal_value=0.000277783 0.00112908 0.00471042 0.000178759 0.000178759 -0.00164933 0.000178759
internal_weight=104.685 9.82427 6.37511 4.75573 94.8608 1.12926 93.7315
internal_count=14116 633 376 350 13483 202 13281
is_linear=0
shrinkage=0.03


Tree=291
num_leaves=6
num_cat=0
split_feature=9 1 9 4 9
split_gain=0.00767159 0.0184533 0.412156 0.00875137 0.000385131
threshold=2.9198635976129586 98.884083187650518 64.019916142557662 76.821892210857598 96.190130624092902
decision_type=2 2 2 2 2
left_child=3 4 -3 -1 -2
right_child=1 2 -4 -5 -6
leaf_value=-0.002867068261095312 0.00023771357006426448 0.00023771357006426448 0.010805192540131113 0.00023771357006426448 0.00043405591265741089
leaf_weight=0.48911229893565067 89.897893357905559 1.7473829578957509 2.479708350263536 0.63363877794472501 9.4571245661354606
leaf_count=127 13119 99 73 75 623
internal_value=0.000297989 0.000331667 0.00207203 -0.00150161 0.000237714
internal_weight=104.705 103.582 4.22709 1.12275 99.355
internal_count=14116 13914 172 202 13742
is_linear=0
shrinkage=0.03


Tree=292
num_leaves=7
num_cat=0
split_feature=4 1 9 0 1 9
split_gain=0.0150672 0.0425121 0.646961 0.0023192 0.00047652 0.100921
threshold=0.91285417422568205 98.884083187650518 68.703358208955237 2.1312300029686315 79.655946761080529 96.190130624092902
decision_type=2 2 2 2 2 2
left_child=3 4 -3 -1 -2 -6
right_child=1 2 -4 -5 5 -7
leaf_value=-0.0031556577764524831 0.00012004968409969801 0.00019910996592812022 0.013706182437122611 4.3644731329931222e-05 0.00012004968409969801 0.0045565005173732603
leaf_weight=0.30470388825051387 73.955723673920147 1.8827956627355877 2.4131186251761392 0.20978971023578197 22.26806845783722 3.7318322401260948
leaf_count=79 11182 90 53 47 2537 128
internal_value=0.000299874 0.000339956 0.00296069 -0.00268367 0.00019911 0.00019911
internal_weight=104.766 104.252 4.29591 0.514494 99.9556 25.9999
internal_count=14116 13990 143 126 13847 2665
is_linear=0
shrinkage=0.03


Tree=293
num_leaves=6
num_cat=0
split_feature=4 1 9 0 1
split_gain=0.012714 0.0380796 0.581632 0.0020474 0.000149336
threshold=0.91285417422568205 98.884083187650518 68.703358208955237 2.1312300029686315 92.145007139611877
decision_type=2 2 2 2 2
left_child=3 4 -3 -1 -2
right_child=1 2 -4 -5 -6
leaf_value=-0.0029016267425933428 0.00015050618694779653 0.00019508470165386502 0.012996819325720778 5.3107880069247599e-05 0.00019508470165386502
leaf_weight=0.29917058546561648 85.783856916095829 1.8438611296005536 2.4150612270459533 0.20982549828477204 14.204154445964376
leaf_count=79 12938 90 53 47 909
internal_value=0.000291362 0.000327978 0.00281759 -0.00245558 0.000195085
internal_weight=104.756 104.247 4.25892 0.508996 99.988
internal_count=14116 13990 143 126 13847
is_linear=0
shrinkage=0.03


Tree=294
num_leaves=5
num_cat=0
split_feature=1 9 4 1
split_gain=0.0112561 0.302071 1.22427 0.118322
threshold=92.145007139611877 79.855072463768138 66.498452264581303 98.884083187650518
decision_type=2 2 2 2
left_child=-1 -2 3 -3
right_child=1 2 -4 -5
leaf_value=0.00013798686064947353 0.00013798686064947353 0.00013798686064947353 0.021004613679530375 0.0074257783789849936
leaf_weight=85.830182143341517 11.173259760311341 3.7146499099908388 2.1838425993919373 1.8173290106933562
leaf_count=12998 865 188 27 38
internal_value=0.000288749 0.000932419 0.00585063 0.000137987
internal_weight=104.719 18.8891 7.71582 5.53198
internal_count=14116 1118 253 226
is_linear=0
shrinkage=0.03


Tree=295
num_leaves=5
num_cat=0
split_feature=4 1 5 5
split_gain=0.0261832 0.0161084 0.0362282 0.00809849
threshold=0.91285417422568205 8.2231091466833792 99.590582989708011 1.3189794504733321
decision_type=2 2 2 2
left_child=-1 -2 3 -3
right_child=1 2 -4 -5
leaf_value=-0.0036795269347174382 -0.0006963205405710886 -0.0006963205405710886 0.0032158230341378792 0.00043346074207949024
leaf_weight=0.44113548524910484 9.9687691697035898 0.47720829324680281 3.3177240635268381 90.61739902041154
leaf_count=111 1147 109 42 12763
internal_value=0.000350451 0.000402237 0.000524314 0.000392433
internal_weight=104.822 104.381 94.4123 91.0946
internal_count=14172 14061 12914 12872
is_linear=0
shrinkage=0.03


Tree=296
num_leaves=5
num_cat=0
split_feature=4 1 5 5
split_gain=0.0256696 0.012382 0.0378916 0.00720017
threshold=0.91285417422568205 8.2231091466833792 99.590582989708011 1.3189794504733321
decision_type=2 2 2 2
left_child=-1 -2 3 -3
right_child=1 2 -4 -5
leaf_value=-0.0036359766234458067 -0.00055622076258908071 -0.00055622076258908071 0.0032675216930357783 0.00042274936346102678
leaf_weight=0.43864230677718197 9.9609049757709709 0.47698606023914081 3.3201479730196288 90.671824968798319
leaf_count=111 1147 109 42 12763
internal_value=0.000358597 0.000409703 0.000516311 0.000381725
internal_weight=104.869 104.43 94.469 91.1488
internal_count=14172 14061 12914 12872
is_linear=0
shrinkage=0.03


Tree=297
num_leaves=5
num_cat=0
split_feature=5 0 1 4
split_gain=0.00887649 0.0245663 0.000850357 0.00170273
threshold=0.91285417422568205 0.50672889797803222 8.2231091466833792 3.3496058317115813
decision_type=2 2 2 2
left_child=1 -1 -2 -4
right_child=2 -3 3 -5
leaf_value=-0.0046284634049864022 0.00038369548564037338 0.00038369548564037338 0.00038369548564037338 0.00054984539057078175
leaf_weight=0.21328619241830793 9.9155130214057845 0.20639403793029487 1.6395411499543104 92.901276159129338
leaf_count=50 1144 68 362 12548
internal_value=0.000355049 -0.00202299 0.000383695 0.000481426
internal_weight=104.876 0.41968 104.456 94.5408
internal_count=14172 118 14054 12910
is_linear=0
shrinkage=0.03


Tree=298
num_leaves=4
num_cat=0
split_feature=5 0 1
split_gain=0.00909276 0.0248146 0.000837231
threshold=0.91285417422568205 0.50672889797803222 8.2231091466833792
decision_type=2 2 2
left_child=1 -1 -2
right_child=2 -3 -4
leaf_value=-0.0046618506485635097 0.00038497458074366833 0.00038497458074366833 0.00048212200127921586
leaf_weight=0.21325723000336338 9.9079079142538813 0.20634977240115404 94.544528416270623
leaf_count=50 1144 68 12910
internal_value=0.000355953 -0.00205056 0.000384975
internal_weight=104.872 0.419607 104.452
internal_count=14172 118 14054
is_linear=0
shrinkage=0.03


Tree=299
num_leaves=5
num_cat=0
split_feature=5 0 1 4
split_gain=0.00935652 0.0250968 0.000827832 0.00168448
threshold=0.91285417422568205 0.50672889797803222 8.2231091466833792 3.3496058317115813
decision_type=2 2 2 2
left_child=1 -1 -2 -4
right_child=2 -3 3 -5
leaf_value=-0.0047013208511793086 0.00038540772667340482 0.00038540772667340482 0.00038540772667340482 0.00055045898813673637
leaf_weight=0.21342155191814427 9.9083052148926054 0.20632262562867254 1.6393704100046296 92.905134196160361
leaf_count=50 1144 68 362 12548
internal_value=0.000355926 -0.00208455 0.000385408 0.000482116
internal_weight=104.873 0.419744 104.453 94.5445
internal_count=14172 118 14054 12910
is_linear=0
shrinkage=0.03


Tree=300
num_leaves=4
num_cat=0
split_feature=0 5 0
split_gain=0.107981 0.0229997 0.00075432
threshold=99.192733789507983 99.590582989708011 98.884083187650518
decision_type=2 2 2
left_child=2 -2 -1
right_child=1 -3 -4
leaf_value=-0.00061705638805565721 0.00080357604351654439 0.0041457599728253495 -4.8469885776726801e-05
leaf_weight=94.795697707333602 3.790053761797024 4.2210188517346978 2.3289963579736641
leaf_count=14087 74 56 45
internal_value=-0.000318257 0.00282922 -0.000604055
internal_weight=105.136 8.01107 97.1247
internal_count=14262 130 14132
is_linear=0
shrinkage=0.03


Tree=301
num_leaves=5
num_cat=0
split_feature=0 4 4 0
split_gain=0.0837623 0.00752761 0.0018068 0.00058267
threshold=99.192733789507983 98.187309339910442 0.91285417422568205 98.884083187650518
decision_type=2 2 2 2
left_child=2 -2 -1 -4
right_child=1 -3 3 -5
leaf_value=-0.0017230651122147154 0.00092500209910116658 0.0031542313919559351 -0.00056344618756480548 -5.6590834437922234e-05
leaf_weight=0.44519810454221342 3.2683112466474977 4.7484603422926739 94.242360441683559 2.3273368852678677
leaf_count=121 57 73 13966 45
internal_value=-0.000323132 0.00244879 -0.000574835 -0.000551936
internal_weight=105.032 8.01677 97.0149 96.5697
internal_count=14262 130 14132 14011
is_linear=0
shrinkage=0.03


Tree=302
num_leaves=3
num_cat=0
split_feature=4 5
split_gain=0.00268561 0.000183255
threshold=0.91285417422568205 99.590582989708011
decision_type=2 2
left_child=-1 -2
right_child=1 -3
leaf_value=-0.0016158146198258405 -0.00029721070193172716 -9.7674243881898414e-05
leaf_weight=0.4427818464464498 98.900904457463184 5.6094888162333509
leaf_count=121 14061 80
internal_value=-0.000308329 -0.000287528
internal_weight=104.953 104.51
internal_count=14262 14141
is_linear=0
shrinkage=0.03


Tree=303
num_leaves=5
num_cat=0
split_feature=0 5 4 0
split_gain=0.0627226 0.00950169 0.00140696 0.000417569
threshold=99.192733789507983 99.590582989708011 0.91285417422568205 98.884083187650518
decision_type=2 2 2 2
left_child=2 -2 -1 -4
right_child=1 -3 3 -5
leaf_value=-0.0015482405310860651 0.00071100320711376622 0.0029407575613792486 -0.00051626959601944178 -7.366425345046956e-05
leaf_weight=0.44100604049162839 3.7918293316615728 4.2605490197893232 94.131669445690932 2.3268484778236589
leaf_count=121 74 56 13966 45
internal_value=-0.00030875 0.00208531 -0.000526966 -0.000506458
internal_weight=104.952 8.05238 96.8995 96.4585
internal_count=14262 130 14132 14011
is_linear=0
shrinkage=0.03


Tree=304
num_leaves=4
num_cat=0
split_feature=0 4 0
split_gain=0.0303991 0.00176447 0.000293126
threshold=99.192733789507983 0.91285417422568205 98.884083187650518
decision_type=2 2 2
left_child=1 -1 -3
right_child=-2 2 -4
leaf_value=-0.0015268565519297305 0.0013878679134782721 -0.00041776007442571194 -5.2017396950738793e-05
leaf_weight=0.43981632345821609 8.0700814656447601 94.06600891193375 2.3258054123725733
leaf_count=121 130 13966 45
internal_value=-0.000278542 -0.00043019 -0.00040956
internal_weight=104.902 96.8316 96.3918
internal_count=14262 14132 14011
is_linear=0
shrinkage=0.03


Tree=305
num_leaves=10
num_cat=0
split_feature=1 9 5 4 11 4 11 4 4
split_gain=0.0466623 0.0329879 0.0193819 0.0166566 0.0210859 0.00655975 0.0048838 0.00308642 2.48204e-05
threshold=0.91285417422568205 6.7816091954022992 0.91285417422568205 1.7251047267209818 3.834514499837081 99.192733789507983 33.703364288041712 3.3496058317115813 95.560035842293914
decision_type=2 2 2 2 2 2 2 2 2
left_child=-1 6 -3 -4 5 8 -2 -6 -5
right_child=1 2 3 4 7 -7 -8 -9 -10
leaf_value=-0.0038552659651233433 -0.0038552659651233433 -0.0022177948565447417 -0.0022177948565447417 -0.0022177948565447417 -0.00074178621434564803 0.00051380983088617155 -0.0022177948565447417 0.00053383637486920956 -0.00026967046536436457
leaf_weight=1.5937593951239239 1.1510284135292743 0.41189479586318967 0.67356926249340077 1.8209206437168175 0.90556016960181196 0.2994521390646695 2.628711358178407 92.81568700063508 0.32069182116538275
leaf_count=110 276 107 146 416 161 5 483 12471 12
internal_value=0.000120198 0.000220084 0.000336447 0.000386084 0.000434016 -0.00188857 -0.00221779 0.00051381 -0.00221779
internal_weight=102.621 101.028 97.2478 96.8359 96.1623 2.44106 3.77974 93.7212 2.14161
internal_count=14187 14077 13318 13211 13065 433 759 12632 428
is_linear=0
shrinkage=0.03


Tree=306
num_leaves=5
num_cat=0
split_feature=1 9 5 4
split_gain=0.0504354 0.0301662 0.00802561 0.0113408
threshold=0.91285417422568205 5.0974025974025983 0.91285417422568205 1.7251047267209818
decision_type=2 2 2 2
left_child=-1 -2 -3 -4
right_child=1 2 3 -5
leaf_value=-0.0039863069556099898 -0.0025537777821662716 -0.0019111700093260352 -0.0019111700093260352 0.00040001486841550853
leaf_weight=1.6078680445207272 2.3780188157688817 0.44064887825515953 0.71319300716277112 97.446365697978763
leaf_count=110 500 117 160 13300
internal_value=0.000135487 0.000239565 0.000331898 0.000361139
internal_weight=102.586 100.978 98.6002 98.1596
internal_count=14187 14077 13577 13460
is_linear=0
shrinkage=0.03


Tree=307
num_leaves=4
num_cat=0
split_feature=9 11 11
split_gain=0.027595 0.0894592 0.00532848
threshold=5.0974025974025983 34.247752511898476 5.5102270313495696
decision_type=2 2 2
left_child=1 -1 -2
right_child=2 -3 -4
leaf_value=-0.0077955440051884137 -0.00079628942485398667 0.00019536723221005679 0.00024123899196331152
leaf_weight=0.66366678720805738 3.7068617154145604 1.7355958856060167 96.49404744480853
leaf_count=169 744 342 12932
internal_value=0.000107067 -0.00255327 0.000195367
internal_weight=102.6 2.39926 100.201
internal_count=14187 511 13676
is_linear=0
shrinkage=0.03


Tree=308
num_leaves=4
num_cat=0
split_feature=9 11 11
split_gain=0.0177753 0.0700919 0.00492459
threshold=5.0974025974025983 34.247752511898476 5.5102270313495696
decision_type=2 2 2
left_child=1 -1 -2
right_child=2 -3 -4
leaf_value=-0.0068033187573458493 -0.00077091431392628117 0.00018238896623974521 0.00022650029807734626
leaf_weight=0.6323491148068564 3.7047370784566729 1.7358413175097664 96.540748459199676
leaf_count=169 744 342 12932
internal_value=0.000112107 -0.0020338 0.000182389
internal_weight=102.614 2.36819 100.245
internal_count=14187 511 13676
is_linear=0
shrinkage=0.03


Tree=309
num_leaves=4
num_cat=0
split_feature=9 11 11
split_gain=0.018391 0.0712592 0.00420368
threshold=5.0974025974025983 34.247752511898476 5.5102270313495696
decision_type=2 2 2
left_child=1 -1 -2
right_child=2 -3 -4
leaf_value=-0.0068761439207066554 -0.00069873621169846002 0.00018323484116560904 0.00022384983204391931
leaf_weight=0.63102594559313674 3.6999624131713054 1.735770230530761 96.550088554038666
leaf_count=169 744 342 12932
internal_value=0.000111743 -0.00207142 0.000183235
internal_weight=102.617 2.3668 100.25
internal_count=14187 511 13676
is_linear=0
shrinkage=0.03


Tree=310
num_leaves=8
num_cat=0
split_feature=4 1 9 10 1 1 4
split_gain=0.0365893 0.017933 0.0153922 0.00936131 0.048026 0.00994264 0.00473562
threshold=2.1312300029686315 99.798183447377014 1.9419306184012068 13.447187141216995 19.97983870967742 0.91285417422568205 80.851085671112287
decision_type=2 2 2 2 2 2 2
left_child=-1 2 -2 4 -4 -5 -6
right_child=1 -3 3 5 6 -7 -8
leaf_value=-0.0030169466374088778 -0.0022654938692363881 0.0042799470318518858 -0.0022654938692363881 -0.0010158059205970518 -1.4595877262763097e-05 0.0010635841495818203 0.0010635841495818203
leaf_weight=1.1645846089813847 0.44063399266451497 0.52843472408130665 1.3542141724319652 1.3663564210874017 4.1182928160997108 95.367840865364997 1.455277554283384
leaf_count=281 109 18 280 109 1046 12282 166
internal_value=0.000899121 0.000970856 0.000913497 0.000948527 -0.000103034 0.00102412 0.00102412
internal_weight=105.796 104.631 104.103 103.662 6.92778 96.7342 5.57357
internal_count=14291 14010 13992 13883 1492 12391 1212
is_linear=0
shrinkage=0.03


Tree=311
num_leaves=8
num_cat=0
split_feature=4 1 10 1 4 1 4
split_gain=0.037111 0.0141517 0.0102668 0.0430114 0.0100406 0.00830844 0.00392039
threshold=2.1312300029686315 99.798183447377014 13.447187141216995 19.97983870967742 80.851085671112287 0.91285417422568205 3.7557311079592313
decision_type=2 2 2 2 2 2 2
left_child=-1 2 3 -2 -5 -4 -7
right_child=1 -3 5 4 -6 6 -8
leaf_value=-0.0030376181460916836 -0.0030376181460916836 0.0039403533877803328 -0.00087351657973580349 -0.00039154644221879185 0.0010076751784956588 -0.00039154644221879185 0.0010629117509112754
leaf_weight=1.162572810309938 1.36585738082067 0.53077228274196286 1.3652950695250172 4.1697318098740652 1.4838964440859852 0.85427622427232464 94.85028479192988
leaf_count=281 287 18 111 1057 174 198 12165
internal_value=0.000908469 0.000980664 0.00092822 -0.00015918 0.00100768 0.00100768 0.00104327
internal_weight=105.783 104.62 104.089 7.01949 5.65363 97.0699 95.7046
internal_count=14291 14010 13992 1518 1231 12474 12363
is_linear=0
shrinkage=0.03


Tree=312
num_leaves=6
num_cat=0
split_feature=4 1 4 1 10
split_gain=0.0152061 0.0142425 0.0141255 0.0335373 0.00853946
threshold=2.1312300029686315 99.798183447377014 99.798183447377014 0.91285417422568205 13.447187141216995
decision_type=2 2 2 2 2
left_child=-1 2 3 -2 -5
right_child=1 -3 -4 4 -6
leaf_value=-0.0016894160268418595 -0.0016894160268418595 0.0039198391293583839 0.0029014450554395092 -0.00010043288505053478 0.00097607080976421076
leaf_weight=1.1176989012164984 0.72555198281770472 0.52815186977386375 2.2496421434916547 6.9380396816413841 94.216835105878999
leaf_count=281 106 18 38 1512 12336
internal_value=0.000910494 0.000953987 0.000901801 0.000829874 0.000901975
internal_weight=105.776 104.658 104.13 101.88 101.155
internal_count=14291 14010 13992 13954 13848
is_linear=0
shrinkage=0.03


Tree=313
num_leaves=9
num_cat=0
split_feature=4 1 9 4 1 10 4 4
split_gain=0.0155466 0.0139572 0.0144474 0.00736129 0.0353288 0.00814407 0.00493453 0.000970295
threshold=2.1312300029686315 99.798183447377014 1.9419306184012068 99.798183447377014 0.91285417422568205 13.447187141216995 3.7557311079592313 81.661643453123986
decision_type=2 2 2 2 2 2 2 2
left_child=-1 2 -2 4 -4 7 -7 -6
right_child=1 -3 3 -5 5 6 -8 -9
leaf_value=-0.0017173891314912293 -0.0017173891314912293 0.0038949690557689098 -0.0017173891314912293 0.0024239871584495489 -0.00027174266638939121 -3.9939237826736174e-05 0.0010533617305864885 0.00038364583295254716
leaf_weight=1.1162852350389574 0.43860788672463868 0.52583750151097675 0.71076204313430835 2.2479612834285936 4.6472827417310318 0.84369327122112636 93.051924002007581 2.184717386146076
leaf_count=281 109 18 103 36 1218 194 12062 270
internal_value=0.000910663 0.000954686 0.000902928 0.000937268 0.00088098 0.000954735 0.00102677 -3.99392e-05
internal_weight=105.767 104.651 104.125 103.686 101.438 100.728 93.8956 6.832
internal_count=14291 14010 13992 13883 13847 13744 12256 1488
is_linear=0
shrinkage=0.03


Tree=314
num_leaves=8
num_cat=0
split_feature=4 1 9 1 4 4 4
split_gain=0.0146433 0.0137222 0.0144061 0.00775366 0.0264107 0.0010927 0.000835692
threshold=2.1312300029686315 99.798183447377014 1.9419306184012068 0.91285417422568205 99.798183447377014 99.590582989708011 3.3496058317115813
decision_type=2 2 2 2 2 2 2
left_child=-1 2 -2 4 -4 6 -5
right_child=1 -3 3 5 -6 -7 -8
leaf_value=-0.0016500942984617828 -0.0016500942984617828 0.0038677024036937123 -0.0016500942984617828 -6.7081745217954691e-05 0.00096510348686887522 0.0016424574883070408 0.00096510348686887522
leaf_weight=1.1120806328253809 0.43843718554125999 0.52363754715770383 0.71166175784310215 0.70141105796210368 0.65187033219262958 2.8920517421793184 98.727746087650303
leaf_count=281 109 18 103 164 8 58 13550
internal_value=0.00090702 0.000949556 0.000898228 0.000932735 -0.000876899 0.000965103 0.000929243
internal_weight=105.759 104.647 104.123 103.685 1.36353 102.321 99.4292
internal_count=14291 14010 13992 13883 111 13772 13714
is_linear=0
shrinkage=0.03


Tree=315
num_leaves=3
num_cat=0
split_feature=4 4
split_gain=0.00225096 3.32894e-05
threshold=0.91285417422568205 2.1312300029686315
decision_type=2 2
left_child=-1 -2
right_child=1 -3
leaf_value=-0.0010805598303471914 -3.8394660729837649e-05 0.00013080762771486057
leaf_weight=0.41122993634780769 0.65144175849854846 104.15477626750362
leaf_count=114 165 13900
internal_value=0.000114545 0.000129403
internal_weight=105.217 104.806
internal_count=14179 14065
is_linear=0
shrinkage=0.03


Tree=316
num_leaves=4
num_cat=0
split_feature=1 4 1
split_gain=0.0403455 0.399681 2.09646e-05
threshold=98.884083187650518 26.449536347077331 98.187309339910442
decision_type=2 2 2
left_child=2 -2 -1
right_child=1 -3 -4
leaf_value=-3.4242839179374355e-05 -2.0369196957164415e-05 0.0099745135835141736 -2.0369196957164415e-05
leaf_weight=99.183240014011972 1.3869650937849645 2.9836017342749983 1.6633033920079459
leaf_count=13927 114 51 87
internal_value=0.000114357 0.002648 -2.03692e-05
internal_weight=105.217 4.37057 100.847
internal_count=14179 165 14014
is_linear=0
shrinkage=0.03


Tree=317
num_leaves=3
num_cat=0
split_feature=4 4
split_gain=0.00247505 3.23759e-05
threshold=0.91285417422568205 2.1312300029686315
decision_type=2 2
left_child=-1 -2
right_child=1 -3
leaf_value=-0.0011085893871342349 -2.0829632082418991e-05 0.00016342103513595523
leaf_weight=0.41139009984908526 0.65050261944997956 104.15997323085321
leaf_count=114 165 13900
internal_value=0.000146734 0.000162091
internal_weight=105.222 104.81
internal_count=14179 14065
is_linear=0
shrinkage=0.03


Tree=318
num_leaves=4
num_cat=0
split_feature=1 4 1
split_gain=0.0689133 0.454812 2.24725e-05
threshold=98.884083187650518 26.449536347077331 98.187309339910442
decision_type=2 2 2
left_child=2 -2 -1
right_child=1 -3 -4
leaf_value=-4.7099549703496607e-05 -3.2510470642519076e-05 0.010621479617756684 -3.2510470642519076e-05
leaf_weight=98.990983271360165 1.383405653934459 3.1827412033453584 1.6641871110186901
leaf_count=13927 114 51 87
internal_value=0.000146859 0.00339632 -3.25105e-05
internal_weight=105.221 4.56615 100.655
internal_count=14179 165 14014
is_linear=0
shrinkage=0.03


Tree=319
num_leaves=4
num_cat=0
split_feature=1 4 1
split_gain=0.0540086 0.392761 2.31378e-05
threshold=98.884083187650518 29.705042225534033 98.187309339910442
decision_type=2 2 2
left_child=2 -2 -1
right_child=1 -3 -4
leaf_value=-2.9364815510151372e-06 1.1546623800512297e-05 0.0099754363788017181 1.1546623800512297e-05
leaf_weight=98.910990740521811 1.5176366990199301 3.0774057821836323 1.6642400176497165
leaf_count=13927 117 48 87
internal_value=0.000171252 0.00304002 1.15466e-05
internal_weight=105.17 4.59504 100.575
internal_count=14179 165 14014
is_linear=0
shrinkage=0.03


Tree=320
num_leaves=2
num_cat=0
split_feature=1
split_gain=0.0182973
threshold=98.884083187650518
decision_type=2
left_child=-1
right_child=-2
leaf_value=-0.00043040694357687591 0.0013378222005685169
leaf_weight=100.32303258634056 4.5966904931119634
leaf_count=14029 169
internal_value=-0.000341039
internal_weight=104.92
internal_count=14198
is_linear=0
shrinkage=0.03


Tree=321
num_leaves=2
num_cat=0
split_feature=1
split_gain=0.0399931
threshold=98.884083187650518
decision_type=2
left_child=-1
right_child=-2
leaf_value=-0.00046921071516933403 0.0021116376289114528
leaf_weight=100.20887463883264 4.7271781566669224
leaf_count=14029 169
internal_value=-0.000334113
internal_weight=104.936
internal_count=14198
is_linear=0
shrinkage=0.03


Tree=322
num_leaves=2
num_cat=0
split_feature=1
split_gain=0.0371417
threshold=98.884083187650518
decision_type=2
left_child=-1
right_child=-2
leaf_value=-0.00046098163025300111 0.0020281217196702881
leaf_weight=100.2023966718989 4.7187228479306205
leaf_count=14029 169
internal_value=-0.000330946
internal_weight=104.921
internal_count=14198
is_linear=0
shrinkage=0.03


Tree=323
num_leaves=2
num_cat=0
split_feature=1
split_gain=0.0353307
threshold=98.884083187650518
decision_type=2
left_child=-1
right_child=-2
leaf_value=-0.00045312042329175256 0.0019776485203601511
leaf_weight=100.19372273649788 4.7037515666452228
leaf_count=14029 169
internal_value=-0.000326475
internal_weight=104.897
internal_count=14198
is_linear=0
shrinkage=0.03


Tree=324
num_leaves=2
num_cat=0
split_feature=1
split_gain=0.0226249
threshold=98.884083187650518
decision_type=2
left_child=-1
right_child=-2
leaf_value=-0.00039521854076338695 0.0015368926903543923
leaf_weight=100.06670218307409 4.7913272666046387
leaf_count=14029 169
internal_value=-0.000293249
internal_weight=104.858
internal_count=14198
is_linear=0
shrinkage=0.03


Tree=325
num_leaves=7
num_cat=0
split_feature=9 1 4 4 1 4
split_gain=0.0144124 0.152575 0.509808 0.0293839 0.0289549 0.00134371
threshold=96.609195402298866 33.366867873910131 93.152057506328305 28.077289286305682 0.91285417422568205 0.91285417422568205
decision_type=2 2 2 2 2 2
left_child=4 -2 3 -3 -1 -6
right_child=1 2 -4 -5 5 -7
leaf_value=-0.0031987017631176884 0.00014723899479562936 0.00014723899479562936 0.017014914707509359 0.0024170987620888589 -0.0010099622255779952 0.00014723899479562936
leaf_weight=1.3296460067504074 2.9661172562045959 1.2682066234410738 1.1463912320323286 4.2774710847297683 0.38381470972672005 92.635313507111277
leaf_count=103 185 157 16 241 103 13368
internal_value=0.000267028 0.00131361 0.00459018 0.000147239 0.000147239 0.000147239
internal_weight=104.007 9.65819 6.69207 5.54568 94.3488 93.0191
internal_count=14173 599 414 398 13574 13471
is_linear=0
shrinkage=0.03


Tree=326
num_leaves=5
num_cat=0
split_feature=9 4 4 4
split_gain=0.0147922 0.123229 0.00167199 0.00130833
threshold=96.609195402298866 94.159107873044732 0.91285417422568205 88.294639947865775
decision_type=2 2 2 2
left_child=2 3 -1 -2
right_child=1 -3 -4 -5
leaf_value=-0.00089116489531461428 0.00015993533052679527 0.0065635263118629635 0.00015993533052679527 0.0017117192134589278
leaf_weight=0.38518630730686609 5.6265686869737674 2.0684246161254123 93.991261647286592 1.9924939089687539
leaf_count=105 516 37 13469 46
internal_value=0.000281535 0.00134037 0.000159935 0.000159935
internal_weight=104.064 9.68749 94.3764 7.61906
internal_count=14173 599 13574 562
is_linear=0
shrinkage=0.03


Tree=327
num_leaves=5
num_cat=0
split_feature=9 4 4 4
split_gain=0.0129853 0.109551 0.00236822 0.0017316
threshold=96.609195402298866 94.159107873044732 88.294639947865775 0.91285417422568205
decision_type=2 2 2 2
left_child=3 2 -2 -1
right_child=1 -3 -4 -5
leaf_value=-0.0009040809278567717 0.00016601481419141787 0.0062014722604522539 0.0017565642941052967 0.00016601481419141787
leaf_weight=0.38502574362791975 5.62463522487087 2.0666146426810883 2.0014137466205284 93.98141691859928
leaf_count=105 516 37 46 13469
internal_value=0.000280178 0.00127218 0.000166015 0.000166015
internal_weight=104.059 9.69266 7.62605 94.3664
internal_count=14173 599 562 13574
is_linear=0
shrinkage=0.03


Tree=328
num_leaves=4
num_cat=0
split_feature=9 4 4
split_gain=0.0169886 0.120914 0.0018761
threshold=96.609195402298866 88.294639947865775 0.91285417422568205
decision_type=2 2 2
left_child=2 -2 -1
right_child=1 -3 -4
leaf_value=-0.00094040132924945094 0.00017358433218685375 0.0051192236541001057 0.00017358433218685375
leaf_weight=0.38490806857589532 5.6299595076707174 4.1503364914096892 93.946349105332047
leaf_count=105 516 83 13469
internal_value=0.000304485 0.00143381 0.000173584
internal_weight=104.112 9.7803 94.3313
internal_count=14173 599 13574
is_linear=0
shrinkage=0.03


Tree=329
num_leaves=2
num_cat=0
split_feature=9
split_gain=0.0132847
threshold=96.609195402298866
decision_type=2
left_child=-1
right_child=-2
leaf_value=0.00018828775772735247 0.0013045622484931341
leaf_weight=94.321248660038691 9.7602583062252943
leaf_count=13574 599
internal_value=0.000304385
internal_weight=104.082
internal_count=14173
is_linear=0
shrinkage=0.03


Tree=330
num_leaves=2
num_cat=0
split_feature=11
split_gain=0.00462756
threshold=98.990917236884982
decision_type=2
left_child=-1
right_child=-2
leaf_value=-0.0004979069171487994 0.00058142833032191895
leaf_weight=102.13336532507674 2.8993293921230352
leaf_count=14032 133
internal_value=-0.00046291
internal_weight=105.033
internal_count=14165
is_linear=0
shrinkage=0.03


end of trees

feature_importances:
Column_1=496
Column_4=404
Column_9=387
Column_11=299
Column_0=245
Column_10=245
Column_5=244
Column_3=39

parameters:
[boosting: gbdt]
[objective: lambdarank]
[metric: ndcg]
[tree_learner: serial]
[device_type: cpu]
[data_sample_strategy: bagging]
[data: ]
[valid: ]
[num_iterations: 400]
[learning_rate: 0.03]
[num_leaves: 15]
[num_threads: 8]
[seed: 0]
[deterministic: 0]
[force_col_wise: 0]
[force_row_wise: 0]
[histogram_pool_size: -1]
[max_depth: -1]
[min_data_in_leaf: 50]
[min_sum_hessian_in_leaf: 0.001]
[bagging_fraction: 0.8]
[pos_bagging_fraction: 1]
[neg_bagging_fraction: 1]
[bagging_freq: 5]
[bagging_seed: 3]
[bagging_by_query: 0]
[feature_fraction: 0.9]
[feature_fraction_bynode: 1]
[feature_fraction_seed: 2]
[extra_trees: 0]
[extra_seed: 6]
[early_stopping_round: 0]
[early_stopping_min_delta: 0]
[first_metric_only: 0]
[max_delta_step: 0]
[lambda_l1: 0]
[lambda_l2: 1]
[linear_lambda: 0]
[min_gain_to_split: 0]
[drop_rate: 0.1]
[max_drop: 50]
[skip_drop: 0.5]
[xgboost_dart_mode: 0]
[uniform_drop: 0]
[drop_seed: 4]
[top_rate: 0.2]
[other_rate: 0.1]
[min_data_per_group: 100]
[max_cat_threshold: 32]
[cat_l2: 10]
[cat_smooth: 10]
[max_cat_to_onehot: 4]
[top_k: 20]
[monotone_constraints: 1,1,1,1,1,1,1,1,1,1,1,1]
[monotone_constraints_method: advanced]
[monotone_penalty: 0]
[feature_contri: ]
[forcedsplits_filename: ]
[refit_decay_rate: 0.9]
[cegb_tradeoff: 1]
[cegb_penalty_split: 0]
[cegb_penalty_feature_lazy: ]
[cegb_penalty_feature_coupled: ]
[path_smooth: 0]
[interaction_constraints: ]
[verbosity: -1]
[saved_feature_importance_type: 0]
[use_quantized_grad: 0]
[num_grad_quant_bins: 4]
[quant_train_renew_leaf: 0]
[stochastic_rounding: 1]
[linear_tree: 0]
[max_bin: 255]
[max_bin_by_feature: ]
[min_data_in_bin: 3]
[bin_construct_sample_cnt: 200000]
[data_random_seed: 1]
[is_enable_sparse: 1]
[enable_bundle: 1]
[use_missing: 1]
[zero_as_missing: 0]
[feature_pre_filter: 1]
[pre_partition: 0]
[two_round: 0]
[header: 0]
[label_column: ]
[weight_column: ]
[group_column: ]
[ignore_column: ]
[categorical_feature: ]
[forcedbins_filename: ]
[precise_float_parser: 0]
[parser_config_file: ]
[objective_seed: 5]
[num_class: 1]
[is_unbalance: 0]
[scale_pos_weight: 1]
[sigmoid: 1]
[boost_from_average: 1]
[reg_sqrt: 0]
[alpha: 0.9]
[fair_c: 1]
[poisson_max_delta_step: 0.7]
[tweedie_variance_power: 1.5]
[lambdarank_truncation_level: 30]
[lambdarank_norm: 1]
[label_gain: 0,1,3,7,15]
[lambdarank_position_bias_regularization: 0]
[eval_at: 10,25,50]
[multi_error_top_k: 1]
[auc_mu_weights: ]
[num_machines: 1]
[local_listen_port: 12400]
[time_out: 120]
[machine_list_filename: ]
[machines: ]
[gpu_platform_id: -1]
[gpu_device_id: -1]
[gpu_use_dp: 0]
[num_gpu: 1]

end of parameters

pandas_categorical:null
