tree
version=v4
num_class=1
num_tree_per_iteration=1
label_index=0
max_feature_idx=11
objective=lambdarank
feature_names=Column_0 Column_1 Column_2 Column_3 Column_4 Column_5 Column_6 Column_7 Column_8 Column_9 Column_10 Column_11
monotone_constraints=1 1 1 1 1 1 1 1 1 1 1 1
feature_infos=[0.19960079840319359:100] [0.19960079840319359:100] none [0.19960079840319359:100] [0.19960079840319359:100] [0.19960079840319359:100] none none none [1.2987012987012987:100] [1.2987012987012987:100] [0.20080321285140559:99.798792756539228]
tree_sizes=1430 1737 1740 1528 1329 1533 1429 1529 1628 1524 1645 1638 1534 1214 895 1422 1314 1304 1210 1527 1420 1540 1315 1224 1217 1116 1214 1338 1220 1651 1456 1440 1230 1336 1764 1214 1435 1437 1444 1538 1783 1550 1765 1779 1666 1225 1228 1340 1782 1455 1450 1339 1447 1439 1776 1453 1681 1234 1784 1795 1345 1122 1125 1014 1123 1230 1352 1124 1345 1135 1117 1242 1452 1344 905 911 1470 1584 910 1139 1240 912 1026 1247 1024 1563 896 1002 1227 914 1143 700 814 816 1029 1022 1035 701 917 807 1016 908 914 796 1028 1580 1362 1584 1692 1355 1017 481 482 1136 483 688 810 694 1015 688 1240 1792 1576 1351 1343 909 1032 1245 907 1143 809 479 699 480 586 1340 1338 1028 1464 1335 593 809 924 703 924 706 913 1024 1031 814 1015 1237 1135 1462 1462 706 480 815 709 596 1026 920 1251 702 812 695 914 915 1030 478 912 1031 812 704 593 922 701 705 705 700 592 375 594 488 488 1039 1262 1032 918 914 599 485 600 484 375 810 813 814 814 1139 705 592 479 698 374 701 702 703 698 812 587 483 591 482 478 693 696 578 805 703 596 372 482 483 594 697 698 693 698 697 703 604 819 711 821 589 370 586 478 592 709 711 591 595 595 818 932 704 929 930 803 582 912 914 911 1032 917 1035 919 1141 699 927 706 702 808 484 481 372 371 369 706 488 709 814 808 1020 1031 1031 1031 1025 913 916 1026 1129 811 912 914 697 592 476 695 913 810 591 594 912 699 919 921 807 922 480 808 370 370 703 806 596 593 700 376 376 377 376 377 488 375 377 488 372 1142 808 815 1247 704 484 596 709 593 596 919 919 806 698 921 371 371 482 371 372 695 371 483 370 371 818 591 596 487 596 698 695 699 590 697 374 373 374 372 372 800 690 585 693 698 590 816 594 373 590 1118 1013 1017 1124 1227 372 374 373 373 374 480 480 373 480 481 706 704 485 486 486 601 372 368 372 370 366 368 369

Tree=0
num_leaves=12
num_cat=0
split_feature=0 10 11 10 5 1 3 11 0 10 5
split_gain=3.50672 1.03731 0.907964 0.705768 0.656647 0.260998 0.212831 0.198376 0.0454751 0.0253798 0.00558943
threshold=92.361801330068786 52.534497324697277 62.688131800914313 80.455818691112825 84.088604205880458 97.289663098046347 91.999967999872013 90.918255131964827 86.908345232686457 80.621088107847868 88.900089605734777
decision_type=2 2 2 2 2 2 2 2 2 2 2
left_child=2 7 3 4 5 6 8 -2 -1 -4 -3
right_child=1 10 9 -5 -6 -7 -8 -9 -10 -11 -12
leaf_value=-0.0078441768701920187 0.002026940475408833 0.011371357035225736 0.002026940475408833 0.002026940475408833 0.002026940475408833 0.002026940475408833 0.002026940475408833 0.011371357035225736 0.00031595344026453929 0.003833573562621827 0.023306540981545755
leaf_weight=38.863382277078927 2.5521518515888597 0.59166487958282221 21.915915209800016 12.497427330934441 3.7854562754509962 1.1984235645504657 0.58643254253547539 1.0917396623990496 0.54719805042259295 8.0057261942420137 6.1336048133671284
leaf_count=6523 449 78 3343 1628 572 204 57 114 84 785 492
internal_value=0.000132495 0.0158144 -0.00188587 -0.00407125 -0.00579604 -0.00696153 -0.0074062 0.00202694 -0.00772586 0.00202694 0.0220554
internal_weight=97.7691 10.3692 87.4 57.4783 44.9809 41.1954 39.997 3.64389 39.4106 29.9216 6.72527
internal_count=14329 1133 13196 9068 7440 6868 6664 563 6607 4128 570
is_linear=0
shrinkage=0.03


Tree=1
num_leaves=15
num_cat=0
split_feature=3 5 1 5 9 10 5 4 10 9 4 10 4 10
split_gain=16.0951 1.90477 1.56711 1.41743 0.890075 0.79522 0.829811 0.730669 0.614441 0.682556 0.93749 0.56483 0.348102 0.187341
threshold=94.55095307917891 97.587937262126999 6.5257364059759277 86.102704939313313 9.7630718954248383 67.439703153988873 95.963668947539929 96.199984799939202 82.116204690831566 65.635333018422315 98.896147099739935 67.439703153988873 97.587937262126999 89.58131420817989
decision_type=2 2 2 2 2 2 2 2 2 2 2 2 2 2
left_child=1 2 4 -4 -1 6 -2 -8 9 10 -5 -11 13 -6
right_child=5 -3 3 8 12 -7 7 -9 -10 11 -12 -13 -14 -15
leaf_value=-0.02785355908303307 0.0018501822513808204 0.011169609090182581 -0.0056580985009872225 -0.0056580985009872225 -0.014617025157232975 0.020355164458225768 0.011169609090182581 0.020355164458225768 0.0076066200099054477 0.0018501822513808204 0.0018501822513808204 0.0076066200099054477 -0.0056580985009872225 -0.0056580985009872225
leaf_weight=2.5108312864322189 2.1619729672092936 6.0384151083417228 83.800298198009841 12.300655541475868 7.7592942605260706 28.185767505783588 3.6596086232457292 4.7933992992620915 9.9040483809076232 3.4175624053459606 1.4370027487166215 3.2472662897780538 2.1135057783685633 2.5237257784465328
leaf_count=97 235 58 11668 540 524 329 166 98 193 237 16 40 49 79
internal_value=0.000777278 -0.00413616 -0.00493294 -0.00366517 -0.0137965 0.0175536 0.0111696 0.0137759 0.00185018 -0.00116903 -0.0055763 0.00185018 -0.00908271 -0.0123311
internal_weight=173.853 135.053 129.014 114.107 14.9074 38.8007 10.615 8.45301 30.3065 20.4025 13.7377 6.66483 12.3965 10.283
internal_count=14329 13501 13443 12694 749 828 499 264 1026 833 556 277 652 603
is_linear=0
shrinkage=0.03


Tree=2
num_leaves=15
num_cat=0
split_feature=3 0 0 11 10 10 0 10 0 3 11 11 0 4
split_gain=22.3701 2.90289 2.04221 1.2381 1.22609 0.646623 0.699925 0.512963 0.554547 0.376139 0.224594 0.201296 0.467934 0.0979909
threshold=94.55095307917891 91.999967999872013 92.749237359641725 50.653824977328675 91.751700680272123 52.534497324697277 98.590129486597007 49.675324675324681 98.896147099739935 52.858396111003806 55.310706554697454 71.601179658596763 95.963668947539929 94.159107873044732
decision_type=2 2 2 2 2 2 2 2 2 2 2 2 2 2
left_child=1 4 3 -2 10 -4 13 -3 11 -6 -1 -9 -13 -7
right_child=2 7 5 -5 9 6 -8 8 -10 -11 -12 12 -14 -15
leaf_value=-0.014178537004915217 0.00070644299398156117 -0.010270315173920418 0.012615954587635583 0.012615954587635583 -0.0084758838079956496 0.012615954587635583 0.025464822524483587 0.00015859312454607458 0.01195379703734561 0.00015859312454607458 -0.010270315173920418 0.00015859312454607458 0.010106689061573507 0.018693580730975125
leaf_weight=41.605581581708975 6.9622971492353818 2.8357407329604163 11.899434748105703 8.1872976551530865 3.5421550774481139 14.416954658925535 13.299419134855269 8.0369403033983016 3.5199579400941721 4.238890148117207 27.151811056188308 4.3969655213877541 5.0865965005941689 9.6002329885959607
leaf_count=7215 198 290 210 202 581 91 69 189 40 459 4517 121 89 58
internal_value=0.000411772 -0.00841153 0.0140948 0.00412112 -0.0112283 0.0170217 0.0193078 0.000706443 0.000706443 5.94154e-05 -0.0124882 0.000158593 0.00431593 0.0150167
internal_weight=164.78 100.415 64.3656 15.1496 76.5384 49.216 37.3166 23.8762 21.0405 7.78105 68.7574 17.5205 9.48356 24.0172
internal_count=14329 13501 828 400 12772 428 218 729 439 1040 11732 399 210 149
is_linear=0
shrinkage=0.03


Tree=3
num_leaves=13
num_cat=0
split_feature=5 5 10 3 11 3 11 10 10 4 11 11
split_gain=18.2607 1.69444 1.04909 0.828129 1.19452 0.789404 0.590908 0.596576 0.352567 0.19369 0.0656885 0.0374424
threshold=91.999967999872013 98.590129486597007 52.534497324697277 92.749237359641725 81.268863179074458 90.599962399849616 16.482428708798981 67.439703153988873 96.128871128871154 97.981834473769979 71.601179658596763 94.277505594870874
decision_type=2 2 2 2 2 2 2 2 2 2 2 2
left_child=3 5 -3 11 8 10 -7 -8 -5 -4 -2 -1
right_child=1 2 9 4 -6 6 7 -9 -10 -11 -12 -13
leaf_value=-0.010774878038391238 -0.0072960498959683366 0.0068410237970310929 0.014121570640803794 -0.010538686638541024 0.0068410237970310929 -0.0021326061097600799 0.0068410237970310929 0.014121570640803794 -0.0021326061097600799 0.022583842544884554 0.0068410237970310929 -0.0053836767097989822
leaf_weight=70.021072705159895 3.3190046991221589 6.6289586415514377 10.42260090634227 3.4946640989510334 1.821506204549223 3.6475196226965627 13.964778938447123 19.603162124752998 0.98936049209441979 12.970066366251556 5.084952978300862 4.2983900316758072
leaf_count=12191 142 97 59 219 61 86 369 221 21 66 142 655
internal_value=0.000211561 0.0107266 0.0162202 -0.00966407 0.000676058 0.00684102 0.00684102 0.00684102 -0.009134 0.0191901 -0.00213261 -0.0105387
internal_weight=156.266 75.641 30.0216 80.625 6.30553 45.6194 37.2155 33.5679 4.48402 23.3927 8.40396 74.3195
internal_count=14329 1182 222 13147 301 960 676 590 240 125 284 12846
is_linear=0
shrinkage=0.03


Tree=4
num_leaves=11
num_cat=0
split_feature=5 3 5 11 3 11 1 9 9 1
split_gain=16.3492 2.02953 1.17355 0.997841 0.312766 0.213435 0.107583 0.0799674 0.0745504 0.0302837
threshold=88.900089605734777 92.749237359641725 98.590129486597007 75.225556950614916 91.725521342456844 55.310706554697454 11.746809411480074 96.261355695317974 33.549783549783555 80.986012428898206
decision_type=2 2 2 2 2 2 2 2 2 2
left_child=1 5 4 -4 -2 -1 -7 9 -3 -8
right_child=2 8 3 -5 -6 6 7 -9 -10 -11
leaf_value=-0.013045245972114788 -1.671437512354324e-05 0.00034850965813953115 0.0092426141063393936 0.019885548492714927 0.0092426141063393936 -0.013045245972114788 -0.008340667380317017 -1.671437512354324e-05 0.0092426141063393936 -0.003934789266904863
leaf_weight=40.793077041162178 11.945166513673028 1.1320939026772969 12.659435310866685 17.761094748973846 40.163923948537558 3.0553184011951116 17.424681970733229 0.95219959109090169 1.8627592673292381 4.5781595567241302
leaf_count=7638 654 73 101 121 777 593 3276 174 118 804
internal_value=0.000254692 -0.0103531 0.00924261 0.0152704 0.00924261 -0.0114734 -0.00861639 -0.00727788 0.00924261 -0.00763484
internal_weight=152.328 69.7983 82.5296 30.4205 52.1091 66.8034 26.0104 22.955 2.99485 22.0028
internal_count=14329 12676 1653 222 1431 12485 4847 4254 191 4080
is_linear=0
shrinkage=0.03


Tree=5
num_leaves=13
num_cat=0
split_feature=5 10 3 5 3 9 5 4 4 9 11 11
split_gain=13.5598 3.50353 1.97264 0.929674 0.63619 0.39444 0.35175 0.241829 0.127305 0.0573477 0.00624713 0.00604372
threshold=92.749237359641725 67.439703153988873 93.138237210817877 97.587937262126999 94.799979199916805 28.340132585415606 99.195979087375676 99.195979087375676 90.954764732976187 96.720430107526894 50.653824977328675 55.310706554697454
decision_type=2 2 2 2 2 2 2 2 2 2 2 2
left_child=2 6 9 4 5 -3 -2 -5 -6 11 -11 -1
right_child=1 3 -4 7 8 -7 -8 -9 -10 10 -12 -13
leaf_value=-0.011743501593811729 0.00061238834361510258 0.00061238834361510258 0.00061238834361510258 0.014183405957812879 0.0091407214375024987 0.0091407214375024987 0.0077540082077370304 0.023195536612683386 0.014183405957812879 -0.0051780164602468256 -0.0012238265871495309 -0.0090243911732483233
leaf_weight=38.771553931757808 21.632146027870483 2.993805052945393 6.2471963813295579 18.092650130391124 6.4035083390772325 3.8924760919762775 5.2143808975815764 8.7845028564333898 4.474615816026926 1.4098548553884023 1.3737203316995872 26.492676591849886
leaf_count=7525 573 62 300 118 78 89 61 41 43 279 255 4951
internal_value=-2.64576e-05 0.00923531 -0.0089426 0.0142939 0.00824121 0.000856632 0.000612388 0.0178553 0.0124503 -0.0105803 -0.00406581 -0.0107926
internal_weight=145.783 71.4881 74.295 44.6416 17.7644 6.88628 26.8465 26.8772 10.8781 68.0478 2.78358 65.2642
internal_count=14375 1065 13310 431 272 151 634 159 121 13010 534 12476
is_linear=0
shrinkage=0.03


Tree=6
num_leaves=12
num_cat=0
split_feature=5 10 4 3 3 3 11 1 3 1 1
split_gain=12.4169 3.2957 2.25862 1.5843 1.29983 0.336915 0.0525204 0.04611 0.0350821 0.00138518 0.000993892
threshold=91.999967999872013 67.439703153988873 99.799397992772711 94.799979199916805 93.138237210817877 97.587937262126999 55.310706554697454 94.159107873044732 99.195979087375676 97.587937262126999 80.986012428898206
decision_type=2 2 2 2 2 2 2 2 2 2 2
left_child=4 5 3 -3 6 -2 -1 10 -5 -9 -8
right_child=1 2 -4 8 -6 -7 7 9 -10 -11 -12
leaf_value=-0.010865874362934161 0.00051221132504481945 0.00051221132504481945 0.031306052489639684 0.011880755341779433 0.00051221132504481945 0.005264240563220242 -0.0085500512676676653 -0.0014448082492295473 0.017467006186262089 0.00013215325704801347 -0.0043246505588321492
leaf_weight=39.4745324869873 14.149837655131707 9.75912422838155 5.0843113586306563 21.446431249380115 5.2246241869870564 12.439394456567241 21.450249095563787 0.65828494576271512 9.5704740770161134 0.49745460599660873 3.3553151129744938
leaf_count=7825 509 188 19 193 272 194 4248 128 56 98 645
internal_value=0.000302078 0.00896813 0.0137552 0.0108698 -0.00858455 0.000512211 -0.00982565 -0.00789962 0.0140961 -0.00101961 -0.00816824
internal_weight=143.11 72.4496 45.8603 40.776 70.6605 26.5892 65.4358 25.9613 31.0169 1.15574 24.8056
internal_count=14375 1159 456 437 13216 703 12944 5119 249 226 4893
is_linear=0
shrinkage=0.03


Tree=7
num_leaves=13
num_cat=0
split_feature=5 4 10 3 3 9 3 3 9 0 9 1
split_gain=12.2676 3.90953 1.79386 1.41651 1.1898 0.433724 0.248402 0.166332 0.386714 0.0890781 0.0608812 0.0142983
threshold=92.749237359641725 99.799397992772711 67.439703153988873 93.138237210817877 94.799979199916805 24.837662337662341 99.195979087375676 97.981834473769979 66.450216450216459 96.199984799939202 96.720430107526894 84.894244499253602
decision_type=2 2 2 2 2 2 2 2 2 2 2 2
left_child=3 2 7 10 5 -4 9 -2 -9 -6 11 -1
right_child=1 -3 4 -5 6 -7 -8 8 -10 -11 -12 -13
leaf_value=-0.010185466397760841 0.00063966808892625094 0.030261246939705527 0.00063966808892625094 0.00063966808892625094 0.0080948147821303992 0.0080948147821303992 0.018348535944560269 0.00063966808892625094 0.0080948147821303992 0.013006482677566079 -0.0032993564813003045 -0.0067360172232268072
leaf_weight=52.345821773633361 14.37129408970941 6.3581980988383284 3.0119925474282336 5.884694621548987 8.8788614608347469 6.0920912066940218 9.5425826273858529 5.036226228810845 5.9151228165719658 11.19736912101507 2.6666329201543695 9.7681976301828382
leaf_count=10581 462 28 63 300 103 106 56 81 82 84 534 1895
internal_value=0.000612437 0.00940911 0.00690558 -0.00816067 0.0108839 0.00122075 0.0137172 0.000639668 0.00418366 0.0107497 -0.00954664 -0.00975832
internal_weight=141.069 70.4037 64.0455 70.6653 38.7229 9.10408 29.6188 25.3226 10.9513 20.0762 64.7807 62.114
internal_count=14375 1065 1037 13310 412 169 243 625 163 187 13010 12476
is_linear=0
shrinkage=0.03


Tree=8
num_leaves=14
num_cat=0
split_feature=5 4 10 3 3 9 3 3 9 10 11 0 0
split_gain=11.6858 3.97339 1.45679 1.03501 0.847159 0.30054 0.235597 0.195902 0.33068 0.100075 0.0711643 0.0658504 0.020724
threshold=91.999967999872013 99.799397992772711 67.439703153988873 94.799979199916805 93.138237210817877 24.837662337662341 99.195979087375676 97.981834473769979 55.662393162393172 46.322734155310407 55.310706554697454 95.963668947539929 96.978848899850732
decision_type=2 2 2 2 2 2 2 2 2 2 2 2 2
left_child=4 2 7 5 10 -4 11 -2 -9 -6 -1 -5 -7
right_child=1 -3 3 6 9 12 -8 8 -10 -11 -12 -13 -14
leaf_value=-0.010170019377609201 0.0009162596774964848 0.029405307272313538 0.0009162596774964848 0.0069299191793715711 -0.0065598433806428108 0.0037749068553255354 0.017373715870547122 0.0009162596774964848 0.0069299191793715711 0.0009162596774964848 -0.007115581149791288 0.011999041984114141 0.0091667656039423808
leaf_weight=38.463794987881556 14.537398373126054 6.8345173597335807 2.8614449372980726 8.9655633531510883 1.4317136782919977 3.8306798171252012 9.2536067813634855 4.2636909070424718 6.7713983044959605 3.377388529595919 24.819291946943849 10.968074347823856 2.7154697282239795
leaf_count=7825 528 28 69 107 117 83 56 73 93 155 5119 86 36
internal_value=0.000661613 0.00911453 0.00653528 0.0101412 -0.00815685 0.00130514 0.0128516 0.00091626 0.00475286 0.00091626 -0.00910141 0.0100227 0.00692992
internal_weight=139.094 71.0018 64.1673 38.5948 68.0922 9.40759 29.1872 25.5725 11.0351 4.8091 63.2831 19.9336 6.54615
internal_count=14375 1159 1131 437 13216 188 249 694 166 272 12944 193 119
is_linear=0
shrinkage=0.03


Tree=9
num_leaves=13
num_cat=0
split_feature=5 4 10 3 3 0 9 9 10 3 9 1
split_gain=11.3198 3.50751 1.32856 1.04963 0.711953 0.411734 0.49555 0.181428 0.215586 0.147971 0.0573169 0.00925403
threshold=89.547728135883588 99.799397992772711 67.439703153988873 94.799979199916805 94.159107873044732 95.568978386447739 37.581168831168839 22.401433691756274 77.485187623436488 97.981834473769979 96.720430107526894 99.596366894754013
decision_type=2 2 2 2 2 2 2 2 2 2 2 2
left_child=4 2 9 7 10 -5 -7 -4 -9 -2 11 -1
right_child=1 -3 3 5 -6 6 -8 8 -10 -11 -12 -13
leaf_value=-0.0092937456365259057 0.001276368780877454 0.028124074442063593 0.001276368780877454 0.0071230273371918158 0.001276368780877454 0.0079073649578685797 0.019640282496607681 0.001276368780877454 0.0071230273371918158 0.0046219057917670113 -0.0028947290847283762 -0.0028947290847283762
leaf_weight=58.699608317459933 16.096091465326037 6.6726818531751624 2.7514183985767868 11.036540775559844 2.3935460022184989 7.3709562160074737 10.88572586327791 1.9156836939509956 5.6551203122362494 11.04389040940441 2.458409098442643 0.3679151339456429
leaf_count=12138 763 28 100 136 128 57 73 56 138 168 515 75
internal_value=0.000805507 0.00878562 0.00646605 0.00990246 -0.00835585 0.0127213 0.0155599 0.00148603 0.00566949 0.00127637 -0.00904861 -0.00925228
internal_weight=137.348 73.4281 66.7554 39.6154 63.9195 29.2932 18.2567 10.3222 7.5708 27.14 61.5259 59.0675
internal_count=14375 1519 1491 560 12856 266 130 294 194 931 12728 12213
is_linear=0
shrinkage=0.03


Tree=10
num_leaves=14
num_cat=0
split_feature=5 5 11 4 3 4 3 9 11 9 11 3 9
split_gain=10.5228 2.78386 1.23692 1.07023 0.494551 0.780796 0.294219 0.29179 0.31211 0.163103 0.0791481 0.0170208 0.0136652
threshold=89.547728135883588 99.596366894754013 22.144242701719303 99.596366894754013 91.725521342456844 97.587937262126999 92.361801330068786 62.328251458686246 75.782013685239505 91.485507246376827 55.310706554697454 96.978848899850732 87.066905615292725
decision_type=2 2 2 2 2 2 2 2 2 2 2 2 2
left_child=6 2 11 4 5 7 10 -4 -9 -6 -1 -2 -12
right_child=1 -3 3 -5 9 -7 -8 8 -10 -11 12 -13 -14
leaf_value=-0.010656925489028643 -0.0052298620742422981 0.019385269764551297 -0.0052298620742422981 0.019385269764551297 0.0063565498364749522 0.0063565498364749522 -0.0052298620742422981 -0.0052298620742422981 0.0063565498364749522 0.012597272186839785 -0.0078894666274887011 -0.0026008859111550887 -0.0052298620742422981
leaf_weight=36.814321597921662 3.5603468706831318 13.94931150972843 3.1075294878100967 3.9016032835934302 35.289311957429163 2.4542554678628221 2.6761945439502588 0.69926282111555371 1.3792812388855962 3.806532140588387 20.323344003874812 5.1737811614293605 3.0350803702604017
leaf_count=7687 142 87 269 36 606 74 230 89 62 61 4347 82 630
internal_value=8.84157e-05 0.00776138 0.00475451 0.00654457 0.0050183 -0.00177269 -0.00884443 -0.00522986 0.00558974 0.00635655 -0.00952084 -0.00522986 -0.0073663
internal_weight=136.17 73.3212 59.3719 50.6378 46.7362 7.64033 62.8489 5.18607 2.07854 39.0958 60.1727 8.73413 23.3584
internal_count=14402 1508 1421 1197 1161 494 12894 420 151 667 12664 224 4977
is_linear=0
shrinkage=0.03


Tree=11
num_leaves=14
num_cat=0
split_feature=5 5 10 11 5 9 9 11 10 11 4 10 10
split_gain=11.03 2.70116 1.28701 1.0326 0.587594 0.336187 0.298497 0.39765 0.172247 0.160958 0.131456 0.0846728 0.0359917
threshold=89.547728135883588 99.596366894754013 67.439703153988873 30.040121370162904 96.582911121346555 81.649831649831668 50.324675324675333 36.910654497456711 40.996398559423774 55.310706554697454 84.088604205880458 15.907653383934219 91.751700680272123
decision_type=2 2 2 2 2 2 2 2 2 2 2 2 2
left_child=9 2 3 -2 11 8 -4 -8 -6 12 -9 -5 -1
right_child=1 -3 6 4 5 -7 7 10 -10 -11 -12 -13 -14
leaf_value=-0.010878290338464656 -0.0090585873281157185 0.019239747256717267 0.0055634874050364365 -0.006616907708181196 -0.0022624256286897268 0.0086654667790943586 0.0086654667790943586 0.0086654667790943586 0.0055634874050364365 -0.006616907708181196 0.017894001825945357 -0.0022624256286897268 -0.006616907708181196
leaf_weight=34.175482676480897 6.1134065168444094 14.491888239979742 18.359142211382277 1.4323853279929624 3.9633764212485385 3.0131885446608067 3.9340091508347532 3.6321530777495328 2.9261963739991188 24.556889255647548 8.2036192495143023 6.8865667561767623 2.9909058526391155
leaf_count=7221 224 87 314 97 80 42 60 61 47 5075 101 395 598
internal_value=0.000196899 0.00804397 0.00499191 -0.000298759 0.00334131 0.00795115 0.00866547 0.0117297 0.00169602 -0.00905859 0.0154477 -0.00241056 -0.0104562
internal_weight=134.679 72.9559 58.464 24.3351 18.2217 9.90276 34.1289 15.7698 6.88957 61.7233 11.8358 8.31895 37.1664
internal_count=14402 1508 1421 885 661 169 536 222 127 12894 162 492 7819
is_linear=0
shrinkage=0.03


Tree=12
num_leaves=13
num_cat=0
split_feature=5 5 10 4 1 10 9 3 9 10 9 4
split_gain=10.6314 2.58339 0.770882 0.604292 0.676169 0.430645 0.284667 0.162008 0.110745 0.0756908 0.0696541 0.00833689
threshold=89.547728135883588 99.596366894754013 75.162337662337677 99.596366894754013 14.156535414020444 49.675324675324681 55.662393162393172 97.587937262126999 50.324675324675333 96.327493261455544 52.541827541827551 84.088604205880458
decision_type=2 2 2 2 2 2 2 2 2 2 2 2
left_child=9 2 3 4 5 -2 -7 -6 -4 -1 -9 -10
right_child=1 -3 8 -5 7 6 -8 10 11 -11 -12 -13
leaf_value=-0.009070496481342909 -0.0088296349665674921 0.018842974867165879 0.0083040872259341047 0.0083040872259341047 0.0024981595727449958 -0.0070674218674913391 0.0024981595727449958 0.0024981595727449958 0.0083040872259341047 -0.0026454633179331388 0.0083040872259341047 0.013374091279450046
leaf_weight=58.113166171475314 3.1284578768536511 14.818430200219153 16.609681771369662 2.4690943160094312 11.327824559761213 1.9183687061304229 1.5081822297070173 3.2425285964272907 4.4544125606771532 2.7301231311867005 4.6485358397476375 8.5347244278527779
leaf_count=12353 177 87 269 28 516 71 44 63 70 541 73 110
internal_value=0.000343868 0.00804104 0.00500051 0.00137276 -0.000377078 -0.00802194 0.00147977 0.00249816 0.00830409 -0.00882963 0.00663352 0.011776
internal_weight=133.504 72.6602 57.8418 28.243 25.7739 6.55501 3.42655 19.2189 29.5988 60.8433 7.89106 12.9891
internal_count=14402 1508 1421 972 944 292 115 652 449 12894 136 180
is_linear=0
shrinkage=0.03


Tree=13
num_leaves=10
num_cat=0
split_feature=3 0 4 4 10 3 3 11 11
split_gain=7.80709 2.62854 0.845062 1.14394 1.12232 0.787658 0.412621 0.26167 0.0662589
threshold=94.799979199916805 96.582911121346555 99.596366894754013 99.799397992772711 66.450216450216459 91.725521342456844 99.596366894754013 30.482986174368946 55.310706554697454
decision_type=2 2 2 2 2 2 2 2 2
left_child=1 5 4 -3 6 8 -2 -7 -1
right_child=2 3 -4 -5 -6 7 -8 -9 -10
leaf_value=-0.0097803553639662297 0.0009521818026182212 0.0009521818026182212 0.018469876006283619 0.018469876006283619 0.011284108302970653 -0.0087182414794141627 0.010914532955456586 0.0009521818026182212 -0.0068493168063990572
leaf_weight=37.337061520549469 16.377929945127114 7.2788537314627302 7.3237826377153388 2.7582414522767067 25.816853982396424 1.3679843997815613 2.8608523164875796 5.5410783907864243 25.451877663726918
leaf_count=7847 390 211 42 12 272 114 38 292 5184
internal_value=0.000288967 -0.00559873 0.00918855 0.00817462 0.00817462 -0.00766977 0.00168665 0.000952182 -0.00871824
internal_weight=132.115 79.7351 52.3794 10.0371 45.0556 69.698 19.2388 6.90906 62.7889
internal_count=14402 13660 742 223 700 13437 428 406 13031
is_linear=0
shrinkage=0.03


Tree=14
num_leaves=7
num_cat=0
split_feature=5 5 3 4 10 11
split_gain=8.9765 2.22529 1.16993 0.482185 0.282882 0.0335495
threshold=92.749237359641725 99.596366894754013 93.138237210817877 99.596366894754013 46.322734155310407 55.310706554697454
decision_type=2 2 2 2 2 2
left_child=2 3 5 -2 -4 -1
right_child=1 -3 4 -5 -6 -7
leaf_value=-0.0095587213543351455 0.0050209262448060827 0.018149281871011783 -0.0065533936561466381 0.014230938721498679 0.0050209262448060827 -0.0069105167878463327
leaf_weight=36.017851554439403 47.301217722706497 14.533057685941456 1.1028046573046584 4.4132656557485452 3.928279684856534 23.606050490518101
leaf_count=7863 923 87 117 40 171 5201
internal_value=0.00042737 0.00812802 -0.00746658 0.00502093 0.00502093 -0.00864154
internal_weight=130.903 66.2475 64.655 51.7145 5.03108 59.6239
internal_count=14402 1050 13352 963 288 13064
is_linear=0
shrinkage=0.03


Tree=15
num_leaves=12
num_cat=0
split_feature=5 4 3 1 9 5 4 0 1 4 5
split_gain=7.35286 1.32741 1.10769 0.846478 0.64451 0.790899 0.283125 0.208573 0.141286 0.0840594 0.0576699
threshold=94.799979199916805 99.799397992772711 91.339366846238732 8.1322204076695126 7.3268921095008057 97.587937262126999 98.896147099739935 96.199984799939202 10.541946410209885 13.754914413597051 99.195979087375676
decision_type=2 2 2 2 2 2 2 2 2 2 2
left_child=2 3 6 -2 -5 7 8 -6 -1 -4 -7
right_child=1 -3 9 4 5 10 -8 -9 -10 -11 -12
leaf_value=-0.013055185907799444 0.0017203825522084657 0.019167112331728135 -0.0047078649530622038 0.0017203825522084657 0.0017203825522084657 0.010874988819820275 0.0017203825522084657 0.0089282149316111444 -0.0074936405696310777 0.0017203825522084657 0.018467267021701955
leaf_weight=6.0970545421587294 12.915427297819404 7.4052966162562361 0.90243684570304417 4.6818883203668511 9.3933462130371463 10.907502843998374 0.51986932591535051 4.8131888331845412 53.823688083328307 11.42695138894487 5.7284352630376807
leaf_count=1196 197 33 70 75 183 133 54 85 11664 561 45
internal_value=-0.000112122 0.00799735 -0.00635953 0.00593661 0.00842872 0.0100827 -0.00800894 0.00442623 -0.00826455 0.00172038 0.0143882
internal_weight=128.615 55.8451 72.77 48.4398 35.5244 30.8425 60.4406 14.2065 59.9207 12.3294 16.6359
internal_count=14296 751 13545 718 521 446 12914 268 12860 631 178
is_linear=0
shrinkage=0.03


Tree=16
num_leaves=11
num_cat=0
split_feature=5 4 3 1 0 3 11 5 0 9
split_gain=6.41184 1.10045 0.808687 0.650522 0.556771 0.435565 0.271761 0.107161 0.0556328 0.0449572
threshold=94.159107873044732 99.799397992772711 92.361801330068786 8.1322204076695126 87.311165379373023 94.55095307917891 23.440618610959298 99.596366894754013 77.833446011203407 50.324675324675333
decision_type=2 2 2 2 2 2 2 2 2 2
left_child=2 3 -1 -2 -5 -6 8 9 -4 -7
right_child=1 -3 6 4 5 7 -8 -9 -10 -11
leaf_value=-0.0074707080278306219 0.0019443428193748993 0.017303491348319003 -0.0074707080278306219 0.0019443428193748993 0.0019443428193748993 0.0063333584898036437 0.0019443428193748993 0.015103500432084593 0.00043426027206838503 0.010488901531415027
leaf_weight=59.377775162342004 12.980605709366499 7.536542333662509 0.67998538713436374 3.8525113309733561 5.1789667088305569 12.276523720007399 7.6840542773716152 5.05592918395996 0.71846919343806803 12.063825232908128
leaf_count=12992 222 33 82 74 150 172 336 34 41 160
internal_value=-8.06841e-06 0.00718034 -0.00621162 0.00539442 0.00749113 0.00889348 0.00194434 0.0102834 -0.00747071 0.00872562
internal_weight=127.405 58.9449 68.4603 51.4084 38.4278 34.5752 9.08251 29.3963 1.39845 24.3403
internal_count=14296 845 13451 812 590 516 459 366 123 332
is_linear=0
shrinkage=0.03


Tree=17
num_leaves=11
num_cat=0
split_feature=5 10 5 3 4 3 10 1 5 10
split_gain=5.96697 1.47761 1.43317 0.88335 0.435608 0.430859 0.30938 0.240929 0.0935066 0.0247766
threshold=94.159107873044732 67.439703153988873 97.587937262126999 92.361801330068786 99.195979087375676 94.799979199916805 27.859477124183012 37.51247504990021 99.596366894754013 88.1474978050922
decision_type=2 2 2 2 2 2 2 2 2 2
left_child=3 8 5 9 7 -3 -5 -4 -2 -1
right_child=1 2 4 6 -6 -7 -8 -9 -10 -11
leaf_value=-0.0076645366755374719 0.0012750023664027138 0.0012750023664027138 0.008059915358320912 -0.0073517262897958508 0.021090001569552656 0.008059915358320912 0.0012750023664027138 0.015258089307851679 0.005134324289761895 -0.0043649587360805485
leaf_weight=51.695217126980424 19.947866584756436 4.3804852028842998 7.3024837076663989 1.1166868736036102 8.2636637389659864 7.8108766302466393 7.8485853475285694 6.3480970114469528 4.7593277283012858 6.9803121794247991
leaf_count=11532 456 91 65 119 45 99 340 50 39 1460
internal_value=2.43509e-05 0.00695075 0.010909 -0.00601158 0.0153409 0.00238355 0.001275 0.0106585 0.001275 -0.00735173
internal_weight=126.454 58.8128 34.1056 67.6408 21.9142 12.1914 8.96527 13.6506 24.7072 58.6755
internal_count=14296 845 350 13451 160 190 459 115 495 12992
is_linear=0
shrinkage=0.03


Tree=18
num_leaves=10
num_cat=0
split_feature=5 3 11 4 9 0 11 1 0
split_gain=5.44986 2.26326 0.850338 0.707381 0.635738 0.593264 0.054981 0.0890071 0.0473505
threshold=97.587937262126999 90.954764732976187 22.144242701719303 99.596366894754013 50.324675324675333 93.399973599894409 98.092905098893141 9.738704409363093 86.505525085999878
decision_type=2 2 2 2 2 2 2 2 2
left_child=1 6 5 4 -2 -3 7 -1 -4
right_child=3 2 8 -5 -6 -7 -8 -9 -10
leaf_value=-0.011653420121919318 0.0050413393389999485 -0.007195235691666 0.0021555945309253304 0.016430816673869114 0.012002515532488637 0.0050413393389999485 -0.00099468708939474612 -0.007195235691666 0.0050413393389999485
leaf_weight=5.7023481774376696 12.884178892243655 3.2421510159038034 7.1693586203037034 9.9251133925281447 12.911133352667092 1.3924304381944237 1.5989216832676891 52.932664690539241 17.852057519718073
leaf_count=1064 161 197 392 60 136 25 261 11616 384
internal_value=4.69596e-05 -0.00389405 0.00282694 0.00980042 0.00673129 -0.00719524 -0.00719524 -0.0073448 0.00504134
internal_weight=125.61 89.8899 29.656 35.7204 25.7953 4.63458 60.2339 58.635 25.0214
internal_count=14296 13939 998 357 297 222 12941 12680 776
is_linear=0
shrinkage=0.03


Tree=19
num_leaves=13
num_cat=0
split_feature=5 10 4 1 3 5 0 3 3 10 1 10
split_gain=5.26161 1.53236 1.26069 1.19974 0.527147 0.335518 0.207703 0.0805417 0.0899172 0.0586763 0.0224174 0.0880375
threshold=92.749237359641725 67.439703153988873 99.799397992772711 8.5338414080929077 93.138237210817877 97.587937262126999 95.568978386447739 96.582911121346555 97.289663098046347 44.91274770777877 48.79275165176837 77.485187623436488
decision_type=2 2 2 2 2 2 2 2 2 2 2 2
left_child=4 -2 3 8 10 6 7 -5 -3 -6 -1 -12
right_child=1 2 -4 5 9 -7 -8 -9 -10 -11 11 -13
leaf_value=-0.008250074382917456 0.000531825876691723 0.000531825876691723 0.022685984121145475 0.000531825876691723 -0.0066203432179789334 0.014522917918908 0.011391987178998248 0.0056795633358133245 0.0056795633358133245 0.000531825876691723 -0.0066203432179789334 -0.0020556593382249047
leaf_weight=26.304058960522525 26.558340480434708 4.8142299286555517 5.1462433636188498 4.2184776726644504 0.83198242960497637 11.269204679876564 3.9183402135968208 3.7783005982637405 3.480190634727478 4.0657527537550777 24.124662271933634 6.1920929191401219
leaf_count=6132 619 88 21 88 127 90 54 51 32 175 5439 1380
internal_value=3.63692e-05 0.00606977 0.0099647 0.00725053 -0.00615827 0.0107925 0.00641306 0.00297837 0.000531826 0.000531826 -0.00700478 -0.00662034
internal_weight=124.702 63.1833 36.625 31.4787 61.5185 23.1843 11.9151 7.99678 8.29442 4.89774 56.6208 30.3168
internal_count=14296 1043 424 403 13253 283 193 139 120 302 12951 6819
is_linear=0
shrinkage=0.03


Tree=20
num_leaves=12
num_cat=0
split_feature=5 5 11 1 5 1 10 0 5 10 10
split_gain=4.85374 1.16083 1.13942 0.424831 0.405992 0.164257 0.120403 0.3748 0.155312 0.07356 0.0142572
threshold=90.599962399849616 99.596366894754013 19.497507131140257 11.746809411480074 98.194581934954257 6.5257364059759277 74.813432835820905 96.582911121346555 96.582911121346555 23.705004389815631 79.277813923227072
decision_type=2 2 2 2 2 2 2 2 2 2 2
left_child=9 2 -2 4 5 10 8 -8 -5 -1 -4
right_child=1 -3 3 6 -6 -7 7 -9 -10 -11 -12
leaf_value=-0.008512786542170617 -0.0057049037351006799 0.01381918014129091 -0.0057049037351006799 0.0021233621904694052 0.0066282871402620156 0.0021233621904694052 0.0066282871402620156 0.01381918014129091 0.0066282871402620156 -0.0057049037351006799 -0.0016253089485397088
leaf_weight=11.525034124846568 5.9002939447527742 13.141770951449869 2.6137449388625082 8.8281257160706463 4.8580103535205126 2.4522214058088139 8.554407288902441 7.8017165418714276 9.2460182425566 46.178568297065794 2.0390742102172226
leaf_count=2623 177 84 125 377 60 90 160 73 142 10239 43
internal_value=0.000585385 0.0061348 0.00398059 0.00560049 0.000654728 -0.00374351 0.00725195 0.00972164 0.00662829 -0.0057049 -0.0057049
internal_weight=123.139 65.4354 52.2936 46.3933 11.9631 7.10504 34.4303 16.3561 18.0741 57.7036 4.65282
internal_count=14193 1331 1247 1070 318 258 752 233 519 12862 168
is_linear=0
shrinkage=0.03


Tree=21
num_leaves=13
num_cat=0
split_feature=5 5 11 9 1 10 10 11 10 1 10 5
split_gain=4.14945 1.23146 1.1187 0.353886 0.488767 0.420791 0.296415 0.0984139 0.474987 0.0857948 0.0733422 0.00761269
threshold=90.599962399849616 99.596366894754013 19.497507131140257 96.091163738222576 11.746809411480074 94.073748902546114 15.907653383934219 75.478276743336991 69.476486246672593 43.561342142764609 23.705004389815631 98.194581934954257
decision_type=2 2 2 2 2 2 2 2 2 2 2 2
left_child=10 2 -2 4 5 11 -6 8 -8 -10 -1 -4
right_child=1 -3 3 -5 6 -7 7 -9 9 -11 -12 -13
leaf_value=-0.0080124951948021966 -0.0052773503299971738 0.013599541851596739 -0.0052773503299971738 0.013599541851596739 -0.0026799225418804203 0.0059180165040472249 -0.0015741989689605626 0.0088905305987244266 0.0059180165040472249 0.0088905305987244266 -0.0052773503299971738 -0.0026799225418804203
leaf_weight=11.54621038190089 5.5014838137431061 13.155017357319592 4.9475624809274432 3.2284982511773697 2.7767964968224979 2.2244497078936538 6.9121504647191632 15.545531822950577 3.8120185111183673 3.934071512427181 45.508274627383798 3.2334103472530842
leaf_count=2623 177 84 219 57 90 34 224 276 73 54 10239 43
internal_value=0.000583325 0.00570857 0.00349821 0.00509756 0.00417172 -0.00139683 0.00591802 0.00676902 0.00591802 0.00875544 -0.00527735 -0.00464302
internal_weight=122.325 65.271 52.116 46.6145 43.386 10.4054 32.9806 30.2038 14.6582 7.74609 57.0545 8.18097
internal_count=14193 1331 1247 1070 1013 296 717 627 351 127 12862 262
is_linear=0
shrinkage=0.03


Tree=22
num_leaves=11
num_cat=0
split_feature=5 4 1 1 10 10 3 10 11 1
split_gain=3.7337 2.14301 0.75421 0.519075 0.907662 0.154074 0.148141 0.459949 0.354257 0.0733682
threshold=90.599962399849616 99.799397992772711 95.963668947539929 8.1322204076695126 94.073748902546114 13.447187141216995 99.596366894754013 75.162337662337677 36.910654497456711 34.302765436868206
decision_type=2 2 2 2 2 2 2 2 2 2
left_child=9 2 3 4 -2 -5 7 -7 -9 -1
right_child=1 -3 -4 5 -6 6 -8 8 -10 -11
leaf_value=-0.00672236605078464 -0.0049576167595213917 0.020583793387968282 0.016512462606416003 -0.0017263086027130387 0.0041357116561488109 0.0002331530784740328 0.0094436555411100392 0.0041357116561488109 0.0094436555411100392 -0.0040393781467013695
leaf_weight=17.175441770814359 10.114059497253036 6.5519058299250892 2.7854602213483295 3.227372490335255 2.8994293927680692 17.379268360207789 4.7121309340000144 4.1545088746352148 13.33146571216639 39.330164976650849
leaf_count=4034 275 33 39 109 36 532 41 71 195 8828
internal_value=0.000639053 0.00549429 0.00349023 0.00256121 -0.00254328 0.00413571 0.0046445 0.00413571 0.00704496 -0.00495762
internal_weight=121.661 65.1556 58.6037 55.8182 13.0135 42.8047 39.5774 34.8652 17.486 56.5056
internal_count=14193 1331 1298 1259 311 948 839 798 266 12862
is_linear=0
shrinkage=0.03


Tree=23
num_leaves=10
num_cat=0
split_feature=5 4 3 11 1 1 5 11 3
split_gain=3.5383 1.50709 1.26243 0.934922 0.589955 0.0599875 0.0454223 0.0356826 0.00196813
threshold=97.587937262126999 99.799397992772711 90.599962399849616 22.144242701719303 6.5257364059759277 22.603453893776479 90.312805474095811 89.346722907727511 93.138237210817877
decision_type=2 2 2 2 2 2 2 2 2
left_child=2 -2 5 -4 -5 -1 7 8 -6
right_child=1 -3 3 4 6 -7 -8 -9 -10
leaf_value=-0.0075703056331660346 0.0052240383197941324 0.020878383321808934 -0.0051839580321244695 -0.0051839580321244695 -0.0031424641718616167 -0.0051839580321244695 0.0052240383197941324 0.0034554347949947587 -0.00060467215657686237
leaf_weight=13.199661487946285 27.89715888700448 6.3031457290053359 3.9742661648197126 1.7274401744361991 0.52080726507120489 44.374369582859799 21.226135882781819 0.53133534279186267 1.08165980305057
leaf_count=2722 324 30 227 50 130 10090 464 36 120
internal_value=0.000590853 0.00862032 -0.00264105 0.00240156 0.00479554 -0.00518396 0.00522404 -0.000238169 -0.00232003
internal_weight=120.836 34.2003 86.6357 29.0616 25.0874 57.574 23.3599 2.1338 1.60247
internal_count=14193 354 13839 1027 800 12812 750 286 250
is_linear=0
shrinkage=0.03


Tree=24
num_leaves=10
num_cat=0
split_feature=5 4 1 1 10 9 10 10 1
split_gain=3.03251 1.69745 0.713407 0.45385 0.903923 0.225811 0.14398 0.0828807 0.0866214
threshold=90.599962399849616 99.799397992772711 95.963668947539929 8.1322204076695126 91.11062335381915 96.091163738222576 42.752100840336141 23.705004389815631 34.302765436868206
decision_type=2 2 2 2 2 2 2 2 2
left_child=7 2 3 4 -2 6 -5 -1 -9
right_child=1 -3 -4 5 -6 -7 -8 8 -10
leaf_value=-0.0071854377586050002 -0.0044260492734897556 0.018571034463535058 0.015720193240781395 -0.00035441475383475498 0.003774513658411912 0.010629634052739067 0.0038772244922311663 -0.0055470401755132112 -0.0025545410318792827
leaf_weight=11.369287083973175 8.9950852417387051 6.4508702349849036 2.8862397130578747 9.2725632231449691 3.3613828718662253 3.6278792705852529 29.580817570560612 13.808254287694579 30.837255055666901
leaf_count=2623 264 33 39 320 47 54 574 3274 6965
internal_value=0.000632515 0.00504803 0.00324627 0.00231997 -0.00258893 0.00377451 0.00377451 -0.00442605 -0.00442605
internal_weight=120.19 64.1748 57.724 54.8377 12.3565 42.4813 38.8534 56.0148 44.6455
internal_count=14193 1331 1298 1259 311 948 894 12862 10239
is_linear=0
shrinkage=0.03


Tree=25
num_leaves=9
num_cat=0
split_feature=5 11 3 11 9 1 11 1
split_gain=1.68367 0.891315 0.865071 0.590568 0.170949 0.0914981 0.109334 0.0557176
threshold=97.587937262126999 96.165485500162944 90.599962399849616 21.765340287167604 85.610766045548658 8.1322204076695126 55.310706554697454 8.1322204076695126
decision_type=2 2 2 2 2 2 2 2
left_child=2 4 5 -4 -2 -1 -7 -5
right_child=1 -3 3 7 -6 6 -8 -9
leaf_value=-0.0089033466653276883 0.0026448656068164579 0.014570638148034889 -0.0046487599499847789 -0.0023550755501237489 0.0075912587968123384 -0.0052186820393830199 -0.0022839490715330754 0.0026448656068164579
leaf_weight=4.7431265299674115 21.996369726723071 6.3194480640813699 3.9776092868996811 1.9931177091784906 5.574199352413415 32.319339028326795 21.294204384670593 23.848450779798441
leaf_count=956 247 53 236 61 59 7355 4721 767
internal_value=-0.000367907 0.00522254 -0.00255104 0.00157187 0.00264487 -0.00464876 -0.00464876 0.00264487
internal_weight=122.066 33.89 88.1758 29.8192 27.5706 58.3567 53.6135 25.8416
internal_count=14455 359 14096 1064 306 13032 12076 828
is_linear=0
shrinkage=0.03


Tree=26
num_leaves=10
num_cat=0
split_feature=5 3 3 10 11 9 11 0 11
split_gain=1.57073 0.788288 0.72029 0.690123 0.35976 0.166888 0.0921653 0.150124 0.00975147
threshold=97.587937262126999 90.599962399849616 99.799397992772711 94.392033542976961 21.765340287167604 50.324675324675333 55.310706554697454 93.399973599894409 62.688131800914313
decision_type=2 2 2 2 2 2 2 2 2
left_child=1 6 3 5 7 -2 -1 -3 -7
right_child=2 4 -4 -5 -6 8 -8 -9 -10
leaf_value=-0.0054873476578788842 0.0014893674620557575 -0.0054873476578788842 0.014804642838092541 0.011828385847137621 0.0014893674620557575 0.0029162715315825386 -0.0028338492047672555 0.0014893674620557575 0.005940865367798101
leaf_weight=34.073877832852304 11.112087096320471 2.4361753439298002 4.7769678756594649 5.4992573484778395 25.985253378748894 5.0248231939040107 23.891352027654648 1.326928350375965 7.6311205662786961
leaf_count=7788 135 203 37 47 828 63 5244 33 77
internal_value=-0.000326734 -0.00244839 0.0050535 0.00302538 0.00148937 0.00148937 -0.00446027 -0.00446027 0.00504149
internal_weight=121.758 87.7136 34.0443 29.2673 29.7484 23.768 57.9652 3.7631 12.6559
internal_count=14455 14096 359 322 1064 275 13032 236 140
is_linear=0
shrinkage=0.03


Tree=27
num_leaves=11
num_cat=0
split_feature=3 10 4 0 11 4 3 1 11 4
split_gain=0.90266 0.66012 0.777548 0.239345 0.200935 0.315171 0.248089 0.171933 0.0470254 0.0449205
threshold=99.799397992772711 94.073748902546114 94.159107873044732 99.596366894754013 18.007935062043284 99.799397992772711 66.968747971701177 12.951672412750257 89.056432589366736 99.195979087375676
decision_type=2 2 2 2 2 2 2 2 2 2
left_child=1 4 3 8 7 6 9 -1 -3 -6
right_child=-2 2 -4 -5 5 -7 -8 -9 -10 -11
leaf_value=-0.011862444275880523 0.011117231208618282 -0.0017027439553306337 0.011117231208618282 0.0093743497283800443 -0.0043381062204857568 0.0060407091987067681 -0.0017027439553306337 -0.0043381062204857568 0.0037049897161501636 -0.0017027439553306337
leaf_weight=2.2535981389228228 4.9258852577768257 5.9246688521234301 5.2421522556105629 0.81149645149707783 31.678147780592564 4.3321905448101452 52.731305715511553 11.999011017149313 1.1953078375663606 0.26934832148253818
leaf_count=249 40 713 84 5 7363 27 3681 2172 104 17
internal_value=-0.000309916 -0.000883892 0.00520209 -0.00103654 -0.00170274 -0.00170274 -0.00170274 -0.00517356 -0.00170274 -0.00433811
internal_weight=121.363 116.437 13.1736 7.93147 103.264 89.011 84.6788 14.2526 7.11998 31.9475
internal_count=14455 14415 906 822 13509 11088 11061 2421 817 7380
is_linear=0
shrinkage=0.03


Tree=28
num_leaves=10
num_cat=0
split_feature=5 3 4 11 11 3 1 1 11
split_gain=1.3143 0.596669 0.449335 0.391773 0.0975459 0.0869793 0.0811118 0.0623376 0.02247
threshold=97.587937262126999 90.599962399849616 99.799397992772711 21.765340287167604 55.310706554697454 99.195979087375676 8.1322204076695126 33.901551735239202 37.449596774193559
decision_type=2 2 2 2 2 2 2 2 2
left_child=1 4 5 -3 7 -2 -5 -1 -8
right_child=2 3 -4 6 -6 -7 8 -9 -10
leaf_value=-0.0071055968199302743 0.0026543033909566193 -0.0039664929337396597 0.011580304447083184 -0.0023392373267073561 -0.0023392373267073561 0.0053360904506513616 -7.7874458593821602e-05 -0.0039664929337396597 0.0026543033909566193
leaf_weight=10.138875040924175 16.887669753632512 3.4096141079207944 5.9297079965472212 1.973401057417514 23.773460506810807 11.0252190195024 3.5200334305409404 23.694152781157754 20.730922380578704
leaf_count=2333 221 236 31 61 5244 107 131 5455 636
internal_value=-0.00026386 -0.00220978 0.00467184 0.00122316 -0.00396649 0.00285447 0.0026543 -0.00500994 0.0026543
internal_weight=121.083 87.2405 33.8426 29.634 57.6065 27.9129 26.2244 33.833 24.251
internal_count=14455 14096 359 1064 13032 328 828 7788 767
is_linear=0
shrinkage=0.03


Tree=29
num_leaves=14
num_cat=0
split_feature=5 3 3 10 9 10 10 3 1 0 1 10 10
split_gain=1.08671 0.49338 0.451747 0.5865 0.158213 0.175995 0.153775 0.145724 0.103266 0.080836 0.0228311 0.0264657 0.0144345
threshold=97.587937262126999 89.92949633283574 99.799397992772711 94.392033542976961 50.324675324675333 58.271144278606975 72.902097902097907 97.981834473769979 62.914538754929218 75.024950099800421 22.603453893776479 93.953700883338428 75.162337662337677
decision_type=2 2 2 2 2 2 2 2 2 2 2 2 2
left_child=1 10 3 4 -2 -6 7 8 -3 -10 12 -12 -1
right_child=2 6 -4 -5 5 -7 -8 -9 9 -11 11 -13 -14
leaf_value=-0.0061576502693996768 0.0010143868900846236 -0.0036871356390373211 0.011837028205140019 0.010573603770471928 0.0010143868900846236 0.0070643735453389291 0.0010143868900846236 0.0010143868900846236 -0.0036871356390373211 0.0010143868900846236 -0.0036871356390373211 5.6324135176817946e-05 -0.0036871356390373211
leaf_weight=8.9499554632930032 10.790838715853175 9.8989936473080942 4.9036222808063021 5.5716503150761119 4.8548899665474874 7.6227111890912056 13.51424209284596 2.5732853518566108 1.0184417843120162 3.2964579723775387 41.133173932903446 2.6930836675455785 3.7980056790402168
leaf_count=2123 135 441 37 47 73 67 353 68 167 138 9533 612 661
internal_value=-0.000280787 -0.00205441 0.00421322 0.00256372 0.00101439 0.0044186 0.00101439 -0.00178537 -0.00321085 0.000861916 -0.00368714 -0.00368714 -0.00526305
internal_weight=120.619 86.8756 33.7437 28.8401 23.2684 12.4776 30.3014 16.7872 14.2139 4.3149 56.5742 43.8263 12.748
internal_count=14455 14096 359 322 275 140 1167 814 746 305 12929 10145 2784
is_linear=0
shrinkage=0.03


Tree=30
num_leaves=12
num_cat=0
split_feature=5 3 11 4 3 9 11 11 5 11 10
split_gain=2.85972 0.755902 0.638171 0.910886 0.785587 0.291004 0.0240599 0.0664114 0.0181795 0.0338334 0.00196737
threshold=99.195979087375676 91.339366846238732 16.482428708798981 94.159107873044732 95.17587452425397 50.324675324675333 80.240728220977402 98.092905098893141 98.194581934954257 55.310706554697454 70.777988614800776
decision_type=2 2 2 2 2 2 2 2 2 2 2
left_child=1 7 -3 5 -5 6 -4 8 9 -1 -8
right_child=-2 2 3 4 -6 -7 10 -9 -10 -11 -12
leaf_value=-0.005295027807982907 0.011599659613618125 -0.0037964437334124471 -0.0037964437334124471 -0.00039328259895497129 0.011599659613618125 -0.00039328259895497129 -0.00091693932919808022 -0.00091693932919808022 -0.0037964437334124471 -0.0037964437334124471 -0.00039328259895497129
leaf_weight=33.908351850695908 16.197236493229866 3.6808091666316605 8.3843681479338574 3.7630139315733677 9.1101397096645069 13.695854677003807 3.0295481511857352 1.8240616291295726 1.1949285869486619 22.119643600191921 1.9699909354094414
leaf_count=7840 126 178 282 77 116 335 84 257 12 4968 45
internal_value=0.000271763 -0.00160979 0.00136805 0.00279491 0.00904647 -0.000393283 -0.00379644 -0.00379644 -0.00401409 -0.00456326 -0.000916939
internal_weight=118.878 102.681 43.6337 39.9529 12.8732 27.0798 13.3839 59.047 57.2229 56.028 4.99954
internal_count=14320 14194 1117 939 193 746 411 13077 12820 12808 129
is_linear=0
shrinkage=0.03


Tree=31
num_leaves=12
num_cat=0
split_feature=5 3 10 4 10 9 9 10 1 9 1
split_gain=2.68197 0.535337 0.481268 0.684934 0.236677 0.217976 0.107527 0.118174 0.105583 0.0487646 0.0276857
threshold=99.195979087375676 91.339366846238732 70.777988614800776 94.159107873044732 58.271144278606975 52.541827541827551 96.091163738222576 95.16379143244815 23.007086999022487 50.324675324675333 37.111261348271206
decision_type=2 2 2 2 2 2 2 2 2 2 2
left_child=1 6 5 9 -2 -3 7 8 -1 -4 -11
right_child=4 2 3 -5 -6 -7 -8 -9 -10 10 -12
leaf_value=-0.0065387815350016355 0.0054783542688021667 -0.0033896304298021303 7.4036090115361332e-06 0.010899213831289405 0.014176589693565597 7.4036090115361332e-06 7.4036090115361332e-06 7.4036090115361332e-06 -0.0033896304298021303 4.437311987481416e-05 0.0037550058956629315
leaf_weight=12.334958212100899 6.4215136617422131 10.906962271779781 6.9532771978992987 7.3504940741695455 9.7820341587066633 11.247840776806695 3.2704403760144478 3.1654779955279073 39.993275176966563 2.9081981116905808 3.8987084405962378
leaf_count=2573 61 403 172 80 65 338 626 592 9286 47 77
internal_value=0.000285467 -0.00154784 0.000973791 0.00412123 0.0112483 -0.00207377 -0.00338963 -0.00372367 -0.00408425 7.40361e-06 0.00237842
internal_weight=118.233 102.03 43.2655 21.1107 16.2035 22.1548 58.7642 55.4937 52.3282 13.7602 6.80691
internal_count=14320 14194 1117 376 126 741 13077 12451 11859 296 124
is_linear=0
shrinkage=0.03


Tree=32
num_leaves=10
num_cat=0
split_feature=5 3 11 4 3 9 10 11 5
split_gain=2.55573 0.546117 0.585827 0.78815 0.743852 0.217007 0.0164025 0.0156995 0.0466683
threshold=99.195979087375676 91.339366846238732 16.482428708798981 94.159107873044732 95.17587452425397 50.324675324675333 70.777988614800776 75.782013685239505 96.199984799939202
decision_type=2 2 2 2 2 2 2 2 2
left_child=1 7 -3 5 -5 6 -4 8 -1
right_child=-2 2 3 4 -6 -7 -8 -9 -10
leaf_value=-0.0046793056283174848 0.011012494265613022 -0.0033391405880577093 -0.0033391405880577093 -0.00048227151614043605 0.011012494265613022 -0.00048227151614043605 -0.00093658796782486572 -0.0033391405880577093 -0.0033391405880577093
leaf_weight=42.668648904887959 16.220712248235941 3.6183094957377753 7.0424334191484395 3.7648053809534749 9.188530278624965 13.502495011198333 5.9785955278202891 14.851506264647467 1.0748975973110635
leaf_count=10032 126 178 270 77 116 335 141 3017 28
internal_value=0.000319745 -0.0014765 0.00107437 0.00253637 0.00830898 -0.000482272 -0.00333914 -0.00333914 -0.00409079
internal_weight=117.911 101.69 43.0952 39.4769 12.9533 26.5235 13.021 58.5951 43.7435
internal_count=14320 14194 1117 939 193 746 411 13077 10060
is_linear=0
shrinkage=0.03


Tree=33
num_leaves=11
num_cat=0
split_feature=5 3 11 4 3 9 11 1 11 5
split_gain=2.3563 0.540504 0.559245 0.780141 0.746661 0.1888 0.0185044 0.0818612 0.0135793 0.0320357
threshold=99.195979087375676 91.339366846238732 16.482428708798981 94.159107873044732 95.17587452425397 50.324675324675333 80.240728220977402 35.907620243384208 75.782013685239505 96.199984799939202
decision_type=2 2 2 2 2 2 2 2 2 2
left_child=1 8 -3 5 -5 6 -4 -8 9 -1
right_child=-2 2 3 4 -6 -7 7 -9 -10 -11
leaf_value=-0.0044440149860098602 0.010601920999773961 -0.0032486940738868262 -0.0032486940738868262 -0.00047143095593686591 0.010601920999773961 -0.00047143095593686591 -0.0032486940738868262 -0.00047143095593686591 -0.0032486940738868262 -0.0032486940738868262
leaf_weight=42.506332117598504 16.247331127524376 3.5844956450164309 8.0527645560214314 3.7824917749967417 9.3403197356965375 13.45128832652699 1.6560299682896573 3.1941115576773882 14.703840420581399 0.98119813436642189
leaf_count=10032 126 178 282 77 116 335 41 88 3017 28
internal_value=0.000347324 -0.00138575 0.00114834 0.00256005 0.00825041 -0.000471431 -0.00324869 -0.000753136 -0.00324869 -0.0039642
internal_weight=117.5 101.253 43.0615 39.477 13.1228 26.3542 12.9029 4.85014 58.1914 43.4875
internal_count=14320 14194 1117 939 193 746 411 129 13077 10060
is_linear=0
shrinkage=0.03


Tree=34
num_leaves=15
num_cat=0
split_feature=5 3 10 4 1 10 4 1 3 10 9 11 11 1
split_gain=2.22622 0.495328 0.534414 0.557583 0.168046 0.0808529 0.0763068 0.201578 0.137563 0.0612299 0.0519978 0.154495 0.0221006 0.0540382
threshold=99.195979087375676 91.339366846238732 70.777988614800776 94.159107873044732 92.361801330068786 58.271144278606975 61.708497640442182 14.156535414020444 94.159107873044732 98.626011669489955 50.324675324675333 71.198359511910184 75.782013685239505 23.007086999022487
decision_type=2 2 2 2 2 2 2 2 2 2 2 2 2 2
left_child=1 9 4 10 6 -2 -3 -8 -9 12 -4 -12 13 -1
right_child=5 2 3 -5 -6 -7 7 8 -10 -11 11 -13 -14 -15
leaf_value=-0.0061316378878414658 0.006091703123538913 -0.0031267546956908854 0.00058865039984357581 0.010320096095499682 0.00058865039984357581 0.012351598897665782 -0.0031267546956908854 -0.0031267546956908854 0.00058865039984357581 0.00058865039984357581 0.00058865039984357581 0.0073958281225778872 -0.0031267546956908854 -0.0032442695206599489
leaf_weight=8.9029263330157828 6.5648887157440212 4.2743697108235343 6.6989771922817472 7.3418523888103655 1.9952805647626508 9.6656147167086583 3.472220842610116 2.5493124352069563 10.116695472155696 1.6051094422582526 3.41723789984826 3.0255951369181275 14.045251764124258 33.41487857257016
leaf_count=1923 61 224 172 80 81 65 97 134 205 286 70 54 2940 7928
internal_value=0.000349869 -0.00134012 0.00109075 0.00448727 -0.00207316 0.0103201 -0.00312675 -0.000981711 0.00058865 -0.00312675 0.00058865 0.00310544 -0.00330458 -0.00397925
internal_weight=117.09 100.86 42.8915 20.4837 22.4079 16.2305 20.4126 16.1382 12.666 57.9682 13.1418 6.44283 56.3631 42.3178
internal_count=14320 14194 1117 376 741 126 660 436 339 13077 296 124 12791 9851
is_linear=0
shrinkage=0.03


Tree=35
num_leaves=10
num_cat=0
split_feature=5 3 11 4 1 1 5 5 1
split_gain=2.00243 0.593934 0.54383 0.537993 0.434083 0.484621 0.526162 0.225078 0.0201298
threshold=97.587937262126999 91.725521342456844 22.144242701719303 99.799397992772711 6.9273574063993228 3.312768402588762 99.596366894754013 90.312805474095811 29.84921455814856
decision_type=2 2 2 2 2 2 2 2 2
left_child=1 8 -3 5 -4 -2 -7 -6 -1
right_child=3 2 4 -5 7 6 -8 -9 -10
leaf_value=-0.0050528096394915449 -0.0035423899788003445 -0.0037275587913725072 -0.0037275587913725072 0.014754432442574371 -0.0037275587913725072 0.0046085641983123751 0.013351081010255174 0.0046085641983123751 -0.0037275587913725072
leaf_weight=17.226808357750997 4.7128305651713225 3.1065257786540341 1.5823200313607291 5.3090094067156306 1.9742950731888509 15.649713974911721 6.4922117069363585 21.776964550488628 39.695707828970626
leaf_count=3802 70 197 48 27 207 211 48 424 9341
internal_value=0.000429597 -0.00198035 0.00152449 0.00669245 0.00334013 0.00462618 0.00644277 0.00460856 -0.00372756
internal_weight=117.526 85.3626 28.4401 32.1638 25.3336 26.8548 22.1419 23.7513 56.9225
internal_count=14375 14019 876 356 679 329 259 631 13143
is_linear=0
shrinkage=0.03


Tree=36
num_leaves=12
num_cat=0
split_feature=5 4 5 11 1 1 5 10 1 10 11
split_gain=1.74768 0.538542 0.317784 0.350259 0.311153 0.205293 0.627525 0.071127 0.0158316 0.0180954 0.000960265
threshold=97.587937262126999 99.799397992772711 90.312805474095811 23.440618610959298 6.9273574063993228 5.3208734047057407 99.596366894754013 13.383084577114429 29.84921455814856 92.592186128182632 64.723600426659786
decision_type=2 2 2 2 2 2 2 2 2 2 2
left_child=2 5 8 -4 -5 -2 -7 -6 9 -1 -9
right_child=1 -3 3 4 7 6 -8 10 -10 -11 -12
leaf_value=-0.004973184933560945 -0.00030337155029398197 0.014481109706733032 -0.0030923966376113629 -0.0030923966376113629 -0.0019114273253292267 0.0033602007495559952 0.013155986480799504 0.0019639692623076382 -0.0030923966376113629 -0.0030923966376113629 0.0033602007495559952
leaf_weight=13.038731505512258 6.4569197106175187 5.2407334446907035 3.2461886683013317 2.6890005314489853 1.7097917068749762 13.997966588474812 6.2788644582033148 7.7920538054313537 40.148178390227258 1.2249804760795076 15.152049422264097
leaf_count=3226 94 27 174 154 77 190 45 248 9464 288 388
internal_value=0.000519728 0.00638787 -0.00173628 0.000697523 0.0021486 0.00433637 0.00575866 0.0033602 -0.0030924 -0.0043414 0.0033602
internal_weight=116.975 31.9745 85.001 30.5891 27.3429 26.7338 20.2768 24.6539 54.4119 14.2637 22.9441
internal_count=14375 356 14019 1041 867 329 235 713 12978 3514 636
is_linear=0
shrinkage=0.03


Tree=37
num_leaves=12
num_cat=0
split_feature=5 4 5 11 1 1 5 10 10 1 10
split_gain=1.53851 0.525347 0.303409 0.325905 0.229374 0.1976 0.618668 0.0934726 0.0513177 0.018388 0.00179888
threshold=97.587937262126999 99.799397992772711 89.92949633283574 23.440618610959298 8.9354624085163028 5.3208734047057407 99.596366894754013 13.383084577114429 78.975315729047082 22.603453893776479 42.752100840336141
decision_type=2 2 2 2 2 2 2 2 2 2 2
left_child=2 5 9 -4 8 -2 -7 -6 -5 10 -1
right_child=1 -3 3 4 7 6 -8 -9 -10 -11 -12
leaf_value=-0.0056632106642437209 -0.00048644843186247997 0.014090443152814072 -0.0029331272009444974 -0.0029331272009444974 -0.0027095561441402454 0.0031996293580869432 0.012877618784657919 0.0031996293580869432 -0.00048644843186247997 -0.0029331272009444974 -0.0030598222055011584
leaf_weight=3.730015278561039 6.4475006271386581 5.153771497309207 3.0214180870680165 2.1294484388781743 1.7023795912973678 13.968045206274839 6.1895609572529784 22.621643275371753 1.3644754264969376 43.652762826764956 6.4840441913111135
leaf_count=942 94 27 176 159 77 190 45 624 50 10381 1610
internal_value=0.000524872 0.0060509 -0.00159343 0.000765241 0.0021254 0.00403952 0.00544174 0.00319963 -0.00293313 -0.00293313 -0.00443077
internal_weight=116.465 31.7589 84.7062 30.8394 27.8179 26.6051 20.1576 24.324 3.49392 53.8668 10.2141
internal_count=14375 356 14019 1086 910 329 235 701 209 12933 2552
is_linear=0
shrinkage=0.03


Tree=38
num_leaves=12
num_cat=0
split_feature=5 3 10 11 10 1 1 11 11 10 5
split_gain=1.4934 0.467554 0.391633 0.265936 0.487674 0.218033 0.0671134 0.117667 0.0497488 0.0385227 0.0040823
threshold=97.587937262126999 94.799979199916805 52.534497324697277 22.144242701719303 82.247899159663874 48.390335535691158 10.94356741063328 71.601179658596763 98.893355680787678 75.417008476893656 99.596366894754013
decision_type=2 2 2 2 2 2 2 2 2 2 2
left_child=1 6 5 -3 -5 -2 8 -8 9 -1 -4
right_child=2 3 10 4 -6 -7 7 -9 -10 -11 -12
leaf_value=-0.0078448337484799298 0.00027236370667169297 -0.0028056710700770193 0.0085006523959937959 0.00027236370667169297 0.0085006523959937959 0.0070700954960914754 -0.0032233210893141081 -0.00026837260903748192 -0.00026837260903748192 -0.0032233210893141081 0.01150563459491377
leaf_weight=4.6241566684329873 8.399256576667538 2.2064069280168104 12.234778314828874 11.867094620363789 5.2299004320520899 3.6253529228270063 40.682942340383306 17.378094467334449 0.40252415824215848 2.1383024323731661 7.4092853255569926
leaf_count=989 129 106 135 267 79 47 9070 3133 55 320 45
internal_value=0.000488928 -0.00159946 0.00594155 0.00241374 0.00241374 0.00241374 -0.00280567 -0.00280567 -0.00569735 -0.00633298 0.00850065
internal_weight=116.198 84.5294 31.6687 19.3034 17.097 12.0246 65.226 58.061 7.16498 6.76246 19.6441
internal_count=14375 14019 356 452 346 176 13567 12203 1364 1309 180
is_linear=0
shrinkage=0.03


Tree=39
num_leaves=13
num_cat=0
split_feature=5 4 3 11 1 1 5 5 4 1 11 0
split_gain=1.33339 0.500819 0.397359 0.336682 0.261369 0.1428 0.512958 0.10701 0.0403345 0.0240802 0.0453858 0.00841083
threshold=97.587937262126999 99.799397992772711 91.999967999872013 22.144242701719303 6.9273574063993228 5.3208734047057407 99.596366894754013 90.599962399849616 58.074174232180816 29.84921455814856 79.258585444804567 86.505525085999878
decision_type=2 2 2 2 2 2 2 2 2 2 2 2
left_child=2 5 9 -4 -5 -2 -7 8 -6 10 -1 -9
right_child=1 -3 3 4 7 6 -8 11 -10 -11 -12 -13
leaf_value=-0.0053121968517831145 -0.00014039099158354455 0.013609511010256576 -0.0028565798262969017 -0.0028565798262969017 -0.0028565798262969017 0.0037525794068940083 0.012224298345348465 0.0022789485576912381 0.0022789485576912381 -0.0028565798262969017 -0.0028565798262969017 0.0037525794068940083
leaf_weight=12.074427429120989 6.4183893207227873 5.0667760595679274 2.6697114007547524 1.3826688395347471 1.3147345858160506 13.874398896470668 6.0491666868329039 5.2328047495102643 0.7245264877565204 39.621087457169779 4.987888687872327 16.254123269231059
leaf_count=2838 94 27 184 44 129 190 45 114 69 9374 978 289
internal_value=0.000537705 0.00571354 -0.00143598 0.00148163 0.0028679 0.00375258 0.00495347 0.00375258 -0.00227698 -0.00285658 -0.00414174 0.00375258
internal_weight=115.671 31.4087 84.262 27.5786 24.9089 26.342 19.9236 23.5262 2.03926 56.6834 17.0623 21.4869
internal_count=14375 356 14019 829 645 329 235 601 198 13190 3816 403
is_linear=0
shrinkage=0.03


Tree=40
num_leaves=15
num_cat=0
split_feature=10 3 4 1 1 11 9 4 3 5 1 9 10 1
split_gain=1.20009 0.73855 0.366025 0.256582 0.243266 0.296136 0.161342 0.0969726 0.344945 0.0655862 0.0548124 0.0326694 0.0764394 0.0130434
threshold=64.820473644003059 94.799979199916805 99.799397992772711 1.3046634004717841 0.90304240004838821 64.723600426659786 85.067567567567579 84.894244499253602 91.725521342456844 99.596366894754013 98.896147099739935 8.5144927536231894 43.933823529411775 5.3208734047057407
decision_type=2 2 2 2 2 2 2 2 2 2 2 2 2 2
left_child=3 2 4 -1 -2 6 10 -6 -9 -3 11 -5 -13 -8
right_child=1 9 -4 5 7 -7 13 8 -10 -11 -12 12 -14 -15
leaf_value=-0.011367144416668784 -0.011367144416668784 0.0067762084283002604 0.0067762084283002604 -0.0087209810097763473 -0.00060369998933242899 -0.00060369998933242899 -0.0025073114140153553 -0.00060369998933242899 0.0067762084283002604 0.010887418090841197 -0.00060369998933242899 -0.0060938808602666048 -0.0025073114140153553 -0.00060369998933242899
leaf_weight=2.1384960465366012 0.70052613038570655 20.121703737066156 1.4106484029907722 2.8813662399770861 17.370461408630952 24.283921858295798 0.41742522560525586 4.4219109393889076 3.0251112598925829 5.2089870497584334 0.35308120353147288 14.336679652333261 11.73173856793437 6.6862440072000027
leaf_count=102 40 288 10 340 3768 2973 38 568 57 34 61 2818 2330 1030
internal_value=-0.000122654 0.00320335 -0.000279783 -0.00289597 -0.00138404 -0.00241806 -0.00414824 -0.0006037 0.00261736 0.00677621 -0.00511068 -0.00531662 -0.00463205 -0.0006037
internal_weight=115.088 52.2593 26.9287 62.829 25.518 60.6905 36.4065 24.8175 7.44702 25.3307 29.3029 28.9498 26.0684 7.10367
internal_count=14457 4765 4443 9692 4433 9590 6617 4393 625 322 5549 5488 5148 1068
is_linear=0
shrinkage=0.03


Tree=41
num_leaves=13
num_cat=0
split_feature=10 0 1 4 3 1 11 0 1 10 9 9
split_gain=1.1369 0.931268 0.777586 0.283369 0.504513 0.167443 0.212072 0.112194 0.187961 0.168739 0.0617154 0.0246849
threshold=64.820473644003059 88.116805672746167 0.90304240004838821 99.799397992772711 91.725521342456844 1.3046634004717841 64.723600426659786 99.195979087375676 4.1160104034355536 24.00926402470407 10.600210600210602 81.649831649831668
decision_type=2 2 2 2 2 2 2 2 2 2 2 2
left_child=5 -2 -3 4 -4 -1 7 8 -7 -10 -11 -12
right_child=1 2 3 -5 -6 6 -8 -9 9 10 11 -13
leaf_value=-0.0097484213652635262 -0.001586854660887092 -0.001586854660887092 -0.001586854660887092 0.016444379651814025 0.0081885140533477976 -0.0097484213652635262 -0.001586854660887092 -0.001586854660887092 -0.0069956888741977349 -0.0067680152458369173 -0.002791849787734156 -0.001586854660887092
leaf_weight=2.0404447771143159 21.537869477178901 1.9430146762169922 3.7232743022032144 2.6589384826365849 22.963322562514804 0.71552596800029178 24.130791213945486 1.5783192999660958 10.208156899898311 1.6730885581346253 16.350237726233903 5.6354540570173404
leaf_count=102 4077 29 354 15 290 104 2973 18 1976 297 3386 836
internal_value=-2.72519e-05 0.00317858 0.00640647 0.00795931 0.00655048 -0.00275148 -0.0023595 -0.00407454 -0.00464817 -0.00390687 -0.00234447 -0.00172805
internal_weight=115.158 52.8264 31.2886 29.3455 26.6866 62.332 60.2916 36.1608 34.5825 33.8669 23.6588 21.9857
internal_count=14457 4765 688 659 644 9692 9590 6617 6599 6495 4519 4222
is_linear=0
shrinkage=0.03


Tree=42
num_leaves=15
num_cat=0
split_feature=10 0 1 5 1 1 11 0 1 10 1 4 9 9
split_gain=1.08691 0.854716 0.72969 0.305962 0.199589 0.183059 0.218479 0.11499 0.193743 0.173633 0.0896688 0.0821516 0.0657822 0.0223839
threshold=64.820473644003059 88.116805672746167 0.90304240004838821 97.587937262126999 9.3370834089396979 1.3046634004717841 64.723600426659786 99.195979087375676 4.1160104034355536 24.00926402470407 83.685784059193892 88.519625819432747 81.649831649831668 10.600210600210602
decision_type=2 2 2 2 2 2 2 2 2 2 2 2 2 2
left_child=5 10 -3 4 -4 -1 7 8 -7 -10 -2 -6 13 -11
right_child=1 2 3 -5 11 6 -8 -9 9 12 -12 -13 -14 -15
leaf_value=-0.010174562953683493 -0.0014614347677435499 -0.0014614347677435499 -0.0014614347677435499 0.01051407406108803 0.0024555120865166476 -0.010174562953683493 -0.0014614347677435499 -0.0014614347677435499 -0.007030377314336941 -0.0065279943946985643 0.0024555120865166476 0.0076253689298290293 -0.0014614347677435499 -0.0028249209243761662
leaf_weight=1.906909585231914 17.206709811463984 1.9329924671910728 2.3580206412589204 15.666290234774349 4.7826677524717507 0.70464537024963547 24.113878608332016 1.5844704736955453 10.032755055814048 1.671706481720334 4.39924345340114 6.6286055134842172 5.6487398211611426 16.334673210396431
leaf_count=102 3314 29 142 137 191 104 2973 18 1976 297 763 189 836 3386
internal_value=-2.60748e-05 0.00309839 0.0061872 0.00769634 0.00399558 -0.0027026 -0.00230282 -0.00401976 -0.00459551 -0.00386828 -0.00146143 0.00561542 -0.00229639 -0.00349409
internal_weight=114.972 52.9745 31.3686 29.4356 13.7693 61.9978 60.0909 35.977 34.3925 33.6879 21.606 11.4113 23.6551 18.0064
internal_count=14457 4765 688 659 522 9692 9590 6617 6599 6495 4077 380 4519 3683
is_linear=0
shrinkage=0.03


Tree=43
num_leaves=15
num_cat=0
split_feature=10 3 10 5 1 1 1 3 10 3 5 11 1 1
split_gain=0.835849 0.836146 0.168749 0.289113 0.121541 0.114289 0.0920845 0.0971178 0.0888713 0.0882616 0.0361788 0.052584 0.0228677 0.0322067
threshold=67.439703153988873 94.799979199916805 76.294995610184387 92.361801330068786 88.900089605734777 48.79275165176837 1.3046634004717841 97.587937262126999 86.616915422885583 66.968747971701177 96.582911121346555 88.116805672746167 75.827377503058415 86.908345232686457
decision_type=2 2 2 2 2 2 2 2 2 2 2 2 2 2
left_child=6 2 -2 5 -3 -4 -1 10 13 12 11 -8 -10 -7
right_child=1 4 3 -5 -6 8 7 -9 9 -11 -12 -13 -14 -15
leaf_value=-0.0078466967761589949 -0.0022428706226255688 0.0055855509988693239 -0.0022428706226255688 0.0055855509988693239 0.011181173580140117 -0.0022428706226255688 -0.0037361993974672032 0.00068075469356723532 -0.0020387297570182853 0.0055855509988693239 -0.0022428706226255688 -0.0022428706226255688 0.0018650267231067651 0.0018650267231067651
leaf_weight=1.7993164908839379 6.1896623709471923 20.782284039305534 6.0371742779389042 6.5348941977135828 4.4087218764470881 2.1945935949916042 40.592588464613073 10.080085900728589 1.1705955476500101 1.3591270052129401 5.3929000296629956 6.2562348201172417 1.2997323338640852 0.70174363453406829
leaf_count=108 1054 253 1390 137 53 494 8653 189 279 271 111 1002 303 160
internal_value=1.80662e-05 0.00286677 -0.000966114 0.00089676 0.00663359 -0.0017354 -0.00224287 -0.00224287 0.00155499 0.00413238 -0.00247242 -0.00316171 -0.000315184 -0.00203873
internal_weight=114.8 50.6785 25.4875 19.2979 25.191 12.763 64.1211 62.3218 6.72579 3.82945 52.2417 46.8488 2.47033 2.89634
internal_count=14457 4394 4088 3034 306 2897 10063 9955 1507 853 9766 9655 582 654
is_linear=0
shrinkage=0.03


Tree=44
num_leaves=14
num_cat=0
split_feature=10 3 10 3 5 0 0 1 1 3 11 5 10
split_gain=0.752976 0.736267 0.349795 0.416155 0.30842 0.131718 0.0974229 0.0675548 0.0420238 0.0605739 0.0770603 0.0379613 0.00312082
threshold=64.820473644003059 96.582911121346555 75.162337662337677 77.031018607945413 99.596366894754013 99.799397992772711 88.116805672746167 77.031018607945413 1.3046634004717841 99.596366894754013 64.723600426659786 99.195979087375676 43.933823529411775
decision_type=2 2 2 2 2 2 2 2 2 2 2 2 2
left_child=8 2 -2 5 -3 7 -5 -4 -1 10 11 12 -10
right_child=1 4 3 6 -6 -7 -8 -9 9 -11 -12 -13 -14
leaf_value=-0.0062414944295528215 -0.0022643992451338016 0.0051164861696575033 -0.0022643992451338016 0.00057438870368594621 0.01297274792008093 0.0051164861696575033 0.0051164861696575033 0.00057438870368594621 -0.0046171480924702508 0.0017473426759208746 -0.0022643992451338016 -0.0022643992451338016 -0.0031285963932261847
leaf_weight=1.7153143524192263 8.259147023316471 14.276301765348764 8.4498442603507957 4.5189258540049169 5.1792155653238288 0.30693583190441209 10.275251017999834 2.389276728266851 18.944999987026677 2.8812491407152256 22.587743502575904 0.91560287028551002 14.140680362819692
leaf_count=102 1325 187 1886 535 32 2 242 556 3758 36 2956 11 2829
internal_value=-6.66021e-06 0.00256229 -0.000126938 0.00195998 0.00706458 -0.0022644 0.00511649 -0.0022644 -0.0022644 -0.0022644 -0.00226861 -0.00372317 -0.0040914
internal_weight=114.84 53.6549 34.1994 25.9402 19.4555 11.1461 14.7942 10.8391 61.1856 59.4703 56.589 34.0013 33.0857
internal_count=14457 4765 4546 3221 219 2444 777 2442 9692 9590 9554 6598 6587
is_linear=0
shrinkage=0.03


Tree=45
num_leaves=10
num_cat=0
split_feature=3 0 10 1 10 1 11 10 11
split_gain=1.10287 0.616114 0.730931 0.27325 0.0554895 0.119818 0.220311 0.0990242 0.113547
threshold=96.582911121346555 99.195979087375676 67.439703153988873 32.261296787122639 97.99919967987195 2.9111474021653669 98.742636788729001 76.294995610184387 75.478276743336991
decision_type=2 2 2 2 2 2 2 2 2
left_child=4 2 -2 -4 5 6 -1 8 -7
right_child=1 -3 3 -5 -6 7 -8 -9 -10
leaf_value=-0.010613039975846669 -0.0019448198076757947 0.010786114744463168 0.00055929320592505195 0.0088377762909927528 0.00055929320592505195 -0.0037168530270321595 -0.0019448198076757947 0.00023509857907921163 -0.0019448198076757947
leaf_weight=3.2082193025853476 10.351973924320193 8.8524734005331975 5.5816297046840182 9.8220599980559182 3.564618003438226 37.746455051354133 1.00243760633748 18.985308251692913 15.901368642109444
leaf_count=282 246 75 68 120 392 8069 49 2554 2406
internal_value=-1.8791e-05 0.00438508 0.00186408 0.00605498 -0.00194482 -0.0021246 -0.006625 -0.00194482 -0.00194482
internal_weight=115.017 34.6081 25.7557 15.4037 80.4084 76.8438 4.21066 72.6331 53.6478
internal_count=14261 509 434 188 13752 13360 331 13029 10475
is_linear=0
shrinkage=0.03


Tree=46
num_leaves=10
num_cat=0
split_feature=5 10 0 3 1 3 5 0 0
split_gain=1.04579 0.356859 0.313455 0.295258 0.0799562 0.181437 0.0597442 0.0145913 0.00596254
threshold=99.596366894754013 70.139561930606718 99.799397992772711 89.92949633283574 6.9273574063993228 97.587937262126999 97.587937262126999 97.981834473769979 95.17587452425397
decision_type=2 2 2 2 2 2 2 2 2
left_child=1 4 3 6 -1 -6 7 -3 -5
right_child=-2 2 -4 8 5 -7 -8 -9 -10
leaf_value=-0.0059813165608814615 0.0087270377796946786 -0.0026102186702371649 0.0087270377796946786 0.0025304190435664134 -0.0026102186702371649 0.0022305685796020361 0.0025304190435664134 0.0010338738759092729 0.0034461122841800964
leaf_weight=4.9555289607960722 10.176577992737291 15.313120247563345 0.67388489842414756 12.909674864844431 49.314491562079638 7.3061496148584402 0.41736043244600374 0.6099911236669876 13.036243341397492
leaf_count=638 78 3456 4 337 9428 149 6 14 151
internal_value=7.38909e-07 -0.000923405 0.00115953 0.000576244 -0.00237193 -0.00237193 -0.00237193 -0.00261022 0.00253042
internal_weight=114.713 104.536 42.9603 42.2864 61.5762 56.6206 16.3405 15.9231 25.9459
internal_count=14261 14183 3968 3964 10215 9577 3476 3470 488
is_linear=0
shrinkage=0.03


Tree=47
num_leaves=11
num_cat=0
split_feature=5 0 10 3 4 1 1 3 1 10
split_gain=0.99248 0.334829 0.302464 0.275357 0.270538 0.102113 0.120777 0.150111 0.0463576 0.032232
threshold=99.596366894754013 99.799397992772711 75.162337662337677 93.399973599894409 97.587937262126999 11.746809411480074 10.14032540978649 91.725521342456844 80.986012428898206 15.64832089552239
decision_type=2 2 2 2 2 2 2 2 2 2
left_child=1 2 5 4 6 -1 -4 8 -8 -7
right_child=-2 -3 3 -5 -6 9 7 -9 -10 -11
leaf_value=-0.0055949038548095296 0.0085645578284239323 0.0085645578284239323 -0.0055949038548095296 0.0032423740882638621 0.0032423740882638621 -0.0045552366712266913 -0.0023072558347209393 0.0032423740882638621 0.0017207075170866917 -0.0023072558347209393
leaf_weight=7.9951646603876716 10.132321219891308 0.87360735237598319 1.8487654962809763 21.160032948479056 2.0063473392510778 9.2395326576661301 9.0562327236402762 1.6734332338673983 2.4120264282682902 48.129603715147823
leaf_count=1159 78 8 291 307 60 1628 2004 65 572 8089
internal_value=4.60054e-05 -0.000854203 -0.00108114 0.00102454 -0.00176328 -0.00230726 -0.00230726 -0.00174238 -0.00230726 -0.00230726
internal_weight=114.527 104.395 103.521 38.1568 16.9968 65.3643 14.9905 13.1417 11.4683 57.3691
internal_count=14261 14183 14175 3299 2992 10876 2932 2641 2576 9717
is_linear=0
shrinkage=0.03


Tree=48
num_leaves=15
num_cat=0
split_feature=5 0 1 10 4 1 11 1 0 11 4 5 9 1
split_gain=0.934697 0.315785 0.26138 0.290691 0.234646 0.141067 0.342736 0.0520829 0.170614 0.0936227 0.0972735 0.0547056 0.0283035 0.0200757
threshold=99.596366894754013 99.799397992772711 0.50142139962499255 75.162337662337677 98.590129486597007 60.904470230784163 64.092379756615813 10.94356741063328 95.17587452425397 20.662006744412523 94.799979199916805 98.590129486597007 2.6500526500526504 11.746809411480074
decision_type=2 2 2 2 2 2 2 2 2 2 2 2 2 2
left_child=1 2 -1 5 7 12 -7 -5 9 -9 11 -11 -4 -14
right_child=-2 -3 3 4 -6 6 -8 8 -10 10 -12 -13 13 -15
leaf_value=-0.012064847961392743 0.0083827497094620725 0.0083827497094620725 -0.0073638808949529327 -0.0020998560711364658 0.0069977568911357493 -0.0030635949680316008 0.00031682448828619858 -0.0020998560711364658 0.0049283675846864385 0.00031682448828619858 0.0049283675846864385 0.0049283675846864385 -0.0050119395821994709 -0.0030635949680316008
leaf_weight=0.89240154554135998 10.070043727755545 0.86005907878279586 0.88502793002407898 5.5887566029559812 4.5374943929491556 14.848184415255675 9.35562313813716 3.6203972062794554 6.6245992010226464 15.841549976379614 0.85368191008455951 0.73158406838774759 7.042490961495786 32.518375851330347
leaf_count=47 78 8 87 368 65 3074 1256 549 95 2159 39 9 1099 5328
internal_value=9.15578e-05 -0.000781781 -0.00100225 -0.000790191 0.00127853 -0.00200074 -0.000173574 0.000316824 0.000861125 0.000316824 0.000649587 0.000316824 -0.00306359 -0.00306359
internal_weight=114.27 104.2 103.34 102.448 37.7981 64.6497 24.2038 33.2606 27.6718 21.0472 17.4268 16.5731 40.4459 39.5609
internal_count=14261 14183 14175 14128 3284 10844 4330 3219 2851 2756 2207 2168 6514 6427
is_linear=0
shrinkage=0.03


Tree=49
num_leaves=12
num_cat=0
split_feature=3 5 10 4 1 10 11 3 1 10 1
split_gain=1.00253 1.51921 0.226943 0.172009 0.0732741 0.049571 0.116769 0.0852141 0.0717598 0.00489803 0.000733689
threshold=96.582911121346555 99.596366894754013 74.813432835820905 94.159107873044732 47.585503303536733 76.294995610184387 75.478276743336991 96.199984799939202 11.746809411480074 98.626011669489955 98.590129486597007
decision_type=2 2 2 2 2 2 2 2 2 2 2
left_child=5 2 4 -4 -2 6 7 8 -1 -7 -10
right_child=1 -3 3 -5 -6 9 -8 -9 10 -11 -12
leaf_value=-0.0076925114335143806 -0.0017077681878601494 0.014452303668240322 0.00015587003510582383 0.0066647632835276482 0.00015587003510582383 -0.0017077681878601494 -0.0017077681878601494 -0.0017077681878601494 -0.0033987887102133307 0.00015587003510582383 -0.0017077681878601494
leaf_weight=3.8542168252170077 6.1649845256470162 8.7128582559525949 8.3684947267174703 5.5548557676374903 5.3520230415742844 21.460449318867191 17.457980541628785 0.64913464721757819 33.374548822874203 2.8442969643510869 0.45335933321621169
leaf_count=715 138 65 119 57 130 2713 2542 19 7340 311 112
internal_value=0.000127629 0.00435803 0.000485072 0.00302525 -0.00170777 -0.00170777 -0.0021947 -0.00346517 -0.00398776 -0.000547504 -0.0033569
internal_weight=114.247 34.1532 25.4404 13.9234 11.517 80.094 55.7892 38.3313 37.6821 24.3047 33.8279
internal_count=14261 509 444 176 268 13752 10728 8186 8167 3024 7452
is_linear=0
shrinkage=0.03


Tree=50
num_leaves=12
num_cat=0
split_feature=3 4 5 4 1 11 9 1 9 11 10
split_gain=0.665242 0.33487 0.211719 0.509326 0.206009 0.165084 0.0712337 0.0663491 0.0445896 0.0618564 0.0398118
threshold=94.799979199916805 99.799397992772711 99.596366894754013 94.159107873044732 8.9354624085163028 55.310706554697454 90.353598014888348 84.894244499253602 98.058069381598798 96.165485500162944 41.728855721393039
decision_type=2 2 2 2 2 2 2 2 2 2 2
left_child=1 4 3 -2 8 6 7 -6 9 -1 -9
right_child=2 -3 -4 -5 5 -7 -8 10 -10 -11 -12
leaf_value=-0.0093504543641729342 -0.0014837108965665411 0.0024432831478690847 0.006859241452195344 0.0058231438966809936 -0.0048885461470276025 -0.0014837108965665411 -0.0014837108965665411 -0.0048885461470276025 -0.0014837108965665411 -0.0014837108965665411 -0.0014837108965665411
leaf_weight=4.9851920787477857 23.104960375814699 1.611238597659393 9.077443450689314 12.39460493007209 25.087877592071894 26.777449843473732 3.2774843371007583 1.7450906351441506 0.33955226733814914 1.3312880250159649 3.3672473637852818
leaf_count=907 514 18 70 173 5644 4805 741 422 46 155 774
internal_value=-0.000377177 -0.00222077 0.00244328 0.00244328 -0.00273313 -0.00210218 -0.00373154 -0.0042602 -0.00742438 -0.0080194 -0.00148371
internal_weight=113.099 68.5224 44.577 35.4996 66.9112 60.2551 33.4777 30.2002 6.65603 6.31648 5.11234
internal_count=14269 13512 757 687 13494 12386 7581 6840 1108 1062 1196
is_linear=0
shrinkage=0.03


Tree=51
num_leaves=11
num_cat=0
split_feature=3 11 10 1 4 11 4 5 10 9
split_gain=0.537838 0.310501 0.417006 0.0660333 0.0412656 0.0396086 0.0750529 0.0357339 0.181787 0.00654247
threshold=94.799979199916805 19.497507131140257 44.91274770777877 0.50142139962499255 95.568978386447739 55.310706554697454 99.799397992772711 96.199984799939202 77.485187623436488 99.350649350649363
decision_type=2 2 2 2 2 2 2 2 2 2
left_child=3 -2 4 -1 -3 6 9 8 -4 -5
right_child=1 2 7 5 -6 -7 -8 -9 -10 -11
leaf_value=-0.0083988347365231541 -0.0020148496965499275 -0.0020148496965499275 0.0014757207609362424 -0.0038666117189954641 0.0014757207609362424 -0.0020148496965499275 -0.0020148496965499275 0.0056382428208024849 0.0056382428208024849 -0.0020148496965499275
leaf_weight=0.55782517534680565 6.6873260822612783 6.3549764296039921 2.7335063669597899 34.971094368840568 2.435231584822759 31.338363401009701 0.69042196124791999 21.356414364185184 5.0895296209491789 0.66240298724733193
leaf_count=40 165 162 68 7910 43 5392 5 239 80 165
internal_value=-0.000350568 0.00218031 0.00326669 -0.00201485 -0.00201485 -0.00201485 -0.003073 0.00495578 0.00266482 -0.00377424
internal_weight=112.877 44.657 37.9697 68.2201 8.79021 67.6623 36.3239 29.1795 7.82304 35.6335
internal_count=14269 757 592 13512 205 13472 8080 387 148 8075
is_linear=0
shrinkage=0.03


Tree=52
num_leaves=12
num_cat=0
split_feature=5 11 10 1 4 1 10 3 1 1 0
split_gain=0.492408 0.31152 0.295258 0.2959 0.167597 0.0985263 0.0830656 0.0415551 0.0726988 0.0235022 0.00536481
threshold=96.582911121346555 69.949778589436946 70.139561930606718 79.037087116090404 99.799397992772711 20.181655262300428 95.555311676909582 99.596366894754013 41.146845446301349 98.590129486597007 96.978848899850732
decision_type=2 2 2 2 2 2 2 2 2 2 2
left_child=1 5 3 10 7 -1 9 -2 -8 -7 -3
right_child=4 2 -4 -5 -6 6 8 -9 -10 -11 -12
leaf_value=-0.0063832893707728607 0.0024884909584132961 -0.0031348130402164081 0.0024884909584132961 0.0024884909584132961 0.0080365735015672877 -0.0031348130402164081 -0.0031348130402164081 0.0055707039197277729 0.0024884909584132961 0.0016971305580992309 0.001077369933067529
leaf_weight=8.3342611438129079 25.627946534426883 13.013405758072617 11.102499860804526 2.9758112240815526 4.1014844924211493 37.180260194116272 0.67692164995241855 6.5928977355360976 1.7096593359019605 0.6506739059695964 0.62657822610344815
leaf_count=1611 417 2230 1158 487 29 7736 89 62 262 146 42
internal_value=-0.000344504 -0.00170841 0.000812242 -0.00198556 0.00248849 -0.00313481 -0.00313481 0.00248849 0.00248849 -0.00313481 -0.00313481
internal_weight=112.592 76.2701 27.7183 16.6158 36.3223 48.5518 40.2175 32.2208 2.38658 37.8309 13.64
internal_count=14269 13761 3917 2759 508 9844 8233 479 351 7882 2272
is_linear=0
shrinkage=0.03


Tree=53
num_leaves=12
num_cat=0
split_feature=1 5 4 11 10 5 11 9 0 10 11
split_gain=0.399514 0.582546 0.283238 0.261022 0.25093 0.14517 0.263846 0.106975 0.0502221 0.0544906 0.000255266
threshold=0.50142139962499255 96.582911121346555 99.799397992772711 69.949778589436946 74.10976120653541 99.596366894754013 18.756237524950105 7.3268921095008057 96.978848899850732 37.406716417910452 36.910654497456711
decision_type=2 2 2 2 2 2 2 2 2 2 2
left_child=-1 3 5 7 8 6 -3 -2 9 -5 -8
right_child=1 2 -4 4 -6 -7 10 -9 -10 -11 -12
leaf_value=-0.012661312079164367 -0.0081655273441180055 -0.002863708303936628 0.0099538781154772903 -0.002863708303936628 0.001963770895292833 0.0060696470732209892 0.0011844234890502603 -0.002863708303936628 0.001963770895292833 -0.00046343362103466566 0.0022234058848890933
leaf_weight=1.3168446017662052 2.716848512296564 2.9374072806676983 3.73913650214672 6.8551224594703148 10.069603729294611 6.9788396358489981 4.2097489268053456 45.484993644873612 0.7074888744391491 10.030793651589191 17.367162612150423
leaf_count=52 480 64 26 1274 1001 57 71 9356 39 1578 271
internal_value=-0.000331399 -7.36055e-05 0.00306307 -0.0015512 0.000755917 0.00196377 0.00196377 -0.00286371 -0.00185755 -0.00226977 0.00208214
internal_weight=112.414 111.097 35.2323 75.8649 27.663 31.4932 24.5143 48.2018 17.5934 16.8859 21.5769
internal_count=14269 14217 489 13728 3892 463 406 9836 2891 2852 342
is_linear=0
shrinkage=0.03


Tree=54
num_leaves=15
num_cat=0
split_feature=9 4 3 1 11 5 11 3 9 11 1 9 1 9
split_gain=0.416384 0.529556 0.463851 0.293081 0.267679 0.195624 0.503966 0.23108 0.0674383 0.0619476 0.0491953 0.0385626 0.0320232 0.0189564
threshold=2.6500526500526504 99.799397992772711 94.799979199916805 8.9354624085163028 71.601179658596763 99.596366894754013 18.373555918466099 68.580028558447466 98.130677847658987 98.742636788729001 58.475387933809806 97.161835748792285 58.87660163543881 50.324675324675333
decision_type=2 2 2 2 2 2 2 2 2 2 2 2 2 2
left_child=10 2 3 8 -5 6 -4 11 9 -2 -1 12 -6 -9
right_child=1 -3 5 4 7 -7 -8 13 -10 -11 -12 -13 -14 -15
leaf_value=-0.014323955867963348 -0.0095762904821080647 0.0096562984332268439 -0.0026164188390380119 -0.0026164188390380119 -0.0026164188390380119 0.0064491377387675131 0.0027996618450135172 0.00014771558490485147 -0.0026164188390380119 -0.0026164188390380119 -0.0026164188390380119 0.0027996618450135172 0.00014771558490485147 0.0027996618450135172
leaf_weight=1.0783555909292757 5.5174612444825462 3.9043083698488763 3.8532050732756025 40.227653389214538 5.0871565591078198 7.0067714415490618 30.172680161078461 5.0125362394610402 0.3001256746938451 0.57361282489728171 0.59272575180511933 0.31577230896800834 3.6681393502512947 4.9074139666045085
leaf_count=95 977 33 134 9156 1201 57 527 516 45 63 68 79 886 432
internal_value=-0.000267035 1.56252e-05 -0.000423759 -0.00197736 -0.00125108 0.00204833 0.00162725 0.00162725 -0.00762704 -0.00859083 -0.0119712 -0.00211533 -0.00261331 0.00279966
internal_weight=112.218 110.547 106.643 65.6099 59.2187 41.0327 34.0259 18.991 6.3912 6.09107 1.67108 9.07107 8.7553 9.91995
internal_count=14269 14106 14073 13355 12270 718 661 3114 1085 1040 163 2166 2087 948
is_linear=0
shrinkage=0.03


Tree=55
num_leaves=12
num_cat=0
split_feature=5 10 4 11 4 11 10 10 11 0 9
split_gain=0.628735 0.310314 0.177541 0.147637 0.155058 0.35473 0.211882 0.0596119 0.0354011 0.174628 0.275728
threshold=99.596366894754013 70.777988614800776 97.587937262126999 8.182725458174561 96.199984799939202 55.310706554697454 14.087301587301589 63.803475935828878 36.910654497456711 84.894244499253602 50.324675324675333
decision_type=2 2 2 2 2 2 2 2 2 2 2
left_child=1 3 8 -1 5 7 -7 -5 -3 -10 -11
right_child=-2 2 -4 4 -6 6 -8 -9 9 10 -12
leaf_value=-0.0072297191142314567 0.006691016390764447 0.00031581776750910323 0.0056149164206680422 -0.0052428580634606477 0.00031581776750910323 -0.0048343113577606258 0.00031581776750910323 0.00011828540974068293 0.00031581776750910323 0.00031581776750910323 0.0056149164206680422
leaf_weight=3.8518927561817682 10.078250035643576 9.4520980105735344 5.8995510523673138 23.233870522351943 7.1272080648923284 3.9419830123661113 21.48863444046583 1.9752027103677381 11.114138906239534 6.4367909670108912 6.2660690230550244
leaf_count=828 79 1251 109 4810 294 651 3361 396 2078 276 187
internal_value=-9.70225e-05 -0.00083486 0.00123388 -0.00214858 -0.00169251 -0.002385 0.000134017 -0.00483431 0.000315818 0.00145065 0.00403189
internal_weight=110.866 100.787 39.1686 61.6188 57.7669 50.6397 25.4306 25.2091 33.2691 23.817 12.7029
internal_count=14320 14241 3901 10340 9512 9218 4012 5206 3792 2541 463
is_linear=0
shrinkage=0.03


Tree=56
num_leaves=14
num_cat=0
split_feature=5 10 11 0 11 10 11 10 1 0 11 9 11
split_gain=0.565282 0.217258 0.147909 0.141584 0.192326 0.14044 0.108042 0.0422028 0.0354384 0.0278816 0.159123 0.282806 0.000868988
threshold=99.596366894754013 70.777988614800776 8.182725458174561 99.195979087375676 55.310706554697454 14.087301587301589 84.69283442591032 63.803475935828878 4.1160104034355536 84.894244499253602 36.239919354838712 50.324675324675333 60.10044282112613
decision_type=2 2 2 2 2 2 2 2 2 2 2 2 2
left_child=1 2 -1 4 7 6 -6 8 -4 -3 -11 -12 -7
right_child=-2 9 3 -5 5 12 -8 -9 -10 10 11 -13 -14
leaf_value=-0.0069228826394714064 0.0064227215005414982 0.00083420376100335153 -0.0069228826394714064 0.00099382353859868173 -0.0036631134001858055 0.00036673057020945778 0.00083420376100335153 0.00036673057020945778 -0.0036631134001858055 0.00099382353859868173 0.00099382353859868173 0.0064227215005414982 0.00083420376100335153
leaf_weight=3.8211476024007416 10.013115849345921 17.023588054347783 0.72976669750643353 2.4439295458141705 2.4841261235997107 2.4685409223893791 1.9787873679306356 1.9944408044684667 23.746889087720774 4.7142274582292911 9.1634458345361072 8.3358187461271864 21.534609333961271
leaf_count=828 79 3209 106 40 417 549 260 403 4786 143 328 221 2951
internal_value=-3.28949e-05 -0.000733447 -0.00183898 -0.00138765 -0.00187234 -0.000139263 -0.00366311 -0.00366311 -0.00399298 0.000993824 0.00190897 0.003968 0.000834204
internal_weight=110.452 100.439 61.2022 57.3811 54.9372 28.4661 4.46291 26.4711 24.4767 39.2371 22.2135 17.4993 24.0032
internal_count=14320 14241 10340 9512 9472 4177 677 5295 4892 3901 692 549 3500
is_linear=0
shrinkage=0.03


Tree=57
num_leaves=10
num_cat=0
split_feature=5 10 4 1 4 9 9 1 4
split_gain=0.585863 0.194532 0.084086 0.144194 0.170646 0.114287 0.0580587 0.0517912 0.0397102
threshold=99.596366894754013 70.777988614800776 98.590129486597007 34.302765436868206 97.587937262126999 96.937821411874722 2.6500526500526504 58.475387933809806 99.596366894754013
decision_type=2 2 2 2 2 2 2 2 2
left_child=1 6 3 4 -3 -5 7 -1 -8
right_child=-2 2 -4 5 -6 -7 8 -9 -10
leaf_value=-0.0092546987770793197 0.0065395952425825084 -0.0017851344856683986 0.0045512738847027692 0.0019393690471622381 0.0019393690471622381 0.0045512738847027692 -0.0017851344856683986 -0.0017851344856683986 0.0026415084054599446
leaf_weight=0.88618181890342274 10.051004536449907 13.206726250820791 3.9765663353027767 19.677774323849015 1.3474350380711246 1.0841686790809024 58.333775190985762 0.5744759984081611 1.1395048575941462
leaf_count=85 79 1314 69 2371 27 120 10169 61 25
internal_value=-1.93021e-05 -0.000735152 0.000897022 0.000371563 -0.00178513 0.00193937 -0.00178513 -0.00653175 -0.00178513
internal_weight=110.278 100.227 39.2927 35.3161 14.5542 20.7619 60.9339 1.46066 59.4733
internal_count=14320 14241 3901 3832 1341 2491 10340 146 10194
is_linear=0
shrinkage=0.03


Tree=58
num_leaves=15
num_cat=0
split_feature=5 11 10 0 11 10 11 1 10 0 11 0 10 1
split_gain=0.587514 0.184014 0.14068 0.0877868 0.117949 0.139586 0.0698414 0.0403198 0.036749 0.153205 0.0984106 0.0972728 0.00819071 0.00668285
threshold=99.596366894754013 4.23814760508309 70.777988614800776 99.195979087375676 55.310706554697454 15.907653383934219 82.83282831926509 4.1160104034355536 94.160272804774095 98.590129486597007 85.957859494088595 94.799979199916805 49.675324675324681 53.259609812632803
decision_type=2 2 2 2 2 2 2 2 2 2 2 2 2 2
left_child=1 -1 3 4 7 6 -6 12 -4 10 -10 -12 -3 -7
right_child=-2 2 8 -5 5 13 -8 -9 9 -11 11 -13 -14 -15
leaf_value=-0.0070460957252389302 0.0065689346590087497 -0.0070460957252389302 0.00093523800717215948 0.00093523800717215948 -0.0030695871139185217 0.0007506985791450512 0.0007506985791450512 -0.0030695871139185217 0.00093523800717215948 0.0065689346590087497 0.00093523800717215948 0.0065689346590087497 -0.0030695871139185217 0.00093523800717215948
leaf_weight=2.9882540713297194 10.017470255494116 0.40635758161080104 29.173245960497297 2.5195397238712749 2.5141389586497125 13.81040783016943 2.6727743142982945 26.812234236043878 5.031697014695963 1.821283647790551 1.4007825853768738 0.97647436277475197 0.36105637229047716 9.6644393450114858
leaf_count=588 79 57 2960 41 439 1971 325 5566 596 22 139 22 73 1442
internal_value=-9.84202e-06 -0.0007263 -0.000462138 -0.00137577 -0.0017051 -0.000332901 -0.00306959 -0.00306959 0.000935238 0.00275691 0.000935238 0.00618676 -0.0070461 0.000750699
internal_weight=110.17 100.153 97.1644 58.7609 56.2414 28.6618 5.18691 27.5796 38.4035 9.23024 7.40895 2.37726 0.767414 23.4748
internal_count=14320 14241 13653 9914 9873 4177 764 5696 3739 779 757 161 130 3413
is_linear=0
shrinkage=0.03


Tree=59
num_leaves=15
num_cat=0
split_feature=5 11 9 0 10 10 11 0 0 11 10 1 1 1
split_gain=0.531426 0.170985 0.135587 0.278225 0.221801 0.148352 0.1802 0.137367 0.0987285 0.0661301 0.0915833 0.056939 0.0296621 0.0443027
threshold=99.596366894754013 4.23814760508309 2.6500526500526504 99.195979087375676 13.383084577114429 94.160272804774095 81.544615335087869 86.908345232686457 98.590129486597007 60.714256796421139 63.803475935828878 32.663310491951648 33.065324196780665 4.1160104034355536
decision_type=2 2 2 2 2 2 2 2 2 2 2 2 2 2
left_child=1 -1 -3 4 12 9 8 -8 -7 10 13 -12 -4 -6
right_child=-2 2 3 -5 5 6 7 -9 -10 -11 11 -13 -14 -15
leaf_value=-0.0067818945596629853 0.0062616084407877033 -0.0067818945596629853 -0.0067818945596629853 0.0062616084407877033 -0.0067818945596629853 -0.00056052794680517301 -0.00055439404449302628 0.0062616084407877033 0.0062616084407877033 -0.00056052794680517301 -0.0029582864526751266 -0.00056052794680517301 -0.0029582864526751266 -0.0029582864526751266
leaf_weight=2.9717112387297666 10.016863267868755 1.6492352082859714 2.5617507417919105 3.9419703977182499 0.65371815906838548 4.3375129991909471 0.80725265515502576 2.4865789103787392 0.52082810131832946 34.535624141804874 6.499132061610001 10.860749045619739 5.0440223090117797 23.144390463246964
leaf_count=588 79 163 442 56 110 531 139 64 7 3932 752 1666 986 4805
internal_value=5.09063e-06 -0.00067731 -0.000423105 -0.000234445 -0.00060356 -0.000131214 0.0034807 0.00626161 -0.000554394 -0.000560528 -0.00175184 -0.000560528 -0.00519037 -0.00295829
internal_weight=110.031 100.014 97.0428 95.3935 91.4516 83.8458 8.15217 3.29383 4.85834 75.6936 41.158 17.3599 7.60577 23.7981
internal_count=14320 14241 13653 13490 13434 12006 741 203 538 11265 7333 2418 1428 4915
is_linear=0
shrinkage=0.03


Tree=60
num_leaves=11
num_cat=0
split_feature=3 4 1 11 5 11 1 1 1 1
split_gain=0.56615 0.197098 0.216257 0.149577 0.100515 0.188536 0.0250087 0.0190031 0.0137566 0.00564712
threshold=99.596366894754013 99.799397992772711 0.90304240004838821 4.613846166228039 94.159107873044732 29.678144167122131 86.102704939313313 98.896147099739935 60.904470230784163 8.9354624085163028
decision_type=2 2 2 2 2 2 2 2 2 2
left_child=1 2 -1 7 6 -6 9 -4 -7 -5
right_child=-2 -3 3 4 5 8 -8 -9 -10 -11
leaf_value=-0.01023938511769778 0.0065610534188386693 0.0046996316199567085 -0.0076301552075390697 -0.0037796520912642437 -0.0016656072016439916 0.0010694809850793265 -0.0016656072016439916 -0.0016656072016439916 0.0025671184960979264 -0.0021803440140377587
leaf_weight=1.4599469897802908 8.3635996256489289 4.0059539410285643 2.6356246214127177 3.4971840129001057 5.2888783988310015 20.481156502733942 8.8641612671781314 0.28401117166504253 8.5224998667836172 48.21598252444528
leaf_count=98 80 33 553 889 146 407 1632 68 130 10272
internal_value=-0.000511502 -0.00114181 -0.00142211 -0.00118816 -0.000940186 0.000352146 -0.00166561 -0.0069502 0.00158044 -0.00235815
internal_weight=111.619 103.255 99.2494 97.7895 94.8699 34.2925 60.5773 2.91964 29.0037 51.7132
internal_count=14308 14228 14195 14097 13476 683 12793 621 537 11161
is_linear=0
shrinkage=0.03


Tree=61
num_leaves=9
num_cat=0
split_feature=3 10 5 1 11 11 1 1
split_gain=0.498657 0.306091 0.336463 0.15663 0.112938 0.0283783 0.0249342 0.0114668
threshold=99.596366894754013 96.327493261455544 98.194581934954257 40.744429330224129 4.613846166228039 24.419802867383513 98.590129486597007 0.50142139962499255
decision_type=2 2 2 2 2 2 2 2
left_child=1 4 3 -3 6 -5 -1 -6
right_child=-2 2 -4 5 7 -7 -8 -9
leaf_value=-0.0076265047546224185 0.0061664325329483924 -0.0015562265624494815 0.0061664325329483924 -0.0008432124347697215 -0.0044723487882093304 0.0056461828202187302 -0.0015562265624494815 -0.0015562265624494815
leaf_weight=2.4989007770782337 8.3176809973083419 2.3637088753748676 2.5789551138877869 0.45482154900673855 1.074499622802249 2.2893518618075177 0.29158529848791648 91.554253288311884
leaf_count=533 80 248 26 75 40 258 70 12978
internal_value=-0.000488598 -0.00107954 0.00433568 -0.00155623 -0.00155623 0.00463268 -0.00679593 -0.00155623
internal_weight=111.424 103.106 7.68684 5.10788 95.4192 2.74417 2.79049 92.6288
internal_count=14308 14228 607 581 13621 333 603 13018
is_linear=0
shrinkage=0.03


Tree=62
num_leaves=9
num_cat=0
split_feature=3 10 5 1 11 11 1 1
split_gain=0.452054 0.312628 0.30979 0.163783 0.107775 0.0290596 0.0243596 0.00998655
threshold=99.596366894754013 96.327493261455544 98.194581934954257 40.744429330224129 4.613846166228039 24.419802867383513 98.590129486597007 0.50142139962499255
decision_type=2 2 2 2 2 2 2 2
left_child=1 4 3 -3 6 -5 -1 -6
right_child=-2 2 -4 5 7 -7 -8 -9
leaf_value=-0.0075133740380282817 0.0058455440799772239 -0.0015517337564750467 0.0058455440799772239 -0.00082912754068921132 -0.0043349402144957274 0.0057682778441515339 -0.0015517337564750467 -0.0015517337564750467
leaf_weight=2.4814978865906596 8.2727451047394407 2.3659156524809069 2.5756001695990562 0.45466435234993774 1.0743821475189168 2.3150629908777773 0.29157093632966269 91.566481261746958
leaf_count=533 80 248 26 75 40 258 70 12978
internal_value=-0.000508211 -0.00106916 0.00439462 -0.00150287 -0.00155173 0.00475263 -0.00668456 -0.00155173
internal_weight=111.398 103.125 7.71124 5.13564 95.4139 2.76973 2.77307 92.6409
internal_count=14308 14228 607 581 13621 333 603 13018
is_linear=0
shrinkage=0.03


Tree=63
num_leaves=8
num_cat=0
split_feature=3 10 5 1 4 1 5
split_gain=0.38087 0.295477 0.27494 0.163756 0.0203711 0.013399 0.00973049
threshold=99.596366894754013 96.327493261455544 98.194581934954257 40.744429330224129 26.231091214687442 0.50142139962499255 94.159107873044732
decision_type=2 2 2 2 2 2 2
left_child=1 5 3 -3 -5 -1 -7
right_child=-2 2 -4 4 -6 6 -8
leaf_value=-0.0040878294015467102 0.0053390996066005223 -0.0014791439122432241 0.0053390996066005223 0.00020401510099257435 0.0053390996066005223 -0.0019149524174907398 -0.0014791439122432241
leaf_weight=1.0935238783713419 8.2743323331233096 2.3695282987318924 2.5662797652184963 0.8229948673397306 2.0046223382232711 59.292869018274359 34.894867218681611
leaf_count=42 80 248 26 113 220 12886 693
internal_value=-0.000492708 -0.00100781 0.00428563 -0.00145047 0.00477205 -0.00147914 -0.00147914
internal_weight=111.319 103.045 7.76343 5.19715 2.82762 95.2813 94.1877
internal_count=14308 14228 607 581 333 13621 13579
is_linear=0
shrinkage=0.03


Tree=64
num_leaves=9
num_cat=0
split_feature=4 1 1 10 5 5 11 5
split_gain=0.302529 0.264475 0.206018 0.157727 0.324831 0.0824344 0.0272057 0.00221029
threshold=99.799397992772711 98.896147099739935 0.50142139962499255 96.327493261455544 98.194581934954257 98.194581934954257 62.688131800914313 99.799397992772711
decision_type=2 2 2 2 2 2 2 2
left_child=1 2 -1 6 -5 -3 7 -4
right_child=-2 5 3 4 -6 -7 -8 -9
leaf_value=-0.01115806131886907 0.0058488262892792062 -0.0012889947017468999 -0.0020459762234572884 -0.0012889947017468999 0.0058488262892792062 0.0058488262892792062 -0.0012889947017468999 -0.0012889947017468999
leaf_weight=0.8174903952749436 5.3916430731769642 1.0369718655711024 51.000481591792777 5.0846365429460985 3.1673528216779232 0.82873249053955089 43.174752872087993 0.66297859698533912
leaf_count=49 44 150 8964 569 30 6 4491 5
internal_value=-0.000498217 -0.000873496 -0.0011217 -0.000935685 0.00282526 0.00584883 -0.00128899 -0.00199361
internal_weight=111.165 105.773 103.908 103.09 8.25199 1.8657 94.8382 51.6635
internal_count=14308 14264 14108 14059 599 156 13460 8969
is_linear=0
shrinkage=0.03


Tree=65
num_leaves=10
num_cat=0
split_feature=1 5 3 11 5 4 9 1 1
split_gain=0.364488 0.376385 0.139752 0.0982894 0.0832735 0.01374 0.0125574 0.097128 0.0118427
threshold=0.50142139962499255 97.587937262126999 97.289663098046347 36.910654497456711 99.799397992772711 99.596366894754013 2.6500526500526504 58.475387933809806 8.5338414080929077
decision_type=2 2 2 2 2 2 2 2 2
left_child=-1 2 6 -4 5 -3 7 -2 -8
right_child=1 4 3 -5 -6 -7 8 -9 -10
leaf_value=-0.010809178231350676 -0.0090882214022550024 0.0030850605938761975 -0.0012988152292302785 0.0030850605938761975 0.0071216406864620281 0.0061977888609223118 -0.0026439449845286553 -0.0012988152292302785 -0.0012988152292302785
leaf_weight=1.8319747116183851 0.68258716457057633 19.303970653447337 2.2467620342504224 4.4275020905770361 4.1837391555309287 3.7337079111021003 6.1459201712859786 0.51844727690331638 68.444889013306238
leaf_count=52 95 274 71 78 32 35 1007 73 12645
internal_value=-0.000182722 9.08099e-05 -0.000922689 0.00296122 0.00308506 0.00308506 -0.00129882 -0.00372804 -0.00129882
internal_weight=111.52 109.688 82.4661 6.67426 27.2214 23.0377 75.7918 1.20103 74.5908
internal_count=14362 14310 13969 149 341 309 13820 168 13652
is_linear=0
shrinkage=0.03


Tree=66
num_leaves=11
num_cat=0
split_feature=5 10 3 9 9 10 9 3 9 9
split_gain=0.148143 0.271643 0.594868 0.218892 0.021906 0.0214991 0.0132161 0.00836183 0.0181703 0.000761102
threshold=97.587937262126999 94.392033542976961 99.799397992772711 50.324675324675333 81.649831649831668 13.383084577114429 1.9419306184012068 90.599962399849616 86.72955974842769 9.9019607843137276
decision_type=2 2 2 2 2 2 2 2 2 2
left_child=5 2 3 -2 -5 -1 -7 8 9 -8
right_child=1 -3 -4 4 -6 6 7 -9 -10 -11
leaf_value=-0.0024429061684045758 -0.00085014151236330457 0.0071041147593033892 0.0071041147593033892 0.0019105324060267788 0.0051613285495969033 -0.0024429061684045758 -0.0024429061684045758 -0.00085014151236330457 -0.00085014151236330457 -0.0015695294604794378
leaf_weight=6.9119910455774507 9.1395386439981028 5.3767872042953959 3.7962325476109973 5.5291002294979972 4.8668019622564316 0.6283330938895223 3.0619386984035364 26.620207319618203 6.8491943025728679 38.480522551224567
leaf_count=1478 135 55 30 78 62 90 709 893 1552 9280
internal_value=-0.000204881 0.00161675 0.000112185 -0.000850142 0.00375175 -0.000850142 -0.000850142 -0.000850142 -0.00137623 -0.00170027
internal_weight=111.261 28.7085 23.3317 19.5354 10.3959 82.5522 75.6402 75.0119 48.3917 41.5425
internal_count=14362 360 305 275 140 14002 12524 12434 11541 9989
is_linear=0
shrinkage=0.03


Tree=67
num_leaves=9
num_cat=0
split_feature=1 5 10 10 10 3 1 3
split_gain=0.331157 0.266835 0.496534 0.118448 0.0358063 0.0512061 0.0381998 0.0248001
threshold=0.50142139962499255 97.587937262126999 94.392033542976961 64.820473644003059 75.162337662337677 98.896147099739935 11.345188411056677 92.361801330068786
decision_type=2 2 2 2 2 2 2 2
left_child=-1 4 3 5 6 -3 7 -2
right_child=1 2 -4 -5 -6 -7 -8 -9
leaf_value=-0.010273160823250797 -0.004755706942459849 -0.0011964043835206877 0.010185800186538209 0.0027714259858962545 0.00012230484555660198 0.0015789436780024601 -0.0011964043835206877 -0.0011964043835206877
leaf_weight=1.8435964377131302 3.7015911319758734 5.9732548152096623 5.1163207963109008 10.50120362639427 27.527451411588117 5.4926586905494332 49.912376488675363 1.0225629075430331
leaf_count=52 1022 114 51 112 3182 64 9715 50
internal_value=-0.000165957 9.62418e-05 0.00262379 0.000495732 -0.000758438 -0.000758438 -0.0011964 -0.00369764
internal_weight=111.091 109.247 27.0834 21.9671 82.164 11.4659 54.6365 4.72415
internal_count=14362 14310 341 290 13969 178 10787 1072
is_linear=0
shrinkage=0.03


Tree=68
num_leaves=11
num_cat=0
split_feature=1 5 10 5 9 5 9 10 9 0
split_gain=0.198403 0.244069 0.184319 0.253308 0.163896 0.281748 0.0946247 0.0344639 0.0269084 0.0045932
threshold=0.50142139962499255 99.799397992772711 75.162337662337677 98.590129486597007 42.168338907469348 93.768837927161385 98.095065312046458 13.383084577114429 2.6500526500526504 91.999967999872013
decision_type=2 2 2 2 2 2 2 2 2 2
left_child=-1 2 7 4 -4 6 9 -2 -9 -6
right_child=1 -3 3 -5 5 -7 -8 8 -10 -11
leaf_value=-0.0081933313922137683 -0.0030655664080878335 0.0064338258605739435 -0.0012399374684700926 0.006071601677443912 -0.0012399374684700926 0.0058343118559701932 0.0058343118559701932 -0.0030655664080878335 -0.0012399374684700926 0.0021321150420683605
leaf_weight=1.7195123136043537 8.767687230021691 4.0797841884195796 13.578942430554891 7.0932050570845595 7.8433553900104016 8.2475745419505966 0.56339336140081364 0.54523414198774744 57.669516247464344 0.91355837183073152
leaf_count=52 1512 32 1440 78 1491 125 118 90 9370 54
internal_value=-0.000189224 9.8339e-06 -0.000297468 0.00134292 0.000110664 0.00210448 -0.00123994 -0.00123994 -0.00123994 -0.00123994
internal_weight=111.022 109.302 105.222 38.24 31.1468 17.5679 9.32031 66.9824 58.2148 8.75691
internal_count=14362 14310 14278 3306 3228 1788 1663 10972 9460 1545
is_linear=0
shrinkage=0.03


Tree=69
num_leaves=9
num_cat=0
split_feature=1 5 10 4 0 10 9 11
split_gain=0.149868 0.234213 0.167747 0.649197 0.0742533 0.0487374 0.04573 0.0184945
threshold=0.50142139962499255 99.799397992772711 94.160272804774095 97.289663098046347 98.590129486597007 13.383084577114429 40.331196581196586 80.240728220977402
decision_type=2 2 2 2 2 2 2 2
left_child=-1 2 5 4 -4 7 -7 -2
right_child=1 -3 3 -5 -6 6 -8 -9
leaf_value=-0.0072138771331729627 -0.0039846383421779721 0.0062761701342672746 -0.00076165447752817787 0.0062761701342672746 0.0062761701342672746 -0.0019541587239040874 -0.00076165447752817787 -0.0019541587239040874
leaf_weight=1.6870022466173384 6.0771998739801329 4.0421241894364348 6.8311817978974414 3.2955813240259886 0.99845961481332768 32.119224857538939 53.335606090025976 2.6257474097656086
leaf_count=52 1214 32 769 45 10 4368 7574 298
internal_value=-0.000214301 -4.18818e-05 -0.00034122 0.00298646 -0.000761654 -0.000761654 -0.000761654 -0.00290185
internal_weight=111.012 109.325 105.283 11.1252 7.82964 94.1578 85.4548 8.70295
internal_count=14362 14310 14278 824 779 13454 11942 1512
is_linear=0
shrinkage=0.03


Tree=70
num_leaves=9
num_cat=0
split_feature=4 1 10 3 0 1 0 1
split_gain=0.168115 0.218877 0.174319 0.440521 0.234985 0.192869 0.0223714 0.00284
threshold=99.799397992772711 0.50142139962499255 74.813432835820905 91.725521342456844 84.894244499253602 1.3046634004717841 95.568978386447739 49.195167767845582
decision_type=2 2 2 2 2 2 2 2
left_child=1 -1 5 -4 -5 -3 -6 -7
right_child=-2 2 3 4 6 7 -8 -9
leaf_value=-0.010353396910046065 0.005895733206001094 -0.0095525186421269639 -0.000235316839820044 -0.000235316839820044 0.0031848835736546306 -0.0007145029318502299 0.005895733206001094 -0.000235316839820044
leaf_weight=0.64101991942152281 4.5557867349125436 1.0001917445333663 15.482590247527694 4.6935765550006208 7.288257512496787 33.584849533624947 10.997375959763302 32.232292394153774
leaf_count=48 40 73 3047 134 121 5152 133 5562
internal_value=0.000804065 0.000531971 0.000695043 0.00227631 0.00495289 -0.000235317 0.00589573 -0.000235317
internal_weight=110.476 105.92 105.279 38.4618 22.9792 66.8173 18.2856 65.8171
internal_count=14310 14270 14222 3435 388 10787 254 10714
is_linear=0
shrinkage=0.03


Tree=71
num_leaves=10
num_cat=0
split_feature=4 1 10 11 1 5 9 11 5
split_gain=0.153719 0.218113 0.163033 0.317351 0.290627 0.234868 0.178192 0.0423751 0.00900786
threshold=99.799397992772711 0.50142139962499255 74.813432835820905 36.910654497456711 1.3046634004717841 89.547728135883588 22.401433691756274 55.310706554697454 58.475387933809806
decision_type=2 2 2 2 2 2 2 2 2
left_child=1 -1 4 -4 -3 8 -7 -6 -5
right_child=-2 2 3 5 7 6 -8 -9 -10
leaf_value=-0.010307150198770836 0.0057234563847218456 -0.010307150198770836 -0.00015601285958757936 1.8063027002529675e-06 -0.0010962525522176013 0.00047344234783271524 0.0057234563847218456 1.8063027002529675e-06 0.00047344234783271524
leaf_weight=0.63433498074300487 4.5366497756913295 0.91502418217714776 10.499809974455273 4.7512725100386906 32.482213162700646 6.0222612359793883 13.103266439633442 33.337252261000685 4.1152709204470739
leaf_count=48 40 73 1110 1146 6378 115 225 4336 839
internal_value=0.000844463 0.000583771 0.000745836 0.00227376 -0.000156013 0.00407415 0.00572346 -0.000156013 1.8063e-06
internal_weight=110.397 105.861 105.226 38.4919 66.7345 27.9921 19.1255 65.8195 8.86654
internal_count=14310 14270 14222 3435 10787 2325 340 10714 1985
is_linear=0
shrinkage=0.03


Tree=72
num_leaves=12
num_cat=0
split_feature=10 4 3 11 1 10 11 9 11 11 4
split_gain=0.127407 0.281879 0.275284 0.326601 0.31004 0.378402 0.0674095 0.336722 0.439764 0.0260251 0.0181484
threshold=66.450216450216459 99.799397992772711 91.725521342456844 36.910654497456711 34.302765436868206 81.725417439703179 55.310706554697454 6.7117117117117129 35.305799690940709 10.200040800163203 93.399973599894409
decision_type=2 2 2 2 2 2 2 2 2 2 2
left_child=6 2 -2 -4 5 -5 7 8 -1 -9 -11
right_child=1 -3 3 4 -6 -7 -8 9 -10 10 -12
leaf_value=-0.017707920822305222 -6.7786917244168861e-05 0.0094309739106632866 -6.7786917244168861e-05 -6.7786917244168861e-05 0.008741176627136785 0.0070414140896253065 -6.7786917244168861e-05 -0.0022567548715562626 -0.00037305789605037782 -0.00037305789605037782 -6.7786917244168861e-05
leaf_weight=1.4493953775381698 20.010068126604892 3.2049195407889775 6.339776334003548 3.4348537023179251 10.420964576420372 6.1059219059534371 30.279093996738084 4.4560637663817095 0.89445543126203109 20.101140005979691 3.5869913956848896
leaf_count=221 4096 24 132 58 174 87 3929 921 76 4424 168
internal_value=0.000856632 0.00196997 0.00126522 0.0034185 0.00539602 0.00125961 -6.77869e-05 -0.0014559 -0.0104583 -0.000373058 -6.77869e-05
internal_weight=110.284 49.5165 46.3116 26.3015 19.9617 9.54078 60.7671 30.488 2.34385 28.1442 23.6881
internal_count=14310 4571 4547 451 319 145 9739 5810 297 5513 4592
is_linear=0
shrinkage=0.03


Tree=73
num_leaves=11
num_cat=0
split_feature=1 10 0 10 1 11 3 1 9 11
split_gain=0.109078 0.216167 0.428687 0.207212 0.118296 0.0948517 0.155331 0.0417004 0.0810469 0.00673812
threshold=0.50142139962499255 74.813432835820905 96.199984799939202 86.616915422885583 1.3046634004717841 36.910654497456711 91.725521342456844 49.195167767845582 96.261355695317974 99.347668299764123
decision_type=2 2 2 2 2 2 2 2 2 2
left_child=-1 4 5 -4 -2 -3 -7 8 9 -6
right_child=1 2 3 -5 7 6 -8 -9 -10 -11
leaf_value=-0.0050203933997028044 -0.0050203933997028044 0.0002159172490550438 0.0020538299154008546 0.0096503774071488684 -0.0016694361393511429 0.0002159172490550438 0.0020538299154008546 0.0002159172490550438 0.0002159172490550438 0.0002159172490550438
leaf_weight=1.7827063188888121 1.1908690218115214 7.6433321689255633 6.0550053556216872 8.0894223283976299 31.824550422374159 8.9902945702197048 9.2582847743760777 32.934800254879519 1.9079450601711858 0.51502138050272961
leaf_count=58 75 1070 91 97 4917 2013 174 5568 216 31
internal_value=0.000875523 0.00101748 0.00273874 0.00674876 -1.53699e-05 0.000378618 0.00205383 0.000215917 -0.000816599 -0.00160517
internal_weight=110.192 108.41 40.0363 14.1444 68.3732 25.8919 18.2486 67.1823 34.2475 32.3396
internal_count=14310 14252 3445 188 10807 3257 2187 10732 5164 4948
is_linear=0
shrinkage=0.03


Tree=74
num_leaves=7
num_cat=0
split_feature=4 1 10 3 1 0
split_gain=0.100435 0.153484 0.124915 0.379201 0.286175 0.196411
threshold=99.799397992772711 0.50142139962499255 74.813432835820905 91.725521342456844 1.3046634004717841 84.894244499253602
decision_type=2 2 2 2 2 2
left_child=1 -1 4 -4 -3 -5
right_child=-2 2 3 5 -6 -7
leaf_value=-0.0085322338935498159 0.0049164791129162238 -0.0085322338935498159 6.7737686419484558e-05 6.7737686419484558e-05 6.7737686419484558e-05 0.0049164791129162238
leaf_weight=0.59348123683594067 4.486368743935599 0.8843542312970375 15.489834748907013 4.6987125369487392 65.33533616294153 18.482757254969329
leaf_count=48 40 73 3047 134 10714 254
internal_value=0.000947195 0.000733791 0.0008663 0.00219756 6.77377e-05 0.00471051
internal_weight=109.971 105.484 104.891 38.6713 66.2197 23.1815
internal_count=14310 14270 14222 3435 10787 388
is_linear=0
shrinkage=0.03


Tree=75
num_leaves=7
num_cat=0
split_feature=4 1 5 10 1 1
split_gain=0.129949 0.1657 0.093071 0.0225483 0.238188 0.00998082
threshold=99.799397992772711 98.590129486597007 99.195979087375676 74.10976120653541 1.3046634004717841 90.954764732976187
decision_type=2 2 2 2 2 2
left_child=1 3 -3 4 -1 -6
right_child=-2 2 -4 -5 5 -7
leaf_value=-0.011364946012909685 0.0041685930411698895 -0.00075284463168600951 0.0041685930411698895 -0.00075284463168600951 -0.0012194607506192626 -0.00075284463168600951
leaf_weight=1.066684185178018 4.569927043747156 1.539033951936289 0.6870177462697028 38.960510445409454 56.881677726632915 5.0964172563981256
leaf_count=105 40 216 4 3482 9731 780
internal_value=-0.000301486 -0.000535224 0.00416859 -0.000752845 -0.00132356 -0.000973024
internal_weight=108.801 104.231 2.22605 102.005 63.0448 61.9781
internal_count=14358 14318 220 14098 10616 10511
is_linear=0
shrinkage=0.03


Tree=76
num_leaves=12
num_cat=0
split_feature=4 10 0 11 9 11 11 0 0 10 11
split_gain=0.114984 0.0392678 0.0960103 0.0345944 0.0403686 0.16159 0.0166487 0.0200696 0.0255744 0.00130021 0.0567604
threshold=99.799397992772711 75.162337662337677 99.799397992772711 18.756237524950105 21.82846932698035 98.092905098893141 36.910654497456711 83.685784059193892 95.963668947539929 13.383084577114429 85.040222585132781
decision_type=2 2 2 2 2 2 2 2 2 2 2
left_child=1 9 3 -3 -5 6 8 -8 -6 10 -1
right_child=-2 2 -4 4 5 -7 7 -9 -10 -11 -12
leaf_value=-0.0036057904980283861 0.0039094886168597682 -0.00095983610714881623 0.0039094886168597682 -0.00095983610714881623 -0.00095983610714881623 0.0039094886168597682 -0.00080810224809020582 0.0011584272357593678 0.0011584272357593678 -0.00095983610714881623 -0.00095983610714881623
leaf_weight=6.7269681689795089 4.5478229618165633 4.7350784827722228 0.5600239560008039 9.6572781610302609 2.7985571490135106 1.1855745268985618 6.7867087605409351 10.922486903611569 1.3593069892376659 57.153868573368527 2.3584970107767731
leaf_count=1303 40 573 5 789 341 57 1255 324 19 9421 231
internal_value=-0.000304562 -0.000523807 0.000241277 -0.000127459 0.000359678 0.00103741 -5.34327e-05 0.000401881 -0.000959836 -0.000959836 -0.00141522
internal_weight=108.792 104.244 38.005 37.445 32.7099 23.0526 21.8671 17.7092 4.15786 66.2393 9.08547
internal_count=14358 14318 3363 3358 2785 1996 1939 1579 360 10955 1534
is_linear=0
shrinkage=0.03


Tree=77
num_leaves=13
num_cat=0
split_feature=4 1 10 1 11 11 1 10 1 10 1 1
split_gain=0.0801407 0.140202 0.0507626 0.215962 0.0856481 0.0470372 0.0244744 0.0112285 0.00304584 0.00122472 0.000766748 0.0152329
threshold=99.799397992772711 98.590129486597007 74.10976120653541 1.3046634004717841 18.756237524950105 98.893355680787678 96.582911121346555 75.162337662337677 90.954764732976187 94.073748902546114 18.172745418254404 41.146845446301349
decision_type=2 2 2 2 2 2 2 2 2 2 2 2
left_child=1 2 3 -1 -4 6 7 10 -5 -9 -6 -12
right_child=-2 -3 4 8 5 -7 -8 9 -10 -11 11 -13
leaf_value=-0.010808580623089087 0.0031856635351636469 0.0031856635351636469 -0.00090955632371704802 -0.0011580757657629762 -0.00090955632371704802 0.0031856635351636469 0.0031856635351636469 0.00037305157566201768 -0.00090955632371704802 0.00080979245102273212 -0.00090955632371704802 0.00037305157566201768
leaf_weight=1.0646889428026032 4.5678164064884177 2.2177441437961525 4.5727116070920593 56.779186835628934 0.43291640118695685 1.3057298879139114 0.65515492542181064 21.496616178774278 5.1001907271565861 9.5901992565486562 0.39511942584067583 0.48151842714287341
leaf_count=105 40 220 574 9731 27 45 50 2006 780 667 28 85
internal_value=-0.000327355 -0.000510362 -0.00072334 -0.00124341 0.000127618 0.000939329 0.000581674 0.000379024 -0.000909556 0.000528823 -0.000909556 0.000373052
internal_weight=108.66 104.092 101.874 62.9441 38.93 34.3573 33.0515 32.3964 61.8794 31.0868 1.30955 0.876638
internal_count=14358 14318 14098 10616 3482 2908 2863 2813 10511 2673 140 113
is_linear=0
shrinkage=0.03


Tree=78
num_leaves=7
num_cat=0
split_feature=9 4 1 5 1 1
split_gain=0.120562 0.147582 0.149769 0.12816 0.112704 0.0151125
threshold=2.6500526500526504 99.799397992772711 98.590129486597007 99.195979087375676 57.271746828922808 0.50142139962499255
decision_type=2 2 2 2 2 2
left_child=4 2 5 -4 -1 -2
right_child=1 -3 3 -5 -6 -7
leaf_value=-0.010567449511244789 -0.0035375026245777763 0.0046293318668892769 -0.00064003528672528062 0.0046293318668892769 -0.00064003528672528062 -0.00064003528672528062
leaf_weight=1.0085789161385021 0.66889636544510622 4.4483155631460241 1.5104359246324741 0.67348591983318318 0.705526180448942 99.579824391985312
leaf_count=96 49 38 210 4 78 13883
internal_value=-0.000345681 -0.000185361 -0.000437183 0.00462933 -0.00659075 -0.000640035
internal_weight=108.595 106.881 102.433 2.18392 1.71411 100.249
internal_count=14358 14184 14146 214 174 13932
is_linear=0
shrinkage=0.03


Tree=79
num_leaves=9
num_cat=0
split_feature=10 4 4 10 10 11 1 10
split_gain=0.0708073 0.554402 0.0869433 0.156451 0.0127405 0.0102375 0.00497214 0.00556468
threshold=88.1474978050922 99.799397992772711 95.17587452425397 96.327493261455544 1.6896648831315124 1.2573632112710271 90.954764732976187 75.162337662337677
decision_type=2 2 2 2 2 2 2 2
left_child=4 2 -2 -4 -1 -6 7 -7
right_child=1 -3 3 -5 5 6 -8 -9
leaf_value=-0.0032174924947223254 -0.00072898578245509944 0.01532456540282494 -0.00072898578245509944 0.0068904211719663308 -0.0032174924947223254 -0.001164720337188892 -0.00072898578245509944 -0.00072898578245509944
leaf_weight=0.93742975988425215 14.760045683593495 1.2397562041878689 2.8549081566743544 2.8362749514635652 0.55175408395007153 60.935379619360901 7.8892667943146071 16.582687133457512
leaf_count=82 1574 8 74 44 130 9888 1015 1543
internal_value=-0.000346057 0.00115252 -0.000380936 0.00275844 -0.000728986 -0.000728986 -0.000728986 -0.00101044
internal_weight=108.588 21.691 20.4512 5.69118 86.8965 85.9591 85.4073 77.5181
internal_count=14358 1700 1692 118 12658 12576 12446 11431
is_linear=0
shrinkage=0.03


Tree=80
num_leaves=10
num_cat=0
split_feature=0 3 1 5 11 5 9 1 1
split_gain=0.538535 0.352862 0.146997 0.219281 0.0423913 0.0329512 0.0289656 0.0205935 0.0042596
threshold=99.195979087375676 99.596366894754013 2.9111474021653669 97.587937262126999 97.784489193223877 98.896147099739935 96.937821411874722 11.746809411480074 99.596366894754013
decision_type=2 2 2 2 2 2 2 2 2
left_child=2 -2 3 4 -1 6 8 -8 -4
right_child=1 -3 5 -5 -6 -7 7 -9 -10
leaf_value=-0.013008666596351283 0.00095867921562725795 0.010808893216976203 -0.00071708651611513655 -0.00071708651611513655 -0.00071708651611513655 0.00095867921562725795 -0.00071708651611513655 0.00095867921562725795 0.00095867921562725795
leaf_weight=1.4885408596019254 7.6304305496159923 5.0330544002354145 84.062034307979047 1.5833425314631311 0.3734069860074668 5.7160673928447059 0.42498478549532492 3.7809240472270176 0.51163599535357107
leaf_count=249 93 41 13230 34 66 70 40 467 87
internal_value=-0.000206792 0.00537816 -0.00097597 -0.00631786 -0.0115734 -0.000717087 -0.000717087 0.000958679 -0.000717087
internal_weight=110.604 12.6635 97.9409 3.44529 1.86195 94.4956 88.7796 4.20591 84.5737
internal_count=14377 134 14243 349 315 13894 13824 507 13317
is_linear=0
shrinkage=0.03


Tree=81
num_leaves=7
num_cat=0
split_feature=5 9 4 1 5 9
split_gain=0.412137 0.172735 0.183708 0.121526 0.0088962 0.0108257
threshold=99.596366894754013 2.6500526500526504 99.799397992772711 58.475387933809806 98.896147099739935 97.720906544435977
decision_type=2 2 2 2 2 2
left_child=1 3 4 -1 5 -3
right_child=-2 2 -4 -5 -6 -7
leaf_value=-0.012439571904056694 0.0052378999004275293 -0.00081639951275608964 0.0052378999004275293 -0.00081639951275608964 0.00031081225569837089 0.00031081225569837089
leaf_weight=0.93671550811268278 10.267821829766033 87.739519014954567 1.6325548370368768 0.66119789076037705 5.8259419784881166 3.4656515636015675
leaf_count=101 88 13565 17 70 83 453
internal_value=-0.00020691 -0.000810734 -0.000603323 -0.00845557 -0.0008164 -0.0008164
internal_weight=110.529 100.262 98.6637 1.59791 97.0311 91.2052
internal_count=14377 14289 14118 171 14101 14018
is_linear=0
shrinkage=0.03


Tree=82
num_leaves=8
num_cat=0
split_feature=0 3 1 11 9 11 11
split_gain=0.510741 0.34096 0.211213 0.215991 0.0234211 0.0568466 0.00370482
threshold=99.195979087375676 99.596366894754013 2.9111474021653669 94.763338093074594 92.257742257742265 26.458776138134859 81.268863179074458
decision_type=2 2 2 2 2 2 2
left_child=2 -2 3 -1 6 -6 -4
right_child=1 -3 4 -5 5 -7 -8
leaf_value=-0.011582080970972512 0.00090863586182448491 0.010592706433519047 -0.00092200136465890082 -0.0006382612429869358 -0.0006382612429869358 0.00090863586182448491 -0.00044231429611979342
leaf_weight=2.2936045133974399 7.6235294137150031 5.0219873301684856 62.795419269124977 1.0572674735449252 2.4330264714080823 6.6856016980018467 22.643834379385225
leaf_count=249 93 41 10445 100 386 785 2278
internal_value=-0.000193782 0.00524896 -0.000942707 -0.00741256 -0.000638261 0.000818943 -0.000638261
internal_weight=110.554 12.6455 97.9088 3.35087 94.5579 9.11863 85.4393
internal_count=14377 134 14243 349 13894 1171 12723
is_linear=0
shrinkage=0.03


Tree=83
num_leaves=10
num_cat=0
split_feature=0 3 1 11 10 5 11 10 10
split_gain=0.467574 0.298476 0.110206 0.153591 0.0582108 0.039887 0.0170738 0.00941619 0.000118803
threshold=99.195979087375676 99.596366894754013 2.9111474021653669 94.763338093074594 71.291208791208803 98.896147099739935 4.23814760508309 75.162337662337677 96.327493261455544
decision_type=2 2 2 2 2 2 2 2 2
left_child=2 -2 3 4 -1 6 -4 -8 -9
right_child=1 -3 5 -5 -6 -7 7 8 -10
leaf_value=-0.012745333134297652 0.0009290408295340543 0.010019841870134584 -0.0019099267558132075 -0.00071714333711328244 -0.0019099267558132075 0.0009290408295340543 -0.00071714333711328244 -0.00019994562778530165 -4.2965947424039876e-05
leaf_weight=1.0257853852817786 7.6183259089011681 4.9843945428729057 2.6403453589882693 1.0557817847002295 1.1056781570659948 5.678265788126736 56.229982408462092 24.118185716564771 6.0225441509392104
leaf_count=174 93 41 581 100 75 70 10155 2527 561
internal_value=-0.000220377 0.00499676 -0.000935884 -0.00571116 -0.00952941 -0.000717143 -0.000717143 -0.000717143 -0.000170966
internal_weight=110.479 12.6027 97.8766 3.18725 2.13146 94.6893 89.0111 86.3707 30.1407
internal_count=14377 134 14243 349 249 13894 13824 13243 3088
is_linear=0
shrinkage=0.03


Tree=84
num_leaves=8
num_cat=0
split_feature=0 3 9 11 5 11 10
split_gain=0.496972 0.351728 0.0388582 0.0825307 0.0310128 0.0451776 0.0409578
threshold=99.195979087375676 99.596366894754013 2.6500526500526504 79.929597421945857 99.195979087375676 4.23814760508309 96.327493261455544
decision_type=2 2 2 2 2 2 2
left_child=2 -2 3 -1 5 -4 -7
right_child=1 -3 4 -5 -6 6 -8
leaf_value=-0.0089157438972764912 0.00075677911022837315 0.010529120120875899 -0.0042137683950945956 -0.00081423983474064479 0.00075677911022837315 -0.00081423983474064479 0.00075677911022837315
leaf_weight=0.69968769408296683 7.5847100568935257 5.1310594342648983 2.714814700651913 0.53010982403066009 4.1350261457264414 83.231594929588027 6.5001836783485478
leaf_count=102 93 41 591 62 48 12885 555
internal_value=-0.000172649 0.00518027 -0.000913927 -0.00486662 -0.00081424 -0.00081424 -0.000801794
internal_weight=110.527 12.7158 97.8114 1.2298 96.5816 92.4466 89.7318
internal_count=14377 134 14243 164 14079 14031 13440
is_linear=0
shrinkage=0.03


Tree=85
num_leaves=13
num_cat=0
split_feature=1 10 4 1 9 3 4 5 5 9 3 4
split_gain=0.175593 0.186473 0.327939 0.0864171 0.129141 0.0743107 0.137779 0.0597867 0.0184261 0.00996864 0.0121355 0.00693511
threshold=0.90304240004838821 91.11062335381915 99.596366894754013 8.1322204076695126 50.324675324675333 90.599962399849616 93.768837927161385 98.194581934954257 94.799979199916805 2.6500526500526504 90.954764732976187 97.981834473769979
decision_type=2 2 2 2 2 2 2 2 2 2 2 2
left_child=-1 3 5 4 7 11 -7 -2 -6 -5 -11 -3
right_child=1 2 -4 9 8 6 -8 -9 -10 10 -12 -13
leaf_value=-0.0062887847966498749 -0.0062887847966498749 0.00013705260369749887 0.014396342201796036 -0.00080969549598808289 -0.0027660335976212713 0.00041216582450830471 0.0073816072321864819 -0.00080969549598808289 0.00013705260369749887 0.00013705260369749887 0.00041216582450830471 0.0043624223764598177
leaf_weight=2.7155863916268563 2.8775705323787388 4.7984903075266638 1.0905979550443579 1.0743041322566558 1.3834713164251295 6.7225611490430293 3.2463653981685638 2.18888039002195 3.2283710925839841 45.395432453136891 35.369366907863878 0.31926873233169306
leaf_count=115 483 1066 9 117 358 123 40 32 64 10986 968 14
internal_value=0.000125671 0.000343784 0.00321224 -0.000192505 -0.00273109 0.00155909 0.0031478 -0.00566313 0.000137053 0.000137053 0.000137053 0.000137053
internal_weight=110.41 107.695 16.1773 91.5174 9.67829 15.0867 9.96893 5.06645 4.61184 81.8391 80.7648 5.11776
internal_count=14375 14260 1252 13008 937 1243 163 515 422 12071 11954 1080
is_linear=0
shrinkage=0.03


Tree=86
num_leaves=7
num_cat=0
split_feature=1 11 10 4 11 3
split_gain=0.16958 0.859126 0.147616 0.319676 0.1618 0.168314
threshold=0.90304240004838821 96.165485500162944 91.11062335381915 99.596366894754013 74.44888894243708 93.768837927161385
decision_type=2 2 2 2 2 2
left_child=1 -1 -2 4 -4 -6
right_child=2 -3 3 -5 5 -7
leaf_value=-0.019480923263567523 0.00030409605359478758 0.00030409605359478758 0.00030409605359478758 0.014184110546692767 0.00030409605359478758 0.0080310288802051249
leaf_weight=1.3785078300861635 91.550106724083889 1.2706705705495549 8.2514017041539791 1.0710312792798493 2.4872648994205511 4.3435866869986057
leaf_count=63 13008 52 873 9 315 55
internal_value=9.13566e-05 -0.00627086 0.000304096 0.00308807 0.00146713 0.00492854
internal_weight=110.353 2.64918 107.703 16.1533 15.0823 6.83085
internal_count=14375 115 14260 1252 1243 370
is_linear=0
shrinkage=0.03


Tree=87
num_leaves=8
num_cat=0
split_feature=1 11 10 4 11 5 3
split_gain=0.135218 0.834489 0.122045 0.323659 0.123134 0.1438 0.00578008
threshold=0.90304240004838821 96.165485500162944 91.11062335381915 99.596366894754013 74.44888894243708 95.568978386447739 93.138237210817877
decision_type=2 2 2 2 2 2 2
left_child=1 -1 -2 4 -4 6 -6
right_child=2 -3 3 -5 5 -7 -8
leaf_value=-0.019070860332078374 0.00026658790419301347 0.00026658790419301347 0.00026658790419301347 0.01399812858232982 0.00026658790419301347 0.0074915537769846474 0.0022330058013904676
leaf_weight=1.3450218630023294 91.344400752917863 1.2907751466846091 8.2448998673353362 1.0541848822031159 1.6087437892565497 3.8722296841442585 1.4212359040975568
leaf_count=63 13008 52 873 9 301 46 23
internal_value=7.66451e-05 -0.00561512 0.000266588 0.00279438 0.00119601 0.00424127 0.000266588
internal_weight=110.181 2.6358 107.546 16.2013 15.1471 6.90221 3.02998
internal_count=14375 115 14260 1252 1243 370 324
is_linear=0
shrinkage=0.03


Tree=88
num_leaves=10
num_cat=0
split_feature=9 1 1 10 4 3 4 1 4
split_gain=0.101061 0.137958 0.0875109 0.162727 0.290909 0.0764388 0.0794181 0.0697443 0.00398269
threshold=2.6500526500526504 58.475387933809806 0.90304240004838821 91.11062335381915 99.596366894754013 89.92949633283574 93.768837927161385 8.1322204076695126 97.981834473769979
decision_type=2 2 2 2 2 2 2 2 2
left_child=1 -1 -2 7 5 8 -7 -4 -5
right_child=2 -3 3 4 -6 6 -8 -9 -10
leaf_value=-0.010364790369403663 -0.0043784876374269891 0.00023511695010082023 -0.0024532466755924254 0.00023511695010082023 0.013882795295695562 0.00099835222295593462 0.006417358213889124 0.00023511695010082023 0.0044656883269215105
leaf_weight=0.93337029713438713 2.5860857837251379 0.53529447969049215 9.4681557520525512 4.6804108298383644 1.0397455181227986 6.538951304391956 3.367751881480217 80.659229429787956 0.33368745259940613
leaf_count=98 111 69 919 1037 9 124 40 11954 14
internal_value=0.000100893 -0.00590305 0.000235117 0.000387419 0.00319902 0.0016293 0.00326001 0.000235117 0.000235117
internal_weight=110.143 1.46866 108.674 106.088 15.9605 14.9208 9.9067 90.1274 5.0141
internal_count=14375 167 14208 14097 1224 1215 164 12873 1051
is_linear=0
shrinkage=0.03


Tree=89
num_leaves=7
num_cat=0
split_feature=1 10 1 11 10 11
split_gain=0.110105 0.20171 0.0753765 0.721223 0.0775079 0.0127596
threshold=98.590129486597007 71.291208791208803 0.90304240004838821 96.165485500162944 91.11062335381915 38.314902453158204
decision_type=2 2 2 2 2 2
left_child=2 5 3 -1 -4 -2
right_child=1 -3 4 -5 -6 -7
leaf_value=-0.017660422002272066 -4.6185709364906021e-05 0.012555930663722891 -4.6185709364906021e-05 -4.6185709364906021e-05 0.0020239682354250064 0.0032243883363750957
leaf_weight=1.3107743058353656 0.47424282843712651 0.78519557276740659 89.513307281944435 1.2939564244588835 15.817670784192158 0.88802448520436883
leaf_count=63 92 63 12827 52 1219 59
internal_value=0.000114675 0.00564573 -4.61857e-05 -0.00438439 -4.61857e-05 -4.61857e-05
internal_weight=110.083 2.14746 107.936 2.60473 105.331 1.36227
internal_count=14375 214 14161 115 14046 151
is_linear=0
shrinkage=0.03


Tree=90
num_leaves=9
num_cat=0
split_feature=11 9 4 11 1 10 11 11
split_gain=0.0884331 0.0615204 0.116975 0.0847226 0.0741204 0.0688851 0.0474682 0.00744376
threshold=99.44807354986996 2.6500526500526504 99.799397992772711 78.635873414461415 98.590129486597007 68.898343036274085 81.845583027493419 19.497507131140257
decision_type=2 2 2 2 2 2 2 2
left_child=1 3 4 -1 7 6 -6 -3
right_child=-2 2 -4 -5 5 -7 -8 -9
leaf_value=-0.0095110524426108897 0.0058892697376717222 -0.0015300597673696575 0.0041517146878356842 -0.00077870588715656488 -0.00077870588715656488 0.0041517146878356842 0.0041517146878356842 -0.00077870588715656488
leaf_weight=0.69652394461445399 0.87863283394835789 15.182430328219196 3.5339268445968619 0.64410192111972719 0.66489095031283729 1.0610129052074624 0.36713271331973374 85.657354621274862
leaf_count=105 53 2608 33 66 126 76 21 11308
internal_value=-0.000583071 -0.000689461 -0.000577942 -0.00551517 -0.000778706 0.00388641 -0.000778706 -0.000778706
internal_weight=108.686 107.807 106.467 1.34063 102.933 2.09304 1.03202 100.84
internal_count=14396 14343 14172 171 14139 223 147 13916
is_linear=0
shrinkage=0.03


Tree=91
num_leaves=5
num_cat=0
split_feature=9 4 0 10
split_gain=0.0597346 0.092566 0.0245356 0.0100201
threshold=2.6500526500526504 99.799397992772711 99.799397992772711 13.383084577114429
decision_type=2 2 2 2
left_child=-1 2 3 -2
right_child=1 -3 -4 -5
leaf_value=-0.005343723853764781 -0.0016920306968134734 0.0036577632506699168 0.002061285575692802 -0.00063500905835131571
leaf_weight=1.3424588148482133 8.4078256428474543 3.6681434721685937 1.9567692056298245 93.273307110066526
leaf_count=172 1488 34 19 12683
internal_value=-0.000593993 -0.000485781 -0.000665992 -0.00073804
internal_weight=108.649 107.306 103.638 101.681
internal_count=14396 14224 14190 14171
is_linear=0
shrinkage=0.03


Tree=92
num_leaves=6
num_cat=0
split_feature=11 9 11 4 11
split_gain=0.0841565 0.0567855 0.0896071 0.0574506 0.00602834
threshold=99.44807354986996 2.6500526500526504 78.635873414461415 99.799397992772711 19.497507131140257
decision_type=2 2 2 2 2
left_child=1 2 -1 4 -3
right_child=-2 3 -4 -5 -6
leaf_value=-0.0094608300780804101 0.0057319952473322963 -0.0012672958206878229 -0.00058675917107929023 0.002799002130723724 -0.00058675917107929023
leaf_weight=0.69780213100602739 0.87414728128351171 16.0031608347781 0.64488735352642834 3.5405272697098544 86.868077921506483
leaf_count=105 53 2731 66 33 11408
internal_value=-0.000590805 -0.000694332 -0.00533014 -0.000586759 -0.000586759
internal_weight=108.629 107.754 1.34269 106.412 102.871
internal_count=14396 14343 171 14172 14139
is_linear=0
shrinkage=0.03


Tree=93
num_leaves=6
num_cat=0
split_feature=9 4 0 1 10
split_gain=0.0325342 0.0886094 0.0237496 0.0173627 0.000362584
threshold=2.6500526500526504 99.799397992772711 99.799397992772711 43.158926026687404 13.383084577114429
decision_type=2 2 2 2 2
left_child=3 2 4 -1 -2
right_child=1 -3 -4 -5 -6
leaf_value=-0.0056583170031552048 -0.00074976195789787663 0.0035724949444481749 0.0020103893467181043 -0.00074976195789787663 -0.00065271580040286595
leaf_weight=0.76293116068700217 8.4061199955176544 3.6208704081363967 1.9478485919535149 0.54021429899148643 93.337686528859194
leaf_count=86 1488 34 19 86 12683
internal_value=-0.000584833 -0.000504088 -0.000679205 -0.00412818 -0.000749762
internal_weight=108.616 107.313 103.692 1.30315 101.744
internal_count=14396 14224 14190 172 14171
is_linear=0
shrinkage=0.03


Tree=94
num_leaves=8
num_cat=0
split_feature=11 10 0 1 11 1 10
split_gain=0.0790208 0.013639 0.204906 0.0353845 0.0124182 0.106392 0.00899879
threshold=99.44807354986996 99.350649350649363 99.195979087375676 0.90304240004838821 19.497507131140257 60.904470230784163 92.980295566502477
decision_type=2 2 2 2 2 2 2
left_child=1 3 -3 -1 5 6 -5
right_child=-2 2 -4 4 -6 -7 -8
leaf_value=-0.0038898913076305754 0.0055478642712095978 -0.00076752790893932067 0.0055478642712095978 -0.0038898913076305754 -0.00076752790893932067 -0.00076752790893932067 -0.00076752790893932067
leaf_weight=2.3269748414750202 0.86974907014518876 3.8916611252352586 1.75957815349102 7.1824542685644683 84.31725379882846 7.5117416327120736 0.74580140993930388
leaf_count=97 53 303 13 1259 11213 1372 86
internal_value=-0.000587136 -0.00068723 0.000660587 -0.000767528 -0.000767528 -0.00165679 -0.00388989
internal_weight=108.605 107.735 5.65124 102.084 99.7573 15.44 7.92826
internal_count=14396 14343 316 14027 13930 2717 1345
is_linear=0
shrinkage=0.03


Tree=95
num_leaves=8
num_cat=0
split_feature=9 4 1 5 1 11 1
split_gain=0.131983 0.212712 0.198574 0.110426 0.078915 0.00963421 0.00197113
threshold=2.6500526500526504 99.799397992772711 98.590129486597007 99.195979087375676 46.780671071382308 26.83411177193096 8.1322204076695126
decision_type=2 2 2 2 2 2 2
left_child=4 2 6 5 -1 -4 -2
right_child=1 -3 3 -5 -6 -7 -8
leaf_value=-0.010421127007493041 -0.00099178529707877111 0.0057898339492276837 -0.00059911986727552338 0.0057898339492276837 -0.00059911986727552338 0.0017933078840998589 -0.00059911986727552338
leaf_weight=0.81573721620952599 12.833667428058105 4.30850073439069 0.65789527748711341 0.64707132428884495 0.68594466475769877 0.96445750026032329 88.281205160776153
leaf_count=87 1100 38 119 5 92 83 12772
internal_value=-0.000227899 -6.90125e-05 -0.000366305 0.00578983 -0.00704009 -0.00059912 -0.00059912
internal_weight=109.194 107.693 103.384 2.26942 1.50168 1.62235 101.115
internal_count=14296 14117 14079 207 179 202 13872
is_linear=0
shrinkage=0.03


Tree=96
num_leaves=8
num_cat=0
split_feature=9 4 5 11 11 11 11
split_gain=0.123655 0.203394 0.0323147 0.0895389 0.0249248 0.00805396 0.000992772
threshold=2.6500526500526504 99.799397992772711 99.596366894754013 4.23814760508309 75.478276743336991 82.477323619134168 7.0210702529557123
decision_type=2 2 2 2 2 2 2
left_child=5 2 3 -2 6 -1 -5
right_child=1 -3 -4 4 -6 -7 -8
leaf_value=-0.0082756961066936183 -0.0049827514260169696 0.0056771553407181331 0.0015105458122776846 -0.0013224847750585647 0.00032229275165653536 -0.0014712070322585027 -0.0006402247320816323
leaf_weight=0.75060373789165058 2.8713395862141615 4.2689406813587985 6.7317274250090113 2.0633883996633804 33.970516529981978 0.74946215492673218 57.758309771015774
leaf_count=119 586 38 65 397 3408 60 9623
internal_value=-0.000228373 -7.45164e-05 -0.000364096 -0.000508777 -0.000320692 -0.00682433 -0.000685114
internal_weight=109.164 107.664 103.395 96.6636 93.7922 1.50007 59.8217
internal_count=14296 14117 14079 14014 13428 179 10020
is_linear=0
shrinkage=0.03


Tree=97
num_leaves=5
num_cat=0
split_feature=4 1 5 1
split_gain=0.121066 0.187892 0.0295054 0.000582723
threshold=99.799397992772711 98.590129486597007 99.195979087375676 8.1322204076695126
decision_type=2 2 2 2
left_child=1 3 -3 -1
right_child=-2 2 -4 -5
leaf_value=-0.00096883672089385128 0.0041661635104252069 -0.00069924645236223138 0.0041661635104252069 -0.00069924645236223138
leaf_weight=12.943467576638794 4.3521682296413919 1.6396069494076067 0.64472563564777363 89.578444915008731
leaf_count=1122 40 207 5 12922
internal_value=-0.000239146 -0.000459727 0.00416616 -0.000699246
internal_weight=109.158 104.806 2.28433 102.522
internal_count=14296 14256 212 14044
is_linear=0
shrinkage=0.03


Tree=98
num_leaves=7
num_cat=0
split_feature=9 4 1 5 1 1
split_gain=0.112456 0.189171 0.196235 0.0978127 0.0693784 0.00213605
threshold=2.6500526500526504 99.799397992772711 98.590129486597007 99.195979087375676 46.780671071382308 8.1322204076695126
decision_type=2 2 2 2 2 2
left_child=4 2 5 -4 -1 -2
right_child=1 -3 3 -5 -6 -7
leaf_value=-0.0097396511766468363 -0.0010131559838638814 0.0054720837908334022 -0.00060609272221735073 0.0054720837908334022 -0.00060609272221735073 -0.00060609272221735073
leaf_weight=0.80545605305815005 12.818886458117047 4.2334635697770855 1.6185981730232009 0.64572717994451512 0.68927759095095098 88.315711187198758
leaf_count=87 1100 38 202 5 92 12772
internal_value=-0.000241631 -9.47933e-05 -0.00037295 0.00547208 -0.00653878 -0.000606093
internal_weight=109.127 107.632 103.399 2.26433 1.49473 101.135
internal_count=14296 14117 14079 207 179 13872
is_linear=0
shrinkage=0.03


Tree=99
num_leaves=6
num_cat=0
split_feature=9 4 1 1 1
split_gain=0.123058 0.193892 0.202472 0.0763129 0.000428805
threshold=2.6500526500526504 99.799397992772711 98.590129486597007 46.780671071382308 8.1322204076695126
decision_type=2 2 2 2 2
left_child=3 2 4 -1 -2
right_child=1 -3 -4 -5 -6
leaf_value=-0.01022973840302565 -0.00076619318904203244 0.0055949355560882767 0.0055949355560882767 -0.00056198288560131205 -0.00052423121620974
leaf_weight=0.7719147297902953 12.772887026832903 4.2297282367944709 2.2705558630404985 0.68877873092424124 88.388055654009804
leaf_count=87 1100 38 207 92 12772
internal_value=-0.000194525 -4.25154e-05 -0.000324421 -0.00682804 -0.000561983
internal_weight=109.122 107.661 103.431 1.46069 101.161
internal_count=14296 14117 14079 179 13872
is_linear=0
shrinkage=0.03


Tree=100
num_leaves=8
num_cat=0
split_feature=1 4 9 4 1 1 10
split_gain=0.203025 0.246533 0.147413 0.1947 0.127907 0.0833112 0.00831062
threshold=98.590129486597007 13.353293413173654 2.6500526500526504 99.799397992772711 74.219510612059466 0.50142139962499255 75.162337662337677
decision_type=2 2 2 2 2 2 2
left_child=2 -2 4 5 -1 -4 -7
right_child=1 -3 3 -5 -6 6 -8
leaf_value=-0.010998374764746863 0.00039053110851861955 0.01394210009205042 -0.006236359059465799 0.0063072729107355686 0.00026452845803630955 0.00026452845803630955 0.00039053110851861955
leaf_weight=0.92039927770383545 0.97553170414175783 1.2355532158398999 0.747402184875681 4.0421037888154379 0.41618280066177249 65.361260187637527 36.040030585718341
leaf_count=126 145 78 52 38 51 10556 3259
internal_value=0.000616236 0.00805264 0.000390531 0.000390531 -0.00714906 0.000264528 0.000372878
internal_weight=109.738 2.21108 107.527 106.191 1.33658 102.149 101.401
internal_count=14305 223 14082 13905 177 13867 13815
is_linear=0
shrinkage=0.03


Tree=101
num_leaves=7
num_cat=0
split_feature=1 9 9 1 4 1
split_gain=0.137423 0.249051 0.131144 0.120815 0.0505938 0.00334911
threshold=98.590129486597007 68.304546356958525 2.6500526500526504 74.219510612059466 58.074174232180816 0.50142139962499255
decision_type=2 2 2 2 2 2
left_child=2 4 3 -1 -2 -4
right_child=1 -3 5 -5 -6 -7
leaf_value=-0.010478022802405694 0.00043068769336035911 0.014497686070909017 -0.0010655360104543583 0.00043068769336035911 0.0065566590083335407 0.00043068769336035911
leaf_weight=0.90868976240744703 0.93738885025959395 0.7792549148434772 1.5164146873285052 0.41621112707071006 0.50853531982284039 104.61923491460038
leaf_count=126 136 70 60 51 17 13845
internal_value=0.000617963 0.00672431 0.000430688 -0.00670004 0.000430688 0.000430688
internal_weight=109.686 2.22518 107.461 1.3249 1.44592 106.136
internal_count=14305 223 14082 177 153 13905
is_linear=0
shrinkage=0.03


Tree=102
num_leaves=7
num_cat=0
split_feature=4 1 9 1 9 10
split_gain=0.127924 0.131406 0.089256 0.0753101 0.0434622 0.0125276
threshold=99.799397992772711 98.590129486597007 59.87012987012988 0.50142139962499255 1.9419306184012068 13.383084577114429
decision_type=2 2 2 2 2 2
left_child=1 3 -3 -1 -5 -6
right_child=-2 2 -4 4 5 -7
leaf_value=-0.0060130224158327344 0.0052385461352307539 0.00022501259171090612 0.0052385461352307539 -0.0044291072804593847 -0.0010565089489947188 0.00022501259171090612
leaf_weight=0.74310898943804105 4.2145548332482567 1.2444332853192457 0.97028821264393617 0.85875041765393589 8.0543293250957486 93.595663485117257
leaf_count=54 40 138 85 117 1470 12401
internal_value=0.00064825 0.000417336 0.00523855 0.000225013 0.000225013 0.000225013
internal_weight=109.681 105.467 2.21472 103.252 102.509 101.65
internal_count=14305 14265 223 14042 13988 13871
is_linear=0
shrinkage=0.03


Tree=103
num_leaves=6
num_cat=0
split_feature=1 9 9 1 4
split_gain=0.121457 0.246019 0.126321 0.12054 0.0423651
threshold=98.590129486597007 68.304546356958525 2.6500526500526504 74.219510612059466 58.074174232180816
decision_type=2 2 2 2 2
left_child=2 4 3 -1 -2
right_child=1 -3 -4 -5 -6
leaf_value=-0.010320545481804888 0.00047230419062678687 0.014208407364471699 0.00047230419062678687 0.00047230419062678687 0.0063615556379623727
leaf_weight=0.9111529184738163 0.93773251096717947 0.77346991933882225 106.11948267940897 0.41492183075752109 0.50106701673939824
leaf_count=126 136 70 13905 51 17
internal_value=0.000648728 0.00640282 0.000472304 -0.00652569 0.000472304
internal_weight=109.658 2.21227 107.446 1.32607 1.4388
internal_count=14305 223 14082 177 153
is_linear=0
shrinkage=0.03


Tree=104
num_leaves=8
num_cat=0
split_feature=1 4 4 1 10 11 10
split_gain=0.111587 0.188092 0.116571 0.0721639 0.0178726 0.00534539 0.00220655
threshold=98.590129486597007 13.353293413173654 99.799397992772711 0.50142139962499255 75.162337662337677 36.910654497456711 13.383084577114429
decision_type=2 2 2 2 2 2 2
left_child=2 -2 3 -1 6 -6 -5
right_child=1 -3 -4 4 5 -7 -8
leaf_value=-0.0058060228124670573 0.00048179589208463455 0.011564076336647199 0.0048181991335561909 -0.0004969789834477176 -3.461588936493795e-05 0.00048179589208463455 -3.461588936493795e-05
leaf_weight=0.74118545115925272 0.97384481900371556 1.2255716521758584 4.3094433872029176 8.2950368459569273 9.602314838790333 26.44840470305644 58.057640405429993
leaf_count=54 145 78 40 1499 1033 2254 9202
internal_value=0.000650859 0.00617834 0.000481796 0.000256093 0.000355695 0.000481796 -3.46159e-05
internal_weight=109.653 2.19942 107.454 103.145 102.403 36.0507 66.3527
internal_count=14305 223 14082 14042 13988 3287 10701
is_linear=0
shrinkage=0.03


Tree=105
num_leaves=13
num_cat=0
split_feature=1 10 1 11 9 1 10 1 1 1 1 1
split_gain=0.145939 0.0837501 0.215992 0.0344506 0.0270512 0.158604 0.0585701 0.0983905 0.0106474 0.00408305 0.00281143 4.97127e-05
threshold=0.50142139962499255 67.439703153988873 1.3046634004717841 99.194359706626869 92.257742257742265 7.7305994072461148 37.406716417910452 14.558156414443841 42.354093794532979 31.055255672635596 9.3370834089396979 98.590129486597007
decision_type=2 2 2 2 2 2 2 2 2 2 2 2
left_child=-1 2 -2 10 5 -4 7 -7 -9 -8 -3 -12
right_child=1 3 4 -5 -6 6 9 8 -10 -11 11 -13
leaf_value=-0.0072147800696465208 -0.0072147800696465208 0.00097410545774060482 -0.0055989747502075459 0.0051906105374687015 0.00097410545774060482 -0.0055989747502075459 0.00025546555131576872 -0.001165300533750356 0.00020185074314812518 0.00097410545774060482 0.0011896132701576471 0.0020484422630534026
leaf_weight=1.4190121454303142 0.65214520931476627 8.4033216609386709 3.843741897144354 0.88873882126063009 6.1041961907176292 1.5909456142690057 7.9540536291897395 7.2378716062521589 12.949496377492322 20.042304572882131 37.536388250300661 1.3245725070592005
leaf_count=59 58 448 539 38 825 298 1127 1152 2501 3438 3751 72
internal_value=7.46453e-05 0.000234957 -0.000506461 0.00115595 -0.000176073 -0.000416535 8.60568e-05 -0.00105413 -0.000320185 0.000974105 0.000974105 0.00126954
internal_weight=109.947 108.528 60.3748 48.153 59.7226 53.6184 49.7747 21.7783 20.1874 27.9964 47.2643 38.861
internal_count=14306 14247 9938 4309 9880 9055 8516 3951 3653 4565 4271 3823
is_linear=0
shrinkage=0.03


Tree=106
num_leaves=11
num_cat=0
split_feature=1 10 1 11 1 10 1 10 1 1
split_gain=0.164455 0.0583287 0.246137 0.0368825 0.0205789 0.00767698 0.0619315 0.0862752 0.00219812 0.000743325
threshold=0.50142139962499255 67.439703153988873 1.3046634004717841 99.194359706626869 9.3370834089396979 25.181159420289859 14.558156414443841 21.024684270952928 99.195979087375676 98.590129486597007
decision_type=2 2 2 2 2 2 2 2 2 2
left_child=-1 2 -2 4 -3 6 7 -4 -7 -6
right_child=1 3 5 -5 9 8 -8 -9 -10 -11
leaf_value=-0.0077617543478968867 -0.0077617543478968867 -6.9313641462078759e-05 -0.0067782111378363093 0.0051228330722520362 0.00101546829210817 -6.9313641462078759e-05 -6.9313641462078759e-05 -6.9313641462078759e-05 0.0010939535721355704 0.0019305038532510404
leaf_weight=1.3830599421053182 0.64069321856368233 8.4564412460895237 2.1173482317244665 0.88634519570041348 37.721766209928319 41.582591601298191 14.977757423883302 0.32736282004043449 0.49848517752252419 1.3251861076569174
leaf_count=59 58 448 331 38 3751 6740 2673 69 67 72
internal_value=3.51548e-05 0.000204466 -0.000417005 0.000969705 0.000788193 -6.93136e-05 -0.000681937 -0.00433422 -6.93136e-05 0.00109395
internal_weight=109.917 108.534 60.1442 48.3897 47.5034 59.5035 17.4225 2.44471 42.0811 39.047
internal_count=14306 14247 9938 4309 4271 9880 3073 400 6807 3823
is_linear=0
shrinkage=0.03


Tree=107
num_leaves=13
num_cat=0
split_feature=1 10 5 1 5 1 10 1 10 5 10 1
split_gain=0.107504 0.0608182 0.234724 0.212787 0.0414247 0.133963 0.0891336 0.0228513 0.0192643 0.0162529 0.00725059 0.00329246
threshold=0.50142139962499255 67.439703153988873 99.799397992772711 1.3046634004717841 96.582911121346555 33.500338033610205 22.902097902097903 60.904470230784163 61.152570480928695 98.590129486597007 16.774891774891778 4.5176314038589496
decision_type=2 2 2 2 2 2 2 2 2 2 2 2
left_child=-1 3 9 -2 5 6 -5 8 10 -3 -7 -8
right_child=1 2 -4 4 -6 7 11 -9 -10 -11 -12 -13
leaf_value=-0.0063482219363152738 -0.0063482219363152738 0.00040665181710793167 0.0090130293266257773 -0.0063482219363152738 0.00040665181710793167 -0.0025859708187281321 -0.0028593516272739515 0.00040665181710793167 0.00040665181710793167 0.0016571941380981176 -0.00079101166237785113 -0.0010487134550635003
leaf_weight=1.3296917197876599 0.64372704667039116 37.915308087482117 2.0481691770255557 3.2626594649627796 13.985224436270071 2.4004814133513728 0.67279387346933717 18.898013986414298 1.1583718133624632 8.4592813327908498 9.0938810497755167 10.026851081871426
leaf_count=59 58 4201 16 831 256 569 199 3933 221 92 1882 1989
internal_value=2.90486e-05 0.000164384 0.000945682 -0.000469848 -0.000122902 -0.000674941 -0.00301471 0.000406652 -0.000825826 0.000406652 -0.00134284 -0.00139723
internal_weight=109.894 108.565 48.4228 60.142 59.4983 45.5131 13.9623 31.5507 12.6527 46.3746 11.4944 10.6996
internal_count=14306 14247 4309 9938 9880 9624 3019 6605 2672 4293 2451 2188
is_linear=0
shrinkage=0.03


Tree=108
num_leaves=14
num_cat=0
split_feature=1 10 1 5 5 1 10 1 10 5 10 9 1
split_gain=0.101226 0.0583983 0.203174 0.17842 0.0430092 0.126726 0.0712652 0.024911 0.0197982 0.0158469 0.00698727 0.00220209 0.00214253
threshold=0.50142139962499255 67.439703153988873 1.3046634004717841 99.799397992772711 96.582911121346555 33.500338033610205 22.902097902097903 60.904470230784163 61.152570480928695 98.590129486597007 16.774891774891778 99.350649350649363 4.5176314038589496
decision_type=2 2 2 2 2 2 2 2 2 2 2 2 2
left_child=-1 2 -2 9 5 6 -4 8 10 11 -7 -3 -8
right_child=1 3 4 -5 -6 7 12 -9 -10 -11 -12 -13 -14
leaf_value=-0.0061858783007822269 -0.0061858783007822269 0.00041404214821351003 -0.0061858783007822269 0.0079111136681797659 0.00041404214821351003 -0.0026214577250829301 -0.0028586290626337251 0.00041404214821351003 0.00041404214821351003 0.001649439946321448 -0.00083874884448027168 0.001649439946321448 -0.0011847008004070144
leaf_weight=1.3398473609122437 0.62147524143801902 37.31967829563655 3.2022461198503143 2.0555204302072516 13.991607021773232 2.3964314792538071 0.67095290240830685 18.909446283709258 1.1585612444905553 8.4571897424757463 9.1027186373248679 0.65843320067506184 10.070659155608153
leaf_count=59 58 4084 831 16 256 569 199 3933 221 92 1882 117 1989
internal_value=-1.17002e-05 0.000120201 -0.000501226 0.000885271 -0.000160768 -0.000711002 -0.00298825 0.000355775 -0.000875222 0.000414042 -0.00139027 0.000414042 -0.00152382
internal_weight=109.955 108.615 60.1241 48.4908 59.5026 45.511 13.9439 31.5672 12.6577 46.4353 11.4992 37.9781 10.7416
internal_count=14306 14247 9938 4309 9880 9624 3019 6605 2672 4293 2451 4201 2188
is_linear=0
shrinkage=0.03


Tree=109
num_leaves=11
num_cat=0
split_feature=1 10 1 11 1 9 1 9 9 11
split_gain=0.104751 0.0436837 0.171231 0.0345627 0.0433511 0.10033 0.0153293 0.174075 0.0133536 0.00788888
threshold=0.50142139962499255 67.439703153988873 1.3046634004717841 99.194359706626869 9.3370834089396979 83.964469378214133 7.7305994072461148 55.662393162393172 7.3268921095008057 92.34641721295516
decision_type=2 2 2 2 2 2 2 2 2 2
left_child=-1 2 -2 4 -3 8 7 9 -6 -4
right_child=1 3 6 -5 5 -7 -8 -9 -10 -11
leaf_value=-0.0062630820101865353 -0.0062630820101865353 -0.00010031071830676638 -0.0062630820101865353 0.0048170470469863658 -0.00010031071830676638 0.0044322968892799913 -0.00010031071830676638 -0.00010031071830676638 0.00076376555502044759 -0.00050220397069657564
leaf_weight=1.3443599498132233 0.56226809520739962 8.5532924366416392 1.6831476005027064 0.88545713282655825 3.1787658475805065 6.0392031957162535 55.155427726567723 2.0982633716193959 29.829323388752528 0.53848123236093659
leaf_count=59 58 448 278 38 240 515 9280 256 3068 66
internal_value=1.16753e-05 0.00014588 -0.000392611 0.000807124 0.000634952 0.00117663 -0.000100311 -0.00171129 0.000468152 -0.00626308
internal_weight=109.868 108.524 60.0376 48.486 47.6006 39.0473 59.4753 4.31989 33.0081 2.22163
internal_count=14306 14247 9938 4309 4271 3823 9880 600 3308 344
is_linear=0
shrinkage=0.03


Tree=110
num_leaves=8
num_cat=0
split_feature=4 1 10 11 9 11 10
split_gain=0.614296 0.24459 0.198128 0.0713699 0.0545082 0.26825 0.00102981
threshold=99.799397992772711 7.7305994072461148 98.540068201193534 98.092905098893141 96.720430107526894 77.967854901722646 96.327493261455544
decision_type=2 2 2 2 2 2 2
left_child=1 2 3 -1 6 -6 -3
right_child=-2 4 -4 -5 5 -7 -8
leaf_value=-0.006369306117840672 0.010271686388418487 0.00036113013978381666 0.0004533381992521223 0.00036113013978381666 0.0004533381992521223 0.010271686388418487 0.0004533381992521223
leaf_weight=9.6178209999343327 4.4174294668482608 82.361986603355035 1.2530260678613565 1.5167955867946155 3.1709019594127303 1.2203254846390335 6.8052675154758608
leaf_count=931 39 12207 37 103 405 108 519
internal_value=0.000418259 -8.47836e-05 -0.00387927 -0.00549826 0.000453338 0.00347619 0.000453338
internal_weight=110.364 105.946 12.3876 11.1346 93.5585 4.39123 89.1673
internal_count=14349 14310 1071 1034 13239 513 12726
is_linear=0
shrinkage=0.03


Tree=111
num_leaves=3
num_cat=0
split_feature=4 11
split_gain=0.587854 0.0112432
threshold=99.799397992772711 18.373555918466099
decision_type=2 2
left_child=1 -1
right_child=-2 -3
leaf_value=-0.00075859250627467159 0.010036023441569949 9.9955169824054112e-05
leaf_weight=15.148148993030189 4.4935245469678184 90.64497811178444
leaf_count=2638 39 11672
internal_value=0.000467654 -2.89295e-05
internal_weight=110.287 105.793
internal_count=14349 14310
is_linear=0
shrinkage=0.03


Tree=112
num_leaves=3
num_cat=0
split_feature=4 11
split_gain=0.564964 0.0108911
threshold=99.799397992772711 18.373555918466099
decision_type=2 2
left_child=1 -1
right_child=-2 -3
leaf_value=-0.0007387748781487166 0.0098814375502620823 0.00010640576313925202
leaf_weight=15.139062204805667 4.4531877841800442 90.646529395773541
leaf_count=2638 39 11672
internal_value=0.000464891 -2.03343e-05
internal_weight=110.239 105.786
internal_count=14349 14310
is_linear=0
shrinkage=0.03


Tree=113
num_leaves=9
num_cat=0
split_feature=4 1 11 1 11 11 11 11
split_gain=0.468006 0.14762 0.142952 0.0330448 0.0394975 0.0143548 0.0134572 0.000156176
threshold=99.799397992772711 7.7305994072461148 98.092905098893141 98.590129486597007 3.6644892034113594 36.910654497456711 18.373555918466099 76.482388305738056
decision_type=2 2 2 2 2 2 2 2
left_child=1 2 6 5 -5 -3 -1 -7
right_child=-2 3 -4 4 -6 7 -8 -9
leaf_value=-0.0072673525763885726 0.0090316244300069175 -0.00024962407120043725 0.00043472810368526919 0.00043472810368526919 0.0054952461673504517 0.00043472810368526919 -0.0033597915859488368 0.00065315798415206184
leaf_weight=1.609744711138769 4.4547102369833729 26.835273508215323 2.0157353208633131 0.46178966446313952 1.5641922663198782 34.874691171338782 8.5648508956073766 29.842516444856301
leaf_count=161 39 4437 113 69 135 5734 797 2864
internal_value=0.000462392 2.02682e-05 -0.00295306 0.000434728 0.00357969 0.000434728 -0.00457304 0.000566552
internal_weight=110.224 105.769 12.1903 93.5785 2.02598 91.5525 10.1746 64.7172
internal_count=14349 14310 1071 13239 204 13035 958 8598
is_linear=0
shrinkage=0.03


Tree=114
num_leaves=3
num_cat=0
split_feature=4 11
split_gain=0.441378 0.00826898
threshold=99.799397992772711 18.373555918466099
decision_type=2 2
left_child=1 -1
right_child=-2 -3
leaf_value=-0.00060526338890655213 0.0088065585304615609 0.00013115934958808569
leaf_weight=15.141227348998653 4.4101067893207064 90.621941799472552
leaf_count=2638 39 11672
internal_value=0.000448775 2.10501e-05
internal_weight=110.173 105.763
internal_count=14349 14310
is_linear=0
shrinkage=0.03


Tree=115
num_leaves=5
num_cat=0
split_feature=1 11 10 5
split_gain=0.143418 0.466417 0.170215 0.681257
threshold=0.90304240004838821 95.482368596141058 94.392033542976961 98.194581934954257
decision_type=2 2 2 2
left_child=1 -1 -2 -4
right_child=2 -3 3 -5
leaf_value=-0.015252498577796253 0.00035243129113631682 0.00035243129113631682 0.00035243129113631682 0.012507066967007202
leaf_weight=1.2723448538454243 94.164908459351864 1.3017268630210308 6.7664253606926632 4.1888323687016964
leaf_count=67 13408 52 767 44
internal_value=0.00015475 -0.00575803 0.000352431 0.00393353
internal_weight=107.694 2.57407 105.12 10.9553
internal_count=14338 119 14219 811
is_linear=0
shrinkage=0.03


Tree=116
num_leaves=6
num_cat=0
split_feature=10 5 9 11 11
split_gain=0.131804 0.578958 0.00497453 0.0594388 0.00472726
threshold=94.392033542976961 98.194581934954257 2.6500526500526504 80.904503325171916 1.2573632112710271
decision_type=2 2 2 2 2
left_child=2 -2 3 -1 -4
right_child=1 -3 4 -5 -6
leaf_value=-0.0066181118050122915 -0.00021343679382656658 0.010424139477104537 -0.0018762949292523996 -0.00021343679382656658 -0.00021343679382656658
leaf_weight=0.41548675787635037 6.9259088978287746 4.7911882176995277 0.59672055358532716 0.71805818495340645 94.234322591975797
leaf_count=80 785 51 142 61 13219
internal_value=0.00016473 0.0030352 -0.000213437 -0.00166938 -0.000213437
internal_weight=107.682 11.7171 95.9646 1.13354 94.831
internal_count=14338 836 13502 141 13361
is_linear=0
shrinkage=0.03


Tree=117
num_leaves=5
num_cat=0
split_feature=1 11 10 9
split_gain=0.120668 0.427245 0.145831 0.00688914
threshold=0.90304240004838821 95.482368596141058 94.392033542976961 97.720906544435977
decision_type=2 2 2 2
left_child=1 -1 3 -2
right_child=2 -3 -4 -5
leaf_value=-0.014540663285809228 0.00033993620186312864 0.00033993620186312864 0.0036633860308180263 0.00265316221500349
leaf_weight=1.2439693601336324 90.893896668392699 1.2961765461368484 10.893164764274841 3.3003670976031563
leaf_count=67 13027 52 811 381
internal_value=0.000159553 -0.00529105 0.000339936 0.000339936
internal_weight=107.628 2.54015 105.087 94.1943
internal_count=14338 119 14219 13408
is_linear=0
shrinkage=0.03


Tree=118
num_leaves=8
num_cat=0
split_feature=1 11 10 3 3 11 11
split_gain=0.117968 0.427661 0.0959716 0.0335318 0.00855902 0.0063023 0.000525727
threshold=0.90304240004838821 95.482368596141058 94.392033542976961 98.896147099739935 99.799397992772711 24.774443049385102 93.56783269900528
decision_type=2 2 2 2 2 2 2
left_child=1 -1 4 5 -2 -4 -7
right_child=2 -3 3 -5 -6 6 -8
leaf_value=-0.014638542333668953 0.00029879627158236412 0.00029879627158236412 0.00029879627158236412 0.0053758803035880952 0.0024669768588809495 0.0012986149699925631 0.0027529674101559234
leaf_weight=1.217081670474726 91.133110079972539 1.2966010336531324 1.4155750782228986 2.9055825769901267 3.0207141432911149 4.9525075918063521 1.7281833350425584
leaf_count=67 13376 52 193 32 32 506 80
internal_value=0.000120879 -0.00528877 0.000298796 0.00298286 0.000298796 0.00162747 0.00198428
internal_weight=107.669 2.51368 105.156 11.0018 94.1538 8.09627 6.68069
internal_count=14338 119 14219 811 13408 779 586
is_linear=0
shrinkage=0.03


Tree=119
num_leaves=5
num_cat=0
split_feature=1 11 10 5
split_gain=0.120798 0.429858 0.115734 0.726096
threshold=0.90304240004838821 95.482368596141058 94.392033542976961 98.194581934954257
decision_type=2 2 2 2
left_child=1 -1 -2 -4
right_child=2 -3 3 -5
leaf_value=-0.014668835624336509 0.00035897276194901331 0.00035897276194901331 0.00035897276194901331 0.012381524266157663
leaf_weight=1.211082638066727 94.141681692155544 1.2962740289513019 6.8909897969569993 4.2434978224337101
leaf_count=67 13408 52 767 44
internal_value=0.000179803 -0.00530049 0.000358973 0.0032906
internal_weight=107.784 2.50736 105.276 11.1345
internal_count=14338 119 14219 811
is_linear=0
shrinkage=0.03


Tree=120
num_leaves=10
num_cat=0
split_feature=1 10 11 1 10 1 9 1 9
split_gain=0.100105 0.0771135 0.110322 0.0585094 0.0477811 0.0970981 0.0317719 0.023459 0.00569903
threshold=0.50142139962499255 13.383084577114429 96.99096989159041 37.51247504990021 97.036874451273064 3.312768402588762 71.193361433087475 99.195979087375676 9.7630718954248383
decision_type=2 2 2 2 2 2 2 2 2
left_child=-1 2 3 -2 7 -6 8 -3 -5
right_child=1 4 -4 6 5 -7 -8 -9 -10
leaf_value=-0.0058146779182077068 -0.0058146779182077068 0.00060966469577129452 0.00060966469577129452 -0.0040808541144760884 0.00060966469577129452 0.0047933719587027988 0.00060966469577129452 0.0042953545834691909 -0.0011923399260730736
leaf_weight=1.410837290692142 3.1918369851773569 90.508546277531423 0.41102476709056723 0.87487784272525537 0.99588069377932598 6.4919498336967081 1.0219507084693757 0.89382054365705599 2.9275541575625539
leaf_count=57 535 12168 39 100 30 461 189 103 674
internal_value=0.000235531 0.000368016 -0.0022315 -0.00380552 0.000609665 0.00287024 -0.00122176 0.000609665 -0.0025683
internal_weight=108.728 107.317 8.42724 8.01622 98.8902 7.48783 4.82438 91.4024 3.80243
internal_count=14356 14299 1537 1498 12762 491 963 12271 774
is_linear=0
shrinkage=0.03


Tree=121
num_leaves=15
num_cat=0
split_feature=1 4 10 1 10 10 11 1 11 1 10 11 1 11
split_gain=0.0902342 0.128082 0.0583843 0.109373 0.0738524 0.0527139 0.0352689 0.0296878 0.0269755 0.109044 0.133716 0.0222973 0.0145896 0.0100656
threshold=0.50142139962499255 99.799397992772711 13.383084577114429 10.541946410209885 97.036874451273064 92.592186128182632 75.478276743336991 37.51247504990021 78.936789241132885 90.312805474095811 74.813432835820905 95.482368596141058 99.596366894754013 5.4162541951372631
decision_type=2 2 2 2 2 2 2 2 2 2 2 2 2 2
left_child=-1 2 7 5 8 -4 -7 11 12 10 -10 -2 13 -5
right_child=1 -3 3 4 -6 6 -8 -9 9 -11 -12 -13 -14 -15
leaf_value=-0.005498700492128963 -0.0053474186840069826 0.0055504333112253402 -0.0021301320139207559 -0.0004648452036971617 0.0038498275720614391 -0.0021301320139207559 0.00051473235529691044 -0.0004648452036971617 0.00051473235529691044 0.0038498275720614391 0.0038498275720614391 -0.0021301320139207559 0.0038498275720614391 0.00051473235529691044
leaf_weight=1.4166791576426465 2.792404246807564 3.1240546987391999 10.191164166841185 3.026829491951502 5.5326731804525471 1.5552264859434228 1.3815481332130728 4.9882655459223315 12.523624347290029 2.8668189427116877 7.2237101268256074 0.40541833825409401 0.48396505299024184 51.218153599998914
leaf_count=57 515 29 1122 551 420 92 59 982 1449 202 471 37 54 8316
internal_value=0.000238761 0.00036457 0.000157788 0.000372824 0.000780623 -0.00207462 0.000514732 -0.00213013 0.000514732 0.00153421 0.000514732 -0.00399825 0.000514732 0.000514732
internal_weight=108.731 107.314 104.19 96.0037 82.8758 13.1279 2.93677 8.18609 77.3431 22.6142 19.7473 3.19782 54.7289 54.245
internal_count=14356 14299 14270 12736 11463 1273 151 1534 11043 2122 1920 552 8921 8867
is_linear=0
shrinkage=0.03


Tree=122
num_leaves=13
num_cat=0
split_feature=1 4 9 10 1 10 9 9 10 1 9 1
split_gain=0.104646 0.121815 0.0579066 0.0704269 0.0965742 0.0710292 0.0991814 0.0812814 0.0525321 0.0359151 0.0440731 0.0159329
threshold=0.50142139962499255 99.799397992772711 2.6500526500526504 13.383084577114429 10.541946410209885 96.327493261455544 96.937821411874722 7.3268921095008057 92.592186128182632 37.51247504990021 28.340132585415606 74.219510612059466
decision_type=2 2 2 2 2 2 2 2 2 2 2 2
left_child=-1 2 11 9 8 6 -6 -7 10 -4 -5 -2
right_child=1 -3 3 4 5 7 -8 -9 -10 -11 -12 -13
leaf_value=-0.0059597543692027407 -0.0059280381125267215 0.0054548669297143854 -0.0044471060607452597 -0.0044471060607452597 0.00031970526021784287 0.00031970526021784287 0.0036933648531392738 0.0051992110730264508 0.00031970526021784287 -0.00046895925982554418 -0.0012247330716959499 -0.00046895925982554418
leaf_weight=1.3919786073383864 0.77913603995693737 3.1067120386287561 2.9069356319378121 2.7762941349064878 72.171518571209162 0.82954454026184876 3.7433151415316379 5.6540854317136109 2.8983070632675672 4.8467373849125579 7.3386314735980704 0.33383693522773683
leaf_count=57 117 29 519 313 10461 48 390 470 145 958 797 52
internal_value=0.00025131 0.000386065 0.000184673 0.000282703 0.00051409 0.000896596 0.00061282 0.00369336 -0.00179904 -0.00229806 -0.00229806 -0.0047354
internal_weight=108.777 107.385 104.278 103.165 95.4117 82.3985 75.9148 6.48363 13.0132 7.75367 10.1149 1.11297
internal_count=14356 14299 14270 14101 12624 11369 10851 518 1255 1477 1110 169
is_linear=0
shrinkage=0.03


Tree=123
num_leaves=11
num_cat=0
split_feature=1 4 1 11 9 9 11 9 11 1
split_gain=0.0995773 0.112989 0.0439121 0.0498898 0.0787293 0.0308178 0.0256552 0.0908001 0.0184022 0.0703887
threshold=0.50142139962499255 99.799397992772711 48.390335535691158 48.942647822418387 13.3974358974359 93.419913419913428 78.936789241132885 37.581168831168839 98.539917244736543 14.558156414443841
decision_type=2 2 2 2 2 2 2 2 2 2
left_child=-1 2 5 4 -4 6 -2 9 -5 -8
right_child=1 -3 3 8 -6 -7 7 -9 -10 -11
leaf_value=-0.0057769621708197551 -0.0011210316298266285 0.0052937502184043205 -0.00038292747826208562 0.0014914697760964374 0.0014914697760964374 0.0014914697760964374 -0.0011210316298266285 0.0014914697760964374 0.0045696774441328853 0.0014914697760964374
leaf_weight=1.4025248222751532 31.820593231183011 3.0884076240472487 2.7036236287094679 27.140121807111445 19.363874222850427 5.5267020854516877 2.9842304345220354 9.5011155512183887 1.0613628990249697 4.3352879030862823
leaf_count=57 4852 29 425 3427 3493 510 247 873 66 377
internal_value=0.000268932 0.000400297 0.000206753 0.000837245 -0.000229542 -0.000382927 -0.000631749 0.000304822 0.00165128 -0.00112103
internal_weight=108.928 107.525 104.437 50.269 22.0675 54.1679 48.6412 16.8206 28.2015 7.31952
internal_count=14356 14299 14270 7411 3918 6859 6349 1497 3493 624
is_linear=0
shrinkage=0.03


Tree=124
num_leaves=11
num_cat=0
split_feature=1 10 1 4 10 11 4 1 9 5
split_gain=0.0964453 0.131703 0.117389 0.0591493 0.0508376 0.0918526 0.104001 0.0787662 0.0373744 0.0162652
threshold=0.50142139962499255 97.036874451273064 3.312768402588762 97.289663098046347 13.383084577114429 96.99096989159041 96.199984799939202 37.51247504990021 71.193361433087475 47.585503303536733
decision_type=2 2 2 2 2 2 2 2 2 2
left_child=-1 4 -3 9 5 6 7 -2 -9 -4
right_child=1 2 3 -5 -6 -7 -8 8 -10 -11
leaf_value=-0.0056791372001342285 -0.0056791372001342285 8.8062969330018906e-05 8.8062969330018906e-05 0.0096704438982705958 8.8062969330018906e-05 8.8062969330018906e-05 8.8062969330018906e-05 -0.0030621649722045812 8.8062969330018906e-05 0.0036578599367642654
leaf_weight=1.4040180143201713 2.1352136438945291 0.95270519354380567 0.93961210513953108 1.5585462264716623 91.486663886869792 0.41150732338428486 1.5370451308554036 3.3189641378121451 0.93673245247919101 4.3057430715998635
leaf_count=57 493 30 226 19 12271 39 59 758 188 216
internal_value=0.000269184 0.000398401 0.00392622 0.00557159 8.8063e-05 -0.00212549 -0.00370481 -0.00539309 -0.00123618 0.00300028
internal_weight=108.987 107.583 7.75661 6.8039 99.8261 8.33946 7.92796 6.39091 4.2557 5.24536
internal_count=14356 14299 491 461 13808 1537 1498 1439 946 442
is_linear=0
shrinkage=0.03


Tree=125
num_leaves=7
num_cat=0
split_feature=3 1 11 10 9 11
split_gain=0.125181 0.0986021 0.274218 0.244038 0.0212176 0.00777768
threshold=99.799397992772711 0.90304240004838821 94.999979999920015 96.327493261455544 97.720906544435977 56.407624633431091
decision_type=2 2 2 2 2 2
left_child=1 2 -1 4 -3 -5
right_child=-2 3 -4 5 -6 -7
leaf_value=-0.012459333794493122 0.0050810217412288385 0.00013534946094091195 0.00013534946094091195 0.0031329784029538914 0.0031329784029538914 0.0050810217412288385
leaf_weight=1.1332384436391287 3.5015217871405175 90.126824618375394 1.1845755389658732 3.8705031342105922 3.7585953464731565 5.285598443238996
leaf_count=60 36 13181 49 330 395 275
internal_value=0.000181802 -2.72607e-05 -0.00511825 0.000135349 0.000135349 0.0047859
internal_weight=108.861 105.359 2.31781 103.042 93.8854 9.1561
internal_count=14326 14290 109 14181 13576 605
is_linear=0
shrinkage=0.03


Tree=126
num_leaves=8
num_cat=0
split_feature=3 10 11 11 1 11 10
split_gain=0.136253 0.0932606 0.156924 0.0144679 0.00650749 0.0595375 0.0420033
threshold=99.799397992772711 98.540068201193534 63.353467498377043 1.2573632112710271 11.345188411056677 94.277505594870874 91.11062335381915
decision_type=2 2 2 2 2 2 2
left_child=1 3 -3 -1 5 6 -5
right_child=-2 2 -4 4 -6 -7 -8
leaf_value=-0.0030340146402080418 0.00535430479002744 -0.00020208368981407116 0.00535430479002744 -0.0030340146402080418 -0.00020208368981407116 -0.00020208368981407116 -0.00020208368981407116
leaf_weight=0.62870987120550026 3.5294646797701708 2.5825492107542223 3.8829457075335085 9.4016189243993704 83.614297030493617 3.5820650612004092 1.6672449266770843
leaf_count=150 36 202 140 1169 12267 251 111
internal_value=0.000259422 4.00098e-05 0.00327404 -0.000202084 -0.000202084 -0.000827974 -0.00242722
internal_weight=108.889 105.359 6.46549 98.8939 98.2652 14.6509 11.0689
internal_count=14326 14290 342 13948 13798 1531 1280
is_linear=0
shrinkage=0.03


Tree=127
num_leaves=10
num_cat=0
split_feature=4 1 3 1 11 11 11 9 11
split_gain=0.145413 0.042698 0.0216621 0.0930863 0.130115 0.0592104 0.0204456 0.042744 0.0372714
threshold=99.799397992772711 0.90304240004838821 94.799979199916805 10.94356741063328 94.399977599910414 44.321707931993025 21.765340287167604 87.066905615292725 71.601179658596763
decision_type=2 2 2 2 2 2 2 2 2
left_child=1 -1 3 4 -3 -5 -4 8 -7
right_child=-2 2 6 5 -6 7 -8 -9 -10
leaf_value=-0.0039007783680785751 0.0052790010041666967 -0.0039007783680785751 -0.00082635260965259949 -0.00107625489214278 0.0002043394622662485 -0.00107625489214278 0.00098478860436328739 0.00098478860436328739 0.00080976811348285646
leaf_weight=1.4352296543074761 3.9686502638505763 5.6038311860174863 5.9782048057531929 20.790143319754861 1.5780928792664779 15.998548974050207 31.612140602548607 5.137903682421892 16.783627782016993
leaf_count=101 39 1128 157 4940 185 3648 550 889 2689
internal_value=0.000264165 2.64221e-05 0.000117703 -0.000210066 -0.00320865 0.000204339 0.000682803 0.000682803 0.000204339
internal_weight=108.886 104.918 103.482 65.8921 7.18192 58.7102 37.5903 37.9201 32.7822
internal_count=14326 14287 14186 13479 1313 12166 707 7226 6337
is_linear=0
shrinkage=0.03


Tree=128
num_leaves=7
num_cat=0
split_feature=3 1 11 9 11 11
split_gain=0.137239 0.0438589 0.19218 0.0143677 0.14798 0.00461749
threshold=99.799397992772711 0.90304240004838821 94.999979999920015 97.720906544435977 72.672726835485676 1.0000040000160002
decision_type=2 2 2 2 2 2
left_child=1 2 -1 5 -5 -3
right_child=-2 3 -4 4 -6 -7
leaf_value=-0.010028228003666022 0.0053791550750793464 -0.0017219948843236598 0.00014848103473795329 0.00014848103473795329 0.0053791550750793464 0.00014848103473795329
leaf_weight=1.0632945943507359 3.5230382122099391 0.39556008868385006 1.1700056927511466 2.608178762253373 1.6309958247002212 98.3896652678377
leaf_count=60 36 97 49 331 122 13631
internal_value=0.000262196 4.19169e-05 -0.00339952 0.000148481 0.00172085 0.000148481
internal_weight=108.781 105.258 2.2333 103.024 4.23917 98.7852
internal_count=14326 14290 109 14181 453 13728
is_linear=0
shrinkage=0.03


Tree=129
num_leaves=9
num_cat=0
split_feature=4 1 10 1 10 10 11 10
split_gain=0.122907 0.0921878 0.0109023 0.0236057 0.040757 0.0354131 0.00518146 0.00409299
threshold=99.799397992772711 0.90304240004838821 67.439703153988873 41.146845446301349 98.540068201193534 68.898343036274085 1.2573632112710271 44.91274770777877
decision_type=2 2 2 2 2 2 2 2
left_child=1 -1 6 4 -4 -5 7 -3
right_child=-2 2 3 5 -6 -7 -8 -9
leaf_value=-0.0058556070143083163 0.0048575968504086754 -0.0027494005813304442 -0.00011087307069318046 -0.00011087307069318046 0.0011430601382056622 0.0016114211118717057 -0.00011087307069318046 -0.00011087307069318046
leaf_weight=1.3463451664429147 3.9623061505844808 0.20249936578329553 18.502292647142898 0.78631709679030493 2.5723037654533973 22.760171239962801 58.38429640600225 0.23438078025355935
leaf_count=101 39 56 1628 102 142 2366 9837 55
internal_value=0.000244184 2.54709e-05 0.000157348 0.000505607 -0.000110873 0.00114306 -0.000110873 -0.00191476
internal_weight=108.751 104.789 103.442 44.6211 21.0746 23.5465 58.8212 0.43688
internal_count=14326 14287 14186 4238 1770 2468 9948 111
is_linear=0
shrinkage=0.03


Tree=130
num_leaves=6
num_cat=0
split_feature=9 1 4 1 0
split_gain=0.0204849 0.0826434 0.0298059 0.0655631 0.0204572
threshold=1.9419306184012068 43.158926026687404 99.799397992772711 98.590129486597007 99.799397992772711
decision_type=2 2 2 2 2
left_child=1 -1 3 4 -2
right_child=2 -3 -4 -5 -6
leaf_value=-0.0090201083882671361 -0.00059531852635925323 -0.00059531852635925323 0.0017946617174462278 0.0017946617174462278 0.0017946617174462278
leaf_weight=0.3229873672244129 101.83117748756194 0.48606886458583176 3.7583422022871664 2.353933068108744 1.6338797621428955
leaf_count=57 13946 66 37 221 16
internal_value=-0.00065353 -0.00385043 -0.000595319 -0.000595319 -0.000595319
internal_weight=110.386 0.809056 109.577 105.819 103.465
internal_count=14343 123 14220 14183 13962
is_linear=0
shrinkage=0.03


Tree=131
num_leaves=3
num_cat=0
split_feature=4 1
split_gain=0.0167193 0.062688
threshold=99.799397992772711 98.590129486597007
decision_type=2 2
left_child=1 -1
right_child=-2 -3
leaf_value=-0.00088737655570686393 0.0011127227079287781 0.0011127227079287781
leaf_weight=104.22449231881183 3.7851331382989875 2.365725453477352
leaf_count=14083 38 222
internal_value=-0.000652373 -0.000724813
internal_weight=110.375 106.59
internal_count=14343 14305
is_linear=0
shrinkage=0.03


Tree=132
num_leaves=5
num_cat=0
split_feature=1 9 4 0
split_gain=0.0180281 0.313518 0.00392701 0.00363454
threshold=98.590129486597007 68.790584415584433 99.799397992772711 99.799397992772711
decision_type=2 2 2 2
left_child=2 -2 3 -1
right_child=1 -3 -4 -5
leaf_value=-0.00095136759161823373 -0.00067818058072735847 0.011575752826234159 -0.00067818058072735847 -0.00067818058072735847
leaf_weight=102.51249923603609 1.5330602774629363 0.9963142224587499 3.6919681562576434 1.6258296668529499
leaf_count=14067 152 71 37 16
internal_value=-0.000614432 0.0015254 -0.000678181 -0.000873092
internal_weight=110.36 2.52937 107.83 104.138
internal_count=14343 223 14120 14083
is_linear=0
shrinkage=0.03


Tree=133
num_leaves=3
num_cat=0
split_feature=4 1
split_gain=0.015122 0.0693089
threshold=99.799397992772711 98.590129486597007
decision_type=2 2
left_child=1 -1
right_child=-2 -3
leaf_value=-0.00086770067697082803 0.0010643167653794897 0.0010643167653794897
leaf_weight=104.15094537771074 3.7763437249232075 2.429628287558443
leaf_count=14083 38 222
internal_value=-0.000615547 -0.000684407
internal_weight=110.357 106.581
internal_count=14343 14305
is_linear=0
shrinkage=0.03


Tree=134
num_leaves=4
num_cat=0
split_feature=4 1 0
split_gain=0.0218496 0.0772926 0.0309817
threshold=99.799397992772711 98.590129486597007 99.799397992772711
decision_type=2 2 2
left_child=1 2 -1
right_child=-2 -3 -4
leaf_value=-0.00095935456845630464 0.001385133579635202 0.001385133579635202 0.001385133579635202
leaf_weight=102.47893872478744 3.816014497075229 2.4211833508452392 1.628955740481614
leaf_count=14067 38 222 16
internal_value=-0.000616072 -0.000699973 -0.000879353
internal_weight=110.345 106.529 104.108
internal_count=14343 14305 14083
is_linear=0
shrinkage=0.03


Tree=135
num_leaves=11
num_cat=0
split_feature=10 11 5 11 1 1 1 0 1 9
split_gain=0.105228 0.175576 0.25115 0.116454 0.157781 0.194623 0.0638804 0.033682 0.28562 0.0132512
threshold=48.064435564435577 19.759271779022601 98.590129486597007 96.99096989159041 6.1241154055525326 5.3208734047057407 62.512525050100201 85.297064645940182 62.512525050100201 95.445134575569369
decision_type=2 2 2 2 2 2 2 2 2 2
left_child=3 5 7 4 -1 -2 -7 -3 -9 -6
right_child=1 2 -4 -5 9 6 -8 8 -10 -11
leaf_value=-0.0077554027292891323 -0.0077554027292891323 0.0012104573758172368 0.0060771740485538314 0.0012104573758172368 -0.0012446899999833776 -0.00061253825515517253 0.0012104573758172368 0.0012104573758172368 0.0060771740485538314 -0.00061253825515517253
leaf_weight=2.0788998964126213 0.95515790698118408 27.194405894668307 11.069077396066858 1.7007293433416624 29.782705220102816 4.5379553078673762 5.1727558546699584 17.008923785353549 5.3100738376379004 1.8764724639477197
leaf_count=288 91 5469 125 169 5272 743 821 831 152 287
internal_value=0.000829242 0.00148692 0.0021839 -0.000497512 -0.00126326 -0.000497512 -0.00039676 0.00121046 0.00237784 -0.000612538
internal_weight=106.687 71.2483 60.5825 35.4388 33.7381 10.6659 9.71071 49.5134 22.319 31.6592
internal_count=14248 8232 6577 6016 5847 1655 1564 6452 983 5559
is_linear=0
shrinkage=0.03


Tree=136
num_leaves=11
num_cat=0
split_feature=9 10 3 5 5 1 5 1 5 5
split_gain=0.111659 0.137608 0.202336 0.255689 0.0720081 0.0179234 0.0125863 0.0588693 0.04589 0.0349719
threshold=97.720906544435977 48.064435564435577 91.999967999872013 97.587937262126999 96.582911121346555 78.635873414461415 99.799397992772711 14.558156414443841 98.896147099739935 94.799979199916805
decision_type=2 2 2 2 2 2 2 2 2 2
left_child=1 6 3 5 -2 -3 7 9 -9 -1
right_child=4 2 -4 -5 -6 -7 -8 8 -10 -11
leaf_value=-0.0056988502621621515 0.0030265639557136982 -0.0008970257270333648 0.0030265639557136982 0.0030265639557136982 0.0094369328635764433 0.00076304370113830196 0.0012813286074475744 -0.0008970257270333648 0.0012813286074475744 -0.0008970257270333648
leaf_weight=2.7576312702149144 2.9063581000082186 25.558110986661632 33.7329516740283 2.1026136840227982 1.3677038319874553 6.8233031246345481 1.4355169348418702 27.169573537423279 1.1545473113656033 1.7001820170553399
leaf_count=717 428 5684 652 28 23 1558 16 5036 17 89
internal_value=0.000864109 0.000638254 0.00141018 -0.000211732 0.00512971 -0.000897026 -0.000897026 -0.00102752 -0.000897026 -0.00405304
internal_weight=106.708 102.434 68.217 34.484 4.27406 32.3814 34.2175 32.7819 28.3241 4.45781
internal_count=14248 13797 7922 7270 451 7242 5875 5859 5053 806
is_linear=0
shrinkage=0.03


Tree=137
num_leaves=8
num_cat=0
split_feature=10 11 3 5 11 1 9
split_gain=0.0769006 0.156284 0.433975 0.377829 0.0226222 0.166795 0.0146875
threshold=48.064435564435577 19.759271779022601 91.999967999872013 97.587937262126999 96.165485500162944 6.1241154055525326 95.445134575569369
decision_type=2 2 2 2 2 2 2
left_child=4 -2 3 -3 5 -1 -7
right_child=1 2 -4 -5 -6 6 -8
leaf_value=-0.0077297602904577954 -0.00026473160315586166 -0.00026473160315586166 0.0045883393774943512 0.0045883393774943512 -0.00026473160315586166 -0.00093601953105055364 -0.00026473160315586166
leaf_weight=2.0553414947935371 10.62457559321774 27.999157237180047 30.464422216056846 2.2702337293885639 2.0339116783579803 29.269936355645772 1.8806469093542535
leaf_count=283 1655 6009 540 28 221 5230 282
internal_value=0.000877595 0.00143759 0.00211774 -0.000264732 -0.000264732 -0.00103756 -0.000369315
internal_weight=106.598 71.3584 60.7338 30.2694 35.2398 33.2059 31.1506
internal_count=14248 8232 6577 6037 6016 5795 5512
is_linear=0
shrinkage=0.03


Tree=138
num_leaves=12
num_cat=0
split_feature=9 11 5 10 11 1 11 4 3 11 9
split_gain=0.0739201 0.140765 0.278666 0.0440962 0.0838814 0.0877374 0.0392061 0.0231428 0.0199785 0.00782831 0.000417234
threshold=97.720906544435977 17.652976636002933 96.582911121346555 48.064435564435577 96.165485500162944 6.1241154055525326 19.759271779022601 40.744429330224129 77.432232309574417 80.240728220977402 92.182327476445138
decision_type=2 2 2 2 2 2 2 2 2 2 2
left_child=3 -2 7 4 5 -1 -5 -3 9 -9 -7
right_child=1 2 -4 6 -6 10 -8 8 -10 -11 -12
leaf_value=-0.006143323517943387 0.00074149718176575786 0.00074149718176575786 0.015543910832248374 -0.00063573956121303066 0.00074149718176575786 -0.00080025645725723918 0.00074149718176575786 0.00074149718176575786 0.005234292374516847 0.003341020797068803 -0.00063573956121303066
leaf_weight=1.8918184291687818 0.74833612306974728 0.66644337261095721 1.0512885544449089 9.9237196258618479 1.9730176293523971 27.806650230020768 58.302806370891631 0.4997298343805594 0.99003013665787876 0.3797621555859223 2.1503549753688267
leaf_count=279 107 120 15 1566 208 4986 6356 108 39 62 402
internal_value=0.000929491 0.00438609 0.00731321 0.000741497 -0.000333442 -0.00113995 0.000741497 0.000741497 0.00348756 0.000741497 -0.00063574
internal_weight=106.384 4.33559 3.58725 102.048 33.8218 31.8488 68.2265 2.53597 1.86952 0.879492 29.957
internal_count=14248 451 344 13797 5875 5667 7922 329 209 170 5388
is_linear=0
shrinkage=0.03


Tree=139
num_leaves=11
num_cat=0
split_feature=11 1 9 5 5 5 10 1 9 4
split_gain=0.0666187 0.503981 0.161028 0.27174 0.0937966 0.192933 0.0420987 0.0824785 0.0223773 0.00567431
threshold=18.373555918466099 5.3208734047057407 97.720906544435977 96.582911121346555 98.590129486597007 99.596366894754013 64.232409381663132 15.361398415290632 7.3268921095008057 40.744429330224129
decision_type=2 2 2 2 2 2 2 2 2 2
left_child=1 -1 4 9 -2 6 -3 -8 -9 -4
right_child=2 5 3 -5 -6 -7 7 8 -10 -11
leaf_value=-0.014014560000551839 0.0012373852308855467 -0.0020851240020076001 0.0012373852308855467 0.015133930169818668 0.0037388386278966188 0.0037388386278966188 -0.0020851240020076001 -0.0020851240020076001 0.0012373852308855467 0.0031469279136064985
leaf_weight=1.2563845674158063 74.12973376881564 7.6224236217676573 0.64521135005634267 1.0329927129205314 13.859040946001185 0.93465716391801912 0.6567812917055561 0.30207130149938155 4.0037729521282017 1.8715598015114663
leaf_count=124 11112 1728 115 15 169 8 80 46 645 206
internal_value=0.000958817 -0.000865599 0.00125948 0.00691188 0.00123739 0.00123739 -0.000788679 0.00121835 0.00123739 0.00123739
internal_weight=106.315 14.7761 91.5385 3.54976 87.9888 13.5197 12.585 4.96263 4.30584 2.51677
internal_count=14248 2631 11617 336 11281 2507 2499 771 691 321
is_linear=0
shrinkage=0.03


Tree=140
num_leaves=4
num_cat=0
split_feature=1 5 9
split_gain=0.0175396 0.0225417 0.0125276
threshold=0.50142139962499255 99.799397992772711 1.9419306184012068
decision_type=2 2 2
left_child=-1 2 -2
right_child=1 -3 -4
leaf_value=-0.0034252704508488693 -0.0032727193641735168 0.0015678694769632648 -0.000735358977394923
leaf_weight=1.2684897018480104 0.87967711687087913 2.8850221969187251 104.00847066804999
leaf_count=61 113 28 14159
internal_value=-0.000772885 -0.000710464 -0.000787346
internal_weight=109.042 107.773 104.888
internal_count=14361 14300 14272
is_linear=0
shrinkage=0.03


Tree=141
num_leaves=6
num_cat=0
split_feature=1 9 9 1 1
split_gain=0.013526 0.307063 0.0123862 0.00734403 0.00315792
threshold=98.896147099739935 56.711711711711722 1.9419306184012068 43.158926026687404 0.50142139962499255
decision_type=2 2 2 2 2
left_child=2 -2 3 -1 -4
right_child=1 -3 4 -5 -6
leaf_value=-0.0044599914750792329 -0.00079783794403716682 0.011116284273487017 -0.0020941785315387804 -0.00079783794403716682 -0.00079783794403716682
leaf_weight=0.4189702543662851 1.2916183731285849 1.0438081795582546 1.2385592375067052 0.45777935115620494 104.59056266862899
leaf_count=55 104 69 61 58 14014
internal_value=-0.000744979 0.00118528 -0.000797838 -0.00330364 -0.000797838
internal_weight=109.041 2.33543 106.706 0.87675 105.829
internal_count=14361 173 14188 113 14075
is_linear=0
shrinkage=0.03


Tree=142
num_leaves=7
num_cat=0
split_feature=5 1 9 1 9 1
split_gain=0.0157746 0.0157028 0.014408 0.0041839 0.00477439 0.000436253
threshold=98.896147099739935 99.596366894754013 1.9419306184012068 0.90304240004838821 96.937821411874722 8.1322204076695126
decision_type=2 2 2 2 2 2
left_child=1 2 -1 -4 -5 -2
right_child=5 -3 3 4 -6 -7
leaf_value=-0.0037574000285443745 8.6566078079571777e-05 0.0001892562039015426 -0.0025310297220515459 -0.00088810412282617742 8.6566078079571777e-05 0.00032612286979442911
leaf_weight=0.69815399445360427 5.543981704860923 0.65915165573824097 0.6093335262266909 88.187238092534244 4.5865561045939094 8.7899752631783468
leaf_count=111 71 81 94 13370 534 100
internal_value=-0.00072695 -0.000866099 -0.000937912 -0.000877246 -0.000839509 0.000189256
internal_weight=109.074 94.7404 94.0813 93.3831 92.7738 14.334
internal_count=14361 14190 14109 13998 13904 171
is_linear=0
shrinkage=0.03


Tree=143
num_leaves=5
num_cat=0
split_feature=1 9 1 9
split_gain=0.0110443 0.298519 0.00387371 0.00165913
threshold=98.896147099739935 56.711711711711722 0.50142139962499255 1.9419306184012068
decision_type=2 2 2 2
left_child=2 -2 -1 -4
right_child=1 -3 3 -5
leaf_value=-0.0020937325702193935 -0.00074874630644489204 0.010978569976413537 -0.0018432211256921949 -0.00074874630644489204
leaf_weight=1.2371394628426049 1.2925125799374648 1.0357502133119849 0.82513386302161862 104.78304156241938
leaf_count=61 104 69 113 14014
internal_value=-0.000701253 0.00104837 -0.000748746 -0.000748746
internal_weight=109.174 2.32826 106.845 105.608
internal_count=14361 173 14188 14127
is_linear=0
shrinkage=0.03


Tree=144
num_leaves=7
num_cat=0
split_feature=5 9 1 1 9 9
split_gain=0.0254164 0.0186164 0.0161558 0.0072758 0.160719 0.0271775
threshold=98.590129486597007 1.9419306184012068 99.596366894754013 11.345188411056677 50.834016953787263 96.720430107526894
decision_type=2 2 2 2 2 2
left_child=1 -1 3 4 -3 -5
right_child=-2 2 -4 5 -6 -7
leaf_value=-0.0040812797508232943 0.00032453049470958321 -0.0040812797508232943 0.00032453049470958321 -0.00079095739684822118 -0.00079095739684822118 0.00032453049470958321
leaf_weight=0.69464649085421015 17.687528557260521 4.9225169736309891 0.65556853823363681 76.332587830722332 4.963478387799114 3.910694448160938
leaf_count=110 219 830 81 11964 667 490
internal_value=-0.000701589 -0.000901353 -0.000832821 -0.000904212 -0.00166638 -0.000790957
internal_weight=109.167 91.4795 90.7848 90.1293 9.886 80.2433
internal_count=14361 14142 14032 13951 1497 12454
is_linear=0
shrinkage=0.03


Tree=145
num_leaves=5
num_cat=0
split_feature=1 10 1 1
split_gain=0.0252137 0.0210994 0.0925313 5.86856e-05
threshold=0.50142139962499255 49.675324675324681 98.590129486597007 31.859283082293622
decision_type=2 2 2 2
left_child=-1 3 -3 -2
right_child=1 2 -4 -5
leaf_value=-0.0035915899290254647 -0.0012130297995979907 -0.00034929209010200313 0.0049900464931127934 -0.00086445837831598013
leaf_weight=1.3499355204985466 12.305255545594262 68.670376004942227 2.0496148137608534 23.773514269501902
leaf_count=63 1892 7879 147 4276
internal_value=-0.000504934 -0.000432964 -0.000127128 -0.00101285
internal_weight=108.149 106.799 70.72 36.0788
internal_count=14257 14194 8026 6168
is_linear=0
shrinkage=0.03


Tree=146
num_leaves=7
num_cat=0
split_feature=9 11 1 3 9 11
split_gain=0.0874937 0.434722 0.29012 0.162143 0.0159812 0.101536
threshold=96.720430107526894 44.321707931993025 11.345188411056677 61.708497640442182 2.6500526500526504 79.929597421945857
decision_type=2 2 2 2 2 2
left_child=4 -2 -3 -4 5 -1
right_child=1 2 3 -5 -6 -7
leaf_value=-0.0088939728842393016 -0.00076933457859721549 -0.00076933457859721549 -0.00024636137720115167 0.014981653618710594 -0.00076933457859721549 -0.00076933457859721549
leaf_weight=0.62019855860853457 1.6410227278247465 0.49723903974518213 0.72553050413262132 2.5613749346230179 101.2833530116477 0.64222045138012618
leaf_count=104 241 44 159 110 13537 62
internal_value=-0.000563248 0.00284564 0.00920336 0.0123469 -0.000769335 -0.00334208
internal_weight=107.971 5.42517 3.78414 3.28691 102.546 1.26242
internal_count=14257 554 313 269 13703 166
is_linear=0
shrinkage=0.03


Tree=147
num_leaves=8
num_cat=0
split_feature=9 11 1 10 11 11 1
split_gain=0.0863365 0.455774 0.29769 0.0174767 0.0645696 0.0606176 0.0298507
threshold=96.720430107526894 46.130769603723586 11.345188411056677 49.675324675324681 96.165485500162944 19.759271779022601 31.859283082293622
decision_type=2 2 2 2 2 2 2
left_child=3 -2 -3 4 6 -5 -1
right_child=1 2 -4 5 -6 -7 -8
leaf_value=-0.0038700944557515061 -0.0007235630448034809 -0.0007235630448034809 0.012597318493618601 -0.0022169193392323552 -0.0007235630448034809 -0.0007235630448034809 -0.0022169193392323552
leaf_weight=10.628432301688006 1.8612453476525832 0.49564486800227348 3.2951110489666462 10.091153072309679 1.967828724766149 57.681104933086317 21.952280864934437
leaf_count=1739 259 44 251 1533 204 6204 4023
internal_value=-0.000514599 0.00280846 0.00942798 -0.000723563 -0.00139972 -0.000723563 -0.00221692
internal_weight=107.973 5.652 3.79076 102.321 34.5485 67.7723 32.5807
internal_count=14257 554 295 13703 5966 7737 5762
is_linear=0
shrinkage=0.03


Tree=148
num_leaves=8
num_cat=0
split_feature=9 11 1 10 1 9 9
split_gain=0.0451944 0.360815 0.225952 0.0201188 0.0427215 0.0896255 0.000899218
threshold=96.720430107526894 46.130769603723586 13.353293413173654 49.675324675324681 31.859283082293622 94.392033542976961 87.585616438356183
decision_type=2 2 2 2 2 2 2
left_child=3 -2 -3 4 5 -1 -6
right_child=1 2 -4 -5 6 -7 -8
leaf_value=-0.0040388299510695043 -0.00061808004546393147 -0.00061808004546393147 0.010949690989335332 -0.00061808004546393147 -0.00087099081672339874 -0.00061808004546393147 -0.00061808004546393147
leaf_weight=10.824549351236779 1.8625237230444316 0.63818284193985197 3.2778712433064356 67.750895946694072 20.074929916881963 0.72508070600451979 2.5818263139808542
leaf_count=1777 259 51 244 7737 3692 66 431
internal_value=-0.000465694 0.00191754 0.00804209 -0.00061808 -0.00134276 -0.00275525 -0.00061808
internal_weight=107.736 5.77858 3.91605 101.957 34.2064 11.5496 22.6568
internal_count=14257 554 295 13703 5966 1843 4123
is_linear=0
shrinkage=0.03


Tree=149
num_leaves=6
num_cat=0
split_feature=1 10 1 11 10
split_gain=0.0138829 0.144826 0.0111138 0.00770852 0.0022881
threshold=98.590129486597007 71.291208791208803 0.50142139962499255 81.845583027493419 49.675324675324681
decision_type=2 2 2 2 2
left_child=2 3 -1 -2 -4
right_child=1 -3 4 -5 -6
leaf_value=-0.0026650638439854176 -0.00056627361326994975 0.0078466169708858273 -0.00083896392633742015 0.0044049613883266944 -0.00056627361326994975
leaf_weight=1.3435350254876528 0.80566345504485004 1.0324050184572113 34.871999170281924 0.76043979695532471 68.773044523200952
leaf_count=63 128 62 6094 31 7879
internal_value=-0.000508059 0.00134776 -0.000566274 -0.000566274 -0.000566274
internal_weight=107.587 2.59851 104.989 1.5661 103.645
internal_count=14257 221 14036 159 13973
is_linear=0
shrinkage=0.03


Tree=150
num_leaves=8
num_cat=0
split_feature=5 0 10 10 3 3 10
split_gain=0.198548 0.163663 0.0214676 0.017836 0.143108 0.0035676 0.000209527
threshold=98.896147099739935 98.896147099739935 68.898343036274085 75.162337662337677 91.725521342456844 95.963668947539929 70.139561930606718
decision_type=2 2 2 2 2 2 2
left_child=1 3 -2 5 -5 6 -1
right_child=2 -3 -4 4 -6 -7 -8
leaf_value=-7.2720935198507795e-05 0.0043811501353968451 0.0043811501353968451 0.00646411827220274 6.0866807589298918e-05 0.0029348768585397774 0.00054899343750115695 6.0866807589298918e-05
leaf_weight=43.728649224038236 6.374493043404069 2.81136493559461 7.8770328238606453 15.856145225698127 17.720827088225633 9.9482283180113864 3.4843620603205627
leaf_count=9841 90 64 81 2940 324 275 653
internal_value=0.00120307 0.000677694 0.00438115 0.00038731 0.000925212 6.08668e-05 -5.12396e-05
internal_weight=107.801 93.5496 14.2515 90.7382 33.577 57.1612 47.213
internal_count=14268 14097 171 14033 3264 10769 10494
is_linear=0
shrinkage=0.03


Tree=151
num_leaves=10
num_cat=0
split_feature=5 11 3 5 3 11 11 4 11
split_gain=0.233288 0.192319 0.206385 0.126838 0.0595942 0.0531019 0.00789624 0.00697548 0.000684617
threshold=98.896147099739935 4.613846166228039 97.587937262126999 97.587937262126999 96.199984799939202 75.478276743336991 76.15000460001842 2.5095264017419709 8.182725458174561
decision_type=2 2 2 2 2 2 2 2 2
left_child=1 -1 3 4 5 8 -6 -7 -3
right_child=-2 2 -4 -5 6 7 -8 -9 -10
leaf_value=-0.005993245196353309 0.004699411166341364 -0.0014707016611923381 0.0046059719148479738 0.0046059719148479738 0.001262097599079165 -0.00080229610467521953 0.0039193260839155185 0.0010202740854084145 -0.00080229610467521953
leaf_weight=2.7525733172078608 14.191139908274634 1.8198977013817046 11.04849003755953 4.8863486960763103 3.5982609523925921 0.38132124429103598 2.2896098126657307 23.04465811868431 43.705394283460919
leaf_count=622 171 483 204 94 90 69 46 3168 9321
internal_value=0.00124741 0.000679445 0.000944883 0.000386751 5.25396e-05 -0.000210317 0.00271441 0.000925863 -0.000802296
internal_weight=107.718 93.5266 90.774 79.7255 74.8391 68.9513 5.88787 23.426 45.5253
internal_count=14268 14097 13475 13271 13177 13041 136 3237 9804
is_linear=0
shrinkage=0.03


Tree=152
num_leaves=9
num_cat=0
split_feature=5 0 11 11 10 10 10 10
split_gain=0.212232 0.160994 0.0929087 0.0202988 0.0481229 0.0275612 0.0149128 0.000178237
threshold=98.896147099739935 98.896147099739935 4.613846166228039 75.478276743336991 99.350649350649363 37.708504238446828 95.555311676909582 12.9451193967323
decision_type=2 2 2 2 2 2 2 2
left_child=1 2 6 4 7 -5 -1 -4
right_child=-2 -3 3 5 -6 -7 -8 -9
leaf_value=-0.0048275141929474694 0.0045766719836675277 0.0045766719836675277 -0.00025690880892720558 -7.641157923542793e-05 0.0012431473152340006 0.001729593968776065 -7.641157923542793e-05 -7.641157923542793e-05
leaf_weight=2.4128516350756404 14.160150168230755 2.8020285911625242 4.1030131398001677 7.3739285596530015 1.9371374294860277 23.763300239806995 0.22461645212024439 50.62485350453062
leaf_count=580 171 64 1040 1133 201 2237 42 8800
internal_value=0.00127994 0.000736032 0.000451605 0.000639441 0.000291901 0.00124315 -0.00425824 -7.64116e-05
internal_weight=107.402 93.2417 90.4397 87.8022 56.665 31.1372 2.63747 54.7279
internal_count=14268 14097 14033 13411 10041 3370 622 9840
is_linear=0
shrinkage=0.03


Tree=153
num_leaves=12
num_cat=0
split_feature=5 0 1 10 1 11 11 11 1 10 1
split_gain=0.144878 0.143841 0.0979963 0.147296 0.0403843 0.0724384 0.0333326 0.0266248 0.0344863 0.0668418 0.0196494
threshold=98.896147099739935 98.896147099739935 11.345188411056677 91.11062335381915 8.5338414080929077 98.333333333333343 36.239919354838712 75.478276743336991 34.302765436868206 77.931627196333096 73.816690465372901
decision_type=2 2 2 2 2 2 2 2 2 2 2
left_child=1 2 3 4 5 -1 -6 10 9 -9 -4
right_child=-2 -3 7 -5 6 -7 -8 8 -10 -11 -12
leaf_value=-0.0065985791633648471 0.0039221307592454853 0.0039221307592454853 0.00082153469356946863 0.00082153469356946863 -0.0041402032735446907 -0.00053098935552288668 0.00082153469356946863 0.00082153469356946863 0.0025103203111074787 0.0025103203111074787 0.0021903601692784191
leaf_weight=5.2372987408307363 14.22642067959532 2.8042271698359391 37.399091849219985 2.3713551338296384 0.48085862991865758 0.32759225775953371 1.6802848724182693 5.317172555834988 18.758045716676861 2.8183862969744951 15.973566018743439
leaf_count=873 171 64 6812 180 109 67 258 643 2001 187 2903
internal_value=0.00120318 0.000750767 0.000465029 -0.00218757 -0.00435387 -0.00553147 -0.000530989 0.000821535 0.00176135 0.000821535 0.000821535
internal_weight=107.394 93.1679 90.3637 10.0974 7.72603 5.56489 2.16114 80.2663 26.8936 8.13556 53.3727
internal_count=14268 14097 14033 1487 1307 940 367 12546 2831 830 9715
is_linear=0
shrinkage=0.03


Tree=154
num_leaves=12
num_cat=0
split_feature=10 3 3 1 11 10 1 4 4 4 1
split_gain=0.137801 0.321675 0.135134 0.176112 0.144666 0.0532559 0.0298615 0.0258789 0.00945212 0.00224864 0.00216686
threshold=98.540068201193534 73.011050171999756 95.568978386447739 0.50142139962499255 75.478276743336991 94.624819624819636 85.297064645940182 99.799397992772711 57.271746828922808 94.159107873044732 75.024950099800421
decision_type=2 2 2 2 2 2 2 2 2 2 2
left_child=2 -2 3 -1 5 6 7 10 -8 -3 -5
right_child=1 9 -4 4 -6 -7 8 -9 -10 -11 -12
leaf_value=-0.010158645923250258 0.00095583321069024575 0.0049604840220211915 0.00254312347293234 -0.0016987206515604451 0.00095583321069024575 0.00095583321069024575 -0.00030034380355144696 0.00071886160452558823 0.00095583321069024575 0.011341590025434445 -0.00074719977964022059
leaf_weight=0.44819939875742321 1.2343692169524718 2.9597906754352152 31.751291940454394 33.084290522499941 22.300222269375809 2.0504503950942299 5.2201527737779534 0.38215617835521598 0.80955530831124622 2.3820004703011364 4.7449273536913088
leaf_count=45 228 88 602 7321 3115 308 1264 3 175 32 1087
internal_value=0.00125971 0.00517617 0.000955833 0.000199956 0.000412644 -0.000834875 -0.00114931 -0.00145491 0.000718862 0.00914564 -0.00160169
internal_weight=107.367 6.57616 100.791 69.04 68.5918 46.2915 44.2411 38.2114 6.02971 5.34179 37.8292
internal_count=14268 348 13920 13318 13273 10158 9850 8411 1439 120 8408
is_linear=0
shrinkage=0.03


Tree=155
num_leaves=5
num_cat=0
split_feature=5 9 11 11
split_gain=0.0838704 0.0583732 0.0479194 0.0029719
threshold=99.799397992772711 2.6500526500526504 79.929597421945857 5.4162541951372631
decision_type=2 2 2 2
left_child=1 2 -1 -3
right_child=-2 3 -4 -5
leaf_value=-0.0083829322054788293 0.0032915656131930937 -0.0014256062197681326 -0.00063579716509046377 -0.00059303798698014598
leaf_weight=0.63017607538495102 3.8556795604526988 3.6409738397924221 0.75697430642321706 99.593147866020445
leaf_count=110 38 744 67 13434
internal_value=-0.000577224 -0.000749618 -0.00540553 -0.000635797
internal_weight=108.477 104.621 1.38715 103.234
internal_count=14393 14355 177 14178
is_linear=0
shrinkage=0.03


Tree=156
num_leaves=3
num_cat=0
split_feature=9 5
split_gain=0.03362 0.0293427
threshold=2.6500526500526504 99.799397992772711
decision_type=2 2
left_child=-1 -2
right_child=1 -3
leaf_value=-0.0041168863811094671 -0.00056739155201615511 0.0018055914014378654
leaf_weight=1.3391085056355212 103.01930698339129 3.9527427963912478
leaf_count=177 14178 38
internal_value=-0.00054621 -0.000463796
internal_weight=108.311 106.972
internal_count=14393 14216
is_linear=0
shrinkage=0.03


Tree=157
num_leaves=6
num_cat=0
split_feature=9 11 11 11 10
split_gain=0.0207211 0.0478587 0.00635492 0.00172734 0.041378
threshold=2.6500526500526504 79.929597421945857 99.44807354986996 75.478276743336991 98.540068201193534
decision_type=2 2 2 2 2
left_child=1 -1 3 -2 -5
right_child=2 -3 -4 4 -6
leaf_value=-0.0067388955325248167 -0.00057398738063359667 -0.00045330754403858769 0.0013879728421764084 -0.00045330754403858769 0.0013879728421764084
leaf_weight=0.5843029714305874 66.732908197969664 0.7041096807224676 0.7476000637980168 36.413658305711579 3.2732192341936743
leaf_count=110 10786 67 48 3270 112
internal_value=-0.00051819 -0.00335856 -0.000453308 -0.000453308 -0.000309212
internal_weight=108.456 1.28841 107.167 106.42 39.6869
internal_count=14393 177 14216 14168 3382
is_linear=0
shrinkage=0.03


Tree=158
num_leaves=5
num_cat=0
split_feature=9 11 11 11
split_gain=0.0216459 0.0462092 0.00625274 0.00148314
threshold=2.6500526500526504 79.929597421945857 99.44807354986996 75.478276743336991
decision_type=2 2 2 2
left_child=1 -1 3 -2
right_child=2 -3 -4 -5
leaf_value=-0.0067044883396403807 -0.00056236065054461268 -0.00044831914596042872 0.0013788960283387856 -0.00031485019676413367
leaf_weight=0.58278315979987272 66.73223794583464 0.70057322538923472 0.74571802781429042 39.692027459212113
leaf_count=110 10786 67 48 3382
internal_value=-0.000514403 -0.00341972 -0.000448319 -0.000448319
internal_weight=108.453 1.28336 107.17 106.424
internal_count=14393 177 14216 14168
is_linear=0
shrinkage=0.03


Tree=159
num_leaves=4
num_cat=0
split_feature=9 11 11
split_gain=0.0194621 0.0455377 0.00606682
threshold=2.6500526500526504 79.929597421945857 99.44807354986996
decision_type=2 2 2
left_child=1 -1 -2
right_child=2 -3 -4
leaf_value=-0.0066211213070155317 -0.00049090296898925785 -0.00049090296898925785 0.0013157423118207512
leaf_weight=0.58120834716828429 106.34793869801797 0.69881898432504386 0.74668415181804348
leaf_count=110 14168 67 48
internal_value=-0.000554282 -0.00331592 -0.000490903
internal_weight=108.375 1.28003 107.095
internal_count=14393 177 14216
is_linear=0
shrinkage=0.03


Tree=160
num_leaves=8
num_cat=0
split_feature=4 1 4 9 4 4 4
split_gain=0.0784472 0.0239978 0.122842 0.0169415 0.0101142 0.00363738 2.97262e-05
threshold=99.799397992772711 8.1322204076695126 97.981834473769979 96.937821411874722 22.603453893776479 4.9192524042823456 54.864464619148798
decision_type=2 2 2 2 2 2 2
left_child=1 2 -1 5 -5 -3 -6
right_child=-2 3 -4 4 6 -7 -8
leaf_value=-0.0036373972325963837 0.0040254655850772121 -0.00086663132276507831 0.00015678792159205519 0.00015678792159205519 0.00058222493703665563 0.00015678792159205519 0.0024809562142136771
leaf_weight=8.3822463778778893 3.5279285404831162 3.158381682354956 3.1509226210182524 0.73525752313434978 0.75286772416438896 84.728666356997564 3.4676899934420362
leaf_count=1034 35 621 106 122 138 12034 223
internal_value=0.000159668 -7.95722e-06 -0.00124086 0.000156788 0.0017581 0.000156788 0.00231866
internal_weight=107.904 104.376 11.5332 92.8429 4.95582 87.887 4.22056
internal_count=14313 14278 1140 13138 483 12655 361
is_linear=0
shrinkage=0.03


Tree=161
num_leaves=7
num_cat=0
split_feature=4 1 9 11 11 4
split_gain=0.065389 0.0234817 0.0189991 0.118889 0.00396007 0.00134428
threshold=99.799397992772711 0.90304240004838821 96.937821411874722 77.967854901722646 1.0000040000160002 4.9192524042823456
decision_type=2 2 2 2 2 2
left_child=1 -1 4 -4 -3 -6
right_child=-2 2 3 -5 5 -7
leaf_value=-0.0031530495333726618 0.0036588884411603083 -0.001662172338281773 -6.6823511951517007e-05 0.0036588884411603083 -0.00062431947343609157 -6.6823511951517007e-05
leaf_weight=1.1179698688210908 3.5211191815324119 0.40209637669613485 3.4766155260149381 2.1286110157379881 3.0806467655347651 94.272827705834061
leaf_count=98 35 100 412 124 609 12935
internal_value=0.000126617 -2.59865e-05 3.77253e-05 0.00159514 -6.68235e-05 -6.68235e-05
internal_weight=108 104.479 103.361 5.60523 97.7556 97.3535
internal_count=14313 14278 14180 536 13644 13544
is_linear=0
shrinkage=0.03


Tree=162
num_leaves=10
num_cat=0
split_feature=4 1 11 1 4 1 4 1 1
split_gain=0.0624304 0.0212711 0.00702611 0.0239932 0.0270357 0.0176358 0.0135652 0.00305072 6.91368e-05
threshold=99.799397992772711 0.90304240004838821 19.497507131140257 10.541946410209885 4.9192524042823456 98.590129486597007 99.195979087375676 99.596366894754013 96.199984799939202
decision_type=2 2 2 2 2 2 2 2 2
left_child=1 -1 7 6 -5 8 -4 -3 -6
right_child=-2 2 3 4 5 -7 -8 -9 -10
leaf_value=-0.0030116295742026256 0.003571479987486522 -0.0009706670474279712 -0.00053977092052815258 -0.00053977092052815258 0.00044974088993710991 0.0033961643943035509 0.00044974088993710991 -0.00053977092052815258 0.00074113371457744826
leaf_weight=1.1182654493022699 3.5035812552087 15.356870949966822 10.466792607796371 1.9857015507295717 71.49964387586806 0.90781407698523153 0.78608611959498453 0.3414357897127055 2.114953097770921
leaf_count=98 35 2723 1131 309 9720 53 21 48 175
internal_value=0.000112965 -3.56336e-05 2.50559e-05 0.000131033 0.000353351 0.000530127 -0.000539771 -0.000539771 0.000449741
internal_weight=108.081 104.578 103.459 87.761 76.5081 74.5224 11.2529 15.6983 73.6146
internal_count=14313 14278 14180 11409 10257 9948 1152 2771 9895
is_linear=0
shrinkage=0.03


Tree=163
num_leaves=5
num_cat=0
split_feature=9 11 1 11
split_gain=0.0586511 0.207143 0.0327507 0.00346559
threshold=96.937821411874722 77.967854901722646 0.50142139962499255 1.0000040000160002
decision_type=2 2 2 2
left_child=2 -2 -1 -4
right_child=1 -3 3 -5
leaf_value=-0.0036754777025674269 -3.7752959104412095e-05 0.0086112553728505993 -0.0016779408505607264 -3.7752959104412095e-05
leaf_weight=1.227532275719567 3.5623690764186895 2.2446602589916438 0.40146307140821491 100.59301563017652
leaf_count=51 414 129 100 13619
internal_value=0.000141434 0.00283786 -3.7753e-05 -3.7753e-05
internal_weight=108.029 5.80703 102.222 100.994
internal_count=14313 543 13770 13719
is_linear=0
shrinkage=0.03


Tree=164
num_leaves=6
num_cat=0
split_feature=4 9 11 1 11
split_gain=0.0592698 0.0216076 0.118527 0.0189956 0.00349068
threshold=99.799397992772711 96.937821411874722 77.967854901722646 0.90304240004838821 1.0000040000160002
decision_type=2 2 2 2 2
left_child=1 3 -3 -1 -5
right_child=-2 2 -4 4 -6
leaf_value=-0.0029636744381587353 0.0035272251949933857 -0.00010343391126966759 0.0035272251949933857 -0.0016902793067123745 -0.00010343391126966759
leaf_weight=1.091035964200272 3.4933743453584603 3.4730363775743163 2.3455533887026832 0.40094005444552649 97.220371609204449
leaf_count=92 35 413 129 100 13544
internal_value=0.000153476 8.37209e-06 0.00164215 -0.000103434 -0.000103434
internal_weight=108.024 104.531 5.81859 98.7123 97.6213
internal_count=14313 14278 542 13736 13644
is_linear=0
shrinkage=0.03


Tree=165
num_leaves=5
num_cat=0
split_feature=1 5 10 1
split_gain=0.0716735 0.159726 0.0126989 0.00609333
threshold=98.896147099739935 98.194581934954257 72.902097902097907 0.50142139962499255
decision_type=2 2 2 2
left_child=3 2 -2 -1
right_child=1 -3 -4 -5
leaf_value=-0.00094747060725707325 0.00053560927720031765 0.011784118806402871 0.0043934228074980252 0.00053560927720031765
leaf_weight=1.6236913218745019 0.79326265002600782 0.66595034301280964 0.54190263792406768 105.57206401973963
leaf_count=68 128 6 44 14180
internal_value=0.00066891 0.00525176 0.000535609 0.000535609
internal_weight=109.197 2.00112 1.33517 107.196
internal_count=14426 178 172 14248
is_linear=0
shrinkage=0.03


Tree=166
num_leaves=7
num_cat=0
split_feature=1 5 9 9 1 1
split_gain=0.0363829 0.178553 0.0228974 0.00304985 0.0255236 0.000366349
threshold=98.896147099739935 98.194581934954257 56.711711711711722 1.9419306184012068 43.158926026687404 0.50142139962499255
decision_type=2 2 2 2 2 2
left_child=3 2 -2 4 -1 -5
right_child=1 -3 -4 5 -6 -7
leaf_value=-0.0037786253496781491 0.00054123832616589484 0.011420951165319897 0.0061480275361995244 3.8390476391255664e-05 0.00054123832616589484 0.00054123832616589484
leaf_weight=0.40944561449577932 0.78750627476256274 0.64795869588851918 0.59022118139546365 1.5838095098733891 0.4181563692400232 104.79670503450325
leaf_count=58 106 6 66 68 62 14060
internal_value=0.00063826 0.00389713 0.000541238 0.000541238 -0.000748017 0.000541238
internal_weight=109.234 2.02569 1.37773 107.208 0.827602 106.381
internal_count=14426 178 172 14248 120 14128
is_linear=0
shrinkage=0.03


Tree=167
num_leaves=7
num_cat=0
split_feature=1 5 9 9 1 1
split_gain=0.0347188 0.180622 0.0179386 0.00299025 0.0253939 0.000304872
threshold=98.896147099739935 98.194581934954257 56.711711711711722 1.9419306184012068 43.158926026687404 0.50142139962499255
decision_type=2 2 2 2 2 2
left_child=3 2 -2 4 -1 -5
right_child=1 -3 -4 5 -6 -7
leaf_value=-0.0037622116636344067 0.00054168308559800888 0.011435192312730892 0.0060008848344766412 6.0780470814082305e-05 0.00054168308559800888 0.00054168308559800888
leaf_weight=0.41077894525369529 0.7875305705238127 0.64647899568080891 0.58751288463827223 1.5848888092441473 0.41816957353148609 104.80162067909259
leaf_count=58 106 6 66 68 62 14060
internal_value=0.000636535 0.00382296 0.000541683 0.000541683 -0.000735773 0.000541683
internal_weight=109.237 2.02152 1.37504 107.215 0.828949 106.387
internal_count=14426 178 172 14248 120 14128
is_linear=0
shrinkage=0.03


Tree=168
num_leaves=8
num_cat=0
split_feature=5 11 9 9 10 10 10
split_gain=0.013096 0.189585 0.0337852 0.0104704 0.0379711 0.00302514 0.000843681
threshold=99.596366894754013 4.23814760508309 1.9419306184012068 91.106719367588951 37.406716417910452 70.368744512730487 14.087301587301589
decision_type=2 2 2 2 2 2 2
left_child=1 -1 -3 4 -4 -6 -5
right_child=-2 2 3 6 5 -7 -8
leaf_value=-0.0061683348537700097 0.0017131545296938488 -0.0034386243829739038 -0.00038231261315225081 0.00015726504645145671 0.00078707963276453748 0.0012684475488086149 0.0017131545296938488
leaf_weight=2.6796337698178823 8.4984708651900274 0.7243544282973734 21.107970351062249 0.53345408895983837 29.437651946151163 35.381276787433308 10.860451222572008
leaf_count=589 86 114 3959 138 4986 3414 1140
internal_value=0.00063561 0.000528747 0.000772212 0.000838208 0.000709245 0.00106511 0.00167508
internal_weight=109.223 100.725 98.0452 97.3208 85.9269 64.8189 11.3939
internal_count=14426 14340 13751 13637 12359 8400 1278
is_linear=0
shrinkage=0.03


Tree=169
num_leaves=3
num_cat=0
split_feature=5 11
split_gain=0.0153502 0.182939
threshold=99.596366894754013 4.23814760508309
decision_type=2 2
left_child=1 -1
right_child=-2 -3
leaf_value=-0.0060792876842024933 0.0017895238514200468 0.00075056117759699089
leaf_weight=2.6660510448273262 8.5132469907402974 98.021471599058714
leaf_count=589 86 13751
internal_value=0.000626664 0.000511712
internal_weight=109.201 100.688
internal_count=14426 14340
is_linear=0
shrinkage=0.03


Tree=170
num_leaves=7
num_cat=0
split_feature=9 1 10 1 1 1
split_gain=0.0289848 0.0214495 0.011766 0.0301171 0.0106479 0.000215643
threshold=1.9419306184012068 99.596366894754013 88.1474978050922 41.146845446301349 43.158926026687404 0.50142139962499255
decision_type=2 2 2 2 2 2
left_child=4 2 5 -4 -1 -2
right_child=1 -3 3 -5 -6 -7
leaf_value=-0.0048689254820653578 -0.00010093448367012361 0.0038002673014050498 0.00027617373584807318 0.0020835197002547143 0.00025621016922381182 0.00027617373584807318
leaf_weight=0.26305917976423998 0.90105872560525213 0.76342907699290563 9.8021140823257173 11.48893744451925 0.37978458078578115 83.043976086599287
leaf_count=55 45 84 701 945 63 12490
internal_value=0.000445374 0.00050222 0.000442748 0.00105765 -0.00352817 0.000276174
internal_weight=106.642 106 105.236 21.2911 0.642844 83.945
internal_count=14383 14265 14181 1646 118 12535
is_linear=0
shrinkage=0.03


Tree=171
num_leaves=8
num_cat=0
split_feature=9 1 1 1 10 11 11
split_gain=0.0291586 0.0114587 0.0104476 0.00417542 0.0151905 0.0072636 0.00193918
threshold=1.9419306184012068 0.50142139962499255 43.158926026687404 99.596366894754013 88.1474978050922 18.373555918466099 76.15000460001842
decision_type=2 2 2 2 2 2 2
left_child=2 -2 -1 4 5 -3 -6
right_child=1 3 -4 -5 6 -7 -8
leaf_value=-0.0048686834423868602 -0.0018019632839843544 0.00023885729771383027 0.00023885729771383027 0.0020187478383609917 0.00082786501954638339 0.00055250837884477408 0.0015678042317972714
leaf_weight=0.26264492550399055 0.9635042465524738 11.744331996771505 0.37995049881283194 0.80313024285714973 11.969706365955064 71.247535061265808 9.2765847418922913
leaf_count=55 54 2247 63 84 1182 10243 455
internal_value=0.000443675 0.000500709 -0.00354184 0.000538624 0.000508146 0.000317025 0.00120689
internal_weight=106.647 106.005 0.642595 105.041 104.238 82.9919 21.2463
internal_count=14383 14265 118 14211 14127 12490 1637
is_linear=0
shrinkage=0.03


Tree=172
num_leaves=6
num_cat=0
split_feature=9 1 1 1 11
split_gain=0.0292953 0.0113301 0.0104578 0.00430767 0.00410124
threshold=1.9419306184012068 0.50142139962499255 43.158926026687404 99.596366894754013 18.756237524950105
decision_type=2 2 2 2 2
left_child=2 -2 -1 4 -3
right_child=1 3 -4 -5 -6
leaf_value=-0.0048987125816755258 -0.00180951456069882 0.00022975919025106228 0.00022975919025106228 0.0020122429819085519 0.00057089315360463243
leaf_weight=0.26308842276921396 0.96464603213826094 14.416671042214146 0.38015977561008185 0.80390789592638512 89.847271629085299
leaf_count=55 54 2613 63 84 11514
internal_value=0.000419775 0.000477145 -0.00357244 0.000515001 0.00048445
internal_weight=106.676 106.032 0.643248 105.068 104.264
internal_count=14383 14265 118 14211 14127
is_linear=0
shrinkage=0.03


Tree=173
num_leaves=5
num_cat=0
split_feature=9 1 1 11
split_gain=0.0297095 0.0105499 0.00572888 0.000472614
threshold=1.9419306184012068 43.158926026687404 0.50142139962499255 1.0000040000160002
decision_type=2 2 2 2
left_child=1 -1 -2 -4
right_child=2 -3 3 -5
leaf_value=-0.0049492485807144521 -0.0011869926796351776 0.00022103361411674561 0.00022103361411674561 0.00049162021711637513
leaf_weight=0.26389904331881453 0.9590673748170947 0.38042569987010211 0.40787801577243854 104.70312975160778
leaf_count=55 54 63 104 14107
internal_value=0.00039868 -0.00361865 0.000456653 0.000482695
internal_weight=106.714 0.644325 106.07 105.111
internal_count=14383 118 14265 14211
is_linear=0
shrinkage=0.03


Tree=174
num_leaves=4
num_cat=0
split_feature=9 1 1
split_gain=0.0295761 0.0104759 0.00474185
threshold=1.9419306184012068 43.158926026687404 0.50142139962499255
decision_type=2 2 2
left_child=1 -1 -2
right_child=2 -3 -4
leaf_value=-0.0049377590286156792 -0.0010452707146050423 0.00021847303026846203 0.00048005446528298325
leaf_weight=0.26275437488220532 0.95856764918425952 0.38049674441572279 105.11456741724396
leaf_count=55 54 63 14211
internal_value=0.000398825 -0.00361088 0.000456637
internal_weight=106.716 0.643251 106.073
internal_count=14383 118 14265
is_linear=0
shrinkage=0.03


Tree=175
num_leaves=7
num_cat=0
split_feature=1 1 1 9 11 11
split_gain=0.403527 0.0106442 0.00892918 0.00115696 0.0326217 0.000546334
threshold=0.50142139962499255 0.90304240004838821 99.596366894754013 2.6500526500526504 79.929597421945857 1.2573632112710271
decision_type=2 2 2 2 2 2
left_child=-1 -2 3 4 -3 -5
right_child=1 2 -4 5 -6 -7
leaf_value=-0.014141617093751583 -0.001860589475388523 -0.001860589475388523 0.0022489933967945984 -0.00041606762021684381 0.00013940736736636121 0.00014688452700818903
leaf_weight=0.81585270591312919 1.3933916024980124 0.51767690829001256 0.82058356504421581 0.63788825186202203 0.59652607922907919 102.03358840831788
leaf_count=53 63 102 85 136 64 13835
internal_value=-0.000118726 0.000120361 0.000164116 0.000126326 -0.000574862 0.000139407
internal_weight=106.816 106 104.606 103.786 1.1142 102.671
internal_count=14338 14285 14222 14137 166 13971
is_linear=0
shrinkage=0.03


Tree=176
num_leaves=5
num_cat=0
split_feature=1 1 1 9
split_gain=0.573708 0.0104439 0.00747461 0.0012291
threshold=0.50142139962499255 0.90304240004838821 99.596366894754013 2.6500526500526504
decision_type=2 2 2 2
left_child=-1 -2 3 -3
right_child=1 2 -4 -5
leaf_value=-0.017251276007629074 -0.0017950431275524147 -0.00055191158421674343 0.0021204513225663263 0.00018877935735320641
leaf_weight=0.72918598161777382 1.3962096794857632 1.1142205462092523 0.82133216504007478 102.79857978184009
leaf_count=53 63 166 85 13971
internal_value=-0.000109789 0.000167916 0.000210814 0.000175652
internal_weight=106.86 106.13 104.734 103.913
internal_count=14338 14285 14222 14137
is_linear=0
shrinkage=0.03


Tree=177
num_leaves=5
num_cat=0
split_feature=1 1 1 11
split_gain=0.559156 0.0370707 0.0177673 0.000523165
threshold=0.50142139962499255 99.596366894754013 0.90304240004838821 1.2573632112710271
decision_type=2 2 2 2
left_child=-1 2 -2 -4
right_child=1 -3 3 -5
leaf_value=-0.016983106164003212 -0.0024655881169074354 0.0043381048414415707 -0.00038109849682149526 0.00017527170469020209
leaf_weight=0.73452877183444698 1.3586550574982528 0.90296425856649776 0.63697606191271816 103.32994678639807
leaf_count=53 63 85 136 14001
internal_value=-8.66561e-05 0.000187469 0.00011142 0.000168265
internal_weight=106.963 106.229 105.326 103.967
internal_count=14338 14285 14200 14137
is_linear=0
shrinkage=0.03


Tree=178
num_leaves=5
num_cat=0
split_feature=1 1 1 11
split_gain=0.550388 0.0351054 0.0173998 0.000555925
threshold=0.50142139962499255 99.596366894754013 0.90304240004838821 1.2573632112710271
decision_type=2 2 2 2
left_child=-1 2 -2 -4
right_child=1 -3 3 -5
leaf_value=-0.01676965168780872 -0.0023962713020014054 0.0042721665288523118 -0.00036465674897938392 0.00021621764022025601
leaf_weight=0.74242971820058201 1.3622331467922766 0.89868155599106003 0.63662929373094712 103.28818063577637
leaf_count=53 63 85 136 14001
internal_value=-4.46303e-05 0.000227671 0.000153279 0.000209218
internal_weight=106.928 106.186 105.287 103.925
internal_count=14338 14285 14200 14137
is_linear=0
shrinkage=0.03


Tree=179
num_leaves=5
num_cat=0
split_feature=1 1 1 11
split_gain=0.537664 0.03346 0.0163874 0.000555418
threshold=0.50142139962499255 99.596366894754013 0.90304240004838821 1.2573632112710271
decision_type=2 2 2 2
left_child=-1 2 -2 -4
right_child=1 -3 3 -5
leaf_value=-0.016528031617182606 -0.0023180326515788202 0.0041814392508044401 -0.00036430679659548896 0.00021638301938840785
leaf_weight=0.75173017987981339 1.3647099494119164 0.89393370866309751 0.636507932911626 103.29362281988142
leaf_count=53 63 85 136 14001
internal_value=-4.20934e-05 0.00022772 0.000155132 0.000209389
internal_weight=106.941 106.189 105.295 103.93
internal_count=14338 14285 14200 14137
is_linear=0
shrinkage=0.03


Tree=180
num_leaves=4
num_cat=0
split_feature=9 11 11
split_gain=0.0199381 0.022887 0.0127881
threshold=91.106719367588951 25.075453328465382 99.44807354986996
decision_type=2 2 2
left_child=2 -2 -1
right_child=1 -3 -4
leaf_value=-0.00050359128111455997 -0.00045825779944412841 0.0014528098158418168 0.0014528098158418168
leaf_weight=92.774492360389559 3.0819641815032801 10.391473437892271 0.77244649827480216
leaf_count=12938 418 944 46
internal_value=-0.000301893 0.000740407 -0.000458258
internal_weight=107.02 13.4734 93.5469
internal_count=14346 1362 12984
is_linear=0
shrinkage=0.03


Tree=181
num_leaves=2
num_cat=0
split_feature=9
split_gain=0.0127906
threshold=91.106719367588951
decision_type=2
left_child=-1
right_child=-2
leaf_value=-0.00039475087653356413 0.00056215979826143494
leaf_weight=93.398089366062777 13.607429532043168
leaf_count=12984 1362
internal_value=-0.000268986
internal_weight=107.006
internal_count=14346
is_linear=0
shrinkage=0.03


Tree=182
num_leaves=4
num_cat=0
split_feature=9 11 11
split_gain=0.0103553 0.0178508 0.0109083
threshold=91.106719367588951 25.075453328465382 99.44807354986996
decision_type=2 2 2
left_child=2 -2 -1
right_child=1 -3 -4
leaf_value=-0.00042766857077202174 -0.00038315467468550996 0.0011482285305852123 0.0011482285305852123
leaf_weight=92.609667512879241 3.0837547784904009 10.538613042794166 0.77262232033535738
leaf_count=12938 418 944 46
internal_value=-0.000270096 0.000478133 -0.000383155
internal_weight=107.005 13.6224 93.3823
internal_count=14346 1362 12984
is_linear=0
shrinkage=0.03


Tree=183
num_leaves=3
num_cat=0
split_feature=11 9
split_gain=0.00918569 0.000618678
threshold=99.44807354986996 91.106719367588951
decision_type=2 2
left_child=1 -1
right_child=-2 -3
leaf_value=-0.00030918795284108988 0.0018942036466283922 -8.5456339051538218e-05
leaf_weight=92.484860845666844 0.78881922422442485 13.684877880092243
leaf_count=12938 50 1358
internal_value=-0.000247974 -0.000281416
internal_weight=106.959 106.17
internal_count=14346 14296
is_linear=0
shrinkage=0.03


Tree=184
num_leaves=3
num_cat=0
split_feature=11 9
split_gain=0.00901914 0.000592018
threshold=99.44807354986996 91.106719367588951
decision_type=2 2
left_child=1 -1
right_child=-2 -3
leaf_value=-0.00030841639570562457 0.0018760941125575152 -8.8952348215187518e-05
leaf_weight=92.487574981263606 0.78652694588526983 13.682172889297361
leaf_count=12938 50 1358
internal_value=-0.000248132 -0.000281228
internal_weight=106.956 106.17
internal_count=14346 14296
is_linear=0
shrinkage=0.03


Tree=185
num_leaves=8
num_cat=0
split_feature=1 10 9 10 5 10 10
split_gain=0.0721402 0.0334564 0.0283327 0.00797921 0.0991006 0.000424148 0.00033052
threshold=0.50142139962499255 75.162337662337677 97.720906544435977 97.036874451273064 98.194581934954257 13.383084577114429 74.813432835820905
decision_type=2 2 2 2 2 2 2
left_child=-1 2 5 -3 -5 -2 -7
right_child=1 3 -4 4 -6 6 -8
leaf_value=-0.0055899254348468624 -0.00053906834197452657 0.00095478439216724201 0.00095478439216724201 0.00095478439216724201 0.0058882219567335439 -0.00029939889346081871 0.00013976393326398752
leaf_weight=0.91906510636908834 8.0376089390483667 31.590209542540833 2.9196613335516295 5.3130092414794472 3.0345043316483498 54.562374235712923 1.0397344633238379
leaf_count=57 1519 2825 309 451 31 8998 85
internal_value=0.000178417 0.000279735 -0.000133453 0.000954784 0.00188526 -0.000328314 -0.000288863
internal_weight=107.416 106.497 66.5594 39.9377 8.34751 63.6397 55.6021
internal_count=14275 14218 10911 3307 482 10602 9083
is_linear=0
shrinkage=0.03


Tree=186
num_leaves=10
num_cat=0
split_feature=1 9 10 11 9 11 11 10 10
split_gain=0.0686317 0.0327339 0.106866 0.0520438 0.00841081 0.00845158 0.00829669 0.00442961 0.00222782
threshold=0.50142139962499255 97.720906544435977 97.036874451273064 79.258585444804567 1.9419306184012068 1.2573632112710271 75.782013685239505 74.813432835820905 96.327493261455544
decision_type=2 2 2 2 2 2 2 2 2
left_child=-1 2 4 -3 6 -6 -2 -7 -9
right_child=1 3 -4 -5 5 7 -8 8 -10
leaf_value=-0.0053726908249859982 -0.0034728406229839089 0.0024289142418868503 0.0024289142418868503 0.0066101851718146712 -0.0022025945596188031 -2.1205097603582315e-05 -2.1205097603582315e-05 0.00026487911314388416 0.0014160345697962261
leaf_weight=0.92182191158644755 0.29699946066830207 3.4026475623249999 7.6885398960439479 2.0165841270936653 0.54313181003089894 61.594234423595481 0.38100200227927417 29.759483414818536 0.68232207477558304
leaf_count=57 69 348 443 102 135 10321 48 2678 74
internal_value=0.000251667 0.000349998 0.000215662 0.00242891 -9.71577e-05 -5.83661e-05 -0.00220259 -2.12051e-05 0.000334897
internal_weight=107.287 106.365 100.946 5.41923 93.2572 92.5792 0.678001 92.036 30.4418
internal_count=14275 14218 13768 450 13325 13208 117 13073 2752
is_linear=0
shrinkage=0.03


Tree=187
num_leaves=8
num_cat=0
split_feature=1 9 11 5 11 9 5
split_gain=0.0627171 0.0334973 0.179964 0.0233118 0.00574482 0.00338907 0.00113853
threshold=0.50142139962499255 97.720906544435977 79.258585444804567 96.582911121346555 1.0000040000160002 1.9419306184012068 0.90304240004838821
decision_type=2 2 2 2 2 2 2
left_child=-1 4 3 -3 -2 -6 -7
right_child=1 2 -4 -5 5 6 -8
leaf_value=-0.0051231154125292253 -0.001754596477019654 0.00020481585436803073 0.0079642243527928459 0.0051728845122795694 -0.0011845106848548392 -0.00072948434401285669 0.00020481585436803073
leaf_weight=0.92587162007111956 0.35761531954631109 2.3778204498812552 2.2257577788550407 0.93290529772639263 0.63275065890047599 0.45412869832944025 99.286039592698216
leaf_count=57 93 333 102 15 117 95 13463
internal_value=0.000247871 0.000341991 0.00242459 0.000204816 0.000204816 0.000204816 0.000204816
internal_weight=107.193 106.267 5.53648 3.31073 100.731 100.373 99.7402
internal_count=14275 14218 450 348 13768 13675 13558
is_linear=0
shrinkage=0.03


Tree=188
num_leaves=7
num_cat=0
split_feature=1 10 5 11 9 9
split_gain=0.0304074 0.0344266 0.135935 0.0121727 0.0065868 0.0026632
threshold=0.50142139962499255 97.036874451273064 98.194581934954257 1.2573632112710271 63.397435897435905 1.9419306184012068
decision_type=2 2 2 2 2 2
left_child=-1 3 -3 4 -2 -5
right_child=1 2 -4 5 -6 -7
leaf_value=-0.0035281319077756384 -0.0033698783324468936 0.00014302362568575997 0.0063600749551911782 -0.0011150480651574458 0.00014302362568575997 0.00014302362568575997
leaf_weight=0.89392184099415217 0.37145716533996065 5.3197897897334752 3.0460099913179874 0.62978941289475088 0.18775684933643788 96.709542111842893
leaf_count=57 95 451 31 116 45 13480
internal_value=0.000246427 0.000310776 0.00204898 0.000143024 -0.00251015 0.000143024
internal_weight=107.158 106.264 8.3658 97.8985 0.559214 97.3393
internal_count=14275 14218 482 13736 140 13596
is_linear=0
shrinkage=0.03


Tree=189
num_leaves=7
num_cat=0
split_feature=10 5 1 11 9 9
split_gain=0.0278549 0.115197 0.139382 0.0116517 0.00651608 0.00247071
threshold=97.036874451273064 98.194581934954257 94.799979199916805 1.2573632112710271 63.397435897435905 1.9419306184012068
decision_type=2 2 2 2 2 2
left_child=3 2 -2 4 -1 -5
right_child=1 -3 -4 5 -6 -7
leaf_value=-0.0033611915434679012 9.4890936775320978e-05 0.0057467719178289451 0.0057467719178289451 -0.0011160275741588989 9.4890936775320978e-05 9.4890936775320978e-05
leaf_weight=0.37041925301309575 4.5716734749730659 3.1070687943138182 0.76302291674073774 0.62989294098224391 0.18775436730356887 97.51122735592071
leaf_count=95 427 33 30 116 45 13529
internal_value=0.000244797 0.00180179 9.48909e-05 9.48909e-05 -0.00250045 9.48909e-05
internal_weight=107.141 8.44177 5.3347 98.6993 0.558174 98.1411
internal_count=14275 490 457 13785 140 13645
is_linear=0
shrinkage=0.03


Tree=190
num_leaves=4
num_cat=0
split_feature=1 5 5
split_gain=0.0362864 0.00177472 0.00070272
threshold=0.50142139962499255 99.799397992772711 0.90304240004838821
decision_type=2 2 2
left_child=-1 2 -2
right_child=1 -3 -4
leaf_value=-0.0044398644768822472 -0.0011387388550948012 0.00022981082315006791 -0.00041197778096117849
leaf_weight=1.0586618473753322 0.56199454527813841 3.2476561591029158 103.22739352457575
leaf_count=55 122 31 14173
internal_value=-0.000484731 -0.000404879 -0.000426742
internal_weight=108.096 107.037 103.789
internal_count=14381 14326 14295
is_linear=0
shrinkage=0.03


Tree=191
num_leaves=3
num_cat=0
split_feature=1 1
split_gain=0.0330067 0.000196036
threshold=0.50142139962499255 0.90304240004838821
decision_type=2 2
left_child=-1 -2
right_child=1 -3
leaf_value=-0.0042512611460427882 -0.0007878928614834088 -0.00039570171915925242
leaf_weight=1.0651726925862011 1.264201660756952 105.76722654720652
leaf_count=55 58 14268
internal_value=-0.00048408 -0.000407584
internal_weight=108.097 107.031
internal_count=14381 14326
is_linear=0
shrinkage=0.03


Tree=192
num_leaves=4
num_cat=0
split_feature=1 5 5
split_gain=0.0343093 0.00174989 0.000718598
threshold=0.50142139962499255 99.799397992772711 0.90304240004838821
decision_type=2 2 2
left_child=-1 2 -2
right_child=1 -3 -4
leaf_value=-0.0043518895943929388 -0.0011473767355826125 0.00022450395745117436 -0.00041359204815191925
leaf_weight=1.0365857623983163 0.56192441529128601 3.2433392070233813 103.26712171398685
leaf_count=55 122 31 14173
internal_value=-0.000484163 -0.000406797 -0.000428471
internal_weight=108.109 107.072 103.829
internal_count=14381 14326 14295
is_linear=0
shrinkage=0.03


Tree=193
num_leaves=3
num_cat=0
split_feature=1 5
split_gain=0.0162623 0.00178777
threshold=0.50142139962499255 99.799397992772711
decision_type=2 2
left_child=-1 -2
right_child=1 -3
leaf_value=-0.003177532934916604 -0.00044327905074280621 0.00021859813743862049
leaf_weight=0.9923460086574768 103.87572651277878 3.2392032518982878
leaf_count=55 14295 31
internal_value=-0.000475617 -0.000421427
internal_weight=108.107 107.115
internal_count=14381 14326
is_linear=0
shrinkage=0.03


Tree=194
num_leaves=2
num_cat=0
split_feature=1
split_gain=0.0123597
threshold=0.50142139962499255
decision_type=2
left_child=-1
right_child=-2
leaf_value=-0.0028905346304312633 -0.00043983194936136552
leaf_weight=0.92493741220096026 107.12973084466648
leaf_count=55 14326
internal_value=-0.000487123
internal_weight=108.055
internal_count=14381
is_linear=0
shrinkage=0.03


Tree=195
num_leaves=6
num_cat=0
split_feature=1 11 11 11 11
split_gain=0.146786 0.151055 0.0422572 0.0396066 0.0242293
threshold=10.541946410209885 18.373555918466099 98.742636788729001 3.6644892034113594 75.478276743336991
decision_type=2 2 2 2 2
left_child=1 -1 -3 -2 -5
right_child=3 2 -4 4 -6
leaf_value=-0.0081709392109834134 -0.0027563017448248065 -0.0018572497369451504 0.00046794977392910012 0.00019428074131696755 0.001211766080121836
leaf_weight=2.4649046940030557 2.3370832850923753 12.412422062770927 1.3518223435967218 56.070811254088767 33.204964043921791
leaf_count=229 447 1175 76 9447 2924
internal_value=-5.11218e-06 -0.00254769 -0.00105546 0.00046795 0.000581952
internal_weight=107.842 16.2291 13.7642 91.6129 89.2758
internal_count=14298 1480 1251 12818 12371
is_linear=0
shrinkage=0.03


Tree=196
num_leaves=6
num_cat=0
split_feature=1 11 11 11 11
split_gain=0.0935523 0.133329 0.0369136 0.0377695 0.0215306
threshold=10.541946410209885 18.373555918466099 3.6644892034113594 99.347668299764123 75.478276743336991
decision_type=2 2 2 2 2
left_child=1 -1 -2 -3 -4
right_child=2 3 4 -5 -6
leaf_value=-0.0073238199361229765 -0.0027124535568402602 -0.0014403236789272101 0.00014469615945072312 0.00050932191531273443 0.0011020021492572168
leaf_weight=2.4203027402982142 2.3344381307251743 13.118165799533012 56.121820982312784 0.54206465085735622 33.282846082700416
leaf_count=229 447 1215 9447 36 2924
internal_value=2.34119e-05 -0.00201709 0.000398975 -0.000641409 0.000509322
internal_weight=107.82 16.0805 91.7391 13.6602 89.4047
internal_count=14298 1480 12818 1251 12371
is_linear=0
shrinkage=0.03


Tree=197
num_leaves=6
num_cat=0
split_feature=1 11 11 11 11
split_gain=0.0730053 0.139812 0.0349396 0.0301705 0.0221451
threshold=10.541946410209885 18.373555918466099 3.6644892034113594 99.347668299764123 75.478276743336991
decision_type=2 2 2 2 2
left_child=1 -1 -2 -3 -4
right_child=2 3 4 -5 -6
leaf_value=-0.0071784144961471131 -0.0026519345207772836 -0.0011582063606775208 0.00011530208128722837 0.00048443389958289704 0.0010850731079665825
leaf_weight=2.4265136123867732 2.3292136394884428 13.109903458273033 56.144583486253396 0.54183654912049029 33.312528754002415
leaf_count=229 447 1215 9447 36 2924
internal_value=4.57526e-05 -0.00175725 0.000377121 -0.000369503 0.000484434
internal_weight=107.865 16.0783 91.7863 13.6517 89.4571
internal_count=14298 1480 12818 1251 12371
is_linear=0
shrinkage=0.03


Tree=198
num_leaves=6
num_cat=0
split_feature=1 11 11 11 11
split_gain=0.0619952 0.104643 0.0327252 0.0306923 0.0226857
threshold=10.541946410209885 18.373555918466099 3.6644892034113594 99.347668299764123 75.478276743336991
decision_type=2 2 2 2 2
left_child=1 -1 -2 -3 -4
right_child=2 3 4 -5 -6
leaf_value=-0.0063601868745362502 -0.0025993102370634154 -0.0012231312453350335 6.3391363445156786e-05 0.00043639145079455815 0.0010430543109518405
leaf_weight=2.3882239170488928 2.3257131297141305 13.115604652033648 56.119501299806871 0.54187479533720839 33.399975495412946
leaf_count=229 447 1215 9447 36 2924
internal_value=2.72848e-05 -0.00163597 0.000332353 -0.000432309 0.000436391
internal_weight=107.891 16.0457 91.8452 13.6575 89.5195
internal_count=14298 1480 12818 1251 12371
is_linear=0
shrinkage=0.03


Tree=199
num_leaves=9
num_cat=0
split_feature=11 1 11 11 1 1 1 11
split_gain=0.0448724 0.0797837 0.0375033 0.0198354 0.0161305 0.00432299 0.0017 0.00054491
threshold=75.478276743336991 8.5338414080929077 18.373555918466099 3.6644892034113594 2.9111474021653669 99.596366894754013 10.541946410209885 62.688131800914313
decision_type=2 2 2 2 2 2 2 2
left_child=1 2 -1 -3 -2 6 -5 -4
right_child=4 3 7 5 -6 -7 -8 -9
leaf_value=-0.0060006852985176103 -0.00090092724835264904 -0.0023105841169350511 -0.0016233281374634055 -0.00074678145840212894 0.0010015357230105945 0.0010015357230105945 5.2488666508055252e-05 -0.00090092724835264904
leaf_weight=2.0171670371782957 3.6998181079979977 2.3426852644188321 3.1009618894895539 1.5011460297973815 37.612437755917199 0.35464571148622681 55.741956176934764 1.4922072783811016
leaf_count=181 216 454 416 196 3275 25 9422 113
internal_value=4.82401e-05 -0.00043206 -0.00332563 -6.36168e-05 0.00081389 6.56462e-05 1.90666e-05 -0.00128801
internal_weight=107.863 66.5508 6.61034 59.9404 41.3123 57.5977 57.2431 4.59317
internal_count=14298 10807 710 10097 3491 9643 9618 529
is_linear=0
shrinkage=0.03


Tree=200
num_leaves=5
num_cat=0
split_feature=1 5 1 1
split_gain=0.0554683 0.0101897 0.00217013 0.000886049
threshold=0.90304240004838821 97.587937262126999 97.289663098046347 2.5095264017419709
decision_type=2 2 2 2
left_child=-1 2 3 -2
right_child=1 -3 -4 -5
leaf_value=-0.0031177292439985649 -0.00011028945642722554 0.0014485123675216309 0.0014485123675216309 0.00068207414331826542
leaf_weight=2.2441819045343427 1.0280667429324228 22.921123629668728 2.9163940295111379 78.428280220658053
leaf_count=121 202 316 380 13202
internal_value=0.000776651 0.000888205 0.000716789 0.000670579
internal_weight=107.538 105.294 82.3727 79.4563
internal_count=14221 14100 13784 13404
is_linear=0
shrinkage=0.03


Tree=201
num_leaves=4
num_cat=0
split_feature=1 5 5
split_gain=0.0730545 0.00558815 0.000743568
threshold=0.90304240004838821 99.799397992772711 97.587937262126999
decision_type=2 2 2
left_child=-1 2 -2
right_child=1 -3 -4
leaf_value=-0.0037025734195630807 0.00079455716117102107 0.0021157542239892617 0.0010833420474410202
leaf_weight=2.2065058294392648 82.28209281762247 2.8611462116241446 20.095439617871307
leaf_count=121 13784 27 289
internal_value=0.000786783 0.000914876 0.000861173
internal_weight=107.445 105.239 102.378
internal_count=14221 14100 14073
is_linear=0
shrinkage=0.03


Tree=202
num_leaves=3
num_cat=0
split_feature=1 5
split_gain=0.0635782 0.0059031
threshold=0.90304240004838821 99.799397992772711
decision_type=2 2
left_child=-1 -2
right_child=1 -3
leaf_value=-0.0034274272082645625 0.000826049056006112 0.0021050132539597332
leaf_weight=2.2086390348267733 102.42203552011051 2.8557532243430606
leaf_count=121 14073 27
internal_value=0.000760931 0.000880222
internal_weight=107.486 105.278
internal_count=14221 14100
is_linear=0
shrinkage=0.03


Tree=203
num_leaves=5
num_cat=0
split_feature=1 1 5 5
split_gain=0.0349189 0.00409793 0.0504055 0.00291792
threshold=0.90304240004838821 98.590129486597007 8.9354624085163028 97.587937262126999
decision_type=2 2 2 2
left_child=-1 3 -3 -2
right_child=1 2 -4 -5
leaf_value=-0.0023729213370207876 0.00070363314766798922 0.00080524389913553531 0.0048992276923380306 0.001129724397231639
leaf_weight=2.171810544357867 80.667436957737664 0.54397976258769576 2.0171565655618906 22.092437864630483
leaf_count=121 13580 105 109 306
internal_value=0.000764301 0.000850704 0.00193637 0.000805244
internal_weight=107.493 105.321 2.56114 102.76
internal_count=14221 14100 214 13886
is_linear=0
shrinkage=0.03


Tree=204
num_leaves=2
num_cat=0
split_feature=5
split_gain=9.47761e-05
threshold=97.587937262126999
decision_type=2
left_child=-1
right_child=-2
leaf_value=0.00071055389565699285 0.00089326383437668151
leaf_weight=82.651627839077264 24.812722434638999
leaf_count=13867 354
internal_value=0.000760587
internal_weight=107.464
internal_count=14221
is_linear=0
shrinkage=0.03


Tree=205
num_leaves=5
num_cat=0
split_feature=1 9 11 1
split_gain=0.030697 0.251923 0.00594571 0.0313434
threshold=98.590129486597007 56.711711711711722 75.478276743336991 0.90304240004838821
decision_type=2 2 2 2
left_child=2 -2 3 -1
right_child=1 -3 -4 -5
leaf_value=-0.0047492656575516884 -4.0638026168423425e-05 0.0098675304298360706 -4.0638026168423425e-05 -0.00022568158693775104
leaf_weight=0.41397058052825642 1.3245417197467753 1.6014559589093549 40.609417541127186 63.662902259384282
leaf_count=43 141 90 3484 10590
internal_value=5.66465e-05 0.00266108 -4.0638e-05 -0.000327437
internal_weight=107.612 2.926 104.686 64.0769
internal_count=14348 231 14117 10633
is_linear=0
shrinkage=0.03


Tree=206
num_leaves=5
num_cat=0
split_feature=1 9 11 1
split_gain=0.0258054 0.246286 0.00603125 0.0306399
threshold=98.590129486597007 87.585616438356183 75.478276743336991 0.90304240004838821
decision_type=2 2 2 2
left_child=2 -2 3 -1
right_child=1 -3 -4 -5
leaf_value=-0.004692077575758141 -3.3524023965928884e-05 0.011134521865068815 -3.3524023965928884e-05 -0.00022174002926420543
leaf_weight=0.41535106432274815 1.9629698749631637 0.97033918637316663 40.614486802194733 63.648395044641802
leaf_count=43 195 36 3484 10590
internal_value=5.57953e-05 0.0024414 -3.3524e-05 -0.000322393
internal_weight=107.612 2.93331 104.678 64.0637
internal_count=14348 231 14117 10633
is_linear=0
shrinkage=0.03


Tree=207
num_leaves=5
num_cat=0
split_feature=1 9 11 1
split_gain=0.0227065 0.23527 0.00573712 0.0307371
threshold=98.590129486597007 87.585616438356183 75.478276743336991 0.90304240004838821
decision_type=2 2 2 2
left_child=2 -2 3 -1
right_child=1 -3 -4 -5
leaf_value=-0.0046826508634315719 -2.8969851982480069e-05 0.010836052768690291 -2.8969851982480069e-05 -0.00020999711486990782
leaf_weight=0.4180445647216392 1.9630981513764703 0.97329042747151095 40.616241695883218 63.638470064528519
leaf_count=43 195 36 3484 10590
internal_value=5.48744e-05 0.00229174 -2.89699e-05 -0.000310716
internal_weight=107.609 2.93639 104.673 64.0565
internal_count=14348 231 14117 10633
is_linear=0
shrinkage=0.03


Tree=208
num_leaves=5
num_cat=0
split_feature=1 4 4 1
split_gain=0.0187737 0.166137 0.0481644 0.0325462
threshold=98.590129486597007 29.447200853319547 99.799397992772711 0.90304240004838821
decision_type=2 2 2 2
left_child=2 -2 3 -1
right_child=1 -3 -4 -5
leaf_value=-0.0037838809871864709 -2.7131017689434985e-05 0.0078976211724352124 0.0030548867015227558 -7.8986547505503085e-05
leaf_weight=1.1819333089806594 1.3468907719943666 1.6601875784108413 3.3768859880510709 100.01912489157985
leaf_count=102 177 54 35 13980
internal_value=4.98269e-05 0.00206507 -2.7131e-05 -0.000158857
internal_weight=107.585 3.00708 104.578 101.201
internal_count=14348 231 14117 14082
is_linear=0
shrinkage=0.03


Tree=209
num_leaves=6
num_cat=0
split_feature=1 4 4 1 11
split_gain=0.0283044 0.185764 0.0447137 0.0303916 0.00510058
threshold=98.590129486597007 29.447200853319547 99.799397992772711 0.90304240004838821 72.306194474869187
decision_type=2 2 2 2 2
left_child=2 -2 3 -1 -5
right_child=1 -3 -4 4 -6
leaf_value=-0.0036514760120268616 -2.2687887020577606e-05 0.0083478579676315463 0.002951278587533984 -0.00030630206263189007 -2.2687887020577606e-05
leaf_weight=1.1831396227935318 1.3465947257354849 1.7639693146338684 3.3642067867331198 59.169292120350292 40.775055252132006
leaf_count=102 177 54 35 10179 3801
internal_value=7.3155e-05 0.00251503 -2.26879e-05 -0.000149552 -7.23338e-05
internal_weight=107.602 3.11056 104.492 101.127 99.9443
internal_count=14348 231 14117 14082 13980
is_linear=0
shrinkage=0.03


Tree=210
num_leaves=4
num_cat=0
split_feature=1 11 9
split_gain=0.0708091 0.25668 3.77526e-06
threshold=0.90304240004838821 96.199984799939202 2.6500526500526504
decision_type=2 2 2
left_child=1 -1 -2
right_child=2 -3 -4
leaf_value=-0.012296064861688473 0.00024674561452919482 0.00024674561452919482 0.00027125701894081464
leaf_weight=0.88507990568177675 1.1807424236321811 1.0829899199889039 105.99097613437334
leaf_count=63 169 49 14060
internal_value=0.0001224 -0.00445065 0.000246746
internal_weight=109.14 1.96807 107.172
internal_count=14341 112 14229
is_linear=0
shrinkage=0.03


Tree=211
num_leaves=3
num_cat=0
split_feature=1 9
split_gain=0.0468653 0.00385487
threshold=0.90304240004838821 2.6500526500526504
decision_type=2 2
left_child=-1 -2
right_child=1 -3
leaf_value=-0.0036633479943687817 -0.0010621211882194911 0.00021889459355125491
leaf_weight=1.9098945192527015 1.1806984856957559 106.07981557387393
leaf_count=112 169 14060
internal_value=9.49717e-05 0.000195113
internal_weight=109.17 107.261
internal_count=14341 14229
is_linear=0
shrinkage=0.03


Tree=212
num_leaves=4
num_cat=0
split_feature=1 11 9
split_gain=0.0246986 0.0726834 2.56494e-05
threshold=0.90304240004838821 98.333333333333343 2.6500526500526504
decision_type=2 2 2
left_child=1 -1 -2
right_child=2 -3 -4
leaf_value=-0.006562533840891162 0.0001790714021910324 0.0001790714021910324 0.00020176268362150204
leaf_weight=0.94233604299370088 1.1794382338412095 0.93262858223170042 106.11130240146304
leaf_count=79 169 33 14060
internal_value=0.000107156 -0.00263893 0.000179071
internal_weight=109.166 1.87496 107.291
internal_count=14341 112 14229
is_linear=0
shrinkage=0.03


Tree=213
num_leaves=3
num_cat=0
split_feature=1 9
split_gain=0.025533 0.00348119
threshold=0.90304240004838821 2.6500526500526504
decision_type=2 2
left_child=-1 -2
right_child=1 -3
leaf_value=-0.002706320766311698 -0.0010154394893194878 0.00020180541666667387
leaf_weight=1.8335328164685041 1.1794455213239405 106.15180329378927
leaf_count=112 169 14060
internal_value=0.000106588 0.000179179
internal_weight=109.165 107.331
internal_count=14341 14229
is_linear=0
shrinkage=0.03


Tree=214
num_leaves=3
num_cat=0
split_feature=1 11
split_gain=0.0245808 0.150799
threshold=0.90304240004838821 98.092905098893141
decision_type=2 2
left_child=1 -1
right_child=-2 -3
leaf_value=-0.0091921691969797867 0.00017535710510482898 0.00017535710510482898
leaf_weight=0.80583873362047498 107.3317820103257 1.0323279541917143
leaf_count=73 14229 39
internal_value=0.000104071 -0.00265356
internal_weight=109.17 1.83817
internal_count=14341 112
is_linear=0
shrinkage=0.03


Tree=215
num_leaves=5
num_cat=0
split_feature=1 4 4 11
split_gain=0.0202594 0.184643 0.0567684 0.000975232
threshold=98.590129486597007 13.754914413597051 99.799397992772711 99.44807354986996
decision_type=2 2 2 2
left_child=2 -2 3 -1
right_child=1 -3 -4 -5
leaf_value=8.8532152104626839e-05 0.00025883882346193287 0.008436406578860748 0.0037706127266502161 0.00025883882346193287
leaf_weight=100.28502208265127 1.145345191820524 1.7706209539901463 2.9866443951614192 0.73196321434806932
leaf_count=14059 137 75 34 49
internal_value=0.000341234 0.00246347 0.000258839 0.000119068
internal_weight=106.92 2.91597 104.004 101.017
internal_count=14354 212 14142 14108
is_linear=0
shrinkage=0.03


Tree=216
num_leaves=5
num_cat=0
split_feature=1 4 4 11
split_gain=0.0337587 0.209549 0.0532087 0.000944513
threshold=98.590129486597007 13.754914413597051 99.799397992772711 99.44807354986996
decision_type=2 2 2 2
left_child=2 -2 3 -1
right_child=1 -3 -4 -5
leaf_value=0.00010401016715698848 0.00027013350777811256 0.0090273430915637047 0.0036743807992099049 0.00027013350777811256
leaf_weight=100.22212909031077 1.1425345208263018 1.8734256223542614 2.9771142951212815 0.73221950058359553
leaf_count=14059 137 75 34 49
internal_value=0.000377146 0.00307932 0.000270134 0.000134688
internal_weight=106.947 3.01596 103.931 100.954
internal_count=14354 212 14142 14108
is_linear=0
shrinkage=0.03


Tree=217
num_leaves=4
num_cat=0
split_feature=1 4 4
split_gain=0.0589418 0.255214 0.0621418
threshold=98.590129486597007 13.754914413597051 99.799397992772711
decision_type=2 2 2
left_child=2 -2 -1
right_child=1 -3 -4
leaf_value=8.0961669606858201e-05 0.0002270927904263072 0.010031796120857847 0.0038996320342003133
leaf_weight=100.81089213679661 1.1439149453071871 1.9647849771426988 2.9892417797818771
leaf_count=14108 137 75 34
internal_value=0.000368844 0.0038947 0.000227093
internal_weight=106.909 3.1087 103.8
internal_count=14354 212 14142
is_linear=0
shrinkage=0.03


Tree=218
num_leaves=6
num_cat=0
split_feature=5 11 4 10 11
split_gain=0.0436754 0.117979 0.0187056 0.136211 0.00786952
threshold=99.596366894754013 8.182725458174561 95.568978386447739 68.898343036274085 81.268863179074458
decision_type=2 2 2 2 2
left_child=1 -1 4 -4 -3
right_child=-2 2 3 -5 -6
leaf_value=-0.0038148201275001155 0.0023559594492098229 -0.0001346692513369693 0.00021836526830433138 0.0023559594492098229 0.00021836526830433138
leaf_weight=5.338628196361241 7.8085536509752265 56.209777352574747 6.5392875671968786 8.6873762552859244 22.183519137674011
leaf_count=1154 80 10136 364 213 2407
internal_value=0.000331097 0.00014935 0.000413333 0.00134179 0.000218365
internal_weight=106.767 98.9586 93.62 15.2267 78.3933
internal_count=14354 14274 13120 577 12543
is_linear=0
shrinkage=0.03


Tree=219
num_leaves=5
num_cat=0
split_feature=5 10 4 4
split_gain=0.040316 0.00254316 0.00206588 6.70778e-05
threshold=99.596366894754013 1.6896648831315124 0.90304240004838821 95.568978386447739
decision_type=2 2 2 2
left_child=1 -1 -3 -4
right_child=-2 2 3 -5
leaf_value=-0.00090556883794831624 0.0023090979406851604 -0.00090556883794831624 0.00020444594614800346 0.0002940673282907704
leaf_weight=0.91567691595991973 7.7991109166759989 0.48955420206766476 82.32009429926984 15.180333923082797
leaf_count=88 80 108 13496 582
internal_value=0.00036219 0.000187093 0.000206348 0.000221243
internal_weight=106.705 98.9057 97.99 97.5004
internal_count=14354 14274 14186 14078
is_linear=0
shrinkage=0.03


Tree=220
num_leaves=4
num_cat=0
split_feature=11 1 11
split_gain=0.0214593 0.0180611 0.000148084
threshold=1.0000040000160002 0.50142139962499255 3.6644892034113594
decision_type=2 2 2
left_child=-1 -2 -3
right_child=1 2 -4
leaf_value=-0.0030456531482135184 -0.002251893608380023 0.00031070154218316358 0.00077482491298266735
leaf_weight=0.41091239801607926 0.87209685996640374 2.4347449738997957 103.95090345863719
leaf_count=97 62 395 13812
internal_value=0.000679799 0.000722073 0.000767195
internal_weight=107.669 107.258 106.386
internal_count=14366 14269 14207
is_linear=0
shrinkage=0.03


Tree=221
num_leaves=2
num_cat=0
split_feature=1
split_gain=0.0181146
threshold=0.50142139962499255
decision_type=2
left_child=-1
right_child=-2
leaf_value=-0.0022804260058687737 0.0007386719174628521
leaf_weight=0.87286374956602131 106.84361312465626
leaf_count=62 14304
internal_value=0.000693456
internal_weight=107.716
internal_count=14366
is_linear=0
shrinkage=0.03


Tree=222
num_leaves=3
num_cat=0
split_feature=11 1
split_gain=0.0217592 0.0174736
threshold=1.0000040000160002 0.50142139962499255
decision_type=2 2
left_child=-1 -2
right_child=1 -3
leaf_value=-0.0030595620977401866 -0.0021907068392342322 0.00078120440138177186
leaf_weight=0.4099175386945707 0.8735953644500104 106.43778651062166
leaf_count=97 62 14207
internal_value=0.000694552 0.000737008
internal_weight=107.721 107.311
internal_count=14366 14269
is_linear=0
shrinkage=0.03


Tree=223
num_leaves=3
num_cat=0
split_feature=1 11
split_gain=0.0254174 0.0224307
threshold=0.50142139962499255 1.0000040000160002
decision_type=2 2
left_child=-1 -2
right_child=1 -3
leaf_value=-0.0028480753698319253 -0.0028480753698319253 0.00078134384169140569
leaf_weight=0.84588787995744397 0.40925069036893447 106.43678004361573
leaf_count=62 97 14207
internal_value=0.000683938 0.00073805
internal_weight=107.692 106.846
internal_count=14366 14304
is_linear=0
shrinkage=0.03


Tree=224
num_leaves=4
num_cat=0
split_feature=1 11 11
split_gain=0.0250419 0.00135322 0.000667162
threshold=0.50142139962499255 1.2573632112710271 1.0000040000160002
decision_type=2 2 2
left_child=-1 2 -2
right_child=1 -3 -4
leaf_value=-0.002817980929221287 -0.0006685272298030643 0.0007478054274097629 0.00032901421514049557
leaf_weight=0.8494020375655954 0.35639815381728013 106.20492945183651 0.27949896326754242
leaf_count=62 97 14159 48
internal_value=0.000685168 0.000738891 -0.000296972
internal_weight=107.69 106.841 0.635897
internal_count=14366 14304 145
is_linear=0
shrinkage=0.03


Tree=225
num_leaves=5
num_cat=0
split_feature=4 1 4 1
split_gain=0.262281 0.0947994 0.363855 0.0514238
threshold=99.799397992772711 98.896147099739935 29.447200853319547 0.90304240004838821
decision_type=2 2 2 2
left_child=1 3 -3 -1
right_child=-2 2 -4 -5
leaf_value=-0.0053991330976046288 0.0071179487529276558 -0.00035684985118143925 0.0071179487529276558 -0.00035684985118143925
leaf_weight=0.82534682052209873 3.6201615652535102 1.206754521117545 1.5353543297387657 100.03348808415467
leaf_count=100 39 136 35 14059
internal_value=0.000123817 -0.000186294 0.00450597 -0.00035685
internal_weight=107.221 103.601 2.74211 100.859
internal_count=14369 14330 171 14159
is_linear=0
shrinkage=0.03


Tree=226
num_leaves=5
num_cat=0
split_feature=4 1 4 1
split_gain=0.234875 0.0931876 0.344634 0.0487418
threshold=99.799397992772711 98.896147099739935 29.447200853319547 0.90304240004838821
decision_type=2 2 2 2
left_child=1 3 -3 -1
right_child=-2 2 -4 -5
leaf_value=-0.0051876165469498638 0.0067926800748913992 -0.00027865575999989819 0.0067926800748913992 -0.00027865575999989819
leaf_weight=0.82361451600445335 3.6353745642118147 1.2048028284916648 1.5312890175264326 100.00650638216757
leaf_count=100 39 136 35 14059
internal_value=0.000185714 -0.000108946 0.00454578 -0.000278656
internal_weight=107.202 103.566 2.73609 100.83
internal_count=14369 14330 171 14159
is_linear=0
shrinkage=0.03


Tree=227
num_leaves=5
num_cat=0
split_feature=4 1 4 1
split_gain=0.209912 0.100954 0.329286 0.0488097
threshold=99.799397992772711 98.896147099739935 29.447200853319547 0.90304240004838821
decision_type=2 2 2 2
left_child=1 3 -3 -1
right_child=-2 2 -4 -5
leaf_value=-0.0051696769124453916 0.0064252427911179882 -0.00026297950847771283 0.0064252427911179882 -0.00026297950847771283
leaf_weight=0.82748319447273289 3.6564618011470875 1.2032179456437 1.5545536121353505 99.889379625790752
leaf_count=100 39 136 35 14059
internal_value=0.000194189 -8.5389e-05 0.00474442 -0.00026298
internal_weight=107.131 103.475 2.75777 100.717
internal_count=14369 14330 171 14159
is_linear=0
shrinkage=0.03


Tree=228
num_leaves=5
num_cat=0
split_feature=4 1 4 1
split_gain=0.165078 0.138503 0.298821 0.0479619
threshold=99.799397992772711 98.896147099739935 29.447200853319547 0.90304240004838821
decision_type=2 2 2 2
left_child=1 3 -3 -1
right_child=-2 2 -4 -5
leaf_value=-0.0051274512011250739 0.0057085107896430991 -0.00026550696876302487 0.0057085107896430991 -0.00026550696876302487
leaf_weight=0.82905987394042213 3.6739571394864461 1.2032939846394577 1.6214400480967013 99.749976307124598
leaf_count=100 39 136 35 14059
internal_value=0.000193734 -5.50077e-05 0.00554991 -0.000265507
internal_weight=107.078 103.404 2.82473 100.579
internal_count=14369 14330 171 14159
is_linear=0
shrinkage=0.03


Tree=229
num_leaves=5
num_cat=0
split_feature=4 1 4 1
split_gain=0.176125 0.136968 0.308405 0.0478841
threshold=99.799397992772711 98.896147099739935 29.447200853319547 0.90304240004838821
decision_type=2 2 2 2
left_child=1 3 -3 -1
right_child=-2 2 -4 -5
leaf_value=-0.0051342439202240941 0.0058590468088788681 -0.00028017430311786523 0.0058590468088788681 -0.00028017430311786523
leaf_weight=0.83236710535129432 3.7122868716251096 1.2036322747590014 1.6178303975611923 99.687482451146934
leaf_count=100 39 136 35 14059
internal_value=0.000186991 -7.09641e-05 0.00550542 -0.000280174
internal_weight=107.054 103.341 2.82146 100.52
internal_count=14369 14330 171 14159
is_linear=0
shrinkage=0.03


Tree=230
num_leaves=5
num_cat=0
split_feature=11 9 9 4
split_gain=0.00204678 0.0112725 0.000813142 0.0885098
threshold=1.2573632112710271 63.397435897435905 96.937821411874722 62.110511345271192
decision_type=2 2 2 2
left_child=1 -1 -2 -4
right_child=2 -3 3 -5
leaf_value=-0.00297561329419815 -4.5800553101063338e-05 -4.5800553101063338e-05 -4.5800553101063338e-05 0.0038334087826085478
leaf_weight=0.40041713730897655 98.881783507327782 0.1959407304530032 2.4989626789465538 4.3424661883618683
leaf_count=107 13655 51 314 225
internal_value=-6.2342e-05 -0.00112915 -4.58006e-05 0.000260134
internal_weight=106.32 0.596358 105.723 6.84143
internal_count=14352 158 14194 539
is_linear=0
shrinkage=0.03


Tree=231
num_leaves=4
num_cat=0
split_feature=1 11 4
split_gain=0.00722451 0.00193131 0.000575932
threshold=0.50142139962499255 1.2573632112710271 0.90304240004838821
decision_type=2 2 2
left_child=-1 -2 -3
right_child=1 2 -4
leaf_value=-0.0018875894264753302 -0.0010626704133908423 -0.00059921975166710108 -1.8437395336465184e-06
leaf_weight=0.91104530758457158 0.59338713419856404 0.47311882523354043 104.29702214497956
leaf_count=55 158 99 14040
internal_value=-5.94491e-05 -2.60438e-05 -1.01812e-05
internal_weight=106.275 105.364 104.77
internal_count=14352 14297 14139
is_linear=0
shrinkage=0.03


Tree=232
num_leaves=6
num_cat=0
split_feature=1 11 1 1 4
split_gain=0.00515199 0.00213445 0.00212802 2.20106e-05 1.61194e-05
threshold=0.50142139962499255 1.2573632112710271 66.532662098390333 1.3046634004717841 0.90304240004838821
decision_type=2 2 2 2 2
left_child=-1 2 -2 -3 -5
right_child=1 3 -4 4 -6
leaf_value=-0.0015682506666061594 -0.0015682506666061594 -3.0696125500948601e-05 5.5446960944931589e-05 5.5446960944931589e-05 6.8649666310902828e-05
leaf_weight=0.82495257863774796 0.20149871846660872 2.0289354782144065 0.39120732096489519 0.4688453059643497 102.20101432839874
leaf_count=55 53 114 105 98 13927
internal_value=1.23604e-05 3.93821e-05 -0.00105148 5.5447e-05 5.7429e-05
internal_weight=106.116 105.292 0.592706 104.699 102.67
internal_count=14352 14297 158 14139 14025
is_linear=0
shrinkage=0.03


Tree=233
num_leaves=5
num_cat=0
split_feature=1 4 1 1
split_gain=0.00495166 0.00140564 0.00219131 7.07278e-05
threshold=0.50142139962499255 0.90304240004838821 98.590129486597007 1.3046634004717841
decision_type=2 2 2 2
left_child=-1 -2 3 -3
right_child=1 2 -4 -5
leaf_value=-0.0015420384923859895 -0.00086457382534732888 -0.00012340499597862946 0.00070637754298630675 2.4276172140313837e-05
leaf_weight=0.82044939955812779 0.54036807746160676 2.0256352167343712 3.3720622281543902 99.358722428791225
leaf_count=55 116 113 188 13880
internal_value=9.45047e-06 3.59325e-05 4.87089e-05 2.0149e-05
internal_weight=106.117 105.297 104.756 101.384
internal_count=14352 14297 14181 13993
is_linear=0
shrinkage=0.03


Tree=234
num_leaves=6
num_cat=0
split_feature=1 11 1 1 4
split_gain=0.00503583 0.00212755 0.00210943 1.44483e-05 1.60332e-05
threshold=0.50142139962499255 1.2573632112710271 66.532662098390333 1.3046634004717841 0.90304240004838821
decision_type=2 2 2 2 2
left_child=-1 2 -2 -3 -5
right_child=1 3 -4 4 -6
leaf_value=-0.0015600205086736894 -0.0015600205086736894 -2.2421502504220466e-05 4.8050781044615426e-05 4.8050781044615426e-05 6.0886527174763301e-05
leaf_weight=0.81893165249493804 0.20122470491332833 2.0300325324060386 0.39118947612587363 0.46908945427276094 102.20006233558524
leaf_count=55 53 114 105 98 13927
internal_value=5.21075e-06 3.1947e-05 -0.00105703 4.80508e-05 4.9647e-05
internal_weight=106.111 105.292 0.592414 104.699 102.669
internal_count=14352 14297 158 14139 14025
is_linear=0
shrinkage=0.03


Tree=235
num_leaves=4
num_cat=0
split_feature=4 1 1
split_gain=0.0117404 0.0566837 0.00168274
threshold=99.799397992772711 98.590129486597007 10.541946410209885
decision_type=2 2 2
left_child=1 2 -1
right_child=-2 -3 -4
leaf_value=-0.00017157999895970642 0.001884801403675818 0.001884801403675818 0.00017286162791061663
leaf_weight=14.130052282649556 3.4945137137547126 3.2628697660984463 86.143202057341114
leaf_count=1492 38 213 12586
internal_value=0.000376948 0.000308512 0.00012311
internal_weight=107.031 103.536 100.273
internal_count=14329 14291 14078
is_linear=0
shrinkage=0.03


Tree=236
num_leaves=2
num_cat=0
split_feature=4
split_gain=0.0102075
threshold=99.799397992772711
decision_type=2
left_child=-1
right_child=-2
leaf_value=0.00030788916810630475 0.0017788380627858829
leaf_weight=103.50838267974905 3.4945289725437751
leaf_count=14291 38
internal_value=0.000371953
internal_weight=107.003
internal_count=14329
is_linear=0
shrinkage=0.03


Tree=237
num_leaves=4
num_cat=0
split_feature=4 1 1
split_gain=0.0101127 0.0504426 0.00177076
threshold=99.799397992772711 98.590129486597007 10.541946410209885
decision_type=2 2 2
left_child=1 2 -1
right_child=-2 -3 -4
leaf_value=-0.00017101913980652338 0.0017731032297418981 0.0017731032297418981 0.0001825595485656782
leaf_weight=14.120960155240025 3.4898429482709608 3.2643755698809391 86.125108092091978
leaf_count=1492 38 213 12586
internal_value=0.000371922 0.000308168 0.000131556
internal_weight=107 103.51 100.246
internal_count=14329 14291 14078
is_linear=0
shrinkage=0.03


Tree=238
num_leaves=3
num_cat=0
split_feature=4 1
split_gain=0.0096815 0.0416072
threshold=99.799397992772711 98.590129486597007
decision_type=2 2
left_child=1 -1
right_child=-2 -3
leaf_value=0.00018653907947556385 0.0017779641418728107 0.0017779641418728107
leaf_weight=100.14718748003361 3.4860735454130909 3.3226509597152463
leaf_count=14078 38 213
internal_value=0.000404371 0.000341517
internal_weight=106.956 103.47
internal_count=14329 14291
is_linear=0
shrinkage=0.03


Tree=239
num_leaves=4
num_cat=0
split_feature=5 1 1
split_gain=0.0112027 0.105356 0.00337349
threshold=97.587937262126999 8.5338414080929077 98.590129486597007
decision_type=2 2 2
left_child=1 -1 -3
right_child=-2 2 -4
leaf_value=-0.0033544725186246908 0.00096775175591703013 0.00048785029898730677 0.00096775175591703013
leaf_weight=5.7517819707572917 24.586419294006191 74.043120552552864 2.615315760835073
leaf_count=1096 364 12664 205
internal_value=0.000417757 0.000244036 0.000553755
internal_weight=106.997 82.4102 76.6584
internal_count=14329 13965 12869
is_linear=0
shrinkage=0.03


Tree=240
num_leaves=5
num_cat=0
split_feature=9 11 11 1
split_gain=0.0249517 0.0399038 0.00499348 0.000221758
threshold=2.6500526500526504 82.477323619134168 1.0000040000160002 0.50142139962499255
decision_type=2 2 2 2
left_child=1 -1 -2 -4
right_child=2 -3 3 -5
leaf_value=-0.0065067286006803325 -0.0019878561108954782 -0.00020823644867569899 -0.00020823644867569899 -0.0001539865102490752
leaf_weight=0.48519169495557324 0.41091175726614793 0.573281932156533 1.0259423766401585 105.01766751264222
leaf_count=109 98 63 54 14012
internal_value=-0.000273513 -0.00354815 -0.000208236 -0.000182834
internal_weight=107.513 1.05847 106.455 106.044
internal_count=14336 172 14164 14066
is_linear=0
shrinkage=0.03


Tree=241
num_leaves=5
num_cat=0
split_feature=9 11 11 1
split_gain=0.0249561 0.0400601 0.00506033 0.000220977
threshold=2.6500526500526504 79.929597421945857 1.0000040000160002 0.50142139962499255
decision_type=2 2 2 2
left_child=1 -1 -2 -4
right_child=2 -3 3 -5
leaf_value=-0.0065709975337632899 -0.002000976740074678 -0.00020931444910128488 -0.00020931444910128488 -0.00015500875189268688
leaf_weight=0.45942359371110686 0.41061405098298465 0.59712958778254688 1.0261451857513737 105.01743397756945
leaf_count=102 98 70 54 14012
internal_value=-0.000274578 -0.00355109 -0.000209314 -0.000183749
internal_weight=107.511 1.05655 106.454 106.044
internal_count=14336 172 14164 14066
is_linear=0
shrinkage=0.03


Tree=242
num_leaves=4
num_cat=0
split_feature=9 1 1
split_gain=0.0259366 0.0201304 0.00436722
threshold=2.6500526500526504 38.314902453158204 0.50142139962499255
decision_type=2 2 2
left_child=1 -1 -2
right_child=2 -3 -4
leaf_value=-0.005595336471662174 -0.0015927309940463443 -0.0002075085970692144 -0.00017918406773986521
leaf_weight=0.44774048612452932 1.0263131777173828 0.6091161984950304 105.42376291879918
leaf_count=82 54 90 14110
internal_value=-0.000273991 -0.00361382 -0.000207509
internal_weight=107.507 1.05686 106.45
internal_count=14336 172 14164
is_linear=0
shrinkage=0.03


Tree=243
num_leaves=4
num_cat=0
split_feature=9 1 1
split_gain=0.0277408 0.0210722 0.00279337
threshold=2.6500526500526504 38.314902453158204 0.50142139962499255
decision_type=2 2 2
left_child=1 -1 -2
right_child=2 -3 -4
leaf_value=-0.0057027618059431479 -0.0012882643721722588 -0.00015542553256958229 -0.00013333116875549299
leaf_weight=0.44556778465630376 0.93736161210108448 0.60880209226161242 105.36848532449221
leaf_count=82 54 90 14110
internal_value=-0.000223648 -0.00367824 -0.000155426
internal_weight=107.36 1.05437 106.306
internal_count=14336 172 14164
is_linear=0
shrinkage=0.03


Tree=244
num_leaves=4
num_cat=0
split_feature=9 1 1
split_gain=0.0141087 0.037042 0.00290837
threshold=2.6500526500526504 38.314902453158204 0.50142139962499255
decision_type=2 2 2
left_child=1 -1 -2
right_child=2 -3 -4
leaf_value=-0.0058424681667472679 -0.0013341048514972633 -0.00017653704498571729 -0.00015382049862388972
leaf_weight=0.44401048633153439 0.93571195306139898 0.57384528324473649 105.40943592513213
leaf_count=82 54 90 14110
internal_value=-0.000225409 -0.00271355 -0.000176537
internal_weight=107.363 1.01786 106.345
internal_count=14336 172 14164
is_linear=0
shrinkage=0.03


Tree=245
num_leaves=6
num_cat=0
split_feature=4 0 10 11 11
split_gain=0.12956 0.00903915 0.0042316 0.00156808 0.000305902
threshold=99.799397992772711 99.799397992772711 1.6896648831315124 1.2573632112710271 0.75202417745154848
decision_type=2 2 2 2 2
left_child=1 2 -1 4 -4
right_child=-2 -3 3 -5 -6
leaf_value=-0.0015931162793245508 0.0049622584897528414 0.001803904038227363 -0.0012835820679584266 -8.2860972977561234e-05 -9.1312450152937599e-05
leaf_weight=0.74081321491394092 3.7875155231449744 1.2365461140871037 0.19686006632400577 101.29190829591244 0.42916797276120633
leaf_count=88 40 15 54 14047 113
internal_value=0.000136869 -8.46709e-05 -0.000124602 -9.85521e-05 -0.00102506
internal_weight=107.683 103.895 102.659 101.918 0.626028
internal_count=14357 14317 14302 14214 167
is_linear=0
shrinkage=0.03


Tree=246
num_leaves=7
num_cat=0
split_feature=4 0 10 11 11 11
split_gain=0.112209 0.0077348 0.00467633 0.00176982 0.00030884 3.46598e-05
threshold=99.799397992772711 99.799397992772711 1.6896648831315124 1.2573632112710271 0.75202417745154848 3.4000136000544008
decision_type=2 2 2 2 2 2
left_child=1 2 -1 4 -4 -5
right_child=-2 -3 3 5 -6 -7
leaf_value=-0.0016122862733134744 0.0046328859589746156 0.0017124880410922122 -0.0012858173065341324 -9.0832653467501926e-05 -9.0832653467501926e-05 -2.4398743659121441e-05
leaf_weight=0.74231061286991362 3.8539554006420067 1.236529923044144 0.19662540685385366 1.8243360125925381 0.42915943439584225 99.423143241059734
leaf_count=88 40 15 54 294 113 13753
internal_value=0.000174583 -3.34723e-05 -7.08356e-05 -4.40403e-05 -0.00102625 -2.7992e-05
internal_weight=107.706 103.852 102.616 101.873 0.625785 101.247
internal_count=14357 14317 14302 14214 167 14047
is_linear=0
shrinkage=0.03


Tree=247
num_leaves=5
num_cat=0
split_feature=4 10 11 11
split_gain=0.123883 0.00718804 0.17844 0.000935433
threshold=99.799397992772711 97.68089053803341 85.671024763766709 1.2573632112710271
decision_type=2 2 2 2
left_child=1 3 -3 -1
right_child=-2 2 -4 -5
leaf_value=-0.00074695756164475308 0.0049381991476509105 -2.1858945816069243e-05 0.0049381991476509105 -2.1858945816069243e-05
leaf_weight=0.60216590412892301 3.8901867209933689 4.8170145696494719 2.6325104153947905 95.714448480692226
leaf_count=161 40 368 103 13685
internal_value=0.000271922 5.15175e-05 0.000890527 -2.18589e-05
internal_weight=107.656 103.766 7.44952 96.3166
internal_count=14357 14317 471 13846
is_linear=0
shrinkage=0.03


Tree=248
num_leaves=7
num_cat=0
split_feature=4 0 11 11 11 11
split_gain=0.116217 0.00702698 0.00230312 9.42627e-05 4.7014e-05 1.44522e-05
threshold=99.799397992772711 99.799397992772711 1.2573632112710271 7.0210702529557123 0.75202417745154848 3.4000136000544008
decision_type=2 2 2 2 2 2
left_child=1 2 4 5 -1 -4
right_child=-2 -3 3 -5 -6 -7
leaf_value=-0.0012815764552475892 0.0048014879179820863 0.0017218763494186939 -0.00013212326865639224 4.4364459063768828e-05 -0.00017960570441312134 -2.4552690924116851e-05
leaf_weight=0.19604860001709212 3.8652316094376138 1.2324996641837049 1.8254962416831393 97.238739620021079 0.43175819492898881 2.8284982462064363
leaf_count=54 40 15 294 13296 114 544
internal_value=0.000269802 5.67535e-05 2.02956e-05 3.7816e-05 -0.00109963 -8.2652e-05
internal_weight=107.618 103.753 102.521 101.893 0.627807 4.65399
internal_count=14357 14317 14302 14134 168 838
is_linear=0
shrinkage=0.03


Tree=249
num_leaves=7
num_cat=0
split_feature=4 0 11 11 11 11
split_gain=0.105518 0.00642304 0.00232611 9.91029e-05 6.11859e-05 1.33565e-05
threshold=99.799397992772711 99.799397992772711 1.2573632112710271 3.4000136000544008 0.75202417745154848 7.0210702529557123
decision_type=2 2 2 2 2 2
left_child=1 2 4 -4 -1 -5
right_child=-2 -3 3 5 -6 -7
leaf_value=-0.0012813333255899939 0.0045927703083299375 0.0016581006688515525 -0.00012971335244402586 -8.7255436017000344e-06 -0.00017464465476556043 5.458873826403305e-05
leaf_weight=0.19578813767293368 3.8520578010939053 1.231461671181022 1.8256987901404489 2.8291699030378359 0.43151971139013767 97.227944092825055
leaf_count=54 40 15 294 544 114 13296
internal_value=0.000268564 6.56852e-05 3.07215e-05 4.82315e-05 -0.00109519 5.27299e-05
internal_weight=107.594 103.742 102.51 101.883 0.627308 100.057
internal_count=14357 14317 14302 14134 168 13840
is_linear=0
shrinkage=0.03


Tree=250
num_leaves=6
num_cat=0
split_feature=3 1 4 4 4
split_gain=0.0462068 0.169434 0.184302 0.0636397 0.00527034
threshold=94.799979199916805 8.5338414080929077 97.981834473769979 93.768837927161385 0.90304240004838821
decision_type=2 2 2 2 2
left_child=1 2 -1 -2 -3
right_child=3 4 -4 -5 -6
leaf_value=-0.0072179363884610171 0.0008387591792126752 -0.0010428550452900971 0.0008387591792126752 0.0031085181496806349 0.0008387591792126752
leaf_weight=4.1809652830415862 22.515139584080316 0.53844639996532251 1.918126657779794 15.258048229734412 61.775640004780143
leaf_count=1002 506 114 92 228 12369
internal_value=0.000825526 0.000350773 -0.0040508 0.00165415 0.000838759
internal_weight=106.186 68.4132 6.09909 37.7732 62.3141
internal_count=14311 13577 1094 734 12483
is_linear=0
shrinkage=0.03


Tree=251
num_leaves=4
num_cat=0
split_feature=3 0 1
split_gain=0.019227 0.102158 0.0592388
threshold=94.799979199916805 84.088604205880458 8.5338414080929077
decision_type=2 2 2
left_child=2 -2 -1
right_child=1 -3 -4
leaf_value=-0.002296644992751215 0.00048536023315625618 0.0024173102785921417 0.00048536023315625618
leaf_weight=5.9190686216752502 6.6770868460880584 31.199296008329839 62.328918643761426
leaf_count=1094 207 527 12483
internal_value=0.0007979 0.00133408 0.00048536
internal_weight=106.124 37.8764 68.248
internal_count=14311 734 13577
is_linear=0
shrinkage=0.03


Tree=252
num_leaves=7
num_cat=0
split_feature=3 1 4 4 4 4
split_gain=0.0220151 0.0608464 0.117036 0.0242216 0.00558564 0.00484449
threshold=94.799979199916805 8.5338414080929077 97.981834473769979 93.768837927161385 0.90304240004838821 27.035118624345468
decision_type=2 2 2 2 2 2
left_child=1 2 -1 5 -3 -2
right_child=3 4 -4 -5 -6 -7
leaf_value=-0.0050552947485754353 0.00075053614253709866 -0.0011544019699810015 0.00075053614253709866 0.0022632471382771687 0.00075053614253709866 0.001247504410959488
leaf_weight=3.9494850922783362 3.3729545928072246 0.54056469385977735 1.918783697823528 15.335029481328091 61.768165963527281 19.217247414053418
leaf_count=1002 94 114 92 228 12369 412
internal_value=0.00079927 0.000465644 -0.00222816 0.00137165 0.000750536 0.000750536
internal_weight=106.102 68.177 5.86827 37.9252 62.3087 22.5902
internal_count=14311 13577 1094 734 12483 506
is_linear=0
shrinkage=0.03


Tree=253
num_leaves=7
num_cat=0
split_feature=0 1 9 1 3 3
split_gain=0.0143509 0.0488018 0.0247057 0.00936059 0.0195855 0.00160079
threshold=99.799397992772711 98.590129486597007 87.585616438356183 0.90304240004838821 95.17587452425397 94.799979199916805
decision_type=2 2 2 2 2 2
left_child=1 3 -3 4 -1 -5
right_child=-2 2 -4 5 -6 -7
leaf_value=-0.0038524194548714068 0.0025039730738330743 0.00059555461307934292 0.0025039730738330743 0.00042544851177038457 0.00059555461307934292 0.00059555461307934292
leaf_weight=0.35261781531153147 3.6830616812221697 2.3107571441214527 1.0098261242965234 64.852758407767396 0.38392041414044797 33.57425108901225
leaf_count=94 39 186 34 13272 17 669
internal_value=0.000843651 0.000760362 0.00250397 0.000595555 -0.00165291 0.000595555
internal_weight=106.167 102.484 3.32058 99.1635 0.736538 98.427
internal_count=14311 14272 220 14052 111 13941
is_linear=0
shrinkage=0.03


Tree=254
num_leaves=7
num_cat=0
split_feature=3 11 4 4 4 4
split_gain=0.0110981 0.0969493 0.13162 0.00391556 0.00305043 0.000232916
threshold=94.799979199916805 18.373555918466099 93.768837927161385 0.90304240004838821 35.506406541755204 99.799397992772711
decision_type=2 2 2 2 2 2
left_child=3 -2 4 -1 -3 -5
right_child=1 2 -4 5 -6 -7
leaf_value=-0.00098980944431728383 0.0005904621258131464 0.0005904621258131464 0.0045119429749056108 0.00049514167168853557 0.0010444822408211827 0.0005904621258131464
leaf_weight=0.55076015408849244 5.481708057341165 4.3143321366515037 13.498843944980761 65.990486833790783 14.66187529475428 1.6574201770126809
leaf_count=120 154 99 192 13436 289 21
internal_value=0.000833921 0.00124497 0.00235554 0.000590462 0.000672491 0.000590462
internal_weight=106.155 37.9568 32.4751 68.1987 18.9762 67.6479
internal_count=14311 734 580 13577 388 13457
is_linear=0
shrinkage=0.03


Tree=255
num_leaves=8
num_cat=0
split_feature=1 5 11 1 11 11 5
split_gain=0.0868959 0.0321795 0.0320395 0.0171636 0.0244765 0.00127999 0.000230763
threshold=0.50142139962499255 97.587937262126999 5.4162541951372631 2.9111474021653669 98.092905098893141 7.0210702529557123 99.596366894754013
decision_type=2 2 2 2 2 2 2
left_child=-1 2 -2 4 -4 -5 -3
right_child=1 6 3 5 -6 -7 -8
leaf_value=-0.0062841248546987114 -0.0025734491596596061 0.0011033904166789358 -0.0025734491596596061 -0.00042586459098619897 0.00030441767272068756 0.00032189201059845885 0.0016919881067933577
leaf_weight=0.78441142931114782 2.8347157523676279 16.897497128928098 0.95490720431553089 1.2890404805075366 0.32273358257953078 77.242048463551328 7.0826921341940752
leaf_count=60 725 277 228 259 42 12658 74
internal_value=0.000287981 0.000394272 0.00010771 0.000233609 -0.00234146 0.000304418 0.00133801
internal_weight=107.408 106.624 82.6434 79.8087 1.27764 78.5311 23.9802
internal_count=14323 14263 13912 13187 270 12917 351
is_linear=0
shrinkage=0.03


Tree=256
num_leaves=7
num_cat=0
split_feature=1 1 9 9 11 11
split_gain=0.0778796 0.0155289 0.248676 0.00254591 0.0832408 0.000170884
threshold=0.50142139962499255 98.590129486597007 87.585616438356183 2.6500526500526504 79.929597421945857 1.2573632112710271
decision_type=2 2 2 2 2 2
left_child=-1 3 -3 4 -2 -5
right_child=1 2 -4 5 -6 -7
leaf_value=-0.0059266063911679037 -0.0059266063911679037 0.00031286338622794733 0.011120694090374269 -0.00012168061563356783 0.00031286338622794733 0.00031286338622794733
leaf_weight=0.7882061850395975 0.51194492701324523 2.2536623354535545 1.0427712181117383 0.5257686807308336 0.61009381513576955 101.658164182154
leaf_count=60 106 180 34 122 67 13754
internal_value=0.000289039 0.000389649 0.0021631 0.000312863 -0.00074822 0.000312863
internal_weight=107.391 106.602 3.29643 103.306 1.12204 102.184
internal_count=14323 14263 214 14049 173 13876
is_linear=0
shrinkage=0.03


Tree=257
num_leaves=8
num_cat=0
split_feature=1 5 11 1 11 11 1
split_gain=0.0695454 0.0384462 0.0512722 0.0163607 0.028999 0.00124501 0.000396616
threshold=0.50142139962499255 97.587937262126999 5.4162541951372631 2.9111474021653669 95.482368596141058 7.0210702529557123 8.5338414080929077
decision_type=2 2 2 2 2 2 2
left_child=-1 2 -2 4 -4 -5 -7
right_child=1 -3 3 5 -6 6 -8
leaf_value=-0.0055785344553881105 -0.0033011754420489438 0.0014158199650874308 -0.0033011754420489438 -0.000419647866585606 0.00030075332832173944 0.00030075332832173944 0.00038034855446533587
leaf_weight=0.79275252210209046 2.8749205666827029 23.931897938600741 0.86909926659427472 1.2886033920804028 0.40604596806224436 3.9415261808317146 73.286375763651449
leaf_count=60 725 351 203 259 67 731 11927
internal_value=0.000288074 0.000383143 7.08355e-05 0.000231687 -0.00228403 0.000300753 0.000317985
internal_weight=107.391 106.598 82.6666 79.7917 1.27515 78.5165 77.2279
internal_count=14323 14263 13912 13187 270 12917 12658
is_linear=0
shrinkage=0.03


Tree=258
num_leaves=7
num_cat=0
split_feature=1 5 1 1 5 5
split_gain=0.0632299 0.0315198 0.0177821 0.00266035 0.0106798 0.00326914
threshold=0.50142139962499255 97.587937262126999 2.9111474021653669 8.5338414080929077 94.799979199916805 0.90304240004838821
decision_type=2 2 2 2 2 2
left_child=-1 2 -2 4 -4 -5
right_child=1 -3 3 5 -6 -7
leaf_value=-0.0052889823050544724 -0.0024975054076409454 0.0013151907063634455 -0.0016643038430553649 -0.0011705819771271949 0.00020993600132452491 0.00023463545705884495
leaf_weight=0.80308809160487626 1.316378166375215 23.924174386658706 2.483196686487644 0.54206165170762588 1.6009844220243392 76.690288133453578
leaf_count=60 287 351 715 99 57 12754
internal_value=0.000289109 0.000379932 9.66648e-05 0.00016849 -0.000502394 0.000209936
internal_weight=107.36 106.557 82.6329 81.3165 4.08418 77.2323
internal_count=14323 14263 13912 13625 772 12853
is_linear=0
shrinkage=0.03


Tree=259
num_leaves=9
num_cat=0
split_feature=1 5 11 1 11 1 5 11
split_gain=0.0642876 0.0159756 0.0499356 0.0170318 0.0180987 0.0219824 0.00373771 0.00238296
threshold=0.50142139962499255 97.587937262126999 5.4162541951372631 8.5338414080929077 92.950647432985008 3.312768402588762 99.596366894754013 7.0210702529557123
decision_type=2 2 2 2 2 2 2 2
left_child=-1 2 -2 4 5 -4 -3 -5
right_child=1 6 3 7 -6 -7 -8 -9
leaf_value=-0.0054066118511186855 -0.0031850516747547633 0.00070529305197445161 -0.0031850516747547633 -0.00021658184140799981 0.00042951541513225284 -0.00021658184140799981 0.0015911196181923445 0.00045726325566777142
leaf_weight=0.77445963659556483 2.860513309511588 16.948701672139595 0.95806424901820664 1.2608658366370935 1.2896436828887088 2.9846449763863347 7.0530505981296292 73.207905663817655
leaf_count=60 725 277 217 251 197 595 74 11927
internal_value=0.000262824 0.000353908 0.000150729 0.000308435 -0.00120724 -0.00216101 0.00101883 0.000429515
internal_weight=107.338 106.563 82.5616 79.7011 5.23235 3.94271 24.0018 74.4688
internal_count=14323 14263 13912 13187 1009 812 351 12178
is_linear=0
shrinkage=0.03


Tree=260
num_leaves=5
num_cat=0
split_feature=3 1 9 1
split_gain=0.0617857 0.0414373 0.0179516 0.0257175
threshold=99.799397992772711 0.50142139962499255 2.6500526500526504 74.219510612059466
decision_type=2 2 2 2
left_child=1 -1 3 -3
right_child=-2 2 -4 -5
leaf_value=-0.0045083426292840956 0.004195037566873362 -0.0044556277453117379 0.00057062008878885028 0.00057062008878885028
leaf_weight=0.50444722050451574 3.1544530699029556 0.59209532986278535 102.22045545774745 0.45579055557027459
leaf_count=58 37 110 14028 54
internal_value=0.000600932 0.000452683 0.000519922 -0.00228931
internal_weight=106.927 103.773 103.268 1.04789
internal_count=14287 14250 14192 164
is_linear=0
shrinkage=0.03


Tree=261
num_leaves=7
num_cat=0
split_feature=3 1 1 11 11 11
split_gain=0.0920029 0.0406923 0.00302033 0.0158429 0.00828495 0.00624688
threshold=99.799397992772711 0.50142139962499255 10.541946410209885 98.742636788729001 7.0210702529557123 18.373555918466099
decision_type=2 2 2 2 2 2
left_child=1 -1 3 5 -4 -3
right_child=-2 2 4 -5 -6 -7
leaf_value=-0.0044780372589184308 0.0049432468917534542 -0.0018327467699469173 -0.00060937397596915778 0.00056218301981406961 0.00062818349309481014 -0.00023238734690287166
leaf_weight=0.50629633193602686 3.2573118708096436 1.9439647416584147 4.3507617990253484 0.95386551239062178 85.787282501405571 10.169999206002101
leaf_count=58 37 231 904 62 11856 1139
internal_value=0.000615947 0.000434128 0.000500968 6.87745e-05 0.000562183 -0.000609374
internal_weight=106.969 103.712 103.206 13.0678 90.138 12.114
internal_count=14287 14250 14192 1432 12760 1370
is_linear=0
shrinkage=0.03


Tree=262
num_leaves=5
num_cat=0
split_feature=3 11 9 9
split_gain=0.0850141 0.0195887 0.00843929 0.000165582
threshold=99.799397992772711 18.007935062043284 2.6500526500526504 3.3908045977011496
decision_type=2 2 2 2
left_child=1 3 -3 -1
right_child=-2 2 -4 -5
leaf_value=-0.0010831378649745088 0.0048097207407314076 -0.00056264753285027117 0.00066708916548718987 -0.00047579830350366435
leaf_weight=0.31829152925638204 3.237945618107914 0.90987369930371542 89.069471507158596 13.37900529624312
leaf_count=49 37 136 11539 2526
internal_value=0.000639051 0.000464092 0.000624856 -0.000562648
internal_weight=106.915 103.677 89.9793 13.6973
internal_count=14287 14250 11675 2575
is_linear=0
shrinkage=0.03


Tree=263
num_leaves=5
num_cat=0
split_feature=3 9 11 11
split_gain=0.0756695 0.0214665 0.0162533 0.0142371
threshold=99.799397992772711 2.6500526500526504 18.007935062043284 79.929597421945857
decision_type=2 2 2 2
left_child=1 3 -3 -1
right_child=-2 2 -4 -5
leaf_value=-0.0041474652391570999 0.0045754907078844062 -0.00041955519284721146 0.00067149249855905807 0.00062219549762058382
leaf_weight=0.5115313397545822 3.2258913409896186 13.537915467139099 89.078709997120313 0.53660526615567505
leaf_count=103 37 2546 11539 62
internal_value=0.000634071 0.000468876 0.000524894 -0.00259404
internal_weight=106.891 103.665 102.617 1.04814
internal_count=14287 14250 14085 165
is_linear=0
shrinkage=0.03


Tree=264
num_leaves=6
num_cat=0
split_feature=3 1 9 1 11
split_gain=0.0714383 0.0409589 0.00623309 0.0438348 0.0133353
threshold=99.799397992772711 0.50142139962499255 2.6500526500526504 74.219510612059466 74.823740832089314
decision_type=2 2 2 2 2
left_child=1 -1 3 4 -3
right_child=-2 2 -4 -5 -6
leaf_value=-0.0044549763568879942 0.0044694559794963527 -0.0044549763568879942 0.00056624269113782189 0.00056624269113782189 0.00044739270201284257
leaf_weight=0.50884161257999849 3.2100869216956189 0.25722033297642954 102.1489525824436 0.41382352181244642 0.33354703173972666
leaf_count=58 37 54 14028 54 56
internal_value=0.000631913 0.000471508 0.00053835 -0.00116547 -0.00445498
internal_weight=106.872 103.662 103.154 1.00459 0.590767
internal_count=14287 14250 14192 164 110
is_linear=0
shrinkage=0.03


Tree=265
num_leaves=3
num_cat=0
split_feature=1 1
split_gain=0.0248304 0.000729873
threshold=34.302765436868206 2.9111474021653669
decision_type=2 2
left_child=1 -1
right_child=-2 -3
leaf_value=-0.0026696106997161498 -0.00096058296540577493 -0.0017610509197918396
leaf_weight=5.1421026725438415 64.162798130884767 34.938525369565468
leaf_count=404 9457 4450
internal_value=-0.00135192 -0.00193976
internal_weight=104.243 40.0806
internal_count=14311 4854
is_linear=0
shrinkage=0.03


Tree=266
num_leaves=3
num_cat=0
split_feature=1 1
split_gain=0.0180633 0.0029631
threshold=34.302765436868206 2.9111474021653669
decision_type=2 2
left_child=1 -1
right_child=-2 -3
leaf_value=-0.0027339513442484948 -0.0010140474120231119 -0.0016599549221547483
leaf_weight=5.1403361602278883 64.220003424212337 34.896473458386026
leaf_count=404 9457 4450
internal_value=-0.00135393 -0.00186111
internal_weight=104.257 40.0368
internal_count=14311 4854
is_linear=0
shrinkage=0.03


Tree=267
num_leaves=2
num_cat=0
split_feature=1
split_gain=0.0173023
threshold=34.302765436868206
decision_type=2
left_child=-1
right_child=-2
leaf_value=-0.0018524711723234713 -0.0010215926198346786
leaf_weight=40.047845928434981 64.218205781653523
leaf_count=4854 9457
internal_value=-0.00135529
internal_weight=104.266
internal_count=14311
is_linear=0
shrinkage=0.03


Tree=268
num_leaves=2
num_cat=0
split_feature=1
split_gain=0.0158174
threshold=34.302765436868206
decision_type=2
left_child=-1
right_child=-2
leaf_value=-0.0018303322110747211 -0.001032186836474349
leaf_weight=40.041775520454394 64.244736854219809
leaf_count=4854 9457
internal_value=-0.00135312
internal_weight=104.287
internal_count=14311
is_linear=0
shrinkage=0.03


Tree=269
num_leaves=2
num_cat=0
split_feature=1
split_gain=0.01554
threshold=34.302765436868206
decision_type=2
left_child=-1
right_child=-2
leaf_value=-0.0018336822205248947 -0.0010412337978100274
leaf_weight=40.023118584009353 64.258935261517763
leaf_count=4854 9457
internal_value=-0.0013599
internal_weight=104.282
internal_count=14311
is_linear=0
shrinkage=0.03


Tree=270
num_leaves=5
num_cat=0
split_feature=1 9 1 9
split_gain=0.0206701 0.0329253 0.0243899 0.000229557
threshold=10.541946410209885 90.508365508365515 0.90304240004838821 96.720430107526894
decision_type=2 2 2 2
left_child=1 2 -1 -2
right_child=3 -3 -4 -5
leaf_value=-0.0049755756085767969 -0.00024128606736392263 -0.00024128606736392263 -0.0014251464647735087 -5.2033407318679288e-05
leaf_weight=1.5062800828600291 85.717757971026003 1.9323481054161664 11.49631101413979 6.3937822441803283
leaf_count=93 12422 165 1229 490
internal_value=-0.000416764 -0.00141597 -0.0021624 -0.000241286
internal_weight=107.046 14.9349 13.0026 92.1115
internal_count=14399 1487 1322 12912
is_linear=0
shrinkage=0.03


Tree=271
num_leaves=3
num_cat=0
split_feature=1 1
split_gain=0.0214687 0.00778768
threshold=0.90304240004838821 10.541946410209885
decision_type=2 2
left_child=-1 -2
right_child=1 -3
leaf_value=-0.0030569109552673122 -0.0010064294842325413 -0.00024568821731821272
leaf_weight=1.7284048118453927 13.198671654827193 92.119666489772499
leaf_count=110 1377 12912
internal_value=-0.000421196 -0.000349595
internal_weight=107.047 105.318
internal_count=14399 14289
is_linear=0
shrinkage=0.03


Tree=272
num_leaves=5
num_cat=0
split_feature=1 11 11 1
split_gain=0.0218589 0.164388 0.00181199 0.00414863
threshold=0.90304240004838821 96.165485500162944 3.6644892034113594 10.541946410209885
decision_type=2 2 2 2
left_child=1 -1 -2 -4
right_child=2 -3 3 -5
leaf_value=-0.0097195496903417326 -0.0010146007553331594 -0.00035099201419277906 -0.00035099201419277906 -0.00014249477255594959
leaf_weight=0.91903369216015451 2.8017573102260931 0.81638379354262725 12.967122143367304 89.5599578160909
leaf_count=64 506 46 1336 12447
internal_value=-0.000423301 -0.00307928 -0.000350992 -0.000323232
internal_weight=107.064 1.73542 105.329 102.527
internal_count=14399 110 14289 13783
is_linear=0
shrinkage=0.03


Tree=273
num_leaves=6
num_cat=0
split_feature=1 11 1 11 9
split_gain=0.0148003 0.224506 0.202483 0.0051542 0.0188592
threshold=10.541946410209885 19.497507131140257 4.9192524042823456 7.0210702529557123 96.720430107526894
decision_type=2 2 2 2 2
left_child=1 2 -1 -2 -5
right_child=3 -3 -4 4 -6
leaf_value=-0.01400919794693679 -0.00027006354779697767 -0.00027006354779697767 -0.00027006354779697767 -0.00016627224648023973 0.0014508679124311155
leaf_weight=1.1202942933014122 4.9881201824173322 12.758326690323882 1.0366367780370636 81.144721514196135 6.0478735752403727
leaf_count=110 931 1255 122 11532 449
internal_value=-0.000419257 -0.00126641 -0.00857857 -0.000270064 -3.89245e-05
internal_weight=107.096 14.9153 2.15693 92.1807 87.1926
internal_count=14399 1487 232 12912 11981
is_linear=0
shrinkage=0.03


Tree=274
num_leaves=6
num_cat=0
split_feature=1 11 1 11 9
split_gain=0.015129 0.227506 0.205521 0.00514312 0.0180744
threshold=10.541946410209885 19.497507131140257 4.9192524042823456 7.0210702529557123 96.720430107526894
decision_type=2 2 2 2 2
left_child=1 2 -1 -2 -5
right_child=3 -3 -4 4 -6
leaf_value=-0.014092517664433684 -0.00026366797120934942 -0.00026366797120934942 -0.00026366797120934942 -0.0001576514640525462 0.0014247075419846552
leaf_weight=1.1230388496769586 4.9878227685112497 12.752260076609671 1.036831564735621 81.156025832286105 6.0551172215491524
leaf_count=110 931 1255 122 11532 449
internal_value=-0.00041434 -0.0012708 -0.008626 -0.000263668 -3.28818e-05
internal_weight=107.111 14.9121 2.15987 92.199 87.2111
internal_count=14399 1487 232 12912 11981
is_linear=0
shrinkage=0.03


Tree=275
num_leaves=8
num_cat=0
split_feature=9 10 1 10 9 1 9
split_gain=0.039188 0.12739 0.0888858 0.012131 0.0618396 0.0547658 0.00625134
threshold=91.106719367588951 96.327493261455544 98.590129486597007 25.181159420289859 23.354978354978357 82.477323619134168 90.098039215686285
decision_type=2 2 2 2 2 2 2
left_child=1 3 -2 -1 5 -5 -6
right_child=2 -3 -4 4 6 -7 -8
leaf_value=-0.0014673519710298041 0.001401991005553151 0.001401991005553151 0.0076899997799104725 -0.0014673519710298041 2.7526010214127409e-05 2.7526010214127409e-05 0.001401991005553151
leaf_weight=13.913194563094292 13.122028755809874 8.233758327434769 1.0729578584432609 12.886544419161508 53.648531405488029 2.7417260069632894 0.46050521545112033
leaf_count=2704 1328 516 33 1790 7551 384 75
internal_value=-1.04742e-05 -0.000241427 0.00140199 -0.000681552 -0.000506251 -0.00146735 2.7526e-05
internal_weight=106.079 91.8843 14.195 83.6505 69.7373 15.6283 54.109
internal_count=14381 13020 1361 12504 9800 2174 7626
is_linear=0
shrinkage=0.03


Tree=276
num_leaves=8
num_cat=0
split_feature=9 1 10 10 9 1 9
split_gain=0.0484981 0.174242 0.0568556 0.0110928 0.0614913 0.0510455 0.00157345
threshold=91.106719367588951 98.590129486597007 96.327493261455544 25.181159420289859 23.354978354978357 82.477323619134168 90.098039215686285
decision_type=2 2 2 2 2 2 2
left_child=2 -2 3 -1 5 -5 -6
right_child=1 -3 -4 4 6 -7 -8
leaf_value=-0.0014533836003452465 0.00024183504833741722 0.0094491955377136033 0.00024183504833741722 -0.0014533836003452465 8.3913818015696349e-06 8.3913818015696349e-06 0.00024183504833741722
leaf_weight=13.900228097772922 13.153540816798339 1.1635605813935388 8.2223166590556485 12.869504945294464 53.54046173664392 2.7427336301188907 0.46331257943529536
leaf_count=2704 1328 33 516 1790 7551 384 75
internal_value=-5.75315e-06 0.00155818 -0.000263996 -0.000699917 -0.000531021 -0.00145338 8.39138e-06
internal_weight=106.056 14.3171 91.7386 83.5162 69.616 15.6122 54.0038
internal_count=14381 1361 13020 12504 9800 2174 7626
is_linear=0
shrinkage=0.03


Tree=277
num_leaves=8
num_cat=0
split_feature=9 1 10 10 9 1 9
split_gain=0.0416668 0.167127 0.0479879 0.00912691 0.0509725 0.0458919 0.00124918
threshold=91.106719367588951 98.590129486597007 96.327493261455544 25.181159420289859 23.354978354978357 82.880143765820733 90.098039215686285
decision_type=2 2 2 2 2 2 2
left_child=2 -2 3 -1 5 -5 -6
right_child=1 -3 -4 4 6 -7 -8
leaf_value=-0.0012918216533451949 0.00022087909549842489 0.0092271411447886701 0.00022087909549842489 -0.0012918216533451949 3.5289569661554609e-05 3.5289569661554609e-05 0.00022087909549842489
leaf_weight=13.856655739975393 13.153774801059624 1.1689941140357394 8.2265625222353247 12.833180026616899 53.540329214767553 2.7248307183617717 0.46344582049641658
leaf_count=2704 1328 33 516 1796 7551 378 75
internal_value=6.15168e-05 0.00151016 -0.000178742 -0.000608244 -0.000455698 -0.00129182 3.52896e-05
internal_weight=105.968 14.3228 91.645 83.4184 69.5618 15.558 54.0038
internal_count=14381 1361 13020 12504 9800 2174 7626
is_linear=0
shrinkage=0.03


Tree=278
num_leaves=8
num_cat=0
split_feature=9 1 10 10 9 1 9
split_gain=0.0421552 0.168709 0.0492097 0.00611412 0.0544063 0.0313006 0.0011411
threshold=91.106719367588951 98.590129486597007 96.327493261455544 25.181159420289859 23.354978354978357 82.880143765820733 90.098039215686285
decision_type=2 2 2 2 2 2 2
left_child=2 -2 3 -1 5 -5 -6
right_child=1 -3 -4 4 6 -7 -8
leaf_value=-0.0012186704485259909 0.00018874969537407117 0.0092405350527042657 0.00018874969537407117 -0.0012186704485259909 2.0730593764190498e-05 2.0730593764190498e-05 0.00018874969537407117
leaf_weight=13.843425920349544 13.147963351075303 1.1658398828003544 8.2316488990327326 12.75404016219545 53.545930923573906 2.7229050107998765 0.46328258281573553
leaf_count=2704 1328 33 516 1796 7551 378 75
internal_value=2.34746e-05 0.00148127 -0.000217965 -0.000652186 -0.000523639 -0.00121867 2.07306e-05
internal_weight=105.875 14.3138 91.5612 83.3296 69.4862 15.4769 54.0092
internal_count=14381 1361 13020 12504 9800 2174 7626
is_linear=0
shrinkage=0.03


Tree=279
num_leaves=8
num_cat=0
split_feature=9 10 1 10 9 1 9
split_gain=0.0307158 0.115001 0.0866605 0.00419927 0.0448769 0.0250698 0.00652373
threshold=91.106719367588951 96.327493261455544 98.590129486597007 25.181159420289859 23.354978354978357 82.880143765820733 90.098039215686285
decision_type=2 2 2 2 2 2 2
left_child=1 3 -2 -1 5 -5 -6
right_child=2 -3 -4 4 6 -7 -8
leaf_value=-0.001088371228059109 0.0012700823307462022 0.0012700823307462022 0.0072857282179132074 -0.001088371228059109 2.3594969951685975e-06 2.3594969951685975e-06 0.0012700823307462022
leaf_weight=13.82414163686917 13.152377692284057 8.2677084462484327 1.1998342752922333 12.746960924589073 53.57311177169322 2.7215154910227275 0.46262215601745893
leaf_count=2704 1328 516 33 1796 7551 378 75
internal_value=2.75096e-05 -0.000178803 0.00127008 -0.000614478 -0.000506122 -0.00108837 2.3595e-06
internal_weight=105.948 91.5961 14.3522 83.3284 69.5042 15.4685 54.0357
internal_count=14381 13020 1361 12504 9800 2174 7626
is_linear=0
shrinkage=0.03


Tree=280
num_leaves=7
num_cat=0
split_feature=4 5 11 5 5 10
split_gain=0.127215 0.0159135 0.0629548 0.107088 0.0137003 0.00413309
threshold=99.799397992772711 99.799397992772711 3.6644892034113594 99.195979087375676 0.90304240004838821 97.99919967987195
decision_type=2 2 2 2 2 2
left_child=1 2 3 -1 -4 -6
right_child=-2 -3 4 -5 5 -7
leaf_value=-0.0065662995861725795 0.005330041170349532 0.0023460979451759086 -0.0026297866433760051 0.00031471630001408219 0.00031471630001408219 0.0010282075479394184
leaf_weight=2.2788050565868612 3.6254239510744801 2.1436661975458255 0.41637626383453508 0.38954957947134961 91.862412005517399 6.7946396364131934
leaf_count=522 38 24 83 5 13318 414
internal_value=0.000460743 0.000241615 0.000174871 -0.0036878 0.000314716 0.000353407
internal_weight=107.511 103.885 101.742 2.66835 99.0734 98.6571
internal_count=14404 14366 14342 527 13815 13732
is_linear=0
shrinkage=0.03


Tree=281
num_leaves=7
num_cat=0
split_feature=4 5 10 0 1 5
split_gain=0.112476 0.0149871 0.00673926 0.0987963 0.0225206 0.00623476
threshold=99.799397992772711 99.799397992772711 97.99919967987195 98.194581934954257 0.90304240004838821 0.90304240004838821
decision_type=2 2 2 2 2 2
left_child=1 2 4 -4 -1 -6
right_child=-2 -3 3 -5 5 -7
leaf_value=-0.0034789397511582236 0.0050405494326770687 0.0023026734569953442 0.00012096480879845154 0.0023026734569953442 -0.0018688974136889269 0.00012096480879845154
leaf_weight=0.56514568414422583 3.6306862093042573 2.1380704105831674 5.7664834087481713 1.2161247865296898 0.50152151612564821 93.657970841275528
leaf_count=90 38 24 415 14 108 13715
internal_value=0.000464403 0.00025786 0.000192873 0.00103101 0.000120965 0.000120965
internal_weight=107.476 103.845 101.707 6.98261 94.7246 94.1595
internal_count=14404 14366 14342 429 13913 13823
is_linear=0
shrinkage=0.03


Tree=282
num_leaves=8
num_cat=0
split_feature=4 1 5 11 5 5 10
split_gain=0.10869 0.0145521 0.0187287 0.0549995 0.0418885 0.0132485 0.000288098
threshold=99.799397992772711 0.90304240004838821 99.799397992772711 3.6644892034113594 99.195979087375676 0.90304240004838821 97.99919967987195
decision_type=2 2 2 2 2 2 2
left_child=1 -1 3 4 -3 -5 -7
right_child=-2 2 -4 5 -6 6 -8
leaf_value=-0.0022787194141768541 0.0049694977319146086 -0.0022787194141768541 0.0026585507007090385 -0.0022787194141768541 0.0003735899754994519 0.00038874924792703787 0.00063681866184691163
leaf_weight=1.0088464096479572 3.6127842238638541 2.2609491015318777 1.9676397778093804 0.41289665864314784 0.38955754786729802 91.299201283196453 6.5016391107346854
leaf_count=102 38 521 20 81 5 13231 406
internal_value=0.000461879 0.000259147 0.000305751 0.000234205 -0.00227872 0.00037359 0.000411519
internal_weight=107.454 103.841 102.832 100.864 2.65051 98.2137 97.8008
internal_count=14404 14366 14264 14244 526 13718 13637
is_linear=0
shrinkage=0.03


Tree=283
num_leaves=9
num_cat=0
split_feature=4 11 10 5 1 1 5 5
split_gain=0.0806621 0.014109 0.0151266 0.139762 0.0772239 0.0601421 0.0647248 0.0121538
threshold=99.799397992772711 1.2573632112710271 97.99919967987195 98.194581934954257 94.55095307917891 1.3046634004717841 99.799397992772711 0.90304240004838821
decision_type=2 2 2 2 2 2 2 2
left_child=1 -1 5 4 -4 -3 7 -7
right_child=-2 2 3 -5 -6 6 -8 -9
leaf_value=-0.0024813503389407607 0.0043371944824849209 -0.0024813503389407607 0.00021387948999116672 0.0043371944824849209 0.0043371944824849209 -0.0024813503389407607 0.0043371944824849209 0.00021387948999116672
leaf_weight=0.65075641189468925 3.6214571839664123 1.2451813033549104 4.4910474059870458 1.9421739270910618 0.86257821356412012 0.45104434387758274 1.6634420454502095 92.477094914007466
leaf_count=165 38 138 382 22 24 96 17 13522
internal_value=0.000457071 0.000281577 0.000322672 0.00155371 0.000213879 0.000213879 0.000213879 0.000212576
internal_weight=107.405 103.783 103.133 7.2958 5.35363 95.8368 94.5916 92.9281
internal_count=14404 14366 14201 428 406 13773 13635 13618
is_linear=0
shrinkage=0.03


Tree=284
num_leaves=6
num_cat=0
split_feature=4 11 0 0 5
split_gain=0.0764978 0.0141716 0.0075511 0.00656047 0.00217566
threshold=99.799397992772711 1.2573632112710271 99.799397992772711 1.3046634004717841 0.90304240004838821
decision_type=2 2 2 2 2
left_child=1 -1 3 4 -3
right_child=-2 2 -4 -5 -6
leaf_value=-0.0024848900483974879 0.0042425021258224917 -0.0020840241847551754 0.0019742889694002565 0.00031181506622087303 0.00022097300683844887
leaf_weight=0.64950400264933605 3.6038872965145847 0.41593814280349661 1.4730242332443584 100.97060748189688 0.26253175991587341
leaf_count=165 38 85 19 14034 63
internal_value=0.000456189 0.000285457 0.000326603 0.000283725 -0.00159184
internal_weight=107.375 103.772 103.122 101.649 0.67847
internal_count=14404 14366 14201 14182 148
is_linear=0
shrinkage=0.03


Tree=285
num_leaves=7
num_cat=0
split_feature=1 5 9 11 9 9
split_gain=0.174733 0.0222456 0.10477 0.0667821 0.0206548 0.0100845
threshold=0.50142139962499255 98.590129486597007 81.649831649831668 7.0210702529557123 13.3974358974359 96.720430107526894
decision_type=2 2 2 2 2 2
left_child=-1 3 -3 4 -2 -5
right_child=1 2 -4 5 -6 -7
leaf_value=-0.0093782326033458249 -0.0057450240062561385 0.00051237782355336792 0.0053444050768135512 0.00051237782355336792 -0.0011798178557300067 0.0017924100712317628
leaf_weight=0.57331476017134164 0.69497870781924476 11.037634657695888 4.0841269032098344 78.893448465532856 3.4879111000918783 6.7769214200088745
leaf_count=47 165 150 47 12518 818 531
internal_value=0.000561142 0.000703408 0.00173632 0.000512378 -0.00290043 0.000512378
internal_weight=105.548 104.975 15.1218 89.8533 4.18289 85.6704
internal_count=14276 14229 197 14032 983 13049
is_linear=0
shrinkage=0.03


Tree=286
num_leaves=7
num_cat=0
split_feature=1 5 11 9 9 9
split_gain=0.176625 0.0201191 0.110372 0.0979394 0.00873413 0.00370467
threshold=0.50142139962499255 98.590129486597007 7.0210702529557123 81.649831649831668 96.720430107526894 13.3974358974359
decision_type=2 2 2 2 2 2
left_child=-1 2 5 -3 -4 -2
right_child=1 3 4 -5 -6 -7
leaf_value=-0.0093819457987044195 -0.0056732603029141185 0.00080209903125263299 0.00069575605822334255 0.0052994901650719453 0.0017905413270056119 -0.002158955535536571
leaf_weight=0.57866373014985484 0.69032206083647807 11.044349457835773 78.854729132028297 4.0651081099640587 6.7798069833079344 3.4023967558168806
leaf_count=47 165 150 12518 47 531 818
internal_value=0.000595218 0.000738414 0.000555459 0.00172296 0.000802099 -0.00374932
internal_weight=105.415 104.837 89.7273 15.1095 85.6345 4.09272
internal_count=14276 14229 14032 197 13049 983
is_linear=0
shrinkage=0.03


Tree=287
num_leaves=5
num_cat=0
split_feature=1 5 11 5
split_gain=0.178215 0.0182803 0.104995 0.00131125
threshold=0.50142139962499255 98.590129486597007 7.0210702529557123 97.587937262126999
decision_type=2 2 2 2
left_child=-1 2 -2 -4
right_child=1 -3 3 -5
leaf_value=-0.0094071529490579349 -0.0036443249424483438 0.001676412956412122 0.00074731989344467196 0.0012476096649620802
leaf_weight=0.58545241528190572 4.0764791235269504 15.112216018140314 78.645901383482851 6.983144339057616
leaf_count=47 983 197 12919 130
internal_value=0.000592807 0.000737033 0.000562044 0.00080205
internal_weight=105.403 104.818 89.7055 85.629
internal_count=14276 14229 14032 13049
is_linear=0
shrinkage=0.03


Tree=288
num_leaves=4
num_cat=0
split_feature=1 5 11
split_gain=0.181906 0.0172687 0.0764064
threshold=0.50142139962499255 98.590129486597007 7.0210702529557123
decision_type=2 2 2
left_child=-1 2 -2
right_child=1 -3 -4
leaf_value=-0.0094915354486328242 -0.0030558363815985663 0.0016397143536244141 0.00075862681433752415
leaf_weight=0.59507936929003236 4.0222343724453813 15.098265728214754 85.658664883696474
leaf_count=47 983 197 13049
internal_value=0.000579569 0.000725956 0.000555734
internal_weight=105.374 104.779 89.6809
internal_count=14276 14229 14032
is_linear=0
shrinkage=0.03


Tree=289
num_leaves=3
num_cat=0
split_feature=9 5
split_gain=0.0149673 0.306055
threshold=91.106719367588951 97.587937262126999
decision_type=2 2
left_child=-1 -2
right_child=1 -3
leaf_value=0.00044241337999469078 0.00044241337999469078 0.0093246696082037641
leaf_weight=91.34871588923852 11.323365262185687 2.6974875470623365
leaf_count=12915 1325 36
internal_value=0.000592617 0.00147662
internal_weight=105.37 14.0209
internal_count=14276 1361
is_linear=0
shrinkage=0.03


Tree=290
num_leaves=5
num_cat=0
split_feature=1 9 5 5
split_gain=0.0475006 0.0136483 0.311186 0.00201146
threshold=0.90304240004838821 96.720430107526894 96.582911121346555 0.90304240004838821
decision_type=2 2 2 2
left_child=-1 3 -3 -2
right_child=1 2 -4 -5
leaf_value=-0.0037062461397935949 -0.00092804721373759228 0.00019504454671593924 0.011370400547796087 0.00019504454671593924
leaf_weight=1.7410866212740064 0.46539617830421676 5.627994562033563 1.3500603549182413 95.295615906303283
leaf_count=117 97 532 20 13462
internal_value=0.00019535 0.000296558 0.00149058 0.000195045
internal_weight=104.48 102.739 6.97805 95.761
internal_count=14228 14111 552 13559
is_linear=0
shrinkage=0.03


Tree=291
num_leaves=7
num_cat=0
split_feature=1 11 9 11 11 11
split_gain=0.045177 0.318646 0.00981408 0.183853 0.00828823 0.00569393
threshold=0.90304240004838821 94.763338093074594 96.720430107526894 46.088260859067539 89.346722907727511 1.0000040000160002
decision_type=2 2 2 2 2 2
left_child=1 -1 5 -4 -5 -2
right_child=2 -3 3 4 -6 -7
leaf_value=-0.013332690986629805 -0.0017942563288280504 0.00029242265392630744 0.00029242265392630744 0.0034025705159096945 0.008291233352350786 0.00029242265392630744
leaf_weight=0.77028421446448081 0.37755009188549493 0.97829717086278833 1.9900040198117483 3.8905696969013661 1.1054690153105182 95.361406242533121
leaf_count=55 98 62 257 242 53 13461
internal_value=0.000193601 -0.00360613 0.000292423 0.00134917 0.00568666 0.000292423
internal_weight=104.474 1.74858 102.725 6.98604 4.99604 95.739
internal_count=14228 117 14111 552 295 13559
is_linear=0
shrinkage=0.03


Tree=292
num_leaves=6
num_cat=0
split_feature=1 11 11 11 11
split_gain=0.0359563 0.297857 0.00283939 0.00255834 0.00204698
threshold=0.90304240004838821 94.763338093074594 3.6644892034113594 1.0000040000160002 99.44807354986996
decision_type=2 2 2 2 2
left_child=1 -1 3 -2 -4
right_child=2 -3 4 -5 -6
leaf_value=-0.012830175294353494 -0.0016337669216263772 0.0002411412811300257 0.00024685667336398745 0.0002411412811300257 0.0013097831835401383
leaf_weight=0.76385313467471749 0.39522135123843272 0.9804708732990548 99.595531763974577 1.9054173848708158 0.72225060826167364
leaf_count=55 102 62 13586 384 39
internal_value=0.000152779 -0.0032392 0.000241141 -0.000636778 0.000267361
internal_weight=104.363 1.74432 102.618 2.30064 100.318
internal_count=14228 117 14111 486 13625
is_linear=0
shrinkage=0.03


Tree=293
num_leaves=4
num_cat=0
split_feature=11 1 11
split_gain=0.0270706 0.0154541 0.0508365
threshold=99.44807354986996 0.90304240004838821 94.999979999920015
decision_type=2 2 2
left_child=1 2 -1
right_child=-2 -3 -4
leaf_value=-0.0056972535714630845 0.0037394862273106462 0.00013372496215406494 0.00013372496215406494
leaf_weight=0.76544583856593706 0.85067367134615679 101.99867105175508 0.75381193088833243
leaf_count=58 48 14072 50
internal_value=0.000142721 7.76682e-05 -0.00224502
internal_weight=104.369 103.518 1.51926
internal_count=14228 14180 108
is_linear=0
shrinkage=0.03


Tree=294
num_leaves=4
num_cat=0
split_feature=5 9 9
split_gain=0.000803867 0.0115035 0.000362724
threshold=0.90304240004838821 39.674334453347122 96.720430107526894
decision_type=2 2 2
left_child=1 -1 -2
right_child=2 -3 -4
leaf_value=-0.002812553235521582 0.00015109111661125226 0.00015109111661125226 0.00035805859340783802
leaf_weight=0.26721276837633823 96.718837457010522 0.2296654338715598 7.1539833948481819
leaf_count=45 13566 63 554
internal_value=0.000142441 -0.000558728 0.000151091
internal_weight=104.37 0.496878 103.873
internal_count=14228 108 14120
is_linear=0
shrinkage=0.03


Tree=295
num_leaves=7
num_cat=0
split_feature=1 10 4 1 11 11
split_gain=0.0868019 0.401853 0.413888 0.0463627 0.0555256 0.00136418
threshold=8.1322204076695126 91.11062335381915 97.587937262126999 98.590129486597007 25.075453328465382 99.44807354986996
decision_type=2 2 2 2 2 2
left_child=1 2 -1 5 -5 -2
right_child=3 -3 -4 4 -6 -7
leaf_value=-0.012032253667697536 0.00015084553087052561 0.00015084553087052561 0.00015084553087052561 0.00015084553087052561 0.0052492763083044633 0.0016071953596086884
leaf_weight=4.5370622795016953 90.928044898610096 3.4373904656386003 2.7086699775536545 1.0671633728779846 2.529467047075741 0.58900638925842841
leaf_count=879 12874 161 106 134 88 26
internal_value=-0.000147366 -0.00258806 -0.00723107 0.000150846 0.00316457 0.000150846
internal_weight=105.797 10.6831 7.24573 95.1137 3.59663 91.5171
internal_count=14268 1146 985 13122 222 12900
is_linear=0
shrinkage=0.03


Tree=296
num_leaves=5
num_cat=0
split_feature=1 4 4 1
split_gain=0.0653948 0.199478 0.0583407 0.0979932
threshold=98.590129486597007 13.754914413597051 99.799397992772711 8.1322204076695126
decision_type=2 2 2 2
left_child=2 -2 3 -1
right_child=1 -3 -4 -5
leaf_value=-0.0032688385892376956 -0.00027902605561279452 0.0086022646823374089 0.0034412027421198664 -0.00027902605561279452
leaf_weight=9.0741530641971604 1.5568110962631174 2.0567895802669227 2.6707552999723694 90.406389692623634
leaf_count=1128 150 72 30 12888
internal_value=-0.000123863 0.00337213 -0.000279026 -0.000412157
internal_weight=105.765 3.6136 102.151 99.4805
internal_count=14268 222 14046 14016
is_linear=0
shrinkage=0.03


Tree=297
num_leaves=7
num_cat=0
split_feature=1 4 4 1 11 11
split_gain=0.0347173 0.171761 0.059161 0.0643071 0.212178 0.00284962
threshold=98.590129486597007 29.045187148490538 99.799397992772711 8.1322204076695126 62.688131800914313 1.2573632112710271
decision_type=2 2 2 2 2 2
left_child=2 -2 3 4 -1 -5
right_child=1 -3 -4 5 -6 -7
leaf_value=-0.0076384650930206577 -0.00019440859317614709 0.0078975025902666505 0.0035383727595377176 -0.0018910297070699109 -0.00019440859317614709 -0.00019440859317614709
leaf_weight=3.5250471542240103 1.794626226765103 1.8602400013478471 2.6920543964952222 0.36495330044999619 5.4433257308846805 90.06034216308035
leaf_count=592 174 48 30 102 536 12786
internal_value=-8.0711e-05 0.00245455 -0.000194409 -0.000329748 -0.00264273 -0.000194409
internal_weight=105.741 3.65487 102.086 99.3937 8.96837 90.4253
internal_count=14268 222 14046 14016 1128 12888
is_linear=0
shrinkage=0.03


Tree=298
num_leaves=7
num_cat=0
split_feature=11 1 11 10 1 1
split_gain=0.0342063 0.0344947 0.0785565 0.0344895 0.00798572 0.00120095
threshold=99.44807354986996 98.590129486597007 25.075453328465382 72.318007662835257 8.1322204076695126 0.50142139962499255
decision_type=2 2 2 2 2 2
left_child=1 4 3 -3 5 -1
right_child=-2 2 -4 -5 -6 -7
leaf_value=-0.0019857869013391745 0.0040641786903995005 -0.0002205739588267199 0.0040641786903995005 0.0040641786903995005 -0.0002205739588267199 -0.00078020235278604573
leaf_weight=0.62388884156825852 0.79992946749552984 0.6024099346250289 2.5470079145161435 0.50755709805525839 91.101619755616412 9.553906454035312
leaf_count=52 46 98 88 36 12874 1074
internal_value=-3.72433e-05 -0.000106578 0.00241997 -0.000220574 -0.000220574 -0.00102515
internal_weight=105.736 104.936 3.65697 1.10997 101.279 10.1778
internal_count=14268 14222 222 134 14000 1126
is_linear=0
shrinkage=0.03


Tree=299
num_leaves=6
num_cat=0
split_feature=11 1 10 1 10
split_gain=0.0337369 0.0257243 0.0790731 0.00709057 0.20807
threshold=99.44807354986996 98.590129486597007 71.669952126161647 8.1322204076695126 91.11062335381915
decision_type=2 2 2 2 2
left_child=1 3 -3 4 -1
right_child=-2 2 -4 -5 -6
leaf_value=-0.0052289399527064226 0.0039887187797650048 -0.00025497970345536537 0.0039887187797650048 -0.00025497970345536537 -0.00025497970345536537
leaf_weight=6.8323344491072913 0.79738196963444252 2.0815851208753879 1.6165176447248084 91.05101182940416 3.3469825617794413
leaf_count=969 46 159 63 12874 157
internal_value=-8.82963e-05 -0.000156641 0.00201654 -0.00025498 -0.00101435
internal_weight=105.726 104.928 3.6981 101.23 10.1793
internal_count=14268 14222 222 14000 1126
is_linear=0
shrinkage=0.03


Tree=300
num_leaves=7
num_cat=0
split_feature=10 5 9 5 5 5
split_gain=0.0232509 0.0370408 0.00464707 0.00167434 0.00137531 5.01327e-05
threshold=97.68089053803341 98.194581934954257 97.720906544435977 99.799397992772711 0.90304240004838821 0.50142139962499255
decision_type=2 2 2 2 2 2
left_child=2 -2 3 4 5 -1
right_child=1 -3 -4 -5 -6 -7
leaf_value=-0.00080618334881316447 0.00048458878236570037 0.004667078843711839 0.00048458878236570037 0.00048458878236570037 0.00022042639175656785 -4.8104172499299389e-05
leaf_weight=0.23952410579658945 5.6716368327033697 2.0953159304335713 5.620350426528602 2.7800881115254006 89.429764029075159 0.22787114040693268
leaf_count=54 438 22 442 32 13332 50
internal_value=0.000530667 0.00201656 0.000394134 0.000248313 0.00020765 -0.000721244
internal_weight=106.065 7.76695 98.2976 92.6772 89.8972 0.467395
internal_count=14370 460 13910 13468 13436 104
is_linear=0
shrinkage=0.03


Tree=301
num_leaves=3
num_cat=0
split_feature=10 9
split_gain=0.0224201 0.0297159
threshold=97.68089053803341 97.720906544435977
decision_type=2 2
left_child=1 -1
right_child=-2 -3
leaf_value=0.00025246229602147329 0.0019907386161869345 0.0019907386161869345
leaf_weight=92.672938252304448 7.7599935618345617 5.6198241735692127
leaf_count=13468 460 442
internal_value=0.000530737 0.000396585
internal_weight=106.053 98.2928
internal_count=14370 13910
is_linear=0
shrinkage=0.03


Tree=302
num_leaves=6
num_cat=0
split_feature=10 5 5 5 5
split_gain=0.0176543 0.0375507 0.00205385 0.00185863 0.000203469
threshold=97.68089053803341 98.194581934954257 99.799397992772711 0.90304240004838821 0.50142139962499255
decision_type=2 2 2 2 2
left_child=2 -2 3 4 -1
right_child=1 -3 -4 -5 -6
leaf_value=-0.00087355529456657071 0.0004160096997504348 0.004507592088701968 0.0011290048010488228 0.00039678110601405693 1.8520050419280752e-05
leaf_weight=0.24601613957201962 5.7013142702635369 2.0806458317674696 2.7792671688366672 95.000766419747379 0.23235799005487934
leaf_count=56 438 22 32 13770 52
internal_value=0.000536057 0.00183186 0.00041601 0.000383768 -0.000720819
internal_weight=106.04 7.78196 98.2584 95.4791 0.478374
internal_count=14370 460 13910 13878 108
is_linear=0
shrinkage=0.03


Tree=303
num_leaves=2
num_cat=0
split_feature=10
split_gain=0.016975
threshold=97.68089053803341
decision_type=2
left_child=-1
right_child=-2
leaf_value=0.00041642046774590952 0.0018051816681170828
leaf_weight=98.253407114651054 7.7817673801910123
leaf_count=13910 460
internal_value=0.000534253
internal_weight=106.035
internal_count=14370
is_linear=0
shrinkage=0.03


Tree=304
num_leaves=2
num_cat=0
split_feature=10
split_gain=0.0122983
threshold=97.68089053803341
decision_type=2
left_child=-1
right_child=-2
leaf_value=0.0004226489104420673 0.0016078246810905289
leaf_weight=98.211992442084011 7.7887197029194786
leaf_count=13910 460
internal_value=0.000523946
internal_weight=106.001
internal_count=14370
is_linear=0
shrinkage=0.03


Tree=305
num_leaves=5
num_cat=0
split_feature=1 9 1 9
split_gain=0.106194 0.147792 0.00435297 0.00341722
threshold=98.590129486597007 56.711711711711722 0.90304240004838821 7.3268921095008057
decision_type=2 2 2 2
left_child=2 -2 -1 -4
right_child=1 -3 3 -5
leaf_value=-0.0012225167933747152 -1.6818736379832092e-05 0.0086961144397348297 -0.00060675148929747655 -1.6818736379832092e-05
leaf_weight=1.6951468134066079 1.4302024572389194 2.0663777138106525 8.1398905087262374 92.386944205849431
leaf_count=111 126 86 793 13166
internal_value=0.000181498 0.00469363 -1.68187e-05 -1.68187e-05
internal_weight=105.719 3.49658 102.222 100.527
internal_count=14282 212 14070 13959
is_linear=0
shrinkage=0.03


Tree=306
num_leaves=6
num_cat=0
split_feature=9 11 10 11 11
split_gain=0.00345052 0.0374077 0.00139679 0.0541049 0.0073373
threshold=91.106719367588951 25.075453328465382 53.78874856486798 44.321707931993025 18.007935062043284
decision_type=2 2 2 2 2
left_child=2 -2 3 -1 -4
right_child=1 -3 4 -5 -6
leaf_value=-0.001698016431869452 0.0001045853337087982 0.0018324681127775749 -0.00093547206289138732 0.0001045853337087982 0.0001045853337087982
leaf_weight=14.379393106122732 3.06972639390733 11.508325666334711 6.0925230703433035 27.625545584072825 43.018980371824
leaf_count=2998 429 933 899 4400 4623
internal_value=0.000176401 0.00058974 0.000104585 -6.71299e-05 0.000104585
internal_weight=105.694 14.5781 91.1164 42.0049 49.1115
internal_count=14282 1362 12920 7398 5522
is_linear=0
shrinkage=0.03


Tree=307
num_leaves=4
num_cat=0
split_feature=9 11 9
split_gain=0.00213109 0.0330432 0.000570507
threshold=91.106719367588951 25.075453328465382 2.6500526500526504
decision_type=2 2 2
left_child=2 -2 -1
right_child=1 -3 -4
leaf_value=-0.00039994690785444107 0.00011704903337480334 0.0017172606089083016 0.00011704903337480334
leaf_weight=0.97226675105048244 3.0698506183689451 11.508464359882053 90.107505722146016
leaf_count=171 429 933 12749
internal_value=0.000173993 0.000499409 0.000117049
internal_weight=105.658 14.5783 91.0798
internal_count=14282 1362 12920
is_linear=0
shrinkage=0.03


Tree=308
num_leaves=4
num_cat=0
split_feature=9 11 9
split_gain=0.000848991 0.0265133 0.000603214
threshold=91.106719367588951 25.075453328465382 2.6500526500526504
decision_type=2 2 2
left_child=2 -2 -1
right_child=1 -3 -4
leaf_value=-0.00039020860179073483 0.00014438350993001303 0.001550143529391488 0.00014438350993001303
leaf_weight=0.97257395193446328 3.0672500376822418 11.5571512725146 89.983178261783905
leaf_count=171 429 933 12749
internal_value=0.000181545 0.000388633 0.000144384
internal_weight=105.58 14.6244 90.9558
internal_count=14282 1362 12920
is_linear=0
shrinkage=0.03


Tree=309
num_leaves=5
num_cat=0
split_feature=1 11 1 11
split_gain=0.112129 0.156391 0.00303659 0.0999531
threshold=98.590129486597007 25.075453328465382 0.90304240004838821 96.165485500162944
decision_type=2 2 2 2
left_child=2 -2 3 -1
right_child=1 -3 -4 -5
leaf_value=-0.0071599429116329738 -9.4419980932237475e-05 0.0080514511847374036 -9.4419980932237475e-05 -9.4419980932237475e-05
leaf_weight=0.85708222308312432 0.92150902713183258 2.7108198491623625 100.22227059255238 0.83701266191201285
leaf_count=63 122 90 13959 48
internal_value=0.000112147 0.00467722 -9.442e-05 -0.00110324
internal_weight=105.549 3.63233 101.916 1.69409
internal_count=14282 212 14070 111
is_linear=0
shrinkage=0.03


Tree=310
num_leaves=2
num_cat=0
split_feature=11
split_gain=0.000343473
threshold=99.648389520977446
decision_type=2
left_child=-1
right_child=-2
leaf_value=-0.00014172154282386255 0.00034217147537795326
leaf_weight=107.50021592056146 0.4175823531113555
leaf_count=14378 21
internal_value=-0.000136725
internal_weight=107.918
internal_count=14399
is_linear=0
shrinkage=0.03


Tree=311
num_leaves=2
num_cat=0
split_feature=11
split_gain=0.000334074
threshold=99.648389520977446
decision_type=2
left_child=-1
right_child=-2
leaf_value=-0.00014166443973397946 0.00033600096062349604
leaf_weight=107.50038353225682 0.41725098132155736
leaf_count=14378 21
internal_value=-0.00013675
internal_weight=107.918
internal_count=14399
is_linear=0
shrinkage=0.03


Tree=312
num_leaves=2
num_cat=0
split_feature=11
split_gain=0.000326174
threshold=99.648389520977446
decision_type=2
left_child=-1
right_child=-2
leaf_value=-0.00014161761476786693 0.00033075165408529537
leaf_weight=107.50051683594938 0.41695463750511308
leaf_count=14378 21
internal_value=-0.000136773
internal_weight=107.917
internal_count=14399
is_linear=0
shrinkage=0.03


Tree=313
num_leaves=2
num_cat=0
split_feature=11
split_gain=0.000241142
threshold=99.648389520977446
decision_type=2
left_child=-1
right_child=-2
leaf_value=-0.00014071960038261461 0.00026944745180830986
leaf_weight=107.49922880798113 0.41833076626062293
leaf_count=14378 21
internal_value=-0.00013667
internal_weight=107.918
internal_count=14399
is_linear=0
shrinkage=0.03


Tree=314
num_leaves=2
num_cat=0
split_feature=11
split_gain=0.000236819
threshold=99.648389520977446
decision_type=2
left_child=-1
right_child=-2
leaf_value=-0.00014060706633347455 0.00026618321662997982
leaf_weight=107.49951164546655 0.41803799523040552
leaf_count=14378 21
internal_value=-0.000136602
internal_weight=107.918
internal_count=14399
is_linear=0
shrinkage=0.03


Tree=315
num_leaves=3
num_cat=0
split_feature=11 1
split_gain=0.0196906 0.0082132
threshold=3.6644892034113594 10.541946410209885
decision_type=2 2
left_child=-1 -2
right_child=1 -3
leaf_value=-0.0025420589361403998 -0.00091490531638533398 -0.00014563862574775745
leaf_weight=2.5260714074829584 13.643947811564429 89.289305463898927
leaf_count=502 1458 12315
internal_value=-0.000333563 -0.000255428
internal_weight=105.459 102.933
internal_count=14275 13773
is_linear=0
shrinkage=0.03


Tree=316
num_leaves=2
num_cat=0
split_feature=11
split_gain=0.0190752
threshold=3.6644892034113594
decision_type=2
left_child=-1
right_child=-2
leaf_value=-0.0025172168480420316 -0.00026487048120266436
leaf_weight=2.5223055353853843 102.99285269074608
leaf_count=502 13773
internal_value=-0.000341839
internal_weight=105.515
internal_count=14275
is_linear=0
shrinkage=0.03


Tree=317
num_leaves=2
num_cat=0
split_feature=1
split_gain=0.000139618
threshold=10.541946410209885
decision_type=2
left_child=-1
right_child=-2
leaf_value=-0.00045737706276579204 -0.00032003012393823366
leaf_weight=13.866816920140989 91.64859834627714
leaf_count=1500 12775
internal_value=-0.000342205
internal_weight=105.515
internal_count=14275
is_linear=0
shrinkage=0.03


Tree=318
num_leaves=3
num_cat=0
split_feature=11 1
split_gain=0.0190538 0.00799046
threshold=3.6644892034113594 10.541946410209885
decision_type=2 2
left_child=-1 -2
right_child=1 -3
leaf_value=-0.002517589470025615 -0.00091653528414049076 -0.00015749242682304974
leaf_weight=2.5205398706602855 13.646704295882953 89.347308968950529
leaf_count=502 1458 12315
internal_value=-0.000342831 -0.000265912
internal_weight=105.515 102.994
internal_count=14275 13773
is_linear=0
shrinkage=0.03


Tree=319
num_leaves=2
num_cat=0
split_feature=11
split_gain=0.0184679
threshold=3.6644892034113594
decision_type=2
left_child=-1
right_child=-2
leaf_value=-0.002484945213254844 -0.0002668724009903667
leaf_weight=2.5170609981869339 103.00778487793286
leaf_count=502 13773
internal_value=-0.00034261
internal_weight=105.525
internal_count=14275
is_linear=0
shrinkage=0.03


Tree=320
num_leaves=9
num_cat=0
split_feature=10 11 11 11 9 11 10 10
split_gain=0.132318 0.107414 0.0931727 0.0212886 0.0192158 0.00424643 0.00128678 0.00018918
threshold=74.813432835820905 75.478276743336991 96.99096989159041 98.893355680787678 9.5564253098499687 2.2199820788530471 96.327493261455544 75.162337662337677
decision_type=2 2 2 2 2 2 2 2
left_child=2 5 4 -3 -1 -2 7 -7
right_child=1 3 -4 -5 -6 6 -8 -9
leaf_value=-0.0028261741579585901 -0.0010286820152722673 0.0029776659883642143 0.0029776659883642143 0.0065331484116023268 -0.0010286820152722673 -0.00040385014104554507 0.00040627527897906375 -6.5684495400392912e-05
leaf_weight=5.4879166171303941 0.59357809345239232 15.708367988641841 3.6095203278237014 1.2170073797460634 55.219447117095115 0.7150861555710496 4.9265887061483218 17.626085467345547
leaf_count=646 73 854 309 43 9889 70 418 1986
internal_value=-9.65626e-05 0.00122272 -0.000939097 0.00297767 -0.00123434 -9.18103e-05 2.02632e-05 -9.90676e-05
internal_weight=105.104 40.7867 64.3169 16.9254 60.7074 23.8613 23.2678 18.3412
internal_count=14288 3444 10844 897 10535 2547 2474 2056
is_linear=0
shrinkage=0.03


Tree=321
num_leaves=6
num_cat=0
split_feature=10 11 11 11 11
split_gain=0.134098 0.109131 0.0486585 0.0305311 0.00423877
threshold=74.813432835820905 75.478276743336991 96.99096989159041 98.893355680787678 2.2199820788530471
decision_type=2 2 2 2 2
left_child=2 4 -1 -3 -2
right_child=1 3 -4 -5 -6
leaf_value=-0.0012524787790402583 -0.0012524787790402583 0.0022535176693393453 0.0019575685846076329 0.0065144720379633108 -7.4175980196864715e-05
leaf_weight=60.58553584603942 0.59467294695788098 15.703766711871141 3.6846908098668782 1.2126802640268568 23.264820531592704
leaf_count=10535 73 854 309 43 2474
internal_value=-0.000193469 0.00113576 -0.00104127 0.00290552 -0.000185415
internal_weight=105.046 40.7759 64.2702 16.9164 23.8595
internal_count=14288 3444 10844 897 2547
is_linear=0
shrinkage=0.03


Tree=322
num_leaves=6
num_cat=0
split_feature=11 9 11 9 11
split_gain=0.086916 0.00653933 0.137558 0.00309031 0.000692925
threshold=99.44807354986996 96.720430107526894 79.258585444804567 2.6500526500526504 1.0000040000160002
decision_type=2 2 2 2 2
left_child=1 3 -3 -1 -5
right_child=-2 2 -4 4 -6
leaf_value=-0.0016258169711016455 0.0061127604039845204 -0.00039701902857603816 0.0051778836634276031 -0.001201715277616611 -0.00039701902857603816
leaf_weight=0.9463667125091878 0.92129324714187433 4.7760240864008656 3.1990568023175001 0.33128419116837804 94.920392107771477
leaf_count=168 45 438 121 83 13433
internal_value=-0.000214374 -0.000327919 0.00045695 -0.000397019 -0.000397019
internal_weight=105.094 104.173 7.97508 96.198 95.2517
internal_count=14288 14243 559 13684 13516
is_linear=0
shrinkage=0.03


Tree=323
num_leaves=10
num_cat=0
split_feature=11 10 11 10 11 11 9 9 10
split_gain=0.153854 0.15078 0.135076 0.0847142 0.0755379 0.0365477 0.0105673 0.00645473 0.000508685
threshold=99.44807354986996 74.813432835820905 75.478276743336991 85.912698412698418 82.83282831926509 96.99096989159041 96.720430107526894 9.5564253098499687 96.327493261455544
decision_type=2 2 2 2 2 2 2 2 2
left_child=1 5 8 4 -4 6 7 -1 -3
right_child=-2 2 3 -5 -6 -7 -8 -9 -10
leaf_value=-0.0025766605705478387 0.0080332857118525919 -0.00040932771070860071 -0.00040932771070860071 0.0044802842368778508 0.0031538794610820472 0.0015712849499106211 -0.00040932771070860071 -0.0013847353599104725 -9.3575818717996431e-05
leaf_weight=5.4429356934851958 1.0041893639136095 18.524452934274471 1.3714518694905589 10.945208597986491 4.4895766098052263 3.0747557448921716 3.8094967666547737 51.147080146532971 5.2725215837126589
leaf_count=646 45 2108 101 530 255 275 378 9511 439
internal_value=-0.000203697 -0.000358866 0.00105321 0.00303079 6.5438e-05 -0.00126447 -0.00143207 -0.00154213 -0.000409328
internal_weight=105.082 104.077 40.6032 16.8062 5.86103 63.4743 60.3995 56.59 23.797
internal_count=14288 14243 3433 886 356 10810 10535 10157 2547
is_linear=0
shrinkage=0.03


Tree=324
num_leaves=5
num_cat=0
split_feature=11 9 11 11
split_gain=0.142393 0.00395149 0.132734 0.000821826
threshold=99.44807354986996 96.720430107526894 79.258585444804567 1.0000040000160002
decision_type=2 2 2 2
left_child=1 3 -3 -1
right_child=-2 2 -4 -5
leaf_value=-0.0011964312077937208 0.00777017294662612 -0.00038145249781998473 0.0050169593449838337 -0.00038145249781998473
leaf_weight=0.33267406182130699 0.99184095929376681 4.8095448170788568 3.2415448600659147 95.598639238771284
leaf_count=84 45 438 121 13600
internal_value=-0.000178626 -0.000327737 0.000283725 -0.000381452
internal_weight=104.974 103.982 8.05109 95.9313
internal_count=14288 14243 559 13684
is_linear=0
shrinkage=0.03


Tree=325
num_leaves=3
num_cat=0
split_feature=5 1
split_gain=0.00951664 0.00127767
threshold=99.596366894754013 0.90304240004838821
decision_type=2 2
left_child=1 -1
right_child=-2 -3
leaf_value=-0.00056648331173376175 0.0014203552068058978 0.00037613544877579034
leaf_weight=0.46496172164915961 7.5765741032082579 96.714019681036007
leaf_count=103 83 14104
internal_value=0.000454876 0.000365901
internal_weight=104.756 97.179
internal_count=14290 14207
is_linear=0
shrinkage=0.03


Tree=326
num_leaves=4
num_cat=0
split_feature=11 11 11
split_gain=0.0129762 0.00384424 0.00302594
threshold=99.44807354986996 1.0000040000160002 75.478276743336991
decision_type=2 2 2
left_child=1 -1 -3
right_child=-2 2 -4
leaf_value=-0.0012068407232715547 0.0029017013228254908 0.00028607734073146928 0.00062634399827498786
leaf_weight=0.38280233961995591 0.94141607836354424 63.456642830540659 39.966168919752818
leaf_count=100 44 10680 3466
internal_value=0.00045451 0.000404842 0.000422307
internal_weight=104.747 103.806 103.423
internal_count=14290 14246 14146
is_linear=0
shrinkage=0.03


Tree=327
num_leaves=5
num_cat=0
split_feature=11 1 11 11
split_gain=0.0130573 0.0253522 0.00373685 0.000267413
threshold=99.44807354986996 0.50142139962499255 1.0000040000160002 75.478276743336991
decision_type=2 2 2 2
left_child=1 -1 -3 -4
right_child=-2 2 3 -5
leaf_value=-0.0032198805909434513 0.0029119920835884213 -0.0011397703593293664 0.00042242375484473273 0.00055991906205301646
leaf_weight=0.72222724425955576 0.94106074399314721 0.38095310976495866 63.328685627668165 39.366130260168575
leaf_count=54 44 100 10662 3430
internal_value=0.000456868 0.000407034 0.000463141 0.000480021
internal_weight=104.739 103.798 103.076 102.695
internal_count=14290 14246 14192 14092
is_linear=0
shrinkage=0.03


Tree=328
num_leaves=4
num_cat=0
split_feature=11 1 11
split_gain=0.0371751 0.0248309 0.00364407
threshold=99.44807354986996 0.50142139962499255 1.0000040000160002
decision_type=2 2 2
left_child=1 -1 -3
right_child=-2 2 -4
leaf_value=-0.0032077819441323637 0.0044893127055533055 -0.0011457881549385848 0.00044881602683114825
leaf_weight=0.72565857123117794 1.0284381274832401 0.38063866022275661 102.61489700403763
leaf_count=54 44 100 14092
internal_value=0.000458563 0.000376109 0.000431962
internal_weight=104.75 103.721 102.996
internal_count=14290 14246 14192
is_linear=0
shrinkage=0.03


Tree=329
num_leaves=4
num_cat=0
split_feature=11 11 11
split_gain=0.0356575 0.00402566 0.00289463
threshold=99.44807354986996 75.478276743336991 1.0000040000160002
decision_type=2 2 2
left_child=1 2 -1
right_child=-2 -3 -4
leaf_value=-0.0011524186103077732 0.0044107779166381589 0.00061051561262621013 0.00024902253144501625
leaf_weight=0.38030118145979841 1.0226464351871971 39.849550534272566 63.498617381817894
leaf_count=100 44 3466 10680
internal_value=0.000457032 0.000376308 0.000223045
internal_weight=104.751 103.728 63.8789
internal_count=14290 14246 10780
is_linear=0
shrinkage=0.03


Tree=330
num_leaves=7
num_cat=0
split_feature=10 3 11 11 9 3
split_gain=0.0983015 0.0912442 0.158359 0.113013 0.0299709 0.00608901
threshold=2.3191094619666051 99.195979087375676 7.4521727137015654 82.477323619134168 12.701612903225808 96.582911121346555
decision_type=2 2 2 2 2 2
left_child=-1 2 4 -3 -2 -4
right_child=1 3 5 -5 -6 -7
leaf_value=-0.0071816295407735771 -0.0071816295407735771 0.00022511414090003312 -4.8269696619758631e-05 0.0060503667667585297 -0.0024533919561772984 0.00022511414090003312
leaf_weight=0.63442080037202586 0.72803583100903679 5.6302011613734049 73.0016171997122 4.1846300628967583 3.4594035951886326 17.809279766282998
leaf_count=134 156 70 12664 49 863 335
internal_value=0.000121243 0.000232899 -6.36772e-05 0.00284394 -0.00516263 0.000225114
internal_weight=105.448 104.813 94.9983 9.81483 4.18744 90.8109
internal_count=14271 14137 14018 119 1019 12999
is_linear=0
shrinkage=0.03


Tree=331
num_leaves=7
num_cat=0
split_feature=10 3 11 11 9 3
split_gain=0.096977 0.0824435 0.125222 0.104166 0.042669 0.00647536
threshold=2.3191094619666051 99.195979087375676 7.4521727137015654 82.477323619134168 12.701612903225808 96.582911121346555
decision_type=2 2 2 2 2 2
left_child=-1 2 4 -3 -2 -4
right_child=1 3 5 -5 -6 -7
leaf_value=-0.0071380971456479654 -0.0071380971456479654 0.00020558662013465723 -7.5963490464333458e-05 0.0058090916616779249 -0.0018762386512480161 0.00020558662013465723
leaf_weight=0.63189695618348096 0.72001407144125451 5.6288219606503826 73.051398351584794 4.1545655173249543 3.4125347431399859 17.813656790647656
leaf_count=134 156 70 12664 49 863 335
internal_value=0.000121098 0.000231942 -4.97133e-05 0.00271783 -0.00460952 0.000205587
internal_weight=105.413 104.781 94.9976 9.78339 4.13255 90.8651
internal_count=14271 14137 14018 119 1019 12999
is_linear=0
shrinkage=0.03


Tree=332
num_leaves=6
num_cat=0
split_feature=10 3 5 1 9
split_gain=0.0930503 0.072308 0.0249876 0.0165164 0.00225207
threshold=2.3191094619666051 99.195979087375676 99.596366894754013 42.756509910610184 2.6500526500526504
decision_type=2 2 2 2 2
left_child=3 4 -3 -1 -2
right_child=1 2 -4 -5 -6
leaf_value=-0.0086068941997985149 -0.00030120289202225324 0.00062654312511664905 0.003753286036603614 -0.00030120289202225324 2.7476110383263535e-06
leaf_weight=0.2763733840547492 0.76321403309702773 4.314996612723915 5.4424938559532166 0.34976135066244751 94.22010748059256
leaf_count=53 140 63 56 81 13878
internal_value=0.000117782 0.000226217 0.00255734 -0.00700567 -3.74051e-05
internal_weight=105.367 104.741 9.75749 0.626135 94.9833
internal_count=14271 14137 119 134 14018
is_linear=0
shrinkage=0.03


Tree=333
num_leaves=5
num_cat=0
split_feature=3 11 11 9
split_gain=0.0694545 0.0924479 0.0835141 0.0492843
threshold=99.195979087375676 82.477323619134168 7.4521727137015654 7.8176725235548767
decision_type=2 2 2 2
left_child=2 -2 3 -1
right_child=1 -3 -4 -5
leaf_value=-0.0086898970940220768 -0.00012629255715319957 0.0053385088181933989 -0.00012629255715319957 -0.0015623619070282127
leaf_weight=0.50073675165185605 5.6204365745652449 4.112785033416003 91.542595412785886 3.6033615496126004
leaf_count=106 72 49 13121 923
internal_value=0.000129206 0.00241779 -0.000126293 -0.00396414
internal_weight=105.38 9.73322 95.6467 4.1041
internal_count=14271 121 14150 1029
is_linear=0
shrinkage=0.03


Tree=334
num_leaves=7
num_cat=0
split_feature=10 3 11 11 9 3
split_gain=0.0921179 0.0597743 0.0954102 0.0819519 0.0233083 0.00702627
threshold=2.3191094619666051 99.195979087375676 7.4521727137015654 82.477323619134168 6.0661764705882364 94.55095307917891
decision_type=2 2 2 2 2 2
left_child=-1 2 4 -3 -2 -4
right_child=1 3 5 -5 -6 -7
leaf_value=-0.0069636413740973959 -0.0069636413740973959 0.00021601327413046429 -0.00010225186663404047 0.0051276079263418289 -0.0020568294081274021 0.00021601327413046429
leaf_weight=0.62497334543149818 0.34881757094990362 5.6120197407435608 61.890079140022863 4.0986388372257352 3.7181489295326173 29.065687056281604
leaf_count=134 72 70 12384 49 947 615
internal_value=0.000126786 0.000234556 -4.87118e-06 0.00235916 -0.00401254 0.000216013
internal_weight=105.358 104.733 95.0227 9.71066 4.06697 90.9558
internal_count=14271 14137 14018 119 1019 12999
is_linear=0
shrinkage=0.03


Tree=335
num_leaves=2
num_cat=0
split_feature=11
split_gain=0.00097652
threshold=99.347668299764123
decision_type=2
left_child=-1
right_child=-2
leaf_value=0.00073263830469042239 0.0015578038616774002
leaf_weight=104.95945385249797 1.166122312308288
leaf_count=14178 67
internal_value=0.000756163
internal_weight=106.126
internal_count=14245
is_linear=0
shrinkage=0.03


Tree=336
num_leaves=2
num_cat=0
split_feature=1
split_gain=0.0148768
threshold=98.590129486597007
decision_type=2
left_child=-1
right_child=-2
leaf_value=0.00066289087748791942 0.0024775285873048143
leaf_weight=102.66644775232999 3.4126906375167883
leaf_count=14034 211
internal_value=0.000743862
internal_weight=106.079
internal_count=14245
is_linear=0
shrinkage=0.03


Tree=337
num_leaves=3
num_cat=0
split_feature=11 1
split_gain=0.00635676 0.0183935
threshold=1.0000040000160002 98.590129486597007
decision_type=2 2
left_child=-1 -2
right_child=1 -3
leaf_value=-0.0013883807645336213 0.00064387728460781372 0.002669408037591631
leaf_weight=0.40180960646830399 102.37704909377499 3.3391349584562695
leaf_count=110 13950 185
internal_value=0.000711354 0.00073227
internal_weight=106.118 105.716
internal_count=14245 14135
is_linear=0
shrinkage=0.03


Tree=338
num_leaves=2
num_cat=0
split_feature=1
split_gain=0.0073078
threshold=98.590129486597007
decision_type=2
left_child=-1
right_child=-2
leaf_value=0.00068117431720371164 0.0019705230904238174
leaf_weight=102.58725768135628 3.4686406659893683
leaf_count=14034 211
internal_value=0.000741356
internal_weight=106.056
internal_count=14245
is_linear=0
shrinkage=0.03


Tree=339
num_leaves=2
num_cat=0
split_feature=1
split_gain=0.00748164
threshold=98.590129486597007
decision_type=2
left_child=-1
right_child=-2
leaf_value=0.00068109758027652385 0.0019823647583610978
leaf_weight=102.57716864629765 3.4847844738978884
leaf_count=14034 211
internal_value=0.000741969
internal_weight=106.062
internal_count=14245
is_linear=0
shrinkage=0.03


Tree=340
num_leaves=5
num_cat=0
split_feature=11 1 9 9
split_gain=0.00428642 0.0103303 0.21435 8.24837e-05
threshold=1.0000040000160002 98.590129486597007 59.87012987012988 2.6500526500526504
decision_type=2 2 2 2
left_child=-1 3 -3 -2
right_child=1 2 -4 -5
leaf_value=-0.001311699656633045 2.1678979250756639e-05 0.00035277979462179063 0.0083579266427455008 0.00035277979462179063
leaf_weight=0.35594500420847808 0.81239639560226251 1.5056488361442455 2.1669973753159866 99.67866418819176
leaf_count=96 157 115 83 13828
internal_value=0.000402563 0.000420838 0.00180901 0.00035278
internal_weight=104.52 104.164 3.67265 100.491
internal_count=14279 14183 198 13985
is_linear=0
shrinkage=0.03


Tree=341
num_leaves=2
num_cat=0
split_feature=5
split_gain=0.00948196
threshold=99.596366894754013
decision_type=2
left_child=-1
right_child=-2
leaf_value=0.00031297238369923922 0.0014093300172056135
leaf_weight=97.654993693053257 6.8012440919410428
leaf_count=14202 77
internal_value=0.000397044
internal_weight=104.456
internal_count=14279
is_linear=0
shrinkage=0.03


Tree=342
num_leaves=3
num_cat=0
split_feature=5 9
split_gain=0.00916163 0.000566683
threshold=99.596366894754013 96.720430107526894
decision_type=2 2
left_child=1 -1
right_child=-2 -3
leaf_value=0.00028684436918740262 0.0013926015553840075 0.00056573459247841065
leaf_weight=90.113906848768238 6.7902414198033503 7.5437688846141091
leaf_count=13629 77 573
internal_value=0.000396572 0.000313904
internal_weight=104.448 97.6577
internal_count=14279 14202
is_linear=0
shrinkage=0.03


Tree=343
num_leaves=2
num_cat=0
split_feature=5
split_gain=0.00907805
threshold=99.596366894754013
decision_type=2
left_child=-1
right_child=-2
leaf_value=0.00033801967376116855 0.0014133340855848292
leaf_weight=97.606260376924183 6.787454829318448
leaf_count=14202 77
internal_value=0.000420681
internal_weight=104.394
internal_count=14279
is_linear=0
shrinkage=0.03


Tree=344
num_leaves=2
num_cat=0
split_feature=5
split_gain=0.00890064
threshold=99.596366894754013
decision_type=2
left_child=-1
right_child=-2
leaf_value=0.00033835633166654644 0.0014038538948856084
leaf_weight=97.608025970548624 6.7788615867029867
leaf_count=14202 77
internal_value=0.000420214
internal_weight=104.387
internal_count=14279
is_linear=0
shrinkage=0.03


Tree=345
num_leaves=6
num_cat=0
split_feature=11 9 10 10 10
split_gain=0.0151163 0.003455 0.0109121 0.00195561 0.000118345
threshold=99.44807354986996 2.6500526500526504 1.6896648831315124 63.299319727891167 13.383084577114429
decision_type=2 2 2 2 2
left_child=1 -1 -3 4 -4
right_child=-2 2 3 -5 -6
leaf_value=-0.00098953006987473877 0.0030270618542326336 -0.00098953006987473877 9.1312904735130261e-05 0.00049216736309511393 0.00024381539992242754
leaf_weight=0.89559955781442013 0.87948781775776197 0.45047420111950387 6.8736735103302626 52.261998776346445 45.485914411314297
leaf_count=173 46 57 1444 4943 7753
internal_value=0.000351219 0.00030092 0.000321144 0.000362301 0.000225882
internal_weight=106.847 105.968 105.072 104.622 52.3596
internal_count=14416 14370 14197 14140 9197
is_linear=0
shrinkage=0.03


Tree=346
num_leaves=4
num_cat=0
split_feature=11 10 10
split_gain=0.0141346 0.0007077 7.20876e-05
threshold=99.44807354986996 63.299319727891167 1.6896648831315124
decision_type=2 2 2
left_child=1 2 -1
right_child=-2 -3 -4
leaf_value=-3.3149958615754949e-05 0.0029591761544059611 0.0003983552934583005 0.00023706661477569148
leaf_weight=0.66974664380540971 0.87479014147538592 52.463637826236663 52.88455094746314
leaf_count=90 46 4975 9305
internal_value=0.0003667 0.000317857 0.000233142
internal_weight=106.893 106.018 53.5543
internal_count=14416 14370 9395
is_linear=0
shrinkage=0.03


Tree=347
num_leaves=4
num_cat=0
split_feature=11 10 10
split_gain=0.0137434 0.000612496 7.39836e-05
threshold=99.44807354986996 63.299319727891167 1.6896648831315124
decision_type=2 2 2
left_child=1 2 -1
right_child=-2 -3 -4
leaf_value=-3.2142603246313591e-05 0.0029263028453100025 0.00039461621187866232 0.00024317690416072053
leaf_weight=0.66990351740969245 0.87143944681156327 52.458538819977548 52.884101586823817
leaf_count=90 46 4975 9305
internal_value=0.000367262 0.000319078 0.000239207
internal_weight=106.884 106.013 53.554
internal_count=14416 14370 9395
is_linear=0
shrinkage=0.03


Tree=348
num_leaves=3
num_cat=0
split_feature=10 10
split_gain=0.000407001 0.000112629
threshold=63.299319727891167 1.6896648831315124
decision_type=2 2
left_child=1 -1
right_child=-2 -3
leaf_value=-3.8559269442537266e-05 0.00043298319285956015 0.00030225047682250937
leaf_weight=0.6704158607753915 53.029065523529425 53.188410504633794
leaf_count=90 4997 9329
internal_value=0.000368046 0.000297383
internal_weight=106.888 53.8588
internal_count=14416 9419
is_linear=0
shrinkage=0.03


Tree=349
num_leaves=4
num_cat=0
split_feature=11 10 10
split_gain=0.0145541 0.000222353 7.52707e-05
threshold=99.44807354986996 63.299319727891167 1.6896648831315124
decision_type=2 2 2
left_child=1 2 -1
right_child=-2 -3 -4
leaf_value=-2.3760061199747719e-05 0.0029957679703103918 0.00036502824683524933 0.00026388194634280185
leaf_weight=0.67079981451388349 0.87301826663315196 52.473476534738438 52.860227045108331
leaf_count=90 46 4975 9305
internal_value=0.000364334 0.000314869 0.000259908
internal_weight=106.878 106.005 53.531
internal_count=14416 14370 9395
is_linear=0
shrinkage=0.03


Tree=350
num_leaves=5
num_cat=0
split_feature=9 11 1 9
split_gain=0.13764 0.190974 0.157404 0.00922635
threshold=96.720430107526894 25.075453328465382 6.9273574063993228 2.6500526500526504
decision_type=2 2 2 2
left_child=3 -2 -3 -1
right_child=1 2 -4 -5
leaf_value=-0.0030756545385422084 -0.00089038142731290824 -0.00089038142731290824 0.0071746908740656012 -0.00089038142731290824
leaf_weight=0.90485787281067942 1.3038371569709841 0.64831897395197291 5.9268385154427961 96.26243804465048
leaf_count=172 166 47 356 13602
internal_value=-0.000571777 0.00301515 0.00548713 -0.000890381
internal_weight=105.046 7.87899 6.57516 97.1673
internal_count=14343 569 403 13774
is_linear=0
shrinkage=0.03


Tree=351
num_leaves=5
num_cat=0
split_feature=9 11 1 9
split_gain=0.178685 0.213444 0.172251 0.00840654
threshold=96.720430107526894 25.075453328465382 6.9273574063993228 2.6500526500526504
decision_type=2 2 2 2
left_child=3 -2 -3 -1
right_child=1 2 -4 -5
leaf_value=-0.003024788285363783 -0.0009225664866250277 -0.0009225664866250277 0.0076788311647664363 -0.0009225664866250277
leaf_weight=0.90458734874846314 1.3029085692251081 0.64861309819389124 6.0939444106770679 95.976335887506139
leaf_count=172 166 47 356 13602
internal_value=-0.000554589 0.00348861 0.0059806 -0.000922566
internal_weight=104.926 8.04547 6.74256 96.8809
internal_count=14343 569 403 13774
is_linear=0
shrinkage=0.03


Tree=352
num_leaves=5
num_cat=0
split_feature=9 11 1 9
split_gain=0.175636 0.206588 0.166596 0.000911508
threshold=96.720430107526894 25.075453328465382 6.9273574063993228 2.6500526500526504
decision_type=2 2 2 2
left_child=3 -2 -3 -1
right_child=1 2 -4 -5
leaf_value=-0.0017724005208550951 -0.00085883550335359748 -0.00085883550335359748 0.0074253002545290247 -0.00085883550335359748
leaf_weight=0.86670662136748333 1.3004096390213797 0.64816879323916499 6.4443327458575368 95.739225809869822
leaf_count=172 166 47 356 13602
internal_value=-0.000486048 0.0034395 0.00581284 -0.000858836
internal_weight=104.999 8.39291 7.0925 96.6059
internal_count=14343 569 403 13774
is_linear=0
shrinkage=0.03


Tree=353
num_leaves=4
num_cat=0
split_feature=11 1 1
split_gain=0.0976108 0.0313019 0.0153657
threshold=99.44807354986996 98.590129486597007 1.3046634004717841
decision_type=2 2 2
left_child=1 2 -1
right_child=-2 -3 -4
leaf_value=-0.0028714471847127608 0.0057822202859906923 0.001626888409868457 -0.00074204042562445302
leaf_weight=2.3033202253282061 1.1350888262968499 4.031101456610485 97.693106738035567
leaf_count=158 47 222 13916
internal_value=-0.00058579 -0.000709667 -0.000819035
internal_weight=105.163 104.028 99.9964
internal_count=14343 14296 14074
is_linear=0
shrinkage=0.03


Tree=354
num_leaves=5
num_cat=0
split_feature=9 1 1 9
split_gain=0.189739 0.129886 0.0204411 0.000422487
threshold=96.720430107526894 11.345188411056677 97.981834473769979 2.6500526500526504
decision_type=2 2 2 2
left_child=3 -2 -3 -1
right_child=1 2 -4 -5
leaf_value=-0.0018202948305715034 -0.00097605093502946575 0.0034302890914326557 0.0085844353909994269 -0.00097605093502946575
leaf_weight=0.87010568880941619 0.77009151334641313 7.1727491579949856 0.82468456146307278 95.504955621057888
leaf_count=172 73 480 16 13602
internal_value=-0.000581244 0.0034142 0.0048568 -0.000976051
internal_weight=105.143 8.76753 7.99743 96.3751
internal_count=14343 569 496 13774
is_linear=0
shrinkage=0.03


Tree=355
num_leaves=2
num_cat=0
split_feature=5
split_gain=4.16678e-05
threshold=97.587937262126999
decision_type=2
left_child=-1
right_child=-2
leaf_value=0.00028869887334926004 0.00037274787427461531
leaf_weight=82.369106785947224 23.333487490541302
leaf_count=14039 352
internal_value=0.000310572
internal_weight=105.703
internal_count=14391
is_linear=0
shrinkage=0.03


Tree=356
num_leaves=2
num_cat=0
split_feature=11
split_gain=0.00067097
threshold=99.44807354986996
decision_type=2
left_child=-1
right_child=-2
leaf_value=0.00029664880816269052 0.00089746755406391703
leaf_weight=104.72713325728546 0.97369500470813264
leaf_count=14348 43
internal_value=0.000310543
internal_weight=105.701
internal_count=14391
is_linear=0
shrinkage=0.03


Tree=357
num_leaves=2
num_cat=0
split_feature=11
split_gain=0.000724587
threshold=99.44807354986996
decision_type=2
left_child=-1
right_child=-2
leaf_value=0.00029636982548144719 0.00091718881183909377
leaf_weight=104.72418194371858 0.97633271443191816
leaf_count=14348 43
internal_value=0.000310646
internal_weight=105.701
internal_count=14391
is_linear=0
shrinkage=0.03


Tree=358
num_leaves=2
num_cat=0
split_feature=11
split_gain=0.000708118
threshold=99.44807354986996
decision_type=2
left_child=-1
right_child=-2
leaf_value=0.00029663335669135547 0.00091143888838677331
leaf_weight=104.72469389645266 0.97546970495022733
leaf_count=14348 43
internal_value=0.000310796
internal_weight=105.7
internal_count=14391
is_linear=0
shrinkage=0.03


Tree=359
num_leaves=2
num_cat=0
split_feature=11
split_gain=0.000698368
threshold=99.44807354986996
decision_type=2
left_child=-1
right_child=-2
leaf_value=0.00029684174252941935 0.00090812304509217646
leaf_weight=104.72522482756176 0.97461065778043021
leaf_count=14348 43
internal_value=0.000310936
internal_weight=105.7
internal_count=14391
is_linear=0
shrinkage=0.03


Tree=360
num_leaves=6
num_cat=0
split_feature=1 11 10 11 10
split_gain=0.0854005 0.107945 0.0169538 0.0150482 0.0127414
threshold=98.590129486597007 25.075453328465382 71.291208791208803 99.44807354986996 1.6896648831315124
decision_type=2 2 2 2 2
left_child=3 2 -2 4 -1
right_child=1 -3 -4 -5 -6
leaf_value=-0.0018224937560813639 0.00097076109903553606 0.0077081325767077036 0.0065920184850496739 0.0035762809167256631 0.00094308874614841499
leaf_weight=0.63200993614736845 0.5456800134852523 2.9671956491656601 0.43012326222378761 1.0747363853733976 99.774563705403125
leaf_count=92 92 95 35 49 13935
internal_value=0.00116904 0.00504341 0.000970761 0.000970761 0.00090788
internal_weight=105.424 3.943 0.975803 101.481 100.407
internal_count=14298 222 127 14076 14027
is_linear=0
shrinkage=0.03


Tree=361
num_leaves=5
num_cat=0
split_feature=1 10 11 10
split_gain=0.0305621 0.105031 0.0397441 0.0135181
threshold=98.590129486597007 68.898343036274085 81.544615335087869 1.6896648831315124
decision_type=2 2 2 2
left_child=3 2 -2 -1
right_child=1 -3 -4 -5
leaf_value=-0.0018349004342733267 0.0010056898018530364 0.0075227164459644186 0.0066892955882122043 0.0010056898018530364
leaf_weight=0.63314160064328362 1.2713664654875168 1.9601521728327496 0.78538889274932433 100.71410640422255
leaf_count=92 122 73 27 13984
internal_value=0.00113084 0.0034585 0.00100569 0.00100569
internal_weight=105.364 4.01691 2.05676 101.347
internal_count=14298 222 149 14076
is_linear=0
shrinkage=0.03


Tree=362
num_leaves=4
num_cat=0
split_feature=10 11 1
split_gain=0.0139661 0.0119052 0.00413108
threshold=1.6896648831315124 99.44807354986996 98.590129486597007
decision_type=2 2 2
left_child=-1 2 -2
right_child=1 -3 -4
leaf_value=-0.00180043245888897 0.0010055055610118117 0.0034880695499102587 0.0020050196890149109
leaf_weight=0.63436572870705177 99.555472122621723 1.0753017922397692 4.0885681923246002
leaf_count=92 13935 49 222
internal_value=0.00108701 0.00112137 0.00106372
internal_weight=105.354 104.719 103.644
internal_count=14298 14206 14157
is_linear=0
shrinkage=0.03


Tree=363
num_leaves=5
num_cat=0
split_feature=10 1 10 9
split_gain=0.0137181 0.00335043 0.114801 0.00315947
threshold=1.6896648831315124 98.590129486597007 77.694859038142638 2.6500526500526504
decision_type=2 2 2 2
left_child=-1 3 -3 -2
right_child=1 2 -4 -5
leaf_value=-0.0017843034087487747 -0.00054360950537511797 0.0010549980861504894 0.0080967743304675259 0.0010549980861504894
leaf_weight=0.63568039366509665 0.54821777771576208 2.8875632275594389 1.1957809573505072 100.04307056355174
leaf_count=92 138 174 48 13846
internal_value=0.00107589 0.00110998 0.0019904 0.001055
internal_weight=105.31 104.675 4.08334 100.591
internal_count=14298 14206 222 13984
is_linear=0
shrinkage=0.03


Tree=364
num_leaves=5
num_cat=0
split_feature=10 11 11 11
split_gain=0.0120151 0.00705537 0.0133036 0.000825148
threshold=1.6896648831315124 1.2573632112710271 1.0000040000160002 99.44807354986996
decision_type=2 2 2 2
left_child=-1 2 -2 -3
right_child=1 3 -4 -5
leaf_value=-0.0016284896407230672 -0.0016284896407230672 0.0011166711763738843 0.0011166711763738843 0.0020866393568376037
leaf_weight=0.63501878752140228 0.3651760017964979 102.86353694880381 0.27688294398831204 1.1146965767256904
leaf_count=92 99 14003 55 49
internal_value=0.00106209 0.00109368 -0.00104212 0.00111667
internal_weight=105.255 104.62 0.642059 103.978
internal_count=14298 14206 154 14052
is_linear=0
shrinkage=0.03


Tree=365
num_leaves=4
num_cat=0
split_feature=10 11 11
split_gain=0.00600731 0.167506 0.010323
threshold=60.82693947144076 44.321707931993025 8.182725458174561
decision_type=2 2 2
left_child=1 -1 -2
right_child=2 -3 -4
leaf_value=-0.0024068392703576577 -0.00099544777020435971 0.00051157981540615608 0.00061826651667589837
leaf_weight=18.017648411128903 2.9504042198532252 34.750357256329153 50.007185089227278
leaf_count=3775 408 5389 4785
internal_value=0.000288924 6.01097e-05 0.00051158
internal_weight=105.726 52.768 52.9576
internal_count=14357 9164 5193
is_linear=0
shrinkage=0.03


Tree=366
num_leaves=6
num_cat=0
split_feature=11 11 10 11 11
split_gain=0.00494274 0.0120892 0.00378385 0.0120958 0.000342145
threshold=1.2573632112710271 0.75202417745154848 60.82693947144076 44.321707931993025 8.182725458174561
decision_type=2 2 2 2 2
left_child=1 -1 3 -2 -4
right_child=2 -3 4 -5 -6
leaf_value=-0.0032452616713054818 0.00033837628140346221 0.00033837628140346221 0.00033837628140346221 0.00059463537672699025 0.00061640561674780657
leaf_weight=0.21569427225040172 17.605783422652166 0.428001637395937 2.600829853268805 34.827666484401561 50.000937353470363
leaf_count=53 3672 107 351 5389 4785
internal_value=0.000315723 -0.00133773 0.000338376 0.000338376 0.000594635
internal_weight=105.679 0.643696 105.035 52.4334 52.6018
internal_count=14357 160 14197 9061 5136
is_linear=0
shrinkage=0.03


Tree=367
num_leaves=4
num_cat=0
split_feature=10 11 11
split_gain=0.00753605 0.129759 0.00204536
threshold=60.82693947144076 44.321707931993025 8.182725458174561
decision_type=2 2 2
left_child=1 -1 -2
right_child=2 -3 -4
leaf_value=-0.0020656270777657569 -0.00016066376763231938 0.00056584829090118127 0.00061034954636959209
leaf_weight=17.896122096368345 2.9028578980360171 34.877400025259703 50.001370879879687
leaf_count=3775 408 5389 4785
internal_value=0.000316291 6.02442e-05 0.000565848
internal_weight=105.678 52.7735 52.9042
internal_count=14357 9164 5193
is_linear=0
shrinkage=0.03


Tree=368
num_leaves=2
num_cat=0
split_feature=11
split_gain=0.00309251
threshold=99.648389520977446
decision_type=2
left_child=-1
right_child=-2
leaf_value=0.00029355327909233502 0.0016900495441991752
leaf_weight=105.15667262344505 0.49873324949294229
leaf_count=14339 18
internal_value=0.000315929
internal_weight=105.655
internal_count=14357
is_linear=0
shrinkage=0.03


Tree=369
num_leaves=4
num_cat=0
split_feature=10 11 11
split_gain=0.00416394 0.132897 0.00144231
threshold=60.82693947144076 44.321707931993025 8.182725458174561
decision_type=2 2 2
left_child=1 -1 -2
right_child=2 -3 -4
leaf_value=-0.0021060097687105347 -0.00011429850434611661 0.00050154218411291719 0.00053875933324576343
leaf_weight=17.7568989128049 2.8994715872686347 34.949144691345282 50.04934491449967
leaf_count=3775 408 5389 4785
internal_value=0.000315881 0.000123499 0.000501542
internal_weight=105.655 52.706 52.9488
internal_count=14357 9164 5193
is_linear=0
shrinkage=0.03


Tree=370
num_leaves=9
num_cat=0
split_feature=1 11 10 3 1 11 1 11
split_gain=0.12562 0.16001 0.0740714 0.300745 0.113724 0.216048 0.117608 0.016431
threshold=3.312768402588762 93.353467579671602 68.898343036274085 91.725521342456844 12.148430411903467 36.910654497456711 77.031018607945413 64.723600426659786
decision_type=2 2 2 2 2 2 2 2
left_child=1 -1 7 -4 -5 6 -6 -2
right_child=2 -3 3 4 5 -7 -8 -9
leaf_value=-0.0073224661134752376 -0.00067852891015442629 0.00079441068621642066 0.00079441068621642066 0.00079441068621642066 0.00079441068621642066 0.0070396443844137581 0.0067074540956308572 0.00079441068621642066
leaf_weight=3.0228920527151777 31.048807923216373 2.2708885267493315 20.251154907688033 3.5674159110058126 2.4109156525228199 15.323212184943257 2.2561005654279143 25.300221479847096
leaf_count=295 6790 158 3546 62 52 244 51 3034
internal_value=0.000543277 -0.00357943 0.000794411 0.0020199 0.00450761 0.00538106 0.000794411 0.000794411
internal_weight=105.452 5.29378 100.158 43.8088 23.5576 19.9902 4.66702 56.349
internal_count=14232 453 13779 3955 409 347 103 9824
is_linear=0
shrinkage=0.03


Tree=371
num_leaves=8
num_cat=0
split_feature=1 11 10 3 1 11 11
split_gain=0.188562 0.241463 0.053904 0.276152 0.0683377 0.138576 0.0134585
threshold=3.312768402588762 94.763338093074594 68.898343036274085 92.749237359641725 12.148430411903467 36.910654497456711 55.310706554697454
decision_type=2 2 2 2 2 2 2
left_child=1 -1 6 -4 -5 -6 -2
right_child=2 -3 3 4 5 -7 -8
leaf_value=-0.00899277249578442 -0.00050067144209486338 0.00087365229092775817 0.00087365229092775817 0.00087365229092775817 0.00087365229092775817 0.006588721625757063 0.00087365229092775817
leaf_weight=3.0911446493410031 27.150430295267142 1.9538972571899647 22.134674230823293 3.4673025151714709 4.5870714128250283 13.889651766978202 29.040961542632431
leaf_count=318 5902 135 3600 57 93 205 3922
internal_value=0.000571445 -0.00458583 0.000873652 0.00191918 0.00448105 0.00517795 0.000873652
internal_weight=105.315 5.04504 100.27 44.0787 21.944 18.4767 56.1914
internal_count=14232 453 13779 3955 355 298 9824
is_linear=0
shrinkage=0.03


Tree=372
num_leaves=8
num_cat=0
split_feature=1 11 10 3 11 11 11
split_gain=0.119748 0.193115 0.0470229 0.239355 0.0398426 0.0492971 0.0112978
threshold=3.312768402588762 92.34641721295516 68.898343036274085 92.749237359641725 36.910654497456711 22.144242701719303 62.688131800914313
decision_type=2 2 2 2 2 2 2
left_child=1 -1 6 -4 5 -5 -2
right_child=2 -3 3 4 -6 -7 -8
leaf_value=-0.007952424327559493 -0.00030563328521478395 0.00091091370932032487 0.00091091370932032487 0.00091091370932032487 0.0050321815682826954 0.0044825760289870448 0.00091091370932032487
leaf_weight=2.6818637705873689 30.426586641406175 2.2997762902232353 22.152100063161924 2.9556107498938244 16.158326278906316 2.9079533016774803 25.750506562064402
leaf_count=288 6683 165 3600 68 241 46 3141
internal_value=0.000673243 -0.00346633 0.000910914 0.00188826 0.00426762 0.00173451 0.000910914
internal_weight=105.333 4.98164 100.351 44.174 22.0219 5.86356 56.1771
internal_count=14232 453 13779 3955 355 114 9824
is_linear=0
shrinkage=0.03


Tree=373
num_leaves=9
num_cat=0
split_feature=1 11 10 5 11 5 5 11
split_gain=0.109204 0.18274 0.0330933 0.256188 0.0229587 0.0765459 0.0577117 0.00132144
threshold=3.312768402588762 92.34641721295516 68.898343036274085 99.799397992772711 76.15000460001842 67.371568118387756 95.17587452425397 62.688131800914313
decision_type=2 2 2 2 2 2 2 2
left_child=1 -1 7 4 6 -6 -4 -2
right_child=2 -3 3 -5 5 -7 -8 -9
leaf_value=-0.0076367984356383763 -4.4289052723066993e-06 0.00093207779474476762 0.00093207779474476762 0.011505410954325701 0.00093207779474476762 0.0034772626428749621 0.0034772626428749621 0.00093207779474476762
leaf_weight=2.6766405138187102 30.342707397299819 2.3043765448674094 17.689726410782903 1.3162695690989483 3.9786381246522096 13.577729131211525 7.434500297997146 25.650015228777193
leaf_count=288 6683 165 2852 12 539 442 110 3141
internal_value=0.000704815 -0.00325037 0.000932078 0.00175744 0.00120029 0.00208519 0.000932078 0.000932078
internal_weight=104.971 4.98102 99.9896 43.9969 42.6806 17.5564 25.1242 55.9927
internal_count=14232 453 13779 3955 3943 981 2962 9824
is_linear=0
shrinkage=0.03


Tree=374
num_leaves=10
num_cat=0
split_feature=1 11 10 5 11 1 1 5 11
split_gain=0.0666701 0.142378 0.0237475 0.224388 0.0202051 0.0878785 0.0642264 0.097555 0.00289558
threshold=3.312768402588762 95.482368596141058 68.898343036274085 99.799397992772711 76.15000460001842 82.880143765820733 7.3289784068227188 67.371568118387756 92.34641721295516
decision_type=2 2 2 2 2 2 2 2 2
left_child=1 8 -2 4 5 -4 -6 -8 -1
right_child=2 -3 3 -5 6 -7 7 -9 -10
leaf_value=-0.0063325197447155887 0.00088835007781415452 0.00088835007781415452 0.00088835007781415452 0.010713486826849188 0.00088835007781415452 0.0019359608187961394 0.0019359608187961394 0.0047979776515249895 -0.0012355659113419298
leaf_weight=2.6201368272886629 55.904097590013407 1.6142415290814822 19.160885983088523 1.3147684410214413 1.0651326659135545 5.9397345230681813 3.8931269339518648 12.64989052840974 0.69047528752707865
leaf_count=288 9824 121 2407 12 69 555 517 395 44
internal_value=0.000712697 -0.00239978 0.00088835 0.00158994 0.00107039 0.00088835 0.00193596 0.00301063 -0.00580272
internal_weight=104.852 4.92485 99.9276 44.0235 42.7088 25.1006 17.6082 16.543 3.31061
internal_count=14232 453 13779 3955 3943 2962 981 912 332
is_linear=0
shrinkage=0.03


Tree=375
num_leaves=2
num_cat=0
split_feature=11
split_gain=0.000508091
threshold=99.44807354986996
decision_type=2
left_child=-1
right_child=-2
leaf_value=6.3344061082193687e-05 0.00055070077146686543
leaf_weight=104.9538602931716 0.98394541454035689
leaf_count=14347 43
internal_value=7.2978e-05
internal_weight=105.938
internal_count=14390
is_linear=0
shrinkage=0.03


Tree=376
num_leaves=2
num_cat=0
split_feature=11
split_gain=0.000494648
threshold=99.44807354986996
decision_type=2
left_child=-1
right_child=-2
leaf_value=6.3500350055899617e-05 0.00054453051599809993
leaf_weight=104.95426762054558 0.98321819631382723
leaf_count=14347 43
internal_value=7.30151e-05
internal_weight=105.937
internal_count=14390
is_linear=0
shrinkage=0.03


Tree=377
num_leaves=2
num_cat=0
split_feature=11
split_gain=0.000481274
threshold=99.44807354986996
decision_type=2
left_child=-1
right_child=-2
leaf_value=6.3676057664015495e-05 0.00053832247352275902
leaf_weight=104.95462609236711 0.98251668969169159
leaf_count=14347 43
internal_value=7.3071e-05
internal_weight=105.937
internal_count=14390
is_linear=0
shrinkage=0.03


Tree=378
num_leaves=2
num_cat=0
split_feature=11
split_gain=0.00046956
threshold=99.44807354986996
decision_type=2
left_child=-1
right_child=-2
leaf_value=6.3845432723579811e-05 0.00053283568094485091
leaf_weight=104.95503839114099 0.98182767850812425
leaf_count=14347 43
internal_value=7.31341e-05
internal_weight=105.937
internal_count=14390
is_linear=0
shrinkage=0.03


Tree=379
num_leaves=2
num_cat=0
split_feature=11
split_gain=0.000462847
threshold=99.44807354986996
decision_type=2
left_child=-1
right_child=-2
leaf_value=6.4007069677038972e-05 0.00052977344254780828
leaf_weight=104.95545079468866 0.98104028485249628
leaf_count=14347 43
internal_value=7.32341e-05
internal_weight=105.936
internal_count=14390
is_linear=0
shrinkage=0.03


Tree=380
num_leaves=3
num_cat=0
split_feature=9 4
split_gain=0.0115723 0.0297871
threshold=2.6500526500526504 99.799397992772711
decision_type=2 2
left_child=-1 -2
right_child=1 -3
leaf_value=-0.0023363863746151559 3.0016109528804303e-06 0.0025606066943990417
leaf_weight=0.77535395440645416 101.31568487960612 3.2711694627068928
leaf_count=172 14191 38
internal_value=6.67153e-05 0.00010649
internal_weight=105.362 104.587
internal_count=14401 14229
is_linear=0
shrinkage=0.03


Tree=381
num_leaves=3
num_cat=0
split_feature=9 4
split_gain=0.0118816 0.0299811
threshold=2.6500526500526504 99.799397992772711
decision_type=2 2
left_child=-1 -2
right_child=1 -3
leaf_value=-0.0023647012222941621 6.4862002004520629e-06 0.0025738333087347728
leaf_weight=0.77587277971906488 101.31871713910368 3.266351399361155
leaf_count=172 14191 38
internal_value=6.99987e-05 0.000110286
internal_weight=105.361 104.585
internal_count=14401 14229
is_linear=0
shrinkage=0.03


Tree=382
num_leaves=2
num_cat=0
split_feature=9
split_gain=0.0112426
threshold=2.6500526500526504
decision_type=2
left_child=-1
right_child=-2
leaf_value=-0.0023033486294638463 0.00010489050840917673
leaf_weight=0.77473210016614658 104.58334071160061
leaf_count=172 14229
internal_value=6.56919e-05
internal_weight=105.358
internal_count=14401
is_linear=0
shrinkage=0.03


Tree=383
num_leaves=3
num_cat=0
split_feature=9 4
split_gain=0.0118192 0.0248896
threshold=2.6500526500526504 99.799397992772711
decision_type=2 2
left_child=-1 -2
right_child=1 -3
leaf_value=-0.0023635544148684594 1.0952235819433475e-05 0.0023515500202780214
leaf_weight=0.7748964396014334 101.32168242195621 3.2612905523274085
leaf_count=172 14191 38
internal_value=6.53099e-05 0.000105522
internal_weight=105.358 104.583
internal_count=14401 14229
is_linear=0
shrinkage=0.03


Tree=384
num_leaves=3
num_cat=0
split_feature=9 4
split_gain=0.0120314 0.0215328
threshold=2.6500526500526504 99.799397992772711
decision_type=2 2
left_child=-1 -2
right_child=1 -3
leaf_value=-0.0023852266856023824 1.7384309554562144e-05 0.0021957660772437479
leaf_weight=0.77566453238250588 101.31519908944028 3.2562003023922435
leaf_count=172 14191 38
internal_value=6.47779e-05 0.000105372
internal_weight=105.347 104.571
internal_count=14401 14229
is_linear=0
shrinkage=0.03


Tree=385
num_leaves=5
num_cat=0
split_feature=9 11 11 1
split_gain=0.00708987 0.32492 0.00108606 0.00958095
threshold=96.720430107526894 79.258585444804567 99.44807354986996 0.90304240004838821
decision_type=2 2 2 2
left_child=2 -2 3 -1
right_child=1 -3 -4 -5
leaf_value=-0.0020069793601332508 -0.00010137300204988161 0.0077108967900888642 0.00059823629156061987 -0.00010137300204988161
leaf_weight=1.3821012564876571 4.6095171743072552 3.9063183496473357 0.98314339900389214 94.462516954285093
leaf_count=96 432 127 49 13683
internal_value=-2.55669e-05 0.000756446 -0.000101373 -0.000114653
internal_weight=105.344 8.51584 96.8278 95.8446
internal_count=14387 559 13828 13779
is_linear=0
shrinkage=0.03


Tree=386
num_leaves=5
num_cat=0
split_feature=1 10 1 11
split_gain=0.00437186 0.144344 0.00278104 0.103565
threshold=98.590129486597007 68.898343036274085 0.90304240004838821 96.199984799939202
decision_type=2 2 2 2
left_child=2 -2 3 -1
right_child=1 -3 -4 -5
leaf_value=-0.0074323159543756333 -0.00010637377536338733 0.0063370607249123509 -0.00010637377536338733 -0.00010637377536338733
leaf_weight=0.78377374340197892 1.7079141545691521 2.2287282780744135 99.816046197025571 0.76716021844185889
leaf_count=63 146 73 14055 50
internal_value=-6.49047e-05 0.000808152 -0.000106374 -0.00109916
internal_weight=105.304 3.93664 101.367 1.55093
internal_count=14387 219 14168 113
is_linear=0
shrinkage=0.03


Tree=387
num_leaves=3
num_cat=0
split_feature=11 1
split_gain=0.00378117 0.0150536
threshold=99.44807354986996 0.90304240004838821
decision_type=2 2
left_child=1 -1
right_child=-2 -3
leaf_value=-0.0024262604461194911 0.0011418725521616881 -3.6837721731282614e-05
leaf_weight=1.4301674122689281 1.2851413453463454 102.62635785265593
leaf_count=105 54 14228
internal_value=-6.68058e-05 -9.24605e-05
internal_weight=105.342 104.057
internal_count=14387 14333
is_linear=0
shrinkage=0.03


Tree=388
num_leaves=3
num_cat=0
split_feature=11 11
split_gain=0.003552 0.000752356
threshold=99.44807354986996 1.0000040000160002
decision_type=2 2
left_child=1 -1
right_child=-2 -3
leaf_value=-0.0007881838191924615 0.0011084580745785665 -7.8365707394715476e-05
leaf_weight=0.37716691161040117 1.2829570554895315 103.68418773307349
leaf_count=104 54 14229
internal_value=-6.35535e-05 -8.84161e-05
internal_weight=105.344 104.061
internal_count=14387 14333
is_linear=0
shrinkage=0.03


Tree=389
num_leaves=3
num_cat=0
split_feature=11 11
split_gain=0.00343035 0.000759248
threshold=99.44807354986996 1.0000040000160002
decision_type=2 2
left_child=1 -1
right_child=-2 -3
leaf_value=-0.00079092782076365493 0.0010888654751075716 -7.7899147853071753e-05
leaf_weight=0.3770005171536458 1.28047981543932 103.68521872497513
leaf_count=104 54 14229
internal_value=-6.35762e-05 -8.79859e-05
internal_weight=105.343 104.062
internal_count=14387 14333
is_linear=0
shrinkage=0.03


Tree=390
num_leaves=4
num_cat=0
split_feature=11 11 11
split_gain=0.00602717 0.000477829 0.00890645
threshold=99.44807354986996 1.2573632112710271 0.75202417745154848
decision_type=2 2 2
left_child=1 2 -1
right_child=-2 -3 -4
leaf_value=-0.0026512233413831326 0.0015519601032249863 -1.1022981700963241e-05 -1.1022981700963241e-05
leaf_weight=0.21267212135717173 1.2445523042697448 103.10213316220324 0.42854314483702183
leaf_count=52 50 14089 108
internal_value=1.38768e-05 -1.92154e-05 -0.000527149
internal_weight=104.988 103.743 0.641215
internal_count=14299 14249 160
is_linear=0
shrinkage=0.03


Tree=391
num_leaves=2
num_cat=0
split_feature=11
split_gain=0.00530922
threshold=99.44807354986996
decision_type=2
left_child=-1
right_child=-2
leaf_value=-1.6131153898964934e-05 0.0014587018216656079
leaf_weight=103.74307533237152 1.2439504463691253
leaf_count=14249 50
internal_value=1.49417e-05
internal_weight=104.987
internal_count=14299
is_linear=0
shrinkage=0.03


Tree=392
num_leaves=2
num_cat=0
split_feature=11
split_gain=0.00410693
threshold=99.44807354986996
decision_type=2
left_child=-1
right_child=-2
leaf_value=-1.5292130023446778e-05 0.0012798990001888187
leaf_weight=103.733915133751 1.2508365013636638
leaf_count=14249 50
internal_value=1.207e-05
internal_weight=104.985
internal_count=14299
is_linear=0
shrinkage=0.03


Tree=393
num_leaves=2
num_cat=0
split_feature=11
split_gain=0.00455093
threshold=99.44807354986996
decision_type=2
left_child=-1
right_child=-2
leaf_value=-1.4904197251093978e-05 0.0013480130080695102
leaf_weight=103.73519408289576 1.2525037296582002
leaf_count=14249 50
internal_value=1.39206e-05
internal_weight=104.988
internal_count=14299
is_linear=0
shrinkage=0.03


Tree=394
num_leaves=2
num_cat=0
split_feature=11
split_gain=0.00352245
threshold=99.44807354986996
decision_type=2
left_child=-1
right_child=-2
leaf_value=-1.2877707544750676e-05 0.0011860359995850664
leaf_weight=103.72702411503997 1.2530791354365636
leaf_count=14249 50
internal_value=1.2489e-05
internal_weight=104.98
internal_count=14299
is_linear=0
shrinkage=0.03


Tree=395
num_leaves=2
num_cat=0
split_feature=11
split_gain=0.016178
threshold=99.44807354986996
decision_type=2
left_child=-1
right_child=-2
leaf_value=0.000188936742274899 0.0027923047478697781
leaf_weight=103.1597996626806 1.2027015211060632
leaf_count=14332 50
internal_value=0.000245156
internal_weight=104.363
internal_count=14382
is_linear=0
shrinkage=0.03


Tree=396
num_leaves=2
num_cat=0
split_feature=11
split_gain=0.017548
threshold=99.44807354986996
decision_type=2
left_child=-1
right_child=-2
leaf_value=0.00018664377615343206 0.0028966696395927444
leaf_weight=103.15745327467448 1.2042003015521903
leaf_count=14332 50
internal_value=0.00024511
internal_weight=104.362
internal_count=14382
is_linear=0
shrinkage=0.03


Tree=397
num_leaves=2
num_cat=0
split_feature=11
split_gain=0.0160593
threshold=99.44807354986996
decision_type=2
left_child=-1
right_child=-2
leaf_value=0.00018802918103078456 0.0027822877523840449
leaf_weight=103.1544729944726 1.2018939316039894
leaf_count=14332 50
internal_value=0.000244033
internal_weight=104.356
internal_count=14382
is_linear=0
shrinkage=0.03


end of trees

feature_importances:
Column_1=545
Column_11=499
Column_10=308
Column_9=268
Column_5=234
Column_4=201
Column_3=148
Column_0=79

parameters:
[boosting: gbdt]
[objective: lambdarank]
[metric: ndcg]
[tree_learner: serial]
[device_type: cpu]
[data_sample_strategy: bagging]
[data: ]
[valid: ]
[num_iterations: 400]
[learning_rate: 0.03]
[num_leaves: 15]
[num_threads: 8]
[seed: 0]
[deterministic: 0]
[force_col_wise: 0]
[force_row_wise: 0]
[histogram_pool_size: -1]
[max_depth: -1]
[min_data_in_leaf: 50]
[min_sum_hessian_in_leaf: 0.001]
[bagging_fraction: 0.8]
[pos_bagging_fraction: 1]
[neg_bagging_fraction: 1]
[bagging_freq: 5]
[bagging_seed: 3]
[bagging_by_query: 0]
[feature_fraction: 0.9]
[feature_fraction_bynode: 1]
[feature_fraction_seed: 2]
[extra_trees: 0]
[extra_seed: 6]
[early_stopping_round: 0]
[early_stopping_min_delta: 0]
[first_metric_only: 0]
[max_delta_step: 0]
[lambda_l1: 0]
[lambda_l2: 1]
[linear_lambda: 0]
[min_gain_to_split: 0]
[drop_rate: 0.1]
[max_drop: 50]
[skip_drop: 0.5]
[xgboost_dart_mode: 0]
[uniform_drop: 0]
[drop_seed: 4]
[top_rate: 0.2]
[other_rate: 0.1]
[min_data_per_group: 100]
[max_cat_threshold: 32]
[cat_l2: 10]
[cat_smooth: 10]
[max_cat_to_onehot: 4]
[top_k: 20]
[monotone_constraints: 1,1,1,1,1,1,1,1,1,1,1,1]
[monotone_constraints_method: advanced]
[monotone_penalty: 0]
[feature_contri: ]
[forcedsplits_filename: ]
[refit_decay_rate: 0.9]
[cegb_tradeoff: 1]
[cegb_penalty_split: 0]
[cegb_penalty_feature_lazy: ]
[cegb_penalty_feature_coupled: ]
[path_smooth: 0]
[interaction_constraints: ]
[verbosity: -1]
[saved_feature_importance_type: 0]
[use_quantized_grad: 0]
[num_grad_quant_bins: 4]
[quant_train_renew_leaf: 0]
[stochastic_rounding: 1]
[linear_tree: 0]
[max_bin: 255]
[max_bin_by_feature: ]
[min_data_in_bin: 3]
[bin_construct_sample_cnt: 200000]
[data_random_seed: 1]
[is_enable_sparse: 1]
[enable_bundle: 1]
[use_missing: 1]
[zero_as_missing: 0]
[feature_pre_filter: 1]
[pre_partition: 0]
[two_round: 0]
[header: 0]
[label_column: ]
[weight_column: ]
[group_column: ]
[ignore_column: ]
[categorical_feature: ]
[forcedbins_filename: ]
[precise_float_parser: 0]
[parser_config_file: ]
[objective_seed: 5]
[num_class: 1]
[is_unbalance: 0]
[scale_pos_weight: 1]
[sigmoid: 1]
[boost_from_average: 1]
[reg_sqrt: 0]
[alpha: 0.9]
[fair_c: 1]
[poisson_max_delta_step: 0.7]
[tweedie_variance_power: 1.5]
[lambdarank_truncation_level: 30]
[lambdarank_norm: 1]
[label_gain: 0,1,3,7,15]
[lambdarank_position_bias_regularization: 0]
[eval_at: 10,25,50]
[multi_error_top_k: 1]
[auc_mu_weights: ]
[num_machines: 1]
[local_listen_port: 12400]
[time_out: 120]
[machine_list_filename: ]
[machines: ]
[gpu_platform_id: -1]
[gpu_device_id: -1]
[gpu_use_dp: 0]
[num_gpu: 1]

end of parameters

pandas_categorical:null
