tree
version=v4
num_class=1
num_tree_per_iteration=1
label_index=0
max_feature_idx=11
objective=lambdarank
feature_names=Column_0 Column_1 Column_2 Column_3 Column_4 Column_5 Column_6 Column_7 Column_8 Column_9 Column_10 Column_11
monotone_constraints=1 1 1 1 1 1 1 1 1 1 1 1
feature_infos=[0.2178649237472767:100] [0.2178649237472767:100] [0.23696682464454977:100] [0.2178649237472767:100] [0.2178649237472767:100] [0.2178649237472767:100] none [1.4705882352941175:100] [1.25:100] [1.1235955056179776:100] [1.2345679012345678:100] [0.2178649237472767:100]
tree_sizes=1768 1744 1657 1756 1738 1637 1529 1526 1308 1733 1204 1638 1317 1528 1310 1424 1532 1546 1534 1317 1737 1645 1541 1636 1636 1757 1739 1753 1754 1425 1428 1428 1546 1766 1427 1764 1430 1540 1330 1658 1449 1653 1761 1756 1768 1648 1759 1770 1776 1777 1244 1230 1356 1132 1117 1217 804 1236 1237 1126 1558 1347 1547 1575 1220 1118 1240 1017 1234 1239 1339 1438 1558 1237 1455 1540 1795 1559 1757 1339 1230 1772 1768 1670 1779 1652 1331 1555 1332 1433 1581 1015 908 910 908 1326 1549 1558 1450 1338 913 1018 1447 1221 1027 1016 1116 907 907 1020 1343 1776 1346 1688 1342 1781 1553 1777 1778 1338 1122 1775 917 919 1137 1123 1131 1125 1241 1125 1459 1330 1240 1356 1583 1462 1140 1777 906 1237 1016 1121 1348 1234 1244 1119 1016 1240 1239 1118 1790 1020 1025 1025 1033 1338 911 910 1243 1233 1465 1134 1125 918 1127 1353 1675 1237 1349 1009 1021 797 1233 1452 1353 1127 802 1024 1128 1245 1123 1031 1246 1247 1144 1024 1023 1123 1024 1025 1125 1579 1572 1129 1675 925 812 1039 922 919 1122 1333 1462 1239 1350 912 912 1350 1572 1139 705 1135 1235 1347 917 1018 1125 1238 1123 1238 921 1030 1133 814 809 1450 1226 1342 1232 819 1135 812 919 1024 1244 694 920 694 1023 804 1455 1027 1679 1350 1779 918 805 810 808 691 1254 589 817 593 600 1024 1023 920 921 914 917 1023 916 1687 590 1363 1147 806 926 1133 1028 923 919 914 815 1014 1242 908 912 805 488 595 598 485 706 702 923 817 812 922 1020 1125 1128 1126 800 593 701 597 595 595 914 1020 1365 694 1586 1038 1033 926 817 930 712 707 489 600 598 1342 917 915 921 809 808 807 482 811 477 590 590 485 485 700 1133 1130 593 811 910 589 808 805 803 803 478 483 483 701 484 934 701 705 493 493 707 699 810 819 699 809 809 810 927 806 1248 1257 1701 1133 813 595 596 485 486 596 913 918 915 911 474 376 375 374 376 376 707 595 485 705 705 696 701 913 913 906 827 937 826 491 824 370 371 370

Tree=0
num_leaves=15
num_cat=0
split_feature=5 1 8 5 11 11 11 9 10 5 11 2 9 11
split_gain=1.78516 1.4723 1.1042 0.736762 0.588012 0.502077 0.437069 0.425715 0.424288 0.26519 0.189742 0.249434 0.16297 0.0997433
threshold=82.853692201518314 85.563847429519086 52.985739750445639 52.675570143172436 14.251494601076343 56.250325191501666 4.8834688346883484 60.113636363636367 51.787994891443169 33.576655299801082 94.781424630402498 46.734149713608538 87.138130686517798 91.498760423709726
decision_type=2 2 2 2 2 2 2 2 2 2 2 2 2 2
left_child=1 2 5 13 -5 8 -3 -6 12 -8 -2 -12 -1 -4
right_child=10 6 3 4 7 -7 9 -9 -10 -11 11 -13 -14 -15
leaf_value=-0.014549884451108176 0.0074855560557285511 -0.0040880191485151872 -0.0040880191485151872 -0.0040880191485151872 -0.001621272318607305 -0.0040880191485151872 0.00086202469222842538 0.0074855560557285511 -0.0040880191485151872 0.0074855560557285511 0.0074855560557285511 0.019819578621436323 -0.0040880191485151872 -0.001621272318607305
leaf_weight=13.07635131687857 16.673389823874494 0.72779483417979918 14.642006704816579 1.6510748781729478 4.3846097522182372 13.823463379871098 6.0541159597341885 6.0780409583821893 5.2987839288543901 5.1069688625866547 0.64251368585973923 2.3348575226264074 1.6056634319247667 1.0302045963471762
leaf_count=1387 1885 95 2016 151 832 2112 814 503 1168 635 44 195 368 125
internal_value=-0.000322682 -0.00248333 -0.00435614 9.98858e-05 0.00541659 -0.00791647 0.00680395 0.00680395 -0.0109179 0.00748556 0.00748556 0.0150369 -0.0134595 -0.00408802
internal_weight=93.1298 73.4791 61.5902 27.7859 12.1137 33.8043 11.8889 10.4627 19.9808 11.1611 19.6508 2.97737 14.682 15.6722
internal_count=12330 10206 8662 3627 1486 5035 1544 1335 2923 1449 2124 239 1755 2141
is_linear=0
shrinkage=0.03


Tree=1
num_leaves=15
num_cat=0
split_feature=5 11 9 2 5 1 4 11 8 8 9 1 9 5
split_gain=15.4404 6.92512 3.6253 2.84304 2.22381 1.30283 1.35515 0.810915 0.432859 0.350919 0.454701 0.101544 0.0790898 0.0316512
threshold=82.853692201518314 94.781424630402498 28.080031539522967 77.580861404390831 37.165977886924729 87.514172335600918 87.918698628568833 87.543058951371918 63.196594427244584 81.881313131313149 70.948987246811711 93.270346243084077 42.010381593714932 59.325757575757585
decision_type=2 2 2 2 2 2 2 2 2 2 2 2 2 2
left_child=4 12 -3 -4 11 6 7 9 -9 10 -6 -1 -2 -12
right_child=1 2 3 -5 5 -7 -8 8 -10 -11 13 -13 -14 -15
leaf_value=-0.0148523215816056 0.0023053245082823325 0.0025777641318745297 0.011892500472156408 0.032111180210678561 -0.014074772954312741 0.0023053245082823325 0.0023053245082823325 -0.0080248336801458549 0.0023053245082823325 -0.0039835929824040021 -0.013582352919502471 -0.0064704573786581307 0.0038345116368617674 -0.0080248336801458549
leaf_weight=26.996261294931198 15.941836239071561 9.2391307787038368 12.272788830101492 17.126523058861494 16.670689512742687 12.021499395137651 5.0219727403018615 2.7200454219710073 3.065076309023425 8.211935503408311 4.3924918274860811 3.7135376138612619 31.712503561051562 5.9065025865565985
leaf_count=4057 776 78 87 74 2231 524 469 363 205 775 568 453 1109 561
internal_value=0.00108659 0.0100635 0.0193324 0.0243397 -0.00765954 -0.00408245 -0.00643022 -0.00840121 0.00175083 -0.0100728 -0.0117182 -0.0140748 0.00230532 -0.00802483
internal_weight=175.013 86.2928 38.6384 29.3993 88.72 58.0102 45.9887 40.9667 5.78512 35.1816 26.9697 30.7098 47.6543 10.299
internal_count=12330 2124 239 161 10206 5696 5172 4703 568 4135 3360 4510 1885 1129
is_linear=0
shrinkage=0.03


Tree=2
num_leaves=14
num_cat=0
split_feature=11 9 2 5 3 2 4 1 2 10 1 11 11
split_gain=12.8931 4.22362 4.44132 2.91617 0.807709 0.698753 0.342193 0.306659 0.0990027 0.0338677 0.0342626 0.0326572 0.00366473
threshold=94.781424630402498 27.812939521800285 59.927882551584013 72.705598181301511 96.378451045970237 92.771059845739259 71.146711430621963 84.822573877599964 14.138483197386382 52.597840755735497 52.280154486036849 78.683062968777264 58.693893171505117
decision_type=2 2 2 2 2 2 2 2 2 2 2 2 2
left_child=3 5 4 6 -3 -2 7 11 12 10 -8 -1 -9
right_child=1 2 -4 -5 -6 -7 9 8 -10 -11 -12 -13 -14
leaf_value=-0.013038774474442877 -0.0025626225574583612 -0.0025626225574583612 0.027222271734631667 -0.0025626225574583612 0.011924716094662483 0.012111193066712102 -0.0082730662897652144 -0.010134863983143904 -0.0037593504562421745 -0.0025626225574583612 -0.0025626225574583612 -0.0089958909067769238 -0.0037593504562421745
leaf_weight=28.778427396435291 6.3332856714259815 3.7742459191940751 23.026655661407858 73.41893364302814 2.6018940173089504 1.9511547079309819 3.3538480431307089 2.8582961778156442 6.305214588297531 3.8151922835968435 1.5279690481256691 4.6019767920952281 1.2252546173986045
leaf_count=5151 187 192 232 3092 22 26 528 395 799 561 232 751 162
internal_value=0.000979861 0.0161355 0.0213149 -0.00364883 -0.000817208 -0.00256262 -0.00977448 -0.010859 -0.00554129 -0.00375935 -0.00375935 -0.0123047 -0.00899589
internal_weight=163.572 37.6872 29.4028 125.885 6.37614 8.28444 52.4662 43.7692 10.3888 8.69701 4.88182 33.3804 4.08355
internal_count=12330 659 446 11671 214 213 8579 7258 1356 1321 760 5902 557
is_linear=0
shrinkage=0.03


Tree=3
num_leaves=15
num_cat=0
split_feature=11 0 2 3 8 3 1 9 8 1 7 4 3 1
split_gain=6.23834 2.69155 2.23311 2.06239 1.5114 1.00663 0.327444 0.250896 0.230417 0.0503832 0.036968 0.0333798 0.105147 0.0213493
threshold=94.781424630402498 91.06517002936441 84.826474201474213 78.188264865110796 41.213235294117652 78.188264865110796 2.9126899964651827 42.010381593714932 11.180555555555557 65.222332015810295 31.198770491803284 62.882959525650953 50.336365144727516 8.8790342448879063
decision_type=2 2 2 2 2 2 2 2 2 2 2 2 2 2
left_child=3 5 -3 8 9 -2 -6 10 -1 -5 -8 12 -10 -12
right_child=1 2 -4 4 6 -7 7 -9 11 -11 13 -13 -14 -15
leaf_value=-0.013172687652825454 -0.0036353022026014425 0.0048629424626450658 0.025613379938369318 -0.0066851729178432464 -0.0062170836352444152 0.0048629424626450658 -0.0026281913664015534 0.0048629424626450658 -0.01001158679042991 -0.0026281913664015534 -0.0026281913664015534 -0.0066851729178432464 -0.0066851729178432464 0.0012247202055457969
leaf_weight=4.9890627404674879 13.021745605859911 8.0659660757519323 12.269948600791393 9.983784664887926 1.6607321575283993 9.6420260607264918 1.0674934126436699 31.003825955092907 21.648515541339293 4.5265615396201619 0.53295087534934271 23.385390511481091 10.706199684180318 5.5208841513376683
leaf_count=823 386 81 74 478 66 118 113 931 4039 315 47 2619 1708 532
internal_value=0.000720081 0.0103347 0.0179967 -0.00293221 0.00131038 0.00298965 0.00298965 0.00486294 -0.00668517 -0.00668517 -0.000690216 -0.00668517 -0.00851174 0.000537266
internal_weight=158.025 42.9997 20.3359 115.025 54.2962 22.6638 39.7859 38.1252 60.7292 14.5103 7.12133 55.7401 32.3547 6.05384
internal_count=12330 659 155 11671 2482 504 1689 1623 9189 793 692 8366 5747 579
is_linear=0
shrinkage=0.03


Tree=4
num_leaves=15
num_cat=0
split_feature=5 9 2 8 8 1 2 10 7 1 0 8 3 9
split_gain=17.7696 1.7266 2.1658 1.33133 0.801779 0.44195 0.548165 0.154546 0.115418 0.105595 0.0549129 0.0513631 0.032625 0.00882672
threshold=82.853692201518314 27.812939521800285 59.430780933062891 63.69318181818182 90.070422535211279 3.3219998738780405 85.166848814115042 40.129870129870135 49.626865671641802 89.082271647592322 90.291433826130032 91.12517580872013 90.595322466335958 68.387741505662902
decision_type=2 2 2 2 2 2 2 2 2 2 2 2 2 2
left_child=7 5 3 8 -4 -2 11 13 -3 -9 -10 12 -7 -1
right_child=1 2 4 -5 -6 6 -8 9 10 -11 -12 -13 -14 -15
leaf_value=-0.015535176462343711 -0.010665513383076943 -0.0015792960510864842 0.013298686290168855 0.011048983849886174 0.02664830124159543 -0.0033705017063540067 0.013298686290168855 -0.010665513383076943 -0.00016520803465880111 -0.0033705017063540067 0.0039074773433911605 0.0027053918151773069 -0.0015792960510864842 -0.010665513383076943
leaf_weight=14.79436616622843 2.2120086024515304 2.9200656223110864 42.316372365457937 13.407648869790135 5.0746888434514394 2.5226666578091663 1.9346775435842571 37.481737853726372 8.0081262108869797 6.2561366078443816 3.6741449495311835 1.1891057724133132 3.608631229493767 8.5228223642334324
leaf_count=2292 61 118 900 210 76 128 100 5848 201 810 74 78 178 1256
internal_value=0.000847936 0.00975561 0.0113854 0.00454762 0.0152493 -0.00101468 -0.00101468 -0.0106655 -0.00101468 -0.0106655 0.00132278 -0.0015793 -0.00267311 -0.0138901
internal_weight=153.923 86.8681 75.401 28.01 47.3911 11.4671 9.25508 67.0551 14.6023 43.7379 11.6823 7.3204 6.1313 23.3172
internal_count=12330 2124 1579 603 976 545 484 10206 393 6658 275 384 306 3548
is_linear=0
shrinkage=0.03


Tree=5
num_leaves=14
num_cat=0
split_feature=5 11 2 1 8 10 1 11 2 8 11 1 2
split_gain=14.8305 2.58015 1.69323 1.2178 1.15564 0.261045 0.189835 0.0954278 0.0836743 0.0732505 0.207307 0.0423637 0.0236731
threshold=83.275150922209761 88.789197072949946 61.925832279814585 6.8839839623687604 44.519519519519527 95.180023228803734 44.777850884787206 95.416157383155834 94.346440044135974 90.697115384615401 90.011086474501127 84.063299232736583 67.169786096256701
decision_type=2 2 2 2 2 2 2 2 2 2 2 2 2
left_child=9 4 6 -4 5 8 -3 -5 11 -1 -11 -2 -6
right_child=1 2 3 7 12 -7 -8 -9 -10 10 -12 -13 -14
leaf_value=-0.012423340612732413 -0.012423340612732413 0.0031737509745359176 0.0074239480366875736 0.013020430194193907 0.0031737509745359176 0.0031737509745359176 0.0095624985765812992 0.024866794390377232 -9.0504076805773221e-05 -0.011975516077447011 0.0031737509745359176 -0.0019911254267591877 0.0054778109353406613
leaf_weight=53.937671597348526 3.9374728435650459 2.9366568801924577 8.8758383896201867 4.8208280894905355 15.592759977094827 0.58858613250777114 4.4668641579337418 11.437503174878655 0.57632918749004591 5.1508449586108318 0.59553046361543227 0.76945324148982752 31.243858729954809
leaf_count=9346 395 61 95 96 522 39 86 76 54 874 63 62 592
internal_value=-0.000617013 0.00738215 0.0139015 0.0175398 0.00317375 -0.00918823 0.00317375 0.0223122 -0.0111834 -0.0119755 -0.00655365 -0.0119755 0.00317375
internal_weight=144.93 85.2462 32.5377 25.1342 52.7085 5.87184 7.40352 16.2583 5.28326 59.684 5.74638 4.70693 46.8366
internal_count=12361 2078 414 267 1664 550 147 172 511 10283 937 457 1114
is_linear=0
shrinkage=0.03


Tree=6
num_leaves=13
num_cat=0
split_feature=5 9 2 1 7 4 1 8 1 4 1 1
split_gain=14.9594 1.46707 0.963243 0.475887 0.699858 0.495306 0.344152 0.377527 0.414282 0.259448 0.0457202 0.0755435
threshold=83.275150922209761 6.2114197530864201 56.090012928248228 25.242741327300152 49.626865671641802 47.160965492042003 0.92380723791236641 92.907444668008068 28.807572209211553 88.676972039099809 74.652591623598042 83.642826367944863
decision_type=2 2 2 2 2 2 2 2 2 2 2 2
left_child=-1 -2 3 9 11 10 -4 -8 -9 -3 -6 -5
right_child=1 2 6 4 5 -7 7 8 -10 -11 -12 -13
leaf_value=-0.012024360753977635 -0.012024360753977635 -0.012024360753977635 -0.00052685804231878688 -0.0040016671992393433 -0.0040016671992393433 0.010117591919582308 0.010117591919582308 0.010117591919582308 0.022718313540662189 -0.0040016671992393433 0.0012665497420827957 0.001261682490297112
leaf_weight=56.386189259123057 2.3176763793453565 1.8927818881347804 2.5326517643406978 3.1091979464981696 0.95343038812279557 6.5313120749779046 53.367306697880849 4.5961460359394533 4.8521762802265584 1.0060083935968576 1.1008832282386718 2.0322686941362917
leaf_count=10283 116 98 61 127 46 242 1116 62 45 51 54 60
internal_value=-0.000182952 0.00778635 0.00849593 0.00190955 0.00428424 0.00914604 0.0101176 0.0105483 0.0167092 -0.00755027 -0.00338896 -0.00400167
internal_weight=140.678 84.2918 81.9742 16.6259 13.7271 8.58563 65.3483 62.8156 9.44832 2.89879 2.05431 5.14147
internal_count=12361 2078 1962 678 529 342 1284 1223 107 149 100 187
is_linear=0
shrinkage=0.03


Tree=7
num_leaves=13
num_cat=0
split_feature=5 11 1 7 1 4 7 2 3 1 1 3
split_gain=16.1663 3.75474 1.74573 1.03641 0.464865 0.697557 0.550519 0.395326 0.392966 0.314996 0.124468 0.0144344
threshold=83.275150922209761 94.781424630402498 6.8839839623687604 13.383084577114429 37.165977886924729 90.240998838559833 49.626865671641802 72.53830306987426 93.270346243084077 63.658246915010729 19.281411359724618 84.063299232736583
decision_type=2 2 2 2 2 2 2 2 2 2 2 2
left_child=-1 3 -3 9 5 6 -5 8 -8 -2 -7 -9
right_child=1 2 -4 4 -6 10 7 11 -10 -11 -12 -13
leaf_value=-0.012651266502581617 -0.012651266502581617 0.0039773991315345536 0.021729480257776955 -0.012198625913241216 0.0079971905226447777 0.0039773991315345536 -0.012198625913241216 0.0010597215361493537 0.0036449878250040522 0.0033941336607428642 0.0079971905226447777 0.0039773991315345536
leaf_weight=53.805996597046033 1.8121484925504767 7.2497246307320919 19.703790346160531 3.1403875453397623 22.089792460436001 12.161746601108463 2.1187934796325858 2.5136599806137365 0.99632206745445717 0.72352504730224598 5.2058649770915499 6.4465010003186762
leaf_count=10283 136 66 158 137 736 347 104 57 56 40 116 125
internal_value=5.84415e-05 0.00823706 0.0172678 0.00375874 0.0039774 0.00232476 -0.00275668 0.000444022 -0.00741145 -0.0124262 0.0039774 0.00364499
internal_weight=137.968 84.1623 26.9535 57.2087 54.6731 32.5833 15.2157 12.0753 3.11512 2.53567 17.3676 8.96016
internal_count=12361 2078 224 1854 1678 942 479 342 160 176 463 182
is_linear=0
shrinkage=0.03


Tree=8
num_leaves=11
num_cat=0
split_feature=3 0 11 9 7 4 11 4 9 4
split_gain=10.9268 3.57491 1.27746 0.908231 0.366713 0.231765 0.126136 0.203121 0.0386512 0.0506714
threshold=76.603912256897345 90.291433826130032 94.781424630402498 28.080031539522967 49.626865671641802 97.511875014069929 93.348641972707796 97.511875014069929 70.412457912457924 93.270346243084077
decision_type=2 2 2 2 2 2 2 2 2 2
left_child=1 5 -2 -4 -5 8 7 9 -1 -3
right_child=2 6 3 4 -6 -7 -8 -9 -10 -11
leaf_value=-0.014307881604773344 0.0072117984295474282 -0.006754469465744632 0.0072117984295474282 0.0095860692470973435 0.02060365995019867 0.0038197396976427955 0.0072117984295474282 0.0072117984295474282 -0.0098714787729587781 0.00016077274281240146
leaf_weight=33.053126570768654 56.476487040519714 1.2405562170315527 4.83261715108529 7.1147551233880248 12.423807049170135 0.32695458130910893 3.4645146708935499 1.3294543484225867 14.095051704673095 1.581425962038338
leaf_count=6420 2671 93 78 68 97 25 43 58 2717 91
internal_value=0.00022354 -0.00997766 0.0072118 0.0140941 0.0172538 -0.0130205 0.0072118 0.00381974 -0.0132142 -0.00385108
internal_weight=135.939 55.0911 80.8477 24.3712 19.5386 47.4751 7.61595 4.15144 47.1482 2.82198
internal_count=12361 9447 2914 243 165 9162 285 242 9137 184
is_linear=0
shrinkage=0.03


Tree=9
num_leaves=15
num_cat=0
split_feature=5 11 8 8 10 9 3 4 8 1 2 11 1 4
split_gain=14.5346 1.40634 1.94782 0.754884 0.551291 0.359004 0.25622 0.521622 0.206715 0.155942 0.150153 0.145798 0.0908195 0.0678598
threshold=83.275150922209761 94.781424630402498 76.028169014084526 31.129326047358838 70.859704641350234 63.472022955523677 89.821006687222209 97.864765678648226 64.459064327485393 37.558768347864479 61.925832279814585 23.378289276509026 8.0917366946778717 76.603912256897345
decision_type=2 2 2 2 2 2 2 2 2 2 2 2 2 2
left_child=-1 2 3 -2 9 6 7 8 -5 -4 -3 -7 -12 -13
right_child=1 10 4 5 -6 11 -8 -9 -10 -11 12 13 -14 -15
leaf_value=-0.012311796892710399 -0.0092511586833333957 0.013279781889849008 0.0054950246429604473 -0.0092511586833333957 0.013279781889849008 0.002256055803559484 0.002256055803559484 0.002256055803559484 0.0016463769370677391 0.010718099606693827 0.013279781889849008 0.002256055803559484 0.019493934805932294 0.0054950246429604473
leaf_weight=50.694562155520543 4.6266362995374939 6.5993007258512391 4.939371211454274 3.4197885419707772 8.0088725052773935 4.0351366479881081 11.183752581011502 1.297261399682611 1.3051380557008085 5.2514746729284525 7.6925062136724618 3.5648767706006748 13.749962996691464 7.9950680183246732
leaf_count=10283 432 77 147 170 148 125 368 38 40 113 64 101 83 172
internal_value=0.000224568 0.00787597 0.0049655 0.000953902 0.012736 0.00262445 -0.000396018 -0.00494107 -0.00925116 0.00549502 0.0132798 0.00549502 0.0170053 0.00549502
internal_weight=134.364 83.6691 55.6274 37.4277 18.1997 32.801 17.2059 6.02219 4.72493 10.1908 28.0418 15.5951 21.4425 11.5599
internal_count=12361 2078 1854 1446 408 1014 616 248 210 260 224 398 147 273
is_linear=0
shrinkage=0.03


Tree=10
num_leaves=10
num_cat=0
split_feature=5 11 8 7 1 4 8 8 7
split_gain=12.1184 1.94017 2.49623 1.22926 0.705188 0.908889 0.522951 0.514843 0.111821
threshold=83.275150922209761 94.463428936986887 76.516544117647072 54.616477272727273 20.477746654217245 93.654665118079762 31.129326047358838 44.058823529411775 24.217986314760513
decision_type=2 2 2 2 2 2 2 2 2
left_child=-1 2 6 7 5 -4 -2 -3 -8
right_child=1 3 4 -5 -6 -7 8 -9 -10
leaf_value=-0.011998190009880446 -0.011998190009880446 0.00038570646699233839 -0.0022910846093750501 0.02288571411293706 0.010519177473625088 0.010519177473625088 -0.0095614914514055224 0.010694223511480715 -0.0022910846093750501
leaf_weight=50.251996731152758 3.4448046910110852 5.9961891984567144 3.300685819238427 7.7678761510178438 15.203349749557672 3.8010729504749179 2.4761318699456814 15.770931495353578 26.584215966053307
leaf_count=10283 427 55 99 53 244 64 123 139 873
internal_value=-0.000470762 0.00645727 0.00301714 0.0125335 0.0105192 0.000927768 -0.00229108 0.0105192 -0.00229108
internal_weight=134.597 84.3453 54.8103 29.535 22.3051 7.10176 32.5052 21.7671 29.0603
internal_count=12360 2077 1830 247 407 163 1423 194 996
is_linear=0
shrinkage=0.03


Tree=11
num_leaves=14
num_cat=0
split_feature=5 7 8 9 1 2 2 4 2 7 10 8 2
split_gain=11.1277 1.36604 0.870992 0.821961 0.577832 1.30152 0.358568 0.358175 0.257514 0.383286 0.243366 0.0609018 0.00281905
threshold=83.275150922209761 78.989813242784393 44.058823529411775 8.3835341365461868 8.0917366946778717 81.60943506694359 55.935946304275774 66.028675271155905 90.298719405143046 24.80769230769231 28.660714285714288 70.438540332906541 97.681696817477302
decision_type=2 2 2 2 2 2 2 2 2 2 2 2 2
left_child=12 2 8 -4 -3 -6 7 -5 9 -2 -9 -12 -1
right_child=1 4 3 6 5 -7 -8 10 -10 -11 11 -13 -14
leaf_value=-0.011490006682281412 -0.011443118859754946 0.0067196076808075881 -0.0032522054895960887 -0.0032522054895960887 0.0077421699755061786 0.028733123513221801 0.0067196076808075881 -0.0032522054895960887 -0.0032522054895960887 -0.0032522054895960887 0.00086584349888466951 0.0067196076808075881 -0.0032522054895960887
leaf_weight=49.69935671472922 3.3758578666020167 2.104415568057445 2.0390056613832703 4.1972182644531113 7.1198985909577441 4.5836204560473561 44.574022983200848 1.8661530776880679 3.9287960510700941 3.1868167240172625 2.1871024305000901 3.6634537023492157 0.38663967489264806
leaf_count=10207 200 46 100 150 167 62 798 55 112 230 87 70 76
internal_value=-0.000409426 0.00631968 0.00446653 0.00588157 0.0146554 0.0175778 0.00671961 0.0013824 -0.00325221 -0.00891296 0.00511542 0.00671961 -0.0114431
internal_weight=132.912 82.8264 69.0184 58.527 13.8079 11.7035 56.488 11.9139 10.4915 6.56267 7.71671 5.85056 50.086
internal_count=12360 2077 1802 1260 275 229 1160 362 542 430 212 157 10283
is_linear=0
shrinkage=0.03


Tree=12
num_leaves=11
num_cat=0
split_feature=5 7 8 2 2 9 2 1 7 1
split_gain=10.512 1.07406 0.707265 0.720241 0.506209 0.54015 0.34686 0.175139 0.119193 0.0790663
threshold=83.275150922209761 78.629976580796267 44.058823529411775 90.298719405143046 60.914300216386621 76.339712918660311 55.935946304275774 35.981594421492126 25.834260289210238 83.642826367944863
decision_type=2 2 2 2 2 2 2 2 2 2
left_child=9 2 3 7 -3 -6 -4 -2 -9 -1
right_child=1 4 6 -5 5 -7 -8 8 -10 -11
leaf_value=-0.012115602808113557 -0.011387335241374707 0.0054700591490209009 3.9316598488376697e-05 0.0054700591490209009 0.0054700591490209009 0.020387433709894889 0.0054700591490209009 -0.0072446077152640677 3.9316598488376697e-05 -0.0072446077152640677
leaf_weight=40.45715656853281 2.3299961236771178 4.226183257531372 10.599214151035993 3.8830160764046013 3.8235254040919227 7.6127247312106192 46.484478243160993 1.6633601346984508 1.5841589430347083 8.6525905206799489
leaf_count=8499 201 112 402 112 81 89 854 110 116 1784
internal_value=-0.000535935 0.00600557 0.00422069 -0.0031201 0.0128805 0.0160821 0.00547006 -0.00937758 -0.00279121 -0.0113873
internal_weight=131.316 82.2067 66.5442 9.46053 15.6624 11.4363 57.0837 5.57752 3.24752 49.1097
internal_count=12360 2077 1795 539 282 170 1256 427 226 10283
is_linear=0
shrinkage=0.03


Tree=13
num_leaves=13
num_cat=0
split_feature=5 11 8 7 10 1 11 1 10 3 7 1
split_gain=9.55931 3.27096 2.73649 1.08352 0.821686 0.602858 0.375634 0.253378 0.153218 0.102712 0.0886446 0.0761079
threshold=83.275150922209761 94.463428936986887 76.028169014084526 66.915422885572141 27.95348837209303 19.281411359724618 98.861024196101042 8.4805771365149862 57.097069597069599 93.270346243084077 70.540019286403108 83.642826367944863
decision_type=2 2 2 2 2 2 2 2 2 2 2 2
left_child=11 2 7 6 -4 10 -3 9 -9 -2 -6 -1
right_child=1 3 4 -5 5 -7 -8 8 -10 -11 -12 -13
leaf_value=-0.011454192437456148 -0.010748009444594479 0.010036507932819657 -0.0049251936942041356 0.024530234457782307 -0.00034117709929013315 0.010036507932819657 0.017941747873788664 -0.0051901418992271967 -0.00034117709929013315 -0.0051901418992271967 0.0043700177945096277 -0.0065995101947708195
leaf_weight=39.670004837913439 3.1895701286848803 17.680941584520056 2.9475319106131819 6.087463926523923 3.4314077156595912 14.872660134918986 6.0216389298439017 12.81849938305095 10.449589991476385 1.7556419488973913 2.9050343059934676 8.5139164319261891
leaf_count=8499 223 165 62 34 91 219 48 640 482 71 42 1784
internal_value=-0.000265951 0.00593673 0.00134745 0.0136987 0.00857804 0.0100365 0.0100365 -0.00492519 -0.00492519 -0.010748 0.000619943 -0.010748
internal_weight=130.344 82.16 52.3699 29.79 24.1566 21.2091 23.7026 28.2133 23.2681 4.94521 6.33644 48.1839
internal_count=12360 2077 1830 247 414 352 213 1416 1122 294 133 10283
is_linear=0
shrinkage=0.03


Tree=14
num_leaves=11
num_cat=0
split_feature=5 11 8 9 1 4 8 9 10 9
split_gain=8.85826 2.22492 2.34011 0.920953 0.472657 0.958158 0.25409 0.18703 0.0389259 0.010297
threshold=83.275150922209761 94.463428936986887 76.028169014084526 28.080031539522967 26.055288377563262 93.270346243084077 40.129870129870135 38.507877664504186 95.861872146118728 68.52892218060758
decision_type=2 2 2 2 2 2 2 2 2 2
left_child=-1 2 6 -3 5 9 8 -6 -2 -4
right_child=1 3 4 -5 7 -7 -8 -9 -10 -11
leaf_value=-0.010153692746696195 -0.010153692746696195 0.0084193805284291708 -0.0042184016248306136 0.015890069317876364 0.0084193805284291708 0.0084193805284291708 -0.0042184016248306136 0.015111448635067587 -0.0042184016248306136 0.0015775350345397289
leaf_weight=48.106196757871658 4.2990969426464423 6.4572031176649096 2.4670380800962466 23.51828530896455 5.5151584334671471 5.0170462573878467 20.905422248877585 9.9404782932251674 0.56293578585609783 2.1524223247542977
leaf_count=10283 543 81 86 166 94 75 848 123 25 36
internal_value=-8.1312e-05 0.00596374 0.00205871 0.0123091 0.00841938 0.00158872 -0.0042184 0.00841938 -0.0101537 -0.0042184
internal_weight=128.941 80.8351 50.8596 29.9755 25.0921 9.63651 25.7675 15.4556 4.86203 4.61946
internal_count=12360 2077 1830 247 414 197 1416 217 568 122
is_linear=0
shrinkage=0.03


Tree=15
num_leaves=12
num_cat=0
split_feature=5 11 7 2 1 7 10 9 10 1 10
split_gain=7.26451 1.73083 0.926725 1.08583 1.29473 0.537247 0.425519 0.344647 0.206595 0.153398 0.0273547
threshold=83.275150922209761 99.265604774917321 61.952380952380956 73.248701189877679 23.261761886902534 78.989813242784393 17.445652173913047 87.349046995489616 11.035007610350076 45.172260361047556 79.19372294372296
decision_type=2 2 2 2 2 2 2 2 2 2 2
left_child=10 2 6 9 5 -5 7 8 -2 -4 -1
right_child=1 -3 3 4 -6 -7 -8 -9 -10 -11 -12
leaf_value=-0.010884855059515188 -0.010267402725132119 0.01884564028102044 0.00027969114898297292 0.00027969114898297292 0.01884564028102044 0.010611189897575026 0.00027969114898297292 0.00027969114898297292 -0.0025179590390785418 0.004441929132927778 -0.006954320151484476
leaf_weight=38.565405661007389 2.4930228611920011 5.9284373745322219 3.7527850121259689 4.6277576850261557 6.8174237948842338 4.7917989855632186 34.886857307283208 1.9545702598989008 3.9511880804784596 7.0972990128211677 9.4727709135040623
leaf_count=8258 108 42 119 84 96 68 1202 71 108 148 1994
internal_value=-0.00124425 0.00449593 0.00303996 0.00728391 0.011969 0.00387406 0.000279691 -0.00610426 -0.00937088 0.000279691 -0.0102674
internal_weight=124.339 76.3011 70.3727 27.0871 16.237 9.41956 43.2856 8.39878 6.44421 10.8501 48.0382
internal_count=12298 2046 2004 515 248 152 1489 287 216 267 10252
is_linear=0
shrinkage=0.03


Tree=16
num_leaves=13
num_cat=0
split_feature=5 2 7 3 0 10 10 8 2 8 5 7
split_gain=6.88605 1.23904 0.962383 0.713782 0.738695 0.842509 0.385028 0.329419 0.123638 0.313859 0.0480667 0.000690543
threshold=83.275150922209761 74.181367084180394 83.457711442786078 87.141273360785576 71.016095934333734 15.635345047109753 77.84992784992788 80.917366946778728 45.384076254555659 84.463601532567068 49.142151709388877 49.626865671641802
decision_type=2 2 2 2 2 2 2 2 2 2 2 2
left_child=10 3 6 -2 -5 -6 -3 -8 9 11 -1 -7
right_child=1 2 -4 4 5 8 7 -9 -10 -11 -12 -13
leaf_value=-0.01142856538918326 -0.0088825700496819194 0.0053095857143850064 0.01696329655427823 -0.0086297511717107304 -0.0086297511717107304 -0.0068159661325940075 0.0053095857143850064 0.014954481545819426 0.0053095857143850064 0.0053095857143850064 -0.0088825700496819194 -0.0025742426973612729
leaf_weight=27.80263878335245 5.8776538185775342 26.509788678493351 7.1881623226217917 3.8740336634218719 2.1604362130165127 1.1229658757802128 5.3956777809653413 6.5183321968652308 12.180662168655543 2.7314927573315799 19.703647191170603 2.2093603978864849
leaf_count=6017 255 648 92 134 102 80 168 69 336 43 4235 119
internal_value=-0.00119617 0.00440492 0.00747066 -0.000322973 0.00201862 0.00434901 0.00530959 0.0106963 0.00530959 0.000373107 -0.0100361 -0.005247
internal_weight=123.275 75.7686 45.612 30.1566 24.279 20.4049 38.4238 11.914 18.2445 6.06382 47.5063 3.33233
internal_count=12298 2046 977 1069 814 680 885 237 578 242 10252 199
is_linear=0
shrinkage=0.03


Tree=17
num_leaves=13
num_cat=0
split_feature=5 11 7 2 1 11 11 7 8 1 11 1
split_gain=6.29265 2.38344 1.00204 1.09502 1.02604 0.888368 0.239112 0.495961 0.498838 0.118132 0.100472 0.0950328
threshold=83.275150922209761 99.265604774917321 61.952380952380956 73.248701189877679 23.261761886902534 88.165652285999315 94.463428936986887 36.882591093117419 78.297101449275374 11.305207646671063 23.378289276509026 45.172260361047556
decision_type=2 2 2 2 2 2 2 2 2 2 2 2
left_child=-1 2 6 11 5 -5 7 -2 9 -9 -11 -4
right_child=1 -3 3 4 -6 -7 -8 8 -10 10 -12 -13
leaf_value=-0.0092665565709155011 -0.0089474257907895226 0.020658330764759484 -0.00023333382290385878 -0.00023333382290385878 0.018466966380085895 0.013045235512312381 -0.00023333382290385878 -0.0089474257907895226 -0.00023333382290385878 -0.0078547962829898631 -0.0012594836580472211 0.0032315270861045194
leaf_weight=46.852728119120002 7.7136516533792046 6.5133954919874659 3.5780204669572431 5.6180208970326948 8.2653558640740794 4.8096580011770129 15.271818265318869 2.6140809240750995 6.4415993611328295 2.4183039241470379 6.5790674984455109 6.5960288629867136
leaf_count=10252 530 42 119 118 96 34 159 170 132 152 346 148
internal_value=-0.000719631 0.00457252 0.00280353 0.00698411 0.0111267 0.00420169 -0.000233334 -0.00306916 -0.000233334 -0.0062002 -0.00364054 -0.000233334
internal_weight=123.272 76.419 69.9056 28.8671 18.693 10.4277 41.0385 25.7667 18.0531 11.6115 8.99737 10.174
internal_count=12298 2046 2004 515 248 152 1489 1330 800 668 498 267
is_linear=0
shrinkage=0.03


Tree=18
num_leaves=13
num_cat=0
split_feature=5 11 7 11 8 7 2 1 4 1 11 4
split_gain=6.96222 2.50042 0.720427 1.01308 0.427471 0.693921 0.319774 0.963975 0.0779285 0.0715776 0.0456629 0.0329316
threshold=83.275150922209761 98.861024196101042 54.616477272727273 94.463428936986887 78.446455505279047 36.882591093117419 81.60943506694359 24.856111598868406 76.603912256897345 83.642826367944863 86.278847822314788 86.731022276045977
decision_type=2 2 2 2 2 2 2 2 2 2 2 2
left_child=8 2 3 4 -2 -6 -4 -8 9 10 -1 -7
right_child=1 -3 6 -5 5 11 7 -9 -10 -11 -12 -13
leaf_value=-0.011576609358261819 -0.0066957845042258206 0.01957786954869585 0.0061757911282043559 0.0061757911282043559 -0.0066957845042258206 0.001380491865966538 0.0061757911282043559 0.01957786954869585 -0.0066957845042258206 -0.0066957845042258206 -0.0066957845042258206 0.0061757911282043559
leaf_weight=29.08670160244219 14.733134499052541 8.297053996473549 17.107150424271833 13.856490241363643 2.6613765372894695 2.5809129541739821 8.1659625554457289 5.6449457122944287 6.9785256038885555 7.6139694128651163 3.241017418447881 2.748971055727452
leaf_count=6361 1098 55 382 147 67 59 127 59 1523 1670 698 52
internal_value=-0.00064035 0.00496414 0.00290821 3.34349e-05 -0.00381439 0.00165178 0.00620191 0.0108671 -0.00960863 -0.010265 -0.0110464 0.00617579
internal_weight=122.716 75.796 67.4989 36.5809 22.7244 7.99126 30.9181 13.8109 46.9202 39.9417 32.3277 5.32988
internal_count=12298 2046 1991 1423 1276 178 568 186 10252 8729 7059 111
is_linear=0
shrinkage=0.03


Tree=19
num_leaves=11
num_cat=0
split_feature=5 11 7 2 1 11 10 3 1 10
split_gain=6.59345 2.32164 0.775284 1.06615 1.15337 0.817239 0.532089 0.178516 0.055543 0.0327128
threshold=83.275150922209761 99.265604774917321 61.952380952380956 72.53830306987426 23.261761886902534 88.165652285999315 11.035007610350076 94.450603596945072 77.37825899590608 79.19372294372296
decision_type=2 2 2 2 2 2 2 2 2 2
left_child=9 2 6 8 5 -5 7 -2 -4 -1
right_child=1 -3 3 4 -6 -7 -8 -9 -10 -11
leaf_value=-0.0098229872992817938 -0.0092288246903365605 0.020391492316885421 0.00024829952346012925 0.00024829952346012925 0.017733670149445161 0.012443135862869709 0.00024829952346012925 0.00024829952346012925 0.0044054409126404554 -0.0060848142082577019
leaf_weight=37.538496082881466 2.0192099302075799 6.9313038103282443 7.5064469994977117 5.8046878031454998 9.3950814404524845 4.6287406305782497 34.432128778193146 1.2748088943772016 3.1037149433977902 9.2184640448540431
leaf_count=8258 116 42 194 118 104 34 1314 59 65 1994
internal_value=-0.000495142 0.00499251 0.00315449 0.006634 0.0106223 0.00322775 0.0002483 -0.00922882 0.0002483 -0.00922882
internal_weight=121.853 75.0961 68.1648 30.4387 19.8285 10.4334 37.7261 3.29402 10.6102 46.757
internal_count=12298 2046 2004 515 256 152 1489 175 259 10252
is_linear=0
shrinkage=0.03


Tree=20
num_leaves=15
num_cat=0
split_feature=5 2 1 4 8 2 9 0 8 1 9 2 0 7
split_gain=6.91562 1.47668 1.16104 0.801018 0.562991 0.447329 0.577329 0.22331 0.184441 0.100314 0.0774768 0.0377368 0.0335789 0.0318684
threshold=83.275150922209761 85.021235214733679 41.988245852121004 99.034980501717015 92.907444668008068 76.19586533747345 43.226559893226565 91.831828885400327 46.515298688683835 83.642826367944863 86.996779388083752 94.346440044135974 88.393848759085571 48.074074074074083
decision_type=2 2 2 2 2 2 2 2 2 2 2 2 2 2
left_child=9 2 3 5 8 10 -7 -8 -3 11 -2 -1 -10 -14
right_child=1 4 -4 -5 -6 6 7 -9 12 -11 -12 -13 13 -15
leaf_value=-0.0095241258232339737 -0.0088190927239029781 0.007038073561848367 0.007038073561848367 0.007038073561848367 0.019120550956730677 -0.0079765766784906603 -0.001717733864694305 0.007038073561848367 0.007038073561848367 -0.0044883506823317418 -0.001717733864694305 -0.0044883506823317418 0.007038073561848367 0.013067448297573125
leaf_weight=36.184054353274405 10.500276322010903 6.4702040837146582 23.490981751587242 1.7698225760832418 6.0456504346802822 2.6150964763946822 2.2951218844391406 2.9141851277090609 3.1520191607996848 7.7041747323237351 1.449195577064528 1.8073736100923259 3.7878886731341472 10.635816962458192
leaf_count=8023 445 193 731 31 57 88 48 64 68 1716 79 407 81 185
internal_value=0.000522465 0.00609365 0.00255645 -0.00242569 0.0111349 -0.00454988 0.000994276 0.0064559 0.00844388 -0.00857124 -0.00797658 -0.00926285 0.0108153 0.0117661
internal_weight=120.822 75.1263 45.0347 21.5437 30.0916 19.7739 7.8244 5.20931 24.0459 45.6956 11.9495 37.9914 17.5757 14.4237
internal_count=12216 2070 1486 755 584 724 200 112 527 10146 524 8430 334 266
is_linear=0
shrinkage=0.03


Tree=21
num_leaves=14
num_cat=0
split_feature=11 3 11 4 2 2 7 2 9 11 3 10 8
split_gain=6.86601 2.03108 1.88448 1.21724 0.592235 0.427039 0.597541 0.246529 0.201769 0.517137 0.22711 0.0188524 0.00714618
threshold=94.463428936986887 86.731022276045977 98.861024196101042 98.269402373879998 92.814827352742057 61.71295248868779 62.258652094717675 78.820172643531677 68.387741505662902 88.789197072949946 84.063299232736583 79.19372294372296 78.446455505279047
decision_type=2 2 2 2 2 2 2 2 2 2 2 2 2
left_child=1 3 5 8 -3 -2 -6 -4 11 10 12 -1 -10
right_child=2 4 7 -5 6 -7 -8 -9 9 -11 -12 -13 -14
leaf_value=-0.010319006460884012 0.0022351186066145762 0.0022351186066145762 0.011263786702959471 0.0022351186066145762 0.0022351186066145762 0.010160163526226593 0.010160163526226593 0.029290490520826565 -0.0078541054666401294 0.0022351186066145762 0.0022351186066145762 -0.0078541054666401294 -0.0040585369964849941
leaf_weight=27.420916689792648 4.6989652619231626 29.061561509035528 2.8769468590617162 2.2203129546251139 2.6255128630436948 15.551408125087617 4.3435698435641825 5.2771355295553803 12.855087656062105 1.7524581365287293 1.0975488836411376 6.7879548275377593 3.7283722588326773
leaf_count=5431 280 1348 86 76 97 270 46 50 2491 156 102 1247 536
internal_value=0.000721895 -0.00328343 0.0133508 -0.00681952 0.00223512 0.0077666 0.0077666 0.0248555 -0.00803417 -0.00513543 -0.00696287 -0.00948826 -0.00785411
internal_weight=120.298 91.8933 28.4045 55.8627 36.0306 20.2504 6.96908 8.15408 53.6423 19.4335 17.681 34.2089 16.5835
internal_count=12216 11530 686 10039 1491 550 143 136 9963 3285 3129 6678 3027
is_linear=0
shrinkage=0.03


Tree=22
num_leaves=13
num_cat=0
split_feature=5 2 1 2 0 10 8 9 1 9 5 10
split_gain=6.18177 1.17231 0.776105 0.727834 0.496387 0.42026 0.328129 0.156975 0.0926656 0.0420895 0.0348786 0.00245104
threshold=83.275150922209761 85.021235214733679 41.988245852121004 55.935946304275774 91.831828885400327 17.445652173913047 92.907444668008068 84.045454545454561 83.642826367944863 24.374609130706695 51.900248250959159 78.319623971797895
decision_type=2 2 2 2 2 2 2 2 2 2 2 2
left_child=8 2 4 7 11 -6 -3 -4 10 -5 -1 -2
right_child=1 6 3 9 5 -7 -8 -9 -10 -11 -12 -13
leaf_value=-0.0097975407147509064 -0.0072229807998884267 0.010419066989644668 0.00076979857312187909 0.0032220137102692151 -0.0072229807998884267 0.00076979857312187909 0.017862272925525377 0.0084284423863651616 -0.0040492431204076475 0.010419066989644668 -0.0072229807998884267 -0.0030819199786764205
leaf_weight=22.398071805946529 5.6809886759147075 24.632643354591 10.392651214497162 1.9611877482384343 1.8435863605700422 9.9692599165718985 6.2899513943120828 1.4187298966571678 7.6064992626197627 10.244069450069217 14.887954341247676 2.1709920400753617
leaf_count=5065 278 527 379 67 69 304 57 72 1716 213 3365 104
internal_value=0.000766839 0.00603303 0.00276441 0.00627683 -0.00162145 0.000769799 0.0104191 0.000769799 -0.00792548 0.0104191 -0.00858983 -0.00722298
internal_weight=119.497 74.6041 43.6815 24.0166 19.6648 11.8128 30.9226 11.8114 44.8925 12.2053 37.286 7.85198
internal_count=12216 2070 1486 731 755 373 584 451 10146 280 8430 382
is_linear=0
shrinkage=0.03


Tree=23
num_leaves=14
num_cat=0
split_feature=11 5 11 8 1 4 2 2 4 8 8 1 1
split_gain=5.5942 3.29073 0.789636 1.98342 0.669883 0.725353 0.663423 0.617646 0.152704 0.147959 0.0599762 0.0416528 0.103398
threshold=98.861024196101042 83.275150922209761 94.463428936986887 64.031250000000014 38.356071475153264 93.270346243084077 93.439135159396685 52.017032342312937 93.654665118079762 94.014925373134346 40.129870129870135 61.305147058823543 82.087860019629758
decision_type=2 2 2 2 2 2 2 2 2 2 2 2 2
left_child=1 12 3 11 5 9 -7 -6 -2 -5 -4 -3 -1
right_child=8 2 10 4 7 6 -8 -9 -10 -11 -12 -13 -14
leaf_value=-0.0080242212293190462 0.011625740263231972 -0.0072883939364704739 0.0043404152116050003 -0.0066042236127703217 -0.0016440830373216473 -0.0031836946309923 0.0083554852098818126 0.0083554852098818126 0.027940671048686812 -0.0031836946309923 0.0096046379640338762 -0.003104823504578321 -0.0036034682725022259
leaf_weight=35.681566790211946 3.0700872621964654 13.207120355684312 5.3507079272531 5.831427866593005 5.6530694863758955 4.0895381849259138 3.1253317180089653 10.299674404319374 4.8822769657708704 1.9844217100180683 12.723743232898412 4.682125909253954 8.3026820758823288
leaf_count=8160 111 869 60 206 141 88 51 137 25 41 122 312 1893
internal_value=0.00082976 -0.00100238 0.00317401 0.00112865 0.00566035 0.000841774 0.00720936 0.00835549 0.0236443 -0.00518721 0.00835549 -0.00660422 -0.00728839
internal_weight=118.884 110.931 66.9472 48.8727 30.9835 15.0307 7.21487 15.9527 7.95236 7.81585 18.0745 17.8892 43.9842
internal_count=12216 12080 2027 1845 664 386 139 278 136 247 182 1181 10053
is_linear=0
shrinkage=0.03


Tree=24
num_leaves=14
num_cat=0
split_feature=11 5 11 8 2 1 2 10 8 10 9 1 2
split_gain=5.1853 2.57463 0.655357 1.74252 0.630643 0.383334 0.39215 0.36266 0.181659 0.467259 0.107084 0.0870832 0.00165885
threshold=98.861024196101042 83.275150922209761 94.463428936986887 78.297101449275374 52.017032342312937 8.8790342448879063 87.486425339366534 57.820607857672364 39.314988290398134 64.826798629615553 42.644610903037879 82.087860019629758 85.166848814115042
decision_type=2 2 2 2 2 2 2 2 2 2 2 2 2
left_child=1 11 3 5 10 -3 -7 -2 -4 -6 -5 -1 -10
right_child=7 2 8 4 9 6 -8 -9 12 -11 -12 -13 -14
leaf_value=-0.0071525170998879891 0.010670159907895493 -0.006432191027299845 0.0042077626820175001 -0.0041685145811980002 0.0042077626820175001 -0.0041685145811980002 0.0042077626820175001 0.028631764679945847 0.0094528595961807411 0.0094528595961807411 0.0018510575589071579 -0.0041685145811980002 0.010670159907895493
leaf_weight=35.595982687314972 3.484987042611464 4.525976444128907 4.9468665556050864 2.581952617038044 7.402263700496408 14.574865543516355 6.4981819093227378 4.479592994786799 7.6263295519165677 9.3681798386387509 2.5478239604271948 8.3101073817815614 5.690634198486805
leaf_count=8160 71 316 58 61 151 960 184 65 87 120 53 1893 37
internal_value=0.000900366 -0.00088491 0.00285955 0.000945318 0.00699421 -0.00429797 -0.00261446 0.0228394 0.00753044 0.00753044 -0.00261446 -0.00643219 0.00945286
internal_weight=117.634 109.669 65.7631 47.4992 21.9002 25.599 21.073 7.96458 18.2638 16.7704 5.12978 43.9061 13.317
internal_count=12216 12080 2027 1845 385 1460 1144 136 182 271 114 10053 124
is_linear=0
shrinkage=0.03


Tree=25
num_leaves=15
num_cat=0
split_feature=5 8 11 8 10 2 11 1 11 11 4 3 4 5
split_gain=3.68706 0.999601 1.06839 0.770242 1.01531 0.653067 0.447362 0.249587 0.211773 0.0770234 0.0764936 0.0747481 0.0665035 0.004479
threshold=83.275150922209761 49.305421570519009 98.688510491916077 76.028169014084526 77.58148035333538 93.030058177117013 94.781424630402498 85.988043191389281 81.228436925656453 86.278847822314788 94.063845892824517 98.269402373879998 97.864765678648226 49.142151709388877
decision_type=2 2 2 2 2 2 2 2 2 2 2 2 2 2
left_child=9 8 3 6 10 -6 7 11 12 13 -5 -3 -2 -1
right_child=1 2 -4 4 5 -7 -8 -9 -10 -11 -12 -13 -14 -15
leaf_value=-0.0078026365720807213 -0.0064495022155778873 -0.0023454356435537306 0.016258889076230031 0.0030378638937047443 0.0059814729250456311 0.016258889076230031 0.0030378638937047443 0.0030378638937047443 -0.0023454356435537306 -0.0023454356435537306 0.0059814729250456311 0.0030378638937047443 -0.0023454356435537306 -0.0064495022155778873
leaf_weight=23.919641049113125 4.6567613559309367 14.127733916277064 7.7438375353813163 11.644516439642763 7.3321312721818668 3.7553988918662071 8.0147537253797037 1.9973706961609412 8.5119399679824692 5.5208670985884956 4.7924135206267229 1.2533338535577065 0.69294323865324248 15.657313359901307
leaf_count=5530 468 640 49 244 111 35 76 100 213 1235 68 59 44 3569
internal_value=0.0007132 0.00478856 0.00643034 0.00471718 0.00810228 0.0147377 0.000880003 -0.00234544 -0.00234544 -0.00597903 0.00303786 -0.00234544 -0.00597903 -0.0064495
internal_weight=119.621 74.5231 60.6615 52.9177 27.5245 11.0875 25.3932 17.3784 13.8616 45.0978 16.4369 15.3811 5.3497 39.577
internal_count=12441 2107 1382 1333 458 146 875 799 725 10334 312 699 512 9099
is_linear=0
shrinkage=0.03


Tree=26
num_leaves=15
num_cat=0
split_feature=5 9 11 8 1 11 1 2 7 4 2 1 11 5
split_gain=3.54887 0.999136 1.46588 1.14644 0.988921 1.06224 0.272071 0.418469 0.128649 0.0688921 0.184861 0.0605911 0.114374 0.0413709
threshold=83.275150922209761 6.2114197530864201 98.861024196101042 76.516544117647072 8.4805771365149862 94.463428936986887 85.988043191389281 85.166848814115042 65.075757575757592 93.270346243084077 85.166848814115042 41.183200969174862 12.544977118436835 49.142151709388877
decision_type=2 2 2 2 2 2 2 2 2 2 2 2 2 2
left_child=13 -2 3 4 -3 6 7 11 -8 -5 -11 -6 -13 -1
right_child=1 2 -4 9 5 -7 8 -9 -10 10 -12 12 -14 -15
leaf_value=-0.0074868227625889015 -0.00586924772994295 -0.00586924772994295 0.016580003600003612 0.0083816901986006557 -0.00586924772994295 0.0083816901986006557 0.0026715534293266026 0.0026715534293266026 0.0083816901986006557 0.0083816901986006557 0.015865505245513126 -0.00586924772994295 0.00019663031185083359 -0.00586924772994295
leaf_weight=26.395577480783686 2.9501973693259052 7.3537910517770788 8.4645872116088849 16.69736336497591 3.7969491120893597 9.0327921798452717 1.7344091003760689 7.1219493024982503 1.0179879665374754 4.3560102907940728 5.5863212682306767 0.76442641858011473 5.256718217395246 18.534115697722882
leaf_count=6113 119 318 48 301 375 88 125 212 29 61 61 56 314 4221
internal_value=0.000706563 0.004717 0.00551424 0.00378402 0.000254747 0.00295584 -0.00120411 -0.0026895 0.00621836 0.00838169 0.0118583 -0.00586925 -0.0022331 -0.00586925
internal_weight=119.063 74.1335 71.1833 62.7187 36.079 28.7252 19.6924 16.94 2.7524 26.6397 9.94233 9.81809 6.02114 44.9297
internal_count=12441 2107 1988 1940 1517 1199 1111 957 154 423 122 745 370 10334
is_linear=0
shrinkage=0.03


Tree=27
num_leaves=15
num_cat=0
split_feature=5 11 1 2 1 11 1 0 11 11 9 7 11 1
split_gain=3.46101 0.883377 0.529753 0.320372 0.49984 0.571994 0.561268 0.180083 0.149504 0.111141 0.0666165 0.0490278 0.268041 0.036952
threshold=83.275150922209761 98.861024196101042 98.623845971750981 52.651483039621915 26.443376068376072 88.465802490192743 5.2948331788693244 74.887883358471612 17.633130457199865 86.951712196998855 84.660633484162915 49.626865671641802 90.291433826130032 73.464642872537624
decision_type=2 2 2 2 2 2 2 2 2 2 2 2 2 2
left_child=7 2 3 -2 5 -5 -7 9 -6 10 -1 -10 -13 -12
right_child=1 -3 -4 4 8 6 -8 -9 11 -11 13 12 -14 -15
leaf_value=-0.0077023211755542298 -0.001558676443432705 0.013047975912307858 0.013047975912307858 -0.001558676443432705 0.0011878582591925253 -0.001558676443432705 0.0066930834321021863 -0.001558676443432705 0.0066930834321021863 -0.001558676443432705 -0.0049020513175669763 0.0066930834321021863 0.013047975912307858 -0.001558676443432705
leaf_weight=29.409636125899851 12.311716820811851 8.8986744210123998 1.6615790231153358 15.324370674323292 4.1861287318170204 4.2236611316911858 6.6322428868152201 5.5997576834633938 5.3148941150866476 4.2292482138145706 3.7722073036711654 10.09499856457114 5.1376860085874787 1.7656572323758153
leaf_count=6827 602 55 31 655 121 71 97 1277 180 953 876 244 51 401
internal_value=0.000670485 0.00464196 0.00330861 0.00268538 0.0037219 0.000771917 0.00592986 -0.00583243 0.00669308 -0.00654919 -0.00709812 0.00770748 0.00930917 -0.00320212
internal_weight=118.562 73.786 64.8873 63.2257 50.914 26.1803 10.8559 44.7765 24.7337 39.1767 34.9475 20.5476 15.2327 5.53786
internal_count=12441 2107 2052 2021 1419 823 168 10334 596 9057 8104 475 295 1277
is_linear=0
shrinkage=0.03


Tree=28
num_leaves=15
num_cat=0
split_feature=5 11 8 10 1 2 11 4 2 3 1 3 11 5
split_gain=3.34679 0.932108 0.82194 1.19662 0.835973 0.421306 0.201506 0.146564 0.101265 0.143536 0.0750206 0.0692034 0.0466554 0.0379437
threshold=83.275150922209761 98.861024196101042 76.028169014084526 77.58148035333538 8.4805771365149862 93.030058177117013 94.463428936986887 94.063845892824517 85.166848814115042 87.918698628568833 74.271776018099573 84.063299232736583 31.022049071618042 49.142151709388877
decision_type=2 2 2 2 2 2 2 2 2 2 2 2 2 2
left_child=13 2 4 7 -2 -5 8 10 9 -6 -4 -10 -11 -1
right_child=1 -3 3 5 6 -7 -8 -9 11 12 -12 -13 -14 -15
leaf_value=-0.0073488490300168754 -0.0057727767498393524 0.013098465076224818 0.0015752504354184229 0.0049673654497948251 -0.0057727767498393524 0.013098465076224818 0.0015752504354184229 0.0049673654497948251 -0.0029590601332368199 -0.0033180782560930586 0.0049673654497948251 0.0015752504354184229 0.00068409561817529428 -0.0057727767498393524
leaf_weight=26.163509566802531 6.5237118108198038 9.0497379526495916 8.7041223635897058 7.4793851273134333 3.149996792431927 3.9882751293480396 9.6168500520288926 5.0652352334000161 2.2349771722219876 3.1548716959077847 3.1494519296102235 5.1024288642220199 6.3971921703778207 18.379858372965828
leaf_count=6113 343 55 195 111 260 35 99 69 82 244 49 143 422 4221
internal_value=0.000641559 0.00454807 0.00316813 0.0068952 0.000137116 0.0130985 0.00157525 0.00157525 -0.00159636 -0.00313122 0.00157525 0.00111755 -0.000826929 -0.00577278
internal_weight=118.16 73.6162 64.5665 28.3865 36.18 11.4677 29.6563 16.9188 20.0395 12.7021 11.8536 7.33741 9.55206 44.5434
internal_count=12441 2107 2052 459 1593 146 1250 313 1151 926 244 225 666 10334
is_linear=0
shrinkage=0.03


Tree=29
num_leaves=12
num_cat=0
split_feature=5 9 11 8 2 1 11 1 1 5 2
split_gain=3.81484 0.951216 1.13887 0.780144 1.14332 0.338261 0.473045 0.221367 0.10126 0.0305489 0.00970488
threshold=83.275150922209761 6.2114197530864201 98.861024196101042 92.356377799415796 85.166848814115042 28.807572209211553 88.789197072949946 5.2948331788693244 25.242741327300152 49.142151709388877 57.611663046445663
decision_type=2 2 2 2 2 2 2 2 2 2 2
left_child=9 -2 3 5 10 6 8 -8 -3 -1 -5
right_child=1 2 -4 4 -6 -7 7 -9 -10 -11 -12
leaf_value=-0.0075700854813050616 -0.0060349397347262152 -0.0060349397347262152 0.01552731476839941 0.0022880222915500608 0.01552731476839941 0.0022880222915500608 -0.0050955115544555349 0.0022880222915500608 0.0015876318516418171 -0.0060349397347262152 0.0039343336691371519
leaf_weight=26.1206403109245 2.8144668994937083 10.952470817603173 8.4547880887985212 3.4758443399332446 5.8625481007620683 26.865170445293188 3.0655454322695714 6.2511811256408691 1.3672419665381301 18.329742205329239 4.6680836202576756
leaf_count=6113 119 648 48 65 53 889 63 101 60 4221 61
internal_value=0.000827075 0.00498681 0.00573929 0.00419172 0.0101921 0.00228802 -0.00141065 0.00228802 -0.00516887 -0.00603494 0.00228802
internal_weight=118.228 73.7773 70.9629 62.5081 14.0065 48.5016 21.6364 9.31673 12.3197 44.4504 8.14393
internal_count=12441 2107 1988 1940 179 1761 872 164 708 10334 126
is_linear=0
shrinkage=0.03


Tree=30
num_leaves=12
num_cat=0
split_feature=11 9 2 8 11 1 10 4 8 3 11
split_gain=2.55735 2.01516 2.22292 0.495622 0.376416 0.433881 0.509878 0.033752 0.0284702 0.0481497 0.0225871
threshold=94.463428936986887 27.812939521800285 59.927882551584013 54.616477272727273 99.265604774917321 28.807572209211553 31.017241379310349 59.325757575757585 39.863013698630148 86.347202295552378 76.654710027351555
decision_type=2 2 2 2 2 2 2 2 2 2 2
left_child=3 -2 -3 7 5 6 -4 -1 -9 10 -10
right_child=1 2 4 -5 -6 -7 -8 8 9 -11 -12
leaf_value=-0.0070663119682104012 -0.002527658389217187 -0.002527658389217187 -0.0024202833723641925 -0.002527658389217187 0.024046180449985043 0.018564330412194664 0.011707085266860489 -0.0057858615785153838 -0.0057858615785153838 -0.002527658389217187 -0.002527658389217187
leaf_weight=19.153179152170196 6.7170405301731106 3.7068768891040262 3.2007784917950648 50.193407121114433 4.8639586810022584 5.1160011473111799 5.1595052573829889 8.9190442885737884 3.9418328979518247 4.3170218912418932 0.99149936204776157
leaf_count=4226 228 227 44 4732 41 80 81 1470 751 250 182
internal_value=3.05739e-05 0.0076375 0.0120468 -0.00252766 0.0163642 0.012122 0.00661762 -0.00596369 -0.00449338 -0.00280431 -0.0054453
internal_weight=116.28 28.7642 22.0471 87.516 18.3402 13.4763 8.36028 37.3226 18.1694 9.25035 4.93333
internal_count=12312 701 473 11611 246 205 125 6879 2653 1183 933
is_linear=0
shrinkage=0.03


Tree=31
num_leaves=12
num_cat=0
split_feature=5 11 7 11 2 9 11 9 1 9 8
split_gain=2.31647 1.70242 0.743695 1.77705 0.57517 0.407939 0.632197 0.429167 0.133306 0.0739824 0.0949454
threshold=83.275150922209761 99.527184118751691 55.051020408163275 90.291433826130032 93.735189573459721 28.080031539522967 94.463428936986887 76.967285587975269 33.576655299801082 86.996779388083752 80.917366946778728
decision_type=2 2 2 2 2 2 2 2 2 2 2
left_child=9 2 5 4 7 10 -7 -4 -9 -1 -2
right_child=1 -3 3 -5 -6 6 -8 8 -10 -11 -12
leaf_value=-0.0058114783319438892 -0.0058114783319438892 0.020225577380822979 -0.0021441215172709714 0.015824482475432618 0.0092278180992727919 -0.0021441215172709714 0.0066082879706235113 0.00064594522465146939 0.0092278180992727919 -0.0021441215172709714 -0.0021441215172709714
leaf_weight=37.625155698508024 6.1049763648770714 4.0289848856627932 11.05904426192865 9.155941541772334 4.5496816756203762 17.330724092200402 11.563689409755169 2.5895056552253672 2.2617196687497199 6.2170667964965096 3.2535056187771261
leaf_count=8792 332 22 301 92 77 954 113 63 52 1446 68
internal_value=5.97202e-05 0.00335956 0.00207918 0.00556516 0.000450602 -0.000692743 -0.000692743 -0.000692743 0.0060461 -0.005306 -0.005306
internal_weight=115.74 71.8978 67.8688 29.6159 20.46 38.2529 28.8944 15.9103 4.85123 43.8422 9.35848
internal_count=12312 2074 2052 585 493 1467 1067 416 115 10238 400
is_linear=0
shrinkage=0.03


Tree=32
num_leaves=13
num_cat=0
split_feature=11 9 9 2 10 8 9 11 11 8 10 4
split_gain=2.05848 2.10935 1.06645 1.5931 0.482421 0.399492 0.104899 0.0871267 0.0266233 0.0352829 0.0311778 0.0106653
threshold=94.463428936986887 83.431372549019628 27.812939521800285 59.927882551584013 20.46049188906332 54.616477272727273 95.74275362318842 96.915772646936333 3.1690762608983563 3.3060109289617494 46.305060065526035 58.959590125358325
decision_type=2 2 2 2 2 2 2 2 2 2 2 2
left_child=5 2 -2 -4 -5 8 -7 -6 -1 -10 -11 -12
right_child=1 -3 3 4 7 6 -8 -9 9 10 11 -13
leaf_value=-0.0096222127093409555 -0.0022616796067090159 0.023086928263659601 -0.0022616796067090159 0.0020210927895769832 0.0083640877886272703 -0.0022616796067090159 0.0075426792582019642 0.018125156599936035 -0.0096222127093409555 -0.0057331432509753815 -0.0042392780339364387 -0.0023136836140696545
leaf_weight=1.507698465604334 6.3125815640669378 4.8441893383860579 3.0065054034348604 3.7460794339422128 4.3719681985676271 46.967241600854322 2.9785463588777921 5.850834479322657 0.96826284844428201 14.200768165290354 10.014860255643727 10.358876985730602
leaf_count=261 228 90 188 44 77 4494 238 74 179 2729 2227 1483
internal_value=2.68733e-05 0.00693873 0.00276745 0.00711139 0.0119379 -0.00226168 -0.00226168 0.0150679 -0.00535741 -0.00491813 -0.00450109 -0.00341428
internal_weight=115.128 28.1322 23.288 16.9754 13.9689 86.9963 49.9458 10.2228 37.0505 35.5428 34.5745 20.3737
internal_count=12312 701 611 383 195 11611 4732 151 6879 6618 6439 3710
is_linear=0
shrinkage=0.03


Tree=33
num_leaves=15
num_cat=0
split_feature=11 0 7 11 2 8 9 11 2 3 8 2 1 9
split_gain=1.6419 0.910368 0.786605 1.74996 0.673463 0.621823 0.259557 0.401562 0.236592 0.140725 0.123324 0.0359591 0.0343865 0.0089904
threshold=99.527184118751691 64.252300697313487 60.749299719887958 90.291433826130032 93.735189573459721 94.014925373134346 28.080031539522967 94.463428936986887 74.596030537625197 84.431893412777228 92.907444668008068 15.142462198149405 97.511875014069929 69.274475524475534
decision_type=2 2 2 2 2 2 2 2 2 2 2 2 2 2
left_child=1 11 6 4 -4 9 10 -8 -5 -6 -3 12 -1 -13
right_child=-2 2 3 8 5 -7 7 -9 -10 -11 -12 13 -14 -15
leaf_value=-0.0080374914387361454 0.016700890794967917 -0.0044272755064803338 -0.0012895078196116358 0.0056913544473520617 -0.0012895078196116358 0.015113252412969069 -0.0018881157798976045 0.0049711923107059516 0.016700890794967917 0.0059181683023203863 -0.0018881157798976045 -0.0044272755064803338 -0.0044272755064803338 -0.0022488786417987341
leaf_weight=6.8652138365432611 4.116753341862931 9.3181244991719669 16.10449760383927 3.2697378620505315 1.1730005587451153 1.6645300220698116 21.340679270215333 10.717503644991664 5.9189934502355754 1.4764963116031138 2.3777441103011379 20.565808103187013 0.65348518756218243 9.2680655193980765
leaf_count=1540 68 793 901 71 96 28 2129 173 82 27 98 4277 133 1896
internal_value=8.38021e-05 -0.000678049 0.00126477 0.00495832 -0.000103847 0.00966671 -0.00128951 -0.00128951 0.0151133 -0.000984232 -0.00442728 -0.00442728 -0.00689709 -0.00442728
internal_weight=114.831 110.714 73.3613 29.6073 20.4185 4.31403 43.7541 32.0582 9.18873 2.6495 11.6959 37.3526 7.5187 29.8339
internal_count=12312 12244 4398 1205 1052 151 3193 2302 153 123 891 7846 1673 6173
is_linear=0
shrinkage=0.03


Tree=34
num_leaves=12
num_cat=0
split_feature=5 11 2 11 9 1 7 1 9 2 5
split_gain=1.79218 1.04059 0.661582 0.829284 1.50969 0.36948 0.335615 0.273299 0.262337 0.197076 0.00755899
threshold=83.275150922209761 99.527184118751691 61.71295248868779 88.465802490192743 27.32683982683983 44.354321551236914 45.049019607843142 20.477746654217245 83.431372549019628 78.820172643531677 49.142151709388877
decision_type=2 2 2 2 2 2 2 2 2 2 2
left_child=10 2 5 7 -5 -2 -7 -4 9 -6 -1
right_child=1 -3 3 4 8 6 -8 -9 -10 -11 -12
leaf_value=-0.0056836887462369153 -0.0046473198626979361 0.016367405075002391 -0.004224657992156872 0.00027069428542798516 0.0023939799458179037 -0.0046473198626979361 0.00027069428542798516 0.00027069428542798516 0.016367405075002391 0.011204359499446669 -0.0046473198626979361
leaf_weight=25.442340165842324 5.2238389223348376 3.9066154919564715 11.175357184605678 4.4668972007930305 3.8144982261583236 4.0043886129278681 9.3013006728142482 15.882134685292838 4.2039227895438662 8.9445760613307339 18.242753458442166
leaf_count=6000 336 22 513 74 61 188 294 446 39 101 4238
internal_value=7.17653e-05 0.00300267 0.00199442 0.00381674 0.00808232 -0.00272544 0.000270694 0.000270694 0.012593 0.00893581 -0.00464732
internal_weight=114.609 70.9235 67.0169 48.4874 21.4299 18.5295 13.3057 27.0575 16.963 12.7591 43.6851
internal_count=12312 2074 2052 1234 275 818 482 959 201 162 10238
is_linear=0
shrinkage=0.03


Tree=35
num_leaves=15
num_cat=0
split_feature=5 8 11 7 11 3 2 1 2 9 11 5 9 11
split_gain=1.03766 1.01673 0.575105 0.647273 0.49307 0.637899 0.511231 0.365058 0.449474 0.292783 0.187818 0.0132225 0.00881535 0.0022281
threshold=83.275150922209761 39.314988290398134 98.861024196101042 54.616477272727273 90.291433826130032 83.642826367944863 93.439135159396685 20.88309570908179 71.703473413379086 23.562458691341707 94.781424630402498 37.165977886924729 70.412457912457924 12.931076325688631
decision_type=2 2 2 2 2 2 2 2 2 2 2 2 2 2
left_child=11 -2 3 9 5 -5 7 -7 -9 -3 13 12 -1 -11
right_child=1 2 -4 4 -6 6 -8 8 -10 10 -12 -13 -14 -15
leaf_value=-0.0059109041438630957 -0.0040494535479742039 -0.0040494535479742039 0.012047139301222531 -0.00064396903515322797 0.012047139301222531 -0.00064396903515322797 0.012047139301222531 0.00013740292628671501 0.012047139301222531 -0.001515292422128922 0.0050350499824789235 -0.0040494535479742039 -0.0040494535479742039 -0.00064396903515322797
leaf_weight=14.189098983537408 10.584939167834817 5.0722086415626313 5.3410042338073245 3.0462595066055718 4.9027183013968161 2.4956581946462384 3.6823496990837148 5.3111681751906854 3.9059128412045538 2.8329252472613069 7.3571177609264842 24.405098663410172 5.2172994965221724 13.524373966269193
leaf_count=3365 628 225 35 79 47 71 42 121 54 125 74 5708 1234 572
internal_value=-0.000498228 0.00181341 0.0034689 0.00237983 0.00598189 0.00330899 0.00667529 0.00283713 0.00623177 -0.000643969 -0.000643969 -0.00404945 -0.00522705 -0.000643969
internal_weight=111.868 68.0566 57.4717 52.1307 23.3441 18.4413 15.3951 11.7127 9.21708 28.7866 23.7144 43.8115 19.4064 16.3573
internal_count=12380 2073 1445 1410 414 367 288 246 175 996 771 10307 4599 697
is_linear=0
shrinkage=0.03


Tree=36
num_leaves=12
num_cat=0
split_feature=5 8 11 7 2 11 9 11 3 5 9
split_gain=0.878308 0.789922 0.508683 0.68556 0.520735 0.837407 0.199903 0.27109 0.215139 0.0152696 0.0107683
threshold=83.275150922209761 39.314988290398134 98.861024196101042 61.152570480928695 93.439135159396685 90.291433826130032 26.944684528954195 94.781424630402498 97.864765678648226 37.165977886924729 70.412457912457924
decision_type=2 2 2 2 2 2 2 2 2 2 2
left_child=9 -2 3 6 5 8 -3 -8 -5 10 -1
right_child=1 2 -4 4 -6 -7 7 -9 -10 -11 -12
leaf_value=-0.0055790049512542753 -0.0037373534879274303 -0.0037373534879274303 0.011175447254768552 -0.0012460284043955415 0.011175447254768552 0.011175447254768552 -0.0012460284043955415 0.0053761166737019217 0.005898755379975979 -0.0037373534879274303 -0.0037373534879274303
leaf_weight=14.145790679147469 10.31574142584577 6.5444505098275938 5.3234952092170706 9.8020566334016639 5.08077030442655 4.0333259319886556 16.590700178872797 7.1744783818721762 2.8248530765995392 24.346482212422416 5.2077252313029012
leaf_count=3365 628 267 35 220 60 36 708 72 47 5708 1234
internal_value=-0.000468 0.00166635 0.00310211 0.00208132 0.00602085 0.00293995 -0.000846544 -0.000846544 -0.000846544 -0.00373735 -0.00490417
internal_weight=111.39 67.6899 57.3741 52.0506 21.741 16.6602 30.3096 23.7652 12.6269 43.7 19.3535
internal_count=12380 2073 1445 1410 363 303 1047 780 267 10307 4599
is_linear=0
shrinkage=0.03


Tree=37
num_leaves=13
num_cat=0
split_feature=5 8 11 7 11 2 9 11 3 4 2 9
split_gain=0.834297 0.777674 0.462776 0.657246 0.566569 0.775164 0.215425 0.275521 0.191787 0.128961 0.0130786 0.000830438
threshold=68.383213941314253 39.314988290398134 98.861024196101042 61.152570480928695 90.291433826130032 93.439135159396685 26.944684528954195 94.781424630402498 97.864765678648226 60.484866294446086 15.142462198149405 87.349046995489616
decision_type=2 2 2 2 2 2 2 2 2 2 2 2
left_child=10 -2 3 6 5 8 -3 9 -5 -8 11 -1
right_child=1 2 -4 4 -6 -7 7 -9 -10 -11 -12 -13
leaf_value=-0.0067065630833080519 -0.004138048040037901 -0.004138048040037901 0.010502529192166304 -0.0011073602601556051 0.010502529192166304 0.010502529192166304 -0.004138048040037901 0.0053838636718497633 0.0055999042307185208 -0.0011073602601556051 -0.004138048040037901 -0.004138048040037901
leaf_weight=6.0885412087663999 12.632997084408997 7.5440994245000175 5.3068360723555079 10.911837776424365 4.8869103048928073 4.5459961774758986 3.5716942881699714 7.3240327551029614 2.8642144263722011 15.689118864713235 28.768918745452538 0.934961832826957
leaf_count=1447 1209 520 44 501 70 75 367 95 48 975 6813 216
internal_value=-0.000430949 0.00136281 0.00275629 0.00187161 0.00565444 0.00265732 -0.0007886 -0.0007886 -0.0007886 -0.00110736 -0.00413805 -0.00603573
internal_weight=111.07 75.2777 62.6447 57.3379 23.209 18.322 34.1289 26.5848 13.7761 19.2608 35.7924 7.0235
internal_count=12380 3904 2695 2651 694 624 1957 1437 549 1342 8476 1663
is_linear=0
shrinkage=0.03


Tree=38
num_leaves=11
num_cat=0
split_feature=8 11 2 2 10 2 1 11 11 3
split_gain=0.750561 0.902866 1.15078 0.500244 0.345766 1.06691 0.0773682 0.0372997 0.0277455 0.00855077
threshold=78.297101449275374 94.463428936986887 61.71295248868779 15.142462198149405 71.516754850088191 92.771059845739259 8.8790342448879063 2.4477124183006542 74.711310238152393 98.269402373879998
decision_type=2 2 2 2 2 2 2 2 2 2
left_child=1 6 -3 -2 8 9 -1 -8 -5 -6
right_child=3 2 -4 4 5 -7 7 -9 -10 -11
leaf_value=-0.0077912345746596907 -0.0039573107910990382 -0.0039573107910990382 0.0031783609115869824 0.00033087220415417416 0.0031783609115869824 0.018632463439645884 -0.0077912345746596907 -0.0039573107910990382 0.0031783609115869824 0.0070213230731693502
leaf_weight=4.8025630197953424 2.4138092142529777 5.1032491240184781 14.011544609675182 11.97168933064677 6.9422685343306494 4.5879803525749585 1.4293793602846552 49.967498376499861 7.474340684246271 2.070491015445441
leaf_count=720 351 272 273 1158 462 75 249 8389 403 28
internal_value=-0.000366015 -0.00205461 0.00317836 0.00317836 0.0043017 0.00817313 -0.00395731 -0.00395731 0.00317836 0.00317836
internal_weight=110.775 75.3142 19.1148 35.4606 33.0468 13.6007 56.1994 51.3969 19.446 9.01276
internal_count=12380 9903 545 2477 2126 565 9358 8638 1561 490
is_linear=0
shrinkage=0.03


Tree=39
num_leaves=14
num_cat=0
split_feature=5 8 1 2 11 8 9 5 0 9 2 0 9
split_gain=0.778116 0.694724 0.729142 0.641061 1.05374 0.757694 0.347233 0.619966 0.0976826 0.0225746 0.0130986 0.007955 0.00165452
threshold=68.383213941314253 39.314988290398134 99.034980501717015 61.71295248868779 94.781424630402498 76.516544117647072 54.408172329558077 93.654665118079762 72.951773835920193 46.470099667774093 15.142462198149405 99.762751742072041 87.349046995489616
decision_type=2 2 2 2 2 2 2 2 2 2 2 2 2
left_child=10 11 3 8 5 -5 7 -7 -3 -6 12 -2 -1
right_child=1 2 -4 4 9 6 -8 -9 -10 -11 -12 -13 -14
leaf_value=-0.0064301425248663984 -0.0039312933937242405 -0.0039312933937242405 0.019184094026461245 -0.0026766620066040543 0.0091427629439340338 -0.0026766620066040543 0.009557644649805571 0.0091427629439340338 -0.0026766620066040543 0.013521325663364229 -0.0039312933937242405 -0.0026766620066040543 -0.0039312933937242405
leaf_weight=6.0765876439400008 11.86513607995583 4.0485866067465421 1.3406153025571246 14.013634123140948 6.5646070879884046 4.9383468725718576 7.4127993797883382 3.9739606305956841 13.628071950981392 6.4054711950011551 28.749813853995875 0.56145211262628514 0.93391850846819568
leaf_count=1447 1197 425 24 944 82 202 196 51 715 56 6813 12 216
internal_value=-0.000352724 0.0013885 0.00269978 0.00203377 0.00397336 0.000806302 0.00517938 0.000940931 -0.00267666 0.0107935 -0.00393129 -0.00393129 -0.00577548
internal_weight=110.513 74.7527 62.3261 60.9855 43.3088 30.3387 16.3251 8.91231 17.6767 12.9701 35.7603 12.4266 7.01051
internal_count=12380 3904 2695 2671 1531 1393 449 253 1140 138 8476 1209 1663
is_linear=0
shrinkage=0.03


Tree=40
num_leaves=12
num_cat=0
split_feature=11 9 3 8 11 5 9 3 9 11 0
split_gain=1.39129 2.03934 0.4836 0.391613 0.238583 0.06207 0.0466353 0.0614443 0.0302142 0.0169922 0.0131692
threshold=94.781424630402498 27.812939521800285 63.658246915010729 25.158227848101269 97.28198971896451 52.280154486036849 70.412457912457924 43.970848318674406 85.206228956228969 91.805253802093631 64.252300697313487
decision_type=2 2 2 2 2 2 2 2 2 2 2
left_child=3 -2 4 8 -3 6 7 9 -1 10 -5
right_child=1 2 -4 5 -6 -7 -8 -9 -10 -11 -12
leaf_value=-0.0073624002230704266 -0.0013540762324876152 -0.0013540762324876152 0.013065955632678533 -0.0060074560325300251 0.0077684479082071088 -0.0013540762324876152 -0.0013540762324876152 -0.0013540762324876152 -0.0020905275052808402 -0.0013540762324876152 -0.0013540762324876152
leaf_weight=9.5703290484379924 5.7161186670418855 0.73706358019262852 17.772533233975992 10.556044745258983 1.607656917767599 55.888728203019127 5.8828937690705052 3.3446414447389534 2.1775835570879289 0.31923980521969575 0.33208467881195325
leaf_count=1980 220 102 226 2536 110 4486 1377 790 443 74 79
internal_value=0.000454032 0.006439 0.0114589 -0.00135408 -0.000986584 -0.00135408 -0.00370516 -0.00458443 -0.00662585 -0.00559371 -0.00581478
internal_weight=113.905 25.8334 20.1173 88.0715 2.34472 76.3236 20.4349 14.552 11.7479 11.2074 10.8881
internal_count=12423 658 438 11765 212 9342 4856 3479 2423 2689 2615
is_linear=0
shrinkage=0.03


Tree=41
num_leaves=14
num_cat=0
split_feature=5 9 11 2 8 8 2 2 2 1 5 1 9
split_gain=1.1307 0.881173 1.89463 1.10321 0.392909 0.369265 0.31105 0.299325 0.0429406 0.0261959 0.0137235 0.0296028 0.0502564
threshold=76.603912256897345 28.080031539522967 94.463428936986887 72.53830306987426 80.917366946778728 64.747307373653697 89.61665983046214 85.166848814115042 72.53830306987426 15.279802186361271 36.373539314715792 90.240998838559833 70.759112085502892
decision_type=2 2 2 2 2 2 2 2 2 2 2 2 2
left_child=10 4 5 -4 -2 -3 -5 8 -7 -6 11 12 -1
right_child=1 2 3 6 9 7 -8 -9 -10 -11 -12 -13 -14
leaf_value=-0.006640639097652952 -0.0035348070829426259 -0.0035348070829426259 0.00044414208278582764 0.0096554652943016146 -0.0035348070829426259 0.00044414208278582764 0.021254310764875065 0.0081660079378708967 0.0030174524728897576 0.00044414208278582764 -0.0035348070829426259 -0.0035348070829426259 -0.0035348070829426259
leaf_weight=11.617311326786881 7.2976955329068032 15.918946414254604 5.5388689991086748 7.2585854262579215 2.8767392460722458 8.5712816964369285 6.3858972918242216 7.6794695532880715 5.4374628972727796 6.5672796389553696 21.201644708169624 2.7869757853914043 4.4145111334510139
leaf_count=2809 539 1344 84 70 63 311 48 156 151 156 4987 659 1046
internal_value=0.000469845 0.00266759 0.00443558 0.0118507 -0.00324168 0.000444142 0.0161646 0.000444142 0.000444142 0.000444142 -0.00353481 -0.00465448 -0.00547303
internal_weight=113.553 73.5322 56.7905 19.1834 16.7417 37.6072 13.6445 21.6882 14.0087 9.44402 40.0204 18.8188 16.0318
internal_count=12423 2922 2164 202 758 1962 118 618 462 219 9501 4514 3855
is_linear=0
shrinkage=0.03


Tree=42
num_leaves=15
num_cat=0
split_feature=5 9 11 8 8 1 8 9 11 9 1 5 10 4
split_gain=1.07703 0.734195 1.70702 0.590274 0.471 0.323733 0.31801 0.100028 0.177305 0.0394108 0.0386739 0.059766 0.0354212 0.00225606
threshold=76.603912256897345 28.080031539522967 94.463428936986887 64.747307373653697 80.917366946778728 78.562822719449244 78.446455505279047 76.339712918660311 55.222149115212808 68.387741505662902 89.430088395605637 40.340231269858151 81.411960132890371 74.652591623598042
decision_type=2 2 2 2 2 2 2 2 2 2 2 2 2 2
left_child=9 4 3 -3 -2 6 -5 -8 -9 10 11 12 13 -1
right_child=1 2 -4 5 -6 -7 7 8 -10 -11 -12 -13 -14 -15
leaf_value=-0.0075161672127812456 -0.0033875430987639998 -0.002749568598486104 0.011392789653427472 -0.002749568598486104 0.0031193099987285281 0.011392789653427472 0.0031193099987285281 0.0031193099987285281 0.011392789653427472 -0.002749568598486104 -0.0033875430987639998 -0.0033875430987639998 -0.0033875430987639998 -0.0033875430987639998
leaf_weight=9.9896116668824142 7.1502249615732607 15.50216617528349 18.911514905747026 6.0186858505476364 9.4522649589925987 3.0717827719636253 6.8076801279094052 3.7542846591677517 2.4450580677948892 12.926512111211194 3.1968258358538142 11.536875547142698 1.9015793772414316 0.39265394047834057
leaf_count=2439 539 1344 202 243 219 87 164 89 35 3054 750 2719 447 92
internal_value=0.000522641 0.00267577 0.00428978 0.000514578 -0.00274957 0.00366395 0.00311931 0.00438088 0.00723667 -0.00338754 -0.00420923 -0.00500828 -0.00652142 -0.00729535
internal_weight=113.058 73.1137 56.5112 37.5997 16.6025 22.0975 19.0257 13.007 6.19934 39.9441 27.0175 23.8207 12.2838 10.3823
internal_count=12423 2922 2164 1962 758 618 531 288 124 9501 6447 5697 2978 2531
is_linear=0
shrinkage=0.03


Tree=43
num_leaves=15
num_cat=0
split_feature=5 9 2 1 1 3 2 1 8 1 9 5 10 1
split_gain=0.966748 0.713529 0.962086 0.568571 0.387488 0.216717 0.223527 0.621174 0.133389 0.121467 0.0634118 0.0786409 0.0536302 0.025658
threshold=83.275150922209761 28.080031539522967 61.71295248868779 42.3848555815769 75.058015883699042 99.034980501717015 81.60943506694359 37.558768347864479 76.516544117647072 89.821006687222209 70.412457912457924 47.968386938975179 81.411960132890371 70.357714042008752
decision_type=2 2 2 2 2 2 2 2 2 2 2 2 2 2
left_child=9 4 3 -3 -2 6 7 -4 -8 10 11 12 -1 -9
right_child=1 2 5 -5 -6 -7 8 13 -10 -11 -12 -13 -14 -15
leaf_value=-0.0067609740337562611 -0.0028936206045509136 -0.0027730467892807982 -0.0027730467892807982 0.0038398918727423331 0.0038398918727423331 0.014173640845895367 0.0076739679826612998 0.0038398918727423331 0.012058824867496791 0.0013974004444269725 -0.0027730467892807982 -0.0028936206045509136 -0.0028936206045509136 0.0076739679826612998
leaf_weight=12.850717653520407 12.614273614482949 3.5005188793875268 6.4176370860077423 11.031736738979815 2.9266225162427881 2.8008183981291941 15.575001176213851 3.8375143189914525 8.3066973863169533 4.744398459326475 11.930421995930372 11.543484244029967 2.3750661879312238 2.3731148969382048
leaf_count=3132 446 223 236 392 107 42 430 92 100 1114 2812 2701 558 38
internal_value=0.000576098 0.00275887 0.00437702 -0.00211353 -0.00277305 0.00676933 0.0058386 0.00383989 0.00767397 -0.00289362 -0.00344163 -0.00449674 -0.00593934 0.00767397
internal_weight=112.828 69.3839 53.843 14.5323 15.5409 39.3108 36.51 12.6283 23.8817 43.4441 38.6997 26.7693 15.2258 6.21063
internal_count=12423 2106 1553 615 553 938 896 366 530 10317 9203 6391 3690 130
is_linear=0
shrinkage=0.03


Tree=44
num_leaves=15
num_cat=0
split_feature=5 2 11 7 2 10 1 2 1 1 11 9 1 10
split_gain=0.919238 0.651496 1.06193 0.635626 0.72346 0.500389 0.222998 0.152009 0.0701393 0.0589397 0.0732645 0.0271906 0.0121076 0.0538817
threshold=68.383213941314253 61.71295248868779 94.781424630402498 61.152570480928695 89.186156390266959 58.387445887445899 34.389692086966129 84.043134119978404 83.642826367944863 13.727733656391621 98.688510491916077 70.412457912457924 13.289024318436086 70.46767786204407
decision_type=2 2 2 2 2 2 2 2 2 2 2 2 2 2
left_child=8 6 3 9 12 -6 -2 -4 11 -3 -8 -1 -5 -14
right_child=1 2 7 4 5 -7 10 -9 -10 -11 -12 -13 13 -15
leaf_value=-0.0049320310792733274 -0.0033829952151116648 -0.0033829952151116648 0.005244385487172756 -0.0028927762175396912 -0.00088312058861348417 0.010026518062713069 -0.00098980891971861269 0.012287461729926286 -0.0016970172236317107 -0.00098980891971861269 0.005244385487172756 -0.0033829952151116648 -0.00098980891971861269 0.0027747221762219813
leaf_weight=20.059739600401375 5.1847770493477716 6.3733893451280919 6.719765818212184 1.8912000905256734 2.8186353726778171 5.0437351516447961 16.906863915268346 10.893452243879436 6.6130568732041857 13.225218597101046 1.5683101844042528 8.5806165812537056 3.4723768373951316 3.0197508737910539
leaf_count=4864 514 532 91 97 101 79 1237 116 1570 910 19 2025 165 103
internal_value=0.000570767 0.00239835 0.00420882 0.00115557 0.00542499 0.0100265 -0.00169702 0.0100265 -0.003383 -0.00169702 -0.00169702 -0.00408524 -0.000883121 -0.000883121
internal_weight=112.371 77.1175 53.4575 35.8443 16.2457 7.86237 23.66 17.6132 35.2534 19.5986 18.4752 28.6404 8.38333 6.49213
internal_count=12423 3964 2194 1987 545 180 1770 207 8459 1442 1256 6889 365 268
is_linear=0
shrinkage=0.03


Tree=45
num_leaves=14
num_cat=0
split_feature=8 2 11 9 9 3 3 0 9 10 10 8 0
split_gain=0.770985 0.915021 0.930066 1.23545 0.48031 0.346409 0.315822 0.285954 0.150784 0.0822249 0.0363193 0.0302853 0.0091994
threshold=49.305421570519009 74.181367084180394 87.847490347490364 21.828631138975968 83.431372549019628 87.141273360785576 79.757566852776975 63.839408125314719 59.709618874773149 29.217479674796753 54.027027027027039 2.5158227848101271 13.340874811463049
decision_type=2 2 2 2 2 2 2 2 2 2 2 2 2
left_child=11 5 6 -4 10 -2 -3 -7 -8 -9 -5 -1 -13
right_child=1 2 3 4 -6 7 8 9 -10 -11 -12 12 -14
leaf_value=-0.0085165581174540192 -0.0035939301340978946 -0.0035939301340978946 0.0014373774351960785 0.0070104011780864253 0.025030936943078664 -0.0035939301340978946 0.0014373774351960785 -0.0035939301340978946 0.0070104011780864253 0.0014373774351960785 0.01271098885408981 -0.0061302301179227154 -0.0035939301340978946
leaf_weight=0.65783513407226735 21.679872513050213 8.0557497446425348 2.2105034107808015 5.3236884151119721 2.8605321780778459 2.097718296106911 8.1754441580269503 4.0020119636319604 8.0663713663816434 13.424466721713541 4.6057045527268201 3.0091573696117875 26.065868149977177
leaf_count=125 4513 1240 84 119 35 160 244 139 186 392 89 720 4231
internal_value=0.000459921 0.00198291 0.00519974 0.0108233 0.0149651 -0.00113563 0.00143738 0.00143738 0.00143738 0.00143738 0.0100403 -0.00359393 -0.00359393
internal_weight=110.235 80.5021 39.298 15.0004 12.7899 41.2041 24.2976 19.5242 16.2418 17.4265 9.92939 29.7329 29.075
internal_count=12277 7201 1997 327 243 5204 1670 691 430 531 208 5076 4951
is_linear=0
shrinkage=0.03


Tree=46
num_leaves=15
num_cat=0
split_feature=8 2 11 9 9 1 3 1 1 7 9 8 10 9
split_gain=0.681142 0.76249 0.887447 1.19553 0.412184 0.368659 0.288507 0.270679 0.0948868 0.401993 0.0810866 0.0665827 0.0601783 0.0149856
threshold=49.305421570519009 74.181367084180394 87.847490347490364 21.828631138975968 83.431372549019628 39.975490196078439 88.676972039099809 20.88309570908179 14.07842157842158 11.200716845878137 83.735465116279087 56.691542288557223 54.027027027027039 84.660633484162915
decision_type=2 2 2 2 2 2 2 2 2 2 2 2 2 2
left_child=8 5 7 -4 12 -2 10 -3 9 -1 -7 -12 -5 -11
right_child=1 2 3 4 -6 6 -8 -9 -10 13 11 -13 -14 -15
leaf_value=-0.018759236195899382 -0.0033030284124529359 -0.0033030284124529359 0.0012047891373771532 0.0058735529232940668 0.023969864172833533 -0.0033030284124529359 0.0012047891373771532 0.0012047891373771532 -0.0033030284124529359 -0.0061630315014122696 -0.0033030284124529359 0.0012047891373771532 0.012722920977060414 -0.0033030284124529359
leaf_weight=0.96326181991028548 11.899159505497662 10.824844284681609 2.1883136967662713 5.5871155997738224 2.7669906970113507 12.813997987890614 13.572323831496758 13.625155056593938 23.833405196433887 3.5544601273722947 0.94650299986824515 1.6534248937387017 4.6976701610255986 1.0533833319786934
leaf_count=105 1518 721 84 119 35 2722 432 949 4426 439 199 333 89 106
internal_value=0.000535124 0.00195911 0.00486827 0.0103096 0.014338 -0.000913813 0.00110177 0.00120479 -0.00330303 -0.00713138 -0.00278609 0.00120479 0.00985227 -0.00330303
internal_weight=109.98 80.5755 39.6901 15.2401 13.0518 40.8854 28.9862 24.45 29.4045 5.57111 15.4139 2.59993 10.2848 4.60784
internal_count=12277 7201 1997 327 243 5204 3686 1670 5076 650 3254 532 208 545
is_linear=0
shrinkage=0.03


Tree=47
num_leaves=15
num_cat=0
split_feature=8 2 11 10 1 1 1 11 4 1 11 1 2 9
split_gain=0.563096 0.658409 0.755418 0.905421 0.615787 0.422852 0.224398 0.32692 0.168122 0.0903322 0.0720108 0.0723106 0.0536424 0.0383353
threshold=49.305421570519009 74.181367084180394 93.634219554030892 77.84992784992788 15.279802186361271 73.881474978050932 23.662214928413785 98.401751505199783 96.378451045970237 1.3230574734999516 13.892395982783361 91.763359806165042 98.775455695098572 75.140449438202253
decision_type=2 2 2 2 2 2 2 2 2 2 2 2 2 2
left_child=9 6 3 5 8 -3 -2 10 -5 -1 -8 -12 -11 -4
right_child=1 2 13 4 -6 -7 7 -9 -10 12 11 -13 -14 -15
leaf_value=-0.0095956427936600124 -0.0029393144646640617 -0.00082145112895811692 0.010293633141897789 -0.00082145112895811692 0.010293633141897789 0.010293633141897789 -0.0029393144646640617 0.010293633141897789 0.0082863158990637807 -0.0029393144646640617 -0.00082145112895811692 0.004904613178233588 -0.00082145112895811692 0.015952381217512645
leaf_weight=1.0299075280782144 6.4111716940533361 17.60088931163774 9.3515365312341547 1.7944750876631581 4.8259626503568143 1.5316197157371778 4.4055483995471141 1.6548048744443793 1.0539544099010525 27.909723410848539 24.435531621333215 3.7960228056181213 0.3401445725467046 3.3864579936489472
leaf_count=46 754 1345 158 115 229 86 631 41 28 5021 3307 471 9 36
internal_value=0.000558573 0.0018553 0.00456276 0.00156734 0.00977623 -0.000821451 -0.000821451 -0.000821451 -0.000821451 -0.00293931 -0.000821451 -0.000821451 -0.00293931 0.0102936
internal_weight=109.528 80.248 39.5449 26.8069 7.67439 19.1325 40.7031 34.2919 2.84843 29.2798 32.6371 28.2316 28.2499 12.738
internal_count=12277 7201 1997 1803 372 1431 5204 4450 143 5076 4409 3778 5030 194
is_linear=0
shrinkage=0.03


Tree=48
num_leaves=15
num_cat=0
split_feature=8 2 11 10 1 1 1 11 4 1 7 11 1 2
split_gain=0.522145 0.592136 0.876596 0.875304 0.604751 0.369113 0.233292 0.313682 0.166668 0.0866979 0.451085 0.0402323 0.0866907 0.0180935
threshold=49.305421570519009 74.181367084180394 93.634219554030892 77.84992784992788 15.279802186361271 73.881474978050932 39.975490196078439 98.688510491916077 96.378451045970237 14.07842157842158 11.200716845878137 21.724473517873808 85.232683982684009 93.030058177117013
decision_type=2 2 2 2 2 2 2 2 2 2 2 2 2 2
left_child=9 6 3 5 8 -3 -2 11 -5 10 -1 -8 -13 -12
right_child=1 2 -4 4 -6 -7 7 -9 -10 -11 13 12 -14 -15
leaf_value=-0.018690869386215343 -0.0027444305647673028 -0.00066195500030307461 0.01058451500075263 -0.00066195500030307461 0.01058451500075263 0.01058451500075263 -0.0027444305647673028 0.01058451500075263 0.0083284742026010893 -0.0027444305647673028 -0.0063439485599316673 -0.00066195500030307461 0.0050321724436204352 -0.0027444305647673028
leaf_weight=0.96260453737343965 11.684934659861026 17.560750590404506 12.825402843533082 1.7858407543972128 4.8742707192432135 1.5360919905360777 5.7843071226962008 0.91295856353826721 1.0681833392009137 23.636394557077438 2.3518848714884371 15.7613722239621 6.5878176239784798 2.1989694414660335
leaf_count=105 1518 1345 194 115 229 86 841 22 28 4426 397 2054 769 148
internal_value=0.000635095 0.00187932 0.00444193 0.00123024 0.00942365 -0.000661955 -0.000661955 -0.000661955 -0.000661955 -0.00274443 -0.00636878 -0.000661955 -0.000661955 -0.00274443
internal_weight=109.532 80.3819 39.6505 26.8251 7.72829 19.0968 40.7314 29.0465 2.85402 29.1499 5.51346 28.1335 22.3492 4.55085
internal_count=12277 7201 1997 1803 372 1431 5204 3686 143 5076 650 3664 2823 545
is_linear=0
shrinkage=0.03


Tree=49
num_leaves=15
num_cat=0
split_feature=8 2 11 9 1 1 10 3 0 1 0 7 10 1
split_gain=0.446584 0.497841 0.829538 1.11596 0.334319 0.299362 0.21038 0.154477 0.058683 0.0274902 0.0168324 0.0121364 0.0108946 0.00579644
threshold=49.305421570519009 74.181367084180394 88.465802490192743 21.828631138975968 39.975490196078439 20.88309570908179 54.027027027027039 87.141273360785576 13.340874811463049 1.3230574734999516 96.788973934085604 48.999599839935975 82.392686804451515 96.741883141501006
decision_type=2 2 2 2 2 2 2 2 2 2 2 2 2 2
left_child=8 4 5 -4 -2 -3 -5 10 13 -10 11 -6 -13 -1
right_child=1 2 3 6 7 -7 -8 -9 9 -11 -12 12 -14 -15
leaf_value=-0.0067138092382992261 -0.0024356157879859646 -0.0024356157879859646 0.00074043177187485564 0.0074103523822830692 -0.0024356157879859646 0.00074043177187485564 0.017292801162722467 0.00074043177187485564 -0.0062078885977608729 -0.0024356157879859646 0.00074043177187485564 -0.0016081606026978348 0.00065144972129145703 -0.0024356157879859646
leaf_weight=2.8188354941085279 11.498504514107479 10.768689027288934 2.2367450145538887 6.0240151640027744 3.7599985159467879 14.191921552876009 6.7241650682408363 14.460504030343143 0.92921197507530706 24.823366724420339 0.30108003318309862 8.7125095976516587 1.8085111812688399 0.30953526031225909
leaf_count=683 1518 729 82 118 803 957 111 476 45 4274 7 1987 413 74
internal_value=0.000709886 0.00185462 0.00418855 0.0095265 -0.000490489 0.000740432 0.0135016 0.000740432 -0.00243562 -0.00243562 -0.00243562 -0.00243562 -0.00119691 -0.00620789
internal_weight=109.368 80.4866 39.9455 14.9849 40.5411 24.9606 12.7482 29.0426 28.8809 25.7526 14.5821 14.281 10.521 3.12837
internal_count=12277 7201 1997 311 5204 1686 229 3686 5076 4319 3210 3203 2400 757
is_linear=0
shrinkage=0.03


Tree=50
num_leaves=10
num_cat=0
split_feature=9 11 7 5 10 4 11 3 9
split_gain=0.47988 2.61345 0.245093 0.199902 0.235467 0.0837117 0.032601 0.0250856 0.0225296
threshold=83.431372549019628 91.498760423709726 8.421985815602838 85.232683982684009 75.559980089596834 94.450603596945072 83.780780780780802 90.240998838559833 82.662372517444993
decision_type=2 2 2 2 2 2 2 2 2
left_child=2 6 -1 4 5 7 -2 8 -4
right_child=1 -3 3 -5 -6 -7 -8 -9 -10
leaf_value=-0.008676937211974229 -0.00054292933867058674 0.021345227016183597 -0.0048629665389764839 -0.00054292933867058674 -0.00054292933867058674 -0.00054292933867058674 0.0047224164411936963 -0.00054292933867058674 -0.00054292933867058674
leaf_weight=2.3384460294619194 12.767779599176714 5.0159444080200037 26.872534987982377 49.151381213450804 9.5864521109033358 0.73565172613598306 1.7449705493636418 0.69226787914521892 0.37115425057709117
leaf_count=414 1911 133 6101 1395 1929 78 123 86 88
internal_value=0.000397834 0.00453714 -0.000542929 -0.000542929 -0.00273641 -0.0042196 -0.000542929 -0.00460193 -0.00474877
internal_weight=109.277 19.5287 89.7479 87.4094 38.2581 28.6716 14.5128 27.936 27.2437
internal_count=12258 2167 10091 9677 8282 6353 2034 6275 6189
is_linear=0
shrinkage=0.03


Tree=51
num_leaves=10
num_cat=0
split_feature=9 11 10 9 1 3 11 1 11
split_gain=0.425424 2.46903 0.207844 0.346373 0.595618 0.1385 0.126536 0.085326 0.00932804
threshold=83.431372549019628 91.498760423709726 17.445652173913047 55.217785843920154 1.6990691646046898 93.270346243084077 98.861024196101042 94.063845892824517 94.781424630402498
decision_type=2 2 2 2 2 2 2 2 2
left_child=2 -2 3 4 -1 7 8 -6 -4
right_child=1 -3 6 -5 5 -7 -8 -9 -10
leaf_value=-0.023877251652494293 -0.0004311645283301871 0.020501029777465343 -0.0004311645283301871 -0.0004311645283301871 -0.0079315282760775707 -0.0004311645283301871 0.0050388962021624285 -0.0004311645283301871 0.00064557273049025831
leaf_weight=0.76276359148323347 14.540380134945737 5.1464531053788951 62.62098150420934 3.7817107075825334 3.7675458611920476 2.3675910790916532 3.7742209907155475 0.30333908367902029 11.981571441749109
leaf_count=29 2034 133 8379 418 656 96 93 48 372
internal_value=0.000461701 0.0043394 -0.000431165 -0.00438414 -0.00823276 -0.00341856 -0.000431165 -0.00657198 -0.000431165
internal_weight=109.047 19.6868 89.3597 10.983 7.20124 6.43848 78.3768 4.07088 74.6026
internal_count=12258 2167 10091 1247 829 800 8844 704 8751
is_linear=0
shrinkage=0.03


Tree=52
num_leaves=11
num_cat=0
split_feature=9 11 7 3 10 0 1 9 11 9
split_gain=0.457542 2.45046 0.240184 0.192676 0.172207 0.141624 0.129424 0.0242783 0.0158407 0.00349547
threshold=83.431372549019628 91.498760423709726 8.421985815602838 78.188264865110796 78.319623971797895 91.831828885400327 82.454031713900136 81.87294633077768 83.780780780780802 13.003220611916264
decision_type=2 2 2 2 2 2 2 2 2 2
left_child=2 8 -1 4 5 6 7 -4 -2 -8
right_child=1 -3 3 -5 -6 -7 9 -9 -10 -11
leaf_value=-0.008487718677901426 -0.00039913481000833167 0.020241067035751813 -0.0056715151239747795 -0.00039913481000833167 -0.00039913481000833167 -0.00039913481000833167 -0.002237101856865791 -0.00039913481000833167 0.0044240557647540887 -0.00039913481000833167
leaf_weight=2.3064429115038356 12.752873433055347 5.3690917100757352 20.705967238172899 49.526374170556664 8.8683026565704477 3.0191677485126993 0.60637682909145851 0.45704325567930837 1.7900889646261919 3.5532426252029836
leaf_count=414 1911 133 4818 2055 1559 132 144 111 123 858
internal_value=0.000534405 0.00452848 -0.000399135 -0.000399135 -0.00258139 -0.00378869 -0.00460095 -0.00552082 -0.000399135 -0.000399135
internal_weight=108.955 19.9121 89.0429 86.7365 37.2101 28.3418 25.3226 21.163 14.543 4.15962
internal_count=12258 2167 10091 9677 7622 6063 5931 4929 2034 1002
is_linear=0
shrinkage=0.03


Tree=53
num_leaves=9
num_cat=0
split_feature=9 11 7 3 10 0 9 2
split_gain=0.336459 2.04248 0.21763 0.167973 0.152475 0.128376 0.0216206 0.000487322
threshold=83.431372549019628 91.498760423709726 8.421985815602838 78.188264865110796 78.319623971797895 91.831828885400327 81.87294633077768 97.681696817477302
decision_type=2 2 2 2 2 2 2 2
left_child=2 -2 -1 4 5 6 7 -4
right_child=1 -3 3 -5 -6 -7 -8 -9
leaf_value=-0.0079628356836190448 -0.00023035846789741217 0.018173985324347962 -0.0043576056517132455 -0.00023035846789741217 -0.00023035846789741217 -0.00023035846789741217 -0.00023035846789741217 -0.0003930615574948986
leaf_weight=2.2767344012390813 14.571123549481856 5.5332612544298163 24.335488089593138 49.168612688547 8.8527014527935517 3.0224939163308582 0.56969080539420147 0.23676295881159504
leaf_count=414 2034 133 5738 2055 1559 132 137 56
internal_value=0.000579107 0.00398303 -0.000230358 -0.000230358 -0.00227367 -0.0034162 -0.00419832 -0.00433627
internal_weight=108.567 20.1044 88.4625 86.1857 37.0171 28.1644 25.1419 24.5723
internal_count=12258 2167 10091 9677 7622 6063 5931 5794
is_linear=0
shrinkage=0.03


Tree=54
num_leaves=9
num_cat=0
split_feature=4 11 3 11 8 8 10 8
split_gain=0.341316 0.680095 0.538246 0.253666 0.183354 0.0698253 0.0390745 0.00301029
threshold=97.864765678648226 98.688510491916077 97.511875014069929 2.4477124183006542 77.442071785552045 6.7117117117117129 79.873417721519004 38.92496392496394
decision_type=2 2 2 2 2 2 2 2
left_child=3 2 6 4 -1 -5 -2 -7
right_child=1 -3 -4 5 -6 7 -8 -9
leaf_value=-0.013006642276821426 1.0060477026693971e-05 0.01720430365593666 0.011359501847619717 -0.0041652496536756511 1.0060477026693971e-05 -0.0010715513878078731 0.0071717193196522396 1.0060477026693971e-05
leaf_weight=1.3213566674385209 4.5211956142447871 2.2036826969124368 2.8619590764865279 2.9829350942745796 0.44541601184755553 17.373616809025407 2.2609751259442419 74.380361287388951
leaf_count=239 153 16 49 529 49 3191 53 7979
internal_value=0.000621712 0.00521522 0.00111677 1.00605e-05 -0.0090737 1.00605e-05 1.00605e-05 1.00605e-05
internal_weight=108.351 11.8478 9.64413 96.5037 1.76677 94.7369 6.78217 91.754
internal_count=12258 271 255 11987 288 11699 206 11170
is_linear=0
shrinkage=0.03


Tree=55
num_leaves=10
num_cat=0
split_feature=0 11 9 3 8 7 0 9 9
split_gain=0.381249 0.2698 0.496381 0.139054 0.203446 0.161412 0.0917546 0.0120547 0.00892809
threshold=41.675905395417601 98.861024196101042 44.511378848728249 87.514172335600918 81.558704453441308 83.457711442786078 87.995098039215705 54.408172329558077 93.569065343258913
decision_type=2 2 2 2 2 2 2 2 2
left_child=7 3 -3 4 5 -2 -7 -1 -5
right_child=1 2 -4 8 -6 6 -8 -9 -10
leaf_value=-0.004601309943410326 -0.003309549889812012 0.000525896325319726 0.013854921907962715 0.000525896325319726 0.000525896325319726 -0.003309549889812012 0.000525896325319726 -0.003309549889812012 0.0067029180126514628
leaf_weight=12.065893942490236 23.74909649905749 2.8177052692044517 3.0041843133512884 38.254625481087714 10.581668820232151 2.4612934957258394 2.6366577327717096 10.115676469635217 2.3640655039343974
leaf_count=2807 4034 57 46 1353 1071 512 76 2285 82
internal_value=0.000109652 0.00102082 0.00675116 0.000525896 -0.00123546 -0.00269065 0.000525896 -0.00330955 0.000525896
internal_weight=108.051 85.8693 5.82189 80.0474 39.4287 28.847 5.09795 22.1816 40.6187
internal_count=12323 7231 103 7128 5693 4622 588 5092 1435
is_linear=0
shrinkage=0.03


Tree=56
num_leaves=6
num_cat=0
split_feature=1 10 0 1 11
split_gain=0.651902 0.365942 0.224407 0.142349 0.0612758
threshold=99.034980501717015 56.809750927397992 41.675905395417601 75.830434736919543 6.9714157030333519
decision_type=2 2 2 2 2
left_child=2 -2 3 -1 -5
right_child=1 -3 -4 4 -6
leaf_value=-0.004948669254864437 -0.00025445534974673152 0.019767833248963827 -0.00025445534974673152 -0.004948669254864437 -0.00025445534974673152
leaf_weight=13.985276195919143 0.74327062605880145 1.3273994713090358 84.089520438574255 0.74101016926579077 6.8375856226775795
leaf_count=3275 75 64 7186 164 1559
internal_value=0.000139185 0.0137661 -0.000254455 -0.00324674 -0.000254455
internal_weight=107.724 2.07067 105.653 21.5639 7.5786
internal_count=12323 139 12184 4998 1723
is_linear=0
shrinkage=0.03


Tree=57
num_leaves=10
num_cat=0
split_feature=1 10 0 1 4 1 7 4 9
split_gain=0.625565 0.356147 0.214124 0.137422 0.107674 0.0359681 0.031444 0.0194729 0.0176332
threshold=99.034980501717015 56.809750927397992 41.675905395417601 75.830434736919543 97.864765678648226 60.484866294446086 95.199692780337955 14.07842157842158 85.02873563218391
decision_type=2 2 2 2 2 2 2 2 2
left_child=2 -2 3 4 5 6 8 -5 -1
right_child=1 -3 -4 7 -6 -7 -8 -9 -10
leaf_value=-0.0075973266003098259 -0.00026363325320639627 0.019425126738519833 -0.00026363325320639627 -0.0023052036596318548 -0.00026363325320639627 -0.0023052036596318548 -0.0023052036596318548 -0.00026363325320639627 -0.0023052036596318548
leaf_weight=7.8900891877710784 0.74387202551588361 1.3211993176955728 84.155183356022462 3.0221823893953106 0.22632555104792196 3.9620273972395816 0.48744749044999558 4.5569844606798142 1.3508966278750447
leaf_count=1868 75 64 7186 699 8 976 119 1024 304
internal_value=0.000121504 0.013483 -0.000263633 -0.00319102 -0.00487013 -0.0055691 -0.0065596 -0.000263633 -0.00702152
internal_weight=107.716 2.06507 105.651 21.496 13.9168 13.6905 9.72843 7.57917 9.24099
internal_count=12323 139 12184 4998 3275 3267 2291 1723 2172
is_linear=0
shrinkage=0.03


Tree=58
num_leaves=10
num_cat=0
split_feature=1 10 0 1 4 1 7 4 9
split_gain=0.736654 0.39216 0.186286 0.123492 0.101609 0.0292735 0.0282762 0.0185796 0.0147552
threshold=99.034980501717015 56.809750927397992 41.675905395417601 75.830434736919543 97.864765678648226 60.484866294446086 95.199692780337955 14.07842157842158 85.02873563218391
decision_type=2 2 2 2 2 2 2 2 2
left_child=2 -2 3 4 5 6 8 -5 -1
right_child=1 -3 -4 7 -6 -7 -8 -9 -10
leaf_value=-0.007256633948876808 -0.00029344120057070032 0.020290058945378761 -0.00029344120057070032 -0.0022952429674479701 -0.00029344120057070032 -0.0022952429674479701 -0.0022952429674479701 -0.00029344120057070032 -0.0022952429674479701
leaf_weight=7.7632001051679218 0.74459241051226799 1.4449784369207916 84.153945407364517 3.0226765223778775 0.2261336203664549 3.9544966544490316 0.48742744047194797 4.5614442699588835 1.3491336668375877
leaf_count=1868 75 64 7186 699 8 976 119 1024 304
internal_value=0.000133169 0.0143384 -0.000293441 -0.00303213 -0.00463792 -0.00533893 -0.00625791 -0.000293441 -0.0067108
internal_weight=107.708 2.18957 105.518 21.3645 13.7804 13.5543 9.59976 7.58412 9.11233
internal_count=12323 139 12184 4998 3275 3267 2291 1723 2172
is_linear=0
shrinkage=0.03


Tree=59
num_leaves=9
num_cat=0
split_feature=1 10 0 1 4 1 9 4
split_gain=0.706541 0.377526 0.176223 0.118274 0.0992839 0.0280612 0.0228585 0.0183397
threshold=99.034980501717015 56.809750927397992 41.675905395417601 75.830434736919543 97.864765678648226 60.484866294446086 84.660633484162915 14.07842157842158
decision_type=2 2 2 2 2 2 2 2
left_child=2 -2 3 4 5 6 -1 -5
right_child=1 -3 -4 7 -6 -7 -8 -9
leaf_value=-0.0067704561889881734 -0.00028128047463179547 0.019818163560834125 -0.00028128047463179547 -0.0022470412749917182 -0.00028128047463179547 -0.0022470412749917182 -0.0022470412749917182 -0.00028128047463179547
leaf_weight=8.0292845179792476 0.74539666855707709 1.4627579636871813 84.147775472141802 3.0229557189159086 0.22603751998394805 3.9469815720804045 1.5097457827068854 4.563137664925307
leaf_count=1950 75 64 7186 699 8 976 341 1024
internal_value=0.000138047 0.0140082 -0.00028128 -0.00294891 -0.00452703 -0.00522916 -0.00613279 -0.00028128
internal_weight=107.654 2.20815 105.446 21.2981 13.712 13.486 9.53903 7.58609
internal_count=12323 139 12184 4998 3275 3267 2291 1723
is_linear=0
shrinkage=0.03


Tree=60
num_leaves=13
num_cat=0
split_feature=1 11 7 1 11 7 9 2 5 1 3 9
split_gain=0.694544 0.486585 0.16796 0.369978 0.111363 0.64579 0.130934 0.332067 0.0564037 0.0354134 0.00951992 0.0234076
threshold=99.034980501717015 99.763869528854215 13.136324417601381 14.07842157842158 94.463428936986887 83.728626585769462 27.812939521800285 85.166848814115042 85.988043191389281 14.07842157842158 97.511875014069929 87.138130686517798
decision_type=2 2 2 2 2 2 2 2 2 2 2 2
left_child=1 2 3 -1 9 6 -6 8 -8 -4 11 -5
right_child=-2 -3 4 10 5 -7 7 -9 -10 -11 -12 -13
leaf_value=-0.015428848657335275 0.013218781623308824 0.011174797160283091 -0.0026915088707729724 -0.0035236374002924693 -0.00073575194893324902 0.011174797160283091 -0.00073575194893324902 0.0074756565565986368 0.0025136257737328159 -0.00073575194893324902 -0.00073575194893324902 -0.00073575194893324902
leaf_weight=1.302594533888622 2.3099996556993565 2.0071291483473024 13.976573707768692 2.9524182374589145 3.3959445185028043 3.5099517789203665 1.8189557779114673 5.280540945706889 5.1289078816771507 63.954278232296929 0.69147264631465066 1.312565372791141
leaf_count=151 132 32 1392 598 163 70 204 77 60 9187 26 219
internal_value=-0.000318418 -0.000736824 -0.00107311 -0.0054828 -0.000735752 0.00150138 -0.000735752 0.00232687 -0.000735752 -0.000735752 -0.000735752 -0.00205125
internal_weight=107.641 105.331 103.324 6.25905 97.0652 19.1343 15.6243 12.2284 6.94786 77.9309 4.95646 4.26498
internal_count=12311 12179 12147 994 11153 574 504 341 264 10579 843 817
is_linear=0
shrinkage=0.03


Tree=61
num_leaves=11
num_cat=0
split_feature=1 10 4 5 1 9 0 9 0 1
split_gain=0.642971 0.246633 0.107782 0.0882572 0.035259 0.0234981 0.030291 0.0256737 0.0018333 0.00134035
threshold=99.034980501717015 57.189849624060152 8.4805771365149862 49.142151709388877 90.240998838559833 72.255689424364135 52.839034507958011 79.754370102471384 30.911219927613374 90.240998838559833
decision_type=2 2 2 2 2 2 2 2 2 2
left_child=2 -2 7 4 5 6 -4 9 -7 -1
right_child=1 -3 3 -5 -6 8 -8 -9 -10 -11
leaf_value=-0.0063584693606915915 -0.00075653140231299429 0.01708424402723694 -0.004413934982081231 -0.00075653140231299429 -0.00075653140231299429 -0.0011816741878713033 -0.0011816741878713033 -0.0011816741878713033 -0.00075653140231299429 -0.0017160203890586297
leaf_weight=2.9191833294462408 0.79005039483308737 1.5752620233688501 11.64991335640662 79.960097149247304 2.0221255598589769 2.5015999446623018 1.6501961855683465 0.7973858166951685 2.6209726096130908 1.0167032221797851
leaf_count=581 73 59 2997 6092 480 619 404 176 620 210
internal_value=-0.000350352 0.0125642 -0.000756531 -0.000756531 -0.0027577 -0.00322329 -0.003872 -0.00488198 -0.00118167 -0.00574987
internal_weight=107.503 2.36531 105.138 100.405 20.4448 18.4227 13.3001 4.73327 5.12257 3.93589
internal_count=12311 132 12179 11212 5120 4640 3401 967 1239 791
is_linear=0
shrinkage=0.03


Tree=62
num_leaves=13
num_cat=0
split_feature=1 11 1 11 2 7 9 1 9 2 2 7
split_gain=0.623399 0.484893 0.138438 0.221524 0.388489 0.445272 0.295782 0.22707 0.293069 0.213974 0.212949 0.0237635
threshold=99.034980501717015 99.763869528854215 0.92380723791236641 94.781424630402498 61.71295248868779 84.463601532567068 27.812939521800285 19.281411359724618 54.684071961386572 94.346440044135974 85.166848814115042 66.06451612903227
decision_type=2 2 2 2 2 2 2 2 2 2 2 2
left_child=1 2 -1 7 -5 6 -6 8 9 -4 -8 -11
right_child=-2 -3 3 4 5 -7 10 -9 -10 11 -12 -13
leaf_value=-0.0072905450932347314 0.012326087957119113 0.011201882801731008 -0.0072905450932347314 -0.0015676335150500949 -0.0015676335150500949 0.011201882801731008 -0.00044730233138626723 -0.0015676335150500949 -0.0015676335150500949 -0.0072905450932347314 0.0080504841830785975 -0.0015676335150500949
leaf_weight=2.1595438085496417 2.3854072727262965 1.9760543210431922 7.4077685575466621 4.8834861002396819 2.0828700792044392 2.6505421919282517 4.413398639764635 63.270861109951511 9.1247733943164331 1.0215464762877666 5.2992078703828156 0.76834068167954694
leaf_count=99 132 32 974 292 88 34 103 9407 915 118 80 37
internal_value=-0.0003514 -0.000752755 -0.00108734 -0.000884381 0.00193499 0.00467277 0.00157972 -0.00156763 -0.00483928 -0.00729055 0.0045078 -0.00156763
internal_weight=107.444 105.058 103.082 100.923 19.3295 14.446 11.7955 81.5933 18.3224 9.19766 9.71261 1.78989
internal_count=12311 12179 12147 12048 597 305 271 11451 2044 1129 183 155
is_linear=0
shrinkage=0.03


Tree=63
num_leaves=13
num_cat=0
split_feature=1 8 4 5 1 8 2 7 1 9 1 8
split_gain=0.7001 0.264654 0.104116 0.113673 0.0597502 0.162263 0.131535 0.0584318 0.0335396 0.0127349 0.0264053 0.00203878
threshold=99.034980501717015 52.479508196721319 8.4805771365149862 49.142151709388877 20.477746654217245 55.051020408163275 94.670786142953872 83.457711442786078 90.240998838559833 58.876050420168077 90.240998838559833 39.314988290398134
decision_type=2 2 2 2 2 2 2 2 2 2 2 2
left_child=2 -2 9 8 6 11 7 -5 -4 10 -1 -6
right_child=1 -3 3 4 5 -7 -8 -9 -10 -11 -12 -13
leaf_value=-0.0078513266122889093 -0.00051740641318257657 0.017720415550436276 -0.0031632860539401271 -0.002708272788453675 -0.00075344908195888868 0.0026185623765540064 -0.00075344908195888868 -0.00075344908195888868 -0.00075344908195888868 -0.0031632860539401271 -0.0031632860539401271 -0.00051740641318257657
leaf_weight=2.1536351772956546 0.91216798033565227 1.5981743067968635 18.376948598772305 18.927104382542904 9.4253603089600819 30.139509417116642 6.5936378543265155 2.8743569708894929 2.0225658819545052 1.75550827733241 0.79646517988294352 11.819242621771989
leaf_count=428 73 59 4640 1351 1393 1733 315 168 480 368 171 1132
internal_value=-0.000351475 0.0128339 -0.000785285 -0.000554868 -0.000517406 -0.000517406 -0.00214205 -0.00270827 -0.00270827 -0.00473368 -0.00616277 -0.000753449
internal_weight=107.395 2.51034 104.884 100.179 79.7792 51.3841 28.3951 21.8015 20.3995 4.70561 2.9501 21.2446
internal_count=12311 132 12179 11212 6092 4258 1834 1519 5120 967 599 2525
is_linear=0
shrinkage=0.03


Tree=64
num_leaves=10
num_cat=0
split_feature=1 11 7 1 10 8 9 3 4
split_gain=0.832275 0.439824 0.132698 0.326831 0.141865 0.0643646 0.0534307 0.3523 0.0661911
threshold=99.034980501717015 99.763869528854215 13.136324417601381 14.07842157842158 43.173565722585337 88.2734912146677 95.354232989801986 87.918698628568833 94.450603596945072
decision_type=2 2 2 2 2 2 2 2 2
left_child=1 2 3 4 -1 -2 -4 8 -8
right_child=5 -3 6 -5 -6 -7 7 -9 -10
leaf_value=-0.018729292685128029 0.010619100221522359 0.010619100221522359 -0.00076976839212464893 -0.00076976839212464893 -0.00076976839212464893 0.020397340260947628 -0.00076976839212464893 0.0097494802145392037 0.0087517576010656076
leaf_weight=0.71249249437823781 1.4480080145876848 1.98484667087905 91.331730696605518 4.9111480743158609 0.4922391464933753 1.1834909424651412 2.633789867861196 2.3106897107791156 0.40494831255637098
leaf_count=69 114 32 10625 843 82 18 454 58 16
internal_value=-0.000267387 -0.00074976 -0.00106947 -0.00503318 -0.0146389 0.0138573 -0.000769768 0.00199914 -0.000769768
internal_weight=107.413 104.782 102.797 6.11588 1.20473 2.6315 96.6812 5.34943 3.03874
internal_count=12311 12179 12147 994 151 132 11153 528 470
is_linear=0
shrinkage=0.03


Tree=65
num_leaves=9
num_cat=0
split_feature=1 8 7 1 8 10 1 10
split_gain=0.471683 0.51074 0.417552 0.267639 0.214493 0.0203951 0.015901 0.00795354
threshold=99.034980501717015 72.029411764705898 9.7406704617330835 54.272065724979434 78.297101449275374 10.063291139240508 14.07842157842158 60.92258748674444
decision_type=2 2 2 2 2 2 2 2
left_child=2 7 3 6 -4 -5 -1 -2
right_child=1 -3 4 5 -6 -7 -8 -9
leaf_value=-0.017951069913458618 -0.000536323173948694 0.01825996899430582 -0.000536323173948694 -0.0045415284559025141 0.0018545174634211324 -0.000536323173948694 -0.0054285395169255965 0.0036104409635950925
leaf_weight=0.88915118714794461 0.55777990445494585 1.5451792387757448 66.855229938868433 0.30220881896093454 36.093872293597087 1.3911559474654493 1.4616735365707425 0.64018695033155382
leaf_count=111 64 41 9046 57 2450 266 283 45
internal_value=-0.000174991 0.0102965 -0.000536323 -0.00917102 -0.000536323 -0.000536323 -0.0141086 -0.000536323
internal_weight=109.736 2.74315 106.993 4.04419 102.949 1.69336 2.35082 1.19797
internal_count=12363 150 12213 717 11496 323 394 109
is_linear=0
shrinkage=0.03


Tree=66
num_leaves=10
num_cat=0
split_feature=1 8 8 9 0 1 11 10 10
split_gain=0.528937 0.541556 0.247774 0.241016 0.277354 0.310129 0.0172576 0.0112406 0.00734383
threshold=99.034980501717015 72.029411764705898 78.297101449275374 27.812939521800285 98.631682962346588 75.425831088481701 90.291433826130032 44.91274770777877 60.92258748674444
decision_type=2 2 2 2 2 2 2 2 2
left_child=2 8 3 4 5 -1 -5 -7 -2
right_child=1 -3 -4 6 -6 7 -8 -9 -10
leaf_value=-0.0098077566916117947 -0.00057559444852130388 0.018784021292864553 0.0014004811022967662 -0.00074215631273045406 -0.00074215631273045406 -0.0038281682603834343 -0.00057559444852130388 -0.00074215631273045406 0.0035269218895301428
leaf_weight=8.747054907493288 0.55620518256910079 1.6164252657908944 36.635572634404525 40.017048750538379 0.73641474195756096 1.1739245145581674 17.495808429084718 2.140730703715235 0.63912846823222935
leaf_count=1714 64 41 2506 6673 26 226 683 385 45
internal_value=-0.000189445 0.0107958 -0.000575594 -0.00161043 -0.00517575 -0.00706022 -0.000742156 -0.000742156 -0.000575594
internal_weight=109.758 2.81176 106.947 70.311 12.7981 12.0617 57.5129 3.31466 1.19533
internal_count=12363 150 12213 9707 2351 2325 7356 611 109
is_linear=0
shrinkage=0.03


Tree=67
num_leaves=8
num_cat=0
split_feature=1 8 7 1 8 10 1
split_gain=0.471816 0.585138 0.386135 0.261982 0.163623 0.0121749 0.00191701
threshold=99.034980501717015 72.029411764705898 9.7406704617330835 54.272065724979434 78.297101449275374 10.063291139240508 14.07842157842158
decision_type=2 2 2 2 2 2 2
left_child=2 -2 3 6 -4 -5 -1
right_child=1 -3 4 5 -6 -7 -8
leaf_value=-0.017238325032682369 -0.00049199427821344289 0.018637997757356944 -0.00049199427821344289 -0.0038397299064068541 0.0016088840222420362 -0.00049199427821344289 -0.0054797054262090833
leaf_weight=0.87079334212467063 1.2173791280947619 1.6415978514123706 66.557608197676018 0.2788850921206173 36.298351888544858 1.3879242672119287 1.4565671102609483
leaf_count=111 109 41 9046 57 2450 266 283
internal_value=-0.000124302 0.0101841 -0.000491994 -0.00883669 -0.000491994 -0.000491994 -0.0137378
internal_weight=109.709 2.85898 106.85 3.99417 102.856 1.66681 2.32736
internal_count=12363 150 12213 717 11496 323 394
is_linear=0
shrinkage=0.03


Tree=68
num_leaves=10
num_cat=0
split_feature=1 8 7 2 8 1 4 9 9
split_gain=0.444386 0.558916 0.278815 0.215181 0.216217 0.169186 0.049915 0.0237422 0.00516191
threshold=99.034980501717015 72.029411764705898 9.7406704617330835 44.793172825806742 76.975051975051997 54.272065724979434 97.864765678648226 96.329966329966339 94.151846785225729
decision_type=2 2 2 2 2 2 2 2 2
left_child=2 -2 5 6 -5 8 7 -4 -1
right_child=1 -3 3 4 -6 -7 -8 -9 -10
leaf_value=-0.012866271957728307 -0.00045824766804463096 0.018162364415703774 -0.003144722264556104 -0.00045824766804463096 0.0029798370594514489 -0.003144722264556104 -0.00045824766804463096 -0.00045824766804463096 -0.003144722264556104
leaf_weight=1.9131314272526649 1.2177260774187737 1.646281103370711 26.082440860569491 45.848086930811405 29.496386402286589 1.6641620979644356 0.41561523219570418 1.0325390745419998 0.27306941710412491
leaf_count=327 109 41 4822 4959 1485 323 12 218 67
internal_value=-0.000100595 0.00989652 -0.000458248 -0.000458248 -0.000458248 -0.00765396 -0.00314472 -0.00314472 -0.0121917
internal_weight=109.589 2.86401 106.725 102.875 75.3445 3.85036 27.5306 27.115 2.1862
internal_count=12363 150 12213 11496 6444 717 5052 5040 394
is_linear=0
shrinkage=0.03


Tree=69
num_leaves=10
num_cat=0
split_feature=1 8 7 2 8 1 4 9 9
split_gain=0.421217 0.534809 0.233019 0.200754 0.22074 0.158969 0.0659645 0.0405352 0.00605377
threshold=99.034980501717015 72.029411764705898 9.7406704617330835 56.090012928248228 76.975051975051997 54.272065724979434 98.269402373879998 84.045454545454561 94.151846785225729
decision_type=2 2 2 2 2 2 2 2 2
left_child=2 -2 5 6 -5 8 7 -4 -1
right_child=1 -3 3 4 -6 -7 -8 -9 -10
leaf_value=-0.012185168770742686 -0.00046463626399665823 0.0175527743078699 -0.0026825640923403889 -0.00046463626399665823 0.0034440132322755682 -0.0026825640923403889 -0.00046463626399665823 -0.00046463626399665823 -0.0026825640923403889
leaf_weight=1.8348736856132744 1.2240297046955668 1.6937349373474715 30.847745134262368 39.055866902926937 25.962032057810575 1.6578698174562303 0.79855681443586846 6.1437875160481772 0.27236897498369206
leaf_count=327 109 41 5405 3850 1187 323 21 1033 67
internal_value=-0.000113748 0.00954989 -0.000464636 -0.000464636 -0.000464636 -0.00710212 -0.00268256 -0.00268256 -0.0115321
internal_weight=109.491 2.91776 106.573 102.808 65.0179 3.76511 37.7901 36.9915 2.10724
internal_count=12363 150 12213 11496 5037 717 6459 6438 394
is_linear=0
shrinkage=0.03


Tree=70
num_leaves=11
num_cat=0
split_feature=1 11 2 7 11 11 11 8 0 2
split_gain=0.536477 0.328 0.629935 0.32848 0.339714 0.12042 0.0660502 0.0257639 0.00480146 0.00157801
threshold=99.034980501717015 87.847490347490364 61.71295248868779 83.457711442786078 99.527184118751691 95.416157383155834 1.2239920418044972 5.5175038051750382 89.145607444719559 1.3747887161289647
decision_type=2 2 2 2 2 2 2 2 2 2
left_child=1 6 -3 4 5 8 -1 -8 -4 -9
right_child=-2 2 3 -5 -6 -7 7 9 -10 -11
leaf_value=-0.007959265026157257 0.010951720215582324 -0.0017608697057697046 -0.0017608697057697046 0.010951720215582324 0.010951720215582324 0.0029990665275545047 -0.0051556915571775372 -0.0046532025744794826 -0.00063879381113656083 -0.0017608697057697046
leaf_weight=0.62794592115096648 2.7227445715107015 9.0998913168441486 2.3505058637820282 3.7584435252938411 2.3785441191866985 10.071026245364918 1.4495563898235548 0.35158874187618394 4.909764377400279 69.507308383006603
leaf_count=120 139 781 271 86 38 219 348 80 126 10103
internal_value=-0.000243905 -0.000636633 0.00182506 0.00463744 0.00275585 0.000996335 -0.00176087 -0.00176087 -0.00176087 -0.00176087
internal_weight=107.227 104.505 32.5682 23.4683 19.7098 17.3313 71.9364 71.3085 7.26027 69.8589
internal_count=12311 12172 1521 740 654 616 10651 10531 397 10183
is_linear=0
shrinkage=0.03


Tree=71
num_leaves=12
num_cat=0
split_feature=1 9 11 2 1 11 7 5 9 7 1
split_gain=0.459845 0.277066 0.702459 1.22744 0.340421 0.197385 0.155282 0.077277 0.315776 0.0629388 0.0160658
threshold=99.034980501717015 26.944684528954195 94.463428936986887 61.71295248868779 2.9126899964651827 62.441526220298606 52.704678362573105 85.563847429519086 83.239700374531864 76.253132832080226 79.757566852776975
decision_type=2 2 2 2 2 2 2 2 2 2 2
left_child=1 4 -3 -4 6 9 -1 8 -5 10 -6
right_child=-2 2 3 7 5 -7 -8 -9 -10 -11 -12
leaf_value=-0.019149368943145655 0.010021179775396074 -0.0012993181878119913 -0.0012993181878119913 -0.0012993181878119913 -0.0053675984447244564 -0.0012993181878119913 -0.0053675984447244564 0.010021179775396074 0.010021179775396074 -0.0012993181878119913 -0.0012993181878119913
leaf_weight=0.8295784920919782 2.7827468046452841 62.70509026851505 4.1504043787717846 2.0853221334982641 7.2592859426513296 11.075739004183559 0.92935014236718416 10.746049169450997 1.1727482022251932 1.2589880197774626 2.1060376795940101
leaf_count=67 139 8646 226 108 1320 1088 34 95 33 183 372
internal_value=-0.000258884 -0.000625657 0.000218007 0.00525302 -0.00342366 -0.00205777 -0.0134211 0.0100212 0.00370303 -0.0053676 -0.0053676
internal_weight=107.101 104.319 80.8596 18.1545 23.459 21.7001 1.75893 14.0041 3.25807 10.6243 9.36532
internal_count=12311 12172 9108 462 3064 2963 101 236 141 1875 1692
is_linear=0
shrinkage=0.03


Tree=72
num_leaves=13
num_cat=0
split_feature=1 11 9 3 2 11 1 0 11 2 0 9
split_gain=0.438045 0.294857 0.851196 0.578564 0.126475 0.338807 0.11265 0.154736 0.0244029 0.0200922 0.0587271 0.0426784
threshold=99.034980501717015 87.847490347490364 83.239700374531864 99.034980501717015 85.021235214733679 96.915772646936333 33.980616843903739 97.546008575420345 95.416157383155834 65.067669479434201 91.06517002936441 79.502625888168069
decision_type=2 2 2 2 2 2 2 2 2 2 2 2
left_child=1 6 3 4 -3 8 7 9 -6 -1 11 -11
right_child=-2 2 -4 -5 5 -7 -8 -9 -10 10 -12 -13
leaf_value=-0.0066299713917235374 0.0097269774786462419 -0.0016833433036504547 0.0097269774786462419 0.0097269774786462419 -0.0016833433036504547 0.0075726746676788642 -0.0016833433036504547 -0.0016833433036504547 0.0017150565338076695 -0.0063281722203473072 -0.0016833433036504547 -0.0016833433036504547
leaf_weight=6.6315140274819084 2.8207900631241491 15.011241124710073 6.0621770890429607 2.1736417938955119 2.9949434662703407 4.0501989019103348 45.454550038324669 3.367690233513712 2.2935756302904338 7.2239668404217827 5.7054922671522936 3.3207385088317096
leaf_count=1411 139 1033 200 31 150 72 7143 153 35 1252 292 400
internal_value=-0.00025463 -0.000614428 0.00171777 -0.000739493 -0.00168334 0.00179254 -0.00168334 -0.00363901 -0.00168334 -0.00489488 -0.00384351 -0.0051179
internal_weight=107.111 104.29 32.5858 26.5236 24.35 9.33872 71.704 26.2494 5.28852 22.8817 16.2502 10.5447
internal_count=12311 12172 1521 1321 1290 257 10651 3508 185 3355 1944 1652
is_linear=0
shrinkage=0.03


Tree=73
num_leaves=10
num_cat=0
split_feature=1 8 9 7 1 8 1 1 3
split_gain=0.421734 0.290787 0.168366 0.264743 1.00318 0.0565318 0.0380668 0.0149382 0.0130089
threshold=99.034980501717015 88.2734912146677 26.944684528954195 62.258652094717675 4.1013328677026957 80.131578947368439 80.096533414068986 32.796157555077521 90.595322466335958
decision_type=2 2 2 2 2 2 2 2 2
left_child=2 8 3 4 -1 6 -6 -7 -2
right_child=1 -3 -4 -5 5 7 -8 -9 -10
leaf_value=-0.023413845949655149 -0.00051323080559712345 0.016062006497709613 -0.00051323080559712345 -0.00051323080559712345 -0.0044542322277756558 -0.0030686451534966295 -0.00051323080559712345 -0.00051323080559712345 0.0020569050942243297
leaf_weight=1.3788039940409422 0.68352324399165743 1.3621468553319571 80.978204150684178 6.8391735500190398 7.5199441562872362 1.8495713085867453 2.1333501348271966 3.4134896129835397 0.81231099204160273
leaf_count=120 98 20 9108 698 1464 138 423 221 21
internal_value=-0.000242286 0.00950235 -0.000597641 -0.0030273 -0.00526841 -0.00222545 -0.00354319 -0.000513231 -0.000513231
internal_weight=106.971 2.85798 104.113 23.1343 16.2952 14.9164 9.65329 5.26306 1.49583
internal_count=12311 139 12172 3064 2366 2246 1887 359 119
is_linear=0
shrinkage=0.03


Tree=74
num_leaves=12
num_cat=0
split_feature=1 4 9 8 1 4 1 4 0 8 1
split_gain=0.38471 0.293326 0.146114 0.184 0.297452 0.204995 0.129827 0.0793124 0.0349594 0.0205279 0.00427969
threshold=99.034980501717015 41.577117211766868 26.944684528954195 80.537518037518055 4.1013328677026957 98.623845971750981 57.396358543417371 59.726953622498115 38.03537925489146 88.2734912146677 2.9126899964651827
decision_type=2 2 2 2 2 2 2 2 2 2 2
left_child=2 9 3 4 -1 6 -6 -4 -8 -2 -5
right_child=1 -3 7 10 5 -7 8 -9 -10 -11 -12
leaf_value=-0.015435239716891605 -0.00058237761035644597 0.014517444656767691 -0.00058237761035644597 -0.0032840364194560352 -0.0077976242838496508 -0.00058237761035644597 -0.0037512767565979969 0.00083965499981863631 -0.00058237761035644597 0.0033053881657020656 -0.00058237761035644597
leaf_weight=1.217236313503238 0.58397441729903155 1.7344808436464516 27.233652415452525 0.73348609008825327 6.2261931051034445 0.76595716783776957 2.4171296369750053 53.872998500009999 2.6118597467429936 0.57796299969777465 8.9682257163804007
leaf_count=120 94 32 5378 22 1253 18 604 3730 450 13 597
internal_value=-0.000241219 0.00901826 -0.000582378 -0.00292911 -0.00515555 -0.00300919 -0.00520187 -0.000582378 -0.00122786 -0.000582378 -0.000582378
internal_weight=106.943 2.89642 104.047 22.9401 13.2384 12.0211 11.2552 81.1067 5.02899 1.16194 9.70171
internal_count=12311 139 12172 3064 2445 2325 2307 9108 1054 107 619
is_linear=0
shrinkage=0.03


Tree=75
num_leaves=13
num_cat=0
split_feature=9 11 9 0 1 11 4 1 1 0 7 4
split_gain=0.312321 0.420719 0.484932 0.573664 0.32498 0.324681 0.241058 0.105361 0.0536815 0.162693 0.0317775 0.028109
threshold=5.3101503759398501 89.376255824889924 83.431372549019628 89.55389718076286 36.773498018375072 13.892395982783361 15.279802186361271 6.5138816134101623 5.2948331788693244 99.034980501717015 89.512961508248239 98.269402373879998
decision_type=2 2 2 2 2 2 2 2 2 2 2 2
left_child=7 4 8 10 -2 11 -7 -1 -3 -10 -4 -6
right_child=1 2 3 -5 5 6 -8 -9 9 -11 -12 -13
leaf_value=-0.014372790057241475 -0.0031036233092318695 -0.0015633417363297754 0.0013612966846523065 0.01569798356248726 -0.0031036233092318695 -0.0031036233092318695 0.0013612966846523065 -0.0031036233092318695 0.0013612966846523065 0.0088311645697450002 0.008748039580302033 0.0013612966846523065
leaf_weight=0.53132677217945623 28.963266510982066 4.8650117735378613 1.0691767081152632 4.3309990372508764 6.8579939855262628 5.3830910522956392 33.350554598495364 2.8527462962083519 17.016881848452616 1.8819432067684818 0.74887886876240384 0.44815361499786366
leaf_count=51 3777 133 116 43 1083 1173 4610 417 929 19 18 9
internal_value=0.000214271 0.000537137 0.00348404 0.0103497 -0.000668531 0.000896779 0.0013613 -0.0076348 0.0013613 0.0013613 0.0013613 -0.00310362
internal_weight=108.3 104.916 29.9129 6.14905 75.0031 46.0398 38.7336 3.38407 23.7638 18.8988 1.81806 7.30615
internal_count=12378 11910 1258 177 10652 6875 5783 468 1081 948 134 1092
is_linear=0
shrinkage=0.03


Tree=76
num_leaves=15
num_cat=0
split_feature=9 11 4 11 3 3 2 3 8 11 4 9 3 11
split_gain=0.26339 0.394026 0.587311 0.147529 0.145282 0.148982 0.0679632 0.0628641 0.1057 0.0528477 0.124788 0.0791459 0.0517226 0.00681196
threshold=5.3101503759398501 98.861024196101042 97.511875014069929 2.4477124183006542 87.918698628568833 99.328828828828833 4.3358395989974943 88.676972039099809 38.92496392496394 86.951712196998855 98.269402373879998 75.140449438202253 84.063299232736583 82.814479638009061
decision_type=2 2 2 2 2 2 2 2 2 2 2 2 2 2
left_child=-1 3 4 -2 -3 6 13 8 -8 10 11 -10 -13 -5
right_child=1 2 -4 5 -6 -7 7 -9 9 -11 -12 12 -14 -15
leaf_value=-0.0070874090537750437 -0.0070874090537750437 -3.6140786669479385e-05 0.016341413226330755 -0.0054984777719139623 0.0067784903575929785 0.0050956749663910459 -0.0027398884902483656 0.0010486091373005889 -0.0027398884902483656 -3.6140786669479385e-05 -3.6140786669479385e-05 -0.0023635265006281335 -3.6140786669479385e-05 -0.0027398884902483656
leaf_weight=3.3354289189446709 1.5014454682823259 1.9447343386709683 2.3889404265210032 1.9429521972779178 1.8601895207539199 4.1923117279075077 14.286857581697403 33.290618377039209 22.768523268867284 9.5635948549024743 1.4111298422794778 7.6590570695698243 1.8027975137811152 0.35329729760996986
leaf_count=468 283 96 19 458 19 87 3094 1179 4347 706 45 1452 83 42
internal_value=0.000162122 0.000457194 0.00723576 -3.61408e-05 -3.61408e-05 -3.61408e-05 -0.000124784 -3.61408e-05 -0.000569185 -3.61408e-05 -0.00123649 -0.00224561 -3.61408e-05 -0.00436987
internal_weight=108.302 104.966 6.19386 98.7726 3.80492 97.2711 93.0788 90.7826 57.492 43.2051 33.6415 32.2304 9.46185 2.29625
internal_count=12378 11910 134 11776 115 11493 11406 10906 9727 6633 5927 5882 1535 500
is_linear=0
shrinkage=0.03


Tree=77
num_leaves=13
num_cat=0
split_feature=11 9 0 1 9 2 1 10 7 0 1 7
split_gain=0.218082 0.477248 0.53966 0.239521 0.261606 0.310212 0.384861 0.168569 0.0720573 0.0336407 0.00954374 0.0115676
threshold=89.376255824889924 83.431372549019628 89.55389718076286 36.773498018375072 79.502625888168069 94.346440044135974 26.443376068376072 79.650990831115067 89.512961508248239 99.762751742072041 21.271661733796599 86.425061425061429
decision_type=2 2 2 2 2 2 2 2 2 2 2 2
left_child=3 9 8 4 5 6 10 -8 -3 -2 11 -1
right_child=1 2 -4 -5 -6 -7 7 -9 -10 -11 -12 -13
leaf_value=-0.010299890708049613 0.00033132198459152418 0.00033132198459152418 0.014328596286716892 0.00033132198459152418 0.00033132198459152418 0.00033132198459152418 -0.0052729382473868918 0.00033132198459152418 0.0084307385607630628 0.003641454307158197 -0.0052729382473868918 -0.0052729382473868918
leaf_weight=9.2609312385320699 23.343475874746243 1.0803468448575571 4.3028422929346561 47.627909938804805 7.7879129408393046 4.1763729269150636 3.8393109226599327 1.4174696772824971 0.7405624098610134 1.7732470515184093 2.4193608295172462 0.49450339842587787
leaf_count=1302 1141 116 43 7136 895 358 681 149 18 21 413 105
internal_value=0.000214821 0.00228863 0.00914316 -0.00064486 -0.00275765 -0.00449027 -0.00627692 0.000331322 0.000331322 0.000331322 -0.00901704 -0.00980674
internal_weight=108.264 31.2405 6.12375 77.0238 29.3959 21.6079 17.4316 5.25678 1.82091 25.1167 12.1748 9.75543
internal_count=12378 1339 177 11039 3903 3008 2650 830 134 1162 1820 1407
is_linear=0
shrinkage=0.03


Tree=78
num_leaves=15
num_cat=0
split_feature=9 5 8 4 1 1 7 2 3 0 1 2 10 3
split_gain=0.219319 0.25153 0.257247 0.271494 0.348999 0.135882 0.450206 0.402526 0.424425 0.183282 0.097118 0.0631305 0.0205359 0.00639314
threshold=5.3101503759398501 62.470852334802721 39.314988290398134 12.08130137143119 99.034980501717015 36.773498018375072 33.578431372549026 52.017032342312937 78.562822719449244 89.55389718076286 6.5138816134101623 88.191031941031966 62.988330796549981 80.918707313010188
decision_type=2 2 2 2 2 2 2 2 2 2 2 2 2 2
left_child=10 -2 -3 -4 5 9 -7 13 -9 11 -1 -5 -12 -8
right_child=1 2 3 4 -6 6 7 8 -10 -11 12 -13 -14 -15
leaf_value=-0.012841139782749532 -0.0017641364520035124 -0.0017641364520035124 -0.0017641364520035124 -0.0017641364520035124 0.013191548319601157 0.0008054872541937455 0.0008054872541937455 0.0008054872541937455 0.01066797165413169 0.0008054872541937455 -0.004949294024609854 0.0008054872541937455 -0.0017641364520035124 0.0017165170279794238
leaf_weight=0.48852531798184262 30.274027554085478 12.029256174573673 1.1420111577026535 6.308251290116468 1.7807466364465643 4.1373320745769915 1.3333113181870446 2.0041344824712715 13.309034141013397 22.116248407866806 1.2029259917326274 3.156057846499607 1.5915203872136769 7.2949267646763474
leaf_count=51 7445 1369 104 729 23 244 229 258 302 610 230 259 187 338
internal_value=0.000237624 0.000504712 0.00143647 0.00221986 0.00272202 0.0021972 0.00368095 0.00589581 0.00867082 0.000805487 -0.00642091 -0.00176414 -0.00221012 0.000805487
internal_weight=108.168 104.885 74.6113 62.5821 61.44 59.6593 28.0787 23.9414 15.3132 31.5806 3.28297 9.46431 2.79445 8.62824
internal_count=12378 11910 4465 3096 2992 2969 1371 1127 560 1598 468 988 417 567
is_linear=0
shrinkage=0.03


Tree=79
num_leaves=11
num_cat=0
split_feature=11 9 7 11 2 1 4 0 7 4
split_gain=0.17647 0.80257 0.564882 0.130145 0.12997 0.0982081 0.179938 0.0737515 0.191087 0.0022568
threshold=83.780780780780802 83.431372549019628 30.151515151515156 2.4477124183006542 4.3358395989974943 26.055288377563262 99.328828828828833 88.745897486728794 92.980295566502477 90.240998838559833
decision_type=2 2 2 2 2 2 2 2 2 2
left_child=3 -2 -3 -1 -5 6 9 8 -4 -6
right_child=1 2 7 4 5 -7 -8 -9 -10 -11
leaf_value=-0.0073269239836370424 -0.00038595026453218124 -0.00038595026453218124 -0.00038595026453218124 -0.0065891445481785138 -0.0046370376937813667 -0.00038595026453218124 -0.00038595026453218124 0.016280912204121062 0.010730274975711706 -0.002679398849978286
leaf_weight=1.4954197769984592 29.862843781709671 1.4730127367656667 0.91180860530585084 2.0475759254768482 11.192251279251655 47.945251329569146 1.0760064418427635 4.0536429332569242 1.2065892016980795 6.5941499888431272
leaf_count=283 1745 102 90 478 1980 7151 33 45 32 439
internal_value=0.000297218 0.00193164 0.00998201 -0.000589046 -0.00038595 -0.00038595 -0.00258449 0.0137731 0.00529222 -0.00409252
internal_weight=107.859 37.5079 7.64505 70.3507 68.8552 66.8077 18.8624 6.17204 2.1184 17.7864
internal_count=12378 2014 269 10364 10081 9603 2452 167 122 2419
is_linear=0
shrinkage=0.03


Tree=80
num_leaves=10
num_cat=0
split_feature=11 9 2 9 11 10 2 9 9
split_gain=0.439676 0.514613 0.317725 0.340634 0.427631 0.395456 0.108488 0.0565303 0.0317663
threshold=87.847490347490364 96.178188899707905 61.71295248868779 12.692750287686998 95.416157383155834 17.445652173913047 6.6991780571009922 85.206228956228969 55.618686868686872
decision_type=2 2 2 2 2 2 2 2 2
left_child=6 2 -2 -4 8 -6 7 -1 -5
right_child=1 -3 3 4 5 -7 -8 -9 -10
leaf_value=-0.0064521587941838371 -0.00043018265359677938 0.016211774302363442 -0.00043018265359677938 -0.00043018265359677938 3.9949139397475272e-06 0.011511565789289685 -0.00043018265359677938 -0.00043018265359677938 3.9949139397475272e-06
leaf_weight=3.1056074427906419 9.2339086949359643 1.7497631341684599 2.2899236914236125 3.1675764285028007 2.4153287357185027 10.310771133983506 70.966231290949509 0.36789233004674304 3.8118882481940091
leaf_count=645 769 55 109 202 44 189 10123 90 158
internal_value=0.000855085 0.00368344 0.00250025 0.00451744 0.00605066 0.00912499 -0.000430183 -0.00510645 3.99491e-06
internal_weight=107.419 32.9792 31.2294 21.9955 19.7056 12.7261 74.4397 3.4735 6.97946
internal_count=12384 1526 1471 702 593 233 10858 735 360
is_linear=0
shrinkage=0.03


Tree=81
num_leaves=15
num_cat=0
split_feature=11 9 1 3 3 10 5 1 1 3 11 11 8 11
split_gain=0.363607 0.497892 0.376429 0.397056 0.204866 0.14301 0.160304 0.0957164 0.0835409 0.0155434 0.01469 0.0137888 0.00879356 0.0188411
threshold=87.847490347490364 96.178188899707905 20.88309570908179 89.082271647592322 99.034980501717015 79.873417721519004 88.676972039099809 36.373539314715792 93.654665118079762 99.762751742072041 99.265604774917321 11.838927027714215 34.021276595744688 77.022070970726247
decision_type=2 2 2 2 2 2 2 2 2 2 2 2 2 2
left_child=2 4 9 5 8 7 11 -4 10 -1 -2 -7 13 -13
right_child=1 -3 3 -5 -6 6 -8 -9 -10 -11 -12 12 -14 -15
leaf_value=-0.0043484407960932645 0.0022945690295521526 0.015767550702663398 -0.0042057480020564267 0.0022945690295521526 0.0098272753799762292 -0.0020896192043252724 0.0022945690295521526 -0.0020896192043252724 0.0091322113332240953 0.00054713162463577655 0.0062943357954185573 -0.0020896192043252724 0.00034264726177678218 0.00034264726177678218
leaf_weight=15.731439858675003 23.068763080053063 1.7478370706085105 6.3966698127333137 19.927861619973555 2.3422356445807955 1.375314236851408 1.1980346078053115 23.714783296454698 1.25987222441472 0.38720195367932397 4.6116325643379232 1.2991231796331701 3.8899903455749154 0.22506835777312506
leaf_count=2107 1272 55 1276 787 33 297 32 5226 73 8 93 275 793 57
internal_value=0.000882228 0.00344989 -0.000292304 0.000847603 0.00229457 -0.00123178 0.00215137 -0.00216952 0.00229457 -0.00420575 0.00229457 -0.00208962 -0.00047236 -0.0018641
internal_weight=107.176 33.0303 74.1455 58.0268 31.2825 38.099 7.98753 30.1115 28.9403 16.1186 27.6804 6.7895 5.41418 1.52419
internal_count=12384 1526 10858 8743 1471 7956 1454 6502 1438 2115 1365 1422 1125 332
is_linear=0
shrinkage=0.03


Tree=82
num_leaves=15
num_cat=0
split_feature=11 9 1 3 0 10 5 1 1 1 11 8 4 9
split_gain=0.29493 0.511838 0.29492 0.314108 0.166733 0.136635 0.131755 0.0688316 0.059988 0.0713933 0.012378 0.0124853 0.00939925 0.0367035
threshold=87.847490347490364 96.178188899707905 20.88309570908179 89.082271647592322 99.762751742072041 79.873417721519004 88.676972039099809 36.373539314715792 0.92380723791236641 94.450603596945072 84.76965601965604 68.903903903903924 89.821006687222209 79.502625888168069
decision_type=2 2 2 2 2 2 2 2 2 2 2 2 2 2
left_child=2 4 12 5 8 7 10 -4 -2 -10 11 -7 13 -1
right_child=1 -3 3 -5 -6 6 -8 -9 9 -11 -12 -13 -14 -15
leaf_value=-0.0066336971813620912 -0.0036783097149312096 0.015579235479978002 -0.0036783097149312096 0.002026019374410673 0.0091368657733384914 -0.001958222640860291 0.002026019374410673 -0.001958222640860291 0.002026019374410673 0.0077767917256697005 0.0015110512824822217 0.00052513968173217331 -0.0036783097149312096 -0.0036783097149312096
leaf_weight=6.848628965439266 1.1108016199432551 1.7815991325769562 6.2620856324210825 20.17248829617165 2.0488815102726212 4.9465000412892541 1.1935265688225625 23.624721037922427 26.981471163919199 1.2417585330549616 0.24418562441132952 1.5639116310048846 6.7263167740311482 2.2745664645917714
leaf_count=1269 26 55 1276 787 22 1067 32 5226 1362 61 58 297 474 372
internal_value=0.000883848 0.00318879 -0.000179931 0.000822077 0.00202602 -0.00107036 0.00202602 -0.00199505 0.00202602 0.00202602 -0.00195822 -0.00195822 -0.00367831 -0.00515214
internal_weight=107.021 33.1645 73.8569 58.0074 31.3829 37.8349 7.94812 29.8868 29.334 28.2232 6.7546 6.51041 15.8495 9.1232
internal_count=12384 1526 10858 8743 1471 7956 1454 6502 1449 1423 1422 1364 2115 1641
is_linear=0
shrinkage=0.03


Tree=83
num_leaves=14
num_cat=0
split_feature=11 9 1 3 2 3 9 7 5 4 11 1 10
split_gain=0.278834 0.577278 0.279151 0.246527 0.163283 0.131872 0.100177 0.102884 0.10774 0.0739576 0.0194817 0.0130711 0.00793631
threshold=87.847490347490364 96.178188899707905 23.662214928413785 89.082271647592322 98.107843137254918 99.034980501717015 76.967285587975269 76.253132832080226 99.762751742072041 97.864765678648226 85.992712079668621 94.450603596945072 50.308641975308653
decision_type=2 2 2 2 2 2 2 2 2 2 2 2 2
left_child=2 4 6 9 5 11 7 8 -1 10 -4 -2 -12
right_child=1 -3 3 -5 -6 -7 -8 -9 -10 -11 12 -13 -14
leaf_value=-0.0068361206005941077 0.0018853162281085968 0.015923716766187288 -0.00085076276823652032 0.0018853162281085968 0.0098835697948344379 0.0082154181708941586 -0.00085076276823652032 -0.00085076276823652032 -0.00085076276823652032 0.0018853162281085968 -0.00085076276823652032 0.0079660509448004867 0.0018853162281085968
leaf_weight=10.056331340922043 26.390005667693941 1.9275160620454688 34.931220205733553 19.61212405981496 1.3527336802799244 2.3953037627506992 5.1612944488879284 1.8141838673036534 0.48262070398777801 0.65208051539957423 0.33459438243880768 1.2492586318403471 0.51032983255572617
leaf_count=1530 1358 55 7504 750 20 33 624 251 16 28 81 60 74
internal_value=0.000904734 0.00313792 -0.000135255 0.000905472 0.00188532 0.00188532 -0.00333429 -0.0047697 -0.00593604 -0.000850763 -0.000850763 0.00188532 0.00188532
internal_weight=106.87 33.3148 73.5548 56.0403 31.3873 30.0346 17.5144 12.3531 10.539 36.4282 35.7761 27.6393 0.844924
internal_count=12384 1526 10858 8437 1471 1451 2421 1797 1546 7687 7659 1418 155
is_linear=0
shrinkage=0.03


Tree=84
num_leaves=15
num_cat=0
split_feature=9 11 11 1 1 8 3 1 8 11 5 11 11 1
split_gain=0.256898 0.567811 0.18144 0.1249 0.104142 0.0677222 0.0813542 0.138589 0.179835 0.0572868 0.0763921 0.0682111 0.0320309 0.0319646
threshold=96.178188899707905 85.664438502673804 99.265604774917321 73.464642872537624 91.763359806165042 76.516544117647072 99.328828828828833 8.4805771365149862 56.879648411088581 94.463428936986887 38.356071475153264 96.915772646936333 87.847490347490364 83.642826367944863
decision_type=2 2 2 2 2 2 2 2 2 2 2 2 2 2
left_child=2 3 4 -2 5 6 7 8 -1 -6 -5 -7 13 -9
right_child=1 -3 -4 10 9 11 -8 12 -10 -11 -12 -13 -14 -15
leaf_value=-0.0077497516589324807 0.00021541329558688558 0.0161976781356491 0.0056605055834553835 0.00021541329558688558 0.00021541329558688558 0.00021541329558688558 0.00021541329558688558 -0.00075160774775404147 -0.00075160774775404147 0.0056605055834553835 0.010724190722965876 0.0056605055834553835 0.00021541329558688558 0.00021541329558688558
leaf_weight=5.3335130482446393 2.7041472729761149 2.0921627450734377 4.8503436129540196 0.3321696587372569 7.7598197329789382 28.414846339030213 1.8821813841350366 32.221565043320879 1.8408912287559358 0.86222071084193874 0.71694430545903742 1.8118789822328825 12.032294211210681 3.6846179412677875
leaf_count=567 414 65 97 80 931 2298 52 6078 163 36 89 58 811 645
internal_value=0.000918598 0.00654573 0.000530781 0.000530781 0.000215413 -0.000110098 -0.000885919 -0.00138437 -0.00500321 0.00317755 0.00789378 0.000215413 -0.000751608 -0.000751608
internal_weight=106.54 5.84542 100.694 3.75326 95.8438 87.2218 56.9951 55.1129 7.1744 8.62204 1.04911 30.2267 47.9385 35.9062
internal_count=12384 648 11736 583 11639 10672 8316 8264 730 967 169 2356 7534 6723
is_linear=0
shrinkage=0.03


Tree=85
num_leaves=14
num_cat=0
split_feature=10 1 9 8 1 9 8 11 7 8 9 0 0
split_gain=0.537422 0.511543 0.256479 0.161254 0.407445 0.349149 0.140251 0.255477 0.265662 0.13667 0.107718 0.00959069 0.00682573
threshold=55.62587904360057 99.034980501717015 83.431372549019628 64.747307373653697 5.2948331788693244 58.204833141542004 83.711734693877574 63.856757406566395 76.253132832080226 8.9220563847429535 38.956639566395673 82.204306179716028 64.252300697313487
decision_type=2 2 2 2 2 2 2 2 2 2 2 2 2
left_child=2 6 3 4 -1 -5 10 8 -8 -4 -2 12 -10
right_child=1 -3 9 5 -6 -7 7 -9 11 -11 -12 -13 -14
leaf_value=-0.015069507709211394 -0.0026890125333082896 0.015073645427633271 -0.0030295085409397025 -0.0030295085409397025 -0.0030295085409397025 0.0015069262417397586 0.0015069262417397586 0.0075332244580242616 0.0015069262417397586 0.0015069262417397586 0.0015069262417397586 0.0075332244580242616 0.0038551765369718399
leaf_weight=1.9777606269344712 8.937049531843515 1.6643789880909015 0.8785594946239027 11.72036097967066 24.123578646453097 7.7827334564644834 5.2564824749715644 8.9321061326190812 0.44909208710305415 9.5270751009229553 22.529070056043565 1.6807491292711345 0.67103222687728703
leaf_count=200 1449 58 118 1281 3934 563 407 316 89 1218 2682 31 43
internal_value=1.00952e-05 0.0022435 -0.00199274 -0.00296342 -0.00446419 -0.000835143 0.00150693 0.00417955 0.00150693 0.00150693 0.00150693 0.00753322 0.00150693
internal_weight=106.13 50.12 56.0101 45.6044 26.1013 19.5031 48.4556 16.9895 8.05736 10.4056 31.4661 2.80087 1.12012
internal_count=12389 5075 7314 5978 4134 1844 5017 886 570 1336 4131 163 132
is_linear=0
shrinkage=0.03


Tree=86
num_leaves=11
num_cat=0
split_feature=10 1 2 11 8 1 1 8 8 9
split_gain=0.405536 0.496371 0.395592 0.425166 0.502273 0.37013 0.142582 0.0997553 0.0508595 0.0301289
threshold=55.62587904360057 99.034980501717015 56.090012928248228 90.011086474501127 93.582704186684978 10.080714685977846 43.970848318674406 6.3560463237274449 83.438818565400865 5.5867665418227217
decision_type=2 2 2 2 2 2 2 2 2 2
left_child=7 2 -2 4 6 -6 -4 -1 -5 -9
right_child=1 -3 3 8 5 -7 -8 9 -10 -11
leaf_value=-0.0077874417357168182 -0.0017625336164694859 0.014320118959883794 -0.0017625336164694859 0.0048544209309377426 -0.0017625336164694859 0.0074509808480148652 0.0030160556237530229 -0.0057522669657794432 0.01033801078288134 -0.0017625336164694859
leaf_weight=1.5588839619886119 17.764763952000067 1.7567810059990723 8.7427520051132905 7.6246506834868306 1.1614277523476619 3.922162122791633 5.2623207520227888 1.2347484570927907 4.1760604332666844 52.929889888735488
leaf_count=310 2829 58 1153 226 35 145 564 222 65 6782
internal_value=-1.36171e-05 0.00191629 0.00118904 0.00322013 0.000363895 0.00745098 -0.00176253 -0.00176253 0.00745098 -0.00176253
internal_weight=106.134 50.4109 48.6541 30.8894 19.0887 5.08359 14.0051 55.7235 11.8007 54.1646
internal_count=12389 5075 5017 2188 1897 180 1717 7314 291 7004
is_linear=0
shrinkage=0.03


Tree=87
num_leaves=13
num_cat=0
split_feature=8 2 7 3 11 1 2 9 1 7 8 8
split_gain=0.188254 0.358476 0.5625 0.49641 0.332175 0.169306 0.103901 0.0994173 0.0813912 0.0654422 0.0391334 0.0022112
threshold=76.516544117647072 52.017032342312937 54.226190476190482 47.565088392912152 63.856757406566395 26.443376068376072 73.735658212560395 28.080031539522967 75.058015883699042 58.032258064516135 62.715832601697407 50.900032144005145
decision_type=2 2 2 2 2 2 2 2 2 2 2 2
left_child=7 -2 -3 -4 5 -5 -7 8 9 10 -1 -11
right_child=1 2 3 4 -6 6 -8 -9 -10 11 -12 -13
leaf_value=-0.0069951132389379049 -0.00089094350364875502 -0.00089094350364875502 -0.00089094350364875502 -0.00089094350364875502 0.014427988873851893 -4.1947265082402348e-05 0.010043236615286269 -0.00089094350364875502 -0.00089094350364875502 -0.0021483409181531619 -0.00089094350364875502 -0.00089094350364875502
leaf_weight=5.9783858619630319 12.064816267928107 8.7737597043160367 1.473678377456962 2.8206734927371127 5.9637905729468912 1.2111855887342247 2.7106511059682816 58.510487197898328 3.7104917359538367 1.753071910934523 0.69253131235018361 0.3758990354835986
leaf_count=1248 1392 561 292 97 134 71 82 7272 678 355 147 60
internal_value=-5.3968e-06 0.00176545 0.0040195 0.00756194 0.00968201 0.00416286 0.00755291 -0.000890944 -0.0034758 -0.0049857 -0.00629484 -0.000890944
internal_weight=106.039 35.0186 22.9537 14.18 12.7063 6.74251 3.92184 71.0209 12.5104 8.79989 6.67092 2.12897
internal_count=12389 2629 1237 676 384 250 153 9760 2488 1810 1395 415
is_linear=0
shrinkage=0.03


Tree=88
num_leaves=11
num_cat=0
split_feature=10 1 2 11 8 5 1 8 1 8
split_gain=0.35224 0.395241 0.400823 0.497962 0.555398 0.0941509 0.167419 0.0767928 0.0144083 0.00576061
threshold=55.62587904360057 99.034980501717015 56.090012928248228 90.011086474501127 96.128871128871154 94.815570287268415 15.279802186361271 6.3560463237274449 53.084906785818866 83.438818565400865
decision_type=2 2 2 2 2 2 2 2 2 2
left_child=7 2 -2 4 5 -4 -7 8 -1 -5
right_child=1 -3 3 9 -6 6 -8 -9 -10 -11
leaf_value=-0.008557093428096808 -0.0016585350873471866 0.012814370646912076 -0.0016585350873471866 0.0065270320515577835 0.0077302061329044313 -0.0016585350873471866 0.0065270320515577835 -0.0016585350873471866 -0.0016585350873471866 0.010087606246938672
leaf_weight=0.84034920227713772 17.741682381834835 1.7696191426366557 11.898673852672809 7.6536452875006908 2.9227236912120125 1.7227861380670209 2.7026422694325447 53.972842227900401 0.64796085702255368 4.2418532320298254
leaf_count=155 2829 58 1657 226 107 63 70 7004 155 65
internal_value=-2.08796e-05 0.0017696 0.00112091 0.00316829 0.000106262 -0.00165854 0.00251853 -0.00165854 -0.00703261 0.00773021
internal_weight=106.115 50.6536 48.884 31.1423 19.2468 16.3241 4.42543 55.4612 1.48831 11.8955
internal_count=12389 5075 5017 2188 1897 1790 133 7314 310 291
is_linear=0
shrinkage=0.03


Tree=89
num_leaves=12
num_cat=0
split_feature=10 1 2 11 8 5 8 8 8 8 1
split_gain=0.3053 0.411828 0.339136 0.40892 0.498779 0.0876646 0.150363 0.0850487 0.0767931 0.0309687 0.0141166
threshold=55.62587904360057 99.034980501717015 56.090012928248228 90.011086474501127 96.128871128871154 94.815570287268415 83.087757313109435 83.087757313109435 6.3560463237274449 57.795138888888893 53.084906785818866
decision_type=2 2 2 2 2 2 2 2 2 2 2
left_child=8 2 -2 4 5 -4 9 -5 10 -7 -1
right_child=1 -3 3 7 -6 6 -8 -9 -10 -11 -12
leaf_value=-0.0084192401979971947 -0.0015512417191251267 0.012720230016587673 -0.0015512417191251267 0.0041841928970595705 0.006929066848167572 -0.0015512417191251267 0.006929066848167572 0.010242298342099733 -0.0015512417191251267 0.0023887192599612705 -0.0015512417191251267
leaf_weight=0.83660231577232369 17.564407961675897 1.8607785459607828 11.855599505361178 7.8709951208438707 2.991656804457306 1.2166445523034775 2.0826738248579204 4.2579171154648066 53.665778829250485 1.1095306545030323 0.64857795229181647
leaf_count=155 2829 58 1657 226 107 71 28 65 7004 34 155
internal_value=-1.89892e-05 0.001642 0.000974643 0.00284643 5.97647e-05 -0.00155124 0.0025343 0.00692907 -0.00155124 -0.00155124 -0.00691581
internal_weight=105.961 50.8102 48.9494 31.385 19.2561 16.2644 4.40885 12.1289 55.151 2.32618 1.48518
internal_count=12389 5075 5017 2188 1897 1790 133 291 7314 105 310
is_linear=0
shrinkage=0.03


Tree=90
num_leaves=13
num_cat=0
split_feature=1 5 8 2 9 0 10 5 2 10 10 10
split_gain=0.362496 0.279342 0.0670397 0.0432231 0.0975536 0.0972528 0.104862 0.0500802 0.0138685 0.0124285 0.00388395 0.00408062
threshold=99.034980501717015 79.351790929344006 2.5158227848101271 52.017032342312937 84.045454545454561 97.872328534382561 31.017241379310349 83.275150922209761 30.607687519452231 39.734808570425017 94.771018455228997 96.128871128871154
decision_type=2 2 2 2 2 2 2 2 2 2 2 2
left_child=2 -2 -1 4 5 6 -4 -5 9 -8 -10 -11
right_child=1 -3 3 7 -6 -7 8 -9 10 11 -12 -13
leaf_value=-0.0062316353626371843 3.0129300953758614e-05 0.014697375502644522 -0.005574212847827038 3.0129300953758614e-05 3.0129300953758614e-05 3.0129300953758614e-05 -0.0043796533330620812 0.0012655914460189734 -0.00079299023687920162 -0.0016640571067320271 3.0129300953758614e-05 3.0129300953758614e-05
leaf_weight=0.5388200506567945 1.0794536822941148 1.7407015133649109 7.2638399843126598 18.623712009051815 6.1144457284826776 0.91191510506905515 1.2056587075348968 49.916290033841506 8.6531150154769367 9.9173437489662266 0.56097935140132982 0.80480808205902654
leaf_count=118 109 25 1352 4351 1054 23 244 1471 1494 1915 119 162
internal_value=0.000362202 0.00943909 3.01293e-05 3.01293e-05 -0.00101482 -0.00202124 -0.00267453 3.01293e-05 -0.00147151 -0.00211282 -0.000515762 -0.00150604
internal_weight=107.331 2.82016 104.511 103.972 35.4321 29.3177 28.4057 68.54 21.1419 11.9278 9.21409 10.7222
internal_count=12437 134 12303 12185 6363 5309 5286 5822 3934 2321 1613 2077
is_linear=0
shrinkage=0.03


Tree=91
num_leaves=8
num_cat=0
split_feature=1 8 11 0 2 8 8
split_gain=0.329126 0.259989 0.130552 0.11927 0.0560396 0.0321143 0.0009137
threshold=99.034980501717015 72.029411764705898 5.5620005155968038 94.850358176057327 94.061724215752676 94.771018455228997 78.297101449275374
decision_type=2 2 2 2 2 2 2
left_child=2 -2 3 4 -1 6 -4
right_child=1 -3 5 -5 -6 -7 -8
leaf_value=-0.0079517613792736436 4.0985525905376357e-05 0.014154444723451601 4.0985525905376357e-05 4.0985525905376357e-05 4.0985525905376357e-05 0.0018241932933917712 0.00026124549984049724
leaf_weight=3.3090568399056788 1.1337596054654562 1.7168144444003699 68.626175682060421 0.58067032136023033 0.27694889088161279 9.9698645879980159 21.62173445080407
leaf_count=603 103 31 9325 26 30 675 1644
internal_value=0.000359113 0.00897252 4.09855e-05 -0.00472782 -0.00696101 4.09855e-05 4.09855e-05
internal_weight=107.235 2.85057 104.384 4.16668 3.58601 100.218 90.2479
internal_count=12437 134 12303 659 633 11644 10969
is_linear=0
shrinkage=0.03


Tree=92
num_leaves=7
num_cat=0
split_feature=1 5 11 0 2 5
split_gain=0.279028 0.293883 0.108143 0.109212 0.0520525 0.00625846
threshold=99.034980501717015 79.351790929344006 5.5620005155968038 94.850358176057327 94.061724215752676 83.275150922209761
decision_type=2 2 2 2 2 2
left_child=2 -2 3 4 -1 -4
right_child=1 -3 5 -5 -6 -7
leaf_value=-0.0074220655463374911 0.00012216943367893886 0.013922524384276717 0.00012216943367893886 0.00012216943367893886 0.00012216943367893886 0.00053604594224727464
leaf_weight=3.2609192379750307 1.1213428373448544 1.7569845020771024 39.715293982299045 0.58050116267986585 0.27733100974000979 60.41889656172134
leaf_count=603 109 25 9667 26 30 1977
internal_value=0.000417283 0.00831869 0.000122169 -0.00423869 -0.00644375 0.000122169
internal_weight=107.131 2.87833 104.253 4.11875 3.53825 100.134
internal_count=12437 134 12303 659 633 11644
is_linear=0
shrinkage=0.03


Tree=93
num_leaves=7
num_cat=0
split_feature=1 5 11 0 2 5
split_gain=0.286973 0.297012 0.0907377 0.100486 0.0452038 0.00889842
threshold=99.034980501717015 79.351790929344006 5.5620005155968038 94.850358176057327 94.061724215752676 83.275150922209761
decision_type=2 2 2 2 2 2
left_child=2 -2 3 4 -1 -4
right_child=1 -3 5 -5 -6 -7
leaf_value=-0.0069665215279070174 0.00012670201773385813 0.013898867352215414 0.00012670201773385813 0.00012670201773385813 0.00012670201773385813 0.00057044531786933572
leaf_weight=3.2301047469954933 1.1193974583875381 1.8231484168209133 39.723953945096582 0.58095024316571642 0.27411453030072142 60.361852864036337
leaf_count=603 109 25 9667 26 30 1977
internal_value=0.000428616 0.00837373 0.000126702 -0.00388109 -0.00605521 0.000126702
internal_weight=107.114 2.94255 104.171 4.08517 3.50422 100.086
internal_count=12437 134 12303 659 633 11644
is_linear=0
shrinkage=0.03


Tree=94
num_leaves=7
num_cat=0
split_feature=1 5 11 0 2 5
split_gain=0.302528 0.302815 0.0738201 0.0927939 0.0429529 0.00549283
threshold=99.034980501717015 79.351790929344006 5.5620005155968038 94.850358176057327 94.137682673381661 83.275150922209761
decision_type=2 2 2 2 2 2
left_child=2 -2 3 4 -1 -4
right_child=1 -3 5 -5 -6 -7
leaf_value=-0.0066243437616432714 0.00012771294070747222 0.01409991631292512 0.00012771294070747222 0.00012771294070747222 0.00012771294070747222 0.00049310532225488801
leaf_weight=3.1381441990379244 1.1191669858526432 1.8444179855287073 39.70655210246332 0.58157874946482468 0.26967881503514934 60.374554589390755
leaf_count=604 109 25 9667 26 29 1977
internal_value=0.000438766 0.00857375 0.000127713 -0.00352182 -0.00570556 0.000127713
internal_weight=107.034 2.96358 104.071 3.9894 3.40782 100.081
internal_count=12437 134 12303 659 633 11644
is_linear=0
shrinkage=0.03


Tree=95
num_leaves=11
num_cat=0
split_feature=2 10 9 1 3 11 4 7 7 11
split_gain=0.189119 0.122818 0.549438 0.502028 0.224464 0.13344 0.235491 0.11498 0.080664 0.00631323
threshold=98.593028831744903 17.445652173913047 82.404540763673893 40.340231269858151 99.034980501717015 98.861024196101042 91.377450685288878 74.568334796605228 52.985739750445639 89.376255824889924
decision_type=2 2 2 2 2 2 2 2 2 2
left_child=1 2 3 7 5 -3 -7 -1 -5 -6
right_child=-2 4 -4 8 9 6 -8 -9 -10 -11
leaf_value=-0.014800650787231188 0.0081167186499705377 0.0010405647768583347 0.0010405647768583347 -0.0031209307260589314 0.0034838489857773255 0.0010405647768583347 0.0064505922032403375 -0.00043691336522428163 0.0010405647768583347 0.0080967700786486099
leaf_weight=3.6844348567537946 2.1372885876335195 78.89892154163681 5.1105598027352235 3.4583331416361034 3.2315953311044714 1.8874525085557246 2.0684455242007971 0.63123992132022966 1.2116140420548616 2.7076579849235713
leaf_count=440 81 10242 519 532 82 85 21 79 203 27
internal_value=0.000852445 0.000624872 -0.00188911 -0.00687176 0.00104056 0.00104056 0.00633521 -0.0131771 0.000251613 0.00645059
internal_weight=105.028 102.89 14.0962 8.98562 88.7941 82.8548 3.9559 4.31567 4.66995 5.93925
internal_count=12311 12230 1773 1254 10457 10348 106 519 735 109
is_linear=0
shrinkage=0.03


Tree=96
num_leaves=13
num_cat=0
split_feature=2 9 1 8 2 10 3 1 10 1 9 1
split_gain=0.147892 0.0989492 0.17071 0.113426 0.316775 0.494187 0.389174 0.106873 0.0848267 0.00294913 0.00203231 0.0134283
threshold=98.593028831744903 6.2114197530864201 6.5138816134101623 72.029411764705898 52.017032342312937 77.84992784992788 99.034980501717015 1.6990691646046898 62.988330796549981 39.975490196078439 76.967285587975269 34.389692086966129
decision_type=2 2 2 2 2 2 2 2 2 2 2 2
left_child=1 2 -1 7 -5 6 10 -3 9 -4 -6 -12
right_child=-2 3 8 4 5 -7 -8 -9 -10 -11 11 -13
leaf_value=-0.01195878392511523 0.0073124190027321866 -0.0057769716513604991 -0.0067429480089985679 0.00025602979271431331 0.00025602979271431331 0.0073124190027321866 0.0073124190027321866 0.00025602979271431331 0.00025602979271431331 -0.0014881330374059548 0.00088831563377820915 0.0044687106774599465
leaf_weight=0.48888111743144635 2.1694267322309306 1.7009170209057618 0.4972039624117317 12.913117288378997 12.052102093119183 8.8417437921743822 1.2603324172087003 58.387399570317939 1.8089207019656894 0.9025672662537545 2.7108961096964768 1.3002579114399848
leaf_count=57 81 119 89 1581 914 289 14 8454 226 210 145 132
internal_value=0.000917271 0.000713291 -0.00356091 0.00090662 0.00215513 0.00423325 0.00089 0.00025603 0.00025603 -0.0053867 0.00025603 0.00270908
internal_weight=105.034 102.864 3.69757 99.1668 39.0784 26.1653 17.3236 60.0883 3.20869 1.39977 16.0633 4.01115
internal_count=12311 12230 582 11648 3075 1494 1205 8573 525 299 1191 277
is_linear=0
shrinkage=0.03


Tree=97
num_leaves=13
num_cat=0
split_feature=2 8 9 2 0 10 1 9 11 2 11 11
split_gain=0.10051 0.0962511 0.243263 0.319789 0.365164 0.113112 0.57693 0.115363 0.109098 0.0443779 0.00730531 0.000225193
threshold=98.593028831744903 58.387445887445899 57.924641148325371 42.008869179600893 65.859521575984999 17.445652173913047 46.37845104597023 87.349046995489616 87.543058951371918 75.026965063311465 9.0481142616911363 20.710084033613452
decision_type=2 2 2 2 2 2 2 2 2 2 2 2
left_child=1 5 -3 -4 -5 6 7 -1 10 -9 -6 -12
right_child=-2 2 3 4 8 -7 -8 9 -10 -11 11 -13
leaf_value=-0.012386186912942224 0.0061576384602601755 -0.00019559829453292448 -0.00019559829453292448 -0.00019559829453292448 0.00016276485841712937 -0.00019559829453292448 -0.00019559829453292448 -0.0057387340311708451 0.0061576384602601755 -0.00019559829453292448 0.0010555566230081425 0.0026322759833479021
leaf_weight=3.8783881671261025 2.2073227872606358 28.025523402029648 5.90132375690155 2.985084054060283 1.7556930687278454 41.348534596618265 4.5139730626251549 0.32090466329827894 5.8124682346824565 0.34087147354148328 2.0976272814441472 5.8094116763677448
leaf_count=455 81 2671 760 523 92 6436 690 67 80 42 79 335
internal_value=0.000911863 0.000740972 0.00162885 0.00375926 0.00573531 -0.000195598 -0.00337822 -0.0107839 0.00615764 -0.000195598 0.00202973 0.00237946
internal_weight=104.997 102.79 52.3871 24.3616 18.4603 50.4027 9.05414 4.54016 15.4752 0.661776 9.66273 7.90704
internal_count=12311 12230 4540 1869 1109 7690 1254 564 586 109 506 414
is_linear=0
shrinkage=0.03


Tree=98
num_leaves=12
num_cat=0
split_feature=5 2 8 10 2 9 10 0 3 11 3
split_gain=0.10562 0.128145 0.622881 0.582344 0.519581 0.0437154 0.0553092 0.0350441 0.0305191 0.0320969 0.0031288
threshold=49.142151709388877 74.596030537625197 80.537518037518055 64.826798629615553 84.043134119978404 34.6989966555184 81.411960132890371 55.593171673931771 57.005978404305374 85.033636514472761 87.141273360785576
decision_type=2 2 2 2 2 2 2 2 2 2 2
left_child=5 10 -3 -4 -5 6 7 8 9 -1 -2
right_child=1 2 3 4 -6 -7 -8 -9 -10 -11 -12
leaf_value=-0.0056308763653642744 0.00014160832786043695 0.0001991279582356325 0.0001991279582356325 0.0001991279582356325 0.015577819842678708 0.00014160832786043695 0.00014160832786043695 0.00014160832786043695 0.00014160832786043695 0.00014160832786043695 0.0001991279582356325
leaf_weight=4.9677656870335403 15.055829733842982 28.275216456502676 4.6259566380176684 2.7060707013588381 6.5957839225884527 15.852606936590744 1.304383016657084 0.52370725851505984 0.5540878172032534 0.57224811683408905 24.015013676835224
leaf_count=1342 2901 1893 254 61 125 3964 319 134 101 140 1077
internal_value=0.000938749 0.00144945 0.00257558 0.00754085 0.0115562 -0.000795122 -0.00247534 -0.00367391 -0.00433964 -0.00495603 0.000199128
internal_weight=105.049 81.2739 42.203 13.9278 9.30185 23.7748 7.92219 6.61781 6.0941 5.54001 39.0708
internal_count=12311 6311 2333 440 186 6000 2036 1717 1583 1482 3978
is_linear=0
shrinkage=0.03


Tree=99
num_leaves=11
num_cat=0
split_feature=5 2 11 9 10 9 1 1 2 10
split_gain=0.0956215 0.120278 0.621359 1.44375 0.318367 0.335487 0.0885035 0.167991 0.0140551 0.000508584
threshold=49.142151709388877 74.596030537625197 88.465802490192743 85.206228956228969 54.027027027027039 29.516317016317021 54.652694411097777 35.174702471772967 2.0506664338513478 78.910303928836186
decision_type=2 2 2 2 2 2 2 2 2 2
left_child=6 7 -3 4 -4 -6 9 -2 -8 -1
right_child=1 2 3 -5 5 -7 8 -9 -10 -11
leaf_value=-0.0037231955160560793 -0.0027799888774668875 0.00023440104874131301 0.00023440104874131301 0.020884865852679142 0.00023440104874131301 0.010530601116649996 -0.0027799888774668875 0.00023440104874131301 0.00023440104874131301 -0.0027799888774668875
leaf_weight=8.201558832661247 10.49369773082435 23.782603650121018 7.1802208125591296 3.8090411021839818 2.4630658770911396 4.900801548268646 0.53009877260774096 28.585120195522904 13.080206999555228 1.9099536589346815
leaf_count=2163 1322 1929 196 55 68 85 141 2656 3212 484
internal_value=0.00096072 0.00144627 0.00253873 0.0066167 0.00177674 0.00645418 -0.000692884 0.000234401 0.000234401 -0.00277999
internal_weight=104.936 81.2146 42.1357 18.3531 14.5441 7.36387 23.7218 39.0788 13.6103 10.1115
internal_count=12311 6311 2333 404 349 153 6000 3978 3353 2647
is_linear=0
shrinkage=0.03


Tree=100
num_leaves=7
num_cat=0
split_feature=11 8 10 2 3 9
split_gain=0.041755 0.0597481 0.0277689 0.453051 0.621273 0.0028796
threshold=2.4477124183006542 77.442071785552045 77.58148035333538 94.061724215752676 82.454031713900136 98.742088607594951
decision_type=2 2 2 2 2 2
left_child=1 5 -2 -4 -5 -1
right_child=2 -3 3 4 -6 -7
leaf_value=-0.0074414708407470479 -0.00028385856930244899 -0.00028385856930244899 -0.00028385856930244899 -0.00028385856930244899 0.015313028245828128 -0.0008402048729970285
leaf_weight=0.84914777940139063 75.109248148510233 0.26949325250461686 22.068587479414422 1.8203909043222655 3.0784094764385372 0.35345729207620025
leaf_count=188 9484 46 2328 143 45 60
internal_value=-0.000380041 -0.00423675 -0.000283859 0.000662975 0.0082828 -0.00676361
internal_weight=103.549 1.4721 102.077 26.9674 4.8988 1.20261
internal_count=12294 294 12000 2516 188 248
is_linear=0
shrinkage=0.03


Tree=101
num_leaves=8
num_cat=0
split_feature=1 11 8 10 2 8 4
split_gain=0.085516 0.0410342 0.0559668 0.0292556 0.752201 0.660159 0.0207456
threshold=0.92380723791236641 2.4477124183006542 77.442071785552045 77.58148035333538 94.061724215752676 83.711734693877574 91.377450685288878
decision_type=2 2 2 2 2 2 2
left_child=-1 2 -2 -3 -5 6 -6
right_child=1 3 -4 4 5 -7 -8
leaf_value=-0.0052705029824808187 -0.0052705029824808187 -0.0001348081410215896 -0.0001348081410215896 -0.0001348081410215896 -0.0001348081410215896 0.017990922528552031 0.0048135333472069811
leaf_weight=2.1283848343882701 1.1932410271838296 73.457611890160479 0.26574620115570713 21.773679768200967 0.8282680483534921 2.9492913398426026 0.85844285436905921
leaf_count=100 247 9405 45 2317 94 45 41
internal_value=-0.000383604 -0.00023045 -0.00405995 -0.000134808 0.000845637 0.0110364 -0.000134808
internal_weight=103.455 101.326 1.45899 99.8673 26.4097 4.636 1.68671
internal_count=12294 12194 292 11902 2497 180 135
is_linear=0
shrinkage=0.03


Tree=102
num_leaves=12
num_cat=0
split_feature=1 2 3 8 1 2 10 1 4 1 8
split_gain=0.0598299 0.0515581 0.353348 0.50337 0.465914 0.438869 0.0687123 0.032062 0.0569287 0.0246895 0.0141558
threshold=0.92380723791236641 52.017032342312937 88.676972039099809 64.031250000000014 38.356071475153264 85.166848814115042 64.051282051282058 76.603912256897345 97.511875014069929 61.674383102954543 98.019607843137265
decision_type=2 2 2 2 2 2 2 2 2 2 2
left_child=-1 7 -3 9 5 -5 -6 8 10 -4 -2
right_child=1 2 3 4 6 -7 -8 -9 -10 -11 -12
leaf_value=-0.0045064696338299182 -0.0033073420957216854 -0.0011517631946895504 -0.0011517631946895504 -0.0011517631946895504 0.0080582204657406644 0.0080582204657406644 0.014228524587128538 -0.0011517631946895504 -0.0011517631946895504 0.001241253467756628 -0.0011517631946895504
leaf_weight=2.0987008530646554 19.835289088310684 36.719402399030514 9.1711571491323394 3.5542740158271027 3.242387876380235 4.0495547084137797 4.3894612453877926 15.035308086080475 0.73413046123459835 3.5719120081048468 1.0810650947969396
leaf_count=100 3957 4975 370 103 58 69 58 2315 25 122 142
internal_value=-0.00039736 -0.000269115 0.000241286 0.00277498 0.00629853 0.000777205 0.0110723 -0.00115176 -0.00230611 -0.00115176 -0.00309482
internal_weight=103.483 101.384 64.6981 27.9787 15.2357 7.60383 7.63185 36.6858 21.6505 12.7431 20.9164
internal_count=12294 12194 5755 780 288 172 116 6439 4124 492 4099
is_linear=0
shrinkage=0.03


Tree=103
num_leaves=10
num_cat=0
split_feature=1 2 3 8 1 2 7 10 1
split_gain=0.0756522 0.0382508 0.294068 0.432914 0.596709 0.306161 0.202707 0.0235375 0.0139753
threshold=0.92380723791236641 52.017032342312937 88.676972039099809 64.031250000000014 38.356071475153264 85.166848814115042 66.06451612903227 46.305060065526035 61.674383102954543
decision_type=2 2 2 2 2 2 2 2 2
left_child=7 -2 -3 8 5 -5 -6 -1 -4
right_child=1 2 3 4 6 -7 -8 -9 -10
leaf_value=-0.0071038127445655595 -0.0010052337284921053 -0.0010052337284921053 -0.0010052337284921053 -0.0010052337284921053 0.006314019360441782 0.006314019360441782 0.015897299355903331 -0.0010052337284921053 0.00096079021148073385
leaf_weight=0.93428344209678416 36.52016722317785 36.654251621454023 9.1419134335592371 3.528322513913734 4.0988837224431336 4.2523677283897996 3.6237173583358526 1.098106447374448 3.6088200320955375
leaf_count=42 6439 4975 370 103 71 69 45 58 122
internal_value=-0.000384332 -0.000242288 0.000195717 0.00250631 0.00574222 -0.000264192 0.0111303 -0.00505557 -0.00100523
internal_weight=103.461 101.428 64.9083 28.254 15.5033 7.78069 7.7226 2.03239 12.7507
internal_count=12294 12194 5755 780 288 172 116 100 492
is_linear=0
shrinkage=0.03


Tree=104
num_leaves=8
num_cat=0
split_feature=11 8 10 2 8 8 8
split_gain=0.0382711 0.0573061 0.0201981 0.536502 0.766461 0.00728175 0.00434284
threshold=2.4477124183006542 77.442071785552045 77.58148035333538 93.030058177117013 80.131578947368439 6.3560463237274449 2.5158227848101271
decision_type=2 2 2 2 2 2 2
left_child=1 -1 5 -4 -5 6 -2
right_child=2 -3 3 4 -6 -7 -8
leaf_value=-0.0065765199526741395 -0.0038086218894980931 -0.00027132002528223727 -0.00027132002528223727 -0.00027132002528223727 0.015299024410587348 -0.00027132002528223727 -0.00027132002528223727
leaf_weight=1.1896077119745303 0.37788093043491144 0.26967060612514604 20.975395306013528 2.3295727584045371 3.9129160547163337 73.357687895535491 1.0839700752403585
leaf_count=248 89 46 2289 166 61 9167 228
internal_value=-0.000363206 -0.00406532 -0.00027132 0.000532931 0.00804731 -0.00027132 -0.00259201
internal_weight=103.497 1.45928 102.037 27.2179 6.24249 74.8195 1.46185
internal_count=12294 294 12000 2516 227 9484 317
is_linear=0
shrinkage=0.03


Tree=105
num_leaves=8
num_cat=0
split_feature=1 2 4 1 9 4 4
split_gain=0.354423 0.382889 0.715445 0.104642 0.469583 0.183548 0.0367509
threshold=99.328828828828833 94.670786142953872 92.140224640224645 6.8839839623687604 69.113355780022459 98.269402373879998 97.864765678648226
decision_type=2 2 2 2 2 2 2
left_child=1 3 -3 4 5 -1 -5
right_child=-2 2 -4 6 -6 -7 -8
leaf_value=-0.012585203567038818 0.0096774740851139213 -0.00089005728343417715 0.0096774740851139213 -0.00089005728343417715 -0.00089005728343417715 -0.0012350219889774416 0.0018434308106254629
leaf_weight=4.0009329044260067 2.3437936150003216 4.0938006215728802 6.6778029492124915 77.959285422810353 2.726586954202503 2.0427304657641798 5.0976354645099482
leaf_count=385 97 431 181 10851 191 53 127
internal_value=6.48935e-05 -0.000245992 0.0048538 -0.000890057 -0.0040078 -0.00946888 -0.000890057
internal_weight=104.943 102.599 10.7716 91.8272 8.77025 6.04366 83.0569
internal_count=12316 12219 612 11607 629 438 10978
is_linear=0
shrinkage=0.03


Tree=106
num_leaves=9
num_cat=0
split_feature=1 2 4 8 1 9 4 8
split_gain=0.313947 0.338875 0.68976 0.230577 0.0573835 0.37781 0.109724 0.0539653
threshold=99.328828828828833 94.670786142953872 92.140224640224645 81.881313131313149 6.8839839623687604 69.113355780022459 98.269402373879998 36.882591093117419
decision_type=2 2 2 2 2 2 2 2
left_child=1 4 -3 7 5 6 -1 -4
right_child=-2 2 3 -5 -6 -7 -8 -9
leaf_value=-0.01083419522034371 0.0091061835629927708 -0.00079312621030959603 -0.00079312621030959603 0.0091061835629927708 -0.00079312621030959603 -0.00079312621030959603 -0.0015623122259109427 0.0035619341389167974
leaf_weight=3.8653052109293622 2.380210153758525 4.0750272935256344 1.2505661312025043 3.1550721332896501 83.109178433660418 2.7246574251912534 2.0050236273091286 2.3425313627813011
leaf_count=385 97 431 51 38 10978 191 53 92
internal_value=0.000109952 -0.000184841 0.00460028 0.00910618 -0.000793126 -0.00312724 -0.00835571 0.000965075
internal_weight=104.908 102.527 10.8232 6.74817 91.7042 8.59499 5.87033 3.5931
internal_count=12316 12219 612 181 11607 629 438 143
is_linear=0
shrinkage=0.03


Tree=107
num_leaves=7
num_cat=0
split_feature=2 8 11 11 9 4
split_gain=0.400462 1.08833 0.458739 0.0478963 0.129256 0.0477372
threshold=94.670786142953872 93.582704186684978 99.265604774917321 6.6026202887853493 55.217785843920154 62.080775946099386
decision_type=2 2 2 2 2 2
left_child=3 2 -2 4 -1 -6
right_child=1 -3 -4 -5 5 -7
leaf_value=-0.0086685320894202087 -0.00053309051005280973 0.019280314878141459 0.011972232660158837 -0.00053309051005280973 -0.004762017853505579 -0.00053309051005280973
leaf_weight=1.4175388413714234 7.0713738745544088 2.5321397809311739 1.6427722363732753 88.730208466644399 1.6009200385306033 2.0933335623703897
leaf_count=213 547 51 15 10927 368 195
internal_value=0.000127337 0.00523165 -0.00041511 -0.000533091 -0.00319759 -0.000533091
internal_weight=105.088 11.2463 8.71415 93.842 5.11179 3.69425
internal_count=12316 613 562 11703 776 563
is_linear=0
shrinkage=0.03


Tree=108
num_leaves=7
num_cat=0
split_feature=2 8 11 11 9 4
split_gain=0.379585 1.02894 0.438836 0.0352342 0.14823 0.037126
threshold=94.670786142953872 93.582704186684978 99.265604774917321 5.5620005155968038 57.924641148325371 62.080775946099386
decision_type=2 2 2 2 2 2
left_child=3 2 -2 4 -1 -6
right_child=1 -3 -4 -5 5 -7
leaf_value=-0.0093790919399964184 -0.00055669920690759795 0.018621758598025472 0.011730167826684571 -0.00055669920690759795 -0.0047858337880693561 -0.00055669920690759795
leaf_weight=1.1293515018187452 7.0762753114104253 2.5672809660900375 1.6187886702828107 89.541475490084849 1.437055040849373 1.6842542495578525
leaf_count=176 547 51 15 11037 327 163
internal_value=8.66181e-05 0.00505262 -0.000461276 -0.000556699 -0.00302619 -0.000556699
internal_weight=105.054 11.2623 8.69506 93.7921 4.25066 3.12131
internal_count=12316 613 562 11703 666 490
is_linear=0
shrinkage=0.03


Tree=109
num_leaves=8
num_cat=0
split_feature=2 8 11 2 11 9 4
split_gain=0.331702 0.97571 0.408622 0.0329999 0.0278466 0.101655 0.0351127
threshold=94.670786142953872 93.582704186684978 99.265604774917321 1.3747887161289647 5.5620005155968038 57.924641148325371 62.080775946099386
decision_type=2 2 2 2 2 2 2
left_child=3 2 -2 -1 5 -5 -7
right_child=1 -3 -4 4 -6 6 -8
leaf_value=-0.0051075531731618806 -0.00051416051699902578 0.018018156580526488 0.011388636422548002 -0.0051075531731618806 -0.00051416051699902578 -0.0046864241685467493 -0.00051416051699902578
leaf_weight=0.42015911126509209 7.0756309244316054 2.5388362652156493 1.5982486493885515 1.1032420112751413 89.166054220986553 1.427159989718348 1.6848885181825606
leaf_count=90 547 51 15 173 10951 326 163
internal_value=8.61295e-05 0.00473884 -0.000514161 -0.000514161 -0.000514161 -0.00274054 -0.000514161
internal_weight=105.014 11.2127 8.67388 93.8015 93.3813 4.21529 3.11205
internal_count=12316 613 562 11703 11613 662 489
is_linear=0
shrinkage=0.03


Tree=110
num_leaves=11
num_cat=0
split_feature=8 2 10 2 9 1 8 0 3 7
split_gain=0.427798 0.799057 0.7885 0.643882 0.0748815 0.246294 0.0818001 0.138645 0.0193031 0.00625226
threshold=92.907444668008068 51.499251176722304 70.859704641350234 84.826474201474213 28.080031539522967 75.830434736919543 87.054880603267705 97.546008575420345 90.595322466335958 71.16161616161618
decision_type=2 2 2 2 2 2 2 2 2 2
left_child=4 -2 8 -4 5 6 7 9 -3 -1
right_child=1 2 3 -5 -6 -7 -8 -9 -10 -11
leaf_value=-0.007305883972341394 -0.00040536404017877368 -0.00040536404017877368 0.0022612379824871178 0.018757652035004679 -0.00040536404017877368 -0.00040536404017877368 -0.00040536404017877368 -0.00040536404017877368 0.0022612379824871178 -0.0017654431629881731
leaf_weight=9.2963780545396695 4.9355816729366806 1.8598151970654719 3.5844904952682537 5.6424805701244622 69.930635814322159 5.3901885231025508 1.4249679278582323 0.95594637072645205 0.95523165841586877 0.95851984922774214
leaf_count=1795 457 251 109 76 8501 778 133 55 16 202
internal_value=0.000452107 0.00466989 0.00911618 0.0131969 -0.000405364 -0.00228972 -0.00501216 -0.00585896 -0.000405364 -0.00699089
internal_weight=104.934 16.9776 12.042 9.22697 87.9566 18.026 12.6358 11.2108 2.81505 10.2549
internal_count=12373 909 452 185 11464 2963 2185 2052 267 1997
is_linear=0
shrinkage=0.03


Tree=111
num_leaves=15
num_cat=0
split_feature=8 10 11 4 11 1 3 3 9 8 9 7 7 7
split_gain=0.397759 0.460418 0.576057 0.799612 0.0626768 0.126839 0.0859739 0.0502293 0.040917 0.0981071 0.0584717 0.0570966 0.010815 0.000288842
threshold=92.907444668008068 64.826798629615553 63.856757406566395 95.595334668338282 94.463428936986887 83.642826367944863 98.269402373879998 87.141273360785576 53.726851851851862 78.446455505279047 95.354232989801986 89.897959183673478 27.346041055718477 91.734972677595636
decision_type=2 2 2 2 2 2 2 2 2 2 2 2 2 2
left_child=4 -2 3 -3 5 6 8 -4 12 10 11 -10 -1 -14
right_child=1 2 7 -5 -6 -7 -8 -9 9 -11 -12 -13 13 -15
leaf_value=-0.005490739391813511 -0.0003878395129799142 -0.0003878395129799142 0.01199309640002727 0.01199309640002727 -0.0003878395129799142 -0.0003878395129799142 -0.0003878395129799142 0.017434811381073369 -0.0034064886926307943 -0.0003878395129799142 -0.0003878395129799142 -0.0003878395129799142 -0.0034064886926307943 -0.0003878395129799142
leaf_weight=3.911877459730035 2.936615148792046 4.3543036093469691 2.5041059274226427 1.8084761989302931 19.184375356184319 13.508173789130522 2.3603435405530027 5.3838680279441178 16.597224208526324 4.9527191531378767 2.8353445802349588 2.9377055324148378 20.668060689698908 0.92919317120686074
leaf_count=909 474 219 131 18 647 1848 98 67 2929 474 457 398 3535 169
internal_value=0.000439815 0.00450524 0.00710586 4.94603e-05 -0.00038784 -0.00128865 -0.0021316 0.0119931 -0.00253591 -0.00163155 -0.00276675 -0.0033896 -0.00340649 -0.00340649
internal_weight=104.872 16.9874 14.0508 6.16278 87.885 68.7006 55.1925 7.88797 52.8321 27.323 22.3703 19.5349 25.5091 21.5973
internal_count=12373 909 435 237 11464 10817 8969 198 8871 4258 3784 3327 4613 3704
is_linear=0
shrinkage=0.03


Tree=112
num_leaves=11
num_cat=0
split_feature=8 2 10 2 11 1 5 8 9 9
split_gain=0.33941 0.732349 0.707 0.575318 0.0569111 0.121382 0.0556464 0.0376576 0.0707069 0.0398518
threshold=92.907444668008068 51.499251176722304 70.859704641350234 84.826474201474213 94.463428936986887 83.642826367944863 99.328828828828833 78.446455505279047 53.726851851851862 95.354232989801986
decision_type=2 2 2 2 2 2 2 2 2 2
left_child=4 -2 -3 -4 5 6 7 9 -9 -1
right_child=1 2 3 -5 -6 -7 -8 8 -10 -11
leaf_value=-0.0029729422092003854 -0.00034651310119985205 -0.00034651310119985205 0.0021576259679608567 0.017716803168922095 -0.00034651310119985205 -0.00034651310119985205 -0.00034651310119985205 -0.0027151996180570293 -0.00034651310119985205 -0.00034651310119985205
leaf_weight=39.482459137914702 4.9784088449087021 2.8533932843711218 3.6237424935679865 5.5970706958323717 19.191506811883301 13.592334939399732 0.8850599592551579 6.1915757420938444 5.3429755077231675 2.8753492254763833
leaf_count=7257 457 267 109 76 647 1848 43 729 482 458
internal_value=0.000421896 0.00416813 0.00851721 0.0124115 -0.000346513 -0.0012068 -0.00204391 -0.00230666 -0.000709469 -0.0027152
internal_weight=104.614 17.0526 12.0742 9.22081 87.5613 68.3698 54.7774 53.8924 11.5346 42.3578
internal_count=12373 909 452 185 11464 10817 8969 8926 1211 7715
is_linear=0
shrinkage=0.03


Tree=113
num_leaves=14
num_cat=0
split_feature=3 0 0 8 1 9 10 10 1 1 7 1 8
split_gain=0.400764 0.510437 0.0590257 0.07383 0.0650685 0.0873526 0.069634 0.0477488 0.118853 0.0319289 0.0227235 0.0298606 0.0206167
threshold=99.034980501717015 97.546008575420345 99.762751742072041 92.131062951496403 80.096533414068986 28.080031539522967 9.1507177033492848 17.445652173913047 40.340231269858151 75.830434736919543 33.084577114427866 13.289024318436086 79.568645640074223
decision_type=2 2 2 2 2 2 2 2 2 2 2 2 2
left_child=2 -2 3 4 5 6 -1 8 -7 10 -8 -12 -9
right_child=1 -3 -4 -5 -6 7 9 12 -10 -11 11 -13 -14
leaf_value=-0.0086790632748120055 -0.00010346894686995483 0.013869886673727575 0.0042464723059521727 -0.00010346894686995483 -0.00010346894686995483 -0.0024202387686076002 -0.0050675574555121092 -0.00048408933630856107 -0.00048408933630856107 -0.00048408933630856107 -0.0050675574555121092 -0.0024202387686076002 -0.00010346894686995483
leaf_weight=1.2640263262437645 3.3252234628889701 3.3444245834834874 1.7324702157638956 14.282783527392892 16.667948951246217 4.3073650223668656 3.3534367987886 37.508036749903113 3.6011130334809422 0.64771633991040367 1.3023239981848744 6.0850919331423938 7.0615537045523515
leaf_count=227 89 50 35 925 2293 429 669 5145 439 97 215 1071 689
internal_value=0.000413279 0.00701705 -0.000103469 -0.000224837 -0.00100896 -0.00148632 -0.00363542 -0.000909875 -0.00242024 -0.00242024 -0.00301845 -0.00242024 -0.000484089
internal_weight=104.484 6.66965 97.8139 96.0814 81.7986 65.1307 12.6526 52.4781 7.90848 11.3886 10.7409 7.38742 44.5696
internal_count=12373 139 12234 12199 11274 8981 2279 6702 868 2052 1955 1286 5834
is_linear=0
shrinkage=0.03


Tree=114
num_leaves=11
num_cat=0
split_feature=8 2 10 11 4 11 1 5 8 7
split_gain=0.349133 0.753922 0.72158 0.0973418 0.407684 0.0534386 0.118709 0.0588234 0.0443805 0.0824336
threshold=92.907444668008068 51.499251176722304 64.826798629615553 63.856757406566395 94.450603596945072 94.463428936986887 83.642826367944863 99.328828828828833 78.446455505279047 29.92537313432836
decision_type=2 2 2 2 2 2 2 2 2 2
left_child=5 -2 -3 4 -4 6 7 8 -1 -10
right_child=1 2 3 -5 -6 -7 -8 -9 9 -11
leaf_value=-0.002734931800168732 -0.00034122040787979091 -0.00034122040787979091 -0.00034122040787979091 0.01458390403935779 0.013877509478191493 -0.00034122040787979091 -0.00034122040787979091 -0.00034122040787979091 -0.002734931800168732 -0.00034122040787979091
leaf_weight=42.210344401537441 4.9765305763576206 1.6064240531995881 2.525114950258283 5.998586158035323 1.9810308143496511 19.059637666214257 13.659145908430217 0.99328131531365116 1.7297129635699082 9.7524653330910933
leaf_count=7715 457 213 97 122 20 647 1848 43 173 1038
internal_value=0.000440133 0.00423471 0.0086392 0.0118394 0.00620077 -0.00034122 -0.00117503 -0.00201049 -0.00229242 -0.000576872
internal_weight=104.492 17.0877 12.1112 10.5047 4.50615 87.4046 68.3449 54.6858 53.6925 11.4822
internal_count=12373 909 452 239 117 11464 10817 8969 8926 1211
is_linear=0
shrinkage=0.03


Tree=115
num_leaves=15
num_cat=0
split_feature=10 11 8 2 9 8 7 1 10 9 11 1 0 10
split_gain=0.488599 0.484693 0.331526 0.940938 0.366827 0.231808 0.372205 0.133549 0.12335 0.0977715 0.0936184 0.0159825 0.25396 0.0146076
threshold=54.890004782400773 98.861024196101042 80.537518037518055 91.468750820274579 95.354232989801986 58.863819500402911 83.728626585769462 28.807572209211553 17.445652173913047 82.404540763673893 98.861024196101042 50.336365144727516 76.01380036757989 50.308641975308653
decision_type=2 2 2 2 2 2 2 2 2 2 2 2 2 2
left_child=5 2 -2 4 11 6 7 8 -1 13 -7 -4 -13 -9
right_child=1 -3 3 -5 -6 10 -8 9 -10 -11 -12 12 -14 -15
leaf_value=-0.012893079920131854 -0.00020598599488724708 0.012850096000191637 -0.00020598599488724708 0.012850096000191637 0.011807974341680974 -0.00020598599488724708 -0.00020598599488724708 -0.004087119518611868 -0.004087119518611868 -0.00020598599488724708 0.0074003608482810235 -0.00020598599488724708 0.0075310692633463981 -0.00020598599488724708
leaf_weight=2.6899750891607317 29.940522760152817 2.9043802011292419 5.9297959797550011 5.2471662564203134 1.3200770285911847 22.851980053819734 4.2074805162847033 12.554410021286456 4.7569908663863316 3.4359477246180168 0.96064325119368632 3.1669564498588443 3.5172215467318892 0.59246249566786069
leaf_count=347 3983 63 429 120 49 2365 497 2319 847 647 26 417 75 127
internal_value=0.000606892 0.00263852 0.00179042 0.00476246 0.000353918 -0.00143527 -0.00334908 -0.00519846 -0.00841777 -0.00335621 -0.000205986 -0.000205986 0.00212644 -0.00408712
internal_weight=104.076 52.0261 49.1217 19.1812 13.9341 52.0499 28.2373 24.0298 7.44697 16.5828 23.8126 12.614 6.68418 13.1469
internal_count=12311 5136 5073 1090 970 7175 4784 4287 1194 3093 2391 921 492 2446
is_linear=0
shrinkage=0.03


Tree=116
num_leaves=13
num_cat=0
split_feature=10 4 11 8 7 5 7 1 1 7 4 8
split_gain=0.414777 0.625688 0.443125 0.255296 0.369944 0.174169 0.112942 0.0759447 0.0519403 0.0153457 0.002898 0.00114118
threshold=54.890004782400773 95.217122202416348 97.28198971896451 58.863819500402911 83.728626585769462 99.034980501717015 12.183055040197898 0.92380723791236641 99.034980501717015 49.626865671641802 98.623845971750981 99.375000000000014
decision_type=2 2 2 2 2 2 2 2 2 2 2 2
left_child=3 5 9 4 7 8 -5 -1 11 -3 -8 -2
right_child=1 2 -4 6 -6 -7 10 -9 -10 -11 -12 -13
leaf_value=-0.013185124838325502 0.00058794876799052353 0.0042224116832927658 0.017642550148948288 -0.0049622074288465223 0.00058794876799052353 0.0042224116832927658 0.00058794876799052353 -0.0049622074288465223 0.0042224116832927658 0.0062170487942410039 0.0036760071349913773 0.0039682373264808566
leaf_weight=0.37501762830653618 35.368184722959995 2.0384581831749511 2.4552628477103999 0.73025590437465382 4.0207174848765126 1.3449699128977943 21.682105176383644 23.393897468224168 1.409181439783423 6.952560116071254 1.3865713467821468 2.750510864891111
leaf_count=39 4668 87 26 116 497 22 2245 4248 50 163 30 120
internal_value=0.000536052 0.00239623 0.00828728 -0.00136016 -0.00327537 0.000587949 0.000587949 -0.00496221 0.000587949 0.00422241 0.000587949 0.000587949
internal_weight=103.908 52.3191 11.4463 51.5886 27.7896 40.8728 23.7989 23.7689 39.5279 8.99102 23.0687 38.1187
internal_count=12311 5136 276 7175 4784 4860 2391 4287 4838 250 2275 4788
is_linear=0
shrinkage=0.03


Tree=117
num_leaves=15
num_cat=0
split_feature=10 4 11 8 0 9 8 1 7 0 9 10 10 7
split_gain=0.407253 0.61943 0.410044 0.226157 0.293584 0.286923 0.105804 0.201602 0.15226 0.0624183 0.0339566 0.0344697 0.0279443 0.0172952
threshold=54.890004782400773 95.217122202416348 97.28198971896451 83.087757313109435 76.01380036757989 95.186515291936999 58.863819500402911 0.92380723791236641 83.728626585769462 99.762751742072041 87.686809616634193 48.02597402597403 8.3920187793427239 49.626865671641802
decision_type=2 2 2 2 2 2 2 2 2 2 2 2 2 2
left_child=6 3 13 -2 5 -5 7 -1 9 10 11 -9 -12 -3
right_child=1 2 -4 4 -6 -7 -8 8 -10 -11 12 -13 -14 -15
leaf_value=-0.013791708622327195 -0.00098909863899379136 0.0044155928096430144 0.017441274502162304 -0.00098909863899379136 0.0044155928096430144 0.0044155928096430144 -0.00098909863899379136 -0.0053576019994039928 -0.00098909863899379136 -0.00098909863899379136 -0.0046640952955809894 -0.0018978101079566107 -0.00098909863899379136 0.0065069136842661815
leaf_weight=0.47883167793043213 26.159304463304579 2.0452650901861471 2.4240802926942697 4.9759902288205913 9.1131576553452742 0.65434830472804595 23.898315744008869 14.367551198229206 3.7849932692479333 0.46241804049350221 0.93475073412992049 4.9388131647137916 2.3634183106478304 7.016964913578704
leaf_count=43 3897 87 26 671 255 37 2391 2512 493 9 193 1053 481 163
internal_value=0.000652692 0.0024901 0.00834122 0.00068714 0.0035352 -0.000989099 -0.00123802 -0.00286257 -0.0021795 -0.00370469 -0.00414192 -0.00460959 -0.000989099 0.00441559
internal_weight=103.618 52.3891 11.4863 40.9028 14.7435 5.63034 51.2291 27.3308 26.8519 23.067 22.6045 19.3064 3.29817 9.06223
internal_count=12311 5136 276 4860 963 708 7175 4784 4741 4248 4239 3565 674 250
is_linear=0
shrinkage=0.03


Tree=118
num_leaves=15
num_cat=0
split_feature=10 4 11 8 2 1 1 9 8 7 10 1 2 1
split_gain=0.369977 0.565413 0.411945 0.193384 0.345897 0.11861 0.238082 0.0977255 0.0580245 0.155806 0.0963075 0.160072 0.048134 0.0573833
threshold=54.890004782400773 95.217122202416348 97.28198971896451 83.087757313109435 85.166848814115042 47.968386938975179 85.563847429519086 5.3101503759398501 58.863819500402911 83.728626585769462 17.445652173913047 76.230392156862749 94.346440044135974 22.063894523326578
decision_type=2 2 2 2 2 2 2 2 2 2 2 2 2 2
left_child=7 3 -3 6 5 -5 -2 -1 9 10 11 -9 13 -12
right_child=1 2 -4 4 -6 -7 -8 8 -10 -11 12 -13 -14 -15
leaf_value=-0.0074355256925964291 -0.0011389126034454711 0.0041192640225961386 0.017074276514321571 -0.00085914373336853575 0.0041192640225961386 0.0029757128175183743 0.0029757128175183743 -0.0074355256925964291 -0.0011389126034454711 -0.0011389126034454711 -0.0067885814687469086 -0.0024214935511382716 -0.0011389126034454711 -0.0022175894778024762
leaf_weight=1.2510994784533966 21.418925747042532 9.0963069696445 2.4332062122412017 4.0282661058008653 4.2197576535399994 6.4764611865393817 4.7238639586139461 5.5318550562951776 23.585362090729177 3.8447745884768656 3.1283046178286851 1.7435858175158498 0.9988884665071972 10.84795933193527
leaf_count=240 3300 250 26 344 137 482 597 891 2374 497 516 268 147 2242
internal_value=0.000671592 0.00241985 0.00799783 0.000692742 0.00332747 -0.000859144 -0.000859144 -0.00113891 -0.00113891 -0.00260383 -0.00406939 -0.00675879 -0.00242149 -0.00242149
internal_weight=103.329 52.3968 11.5295 40.8673 14.7245 10.5047 26.1428 50.9318 49.6807 26.0954 22.2506 7.27544 14.9752 13.9763
internal_count=12311 5136 276 4860 963 826 3897 7175 6935 4561 4064 1159 2905 2758
is_linear=0
shrinkage=0.03


Tree=119
num_leaves=11
num_cat=0
split_feature=10 2 11 8 1 10 7 9 2 1
split_gain=0.2843 0.352708 1.27035 1.28424 0.145056 0.0740992 0.34414 0.248275 0.0539464 0.0221893
threshold=54.890004782400773 85.166848814115042 97.28198971896451 94.014925373134346 43.970848318674406 17.445652173913047 53.390804597701155 87.349046995489616 94.670786142953872 78.188264865110796
decision_type=2 2 2 2 2 2 2 2 2 2
left_child=5 4 3 -3 -2 6 7 9 -7 -1
right_child=1 2 -4 -5 -6 8 -8 -9 -10 -11
leaf_value=-0.010897840491882591 -0.00092829874276459487 0.00055133806300980653 0.020786153306233488 0.016514998480466725 0.00055133806300980653 -0.00092829874276459487 -0.00092829874276459487 -0.00092829874276459487 0.00055133806300980653 -0.0031743800794859669
leaf_weight=5.1453721640864369 14.451107113622127 8.9919486977159959 2.9109170737210652 3.5529230684041968 22.505015472648665 34.593670397996902 4.1874416361097238 2.4657280105166137 2.9230006653815499 1.4740234501659868
leaf_count=766 1718 636 38 75 2669 5142 489 319 248 211
internal_value=0.000663146 0.00219383 0.00584899 0.00110424 0.000551338 -0.000928299 -0.00310383 -0.00705159 -0.000928299 -0.0098203
internal_weight=103.201 52.4119 15.4558 12.5449 36.9561 50.7892 13.2726 9.08512 37.5167 6.6194
internal_count=12311 5136 749 711 4387 7175 1785 1296 5390 977
is_linear=0
shrinkage=0.03


Tree=120
num_leaves=9
num_cat=0
split_feature=1 9 2 0 10 5 5 9
split_gain=0.12788 0.617113 0.388642 0.0530269 0.0594616 0.101537 0.0328789 0.00803617
threshold=5.2948331788693244 45.85784313725491 94.524587312544512 99.762751742072041 98.620624048706262 87.141273360785576 99.762751742072041 35.368577810871194
decision_type=2 2 2 2 2 2 2 2
left_child=1 2 7 4 6 -6 -2 -1
right_child=3 -3 -4 -5 5 -7 -8 -9
leaf_value=-0.018018330092608822 -0.00044740189835261473 -0.00044740189835261473 -0.00044740189835261473 0.0040684509517339637 -0.00044740189835261473 0.0040684509517339637 0.0040530443586136375 -0.004226825533527153
leaf_weight=2.293691432802007 84.95161673752591 5.518702978733927 1.4457148094661532 1.3500493348110456 1.4829426491633051 2.4589720575604588 0.8607507161796083 0.80571344052441407
leaf_count=184 11341 327 76 19 275 61 19 51
internal_value=-0.000822506 -0.00387084 -0.0115641 -0.000447402 -0.000447402 0.00288423 -0.000447402 -0.0163388
internal_weight=101.168 10.0638 4.54512 91.1043 89.7543 3.94191 85.8124 3.0994
internal_count=12353 638 311 11715 11696 336 11360 235
is_linear=0
shrinkage=0.03


Tree=121
num_leaves=15
num_cat=0
split_feature=9 1 11 2 4 8 9 7 1 2 9 5 8 8
split_gain=0.0824016 0.287271 0.161079 0.128295 0.330738 0.2852 0.156014 0.297138 0.0821293 0.32566 0.0891498 0.067494 0.0386998 0.0307505
threshold=58.380149812734089 0.92380723791236641 5.5620005155968038 42.008869179600893 70.763666007285508 27.33499377334994 75.140449438202253 49.626865671641802 6.1105333613603436 94.346440044135974 43.226559893226565 87.514172335600918 72.665006226650078 54.616477272727273
decision_type=2 2 2 2 2 2 2 2 2 2 2 2 2 2
left_child=1 -1 -3 -2 -5 -6 7 -7 9 10 -4 13 -8 -9
right_child=3 2 8 4 5 6 12 11 -10 -11 -12 -13 -14 -15
leaf_value=-0.013169535456865675 -0.00082410960127822118 -0.009121533867851004 -0.009121533867851004 -0.00082410960127822118 -0.00082410960127822118 -0.00082410960127822118 0.0064163488574460097 -0.00082410960127822118 -0.00082410960127822118 -0.00082410960127822118 -0.00082410960127822118 0.0064163488574460097 0.0093599086231677345 0.0033887845235071462
leaf_weight=0.86913381260819633 11.865005478961391 1.2092614804860193 2.6584135066950689 10.161569912452249 1.8119462293107087 2.2578929872252074 7.3381610284559411 0.73464640509337209 49.377113808994181 1.7219351863022891 0.90745360171422351 1.8929046429693697 7.7713080712128431 0.64345234492793679
leaf_count=60 2158 190 232 1699 247 121 526 117 6484 86 75 50 216 92
internal_value=-0.000822078 -0.00156973 -0.00116091 0.000145316 0.00135006 0.00359151 0.00492254 0.000482747 -0.00082411 -0.00426846 -0.00912153 0.00641635 0.00641635 -0.000239003
internal_weight=101.22 56.7433 55.8742 44.4769 32.6119 22.4503 20.6384 5.5289 54.6649 5.2878 3.56587 3.271 15.1095 1.3781
internal_count=12353 7127 7067 5226 3068 1369 1122 380 6877 393 307 259 742 209
is_linear=0
shrinkage=0.03


Tree=122
num_leaves=7
num_cat=0
split_feature=11 7 11 8 4 8
split_gain=0.059763 0.0763545 0.190533 0.0556203 0.0552169 0.021337
threshold=2.4477124183006542 98.157538877620013 80.281728951617808 83.711734693877574 92.898406591017803 2.5158227848101271
decision_type=2 2 2 2 2 2
left_child=3 5 4 -1 -3 -2
right_child=1 2 -4 -5 -6 -7
leaf_value=-0.0076278140523552019 -0.0044920728633697287 -0.00084170436767812132 0.0098990069249454034 -0.00084170436767812132 0.0060004719281238602 -0.00084170436767812132
leaf_weight=1.2370163854211553 0.49429199192672868 1.1734100044704963 1.1146349078044293 0.27054009540006529 0.35222880076617014 96.414001704659313
leaf_count=275 119 218 65 22 16 11638
internal_value=-0.000811987 -0.00068933 0.00359827 -0.0054065 -0.000841704 -0.000841704
internal_weight=101.056 99.5486 2.64027 1.50756 1.52564 96.9083
internal_count=12353 12056 299 297 234 11757
is_linear=0
shrinkage=0.03


Tree=123
num_leaves=7
num_cat=0
split_feature=11 7 11 8 4 8
split_gain=0.0584279 0.0707962 0.186575 0.0550805 0.0515742 0.0212562
threshold=2.4477124183006542 98.157538877620013 80.281728951617808 83.711734693877574 92.898406591017803 2.5158227848101271
decision_type=2 2 2 2 2 2
left_child=3 5 4 -1 -3 -2
right_child=1 2 -4 -5 -6 -7
leaf_value=-0.0075575487755499228 -0.0044554864232287539 -0.00081435478859775143 0.0097410950528934205 -0.00081435478859775143 0.005908244169770518 -0.00081435478859775143
leaf_weight=1.2298253199551239 0.49298593401908775 1.1731865108013142 1.1102524651214478 0.27053218451328587 0.34866581275127839 96.397164798574522
leaf_count=275 119 218 65 22 16 11638
internal_value=-0.000788796 -0.000667805 0.00346578 -0.00533757 -0.000814355 -0.000814355
internal_weight=101.023 99.5223 2.6321 1.50036 1.52185 96.8902
internal_count=12353 12056 299 297 234 11757
is_linear=0
shrinkage=0.03


Tree=124
num_leaves=9
num_cat=0
split_feature=11 9 1 7 4 2 11 10
split_gain=0.0524182 0.0623141 0.22232 0.112236 0.149417 0.0829594 0.109965 0.00186748
threshold=2.4477124183006542 24.374609130706695 15.279802186361271 98.157538877620013 56.220563847429524 30.607687519452231 74.711310238152393 96.362433862433875
decision_type=2 2 2 2 2 2 2 2
left_child=-1 2 -2 -3 -5 6 7 -4
right_child=1 3 5 4 -6 -7 -8 -9
leaf_value=-0.0051198364718863945 -0.0051198364718863945 -0.00028544595930992084 -0.0051198364718863945 -0.00028544595930992084 0.0093947676935287033 -0.00028544595930992084 -0.00028544595930992084 -0.00028544595930992084
leaf_weight=1.4882254011463363 4.2644432554952827 76.490587317850441 2.983884784160185 0.69386865873821024 1.5147671331651507 11.764704287983475 1.5357275196583939 0.26864402787759889
leaf_count=297 427 9049 640 136 83 1459 201 61
internal_value=-0.000797581 -0.000682651 -0.00210236 -0.000285446 0.00532764 -0.000285446 -0.00388211 -0.00511984
internal_weight=101.005 99.5166 20.8174 78.6992 2.20864 16.553 4.78826 3.25253
internal_count=12353 12056 2788 9268 219 2361 902 701
is_linear=0
shrinkage=0.03


Tree=125
num_leaves=9
num_cat=0
split_feature=9 8 1 11 9 1 2 7
split_gain=0.255263 0.212825 0.444952 0.354627 0.0884313 0.0461272 0.0395471 0.0952116
threshold=95.354232989801986 58.863819500402911 27.242150151266408 20.021786492374734 6.2114197530864201 91.377450685288878 93.269348894348909 40.946348733233989
decision_type=2 2 2 2 2 2 2 2
left_child=4 -2 -3 -4 5 6 7 -1
right_child=1 2 3 -5 -6 -7 -8 -9
leaf_value=-0.010479627803785392 -0.00030419183384652594 -0.00030419183384652594 -0.00030419183384652594 0.020568140986270557 -0.00030419183384652594 -0.00030419183384652594 -0.00030419183384652594 -0.00030419183384652594
leaf_weight=1.3445695410482588 2.7157851704396299 1.8645189544185994 0.70519362878985736 1.6621193275786934 93.943579610087909 0.4595791792962699 0.31597004365175951 1.2539713841397313
leaf_count=286 464 76 97 73 11042 77 28 175
internal_value=0.000114946 0.00528551 0.008866 0.0154948 -0.000304192 -0.00457227 -0.00587053 -0.00690883
internal_weight=104.265 6.94762 4.23183 2.36731 97.3177 3.37409 2.91451 2.59854
internal_count=12318 710 246 170 11608 566 489 461
is_linear=0
shrinkage=0.03


Tree=126
num_leaves=9
num_cat=0
split_feature=9 8 1 9 10 1 1 7
split_gain=0.253682 0.213936 0.442846 0.0646895 0.0672987 0.0157463 0.0034759 0.00294897
threshold=95.354232989801986 58.863819500402911 27.242150151266408 6.2114197530864201 62.988330796549981 40.340231269858151 71.498178019917148 39.36910084451069
decision_type=2 2 2 2 2 2 2 2
left_child=3 6 -3 4 5 -1 -2 -6
right_child=1 2 -4 -5 7 -7 -8 -9
leaf_value=-0.0091359566087522541 -0.00027453286710868603 -0.00027453286710868603 0.015451955663390086 -0.00027453286710868603 -0.0016345032594510542 -0.0016345032594510542 0.0016049569346935479 -0.00027453286710868603
leaf_weight=0.65058456850238078 1.9226759364828465 1.8628479817416517 2.3887333041056991 93.922169751836918 0.62395285186357763 0.93307039118371904 0.79452877235598851 1.1154526639729736
leaf_count=119 329 76 170 11042 98 210 135 139
internal_value=0.000144403 0.00529123 0.00887336 -0.000274533 -0.00394671 -0.00705949 -0.000274533 -0.000274533
internal_weight=104.214 6.96879 4.25158 97.2452 3.32306 1.58365 2.7172 1.73941
internal_count=12318 710 246 11608 566 329 464 237
is_linear=0
shrinkage=0.03


Tree=127
num_leaves=9
num_cat=0
split_feature=9 8 1 11 9 10 1 1
split_gain=0.248515 0.204893 0.423374 0.393807 0.0610443 0.0656259 0.0132925 0.00263979
threshold=95.354232989801986 58.863819500402911 27.242150151266408 20.021786492374734 6.2114197530864201 62.988330796549981 40.340231269858151 23.662214928413785
decision_type=2 2 2 2 2 2 2 2
left_child=4 -2 -3 -4 5 6 -1 -7
right_child=1 2 3 -5 -6 7 -8 -9
leaf_value=-0.0088955464075348434 -0.00025737281482954473 -0.00025737281482954473 -0.00025737281482954473 0.020466311158227727 -0.00025737281482954473 -0.0019152616103691299 -0.0016559878365840874 -0.00025737281482954473
leaf_weight=0.64024715218692951 2.7170389047823837 1.8623076488729564 0.73818159918300841 1.7057571525219826 93.818375111557543 0.41228728671558168 0.92885254579596221 1.327410989673808
leaf_count=119 464 76 97 73 11042 64 210 173
internal_value=0.000159217 0.00523439 0.00870741 0.0150555 -0.000257373 -0.00383033 -0.00692268 -0.000257373
internal_weight=104.15 7.02329 4.30625 2.44394 97.1272 3.3088 1.5691 1.7397
internal_count=12318 710 246 170 11608 566 329 237
is_linear=0
shrinkage=0.03


Tree=128
num_leaves=10
num_cat=0
split_feature=0 1 8 1 2 1 8 2 8
split_gain=0.0850406 0.0841649 0.20453 0.0537521 0.0253534 0.189073 0.133216 0.0270432 0.00784355
threshold=99.762751742072041 99.034980501717015 88.029850746268679 0.92380723791236641 44.793172825806742 35.581254331254335 93.2882882882883 1.3747887161289647 19.544181308887197
decision_type=2 2 2 2 2 2 2 2 2
left_child=1 3 -3 -1 5 -5 -6 -7 -9
right_child=-2 2 -4 4 6 7 -8 8 -10
leaf_value=-0.0044527024156040982 0.0045571565881795083 -0.00019036861611758997 0.0045571565881795083 -0.0044527024156040982 -0.00019036861611758997 -0.0044527024156040982 0.0030623718528218218 -0.0021046266935304584 -0.00019036861611758997
leaf_weight=1.6648242971859861 2.8066941949073216 1.8895706254988902 1.5024794922210274 3.8999470208073062 56.088669295306318 0.40306210308336332 12.321670085191725 2.886381296557377 20.700221884995699
leaf_count=87 49 120 21 846 6191 87 481 716 3720
internal_value=0.000155111 -1.01187e-05 0.0040537 -0.000190369 -0.000190369 -0.00110609 -0.000190369 -0.000190369 -0.000190369
internal_weight=104.164 101.357 3.39205 97.9648 96.3 27.8896 68.4103 23.9897 23.5866
internal_count=12318 12269 141 12128 12041 5369 6672 4523 4436
is_linear=0
shrinkage=0.03


Tree=129
num_leaves=9
num_cat=0
split_feature=9 8 1 11 9 10 1 7
split_gain=0.247005 0.199922 0.415959 0.386904 0.0548133 0.0628045 0.0122378 0.00245207
threshold=95.354232989801986 58.863819500402911 27.242150151266408 20.021786492374734 6.2114197530864201 62.988330796549981 40.340231269858151 39.36910084451069
decision_type=2 2 2 2 2 2 2 2
left_child=4 -2 -3 -4 5 6 -1 -7
right_child=1 2 3 -5 -6 7 -8 -9
leaf_value=-0.0085935759113991966 -0.00024646419591472412 -0.00024646419591472412 -0.00024646419591472412 0.020118430651136051 -0.00024646419591472412 -0.001602619651328466 -0.001602619651328466 -0.00024646419591472412
leaf_weight=0.62913444195873969 2.7137521479744455 1.8632083116099236 0.73974983510561321 1.7568318706471471 93.7114567020908 0.62328283255919781 0.92674172332044691 1.1168265282176433
leaf_count=119 464 76 97 73 11042 98 210 139
internal_value=0.000170659 0.00521312 0.00861246 0.0148328 -0.000246464 -0.00363725 -0.00668574 -0.000246464
internal_weight=104.081 7.07354 4.35979 2.49658 97.0074 3.29599 1.55588 1.74011
internal_count=12318 710 246 170 11608 566 329 237
is_linear=0
shrinkage=0.03


Tree=130
num_leaves=12
num_cat=0
split_feature=9 0 1 8 0 11 5 9 0 9 3
split_gain=0.112529 0.198725 0.257389 0.0576931 0.0166362 0.0101296 0.0256717 0.0144668 0.0259267 0.0177647 0.00441737
threshold=96.178188899707905 97.145989974937351 99.034980501717015 6.3560463237274449 68.608650397673941 6.2932497715106424 86.347202295552378 70.948987246811711 64.252300697313487 76.967285587975269 90.982310372554295
decision_type=2 2 2 2 2 2 2 2 2 2 2
left_child=3 2 -2 -1 5 9 7 8 10 -5 -7
right_child=1 -3 -4 4 -6 6 -8 -9 -10 -11 -12
leaf_value=-0.0040326792148867776 4.4811617503638671e-05 0.01377612178489354 0.012843358687333379 -0.0039595307640190531 4.4811617503638671e-05 -0.0018166724021125037 4.4811617503638671e-05 4.4811617503638671e-05 4.4811617503638671e-05 4.4811617503638671e-05 4.4811617503638671e-05
leaf_weight=2.1231827285373575 5.0576641738880417 0.48334315977990616 0.46253293054178346 1.0329812440322697 58.202172329067253 19.962161974981441 3.3485762134660026 7.5232301631476721 1.7814982053823758 0.76936195511370908 0.60413423925638099
leaf_count=479 636 10 8 221 3482 5027 112 1743 361 171 69
internal_value=0.00031488 0.00398523 0.00114659 4.48116e-05 4.48116e-05 -0.000635741 -0.000473531 -0.000978081 -0.00134846 -0.00238963 -0.00173946
internal_weight=101.351 6.00354 5.5202 95.3473 93.2241 35.0219 33.2196 29.871 22.3478 1.80234 20.5663
internal_count=12319 654 644 11665 11186 7704 7312 7200 5457 392 5096
is_linear=0
shrinkage=0.03


Tree=131
num_leaves=11
num_cat=0
split_feature=9 0 1 8 0 4 5 9 2 9
split_gain=0.113848 0.200688 0.261589 0.0535438 0.0154692 0.026039 0.0155428 0.0116854 0.00749135 0.00457889
threshold=96.178188899707905 97.145989974937351 99.034980501717015 6.3560463237274449 68.608650397673941 82.454031713900136 97.1164506225482 86.453119786453129 94.346440044135974 84.660633484162915
decision_type=2 2 2 2 2 2 2 2 2 2
left_child=3 2 -2 -1 5 6 7 8 9 -5
right_child=1 -3 -4 4 -6 -7 -8 -9 -10 -11
leaf_value=-0.0038905354896544455 4.33489910589904e-05 0.013821303818187776 0.012922949702125219 -0.0015700915899473982 4.33489910589904e-05 4.33489910589904e-05 4.33489910589904e-05 4.33489910589904e-05 4.33489910589904e-05 4.33489910589904e-05
leaf_weight=2.1140486790100104 5.0607666766736648 0.48895254638046015 0.46751724928617466 27.549396382295534 58.187608210137114 2.3420200373511753 0.27012504264712234 3.2454701261594883 0.96474692248739202 0.61877534887753327
leaf_count=479 636 10 8 6395 3482 251 7 755 184 112
internal_value=0.000315375 0.00400324 0.00115075 4.3349e-05 4.3349e-05 -0.00061304 -0.00103246 -0.00121596 -0.00140777 -0.00150798
internal_weight=101.309 6.01724 5.52828 95.2922 93.1781 34.9905 32.6485 32.3784 29.1329 28.1682
internal_count=12319 654 644 11665 11186 7704 7453 7446 6691 6507
is_linear=0
shrinkage=0.03


Tree=132
num_leaves=10
num_cat=0
split_feature=9 0 1 8 1 0 4 5 9
split_gain=0.0964542 0.197877 0.261585 0.0488443 0.0228842 0.0137046 0.0244352 0.0131234 0.00499231
threshold=96.178188899707905 97.145989974937351 99.034980501717015 6.3560463237274449 12.910548834918586 68.608650397673941 82.454031713900136 97.1164506225482 86.453119786453129
decision_type=2 2 2 2 2 2 2 2 2
left_child=3 2 -2 4 -1 6 7 8 -5
right_child=1 -3 -4 5 -6 -7 -8 -9 -10
leaf_value=-0.0068741542413378902 6.0945421207849307e-05 0.013482900450730752 0.012863409551485605 -0.00093410755082123887 -0.00093410755082123887 6.0945421207849307e-05 6.0945421207849307e-05 6.0945421207849307e-05 6.0945421207849307e-05
leaf_weight=0.28496242046821807 5.0859112066682419 0.47873373236507166 0.46663231635466207 29.077069345512427 1.7895833931397644 58.232102100970224 2.3417893683072171 0.27003117511048813 3.2463267082348457
leaf_count=47 636 10 8 6691 432 3482 251 7 755
internal_value=0.000311916 0.00370276 0.000930552 6.09454e-05 -0.00372048 6.09454e-05 -0.000557813 -0.000934108 -0.000934108
internal_weight=101.273 6.03128 5.55254 95.2419 2.07455 93.1673 34.9352 32.5934 32.3234
internal_count=12319 654 644 11665 479 11186 7704 7453 7446
is_linear=0
shrinkage=0.03


Tree=133
num_leaves=11
num_cat=0
split_feature=9 0 1 8 1 5 3 9 3 2
split_gain=0.0911614 0.200414 0.248302 0.0492052 0.0230241 0.0103399 0.0135133 0.00501485 0.00671676 0.0222343
threshold=96.178188899707905 97.145989974937351 99.034980501717015 6.3560463237274449 12.910548834918586 62.080775946099386 21.684081458577676 70.948987246811711 38.356071475153264 35.465112894022859
decision_type=2 2 2 2 2 2 2 2 2 2
left_child=3 2 -2 4 -1 6 -5 8 -8 -10
right_child=1 -3 -4 5 -6 -7 7 -9 9 -11
leaf_value=-0.0068663145815187517 9.0401940228845292e-05 0.013449287940243825 0.012578907599329498 -0.00092086173152737885 -0.00092086173152737885 9.0401940228845292e-05 -0.00092086173152737885 9.0401940228845292e-05 -0.00092086173152737885 9.0401940228845292e-05
leaf_weight=0.28464728419203256 5.085407708073034 0.48351339390501369 0.45720067899674166 9.0171794638736191 1.7878857859177513 65.462317927740514 5.0517853007186231 5.4256520017515859 4.0267103514634055 4.1529232361353934
leaf_count=47 636 10 8 2352 432 4252 1318 1263 952 1049
internal_value=0.000334721 0.00363256 0.000851439 9.04019e-05 -0.0037064 9.04019e-05 -0.000521531 2.48977e-05 -0.000478494 9.04019e-05
internal_weight=101.235 6.02612 5.54261 95.2091 2.07253 93.1366 27.6743 18.6571 13.2314 8.17963
internal_count=12319 654 644 11665 479 11186 6934 4582 3319 2001
is_linear=0
shrinkage=0.03


Tree=134
num_leaves=13
num_cat=0
split_feature=9 8 5 8 0 8 5 3 3 0 0 4
split_gain=0.0503073 0.20121 0.0419622 0.0348356 0.0120562 0.0175733 0.00875599 0.0200442 0.000400893 0.00226217 0.000104516 3.71532e-05
threshold=96.178188899707905 91.913687881429837 94.063845892824517 6.3560463237274449 2.9126899964651827 99.375000000000014 62.470852334802721 21.684081458577676 34.803352895682643 72.951773835920193 20.477746654217245 13.727733656391621
decision_type=2 2 2 2 2 2 2 2 2 2 2 2
left_child=3 2 -2 -1 11 6 7 -6 9 -9 -10 -5
right_child=1 -3 -4 4 5 -7 -8 8 10 -11 -12 -13
leaf_value=-0.0031150482582996317 9.5155901094563515e-05 0.0092280855588718173 0.00551431271809091 -0.0028185427169668468 -0.0016215891214650306 0.0017917896376348822 9.5155901094563515e-05 -0.00053879407769776456 -0.00024960285092044589 9.5155901094563515e-05 9.5155901094563515e-05 -0.0016215891214650306
leaf_weight=2.0431697574676937 3.7712594161275765 1.755044267978519 0.56968127936124791 1.2524673838634028 7.8671813118271556 5.3389083945658049 60.684440574259497 5.0371775395469767 2.1361803810577813 0.18910865602083493 10.370744878426192 0.20631494256667804
leaf_count=479 587 48 19 270 2061 312 4076 1307 495 45 2566 54
internal_value=0.000277945 0.00271492 9.51559e-05 9.51559e-05 9.51559e-05 9.51559e-05 9.51559e-05 -0.000456142 9.51559e-05 -0.000152309 9.51559e-05 -0.00210058
internal_weight=101.222 6.09598 4.34094 95.1257 93.0825 91.6237 86.2848 25.6004 17.7332 5.22629 12.5069 1.45878
internal_count=12319 654 606 11665 11186 10862 10550 6474 4413 1352 3061 324
is_linear=0
shrinkage=0.03


Tree=135
num_leaves=12
num_cat=0
split_feature=11 8 9 3 11 1 0 9 2 3 8
split_gain=0.103776 0.149677 0.170301 0.264479 0.325333 0.161822 0.115212 0.0359497 0.0342586 0.0285211 0.0209586
threshold=99.763869528854215 64.747307373653697 51.829540383757255 42.761669445105987 56.016903481526128 0.92380723791236641 92.218330382971388 31.360325021014294 98.593028831744903 99.328828828828833 61.209259823332324
decision_type=2 2 2 2 2 2 2 2 2 2 2
left_child=1 5 -3 -4 6 -1 -5 8 9 10 -7
right_child=-2 2 3 4 -6 7 -8 -9 -10 -11 -12
leaf_value=-0.0096812475010310869 0.0058411568031984341 -0.00039499403170432929 -0.00039499403170432929 -0.00039499403170432929 0.0058411568031984341 -0.0034575232336596685 0.0041603996995198192 -0.00039499403170432929 -0.00039499403170432929 -0.00039499403170432929 -0.00039499403170432929
leaf_weight=0.86060750135220487 1.9507419764995564 25.028362636920065 3.1344345165416625 5.4694392848759907 10.350126644130794 10.906535637448535 4.1008291123434901 39.130626265658066 0.27454291470348913 0.32574709202162999 0.36191474320367056
leaf_count=69 31 2179 691 530 410 2323 75 5840 16 10 79
internal_value=0.000295845 0.000130815 0.00132254 0.00312601 0.00466863 -0.000978238 4.03704e-05 -0.00064802 -0.00206384 -0.00269854 -0.00314312
internal_weight=101.894 99.9432 48.0832 23.0548 19.9204 51.86 9.57027 50.9994 11.8687 11.5942 11.2685
internal_count=12253 12222 3885 1706 1015 8337 605 8268 2428 2412 2402
is_linear=0
shrinkage=0.03


Tree=136
num_leaves=9
num_cat=0
split_feature=11 1 0 3 1 1 0 0
split_gain=0.0982324 0.0889027 0.148758 0.0218031 0.0127088 0.00124125 0.000324417 9.86247e-05
threshold=99.763869528854215 99.034980501717015 64.651550589050615 6.8839839623687604 64.042371008728324 6.8839839623687604 43.224397302536389 1.6990691646046898
decision_type=2 2 2 2 2 2 2 2
left_child=1 3 -3 4 6 -5 -1 -6
right_child=-2 2 -4 5 7 -7 -8 -9
leaf_value=-0.0036570714572305143 0.0056287384797178864 -0.00012221777024693935 0.0056287384797178864 -0.00053292260820145439 -0.00052073321032248968 -0.00012221777024693935 -0.00053292260820145439 -0.00012221777024693935
leaf_weight=1.5046799003612239 1.9380043009296049 1.4521243819035583 1.7658218736760316 10.931585508631541 0.29789118072949317 82.69588543381542 0.31908584595657896 1.0085114308167247
leaf_count=407 31 103 27 792 76 10479 76 262
internal_value=0.000221909 6.23935e-05 0.00432626 -0.000122218 -0.00230274 -0.000122218 -0.0034404 -0.000122218
internal_weight=101.914 99.9756 3.21795 96.7576 3.13017 93.6275 1.82377 1.3064
internal_count=12253 12222 130 12092 821 11271 483 338
is_linear=0
shrinkage=0.03


Tree=137
num_leaves=15
num_cat=0
split_feature=11 8 9 4 11 1 4 1 2 1 9 2 2 2
split_gain=0.0829715 0.120116 0.147201 0.256255 0.145253 0.132093 0.25554 0.0980223 0.208748 0.0625172 0.0123042 0.0224021 0.0102467 0.00459503
threshold=99.763869528854215 64.747307373653697 51.829540383757255 96.741883141501006 88.165652285999315 0.92380723791236641 97.864765678648226 21.271661733796599 78.820172643531677 91.763359806165042 31.360325021014294 98.66498366498368 33.386320259055147 52.017032342312937
decision_type=2 2 2 2 2 2 2 2 2 2 2 2 2 2
left_child=1 5 3 7 -4 -1 10 -3 9 13 11 -7 -11 -9
right_child=-2 2 4 -5 -6 6 -8 8 -10 12 -12 -13 -14 -15
leaf_value=-0.0090819512189822503 0.0051408788262908324 -0.0014407301272586052 0.002794836175972433 0.002794836175972433 0.0051408788262908324 -0.0031715287257693494 0.002794836175972433 -0.0014407301272586052 0.002794836175972433 2.5369858475725045e-06 -0.0014407301272586052 -0.0014407301272586052 0.002794836175972433 0.00017760905487109141
leaf_weight=0.80411480856127937 1.9843375198543061 4.4818294660654088 16.970112923299901 3.5193013553507617 6.2723798928782335 10.81276626384351 4.6125472178682676 6.265142453368755 3.4975071591325095 1.2022111471742376 35.079402377828956 0.25278073595836836 0.74944087606854748 5.323218364501372
leaf_count=69 31 407 1530 63 176 2373 157 934 205 112 5727 11 53 405
internal_value=0.000211658 6.36839e-05 0.0011271 -0.000468881 0.00279484 -0.000934574 -0.000934574 -0.000934574 0.000929438 -0.00142121 -0.00144073 -0.00248468 0.00279484 -0.00144073
internal_weight=101.827 99.8428 48.2811 25.0387 23.2425 51.5616 50.7575 21.5193 17.0375 13.54 46.1449 11.0655 1.95165 11.5884
internal_count=12253 12222 3885 2179 1706 8337 8268 2116 1709 1504 8111 2384 165 1339
is_linear=0
shrinkage=0.03


Tree=138
num_leaves=7
num_cat=0
split_feature=1 8 8 1 1 8
split_gain=0.082312 0.235874 0.0264006 0.14872 0.000186847 0.000163898
threshold=99.034980501717015 88.2734912146677 6.7117117117117129 14.07842157842158 6.8839839623687604 2.5158227848101271
decision_type=2 2 2 2 2 2
left_child=2 -2 3 -1 -4 -5
right_child=1 -3 4 5 -6 -7
leaf_value=-0.010430651851922148 -2.90914861243729e-05 0.011200414979377534 -0.0003259543597705058 -0.0029264765916839856 -2.90914861243729e-05 -2.90914861243729e-05
leaf_weight=0.45675590960308854 1.9084999973420047 1.2959499107673762 11.052996830199843 0.33621913613751564 84.73226803203579 1.822457294212654
leaf_count=74 112 18 793 91 10778 387
internal_value=0.000146254 0.00425695 -2.90915e-05 -0.00259272 -2.90915e-05 -2.90915e-05
internal_weight=101.605 3.20445 98.4007 2.61543 95.7853 2.15868
internal_count=12253 130 12123 552 11571 478
is_linear=0
shrinkage=0.03


Tree=139
num_leaves=10
num_cat=0
split_feature=11 8 11 9 4 7 0 8 8
split_gain=0.0817202 0.0848652 0.12481 0.130625 0.118901 0.0628733 0.0374044 0.00536045 0.00162959
threshold=99.763869528854215 64.747307373653697 98.086080586080598 96.178188899707905 59.726953622498115 86.425061425061429 99.328828828828833 64.031250000000014 2.5158227848101271
decision_type=2 2 2 2 2 2 2 2 2
left_child=1 5 3 -3 -5 6 7 8 -1
right_child=-2 2 -4 4 -6 -7 -8 -9 -10
leaf_value=-0.0034389324876475287 0.0050584430649430346 2.5546925451329769e-05 0.0050584430649430346 2.5546925451329769e-05 0.0050584430649430346 2.5546925451329769e-05 2.5546925451329769e-05 2.5546925451329769e-05 -0.0016578212419292981
leaf_weight=0.46581812133081157 1.9739456330426026 43.818815269274637 2.296640232903882 0.68461524532176499 1.6474826789926735 7.6353496317751697 1.7798473308794189 0.90277641196735103 40.412403958616778
leaf_count=114 31 3647 67 96 75 915 54 69 7185
internal_value=0.000158018 1.16437e-05 0.000902151 0.000471374 0.00505844 -0.000832192 -0.00143447 -0.00170859 -0.00175975
internal_weight=101.618 99.6437 48.4476 46.1509 2.3321 51.1962 43.5608 41.781 40.8782
internal_count=12253 12222 3885 3818 171 8337 7422 7368 7299
is_linear=0
shrinkage=0.03


Tree=140
num_leaves=8
num_cat=0
split_feature=8 10 3 2 9 3 8
split_gain=0.066111 0.0369295 0.0352829 0.0572879 0.0287686 0.0943473 0.00614352
threshold=37.581168831168839 95.932156646442365 90.595322466335958 59.430780933062891 97.332859174964454 88.275099176075699 85.926496478873261
decision_type=2 2 2 2 2 2 2
left_child=1 2 -1 -4 -2 6 -6
right_child=4 -3 3 -5 5 -7 -8
leaf_value=-0.0028170517598909727 0.00011771717221077151 0.00011771717221077151 -0.0028170517598909727 0.00011771717221077151 0.00011771717221077151 0.0078658407679610513 0.0032280311469712352
leaf_weight=15.288000636501243 78.334443988045678 0.62171188183128734 1.3561691653449077 3.344146823277697 1.5025929668918245 0.84617174835875619 0.35053628147579718
leaf_count=3414 8215 95 164 145 245 35 42
internal_value=-0.000274052 -0.00174856 -0.00215614 0.000110602 0.000117717 0.002764 0.000117717
internal_weight=101.644 20.61 19.9883 4.70032 81.0337 2.6993 1.85313
internal_count=12355 3818 3723 309 8537 322 287
is_linear=0
shrinkage=0.03


Tree=141
num_leaves=9
num_cat=0
split_feature=1 8 2 4 4 9 8 1
split_gain=0.0741416 0.131404 0.861684 0.255293 0.107852 0.0667538 0.220213 0.035457
threshold=6.8839839623687604 96.128871128871154 74.596030537625197 83.642826367944863 73.090542481493756 55.618686868686872 95.419580419580441 4.8959681672179887
decision_type=2 2 2 2 2 2 2 2
left_child=4 -2 -3 -4 -1 6 7 -6
right_child=1 2 3 -5 5 -7 -8 -9
leaf_value=-0.0085233519594882096 -0.00034194939754839592 -0.00034194939754839592 0.0021000315301587559 0.018927990429289773 -0.0081340476003817948 -0.00034194939754839592 -0.00034194939754839592 -0.0004336400809538466
leaf_weight=1.2039270155364583 83.275606861803681 3.5002225639764211 1.4902009160723539 2.0166189768351614 3.8778821169398707 4.6388877078425139 0.91355391358956684 0.73633396346122015
leaf_count=260 10993 383 97 34 250 250 14 74
internal_value=-0.000291296 7.06689e-06 0.00367965 0.0138297 -0.00246937 -0.00105338 -0.00351799 -0.00720134
internal_weight=101.653 90.2826 7.00704 3.50682 11.3706 10.1667 5.52777 4.61422
internal_count=12355 11507 514 131 848 588 338 324
is_linear=0
shrinkage=0.03


Tree=142
num_leaves=11
num_cat=0
split_feature=8 1 3 4 3 1 8 7 2 9
split_gain=0.0612503 0.0912001 0.202863 0.443638 0.372605 0.069911 0.0764585 0.0345552 0.0174686 0.00629413
threshold=37.581168831168839 75.830434736919543 89.821006687222209 58.959590125358325 96.741883141501006 14.07842157842158 32.483766233766239 85.825892857142875 94.346440044135974 59.280792420327309
decision_type=2 2 2 2 2 2 2 2 2 2
left_child=5 8 -3 -4 -5 6 7 -1 9 -2
right_child=1 2 3 4 -6 -7 -8 -9 -10 -11
leaf_value=-0.0085307034285599468 -0.00076746493496861732 -0.00046812943097897654 -0.00046812943097897654 0.0013333032476526138 0.015126279720128189 -0.00076746493496861732 -0.00076746493496861732 -0.00076746493496861732 -0.00046812943097897654 -0.00046812943097897654
leaf_weight=2.0412667510099887 28.985604472924024 9.6443149829283374 3.0989781275857222 3.4263099834788591 3.1622767592780292 17.038830105680972 0.8546430175192653 0.64272906258702267 8.9795542375650239 23.718060415005311
leaf_count=379 3544 1758 136 76 57 3301 78 60 459 2507
internal_value=-0.000277695 9.94107e-05 0.00184425 0.0047545 0.00907433 -0.00169819 -0.0050232 -0.00718241 -0.000468129 -0.000767465
internal_weight=101.593 81.0151 19.3319 9.68756 6.58859 20.5775 3.53864 2.684 61.6832 52.7037
internal_count=12355 8537 2027 269 133 3818 517 439 6510 6051
is_linear=0
shrinkage=0.03


Tree=143
num_leaves=10
num_cat=0
split_feature=1 8 4 11 8 7 3 1 1
split_gain=0.0787778 0.18025 0.452 0.102786 0.0283728 0.0491118 0.0653945 0.0426833 0.0332429
threshold=89.430088395605637 51.180555555555557 56.608151293612927 63.856757406566395 37.581168831168839 83.728626585769462 90.595322466335958 40.340231269858151 67.579951520838236
decision_type=2 2 2 2 2 2 2 2 2
left_child=4 -2 3 -3 5 6 8 -8 -1
right_child=1 2 -4 -5 -6 -7 7 -9 -10
leaf_value=-0.0046850701361580279 -0.0005557476162032373 -0.0005557476162032373 0.011346744750465473 0.0067695023292920304 -0.0005557476162032373 -0.0005557476162032373 -0.0038362585461371459 -0.0005557476162032373 -0.0006221588124994625
leaf_weight=8.367556735291144 5.0879767965525371 2.389272886095569 3.5948184221051633 1.1177623283583669 71.546848111553118 3.9129700192715964 1.5593079912941896 1.4244806619826702 2.6674497526837522
leaf_count=1957 764 318 100 118 7673 553 108 117 647
internal_value=-0.000242202 0.00192699 0.00493026 -0.000555748 -0.000555748 -0.00172414 -0.00272009 -0.000555748 -0.00383626
internal_weight=101.668 12.1898 7.10185 3.50704 89.4786 17.9318 14.0188 2.98379 11.035
internal_count=12355 1300 536 436 11055 3382 2829 225 2604
is_linear=0
shrinkage=0.03


Tree=144
num_leaves=10
num_cat=0
split_feature=1 4 3 8 8 7 3 1 1
split_gain=0.0729723 0.153971 0.457451 0.0361265 0.0239742 0.0428282 0.0629709 0.0368482 0.0290929
threshold=89.430088395605637 56.220563847429524 96.741883141501006 51.180555555555557 37.581168831168839 83.728626585769462 90.595322466335958 40.340231269858151 67.579951520838236
decision_type=2 2 2 2 2 2 2 2 2
left_child=4 -2 3 -3 5 6 8 -8 -1
right_child=1 2 -4 -5 -6 -7 7 -9 -10
leaf_value=-0.0044735083083063147 -0.00053829656079285948 -0.00053829656079285948 0.014086331253690656 0.0028313177793800846 -0.00053829656079285948 -0.00053829656079285948 -0.0036732743025965188 -0.00053829656079285948 -0.00064100703311205539
leaf_weight=8.3052436305442807 6.4182738417293859 1.8015844761393967 1.9281491274014113 2.1557190904859453 71.449220349546522 3.9066075826995066 1.5548169368412339 1.4251266035716978 2.667106392327697
leaf_count=1957 1038 143 39 80 7673 553 108 117 647
internal_value=-0.000234861 0.00184257 0.00504025 -0.000538297 -0.000538297 -0.00161509 -0.00255316 -0.000538297 -0.00367327
internal_weight=101.612 12.3037 5.88545 3.9573 89.3081 17.8589 13.9523 2.97994 10.9724
internal_count=12355 1300 262 223 11055 3382 2829 225 2604
is_linear=0
shrinkage=0.03


Tree=145
num_leaves=9
num_cat=0
split_feature=2 9 1 9 8 1 11 1
split_gain=0.0556976 0.104587 0.0664034 0.0509244 0.133828 0.0844823 0.172038 0.0379113
threshold=15.142462198149405 53.248945147679329 97.864765678648226 96.178188899707905 58.387445887445899 52.675570143172436 84.76965601965604 64.042371008728324
decision_type=2 2 2 2 2 2 2 2
left_child=1 2 -1 -2 -5 6 -6 -3
right_child=3 7 -4 4 5 -7 -8 -9
leaf_value=-0.0059042996893833083 0.00047377888438750778 -0.0039920651524642907 0.00047377888438750778 0.00047377888438750778 0.00047377888438750778 0.011303034807650034 0.0091553871252953757 0.00047377888438750778
leaf_weight=4.1594313493696955 86.944258437491953 1.0847131928894671 0.83272739010862995 2.0421291899401686 1.0933720450848348 1.0250344278756527 1.1303070150315759 2.8727663306053728
leaf_count=925 9859 250 71 366 105 71 12 583
internal_value=0.000248356 -0.00188897 -0.00452778 0.000473779 0.00317955 0.00673808 0.00178031 0.000473779
internal_weight=101.185 8.94964 4.99216 92.2351 5.29084 3.24871 2.22368 3.95748
internal_count=12242 1829 996 10413 554 188 117 833
is_linear=0
shrinkage=0.03


Tree=146
num_leaves=8
num_cat=0
split_feature=3 7 2 1 4 4 9
split_gain=0.0517894 0.218677 0.843681 0.173425 0.353007 0.0311163 0.0851394
threshold=87.141273360785576 53.390804597701155 84.920557383792683 51.105922897958301 56.220563847429524 93.654665118079762 75.140449438202253
decision_type=2 2 2 2 2 2 2
left_child=5 -2 3 -3 -5 6 -1
right_child=1 2 -4 4 -6 -7 -8
leaf_value=-0.0020544309194533207 -0.00033332139664319434 -0.00033332139664319434 0.011885221578544549 -0.00033332139664319434 0.0082781245821531239 -0.00033332139664319434 -0.00033332139664319434
leaf_weight=34.39656688622199 23.405497041065246 5.1368419318459946 5.9418886220082632 2.0253006278071553 5.5068443296477199 10.204777267528696 14.568091546883805
leaf_count=7642 1117 167 87 96 97 442 2594
internal_value=0.0002376 0.00103066 0.00342464 -0.000333321 0.00406039 -0.000333321 -0.00108346
internal_weight=101.186 42.0164 18.6109 12.669 7.53214 59.1694 48.9647
internal_count=12242 1564 447 360 193 10678 10236
is_linear=0
shrinkage=0.03


Tree=147
num_leaves=10
num_cat=0
split_feature=4 3 7 2 1 10 9 9 1
split_gain=0.0460558 0.0823864 0.282156 0.607991 0.332241 0.145622 0.0634572 0.00692401 0.00584765
threshold=8.4805771365149862 87.141273360785576 53.390804597701155 84.920557383792683 45.172260361047556 50.308641975308653 42.330316742081457 3.7268518518518521 67.21504794308693
decision_type=2 2 2 2 2 2 2 2 2
left_child=6 7 -3 4 -4 -6 -1 -2 -8
right_child=1 2 3 -5 5 -7 8 -9 -10
leaf_value=-0.0052423798540424454 -0.0021630880572557727 -0.00031470747919297654 -0.00031470747919297654 0.011153891056812042 -0.00031470747919297654 0.0079025175123718285 -0.0027880814958296057 -0.00031470747919297654 -0.00031470747919297654
leaf_weight=2.2945433646673328 0.85295686440076579 22.858068136963993 4.4953592666424829 6.0671411207877091 2.3804593654349446 5.4063039375469089 0.90137429232709143 54.027665834408253 1.8263615025207398
leaf_count=460 227 1062 148 87 82 107 194 9491 384
internal_value=0.000291225 0.000446471 0.00144366 0.00414326 0.000101114 0.00554217 -0.00225992 -0.000314707 -0.000314707
internal_weight=101.11 96.088 41.2073 18.3493 12.2821 7.78676 5.02228 54.8806 2.72774
internal_count=12242 11204 1486 424 337 189 1038 9718 578
is_linear=0
shrinkage=0.03


Tree=148
num_leaves=10
num_cat=0
split_feature=3 7 2 10 11 1 4 9 5
split_gain=0.0528814 0.218549 0.471685 0.741349 0.107683 0.0553645 0.0324303 0.0851739 0.00334897
threshold=87.141273360785576 36.882591093117419 84.920557383792683 66.877637130801702 90.583972719522606 44.777850884787206 93.654665118079762 75.140449438202253 89.430088395605637
decision_type=2 2 2 2 2 2 2 2 2
left_child=6 -2 5 4 -4 -3 7 8 -1
right_child=1 2 3 -5 -6 -7 -8 -9 -10
leaf_value=-0.0020628814634661898 -0.00027550645780306332 -0.00027550645780306332 6.2935522230966756e-05 0.014574961871683166 0.0052803264104837296 6.2935522230966756e-05 -0.00027550645780306332 -0.00027550645780306332 -0.00027550645780306332
leaf_weight=33.145693704718724 8.2706844951026124 7.9880318338982788 2.8955738774966431 5.2098112078383565 2.6287229675799608 15.120048623066394 10.210757122142239 14.503217599820344 1.0720104365609575
leaf_count=7583 477 380 99 70 37 501 442 2594 59
internal_value=0.000304419 0.00110352 0.00255303 0.00745142 6.29355e-05 6.29355e-05 -0.000275506 -0.00104268 -0.00201036
internal_weight=101.045 42.1129 33.8422 10.7341 5.5243 23.1081 58.9317 48.7209 34.2177
internal_count=12242 1564 1087 206 136 881 10678 10236 7642
is_linear=0
shrinkage=0.03


Tree=149
num_leaves=9
num_cat=0
split_feature=2 9 1 3 1 4 4 1
split_gain=0.0480977 0.0975314 0.0637986 0.0592382 0.450212 0.654506 0.085449 0.036987
threshold=15.142462198149405 53.248945147679329 97.864765678648226 96.741883141501006 74.652591623598042 84.431893412777228 97.864765678648226 64.042371008728324
decision_type=2 2 2 2 2 2 2 2
left_child=1 2 -1 -2 6 -6 -5 -3
right_child=3 7 -4 4 5 -7 -8 -9
leaf_value=-0.0056422818976834882 0.00050940311484747286 -0.0039377583710630045 0.00050940311484747286 0.00050940311484747286 0.00050940311484747286 0.017674851557871841 0.0062662419607718515 0.00050940311484747286
leaf_weight=4.1188327001873386 77.469259818550199 1.0818436678964647 0.83423363510519255 6.7417554666753841 2.3199911189731202 2.5578810498118401 2.9077879928518087 2.8695840195287019
leaf_count=925 10051 250 71 202 66 42 52 583
internal_value=0.000300436 -0.00169196 -0.00427089 0.000509403 0.0023669 0.00934646 0.000509403 0.000509403
internal_weight=100.901 8.90449 4.95307 91.9967 14.5274 4.87787 9.64954 3.95143
internal_count=12242 1829 996 10413 362 108 254 833
is_linear=0
shrinkage=0.03


Tree=150
num_leaves=15
num_cat=0
split_feature=2 1 4 11 1 2 7 1 7 1 7 7 2 1
split_gain=0.135583 0.0760191 0.0510945 0.0472737 0.0606542 0.0643172 0.186695 0.226877 0.174053 0.0633238 0.0565026 0.0506772 0.037381 0.0234181
threshold=98.593028831744903 0.48134847080630222 8.4805771365149862 5.5620005155968038 99.034980501717015 56.090012928248228 60.749299719887958 23.662214928413785 78.629976580796267 44.354321551236914 90.081967213114766 26.393188854489168 94.061724215752676 93.270346243084077
decision_type=2 2 2 2 2 2 2 2 2 2 2 2 2 2
left_child=1 -1 -3 12 5 9 13 8 -8 -5 11 -11 -4 -7
right_child=-2 2 3 4 -6 6 7 -9 -10 10 -12 -13 -14 -15
leaf_value=-0.0089824290875131062 0.0042605155970627216 -0.0047546325936811415 -0.0047546325936811415 -0.0047546325936811415 0.0027006485239773918 -0.0024209902472701493 -0.0024209902472701493 0.0027006485239773918 0.002553459670809507 -0.0047546325936811415 0.0023465656399692982 -0.0024209902472701493 -0.0024209902472701493 0.0017620131224688276
leaf_weight=0.48681344953365524 2.2394945467822245 4.8314211228862396 3.2136027024826066 8.6300498521886748 2.0463898100424549 32.892805105191655 4.6986698645632732 11.329773544799535 5.5926609297748655 3.5313804999459597 2.0057752020657054 18.374020793708041 0.45958017394877959 0.53950368380173941
leaf_count=42 79 1010 519 1676 56 3375 282 844 321 690 317 2937 32 54
internal_value=-0.00188421 -0.00206509 -0.00194053 -0.00174595 -0.00157064 -0.00169979 -0.00104388 0.0010984 -0.00218533 -0.00274524 -0.00242099 -0.00242099 -0.00475463 -0.00242099
internal_weight=100.872 98.6324 98.1456 93.3142 89.641 87.5946 55.0534 21.6211 10.2913 32.5412 23.9112 21.9054 3.67318 33.4323
internal_count=12234 12155 12113 11103 10552 10496 4876 1447 603 5620 3944 3627 551 3429
is_linear=0
shrinkage=0.03


Tree=151
num_leaves=8
num_cat=0
split_feature=2 4 11 9 2 9 9
split_gain=0.134322 0.0367677 0.0326003 0.0563973 0.00443539 0.0566285 0.0140519
threshold=98.593028831744903 8.0917366946778717 5.5620005155968038 58.380149812734089 56.090012928248228 59.280792420327309 96.610061287027591
decision_type=2 2 2 2 2 2 2
left_child=1 -1 3 -3 -4 -6 -7
right_child=-2 2 4 -5 5 6 -8
leaf_value=-0.0044836801785390562 0.0042097264482951202 -0.0044836801785390562 -0.00168036631776407 -0.00168036631776407 -0.00168036631776407 -0.00037974734969887987 0.0019145145888746073
leaf_weight=4.5790833831997579 2.3283071110490701 0.83061548939440344 33.908784586004913 2.8514775072690099 30.89332789904438 23.58401179290377 1.6687344782985736
leaf_count=957 79 134 5709 422 2906 1842 185
internal_value=-0.00181571 -0.00199936 -0.00183195 -0.00438859 -0.00168037 -0.00133502 -0.000160988
internal_weight=100.644 98.316 93.737 3.68209 90.0549 56.1461 25.2527
internal_count=12234 12155 11198 556 10642 4933 2027
is_linear=0
shrinkage=0.03


Tree=152
num_leaves=8
num_cat=0
split_feature=2 4 11 9 2 9 9
split_gain=0.127944 0.0321746 0.0316397 0.0522628 0.00353456 0.0535012 0.0138691
threshold=98.593028831744903 8.0917366946778717 5.5620005155968038 58.380149812734089 56.090012928248228 59.280792420327309 96.610061287027591
decision_type=2 2 2 2 2 2 2
left_child=1 -1 3 -3 -4 -6 -7
right_child=-2 2 4 -5 5 6 -8
leaf_value=-0.004334015218884376 0.0040745384765910929 -0.004334015218884376 -0.0016823301977688596 -0.0016823301977688596 -0.0016823301977688596 -0.00042537014365175591 0.0018536446660438596
leaf_weight=4.5614582395646712 2.326298913685604 0.82785728923045043 33.889196411822923 2.8504207434598356 30.865775940008461 23.608248140895743 1.6733587440103281
leaf_count=957 79 134 5709 422 2906 1842 185
internal_value=-0.00181177 -0.00199075 -0.00183214 -0.00433402 -0.00168233 -0.001358 -0.000209734
internal_weight=100.603 98.2763 93.7149 3.67828 90.0366 56.1474 25.2816
internal_count=12234 12155 11198 556 10642 4933 2027
is_linear=0
shrinkage=0.03


Tree=153
num_leaves=8
num_cat=0
split_feature=2 4 11 9 2 7 7
split_gain=0.122483 0.0201328 0.0401204 0.020693 0.00455363 0.0849732 0.00713625
threshold=98.593028831744903 8.0917366946778717 5.5620005155968038 58.380149812734089 56.090012928248228 60.749299719887958 83.457711442786078
decision_type=2 2 2 2 2 2 2
left_child=1 -1 3 -3 -4 -6 -7
right_child=-2 2 4 -5 5 6 -8
leaf_value=-0.0038645714171565535 0.0039858283379983327 -0.0038645714171565535 -0.0016462758582690502 -0.0016462758582690502 -0.0016462758582690502 -0.00014516372078372933 0.00091813206719356278
leaf_weight=4.5192589205689719 2.3264240410644552 0.81280595541465972 33.852669551852159 2.7901006082538515 34.09111465991009 13.80729825072922 8.3917058617807907
leaf_count=957 79 134 5709 422 3470 850 613
internal_value=-0.00177346 -0.00194859 -0.00181641 -0.00386457 -0.00164628 -0.00130154 0.000279035
internal_weight=100.591 98.265 93.7457 3.60291 90.1428 56.2901 22.199
internal_count=12234 12155 11198 556 10642 4933 1463
is_linear=0
shrinkage=0.03


Tree=154
num_leaves=8
num_cat=0
split_feature=4 11 7 9 9 9 9
split_gain=0.022212 0.0436665 0.0311096 0.0735877 0.0147413 0.00369301 0.00130498
threshold=8.0917366946778717 5.5620005155968038 37.602459016393446 54.408172329558077 97.545919903643494 58.380149812734089 82.662372517444993
decision_type=2 2 2 2 2 2 2
left_child=-1 5 4 -4 -3 -2 -5
right_child=1 2 3 6 -6 -7 -8
leaf_value=-0.0037280272905162817 -0.0037280272905162817 -0.0026595393007020625 -0.0020114285172105587 -0.00024995388163248731 -0.00010182999309847775 -0.0026595393007020625 0.00012129524715506223
leaf_weight=4.5067526879720381 0.81698406627401787 19.472525275545202 38.790685572545044 20.133109458023682 0.61686789756640692 2.7946758051402867 13.48580330563709
leaf_count=957 136 2668 4343 2303 132 423 1272
internal_value=-0.00175523 -0.00162529 -0.00145618 -0.00113829 -0.00249368 -0.00372803 -0.00010183
internal_weight=100.617 96.1107 92.499 72.4096 20.0894 3.61166 33.6189
internal_count=12234 11277 10718 7918 2800 559 3575
is_linear=0
shrinkage=0.03


Tree=155
num_leaves=11
num_cat=0
split_feature=8 4 3 11 4 9 3 7 1 11
split_gain=0.1433 0.198339 0.309789 0.124828 0.084963 0.0772319 0.126611 0.100796 0.0288339 0.0104827
threshold=25.158227848101269 97.864765678648226 97.511875014069929 5.5620005155968038 99.762751742072041 51.829540383757255 89.082271647592322 37.807807807807812 23.261761886902534 88.789197072949946
decision_type=2 2 2 2 2 2 2 2 2 2
left_child=4 3 9 -2 -1 6 8 -8 -5 -3
right_child=1 2 -4 5 -6 -7 7 -9 -10 -11
leaf_value=-0.0035824462228971447 -0.0027852303166875886 0.00070592816063565049 0.01155256785567973 -0.0027852303166875886 0.00070592816063565049 0.00070592816063565049 -0.0021663947666306915 0.00070592816063565049 -0.0021663947666306915 0.0021330264700079801
leaf_weight=12.044412053888655 3.4394397512078276 3.5009710432495904 2.5947732571512461 6.0576027696952286 0.32293351716362018 38.922249300638214 1.813311896752565 13.078202655073254 16.54074848711025 3.8770954427309334
leaf_count=2543 506 122 38 922 6 4403 100 438 3248 61
internal_value=0.000116089 0.000541821 0.00432369 2.18596e-05 -0.00278523 0.000342281 -0.000737958 0.000705928 -0.00216639 0.000705928
internal_weight=102.192 89.8244 9.97284 79.8516 12.3673 76.4121 37.4899 14.8915 22.5984 7.37807
internal_count=12387 9838 221 9617 2549 9111 4708 538 4170 183
is_linear=0
shrinkage=0.03


Tree=156
num_leaves=7
num_cat=0
split_feature=4 3 11 11 0 3
split_gain=0.157841 0.680575 0.292997 0.0708026 0.121587 0.0166968
threshold=97.864765678648226 99.034980501717015 96.915772646936333 5.5620005155968038 94.850358176057327 98.623845971750981
decision_type=2 2 2 2 2 2
left_child=3 2 -2 4 5 -1
right_child=1 -3 -4 -5 -6 -7
leaf_value=-0.0069352329088206502 -0.00029494890922726564 0.015351997130659998 0.0089214694953756186 -0.00029494890922726564 -0.00029494890922726564 -0.00029494890922726564
leaf_weight=3.2736225333064795 6.7138177750166488 2.1580603397451332 2.1378223428037018 87.253089438774623 0.34537854697555292 0.35150565020740021
leaf_count=638 210 26 26 11461 16 10
internal_value=0.000127581 0.0033616 -0.000294949 -0.000294949 -0.00387791 -0.00641659
internal_weight=102.233 11.0097 8.85164 91.2236 3.97051 3.62513
internal_count=12387 262 236 12125 664 648
is_linear=0
shrinkage=0.03


Tree=157
num_leaves=7
num_cat=0
split_feature=4 3 11 11 0 3
split_gain=0.0828871 0.592038 0.212959 0.0545245 0.111187 0.0153695
threshold=97.864765678648226 99.034980501717015 96.915772646936333 5.5620005155968038 94.850358176057327 98.623845971750981
decision_type=2 2 2 2 2 2
left_child=3 2 -2 4 5 -1
right_child=1 -3 -4 -5 -6 -7
leaf_value=-0.0064272925861738562 -0.00018969144008042685 0.013595748719889288 0.0078883555434913349 -0.00018969144008042685 -0.00018969144008042685 -0.00018969144008042685
leaf_weight=3.1914877980016172 6.6403426828328502 2.2481500967405728 2.1876705405302346 87.136632289038971 0.3442633447702973 0.35324390325695265
leaf_count=638 210 26 26 11461 16 10
internal_value=0.000118124 0.00245403 -0.000189691 -0.000189691 -0.00335902 -0.00591961
internal_weight=102.102 11.0762 8.82801 91.0256 3.889 3.54473
internal_count=12387 262 236 12125 664 648
is_linear=0
shrinkage=0.03


Tree=158
num_leaves=10
num_cat=0
split_feature=8 11 2 4 2 1 10 10 10
split_gain=0.13428 0.164763 0.341639 0.0619813 0.0361431 0.0347948 0.0302472 0.00563644 0.000287569
threshold=25.158227848101269 98.861024196101042 81.837749226996493 99.762751742072041 85.166848814115042 22.456373853889385 32.120811287477963 85.391260162601625 94.160272804774095
decision_type=2 2 2 2 2 2 2 2 2
left_child=3 4 -3 5 -2 6 -1 -7 -9
right_child=1 2 -4 -5 -6 7 -8 8 -10
leaf_value=-0.0085704347403927766 0.00021013200313397279 0.00021013200313397279 0.011537904697414916 0.00021013200313397279 0.0013637220237173394 -0.0020578661230511094 -0.0020578661230511094 -0.00022139529517511966 0.00021013200313397279
leaf_weight=1.1128649839665681 61.448133440804668 2.2654900983907273 2.6339802974835038 0.30577973974868733 23.476746170083061 8.1342876388225651 1.7811461952514944 0.66930704354308623 0.24702456430532038
leaf_count=202 8343 77 36 6 1382 1812 318 150 61
internal_value=0.000139144 0.000549432 0.00539815 -0.00268366 0.000210132 -0.00337938 -0.00592244 -0.00205787 0.000145993
internal_weight=102.075 89.8244 4.89947 12.2504 84.9249 11.9446 2.89401 9.05062 0.916332
internal_count=12387 9838 113 2549 9725 2543 520 2023 211
is_linear=0
shrinkage=0.03


Tree=159
num_leaves=10
num_cat=0
split_feature=8 2 7 3 5 1 2 10 7
split_gain=0.112108 0.127587 0.483843 0.763845 0.129571 0.0613634 0.0654709 0.0720347 0.00192541
threshold=25.158227848101269 85.166848814115042 61.152570480928695 87.918698628568833 93.654665118079762 33.980616843903739 61.289544177773926 17.445652173913047 10.566188197767145
decision_type=2 2 2 2 2 2 2 2 2
left_child=8 5 -3 4 -4 6 -2 -8 -1
right_child=1 2 3 -5 -6 -7 7 -9 -10
leaf_value=-0.003910407030498074 -0.0024353940988679338 -0.00019704865551685351 -0.00019704865551685351 0.014140746101652554 0.0074741793929597594 -0.00019704865551685351 -0.0024353940988679338 -0.00019704865551685351 -0.0024353940988679338
leaf_weight=2.5226115146651731 6.2865424789488342 14.714101938297974 4.7430538111366314 5.2527984450571239 1.0361699978820977 45.27343359135557 1.6381346511188883 10.882913979236035 9.6503320237388817
leaf_count=519 1183 978 356 63 16 6073 148 1021 2030
internal_value=0.00015273 0.000526412 0.00226712 0.00685225 -0.000197049 -0.000197049 -0.00186742 -0.000197049 -0.00243539
internal_weight=102 89.8271 25.7461 11.032 5.77922 64.081 18.8076 12.521 12.1729
internal_count=12387 9838 1413 435 372 8425 2352 1169 2549
is_linear=0
shrinkage=0.03


Tree=160
num_leaves=12
num_cat=0
split_feature=5 1 11 8 1 4 2 9 0 8 9
split_gain=0.0732667 0.159641 0.15433 0.217605 0.251097 0.226094 0.0753304 0.0498556 0.048748 0.0138431 0.00423808
threshold=99.762751742072041 28.807572209211553 18.634219554030878 64.747307373653697 37.165977886924729 10.876959479443952 41.275486561631148 54.408172329558077 19.670188796519309 81.881313131313149 6.2114197530864201
decision_type=2 2 2 2 2 2 2 2 2 2 2
left_child=1 6 9 8 -5 -6 -1 10 -4 -3 -8
right_child=-2 2 3 4 5 -7 7 -9 -10 -11 -12
leaf_value=-0.0067235953617229734 0.0037669173291232571 -0.0020370496176012423 -0.0020370496176012423 -0.00055995663304199569 -0.00055995663304199569 0.0037669173291232571 -0.0067235953617229734 -0.0020370496176012423 -0.00055995663304199569 -0.00055995663304199569 -0.0033613875722031564
leaf_weight=2.2757183583453289 2.9135436776559791 7.590272478410041 4.5864186764229258 2.8029653057456043 1.4799043948296482 19.60602771374397 0.73203854507300548 17.348603995982558 25.657093925285153 3.2470878553576767 14.180537188774904
leaf_count=527 49 1402 1143 287 240 1815 135 1377 3612 266 1455
internal_value=-0.00026486 -0.000419215 0.000458643 0.00113271 0.00321205 0.00376692 -0.00203705 -0.00203705 -0.000559957 -0.00203705 -0.00394803
internal_weight=102.42 99.5067 64.9698 54.1324 23.8889 21.0859 34.5369 32.2612 30.2435 10.8374 14.9126
internal_count=12308 12259 8765 7097 2342 2055 3494 2967 4755 1668 1590
is_linear=0
shrinkage=0.03


Tree=161
num_leaves=9
num_cat=0
split_feature=1 8 1 9 5 9 8 8
split_gain=0.0566445 0.255342 0.0216903 0.0658954 0.0438048 0.101631 0.133768 0.0882096
threshold=99.034980501717015 88.2734912146677 23.662214928413785 6.2114197530864201 99.762751742072041 54.408172329558077 93.582704186684978 17.684288905435597
decision_type=2 2 2 2 2 2 2 2
left_child=2 -2 3 -1 5 6 -5 -7
right_child=1 -3 -4 4 -6 7 -8 -9
leaf_value=-0.0069528293267534661 -0.00041126548571573533 0.010845828512225092 -0.00041126548571573533 -0.0052059983198084105 -0.00041126548571573533 -0.0052059983198084105 -0.00041126548571573533 -0.00041126548571573533
leaf_weight=0.71228989132214593 1.9003308753017329 1.2343283542431889 67.589416237547994 10.20881130918861 2.0926233516074708 0.82726748613640921 2.2423126643989226 15.428123196819795
leaf_count=145 115 19 9289 1308 32 155 94 1151
internal_value=-0.000271637 0.00317449 -0.000411265 -0.0011895 -0.000841753 -0.00164868 -0.00360411 -0.000411265
internal_weight=102.236 3.13466 99.1008 31.5114 30.7991 28.7065 12.4511 16.2554
internal_count=12308 134 12174 2885 2740 2708 1402 1306
is_linear=0
shrinkage=0.03


Tree=162
num_leaves=9
num_cat=0
split_feature=5 1 3 11 9 8 1 8
split_gain=0.0467232 0.12306 0.303088 0.402724 0.0988821 0.136498 0.132773 0.0101042
threshold=99.762751742072041 28.807572209211553 89.821006687222209 23.706531941273948 55.618686868686872 93.582704186684978 2.4915094242825337 16.56118143459916
decision_type=2 2 2 2 2 2 2 2
left_child=1 4 -3 -4 5 6 -1 -6
right_child=-2 2 3 -5 7 -7 -8 -9
leaf_value=-0.012100776421944553 0.0029237860484995796 -0.0011680589442999488 -0.0011680589442999488 0.0029237860484995796 -0.0035384003303178613 -0.0011680589442999488 -0.0035384003303178613 -0.0011680589442999488
leaf_weight=1.3068708842620278 2.9920544475316992 41.453536336077377 4.8520715744234648 18.885402376297861 0.871416226495067 2.6881299021188161 12.310589698608963 16.815866374177858
leaf_count=154 49 7960 231 574 174 123 1651 1392
internal_value=-0.000264129 -0.000388522 0.000376533 0.00292379 -0.00182457 -0.00363643 -0.00513175 -0.00116806
internal_weight=102.176 99.1839 65.191 23.7375 33.9929 16.3056 13.6175 17.6873
internal_count=12308 12259 8765 805 3494 1928 1805 1566
is_linear=0
shrinkage=0.03


Tree=163
num_leaves=7
num_cat=0
split_feature=1 8 2 1 5 1
split_gain=0.0493338 0.260122 0.0201939 0.0153046 0.0560108 0.00466129
threshold=99.034980501717015 88.2734912146677 2.0506664338513478 23.662214928413785 99.762751742072041 94.063845892824517
decision_type=2 2 2 2 2 2
left_child=2 -2 5 4 -4 -1
right_child=1 -3 3 -5 -6 -7
leaf_value=-0.0040488758799728363 -0.00038285920792061301 0.010837976186163794 -0.0018553694911060167 -0.00038285920792061301 -0.00038285920792061301 -0.00038285920792061301
leaf_weight=0.68626604205928643 1.9087816355749958 1.2282884735614059 28.921398657490503 67.163093339651823 2.0961307350080451 0.22977759805507958
leaf_count=160 115 19 2844 9104 36 30
internal_value=-0.000252501 0.00296256 -0.000382859 -0.000382859 -0.00105167 -0.0034751
internal_weight=102.234 3.13707 99.0967 98.1806 31.0175 0.916044
internal_count=12308 134 12174 11984 2880 190
is_linear=0
shrinkage=0.03


Tree=164
num_leaves=9
num_cat=0
split_feature=5 1 3 11 2 9 8 2
split_gain=0.0425891 0.0905216 0.271493 0.379257 0.095459 0.0633967 0.124866 0.0113132
threshold=99.762751742072041 28.807572209211553 89.821006687222209 23.706531941273948 41.275486561631148 54.408172329558077 93.582704186684978 2.0506664338513478
decision_type=2 2 2 2 2 2 2 2
left_child=1 4 7 -4 -1 6 -6 -3
right_child=-2 2 3 -5 5 -7 -8 -9
leaf_value=-0.0065614604243534784 0.0028022447761901401 -0.0038131003485549616 -0.0011787279356563422 0.0028022447761901401 -0.004877716298566071 -0.0011787279356563422 -0.0011787279356563422 -0.0011787279356563422
leaf_weight=2.2272656065179026 2.9868400755804023 0.66735101933590968 4.8135066095273968 19.326993886148557 11.620358910644429 17.284685587743297 2.569946944480761 40.753082056995481
leaf_count=527 49 183 231 574 1489 1377 101 7777
internal_value=-0.000243219 -0.000361892 0.000289847 0.0027563 -0.00160154 -0.00117873 -0.00314802 -0.00117873
internal_weight=102.25 99.2632 65.5609 24.1405 33.7023 31.475 14.1903 41.4204
internal_count=12308 12259 8765 805 3494 2967 1590 7960
is_linear=0
shrinkage=0.03


Tree=165
num_leaves=11
num_cat=0
split_feature=7 11 4 8 10 2 2 8 11 10
split_gain=0.0471119 0.193112 0.125166 0.0312479 0.0277049 0.054549 0.035525 0.020655 0.0364487 0.0184716
threshold=98.157538877620013 41.140631438494601 64.855549137894172 3.9344685242518063 17.445652173913047 98.490927766462221 52.017032342312937 58.863819500402911 21.058466565526903 90.219990435198483
decision_type=2 2 2 2 2 2 2 2 2 2
left_child=3 -2 -3 9 5 7 -6 -5 -9 -1
right_child=1 2 -4 4 6 -7 -8 8 -10 -11
leaf_value=-0.0049652313777397592 0.00041309215312207166 0.00041309215312207166 0.01270844027925426 -0.0028519455991484568 -0.00070117022012948732 0.00041309215312207166 0.00041309215312207166 -0.0028519455991484568 -0.00070117022012948732 -0.00070117022012948732
leaf_weight=0.71732774516567488 1.2255126929376268 0.54558016685768951 1.1905150646343825 7.7482222727267036 30.727208210271783 0.46783119603060264 56.221999506000429 0.83949012774974097 3.4790211205836385 0.2503586586099118
leaf_count=192 172 114 66 1195 5359 13 4769 77 398 60
internal_value=0.000544013 0.00375939 0.00934602 0.000413092 0.000413092 -0.000962194 0.000413092 -0.00198052 -0.00070117 -0.0033789
internal_weight=103.413 2.96161 1.7361 100.451 99.4838 12.5346 86.9492 12.0667 4.31851 0.967686
internal_count=12415 352 180 12063 11811 1683 10128 1670 475 252
is_linear=0
shrinkage=0.03


Tree=166
num_leaves=14
num_cat=0
split_feature=2 2 11 8 10 1 10 2 0 9 10 10 0
split_gain=0.0567855 0.0302416 0.482086 0.340702 0.371207 0.043421 0.185783 0.091326 0.0324717 0.0389519 0.0494021 0.0246165 0.0209247
threshold=1.3747887161289647 74.596030537625197 95.416157383155834 95.04098360655739 77.84992784992788 40.340231269858151 17.445652173913047 60.914300216386621 97.872328534382561 50.2808988764045 28.660714285714288 82.392686804451515 87.226251443118926
decision_type=2 2 2 2 2 2 2 2 2 2 2 2 2
left_child=-1 5 3 -3 -5 6 -2 8 9 11 -11 -8 -4
right_child=1 2 12 4 -6 -7 7 -9 -10 10 -12 -13 -14
leaf_value=-0.0054455539432560493 -0.0054455539432560493 0.00017157847867301079 0.0066372171331555291 0.00017157847867301079 0.0066372171331555291 0.00017157847867301079 -0.0054455539432560493 0.00017157847867301079 0.00017157847867301079 -0.0051361958360785576 0.00017157847867301079 -0.0002830818231454752 0.0092580183130659601
leaf_weight=0.41234709625132282 1.8534331814153109 28.920893813250586 2.3947389887180153 1.5185965632554133 3.7321408085990697 42.908150414237753 3.0878605680773017 5.2094022481469429 0.5151252676732837 0.49201432894915376 3.1455629142001271 0.96210294333286572 8.1554140602238459
leaf_count=90 365 2876 116 122 61 6381 707 651 14 103 663 161 105
internal_value=0.000552316 0.000628535 0.00120619 0.000171578 0.00663722 0.000171578 -0.00137903 0.000171578 -0.00281875 -0.00341166 -0.000798119 -0.0051362 0.00663722
internal_weight=103.308 102.895 44.7218 34.1716 5.25074 58.1737 15.2655 13.4121 8.20267 7.68754 3.63758 4.04996 10.5502
internal_count=12415 12325 3280 3059 183 9045 2664 2299 1648 1634 766 868 221
is_linear=0
shrinkage=0.03


Tree=167
num_leaves=10
num_cat=0
split_feature=8 2 7 11 4 10 2 8 11
split_gain=0.0298175 0.0528576 0.0227728 0.141597 0.0940829 0.0322755 0.0500035 0.0379072 0.0683451
threshold=2.5158227848101271 1.3747887161289647 98.157538877620013 41.140631438494601 64.855549137894172 17.445652173913047 98.775455695098572 58.863819500402911 21.058466565526903
decision_type=2 2 2 2 2 2 2 2 2
left_child=-1 -2 5 -4 -5 6 7 -3 -9
right_child=1 2 3 4 -6 -7 -8 8 -10
leaf_value=-0.0036040209181727109 -0.0036040209181727109 -0.00292098209815521 0.0006247010083275283 0.0006247010083275283 0.010908689103365633 0.0006247010083275283 0.0006247010083275283 -0.00292098209815521 0.0006247010083275283
leaf_weight=0.52845323772635211 0.40970549522898991 7.6810452314093673 1.2167475195601576 0.49701680266298343 1.2194126381073145 86.922457867185585 0.42465782887302417 0.83569839200936247 3.4837678028270602
leaf_count=126 90 1202 170 112 66 10167 6 77 399
internal_value=0.000587601 0.000643721 0.000720474 0.00298076 0.00804729 0.000624701 -0.000856097 -0.00177448 0.000430132
internal_weight=103.219 102.691 102.281 2.93318 1.71643 99.3476 12.4252 12.0005 4.31947
internal_count=12415 12289 12199 348 178 11851 1684 1678 476
is_linear=0
shrinkage=0.03


Tree=168
num_leaves=11
num_cat=0
split_feature=0 1 9 4 7 11 0 7 11 7
split_gain=0.0170863 0.176772 0.0322316 0.0336886 0.0280273 0.0662754 0.0209691 0.0305537 0.0059633 0.00168735
threshold=64.252300697313487 98.623845971750981 54.408172329558077 78.562822719449244 99.264705882352956 50.902939138233258 44.028976895382577 42.146381578947377 94.781424630402498 99.264705882352956
decision_type=2 2 2 2 2 2 2 2 2 2
left_child=2 4 3 6 8 -6 9 -8 -2 -1
right_child=1 -3 -4 -5 5 -7 7 -9 -10 -11
leaf_value=-0.0021337556929955886 0.00057318497661230396 0.0081959326693455438 0.00057318497661230396 0.00057318497661230396 0.00057318497661230396 0.0072810905709366274 -0.0020784443449827113 0.00057318497661230396 0.0012040685633161986 3.7820141541778502e-05
leaf_weight=10.988810576149262 48.603252095286734 1.8685344224795688 16.295873012626544 1.4966010428033758 0.75177436415105947 0.90082394634373486 1.5777577823027957 4.1983900493942201 16.267699973192066 0.29547210969030935
leaf_count=2813 3949 35 3618 196 60 43 394 874 366 67
internal_value=0.0006243 0.000896555 7.99474e-05 -0.000821832 0.000573185 0.00367693 -0.00137728 9.70911e-05 0.000573185 -0.00207844
internal_weight=103.245 68.3921 34.8529 18.557 66.5236 1.6526 17.0604 5.77615 64.871 11.2843
internal_count=12415 4453 7962 4344 4418 103 4148 1268 4315 2880
is_linear=0
shrinkage=0.03


Tree=169
num_leaves=8
num_cat=0
split_feature=2 2 11 5 2 1 9
split_gain=0.0559 0.0219534 0.303958 0.419017 0.244543 0.215813 0.0335983
threshold=1.3747887161289647 61.71295248868779 95.416157383155834 85.563847429519086 84.826474201474213 31.597906692950346 54.408172329558077
decision_type=2 2 2 2 2 2 2
left_child=-1 5 -3 -4 -5 6 -2
right_child=1 2 3 4 -6 -7 -8
leaf_value=-0.0053581178029402342 -0.0053581178029402342 0.00018713231791655393 0.00018713231791655393 0.0019175405250132053 0.011665289504886264 0.00018713231791655393 -0.0015340911936117159
leaf_weight=0.40747099567670275 3.2934856830397612 44.147963958443142 2.7769962407182893 4.2015566427726281 5.8356194624211639 39.343506054952741 3.1238463700283319
leaf_count=90 742 4405 163 54 66 6299 596
internal_value=0.000607773 0.000682868 0.00107102 0.00499167 0.00812832 0.000187132 -0.00493057
internal_weight=103.13 102.723 56.9621 12.8142 10.0372 45.7608 6.41733
internal_count=12415 12325 4688 283 120 7637 1338
is_linear=0
shrinkage=0.03


Tree=170
num_leaves=8
num_cat=0
split_feature=1 8 3 4 9 1 2
split_gain=0.0510967 0.264624 0.529438 0.299183 0.00687692 0.0440141 0.00539612
threshold=85.563847429519086 47.580015612802505 89.430088395605637 60.143218485097073 6.2114197530864201 13.727733656391621 61.71295248868779
decision_type=2 2 2 2 2 2 2
left_child=4 -2 -3 -4 5 -1 -7
right_child=1 2 3 -5 -6 6 -8
leaf_value=-0.0055340300611068614 -4.4615590263041772e-05 -4.4615590263041772e-05 -4.4615590263041772e-05 0.013124068540862449 -4.4615590263041772e-05 -0.002078469078755505 -4.4615590263041772e-05
leaf_weight=0.52008966123685185 4.0125036984682074 4.9901522158179414 1.9210900536272673 4.9909769918303937 83.45780233934056 1.2168003172846513 0.88234028429724265
leaf_count=101 718 890 90 87 10132 242 102
internal_value=0.000251086 0.00175852 0.00472209 0.00981824 -4.46156e-05 -0.00135253 -4.46156e-05
internal_weight=101.992 15.9147 11.9022 6.91207 86.077 2.61923 2.09914
internal_count=12362 1785 1067 177 10577 445 344
is_linear=0
shrinkage=0.03


Tree=171
num_leaves=6
num_cat=0
split_feature=1 3 4 7 1
split_gain=0.0577364 0.241363 0.240771 0.0242567 0.110426
threshold=91.763359806165042 89.430088395605637 59.726953622498115 8.9220563847429535 14.07842157842158
decision_type=2 2 2 2 2
left_child=3 -2 -3 4 -1
right_child=1 2 -4 -5 -6
leaf_value=-0.0089286205338984671 2.1909158155485256e-05 2.1909158155485256e-05 0.0098988864118910013 2.1909158155485256e-05 2.1909158155485256e-05
leaf_weight=0.51307053805794511 4.7916742435190809 1.3791778131853787 4.0459332456812263 88.913642951054499 2.2638721712864935
leaf_count=103 853 90 84 10727 505
internal_value=0.000270688 0.00230236 0.0065708 2.19092e-05 -0.0023823
internal_weight=101.907 10.2168 5.42511 91.6906 2.77694
internal_count=12362 1027 174 11335 608
is_linear=0
shrinkage=0.03


Tree=172
num_leaves=10
num_cat=0
split_feature=2 1 3 1 9 7 1 9 9
split_gain=0.0452353 0.0504012 0.207159 0.0525404 0.0536142 0.0240968 0.0808736 0.00181784 1.78744e-05
threshold=1.3747887161289647 85.563847429519086 89.082271647592322 97.1164506225482 76.604938271604951 8.9220563847429535 54.272065724979434 88.416815742397148 38.956639566395673
decision_type=2 2 2 2 2 2 2 2 2
left_child=-1 5 -3 4 8 6 7 -2 -4
right_child=1 2 3 -5 -6 -7 -8 -9 -10
leaf_value=-0.0051176101567651563 -0.0051176101567651563 9.5068243161582807e-06 5.2036077494275612e-05 0.0078922612139351069 0.0059564365246636544 9.5068243161582807e-06 9.5068243161582807e-06 -0.00028922645910212975 0.00022452225524043011
leaf_weight=0.40572442277334531 1.2577146703843021 7.6178317300509653 1.582580871181561 3.0256939632818103 1.4307666497770695 83.124775460222736 0.93558893434237678 0.30934789357706893 2.1389847248792648
leaf_count=92 285 1462 74 75 55 9982 184 78 75
internal_value=0.000233196 0.000304357 0.00180697 0.0051307 0.00248977 9.50682e-06 -0.0024788 -0.00511761 0.000177729
internal_weight=101.829 101.423 15.7959 8.17803 5.15233 85.6274 2.50265 1.56706 3.72157
internal_count=12362 12270 1741 279 204 10529 547 363 149
is_linear=0
shrinkage=0.03


Tree=173
num_leaves=12
num_cat=0
split_feature=1 8 4 9 2 11 7 11 9 7 9
split_gain=0.0308001 0.244803 0.209906 0.0266561 0.0891477 0.117782 0.0210278 0.00858473 0.0053369 0.00680395 0.00189682
threshold=85.563847429519086 47.580015612802505 12.910548834918586 96.178188899707905 45.833780103364724 89.103139939493445 8.9220563847429535 22.043608943260917 6.2114197530864201 23.606811145510836 87.686809616634193
decision_type=2 2 2 2 2 2 2 2 2 2 2
left_child=6 -2 -3 4 5 7 10 -4 9 -8 -1
right_child=1 2 3 -5 -6 -7 8 -9 -10 -11 -12
leaf_value=-0.0026234506471603152 2.3850643130157484e-05 2.3850643130157484e-05 2.3850643130157484e-05 0.01108627880437291 0.007599225504385302 0.007599225504385302 -0.0023026556898309062 0.0019991802751640332 2.3850643130157484e-05 7.9657793124599935e-06 -0.00023382601299162621
leaf_weight=1.929317487869411 4.0375793827697661 2.0830151294358066 0.83324488950893005 0.87824363959953267 4.2915238889399916 0.89521548757329572 0.57366744673345182 3.0684977292548865 80.775632413337007 1.842767573543824 0.56724645080976177
leaf_count=422 718 336 97 39 197 53 161 345 9633 234 127
internal_value=0.000256045 0.00141905 0.00443205 0.00637597 0.00486702 0.00153345 2.38506e-05 2.38506e-05 2.38506e-05 -0.00125474 -0.00230266
internal_weight=101.776 16.0873 12.0497 9.96673 9.08848 4.79696 85.6886 3.90174 83.1921 2.41644 2.49656
internal_count=12362 1785 1067 731 692 495 10577 442 10028 395 549
is_linear=0
shrinkage=0.03


Tree=174
num_leaves=11
num_cat=0
split_feature=2 8 3 7 9 7 11 8 7 7
split_gain=0.0233773 0.0215062 0.0996715 0.0579994 0.0597916 0.048836 0.00994587 0.0050925 0.0045789 0.00441955
threshold=1.3747887161289647 39.314988290398134 99.762751742072041 99.264705882352956 97.332859174964454 45.049019607843142 5.5620005155968038 2.5158227848101271 70.074626865671661 8.421985815602838
decision_type=2 2 2 2 2 2 2 2 2 2
left_child=-1 7 3 4 6 -6 -3 -2 9 -8
right_child=1 2 -4 -5 5 -7 8 -9 -10 -11
leaf_value=-0.0036287645910570818 -0.0023287762685021253 -0.00051445177153063969 0.0056335352648489642 0.004853088393541591 5.1979761627382432e-06 0.004853088393541591 -0.00051445177153063969 -0.00051445177153063969 0.00052339939404970727 5.1979761627382432e-06
leaf_weight=0.37421103660017152 0.47273389250042086 1.8498166166245926 2.3212383463978759 1.4617248526774336 0.44174440763890643 1.4927760085556654 0.48104316391982038 20.780279796686955 18.720625119982287 53.318374326918274
leaf_count=92 120 221 37 119 75 182 119 3884 1685 5828
internal_value=0.000267164 0.000316867 0.000541101 0.000319504 0.000171001 0.0043712 5.19798e-06 -0.000514452 5.19798e-06 -1.07943e-05
internal_weight=101.715 101.34 80.0873 77.7661 76.3044 1.93452 74.3699 21.253 72.52 53.7994
internal_count=12362 12270 8266 8229 8110 257 7853 4004 7632 5947
is_linear=0
shrinkage=0.03


Tree=175
num_leaves=9
num_cat=0
split_feature=8 2 10 11 4 1 11 1
split_gain=0.0395511 0.388973 0.783663 0.272026 0.0345232 0.0254546 0.0191969 0.00608484
threshold=78.297101449275374 84.826474201474213 70.859704641350234 63.856757406566395 94.063845892824517 0.92380723791236641 2.4477124183006542 80.918707313010188
decision_type=2 2 2 2 2 2 2 2
left_child=5 -2 4 -4 -3 -1 7 -7
right_child=1 2 3 -5 -6 6 -8 -9
leaf_value=-0.003708777667395669 -0.00026612871469443956 -0.00026612871469443956 0.0030625444856131217 0.016413625064041641 0.0030625444856131217 -0.003708777667395669 -0.00026612871469443956 -0.00026612871469443956
leaf_weight=0.93893935170490195 22.45817843801342 2.8734207891393435 2.7168386392295361 3.720154337817803 1.9623402396682648 0.79536169406492152 64.368557922891341 0.25356747675687075
leaf_count=77 2085 233 66 63 39 198 9516 66
internal_value=0.000159602 0.000980659 0.00547229 0.0119481 -0.000266129 -0.000266129 -0.000266129 -0.00323613
internal_weight=100.087 33.7309 11.2728 6.43699 4.83576 66.3564 65.4175 1.04893
internal_count=12343 2486 401 129 272 9857 9780 264
is_linear=0
shrinkage=0.03


Tree=176
num_leaves=6
num_cat=0
split_feature=9 10 1 3 1
split_gain=0.0519201 0.106034 0.0633616 0.24072 0.0158216
threshold=5.3101503759398501 79.873417721519004 99.034980501717015 89.821006687222209 80.918707313010188
decision_type=2 2 2 2 2
left_child=1 -1 -2 -4 -3
right_child=2 4 3 -5 -6
leaf_value=-0.0070593204741115209 0.00028327084604618132 -0.0037644220111502725 0.00028327084604618132 0.0097770001200070695 0.00028327084604618132
leaf_weight=1.6728177476907142 94.008652932941914 0.75823832349851705 1.1608994982670986 2.0381793496198952 0.43478553905151784
leaf_count=323 11738 104 103 32 43
internal_value=0.000150473 -0.00326204 0.000283271 0.00397103 0.000283271
internal_weight=100.074 2.86584 97.2077 3.19908 1.19302
internal_count=12343 470 11873 135 147
is_linear=0
shrinkage=0.03


Tree=177
num_leaves=8
num_cat=0
split_feature=8 2 4 3 11 1 1
split_gain=0.0334018 0.394203 0.70239 0.0850955 0.0207421 0.0156212 0.00639173
threshold=78.297101449275374 84.826474201474213 90.595322466335958 91.763359806165042 2.4477124183006542 0.92380723791236641 80.918707313010188
decision_type=2 2 2 2 2 2 2
left_child=4 -2 3 -3 6 -6 -1
right_child=1 2 -4 -5 5 -7 -8
leaf_value=-0.0039318470716773191 -0.00023716416329261681 -0.00023716416329261681 0.011241197480444965 0.0073790928607600928 -0.0030046792727740274 -0.00023716416329261681 -0.00023716416329261681
leaf_weight=0.79719405900686868 22.501531989779323 3.0349720085505378 6.8384723272174597 1.4908991563133893 0.92462639044970174 64.227610949543305 0.2533724089153111
leaf_count=199 2085 272 112 17 76 9516 66
internal_value=0.000155415 0.00090764 0.00545443 -0.000237164 -0.000237164 -0.000237164 -0.00325895
internal_weight=100.069 33.8659 11.3643 4.52587 66.2028 65.1522 1.05057
internal_count=12343 2486 401 289 9857 9592 265
is_linear=0
shrinkage=0.03


Tree=178
num_leaves=9
num_cat=0
split_feature=8 2 4 3 11 10 1 1
split_gain=0.0264569 0.344406 0.653171 0.0698409 0.0202847 0.0199153 0.0148398 0.00655528
threshold=78.297101449275374 84.826474201474213 90.595322466335958 91.763359806165042 2.4477124183006542 77.58148035333538 0.92380723791236641 80.918707313010188
decision_type=2 2 2 2 2 2 2 2
left_child=4 -2 3 -3 7 -4 -6 -1
right_child=1 2 5 -5 6 -7 -8 -9
leaf_value=-0.0038710079665528439 -0.00019573433879132066 -0.00019573433879132066 0.0072249537923635438 0.0072249537923635438 -0.0028903933204856348 0.013253717961553247 -0.00019573433879132066 -0.00019573433879132066
leaf_weight=0.7939915518509213 22.467770859366283 3.0223340410739166 3.3254782101139426 1.4766282285563646 0.92776505369692941 3.5432736473158002 64.13040498632472 0.25306692975573242
leaf_count=199 2085 272 69 17 76 43 9516 66
internal_value=0.000154167 0.000823772 0.00509512 -0.000195734 -0.000195734 0.0106997 -0.000195734 -0.00318521
internal_weight=99.9407 33.8355 11.3677 4.49896 66.1052 6.86875 65.0582 1.04706
internal_count=12343 2486 401 289 9857 112 9592 265
is_linear=0
shrinkage=0.03


Tree=179
num_leaves=10
num_cat=0
split_feature=8 2 4 3 11 10 9 3 2
split_gain=0.0266942 0.337454 0.648969 0.0617245 0.0197937 0.011448 0.0544438 0.0761143 0.00324838
threshold=78.297101449275374 84.826474201474213 90.595322466335958 91.763359806165042 2.4477124183006542 55.62587904360057 82.662372517444993 99.034980501717015 98.107843137254918
decision_type=2 2 2 2 2 2 2 2 2
left_child=4 -2 3 -3 -1 6 7 8 -6
right_child=1 2 -4 -5 5 -7 -8 -9 -10
leaf_value=-0.0031611179458550936 -0.00020475202194542204 -0.00020475202194542204 0.010566867379292393 0.0071025649156645542 -0.0024041256516516385 -0.00020475202194542204 -0.00020475202194542204 -0.00020475202194542204 -0.00020475202194542204
leaf_weight=1.0430284558096889 22.453810292761773 3.0226032834034395 6.9673800768796355 1.4723387700505552 26.182360298349529 28.205013907980174 7.594022659584879 2.6056458456441751 0.39498782949522038
leaf_count=265 2085 272 112 17 4608 3707 1175 63 39
internal_value=0.000147237 0.000818698 0.00502097 -0.000204752 -0.000204752 -0.000204752 -0.000742797 -0.00161441 -0.00236355
internal_weight=99.9412 33.9161 11.4623 4.49494 66.0251 64.982 36.777 29.183 26.5773
internal_count=12343 2486 401 289 9857 9592 5885 4710 4647
is_linear=0
shrinkage=0.03


Tree=180
num_leaves=9
num_cat=0
split_feature=1 11 8 10 4 10 1 0
split_gain=0.0547567 0.11643 0.21886 0.201544 0.178065 0.0160211 0.0390571 0.0903214
threshold=91.763359806165042 30.369192958085115 49.305421570519009 20.126582278481017 11.699429680863975 81.661396953147474 36.773498018375072 99.762751742072041
decision_type=2 2 2 2 2 2 2 2
left_child=5 -2 -3 -4 -5 6 7 -1
right_child=1 2 3 4 -6 -7 -8 -9
leaf_value=-0.0025698090967571463 -0.0005379329596032046 -0.0005379329596032046 -0.0005379329596032046 -0.0005379329596032046 0.011038114110761187 -0.0005379329596032046 -0.0005379329596032046 -0.0005379329596032046
leaf_weight=30.906779907993041 2.758761066477744 1.7938698411453513 0.69659840175881971 0.79845279315486539 4.2246777848340571 20.089334701886401 36.317466192645952 1.4400593501050014
leaf_count=3685 391 263 55 96 228 1943 5643 27
internal_value=-0.000293104 0.00168229 0.0038059 0.00676015 0.00892703 -0.000537933 -0.000997424 -0.00176425
internal_weight=99.026 10.2724 7.5136 5.71973 5.02313 88.7536 68.6643 32.3468
internal_count=12331 1033 642 379 324 11298 9355 3712
is_linear=0
shrinkage=0.03


Tree=181
num_leaves=8
num_cat=0
split_feature=11 1 8 8 10 8 1
split_gain=0.0540063 0.0856424 0.319996 0.0107688 0.00579436 0.163217 0.033495
threshold=2.4477124183006542 99.034980501717015 77.442071785552045 2.5158227848101271 77.58148035333538 80.537518037518055 36.773498018375072
decision_type=2 2 2 2 2 2 2
left_child=-1 3 -3 -2 6 -6 -5
right_child=1 2 -4 4 5 -7 -8
leaf_value=-0.0049797501415978617 -0.0029775835520646702 -0.00037173324461346269 0.011412589245757089 -0.0016547998550340644 -0.00065434880162166577 0.0032922075722933018 -0.00065434880162166577
leaf_weight=1.1691506931092579 0.44763019890524347 1.5201502947602414 1.6543535236269233 29.546072580502369 15.159958297153937 10.851660021115093 38.731779257301241
leaf_count=281 116 97 28 3479 2000 448 5882
internal_value=-0.000295895 -0.000190185 0.00401895 -0.000371733 -0.000371733 -0.000371733 -0.000654349
internal_weight=99.0808 97.9116 3.1745 94.7371 94.2895 26.0116 68.2779
internal_count=12331 12050 125 11925 11809 2448 9361
is_linear=0
shrinkage=0.03


Tree=182
num_leaves=10
num_cat=0
split_feature=11 10 1 1 2 2 1 1 10
split_gain=0.0520021 0.0720651 0.410397 0.0300298 0.0182368 0.048611 0.0464714 0.0249819 0.00556133
threshold=2.4477124183006542 96.362433862433875 85.563847429519086 99.328828828828833 92.771059845739259 94.670786142953872 91.763359806165042 75.830434736919543 96.026315789473699
decision_type=2 2 2 2 2 2 2 2 2
left_child=-1 3 4 5 -3 6 7 8 -2
right_child=1 2 -4 -5 -6 -7 -8 -9 -10
leaf_value=-0.0048744270641501606 -0.0013153164007939746 -0.00046528927201611875 0.013803845073202614 0.0026504113908496401 0.003432506360918847 0.0014689291014641664 0.001420071287983515 -0.00046528927201611875 -0.00046528927201611875
leaf_weight=1.1627370341448102 60.703824442345649 2.8134343407582483 1.1823482017498461 1.8863045684993256 1.2336820107884703 9.4792895722202939 7.4792147108819327 12.681179280392824 0.50779570522718032
leaf_count=281 8186 357 99 71 41 578 858 1835 25
internal_value=-0.000271639 -0.000168309 0.0029586 -0.000374316 -0.000374316 -0.000465289 -0.00070571 -0.000936964 -0.00126072
internal_weight=99.1298 97.9671 5.22946 92.7376 4.04712 90.8513 81.372 73.8928 61.2116
internal_count=12331 12050 497 11553 398 11482 10904 10046 8211
is_linear=0
shrinkage=0.03


Tree=183
num_leaves=10
num_cat=0
split_feature=10 1 11 11 1 10 1 2 2
split_gain=0.0594265 0.376766 0.0792425 0.0179231 0.0169861 0.00825517 0.0417764 0.0605183 0.00222374
threshold=96.362433862433875 85.563847429519086 59.634563310637134 98.086080586080598 99.328828828828833 77.58148035333538 36.773498018375072 42.008869179600893 98.490927766462221
decision_type=2 2 2 2 2 2 2 2 2
left_child=4 3 -3 -2 5 6 7 -1 -9
right_child=1 2 -4 -5 -6 -7 -8 8 -10
leaf_value=-0.0052971180931980066 -0.00040531019229756538 0.00088303370405377717 0.015802860975630554 0.0046163900838109995 0.00088303370405377717 -0.00040531019229756538 -0.00040531019229756538 -0.0011686503844279153 -0.00040531019229756538
leaf_weight=2.6453138418728512 3.6109917853027573 0.54363808059133567 0.77138383500277996 0.52672425098717202 1.9693868912290771 22.01253119809553 39.96080823498778 25.589718760224063 1.5553349754773069
leaf_count=658 411 70 36 15 77 2098 6075 2825 66
internal_value=-0.000217632 0.00257141 0.0126807 -0.00040531 -0.00040531 -0.000483815 -0.000745036 -0.00162664 -0.00109345
internal_weight=99.1858 5.45274 1.31502 4.13772 93.7331 91.7637 69.7512 29.7904 27.1451
internal_count=12331 532 106 426 11799 11722 9624 3549 2891
is_linear=0
shrinkage=0.03


Tree=184
num_leaves=9
num_cat=0
split_feature=10 1 1 11 8 2 2 10
split_gain=0.0649251 0.397456 0.0208052 0.0171321 0.00632099 0.00725958 0.00156655 0.000448549
threshold=96.362433862433875 85.563847429519086 99.328828828828833 98.086080586080598 2.5158227848101271 1.3747887161289647 94.670786142953872 33.711734693877553
decision_type=2 2 2 2 2 2 2 2
left_child=2 3 4 -2 -1 -6 7 -7
right_child=1 -3 -4 -5 5 6 -8 -9
leaf_value=-0.0025093187988902369 -0.000492355275648294 0.012966440111760904 0.0020720047352418909 0.0044323283566825595 -0.0025093187988902369 -0.00080147064865734212 -0.000492355275648294 -0.00058300439342155285
leaf_weight=0.45798806962557037 3.610552151920273 1.3468247107230125 1.9655632951762516 0.52680381480604399 0.37269974546506901 23.613591090310365 9.4965194831602258 57.779770921799354
leaf_count=118 411 106 77 15 92 3379 584 7549
internal_value=-0.000220459 0.00268705 -0.00041724 -0.00041724 -0.000492355 -0.000492355 -0.000492355 -0.000655343
internal_weight=99.1703 5.48418 93.6861 4.13736 91.7206 91.2626 90.8899 81.3934
internal_count=12331 532 11799 426 11722 11604 11512 10928
is_linear=0
shrinkage=0.03


Tree=185
num_leaves=8
num_cat=0
split_feature=1 8 2 10 2 10 2
split_gain=0.133278 0.553359 0.0467026 0.0312215 0.0365493 0.0153228 0.00190892
threshold=99.034980501717015 88.2734912146677 44.420024420024426 75.154320987654344 20.706273369339431 17.445652173913047 1.3747887161289647
decision_type=2 2 2 2 2 2 2
left_child=2 -2 3 6 -5 -4 -1
right_child=1 -3 5 4 -6 -7 -8
leaf_value=-0.0040541248432111954 -0.00010450714608557226 0.0159001704397581 -0.0018574886237325483 -0.0019430220937061682 -0.00010450714608557226 -0.00010450714608557226 -0.0019430220937061682
leaf_weight=0.23259225173388998 1.9227259773761027 1.4333404982462523 8.8721104182768595 2.9845746157225213 4.2520540363620967 61.735110150766559 19.522038397146389
leaf_count=66 114 18 1031 544 690 5844 3982
internal_value=0.000123584 0.005258 -0.000104507 -0.00133007 -0.000104507 -0.000104507 -0.00194302
internal_weight=100.955 3.35607 97.5985 26.9913 7.23663 70.6072 19.7546
internal_count=12289 132 12157 5282 1234 6875 4048
is_linear=0
shrinkage=0.03


Tree=186
num_leaves=8
num_cat=0
split_feature=1 8 2 11 8 4 2
split_gain=0.0985912 0.478694 0.0422926 0.02461 0.0330617 0.0154095 0.00194018
threshold=99.034980501717015 88.2734912146677 44.420024420024426 87.543058951371918 99.375000000000014 99.328828828828833 1.3747887161289647
decision_type=2 2 2 2 2 2 2
left_child=2 -2 6 4 5 -4 -1
right_child=1 -3 3 -5 -6 -7 -8
leaf_value=-0.0027957167840584147 -7.3196235953109056e-05 0.014517512106916831 -0.0012407777268611891 -7.3196235953109056e-05 -7.3196235953109056e-05 -7.3196235953109056e-05 -0.0012407777268611891
leaf_weight=0.35893813008443842 1.9240457108244293 1.4591508996672926 41.038616783218458 24.621431480161846 3.2352224758360526 1.6908096018014465 26.566071510082111
leaf_count=91 114 18 5625 1036 161 53 5191
internal_value=0.000123908 0.0045255 -7.31962e-05 -7.31962e-05 -0.000961647 -0.00124078 -0.00124078
internal_weight=100.894 3.3832 97.5111 70.5861 45.9646 42.7294 26.925
internal_count=12289 132 12157 6875 5839 5678 5282
is_linear=0
shrinkage=0.03


Tree=187
num_leaves=9
num_cat=0
split_feature=11 2 10 0 10 11 2 8
split_gain=0.0487041 0.374161 0.50681 0.151016 0.0678154 0.0345117 0.0171844 0.00169984
threshold=90.291433826130032 78.820172643531677 77.58148035333538 91.831828885400327 95.932156646442365 1.2239920418044972 1.3747887161289647 2.5158227848101271
decision_type=2 2 2 2 2 2 2 2
left_child=5 4 3 -3 -2 -1 -7 -8
right_child=1 2 -4 -5 -6 6 7 -9
leaf_value=-0.0047262376222402492 -0.00025218991923910508 -0.00025218991923910508 0.012327197549599505 0.0042337574464664865 0.00834911569185455 -0.0037367387977903007 -0.0018683097622805159 -0.00025218991923910508
leaf_weight=0.55487542296759684 12.644050033530217 2.2645859988406283 4.3611311546992502 5.96424106718041 0.84163412451744157 0.33586736069992085 0.36042636458296229 73.543541196500883
leaf_count=130 800 157 90 96 54 94 107 10761
internal_value=0.000139398 0.00123045 0.0051481 0.000419859 -0.00025219 -0.00025219 -0.00025219 -0.00025219
internal_weight=100.87 26.0756 12.59 8.22883 13.4857 74.7947 74.2398 73.904
internal_count=12289 1197 343 253 854 11092 10962 10868
is_linear=0
shrinkage=0.03


Tree=188
num_leaves=8
num_cat=0
split_feature=11 0 10 2 8 8 11
split_gain=0.0413876 0.0369908 0.0653927 0.325417 0.0453225 0.0260477 0.000277552
threshold=1.2239920418044972 99.762751742072041 77.58148035333538 76.19586533747345 61.655251141552519 6.7117117117117129 94.463428936986887
decision_type=2 2 2 2 2 2 2
left_child=-1 2 5 -4 -5 -2 -7
right_child=1 -3 3 4 -6 6 -8
leaf_value=-0.0047072645654440528 -0.0034025841218486412 0.0031057710141678577 -0.00037312765704281253 -0.00037312765704281253 0.0031057710141678577 -0.00052682503191204709 -0.00037312765704281253
leaf_weight=0.55360228370409359 1.5695293857716013 2.868479272350668 15.61115116835572 4.4702941952273232 7.0915656064171344 55.977075217524543 12.560366741847245
leaf_count=130 374 46 1971 387 218 8664 499
internal_value=0.00015513 0.000228281 0.000112695 0.00133488 0.00310577 -0.000373128 -0.000373128
internal_weight=100.702 100.148 97.28 27.173 11.5619 70.107 68.5374
internal_count=12289 12159 12113 2576 605 9537 9163
is_linear=0
shrinkage=0.03


Tree=189
num_leaves=8
num_cat=0
split_feature=1 8 2 10 2 10 10
split_gain=0.0831801 0.452219 0.034762 0.0238652 0.0338514 0.00416666 0.00161854
threshold=99.034980501717015 88.2734912146677 44.420024420024426 75.154320987654344 20.706273369339431 7.1946169772256736 33.711734693877553
decision_type=2 2 2 2 2 2 2
left_child=2 -2 3 6 -5 -4 -1
right_child=1 -3 5 4 -6 -7 -8
leaf_value=-0.0023327807676954545 -3.0410507802325375e-05 0.01408781897858421 -0.0016296018082553587 -0.0016296018082553587 -3.0410507802325375e-05 -3.0410507802325375e-05 -0.0016296018082553587
leaf_weight=7.3167125723557609 1.9177300559822463 1.4342078845947979 3.803095592185854 2.9784280625171951 4.2439334250520915 66.6563535007881 12.316000281716695
leaf_count=1521 114 18 363 544 690 6512 2527
internal_value=0.000150744 0.00420856 -3.04105e-05 -0.00109022 -3.04105e-05 -3.04105e-05 -0.0016296
internal_weight=100.666 3.35194 97.3145 26.8551 7.22236 70.4594 19.6327
internal_count=12289 132 12157 5282 1234 6875 4048
is_linear=0
shrinkage=0.03


Tree=190
num_leaves=9
num_cat=0
split_feature=11 9 2 7 1 8 0 2
split_gain=0.0576201 0.0940662 0.039062 0.018294 0.0053649 0.105284 0.00496012 0.0257746
threshold=5.5620005155968038 58.380149812734089 98.593028831744903 17.694497153700194 99.034980501717015 77.442071785552045 65.859521575984999 75.026965063311465
decision_type=2 2 2 2 2 2 2 2
left_child=1 -1 4 -3 -2 -6 7 -5
right_child=2 3 -4 6 5 -7 -8 -9
leaf_value=-0.0081567385013055927 0.00033687618889328871 -0.0033013835696076507 0.0036939813423121489 -0.0033013835696076507 0.00033687618889328871 0.0036939813423121489 0.00033687618889328871 0.00033687618889328871
leaf_weight=0.92753574554808382 91.001463712542318 0.25693496153689999 2.1294433821458361 1.0466885690111669 1.3954418636858457 1.4912236547097562 1.0060477538499979 0.23141094343736757
leaf_count=197 11492 41 78 273 80 27 121 34
internal_value=0.000185237 -0.00314844 0.000336876 0.000336876 0.000336876 0.00159794 0.000336876 -0.00188968
internal_weight=99.4862 3.46862 96.0176 2.54108 93.8881 2.88667 2.28415 1.2781
internal_count=12343 666 11677 469 11599 107 428 307
is_linear=0
shrinkage=0.03


Tree=191
num_leaves=13
num_cat=0
split_feature=4 1 11 0 1 2 1 2 1 2 1 1
split_gain=0.0790019 0.120152 0.0688423 0.0448043 0.0594267 0.0273557 0.00788467 0.00835791 0.0134551 0.00488978 0.0392388 0.000420904
threshold=12.08130137143119 99.034980501717015 4.8834688346883484 13.340874811463049 90.595322466335958 98.593028831744903 0.92380723791236641 98.490927766462221 1.3230574734999516 42.008869179600893 35.174702471772967 89.821006687222209
decision_type=2 2 2 2 2 2 2 2 2 2 2 2
left_child=-1 2 -2 4 -4 6 -5 8 -8 10 -10 -12
right_child=1 -3 3 5 -6 -7 7 -9 9 -11 11 -13
leaf_value=-0.0027705626890964477 -0.0027705626890964477 0.0059663763368484075 -0.0027705626890964477 -0.0013032885036088388 0.0005085161057221077 0.0033244551315415763 -0.0013032885036088388 0.0028803804329819043 -0.0013032885036088388 0.00078701498230559759 0.0002247422001314016 0.00061010226087990606
leaf_weight=6.5832840732764444 2.2596703429007894 2.3818936403840771 2.5097674196586008 1.5564704524585966 0.52542526321485628 2.1374832033179691 0.57632725918665428 0.44168544583953817 2.4419795064022791 62.322140605654567 12.515223951195365 3.3181169738527378
leaf_count=1466 468 56 654 82 107 78 43 19 587 6090 2277 416
internal_value=0.000177347 0.000413312 0.000203789 0.000367894 -0.00273108 0.000508516 0.000508516 0.000508516 0.000508516 0.000508516 0.000508516 0.000508516
internal_weight=99.5695 92.9862 90.6043 88.3446 3.03519 85.3094 83.1719 81.6155 81.1738 80.5975 18.2753 15.8333
internal_count=12343 10877 10821 10353 761 9592 9514 9432 9413 9370 3280 2693
is_linear=0
shrinkage=0.03


Tree=192
num_leaves=13
num_cat=0
split_feature=4 11 8 7 11 11 2 2 8 7 9 8
split_gain=0.0578573 0.0652645 0.0552883 0.0906978 0.215498 0.1827 0.0678924 0.0382929 0.0278262 0.00993389 0.00803072 0.0034597
threshold=10.080714685977846 5.5620005155968038 37.581168831168839 89.897959183673478 76.654710027351555 98.861024196101042 54.907972107460608 94.137682673381661 76.516544117647072 37.602459016393446 51.829540383757255 20.806277056277061
decision_type=2 2 2 2 2 2 2 2 2 2 2 2
left_child=10 7 6 5 -5 8 11 -2 -4 -10 -1 -3
right_child=1 2 3 4 -6 -7 -8 -9 9 -11 -12 -13
leaf_value=-0.0044059801915351674 -0.0025505424615466675 -0.0025505424615466675 9.9295979199625359e-05 0.0005483069191044201 0.0087079338196951288 0.0060002056662631607 9.9295979199625359e-05 9.9295979199625359e-05 9.9295979199625359e-05 0.0005483069191044201 -0.0025505424615466675 -0.00086829954165075387
leaf_weight=2.9890554968733332 2.6647073297062907 3.4272017247276407 34.568697988404892 3.2774519016966215 3.2949985451996326 4.1127994558773926 11.224067669012582 0.28144724993035186 4.304088300792503 23.428058614721522 2.4823032191488892 3.4205859216162935
leaf_count=661 527 867 4701 400 86 91 1588 31 358 1747 549 737
internal_value=0.000197103 0.000382188 0.000545404 0.000911903 0.00402839 0.000548307 -0.000904965 -0.00255054 9.9296e-05 0.000548307 -0.00255054 -0.00255054
internal_weight=99.4755 94.0041 91.058 72.9861 6.57245 66.4136 18.0719 2.94615 62.3008 27.7321 5.47136 6.84779
internal_count=12343 11133 10575 7383 486 6897 3192 558 6806 2105 1210 1604
is_linear=0
shrinkage=0.03


Tree=193
num_leaves=9
num_cat=0
split_feature=4 1 0 8 2 1 2 7
split_gain=0.0526015 0.0665717 0.0452845 0.0549545 0.0258259 0.00794338 0.00157158 0.113436
threshold=10.080714685977846 99.034980501717015 13.340874811463049 61.209259823332324 98.593028831744903 50.336365144727516 42.008869179600893 84.045454545454561
decision_type=2 2 2 2 2 2 2 2
left_child=5 2 3 -2 6 -1 -4 -8
right_child=1 -3 4 -5 -6 -7 7 -9
leaf_value=-0.00504928368214831 -0.0024357685156432161 0.0044557445742888059 0.00035671575906222488 0.00035671575906222488 0.0030833539336486224 -0.0024357685156432161 0.00035671575906222488 0.0030833539336486224
leaf_weight=0.91524488956201722 2.3564352768007661 2.4520900575444093 19.442367835901678 1.2465832708403466 2.1435042975936076 4.53642384451814 56.938536897534505 9.3905647615902108
leaf_count=214 620 58 3558 293 80 996 5712 812
internal_value=0.000188334 0.000364615 0.000208024 -0.00243577 0.000356716 -0.00243577 0.000356716 0.000547872
internal_weight=99.4218 93.9701 91.518 3.60302 87.915 5.45167 85.7715 66.3291
internal_count=12343 11133 11075 913 10162 1210 10082 6524
is_linear=0
shrinkage=0.03


Tree=194
num_leaves=14
num_cat=0
split_feature=4 11 1 2 2 11 2 11 8 1 1 2 2
split_gain=0.0494922 0.0605713 0.106629 0.0375616 0.0343475 0.0733474 0.173441 0.084043 0.041926 0.0229302 0.00871946 0.00773089 0.00200507
threshold=10.080714685977846 5.5620005155968038 99.034980501717015 94.137682673381661 56.090012928248228 88.465802490192743 98.490927766462221 99.763869528854215 90.070422535211279 6.1105333613603436 50.336365144727516 5.4295268388735485 42.008869179600893
decision_type=2 2 2 2 2 2 2 2 2 2 2 2 2
left_child=10 3 4 -2 11 -6 7 8 9 -7 -1 -3 -13
right_child=1 2 -4 -5 5 6 -8 -9 -10 -11 -12 12 -14
leaf_value=-0.005000621845928279 -0.002353765438713996 -0.0020573183698283804 0.0058387830436259459 0.00032481098624961608 0.00032481098624961608 0.00032481098624961608 0.0058387830436259459 0.0058387830436259459 0.0031705499080686168 0.0020140411812405693 -0.002353765438713996 -0.00048446932253051251 1.4185457437407555e-05
leaf_weight=0.91093580785673012 2.6592254129936919 1.5234469034476195 2.2810960013885042 0.28094216226600099 35.506608850788325 2.9298219406046071 1.4093189639970649 1.6744455783627916 3.6846004661638281 11.420911994995548 4.5234682022128254 19.402621809975248 11.177535846712997
leaf_count=214 527 345 55 31 4195 129 19 21 79 528 996 3614 1590
internal_value=0.000195473 0.000366165 0.00052497 -0.00235377 0.000324811 0.000764386 0.00219366 0.00100405 0.000324811 0.000324811 -0.00235377 -0.0004502 -0.000307525
internal_weight=99.385 93.9506 91.0104 2.94017 88.7293 56.6257 21.1191 19.7098 18.0353 14.3507 5.4344 32.1036 30.5802
internal_count=12343 11133 10575 558 10520 4971 776 757 736 657 1210 5549 5204
is_linear=0
shrinkage=0.03


Tree=195
num_leaves=7
num_cat=0
split_feature=1 8 8 1 9 11
split_gain=0.0470651 0.242867 0.0190782 0.0154333 0.000730275 0.00183131
threshold=99.034980501717015 72.029411764705898 6.3560463237274449 11.305207646671063 6.2114197530864201 77.751183843612409
decision_type=2 2 2 2 2 2
left_child=2 -2 3 -1 5 -4
right_child=1 -3 4 -5 -6 -7
leaf_value=-0.0051440378206112332 -0.00017376621723157718 0.0090619703441393671 -0.00046310559575171966 -0.00046310559575171966 -0.00017376621723157718 -0.00017376621723157718
leaf_weight=0.25044454750604872 1.6896899114362889 2.0839418820105493 1.5426880448358127 1.7505772262811659 90.857684600981884 1.5272791250608859
leaf_count=45 100 37 324 439 11218 156
internal_value=-3.08479e-05 0.00287757 -0.000173766 -0.00256784 -0.000173766 -0.000463106
internal_weight=99.7023 3.77363 95.9287 2.00102 93.9277 3.06997
internal_count=12319 137 12182 484 11698 480
is_linear=0
shrinkage=0.03


Tree=196
num_leaves=6
num_cat=0
split_feature=1 8 8 1 9
split_gain=0.0414206 0.232095 0.0191151 0.0154177 0.00076395
threshold=99.034980501717015 72.029411764705898 6.3560463237274449 11.305207646671063 6.2114197530864201
decision_type=2 2 2 2 2
left_child=2 -2 3 -1 -4
right_child=1 -3 4 -5 -6
leaf_value=-0.0051381344228634204 -0.00016626278196503388 0.0088152142212416847 -0.00046056732963455923 -0.00046056732963455923 -0.00016626278196503388
leaf_weight=0.24988739634863977 1.6893084528855973 2.0746784782968462 3.0696700090775257 1.7501982967369256 90.854100091848522
leaf_count=45 100 37 480 439 11218
internal_value=-3.23443e-05 0.00269903 -0.000166263 -0.00256284 -0.000166263
internal_weight=99.6878 3.76399 95.9239 2.00009 93.9238
internal_count=12319 137 12182 484 11698
is_linear=0
shrinkage=0.03


Tree=197
num_leaves=8
num_cat=0
split_feature=1 8 8 1 9 11 11
split_gain=0.0395784 0.228486 0.012363 0.00631123 0.00146467 0.0028279 6.78048e-05
threshold=99.034980501717015 72.029411764705898 6.3560463237274449 12.910548834918586 6.2114197530864201 77.751183843612409 1.2239920418044972
decision_type=2 2 2 2 2 2 2
left_child=2 -2 3 -1 5 -4 -6
right_child=1 -3 4 -5 6 -7 -8
leaf_value=-0.0037834774923418356 -0.00015722347766952084 0.0087406300711771918 -0.00054853223234735643 -0.00054853223234735643 -0.00054853223234735643 -0.00015722347766952084 -0.00015722347766952084
leaf_weight=0.25020124041475256 1.6896885731257492 2.0696908514946699 1.5411194710759439 1.7199214928550643 0.41109799453988571 1.5258595512714235 90.471344880643301
leaf_count=53 100 37 324 431 116 156 11102
internal_value=-2.63201e-05 0.00264491 -0.000157223 -0.00209489 -0.000157223 -0.000548532 -0.000157223
internal_weight=99.6789 3.75938 95.9195 1.97012 93.9494 3.06698 90.8824
internal_count=12319 137 12182 484 11698 480 11218
is_linear=0
shrinkage=0.03


Tree=198
num_leaves=7
num_cat=0
split_feature=11 1 8 8 1 9
split_gain=0.0403026 0.0680455 0.20526 0.0132697 0.00545213 0.00183687
threshold=1.2239920418044972 99.034980501717015 72.029411764705898 6.3560463237274449 12.910548834918586 6.2114197530864201
decision_type=2 2 2 2 2 2
left_child=-1 3 -3 4 -2 -5
right_child=1 2 -4 5 -6 -7
leaf_value=-0.0048619587573788979 -0.0037360270850271848 -0.00012875854174884793 0.0088478102013736584 -0.00061265739964413784 -0.00061265739964413784 -0.00012875854174884793
leaf_weight=0.53022829664405335 0.24880024674348433 1.6297606048174196 2.0900298594497144 3.0668960181064895 1.7029837784357367 90.411178554641083
leaf_count=127 53 96 35 480 426 11102
internal_value=-3.03051e-05 4.38223e-05 0.00356053 -0.000128759 -0.0021416 -0.000128759
internal_weight=99.6799 99.1496 3.71979 95.4299 1.95178 93.4781
internal_count=12319 12192 131 12061 479 11582
is_linear=0
shrinkage=0.03


Tree=199
num_leaves=7
num_cat=0
split_feature=11 1 8 8 1 9
split_gain=0.0393868 0.0612175 0.19574 0.0134398 0.00553404 0.00178696
threshold=1.2239920418044972 99.034980501717015 72.029411764705898 6.3560463237274449 12.910548834918586 6.2114197530864201
decision_type=2 2 2 2 2 2
left_child=-1 3 -3 4 -2 -5
right_child=1 2 -4 5 -6 -7
leaf_value=-0.0047938151903963774 -0.003731690131925057 -0.00010391539923367736 0.008575946289393668 -0.00060138867543664228 -0.00060138867543664228 -0.00010391539923367736
leaf_weight=0.52737875399179657 0.2483489525038739 1.6304337533656501 2.1057074177078903 3.0635240002302444 1.7025865386240182 90.361968524754047
leaf_count=127 53 96 35 480 426 11102
internal_value=-1.2746e-05 6.03243e-05 0.00338972 -0.000103915 -0.00212941 -0.000103915
internal_weight=99.6399 99.1126 3.73614 95.3764 1.95094 93.4255
internal_count=12319 12192 131 12061 479 11582
is_linear=0
shrinkage=0.03


Tree=200
num_leaves=9
num_cat=0
split_feature=9 1 2 2 2 8 2 9
split_gain=0.08512 0.434776 0.526211 0.0392344 0.0242717 0.0165544 0.0970802 0.0485167
threshold=21.828631138975968 15.279802186361271 94.346440044135974 9.8921670117322318 98.66498366498368 54.616477272727273 42.008869179600893 40.719207579672705
decision_type=2 2 2 2 2 2 2 2
left_child=1 2 -1 -3 5 -2 -7 -8
right_child=4 3 -4 -5 -6 6 7 -9
leaf_value=-0.015803966114911128 0.00072736654394993296 -0.0031501782866471461 0.00072736654394993296 0.00072736654394993296 0.0037244076536692202 0.00072736654394993296 0.00072736654394993296 0.0029819728673894808
leaf_weight=2.5169753993395743 34.347482566372491 1.5026855434989528 1.5247439204249529 13.336066279327495 1.4908694047480811 11.383347166003658 6.0628384136361992 28.184513872256503
leaf_count=324 5597 261 76 1782 46 1731 565 1847
internal_value=0.000305316 -0.00146081 -0.00910104 0.000727367 0.000727367 0.000727367 0.00131782 0.0024464
internal_weight=100.35 18.8805 4.04172 14.8388 81.4691 79.9782 45.6307 34.2474
internal_count=12229 2443 400 2043 9786 9740 4143 2412
is_linear=0
shrinkage=0.03


Tree=201
num_leaves=11
num_cat=0
split_feature=9 1 2 2 11 2 2 0 2 8
split_gain=0.0775478 0.414608 0.436496 0.0411957 0.0355547 0.478588 0.162845 0.233185 0.036572 0.0227464
threshold=21.828631138975968 15.279802186361271 94.346440044135974 9.8921670117322318 87.543058951371918 98.593028831744903 74.341212832326946 87.226251443118926 6.6991780571009922 55.051020408163275
decision_type=2 2 2 2 2 2 2 2 2 2
left_child=1 2 -1 -3 8 6 -6 -8 -2 -9
right_child=4 3 -4 -5 5 -7 7 9 -10 -11
leaf_value=-0.014976121842393796 -0.003027725851224532 -0.0032913568035693387 0.00070914775607865599 0.00070914775607865599 0.00070914775607865599 0.015586734005720866 0.00070914775607865599 0.0036504245487744987 0.00070914775607865599 0.0079263301099763653
leaf_weight=2.4698816703166839 2.4309939166996619 1.4860992807662086 1.5551933292299507 13.333201830624601 9.2122819647193008 1.0950987967662502 3.128949392354115 5.2181761804968101 55.217622421798296 5.2415626081638038
leaf_count=324 560 261 76 1782 736 13 222 99 8090 66
internal_value=0.000307064 -0.00138092 -0.00886207 0.000709148 0.000709148 0.00185174 0.000709148 0.00388949 0.000709148 0.00629785
internal_weight=100.389 18.8444 4.02507 14.8193 81.5447 23.8961 22.801 13.5887 57.6486 10.4597
internal_count=12229 2443 400 2043 9786 1136 1123 387 8650 165
is_linear=0
shrinkage=0.03


Tree=202
num_leaves=12
num_cat=0
split_feature=4 1 9 1 2 9 8 2 9 9 2
split_gain=0.0394244 0.133731 0.0516265 0.113306 0.032548 0.0127568 0.00868316 0.0800638 0.0691956 0.00911293 0.00732528
threshold=12.08130137143119 99.034980501717015 22.795913835220968 15.279802186361271 9.8921670117322318 67.455869991594298 54.616477272727273 42.008869179600893 43.226559893226565 96.610061287027591 16.686274509803926
decision_type=2 2 2 2 2 2 2 2 2 2 2
left_child=5 2 3 -2 -5 10 -4 -8 -9 -10 -1
right_child=1 -3 6 4 -6 -7 7 8 9 -11 -12
leaf_value=-0.0036656126527332676 -0.0017452147603260479 0.006511437709052212 0.00060556392865108468 -0.0017452147603260479 0.00060556392865108468 0.00019639115503289212 0.00060556392865108468 0.00060556392865108468 0.0025517597923709182 0.0053049614057970162 -0.0017452147603260479
leaf_weight=2.4388111708685747 3.9372272343607646 2.2011721681337795 31.491481072502211 0.6779825771227469 11.937400677357799 2.0461223567835987 8.8725129754748178 7.4514082616660735 25.561464234255258 1.3188626999035467 2.2722155987285078
leaf_count=537 410 51 4870 140 1615 446 1334 622 1590 110 504
internal_value=0.000316711 0.000482704 0.000268264 -0.00120163 0.000605564 -0.00174521 0.000605564 0.00103578 0.00211599 0.00287227 -0.00247523
internal_weight=100.207 93.4495 91.2483 16.5526 12.6154 6.75715 74.6957 43.2042 34.3317 26.8803 4.71103
internal_count=12229 10742 10691 2165 1755 1487 8526 3656 2322 1700 1041
is_linear=0
shrinkage=0.03


Tree=203
num_leaves=10
num_cat=0
split_feature=4 1 9 1 2 2 9 9 2
split_gain=0.034923 0.158919 0.038046 0.0997743 0.0298294 0.00822497 0.0079093 0.00736073 0.0274194
threshold=12.08130137143119 99.034980501717015 22.795913835220968 15.279802186361271 9.8921670117322318 98.66498366498368 67.455869991594298 96.610061287027591 61.289544177773926
decision_type=2 2 2 2 2 2 2 2 2
left_child=6 2 3 -2 -5 7 -1 -4 -9
right_child=1 -3 5 4 -6 -7 -8 8 -10
leaf_value=-0.0021367754818308118 -0.0015588798606986692 0.0070481190641928137 0.00059744133454585032 -0.0015588798606986692 0.00059744133454585032 0.0023567596586166932 2.6077010153247646e-05 0.00059744133454585032 0.0023567596586166932
leaf_weight=4.6626170373056075 3.8933305919636068 2.2682252174708983 70.154089907882735 0.67942233511712302 11.910259545082225 1.5069163604639459 2.0482100425288081 1.4579749414697283 1.8263646629638968
leaf_count=1041 410 51 8013 140 1615 45 446 267 201
internal_value=0.000391068 0.000545717 0.00030989 -0.000956942 0.000597441 0.000597441 -0.00155888 0.000597441 0.00190442
internal_weight=100.407 93.6966 91.4284 16.483 12.5897 74.9453 6.71083 73.4384 3.28434
internal_count=12229 10742 10691 2165 1755 8526 1487 8481 468
is_linear=0
shrinkage=0.03


Tree=204
num_leaves=11
num_cat=0
split_feature=4 1 9 1 2 2 9 7 9 2
split_gain=0.0342703 0.147112 0.0301944 0.0925674 0.0297916 0.0186057 0.00741837 0.0174009 0.00694591 0.0379822
threshold=12.08130137143119 99.034980501717015 22.795913835220968 15.279802186361271 9.8921670117322318 98.66498366498368 67.455869991594298 47.580015612802505 96.610061287027591 61.289544177773926
decision_type=2 2 2 2 2 2 2 2 2 2
left_child=6 2 3 -2 -5 8 7 -1 -4 -10
right_child=1 -3 5 4 -6 -7 -8 -9 9 -11
leaf_value=-0.0043401805233362111 -0.0015250183382351274 0.0068338033056090522 0.00059070124188923077 -0.0015250183382351274 0.00059070124188923077 0.0032204137984827986 1.5043618169884296e-05 -0.0015250183382351274 0.00059070124188923077 0.0032204137984827986
leaf_weight=1.493600109242833 3.8544958729762611 2.253226190339773 70.205834425287321 0.67885703255887975 11.909559448366052 1.4718840497080226 2.0468863658607006 3.1563437738223001 1.4580081512685859 1.8295847168192265
leaf_count=328 410 51 8013 140 1615 45 446 713 267 201
internal_value=0.000409229 0.000562178 0.000335302 -0.000796205 0.000590701 0.000590701 -0.00152502 -0.00208562 0.000590701 0.00189332
internal_weight=100.358 93.6614 91.4082 16.4429 12.5884 74.9653 6.69683 4.64994 73.4934 3.28759
internal_count=12229 10742 10691 2165 1755 8526 1487 1041 8481 468
is_linear=0
shrinkage=0.03


Tree=205
num_leaves=7
num_cat=0
split_feature=4 11 0 8 5 5
split_gain=0.0481999 0.0600025 0.108264 0.0296642 0.0651465 0.0296866
threshold=5.6939581902714158 5.5620005155968038 94.850358176057327 99.375000000000014 84.063299232736583 99.762751742072041
decision_type=2 2 2 2 2 2
left_child=-1 2 -2 5 -5 -3
right_child=1 3 -4 4 -6 -7
leaf_value=-0.0028021059057763507 -0.0028021059057763507 0.00058864162452151403 0.00058864162452151403 0.00058864162452151403 0.0051006093150192172 0.0034341627957534485
leaf_weight=3.3443061731522894 2.9833807006943966 86.537215468357317 0.60162637964822341 1.3188203324098129 3.2255292190238833 2.5682800570502868
leaf_count=686 585 10720 26 243 42 41
internal_value=0.000296217 0.00043022 -0.00280211 0.000588642 0.00279722 0.000588642
internal_weight=100.579 97.2349 3.58501 93.6498 4.54435 89.1055
internal_count=12343 11657 611 11046 285 10761
is_linear=0
shrinkage=0.03


Tree=206
num_leaves=7
num_cat=0
split_feature=11 0 1 8 1 1
split_gain=0.0298333 0.131836 0.0291933 0.0188499 0.114962 0.00595273
threshold=5.5620005155968038 94.850358176057327 99.328828828828833 99.375000000000014 10.080714685977846 75.425831088481701
decision_type=2 2 2 2 2 2
left_child=1 -1 3 5 -5 -2
right_child=2 -3 -4 4 -6 -7
leaf_value=-0.0053735193467239328 0.00041123794088376506 0.00041123794088376506 0.0033243453485304912 0.00041123794088376506 0.0033243453485304912 0.001086564657710606
leaf_weight=3.3970437482930715 69.158383609377779 0.60203261161223043 2.1160125539172432 0.77418257971294124 3.7885404534172267 20.701264962786809
leaf_count=671 8591 26 74 25 272 2684
internal_value=0.000298108 -0.00196884 0.000411238 0.000411238 0.00221395 0.000411238
internal_weight=100.537 3.99908 96.5384 94.4224 4.56272 89.8596
internal_count=12343 697 11646 11572 297 11275
is_linear=0
shrinkage=0.03


Tree=207
num_leaves=11
num_cat=0
split_feature=4 1 8 11 1 11 0 8 1 8
split_gain=0.0291705 0.054881 0.0100013 0.0111889 0.00701893 0.00467006 0.175022 0.140546 0.18953 0.00069352
threshold=5.6939581902714158 99.034980501717015 4.1960093896713619 92.407876943881021 99.762751742072041 62.117104380464497 99.762751742072041 90.697115384615401 24.439416792357971 99.375000000000014
decision_type=2 2 2 2 2 2 2 2 2 2
left_child=4 2 3 -2 9 -4 7 -7 -9 -1
right_child=1 -3 5 -5 -6 6 -8 8 -10 -11
leaf_value=-0.0025895571521530963 -0.0021174853642233022 0.0039067703553593318 8.7964407819497031e-05 0.00030718858501070455 0.00075221868842408805 0.00030718858501070455 0.0039067703553593318 0.00030718858501070455 0.0039067703553593318 -0.00016129256725474445
leaf_weight=2.7983721600612657 0.78024476580321689 2.8901171255856744 45.852571686496958 0.21331388712860644 0.2474277177825569 36.718763370998204 2.1938664200715712 3.8841971671208722 4.7345841524656862 0.25157739664427925
leaf_count=643 228 77 7427 25 22 3468 32 128 272 21
internal_value=0.000309232 0.000412208 0.000265355 -0.00184832 -0.00211749 0.000307189 0.000512499 0.000307189 0.00390677 -0.00247854
internal_weight=100.565 97.2677 94.3775 0.993559 3.29738 93.384 47.5314 45.3375 8.61878 3.04995
internal_count=12343 11657 11580 253 686 11327 3900 3868 400 664
is_linear=0
shrinkage=0.03


Tree=208
num_leaves=13
num_cat=0
split_feature=4 1 8 11 1 4 1 11 8 11 11 1
split_gain=0.0261197 0.0497522 0.00913971 0.0105578 0.00674729 0.00477574 0.0739548 0.0500983 0.182412 0.0351571 0.00517708 0.000264553
threshold=5.6939581902714158 99.034980501717015 4.1960093896713619 92.407876943881021 99.762751742072041 97.864765678648226 2.9126899964651827 88.789197072949946 79.873417721519004 5.5620005155968038 81.228436925656453 40.340231269858151
decision_type=2 2 2 2 2 2 2 2 2 2 2 2
left_child=4 2 3 -2 11 9 -7 8 -8 -4 -11 -1
right_child=1 -3 5 -5 -6 6 7 -9 -10 10 -12 -13
leaf_value=-0.0039171493864668906 -0.0019999722852974714 0.00372331336006471 -0.0019999722852974714 0.00029592869499880302 0.00076729080307500331 0.00029592869499880302 0.00029592869499880302 0.00372331336006471 0.00372331336006471 -1.3270170855760749e-05 0.00029592869499880302 -0.0019999722852974714
leaf_weight=0.2948054062435429 0.77827557967975636 2.8898380841128519 3.0661002161214119 0.21342681534588337 0.24727187189273525 2.3326941154664365 2.323549053864554 3.3699868968687952 1.5544574321247635 51.024219139944762 29.645916134119034 2.7481479832204059
leaf_count=64 228 77 587 25 22 83 105 56 20 8399 2077 600
internal_value=0.000298526 0.000395906 0.00025595 -0.00176573 -0.00199997 0.000295929 0.000939749 0.00323057 0.000295929 0.000295929 0.000295929 -0.00235901
internal_weight=100.489 97.1985 94.3086 0.991702 3.29023 93.3169 9.58069 7.24799 3.87801 83.7362 80.6701 3.04295
internal_count=12343 11657 11580 253 686 11327 264 181 125 11063 10476 664
is_linear=0
shrinkage=0.03


Tree=209
num_leaves=9
num_cat=0
split_feature=4 1 1 2 4 1 11 1
split_gain=0.0218865 0.0453745 0.00890685 0.00350271 0.00519471 0.0028346 0.000839735 0.0454634
threshold=5.6939581902714158 99.034980501717015 40.340231269858151 5.9933481152993355 62.470852334802721 99.762751742072041 62.117104380464497 93.654665118079762
decision_type=2 2 2 2 2 2 2 2
left_child=2 3 -1 4 -2 -4 -5 -8
right_child=1 -3 5 6 -6 -7 7 -9
leaf_value=-0.003927673133917473 -0.00063554863468896728 0.0035995392706175554 -0.00094688917082393965 0.00031387528758070418 0.00031387528758070418 0.00080682109947705354 0.00031387528758070418 0.0035995392706175554
leaf_weight=0.294753121677786 1.8432116733165451 2.8812371003441504 2.7332619597436874 44.944666287745349 0.22452685702592123 0.24646570999175299 45.070571659365669 2.1659198014531276
leaf_count=64 476 77 600 7231 20 22 3696 157
internal_value=0.000328893 0.000417465 -0.00178143 0.000283418 -0.000635549 -0.000635549 0.000313875 0.000446955
internal_weight=100.405 97.1301 3.27448 94.2489 2.06774 2.97973 92.1812 47.2365
internal_count=12343 11657 686 11580 496 622 11084 3853
is_linear=0
shrinkage=0.03


Tree=210
num_leaves=5
num_cat=0
split_feature=0 5 11 0
split_gain=0.0755946 0.0163626 0.00317907 0.00259214
threshold=99.762751742072041 99.762751742072041 1.2239920418044972 2.9126899964651827
decision_type=2 2 2 2
left_child=1 2 -1 -4
right_child=-2 -3 3 -5
leaf_value=-0.0015111058324353049 0.0042447503514469204 0.0024249233601327416 -0.0011090708293928042 -8.5326310875475891e-05
leaf_weight=0.48975087550934304 2.7869207551702848 1.3049204275012005 1.2910490294452746 94.677761342725717
leaf_count=127 49 24 328 11801
internal_value=8.57491e-05 -7.45891e-05 -0.000132938 -0.000110394
internal_weight=100.55 97.7635 96.4586 95.9688
internal_count=12329 12280 12256 12129
is_linear=0
shrinkage=0.03


Tree=211
num_leaves=9
num_cat=0
split_feature=0 2 3 11 11 0 2 3
split_gain=0.051259 0.0288214 0.0938498 0.0250712 0.0134406 0.019553 0.011125 0.00452562
threshold=99.762751742072041 52.017032342312937 99.034980501717015 99.763869528854215 5.5620005155968038 16.454642441484552 1.3747887161289647 6.8839839623687604
decision_type=2 2 2 2 2 2 2 2
left_child=1 6 3 4 -3 -6 -1 -7
right_child=-2 2 -4 -5 5 7 -8 -9
leaf_value=-0.0034950324148605239 0.0034976341927136466 -0.00070228069177271377 0.0034976341927136466 0.0028765903691085923 -0.00070228069177271377 -0.00070228069177271377 -0.00070228069177271377 0.0003180279474340369
leaf_weight=0.34697750955819984 2.8135550792794666 1.8642174919368688 3.0288274227641514 1.6535377986729134 1.2545330277644087 0.8375386381521811 36.259151670266874 52.458037721225992
leaf_count=88 49 279 63 24 295 192 6411 4928
internal_value=8.54115e-05 -4.7291e-05 0.000350136 2.60636e-05 -0.000106134 6.84036e-05 -0.000702281 0.000267705
internal_weight=100.516 97.7028 61.0967 58.0679 56.4143 54.5501 36.6061 53.2956
internal_count=12329 12280 5781 5718 5694 5415 6499 5120
is_linear=0
shrinkage=0.03


Tree=212
num_leaves=10
num_cat=0
split_feature=2 11 11 8 3 3 8 8 2
split_gain=0.0417453 0.103872 0.036808 0.0786694 0.111048 0.0512132 0.0426865 0.0318511 0.00148514
threshold=56.090012928248228 99.763869528854215 88.465802490192743 81.558704453441308 78.562822719449244 99.034980501717015 90.697115384615401 16.56118143459916 1.3747887161289647
decision_type=2 2 2 2 2 2 2 2 2
left_child=7 2 3 -2 -5 6 -4 -1 -9
right_child=1 -3 5 4 -6 -7 -8 8 -10
leaf_value=-0.0031470136855851088 -0.00063175652060538218 0.0062455306612264434 0.0013506926413598809 -0.00063175652060538218 0.0013506926413598809 0.0054253179436335097 0.0050668642800986612 -0.0027164636369386643 -0.00063175652060538218
leaf_weight=3.5941743085859335 25.034717505215667 1.8039246452972282 15.105915804742848 3.797139929374679 9.7884925436228496 1.8860759632661928 2.5800780162680885 0.30265008076093991 36.533780098194256
leaf_count=921 3740 24 666 604 198 23 64 75 6014
internal_value=0.000104234 0.000602432 0.000324943 -0.000215858 0.00135069 0.00135069 0.00135069 -0.000631757 -0.000631757
internal_weight=100.427 59.9963 58.1924 38.6203 13.5856 19.5721 17.686 40.4306 36.8364
internal_count=12329 5319 5295 4542 802 753 730 7010 6089
is_linear=0
shrinkage=0.03


Tree=213
num_leaves=11
num_cat=0
split_feature=2 11 8 4 4 4 8 11 2 8
split_gain=0.0324536 0.0890474 0.0622517 0.109418 0.065752 0.0390279 0.0273724 0.0321999 0.00980915 0.00366015
threshold=52.017032342312937 99.763869528854215 64.747307373653697 69.570344544708789 97.864765678648226 98.269402373879998 96.609195402298866 47.959173179761422 1.3747887161289647 16.56118143459916
decision_type=2 2 2 2 2 2 2 2 2 2
left_child=5 2 4 -4 -2 8 -5 -8 -1 -10
right_child=1 -3 3 6 -6 -7 7 -9 9 -11
leaf_value=-0.0034019366302520796 -0.00060285879779267302 0.0056727680706073575 -0.00060285879779267302 0.0022949163946998875 0.0022949163946998875 0.0022949163946998875 0.0022949163946998875 0.0056727680706073575 -0.0015774679287254151 -0.00060285879779267302
leaf_weight=0.3452887877356251 26.754531520535245 1.8712134221568693 7.330914820777255 19.467882429016765 4.7168148220516732 0.82109252782538433 1.866490732179954 1.7509476661216465 3.2049466548487535 32.192379094311036
leaf_count=88 3807 25 897 822 161 24 46 69 832 5558
internal_value=9.97412e-05 0.000505748 0.000261799 0.00121139 -0.000602859 -0.000602859 0.00229492 0.00483968 -0.000817007 -0.000699018
internal_weight=100.323 63.7588 61.8876 30.4162 31.4713 36.5637 23.0853 3.61744 35.7426 35.3973
internal_count=12329 5827 5802 1834 3968 6502 937 115 6478 6390
is_linear=0
shrinkage=0.03


Tree=214
num_leaves=7
num_cat=0
split_feature=0 2 11 0 11 2
split_gain=0.0413149 0.012971 0.0177368 0.0134045 0.0132298 0.0122969
threshold=99.762751742072041 52.017032342312937 99.763869528854215 13.340874811463049 5.5620005155968038 1.3747887161289647
decision_type=2 2 2 2 2 2
left_child=1 5 3 -3 -5 -1
right_child=-2 2 -4 4 -6 -7
leaf_value=-0.003366199161422508 0.0031655733917034037 -0.00046759519426196162 0.0026502148854837099 -0.00046759519426196162 0.00042684239377177103 -0.00046759519426196162
leaf_weight=0.34325075126252969 2.7889735724311313 0.90164130704942991 1.6329627414233971 1.9631983822910104 56.47717755055055 36.121098001836799
leaf_count=88 49 230 24 256 5271 6411
internal_value=9.20661e-05 -2.71698e-05 0.000239509 0.000130351 0.000287124 -0.000467595
internal_weight=100.228 97.4393 60.975 59.342 58.4404 36.4643
internal_count=12329 12280 5781 5757 5527 6499
is_linear=0
shrinkage=0.03


Tree=215
num_leaves=8
num_cat=0
split_feature=0 1 5 8 3 9 1
split_gain=0.101517 0.112452 0.0509535 0.0147981 0.164255 0.0111285 0.105489
threshold=99.762751742072041 0.92380723791236641 99.762751742072041 98.7177379582443 83.275150922209761 6.2114197530864201 80.096533414068986
decision_type=2 2 2 2 2 2 2
left_child=1 -1 3 5 -5 6 -3
right_child=-2 2 -4 4 -6 -7 -8
leaf_value=-0.0067390599251288749 0.0050570923921830525 -0.0058686576047106672 0.0046282498643209014 -2.5820494100338045e-06 0.0046282498643209014 -2.5820494100338045e-06 -2.5820494100338045e-06
leaf_weight=1.1450440495973442 2.7965701937209806 2.0500804366311054 1.2895904870238144 1.8490167178679247 3.530588828260079 85.617859403486364 1.3469702056609092
leaf_count=88 46 406 22 246 66 11315 172
internal_value=0.000244808 5.55498e-05 0.000205721 9.74184e-05 0.00149313 -2.58205e-06 -0.00151182
internal_weight=99.6257 96.8292 95.6841 94.3945 5.37961 89.0149 3.39705
internal_count=12361 12315 12227 12205 312 11893 578
is_linear=0
shrinkage=0.03


Tree=216
num_leaves=9
num_cat=0
split_feature=0 1 5 8 3 11 8 8
split_gain=0.088471 0.110933 0.0486944 0.0103954 0.15181 0.00670264 0.0162441 0.00263699
threshold=99.762751742072041 0.92380723791236641 99.762751742072041 98.7177379582443 83.275150922209761 2.4477124183006542 64.747307373653697 6.7117117117117129
decision_type=2 2 2 2 2 2 2 2
left_child=1 -1 3 5 -5 6 -3 -7
right_child=-2 2 -4 4 -6 7 -8 -9
leaf_value=-0.0066925568550860685 0.0047482607864384784 -0.0033930028053075489 0.004553144632411449 3.2135110357645829e-05 0.004553144632411449 -0.00082695089717658282 3.2135110357645829e-05 3.2135110357645829e-05
leaf_weight=1.1342442134628061 2.7878918973729006 0.76055795594584086 1.2821030120830972 1.8487372284289438 3.5237355758436024 2.4055288002127773 0.32579587562941015 85.485659263445996
leaf_count=88 46 207 22 246 66 544 83 11059
internal_value=0.000250463 7.36374e-05 0.000222315 0.00011633 0.00128688 3.21351e-05 -0.00166841 3.21351e-05
internal_weight=99.5543 96.7664 95.6321 94.35 5.37247 88.9775 1.08635 87.8912
internal_count=12361 12315 12227 12205 312 11893 290 11603
is_linear=0
shrinkage=0.03


Tree=217
num_leaves=10
num_cat=0
split_feature=0 1 5 9 8 11 9 8 9
split_gain=0.0683746 0.145202 0.0434766 0.0114088 0.164217 0.0133793 0.143189 0.0291296 0.00857794
threshold=99.762751742072041 0.92380723791236641 99.762751742072041 96.178188899707905 91.913687881429837 5.5620005155968038 58.380149812734089 95.904389152921439 6.2114197530864201
decision_type=2 2 2 2 2 2 2 2 2
left_child=1 -1 3 5 -5 6 -3 8 -7
right_child=-2 2 -4 4 -6 7 -8 -9 -10
leaf_value=-0.0077382474360358907 0.0041936781512873491 -0.0077382474360358907 0.0041936781512873491 6.2287422079412228e-05 0.0041936781512873491 -0.0013585641682600893 6.2287422079412228e-05 0.0017784974710186089 6.2287422079412228e-05
leaf_weight=1.0890879586804647 2.7958450119476757 0.87088043417315875 1.2879948518238951 4.1310578528791657 1.8564410479739306 3.3366613611578932 1.8582082078792153 8.0751173270400596 74.187388001824729
leaf_count=88 46 190 22 606 48 564 328 566 9903
internal_value=0.00024383 8.78633e-05 0.000256196 0.000155325 0.00132249 6.22874e-05 -0.00173496 6.22874e-05 6.22874e-05
internal_weight=99.4887 96.6928 95.6037 94.3158 5.9875 88.3283 2.72909 85.5992 77.524
internal_count=12361 12315 12227 12205 654 11551 518 11033 10467
is_linear=0
shrinkage=0.03


Tree=218
num_leaves=9
num_cat=0
split_feature=0 1 5 8 3 11 8 8
split_gain=0.0679642 0.135885 0.040743 0.0124124 0.151467 0.00671868 0.0161727 0.00275894
threshold=99.762751742072041 0.92380723791236641 99.762751742072041 98.7177379582443 83.275150922209761 2.4477124183006542 64.747307373653697 6.7117117117117129
decision_type=2 2 2 2 2 2 2 2
left_child=1 -1 3 5 -5 6 -3 -7
right_child=-2 2 -4 4 -6 7 -8 -9
leaf_value=-0.0075129582007861162 0.0041621592438363378 -0.0033776832228453236 0.0041621592438363378 4.6310044136136927e-05 0.0041621592438363378 -0.00083145366740756271 4.6310044136136927e-05 4.6310044136136927e-05
leaf_weight=1.0805392175680015 2.8048830521292976 0.75768038514070102 1.2838594103232015 1.848333867965265 3.5637488856445998 2.4051019164035088 0.3265465903095901 85.36781201872509
leaf_count=88 46 207 22 246 66 544 83 11059
internal_value=0.000229157 7.35366e-05 0.00023625 0.000138827 0.00141368 4.631e-05 -0.00165729 4.631e-05
internal_weight=99.4385 96.6336 95.5531 94.2692 5.41208 88.8571 1.08423 87.7729
internal_count=12361 12315 12227 12205 312 11893 290 11603
is_linear=0
shrinkage=0.03


Tree=219
num_leaves=10
num_cat=0
split_feature=0 1 5 9 8 11 9 8 9
split_gain=0.0503868 0.119826 0.0361911 0.0103458 0.144026 0.0121516 0.132549 0.0178132 0.00335775
threshold=99.762751742072041 0.92380723791236641 99.762751742072041 96.178188899707905 91.913687881429837 5.5620005155968038 58.380149812734089 95.904389152921439 6.2114197530864201
decision_type=2 2 2 2 2 2 2 2 2
left_child=1 -1 3 5 -5 6 -3 8 -7
right_child=-2 2 -4 4 -6 7 -8 -9 -10
leaf_value=-0.0070511726195115676 0.0035715018105598496 -0.0070511726195115676 0.0035715018105598496 4.6141068147364051e-05 0.0035715018105598496 -0.00085299179285334937 4.6141068147364051e-05 0.0013905701953619092 4.6141068147364051e-05
leaf_weight=1.0798616160172958 2.8578417079988858 0.86044357914943193 1.2801209152676154 4.1332263562362632 1.847059558611363 3.308904858888126 1.8360319999046621 8.1256259775254858 74.114586671465077
leaf_count=88 46 190 22 606 48 564 328 566 9903
internal_value=0.000209255 7.41917e-05 0.000226986 0.00013462 0.00124657 4.61411e-05 -0.00167409 4.61411e-05 4.61411e-05
internal_weight=99.4437 96.5859 95.506 94.2259 5.98029 88.2456 2.69648 85.5491 77.4235
internal_count=12361 12315 12227 12205 654 11551 518 11033 10467
is_linear=0
shrinkage=0.03


Tree=220
num_leaves=7
num_cat=0
split_feature=9 11 11 9 1 1
split_gain=0.0133763 0.150175 0.0675525 0.0236628 0.120706 0.00523052
threshold=83.431372549019628 88.165652285999315 99.763869528854215 95.006234413965103 33.980616843903739 23.261761886902534
decision_type=2 2 2 2 2 2
left_child=2 3 5 -2 -5 -1
right_child=1 -3 -4 4 -6 -7
leaf_value=-0.0007878205604243256 -0.00033798483357819415 0.0045186909989751757 0.0045186909989751757 -0.00033798483357819415 0.0045186909989751757 -0.00033798483357819415
leaf_weight=22.828273856895976 8.4531135766301286 5.7762700961902729 1.3397449927870173 2.0030788758303979 3.5021609454415739 55.309387641609646
leaf_count=2333 1307 189 25 235 473 7827
internal_value=-1.65558e-05 0.000663072 -0.000191453 -0.000191453 0.00183596 -0.000337985
internal_weight=99.212 19.7346 79.4774 13.9584 5.50524 78.1377
internal_count=12389 2204 10185 2015 708 10160
is_linear=0
shrinkage=0.03


Tree=221
num_leaves=8
num_cat=0
split_feature=9 11 11 1 9 1 9
split_gain=0.0135806 0.15935 0.0671449 0.0205646 0.0595655 0.00732091 0.00281796
threshold=83.431372549019628 88.165652285999315 99.763869528854215 76.603912256897345 95.006234413965103 23.261761886902534 86.061230497497817
decision_type=2 2 2 2 2 2 2
left_child=2 3 5 -2 6 -1 -5
right_child=1 -3 -4 4 -6 -7 -8
leaf_value=-0.00087684717585880716 -0.00034494579786419597 0.0046059442781744243 0.0046059442781744243 -0.00034494579786419597 0.0046059442781744243 -0.00034494579786419597 0.0010695724947653192
leaf_weight=22.709265159792267 10.635606615804134 5.8811607621610156 1.3362067807465781 0.47934896079823475 1.3839681716635821 55.198414778686129 1.4915335068944839
leaf_count=2333 1559 189 25 66 168 7827 222
internal_value=-2.17103e-05 0.000660226 -0.000198813 -0.000198813 0.002256 -0.000344946 -0.000344946
internal_weight=99.1155 19.8716 79.2439 13.9905 3.35485 77.9077 1.97088
internal_count=12389 2204 10185 2015 456 10160 288
is_linear=0
shrinkage=0.03


Tree=222
num_leaves=9
num_cat=0
split_feature=9 1 1 7 9 7 7 1
split_gain=0.0108874 0.0754834 0.0308025 0.010938 0.0343342 0.00670761 0.00595472 0.00383764
threshold=83.431372549019628 99.034980501717015 23.261761886902534 99.264705882352956 96.610061287027591 30.151515151515156 78.989813242784393 41.988245852121004
decision_type=2 2 2 2 2 2 2 2
left_child=2 3 6 4 -2 -4 -1 -5
right_child=1 -3 5 7 -6 -7 -8 -9
leaf_value=-0.0012759353113146103 7.6751074998958213e-05 0.0070352357932747418 -0.00074177968693047965 0.0020199982994966526 0.0020199982994966526 7.6751074998958213e-05 7.6751074998958213e-05 0.0039934988419398354
leaf_weight=20.056686077616192 14.991341418121022 0.51479874434880812 9.441836095065808 0.67395642190240213 2.7369032474234691 46.586534559261054 3.1491415335331103 0.93449162552133203
leaf_count=2028 1617 15 1580 51 437 6263 314 84
internal_value=-2.50513e-05 0.000585945 -0.000183527 7.67511e-05 7.67511e-05 7.67511e-05 -0.00109375 0.00202
internal_weight=99.0857 19.8515 79.2342 19.3367 17.7282 56.0284 23.2058 1.60845
internal_count=12389 2204 10185 2189 2054 7843 2342 135
is_linear=0
shrinkage=0.03


Tree=223
num_leaves=6
num_cat=0
split_feature=9 0 11 11 9
split_gain=0.0163765 0.0541231 0.00357089 0.00169421 0.00750203
threshold=96.610061287027591 89.55389718076286 70.942080524460394 1.5461953951723924 80.116279069767458
decision_type=2 2 2 2 2
left_child=3 2 -2 4 -1
right_child=1 -3 -4 -5 -6
leaf_value=-0.0027371264298260388 -0.00012558920494242735 0.0060782380729105323 0.0013857962996037337 -0.00012558920494242735 -0.00012558920494242735
leaf_weight=0.21818364306818594 2.3585048760287464 0.66784358327276994 0.71101954975165416 94.975033444818109 0.25986021035350859
leaf_count=53 410 42 70 11741 73
internal_value=-4.14127e-05 0.00168117 -0.000125589 -0.000125589 -0.00114652
internal_weight=99.1904 3.73737 3.06952 95.4531 0.478044
internal_count=12389 522 480 11867 126
is_linear=0
shrinkage=0.03


Tree=224
num_leaves=6
num_cat=0
split_feature=9 0 11 11 9
split_gain=0.0174076 0.0527862 0.0050144 0.00178097 0.00756264
threshold=96.610061287027591 89.55389718076286 70.942080524460394 1.5461953951723924 80.116279069767458
decision_type=2 2 2 2 2
left_child=3 2 -2 4 -1
right_child=1 -3 -4 -5 -6
leaf_value=-0.002733284644734396 -0.00010223209785598698 0.0060941906581315642 0.0016014196091666511 -0.00010223209785598698 -0.00010223209785598698
leaf_weight=0.21780175238381971 2.3585212167818099 0.66571187297813583 0.72103011584840704 94.94533464172855 0.2598494419362396
leaf_count=53 410 42 70 11741 73
internal_value=-1.50817e-05 0.00175898 -0.000102232 -0.000102232 -0.00114713
internal_weight=99.1682 3.74526 3.07955 95.423 0.477651
internal_count=12389 522 480 11867 126
is_linear=0
shrinkage=0.03


Tree=225
num_leaves=12
num_cat=0
split_feature=1 11 8 9 2 0 9 2 3 3 7
split_gain=0.0642584 0.27899 0.160555 0.384329 0.566292 0.185808 0.0907238 0.178074 0.166296 0.0376263 0.0229821
threshold=23.662214928413785 99.763869528854215 92.131062951496403 95.74275362318842 74.942381324114365 90.705456223787465 55.217785843920154 94.524587312544512 99.034980501717015 86.731022276045977 76.516544117647072
decision_type=2 2 2 2 2 2 2 2 2 2 2
left_child=6 2 -2 4 -4 9 7 8 10 -6 -1
right_child=1 -3 3 -5 5 -7 -8 -9 -10 -11 -12
leaf_value=-0.0072678902526506052 -0.00059610473508162033 0.011102966865017697 -0.00059610473508162033 0.011102966865017697 -0.00059610473508162033 0.011102966865017697 -0.00059610473508162033 -0.00059610473508162033 -0.00059610473508162033 0.0038617660237324253 -0.0012047301090653761
leaf_weight=8.5656266876030696 57.286907077534124 1.1249974344391365 6.2835913007147592 1.0820733574219037 0.85343894269317355 2.1568837771192193 15.474256176501511 3.7388390095438799 1.1976508409716178 1.0551871098577974 1.0710667029488838
leaf_count=1194 8721 22 559 25 108 24 1290 227 23 12 164
internal_value=-0.000102826 0.000396979 6.49677e-05 0.00315936 0.000593102 0.00959473 -0.00123995 -0.00306437 -0.00524256 0.000912867 -0.00677062
internal_weight=99.8905 69.8431 68.7181 11.4312 10.3491 4.06551 30.0474 14.5732 10.8343 1.90863 9.63669
internal_count=12369 9471 9449 728 703 144 2898 1608 1381 120 1358
is_linear=0
shrinkage=0.03


Tree=226
num_leaves=10
num_cat=0
split_feature=1 11 9 8 0 9 2 3 8
split_gain=0.0580178 0.27415 0.109504 0.339293 0.144007 0.098264 0.188828 0.173673 0.00852865
threshold=23.662214928413785 99.763869528854215 94.78221415607986 92.131062951496403 89.55389718076286 55.217785843920154 94.524587312544512 99.034980501717015 94.771018455228997
decision_type=2 2 2 2 2 2 2 2 2
left_child=5 2 8 4 -4 6 7 -1 -2
right_child=1 -3 3 -5 -6 -7 -8 -9 -10
leaf_value=-0.0068700092286683974 -0.0003768395304851433 0.010954478008677644 -0.0003768395304851433 0.010954478008677644 0.0080282333094177146 -0.0003768395304851433 -0.0003768395304851433 -0.0003768395304851433 0.00056654629566145747
leaf_weight=9.3869887467008102 55.626342394505627 1.117418783251195 3.4306946620345107 1.1017028787173329 0.86854798137210298 15.502866696799172 3.7394084644038221 1.1968044308014203 7.7842674162238827
leaf_count=1358 8283 22 570 25 26 1290 227 23 545
internal_value=-0.000151753 0.00032209 -5.00889e-06 0.00373738 -0.00037684 -0.00123712 -0.00307306 -0.00530629 -0.00037684
internal_weight=99.755 69.929 68.8116 5.40095 4.29924 29.8261 14.3232 10.5838 63.4106
internal_count=12369 9471 9449 621 596 2898 1608 1381 8828
is_linear=0
shrinkage=0.03


Tree=227
num_leaves=11
num_cat=0
split_feature=2 1 11 9 7 9 11 0 0 9
split_gain=0.053112 0.0521256 0.18648 0.11956 0.115545 0.081347 0.292642 0.0249353 0.0138766 0.00573651
threshold=4.3358395989974943 23.662214928413785 99.763869528854215 52.440476190476197 86.240703177822866 95.354232989801986 70.942080524460394 92.583999312537614 89.55389718076286 82.662372517444993
decision_type=2 2 2 2 2 2 2 2 2 2
left_child=9 3 5 4 7 -3 8 -2 -7 -1
right_child=1 2 -4 -5 -6 6 -8 -9 -10 -11
leaf_value=-0.004448402938233135 -0.004009337019279741 0.00011708935250076681 0.0090120787164735313 0.00011708935250076681 0.00011708935250076681 0.00011708935250076681 0.0090120787164735313 -0.0017783211601722303 0.0044474839766234075 -6.8205566906380375e-05
leaf_weight=1.8267136642243706 5.6543858660152182 61.881889564567246 1.1918868089560408 16.177231494570151 0.85642097704112607 2.8316522636450823 1.4197303995024411 6.8797151518519968 0.6395072555169462 0.33221911406144489
leaf_count=436 1146 8409 22 1352 91 420 88 300 20 85
internal_value=-0.000180734 -5.61555e-05 0.000401494 -0.00108683 -0.0031321 0.000117089 0.00364276 -0.00400934 0.000117089 -0.00400934
internal_weight=99.6914 97.5324 67.9647 29.5678 13.3905 66.7728 4.89089 12.5341 3.47116 2.15893
internal_count=12369 11848 8959 2889 1537 8937 528 1446 440 521
is_linear=0
shrinkage=0.03


Tree=228
num_leaves=10
num_cat=0
split_feature=1 11 9 2 7 8 2 9 3
split_gain=0.0516168 0.179555 0.138204 0.278864 0.273369 0.086619 0.313419 0.402038 0.00812757
threshold=23.662214928413785 99.763869528854215 52.440476190476197 94.346440044135974 86.240703177822866 92.131062951496403 93.439135159396685 95.74275362318842 99.034980501717015
decision_type=2 2 2 2 2 2 2 2 2
left_child=2 5 3 4 8 -2 7 -7 -1
right_child=1 -3 -4 -5 -6 6 -8 -9 -10
leaf_value=-0.0086477371027848405 2.0799337274495189e-05 0.0087693308524793116 2.0799337274495189e-05 2.0799337274495189e-05 2.0799337274495189e-05 2.0799337274495189e-05 0.0087693308524793116 0.0087693308524793116 -0.0019469155342154449
leaf_weight=7.8623029789887369 57.401822680607438 1.1782867971342046 16.207050785887986 3.8543540569953612 0.64423225494101721 9.0576390228234214 1.3944373056292523 1.0655742499511678 0.8620083036366849
leaf_count=1213 8721 22 1359 226 79 672 32 24 21
internal_value=-0.000155046 0.000289129 -0.00118774 -0.00342452 -0.00634226 2.07993e-05 0.00251636 3.58208e-05 -0.00825396
internal_weight=99.5277 70.0978 29.4299 13.2229 9.36854 68.9195 11.5177 10.1232 8.72431
internal_count=12369 9471 2898 1539 1313 9449 728 696 1234
is_linear=0
shrinkage=0.03


Tree=229
num_leaves=6
num_cat=0
split_feature=2 11 11 3 0
split_gain=0.0492379 0.0124858 0.00524974 0.00021927 0.00060367
threshold=4.3358395989974943 84.76965601965604 1.2239920418044972 6.8839839623687604 4.1013328677026957
decision_type=2 2 2 2 2
left_child=1 -1 -2 -4 -5
right_child=2 -3 3 4 -6
leaf_value=-0.0044647689563305113 -0.0018406448363401798 -2.4054199889008883e-05 -2.4054199889008883e-05 -2.4054199889008883e-05 6.8744098259094184e-05
leaf_weight=1.8902353544253849 0.41118335817009111 0.2629023273475467 2.9138595433905712 0.82946839171927322 93.088347942917608
leaf_count=480 112 41 785 185 10766
internal_value=-0.000143937 -0.00383348 -2.40542e-05 2.39528e-06 2.89198e-05
internal_weight=99.396 2.15314 97.2429 96.8317 93.9178
internal_count=12369 521 11848 11736 10951
is_linear=0
shrinkage=0.03


Tree=230
num_leaves=9
num_cat=0
split_feature=2 11 1 9 0 1 2 0
split_gain=0.0210177 0.0111707 0.00740007 0.00473269 0.0546802 0.00440526 0.0723487 0.0126226
threshold=98.490927766462221 1.2239920418044972 0.92380723791236641 96.610061287027591 95.63744271655024 41.988245852121004 81.60943506694359 99.034980501717015
decision_type=2 2 2 2 2 2 2 2
left_child=1 -1 -3 5 -5 6 7 -4
right_child=-2 2 3 4 -6 -7 -8 -9
leaf_value=-0.002339288018186377 0.0026794660719425783 -0.0013988733783509961 -0.0013988733783509961 0.00031828815483142721 0.0026794660719425783 0.00031828815483142721 0.00031828815483142721 0.00031828815483142721
leaf_weight=0.43998979672323812 2.4814927254337809 1.212026098393834 19.974059942294847 3.3132530942093577 0.46867421595379699 50.403684576973319 19.669498149072751 0.87544372910633583
leaf_count=116 91 82 3274 498 14 6787 1462 21
internal_value=0.000384101 0.000298073 0.000334184 0.000370748 0.00130165 0.000318288 5.34732e-06 -0.00139887
internal_weight=98.8381 96.3566 95.9166 94.7046 3.78193 90.9227 40.519 20.8495
internal_count=12345 12254 12138 12056 512 11544 4757 3295
is_linear=0
shrinkage=0.03


Tree=231
num_leaves=6
num_cat=0
split_feature=2 1 2 2 9
split_gain=0.0206151 0.00728783 0.00390742 0.0101186 0.00282827
threshold=98.490927766462221 0.92380723791236641 2.0506664338513478 1.3747887161289647 96.610061287027591
decision_type=2 2 2 2 2
left_child=1 -1 3 -3 -4
right_child=-2 2 4 -5 -6
leaf_value=-0.0014297349726905201 0.0026440819566138996 -0.0014297349726905201 0.00034363862623285957 0.00034363862623285957 0.0010837676553767958
leaf_weight=1.2175735472701479 2.4742294454481444 0.30290608073118974 90.435743794427253 0.50595896714366972 3.8623152181971809
leaf_count=83 91 89 11444 106 532
internal_value=0.000368771 0.000283759 0.000320343 -0.00108403 0.000343639
internal_weight=98.7987 96.3245 95.1069 0.808865 94.2981
internal_count=12345 12254 12171 195 11976
is_linear=0
shrinkage=0.03


Tree=232
num_leaves=7
num_cat=0
split_feature=2 11 1 2 2 1
split_gain=0.0232533 0.011124 0.00633221 0.00358928 0.00980034 1.79607e-05
threshold=98.490927766462221 1.2239920418044972 0.92380723791236641 2.0506664338513478 1.3747887161289647 41.988245852121004
decision_type=2 2 2 2 2 2
left_child=1 -1 -3 4 -4 -5
right_child=-2 2 3 5 -6 -7
leaf_value=-0.0023519149125894468 0.0027812896902559433 -0.0012887271057253373 -0.0012887271057253373 0.00037135301604504262 0.00037135301604504262 0.00042522722403931745
leaf_weight=0.43899502512067456 2.4852818464860311 1.210696396883576 0.30222863121889432 41.785982035566121 0.5027832156047225 52.0822904513916
leaf_count=116 91 82 89 4955 105 6907
internal_value=0.000369483 0.000279316 0.000315514 0.000349285 -0.0010041 0.000371353
internal_weight=98.8083 96.323 95.884 94.6733 0.805012 93.8683
internal_count=12345 12254 12138 12056 194 11862
is_linear=0
shrinkage=0.03


Tree=233
num_leaves=8
num_cat=0
split_feature=2 11 1 9 0 2 2
split_gain=0.0209818 0.0110842 0.00695795 0.00367547 0.0555173 0.00280405 0.00937355
threshold=98.490927766462221 1.2239920418044972 0.92380723791236641 96.610061287027591 95.63744271655024 4.3358395989974943 1.3747887161289647
decision_type=2 2 2 2 2 2 2
left_child=1 -1 -3 5 -5 6 -4
right_child=-2 2 3 4 -6 -7 -8
leaf_value=-0.0023421729743612861 0.0026647959918145352 -0.0013596251908352557 -0.0013596251908352557 0.00031077334948830616 0.0026647959918145352 0.00031077334948830616 0.00031077334948830616
leaf_weight=0.43788383633363892 2.4814529228024176 1.2085277973674227 0.29358296084683333 3.3165760077536102 0.466753989458084 88.7155788668897 1.8699140078388152
leaf_count=116 91 82 87 498 14 11041 416
internal_value=0.000371822 0.000285964 0.000322022 0.00035748 0.00117989 0.000310773 -0.000599319
internal_weight=98.7903 96.3088 95.8709 94.6624 3.78333 90.8791 2.1635
internal_count=12345 12254 12138 12056 512 11544 503
is_linear=0
shrinkage=0.03


Tree=234
num_leaves=10
num_cat=0
split_feature=8 2 1 2 11 9 0 9 2
split_gain=0.0134348 0.0252177 0.0449869 0.0182483 0.0161504 0.0736551 0.0132803 0.00940466 0.00824245
threshold=2.5158227848101271 98.593028831744903 0.92380723791236641 98.107843137254918 5.5620005155968038 58.380149812734089 65.859521575984999 96.610061287027591 49.496465252767784
decision_type=2 2 2 2 2 2 2 2 2
left_child=-1 2 -2 4 5 -4 -7 -6 -9
right_child=1 -3 3 -5 7 6 -8 8 -10
leaf_value=-0.0025027826160011536 -0.0025027826160011536 0.0030582834574701743 -0.0025027826160011536 0.0030582834574701743 0.00043837360399096308 -0.0025027826160011536 0.00043837360399096308 0.00043837360399096308 0.0028163711421821266
leaf_weight=0.47387205553240974 1.2620679517276574 2.1189530270639798 0.8806083255913103 0.54402311169542272 87.861930224113166 1.29564414836932 1.5394712586421517 1.0085365008562797 1.8765887178014962
leaf_count=126 84 72 176 27 11023 328 158 158 193
internal_value=0.000358955 0.000397781 0.000308382 0.000411578 0.00035366 -0.00136948 0.000438374 0.000438374 0.00193105
internal_weight=98.8617 98.3878 96.2689 95.0068 94.4628 3.71572 2.83512 90.7471 2.88513
internal_count=12345 12219 12147 12063 12036 662 486 11374 351
is_linear=0
shrinkage=0.03


Tree=235
num_leaves=5
num_cat=0
split_feature=2 9 0 9
split_gain=0.0419736 0.0384133 0.00806678 0.00585237
threshold=4.3358395989974943 53.248945147679329 99.762751742072041 96.610061287027591
decision_type=2 2 2 2
left_child=1 -1 3 -2
right_child=2 -3 -4 -5
leaf_value=-0.0053099040284046266 0.0003642810604262572 0.0003642810604262572 0.0017510136877326148 0.0014102284958199022
leaf_weight=1.2902235763613128 91.483249212382361 0.83935887971892942 2.8443545773625365 4.2423694082535794
leaf_count=299 11261 223 48 522
internal_value=0.000259187 -0.00316729 0.000364281 0.000364281
internal_weight=100.7 2.12958 98.57 95.7256
internal_count=12353 522 11831 11783
is_linear=0
shrinkage=0.03


Tree=236
num_leaves=7
num_cat=0
split_feature=2 11 7 0 0 0
split_gain=0.0377445 0.0208716 0.0089183 0.0106091 0.0072235 0.000302103
threshold=4.3358395989974943 1.2239920418044972 8.421985815602838 70.207264957264968 99.762751742072041 4.9296046287367412
decision_type=2 2 2 2 2 2
left_child=-1 -2 3 -3 5 -4
right_child=1 2 4 -5 -6 -7
leaf_value=-0.0029885414947355146 -0.0029885414947355146 -0.0021845572531809807 -8.5783324037191558e-05 0.0004699038611047753 0.0017915058720334102 0.0004699038611047753
leaf_weight=2.1183896411675951 0.46620566817000408 1.5978898437460878 1.6668069314910088 1.3723038755124433 2.8485289122909299 90.660651616286486
leaf_count=522 126 402 418 197 48 10640
internal_value=0.000267496 0.000366741 0.000415927 -0.000996404 0.000469904 0.000469904
internal_weight=100.731 98.6124 98.1462 2.97019 95.176 92.3275
internal_count=12353 11831 11705 599 11106 11058
is_linear=0
shrinkage=0.03


Tree=237
num_leaves=5
num_cat=0
split_feature=2 9 0 9
split_gain=0.0360048 0.035354 0.0082397 0.00735556
threshold=4.3358395989974943 53.248945147679329 99.762751742072041 96.610061287027591
decision_type=2 2 2 2
left_child=1 -1 3 -2
right_child=2 -3 -4 -5
leaf_value=-0.0050030931568059269 0.00036555370723165498 0.00036555370723165498 0.001767252923422192 0.0015177481297808776
leaf_weight=1.27050330012571 91.419245799770579 0.83715552114881564 2.8423819567542514 4.3447895688004783
leaf_count=299 11261 223 48 522
internal_value=0.000268851 -0.00291718 0.000365554 0.000365554
internal_weight=100.714 2.10766 98.6064 95.764
internal_count=12353 522 11831 11783
is_linear=0
shrinkage=0.03


Tree=238
num_leaves=8
num_cat=0
split_feature=11 9 0 0 9 4 0
split_gain=0.016289 0.0140005 0.2304 0.0110548 0.00710165 4.87655e-05 0.000492577
threshold=1.2239920418044972 96.610061287027591 95.63744271655024 99.762751742072041 80.116279069767458 1.6990691646046898 64.252300697313487
decision_type=2 2 2 2 2 2 2
left_child=4 3 -3 5 -1 -2 -7
right_child=1 2 -4 -5 -6 6 -8
leaf_value=-0.0039244163368287125 0.00016678542656750039 0.00023378773212310205 0.011599483870951848 0.0018129016061837297 0.00016678542656750039 0.00016678542656750039 0.00023378773212310205
leaf_weight=0.19264940882567216 0.98836999747436394 3.6340639283880583 0.70938796922564495 2.8425430126953861 0.29990131105296314 32.063423460233025 59.998712161323056
leaf_count=50 192 498 15 48 83 7340 4127
internal_value=0.000276392 0.000319688 0.0018175 0.000233788 -0.0028455 0.000166785 0.000194544
internal_weight=100.729 100.237 4.34345 95.893 0.492551 93.0505 92.0621
internal_count=12353 12220 513 11707 133 11659 11467
is_linear=0
shrinkage=0.03


Tree=239
num_leaves=6
num_cat=0
split_feature=2 9 9 0 0
split_gain=0.0345335 0.0337949 0.00929719 0.242094 0.00642628
threshold=4.3358395989974943 53.248945147679329 96.610061287027591 95.63744271655024 99.762751742072041
decision_type=2 2 2 2 2
left_child=1 -1 4 -4 -2
right_child=2 -3 3 -5 -6
leaf_value=-0.0048804692147371518 0.00038389873457905208 0.00038389873457905208 0.00038389873457905208 0.011873734215709511 0.0016810238440750401
leaf_weight=1.2622747835703187 91.378392343409359 0.83724962710402895 3.6630184615496537 0.71605354407802213 2.8442907494027159
leaf_count=299 11261 223 507 15 48
internal_value=0.000289545 -0.00283589 0.000383899 0.00164206 0.000383899
internal_weight=100.701 2.09952 98.6018 4.37907 94.2227
internal_count=12353 522 11831 522 11309
is_linear=0
shrinkage=0.03


Tree=240
num_leaves=12
num_cat=0
split_feature=1 8 11 9 7 0 4 2 0 9 2
split_gain=0.0515402 0.128422 0.310435 0.369598 0.25795 0.257942 0.107786 0.0631932 0.0851507 0.0401984 0.0238406
threshold=43.970848318674406 63.69318181818182 22.396434268744173 35.825762869788029 21.010186757215624 56.004535147392296 83.275150922209761 60.914300216386621 97.546008575420345 87.138130686517798 22.594481833612274
decision_type=2 2 2 2 2 2 2 2 2 2 2
left_child=7 -2 -3 -4 -5 6 10 8 9 -1 -6
right_child=1 2 3 4 5 -7 -8 -9 -10 -11 -12
leaf_value=-0.0050693285737021853 -0.00080449914787579198 -0.00080449914787579198 -0.00080449914787579198 -0.00080449914787579198 -0.00080449914787579198 0.011210042240223813 0.0082179003932004255 -0.00080449914787579198 -0.00080449914787579198 -0.00080449914787579198 0.0017819783094210504
leaf_weight=8.4360262459376774 27.32995661359746 4.6463823108933893 6.9329090416431454 0.78827458084560831 1.2057501047383978 7.7375445431098342 0.57325418409891415 37.25982195942197 0.4844682083930828 1.4564958096016205 2.3320774440653622
leaf_count=1845 4731 475 651 46 267 342 15 3215 21 283 437
internal_value=-0.00010166 0.000550824 0.00210015 0.00409008 0.00697858 0.00827359 0.00163488 -0.000804499 -0.00305303 -0.00432243 -0.000804499
internal_weight=99.183 51.5461 24.2162 19.5698 12.6369 11.8486 4.11108 47.6368 10.377 9.89252 3.53783
internal_count=12328 6964 2233 1758 1107 1061 719 5364 2149 2128 704
is_linear=0
shrinkage=0.03


Tree=241
num_leaves=8
num_cat=0
split_feature=9 0 11 11 7 11 7
split_gain=0.0214743 0.188785 0.0491786 0.0207044 0.0070296 0.0347691 0.00114332
threshold=96.178188899707905 97.145989974937351 74.070004070004089 99.763869528854215 8.421985815602838 99.265604774917321 98.157538877620013
decision_type=2 2 2 2 2 2 2
left_child=3 2 -2 4 -1 6 -6
right_child=1 -3 -4 -5 5 -7 -8
leaf_value=-0.0016365551302734978 -0.00021333189806420656 0.011056082695271032 0.0036681156855832941 0.002365755658170847 -0.00038515725962351823 0.002365755658170847 -0.00021333189806420656
leaf_weight=2.3780798976076758 3.673053959850221 0.50230836216360319 2.1280777058564126 1.7320080704521377 84.508422246901318 2.0070930693764231 2.1990612382069221
leaf_count=535 517 11 101 33 10820 54 257
internal_value=-9.22483e-05 0.0014759 -0.000213332 -0.000213332 -0.000287526 -0.000233526 -0.000341912
internal_weight=99.1281 6.30344 5.80113 92.8247 91.0927 88.7146 86.7075
internal_count=12328 629 618 11699 11666 11131 11077
is_linear=0
shrinkage=0.03


Tree=242
num_leaves=14
num_cat=0
split_feature=1 8 7 9 4 4 2 0 0 4 9 1 1
split_gain=0.0398732 0.107642 0.173276 0.210238 0.251661 0.118829 0.0541072 0.0801575 0.0497832 0.127675 0.0354969 0.0182509 0.0114223
threshold=43.970848318674406 63.69318181818182 21.010186757215624 35.825762869788029 98.269402373879998 14.486034892292574 60.914300216386621 97.546008575420345 55.207131462511676 83.275150922209761 87.138130686517798 33.576655299801082 10.080714685977846
decision_type=2 2 2 2 2 2 2 2 2 2 2 2 2
left_child=6 -2 -3 4 -4 -5 7 10 9 -7 11 -1 -12
right_child=1 2 3 5 -6 8 -8 -9 -10 -11 12 -13 -14
leaf_value=-0.0058375347445342876 -0.00071610471338931947 -0.00071610471338931947 -0.00071610471338931947 -0.00071610471338931947 0.0050343667178304489 -0.00071610471338931947 -0.00071610471338931947 -0.00071610471338931947 0.0078167324318038755 0.0078167324318038755 -0.0038242536019308937 -0.0019635030660378723 -0.00071610471338931947
leaf_weight=5.2883817845722572 27.303949833381921 1.5357195211108798 7.4847807853948343 1.3386849069502176 0.57802854990586627 3.3461275396402903 37.221110113780014 0.48501811875030476 9.4196795832831395 0.57158487569540728 0.36283975094556864 3.0643913222011179 1.0932833100669084
leaf_count=1220 4731 143 690 255 7 665 3215 21 458 15 33 625 250
internal_value=-9.67321e-05 0.000476612 0.001894 0.00300469 -0.000716105 0.00503437 -0.000716105 -0.00280348 0.00589075 0.00503437 -0.00407384 -0.00477816 -0.000716105
internal_weight=99.0936 51.5786 24.2746 22.7389 8.06281 14.6761 47.515 10.2939 13.3374 3.91771 9.8089 8.35277 1.45612
internal_count=12328 6964 2233 2090 697 1393 5364 2149 1138 680 2128 1845 283
is_linear=0
shrinkage=0.03


Tree=243
num_leaves=11
num_cat=0
split_feature=1 8 11 4 0 4 2 0 1 7
split_gain=0.0447096 0.097903 0.307197 0.186854 0.0752328 0.142155 0.0488308 0.0772966 0.011893 0.00646289
threshold=43.970848318674406 63.69318181818182 22.396434268744173 14.486034892292574 56.004535147392296 78.188264865110796 60.914300216386621 97.546008575420345 33.576655299801082 73.385416666666671
decision_type=2 2 2 2 2 2 2 2 2 2
left_child=6 -2 -3 -4 5 -5 7 8 -1 -6
right_child=1 2 3 4 9 -7 -8 -9 -10 -11
leaf_value=-0.004792413224032073 -0.00072422087166893541 -0.00072422087166893541 -0.00072422087166893541 -0.00072422087166893541 0.0060997762790355086 0.0060997762790355086 -0.00072422087166893541 -0.00072422087166893541 -0.0017747359067888996 0.0090455267191190229
leaf_weight=6.3070599242346326 27.267663013073616 4.7018557486590025 1.6858309376984859 4.0751781056169447 9.0879564448259718 0.86267935810610641 37.130920472904108 0.48568283254280764 3.4665549796773121 3.9581261631101379
leaf_count=1404 4731 475 310 853 424 40 3215 21 724 131
internal_value=-0.000105151 0.000501064 0.00184646 0.00391398 0.00495992 0.00142826 -0.000762424 -0.00271321 -0.00398616 0.00609978
internal_weight=99.0295 51.6393 24.3716 19.6698 17.9839 4.93786 47.3902 10.2593 9.77361 13.0461
internal_count=12328 6964 2233 1758 1448 893 5364 2149 2128 555
is_linear=0
shrinkage=0.03


Tree=244
num_leaves=15
num_cat=0
split_feature=1 8 11 4 9 9 1 9 1 4 11 1 7 9
split_gain=0.0458337 0.160161 0.199814 0.255027 0.191055 0.0648571 0.041535 0.0258097 0.147878 0.0763492 0.0233925 0.0550359 0.0375099 0.0519514
threshold=37.558768347864479 66.06451612903227 22.396434268744173 69.570344544708789 96.178188899707905 43.226559893226565 84.431893412777228 35.368577810871194 49.527184118751684 14.486034892292574 90.291433826130032 15.279802186361271 96.039215686274517 97.332859174964454
decision_type=2 2 2 2 2 2 2 2 2 2 2 2 2 2
left_child=10 -2 -3 4 7 -5 -7 -4 -9 -10 11 12 13 -1
right_child=1 2 3 5 -6 6 -8 8 9 -11 -12 -13 -14 -15
leaf_value=-0.0045196566503824575 -0.0008624664880795272 -0.0008624664880795272 -0.0008624664880795272 0.0033611537518356588 0.0068613105441537375 0.0068613105441537375 0.013538353326350375 -0.0008624664880795272 -0.0008624664880795272 0.0033611537518356588 -0.0008624664880795272 -0.0008624664880795272 -0.0008624664880795272 -0.0008624664880795272
leaf_weight=10.519671589834614 31.941926005296409 4.9198687400203225 3.9101729462854564 4.9099712602328474 0.73624955932609815 3.1478378192987293 1.6356395713519303 0.88445209618657816 0.75115681160241354 4.4495351049117744 14.474474950926377 15.654407750465905 0.41624256060458797 0.54630402661860067
leaf_count=1405 5365 480 576 190 31 164 33 161 161 575 576 2488 58 65
internal_value=-0.000115674 0.00043226 0.00217208 0.00358178 0.000287137 0.00686131 0.00925166 -0.000862466 0.0010475 0.00336115 -0.000862466 -0.00174263 -0.0032654 -0.00383446
internal_weight=98.8979 57.2868 25.3449 20.425 10.7316 9.69345 4.78348 9.99532 6.08514 5.20069 41.6111 27.1366 11.4822 11.066
internal_count=12328 7736 2371 1891 1504 387 197 1473 897 736 4592 4016 1528 1470
is_linear=0
shrinkage=0.03


Tree=245
num_leaves=7
num_cat=0
split_feature=1 3 8 3 7 7
split_gain=0.0248076 0.218128 0.0153646 0.0166722 0.00151248 0.000688778
threshold=99.034980501717015 89.821006687222209 2.5158227848101271 2.1352343213517808 76.253132832080226 8.421985815602838
decision_type=2 2 2 2 2 2
left_child=2 -2 -1 4 -4 -5
right_child=1 -3 3 5 -6 -7
leaf_value=-0.002758762346329686 0.00032794499426069541 0.0085904413208140254 -0.002758762346329686 -0.00031443258987052234 -9.7693834779735976e-06 0.00032794499426069541
leaf_weight=0.46263801422901352 1.3444828826468431 2.2225445602089167 0.67741343611851235 2.9213703249115488 0.20074693905189633 91.487146000610664
leaf_count=126 101 33 173 599 54 11248
internal_value=0.000434654 0.00260003 0.000327945 0.000327945 -0.00252572 0.000327945
internal_weight=99.3163 3.56703 95.7493 95.2867 0.87816 94.4085
internal_count=12334 134 12200 12074 227 11847
is_linear=0
shrinkage=0.03


Tree=246
num_leaves=6
num_cat=0
split_feature=1 3 8 3 1
split_gain=0.0253155 0.219981 0.0150682 0.0161337 0.000163468
threshold=99.034980501717015 89.821006687222209 2.5158227848101271 2.1352343213517808 23.261761886902534
decision_type=2 2 2 2 2
left_child=2 -2 -1 -4 -5
right_child=1 -3 3 4 -6
leaf_value=-0.0027170003589989159 0.00034243363927689895 0.0086377572813510894 -0.0024683742359064213 0.00014620528162354461 0.00034243363927689895
leaf_weight=0.4613766479305913 1.3451330056414001 2.2286651865579188 0.8751234479714175 28.199247052427381 66.183232079027221
leaf_count=126 101 33 227 2761 9086
internal_value=0.00045047 0.00263655 0.000342434 0.000342434 0.000342434
internal_weight=99.2928 3.5738 95.719 95.2576 94.3825
internal_count=12334 134 12200 12074 11847
is_linear=0
shrinkage=0.03


Tree=247
num_leaves=6
num_cat=0
split_feature=1 8 8 0 2
split_gain=0.0192024 0.193574 0.0149489 0.000801424 0.00536321
threshold=99.034980501717015 72.029411764705898 2.5158227848101271 2.1352343213517808 33.386320259055147
decision_type=2 2 2 2 2
left_child=2 -2 -1 4 -4
right_child=1 -3 3 -5 -6
leaf_value=-0.0026816454847208952 0.00036958543561835223 0.0086954518396194606 -0.0016006342607420121 0.00036958543561835223 0.00036958543561835223
leaf_weight=0.45978568331338365 1.7848330878186964 1.7795067904517052 0.54435921169351686 94.435983161441982 0.18853228678926826
leaf_count=126 102 32 152 11868 54
internal_value=0.000464547 0.00237314 0.000369585 0.000369585 -0.000401884
internal_weight=99.193 3.56434 95.6287 95.1689 0.732891
internal_count=12334 134 12200 12074 206
is_linear=0
shrinkage=0.03


Tree=248
num_leaves=6
num_cat=0
split_feature=1 8 8 0 2
split_gain=0.0203029 0.198262 0.0149352 0.000788374 0.00535537
threshold=99.034980501717015 72.029411764705898 2.5158227848101271 2.1352343213517808 33.386320259055147
decision_type=2 2 2 2 2
left_child=2 -2 -1 4 -4
right_child=1 -3 3 -5 -6
leaf_value=-0.0026591737314781098 0.00039406723524808117 0.0088169736370949138 -0.0015796183037825897 0.00039406723524808117 0.00039406723524808117
leaf_weight=0.45854452403727819 1.7853383328765624 1.7906063678674398 0.54317975300364096 94.399781089974567 0.18850550591014326
leaf_count=126 102 32 152 11868 54
internal_value=0.000492039 0.00245252 0.000394067 0.000394067 -0.000379492
internal_weight=99.166 3.57594 95.59 95.1315 0.731685
internal_count=12334 134 12200 12074 206
is_linear=0
shrinkage=0.03


Tree=249
num_leaves=5
num_cat=0
split_feature=1 3 3 0
split_gain=0.0154229 0.196446 0.00770664 0.00215883
threshold=99.034980501717015 89.821006687222209 3.3219998738780405 36.426126759824051
decision_type=2 2 2 2
left_child=2 -2 3 -1
right_child=1 -3 -4 -5
leaf_value=-0.0016449396335488865 0.00040537669449537076 0.0081232881549556189 0.00040537669449537076 0.000390839879171386
leaf_weight=1.1902403405401845 1.353741820668801 2.2191797811537981 94.202104929601774 0.1801110035739838
leaf_count=331 101 33 11820 49
internal_value=0.00049154 0.00220368 0.000405377 -0.00132536
internal_weight=99.1454 3.57292 95.5725 1.37035
internal_count=12334 134 12200 380
is_linear=0
shrinkage=0.03


Tree=250
num_leaves=10
num_cat=0
split_feature=2 1 2 1 11 8 11 1 1
split_gain=0.0137139 0.00747016 0.0879834 0.122924 0.0869337 0.0512888 0.214967 0.0333003 0.0100534
threshold=2.0506664338513478 36.773498018375072 94.346440044135974 6.8839839623687604 94.781424630402498 66.458333333333343 22.396434268744173 41.988245852121004 90.240998838559833
decision_type=2 2 2 2 2 2 2 2 2
left_child=-1 2 3 -2 -5 -3 -7 -8 -9
right_child=1 5 -4 4 -6 6 7 8 -10
leaf_value=-0.0032415455795854597 -0.0032415455795854597 -0.00030683562356612694 -0.00030683562356612694 -0.0023646422044481621 -0.00030683562356612694 -0.00030683562356612694 -0.00030683562356612694 0.0026207190393874812 0.0048184515218969472
leaf_weight=0.76037434255704184 6.1739764589583528 32.427671256009489 9.5824381775455532 18.282283312873918 6.4001505987253031 5.0229597929865148 1.570232091005894 14.270624693483116 4.6397200955543658
leaf_count=203 610 5311 548 3090 204 467 184 1444 242
internal_value=-0.000586621 -0.000533685 -0.000843414 -0.00199892 -0.000666254 -0.000306836 0.00101423 0.00303449 0.00337487
internal_weight=99.1304 98.3701 40.4388 30.8564 24.6824 57.9312 25.5035 20.4806 18.9103
internal_count=12303 12100 4452 3904 3294 7648 2337 1870 1686
is_linear=0
shrinkage=0.03


Tree=251
num_leaves=4
num_cat=0
split_feature=2 11 2
split_gain=0.0130787 0.00302659 0.0408046
threshold=2.0506664338513478 6.6026202887853493 72.160428093515392
decision_type=2 2 2
left_child=-1 2 -2
right_child=1 -3 -4
leaf_value=-0.003188379816601384 -0.003188379816601384 -0.00049249283327959363 -0.00049249283327959363
leaf_weight=0.7583822226151814 2.6768692862242451 93.638244094327092 1.9264729879796503
leaf_count=203 589 11315 196
internal_value=-0.000592032 -0.000540064 -0.00124714
internal_weight=99 98.2416 4.60334
internal_count=12303 12100 785
is_linear=0
shrinkage=0.03


Tree=252
num_leaves=6
num_cat=0
split_feature=2 1 2 1 8
split_gain=0.0120687 0.00822811 0.198055 0.000118375 0.0491789
threshold=2.0506664338513478 6.8839839623687604 94.346440044135974 36.773498018375072 66.458333333333343
decision_type=2 2 2 2 2
left_child=-1 2 -2 -3 -5
right_child=1 3 -4 4 -6
leaf_value=-0.0030890431302614194 -0.0030890431302614194 -0.00043573580596436976 -0.00043573580596436976 -0.00043573580596436976 0.00086426781887609871
leaf_weight=0.75358901720028271 6.1146746287122351 30.19957303465344 4.0043770615011454 32.442504924023524 25.477524550631642
leaf_count=203 610 3636 206 5311 2337
internal_value=-0.000589077 -0.000538966 -0.00131788 -0.000435736 -0.000364809
internal_weight=98.9922 98.2387 10.1191 88.1196 57.92
internal_count=12303 12100 816 11284 7648
is_linear=0
shrinkage=0.03


Tree=253
num_leaves=4
num_cat=0
split_feature=1 2 2
split_gain=0.0126107 0.335374 0.0123467
threshold=6.8839839623687604 94.346440044135974 2.0506664338513478
decision_type=2 2 2
left_child=1 -1 -2
right_child=2 -3 -4
leaf_value=-0.0071728829746367465 -0.0030001985927526728 -0.00048505330237146304 -0.00043018091515280711
leaf_weight=6.0478779656114039 0.7513464066432779 4.0004243733128533 88.114839297602884
leaf_count=610 203 206 11284
internal_value=-0.000610589 -0.00157642 -0.000485053
internal_weight=98.9145 10.0483 88.8662
internal_count=12303 816 11487
is_linear=0
shrinkage=0.03


Tree=254
num_leaves=4
num_cat=0
split_feature=2 8 4
split_gain=0.0112935 0.00192801 0.000471306
threshold=2.0506664338513478 2.5158227848101271 5.6939581902714158
decision_type=2 2 2
left_child=-1 -2 -3
right_child=1 2 -4
leaf_value=-0.0030083190285739724 -0.0016975880689284791 -0.00091679669237402421 -0.00049234477367506556
leaf_weight=0.75027353409677644 0.46485506254248221 2.966140905278734 94.743275173241273
leaf_count=203 128 606 11366
internal_value=-0.000585711 -0.00053705 -0.000514387
internal_weight=98.9245 98.1743 97.7094
internal_count=12303 12100 11972
is_linear=0
shrinkage=0.03


Tree=255
num_leaves=8
num_cat=0
split_feature=9 1 1 11 8 11 11
split_gain=0.0464669 0.0650641 0.0473605 0.0977681 0.0323953 0.0305941 0.017475
threshold=96.610061287027591 76.603912256897345 6.8839839623687604 99.265604774917321 58.863819500402911 25.70780408599499 5.5620005155968038
decision_type=2 2 2 2 2 2 2
left_child=2 4 3 -1 -2 -6 -4
right_child=1 -3 6 -5 5 -7 -8
leaf_value=-0.0043980250338480683 -0.00062084175134420659 0.0059606720635619163 -0.0027685717319801619 -0.00062084175134420659 -0.00062084175134420659 0.0047185003579812953 -0.00062084175134420659
leaf_weight=8.6433389479061571 1.3811903186142438 1.2192539218813179 2.4931381576461709 1.7716429498977948 0.72252390813082445 1.0156756334472445 81.556612253771164
leaf_count=751 263 136 490 33 87 46 10549
internal_value=-0.000729567 0.00201849 -0.000875603 -0.00269705 -0.000595291 0.0026639 -0.000620842
internal_weight=98.8034 4.33864 94.4647 10.415 3.11939 1.7382 84.0498
internal_count=12355 532 11823 784 396 133 11039
is_linear=0
shrinkage=0.03


Tree=256
num_leaves=8
num_cat=0
split_feature=9 11 1 1 11 11 8
split_gain=0.0462933 0.0733333 0.0279968 0.0198397 0.0675035 0.0102151 0.000492924
threshold=96.610061287027591 72.63405627502992 76.603912256897345 6.8839839623687604 99.265604774917321 5.5620005155968038 58.15853166599436
decision_type=2 2 2 2 2 2 2
left_child=3 2 -2 4 -1 -5 -4
right_child=1 -3 6 5 -6 -7 -8
leaf_value=-0.003763605431085895 -0.0008697046457701045 0.0066927169365932765 0.00044255690477787738 -0.0027790417752097526 -0.0008697046457701045 -0.0008697046457701045 0.0031498965485142177
leaf_weight=8.567156386212444 2.4031521745491768 0.93497723108157504 0.45670520723797359 2.4930785286705932 1.7707809912972141 81.643996396218427 0.56525854300707579
leaf_count=751 335 75 80 490 33 10549 42
internal_value=-0.000723631 0.00201327 -0.000487886 -0.000869705 -0.00215095 -0.000869705 0.00275726
internal_weight=98.8351 4.36009 3.42512 94.475 10.3379 84.1371 1.02196
internal_count=12355 532 457 11823 784 11039 122
is_linear=0
shrinkage=0.03


Tree=257
num_leaves=7
num_cat=0
split_feature=9 11 8 11 8 8
split_gain=0.03424 0.0982186 0.0159602 0.014182 0.0130839 0.00412768
threshold=96.610061287027591 80.281728951617808 47.580015612802505 5.5620005155968038 6.3560463237274449 99.375000000000014
decision_type=2 2 2 2 2 2
left_child=3 2 -2 5 -5 -1
right_child=1 -3 -4 4 -6 -7
leaf_value=-0.0032014699504202861 -0.00085511435879566595 0.0071915337362665737 0.0011919748997791392 -0.0027465874304436547 -0.00085511435879566595 -0.00085511435879566595
leaf_weight=2.2588327149860561 0.89996917848475222 0.88816871959716071 2.6466727792285383 1.8407858267892141 89.780692158732563 0.51317255571484555
leaf_count=495 184 57 291 451 10855 22
internal_value=-0.000729268 0.0016138 -0.000855114 -0.000855114 -0.000855114 -0.00274659
internal_weight=98.8283 4.43481 3.54664 94.3935 91.6215 2.77201
internal_count=12355 532 475 11823 11306 517
is_linear=0
shrinkage=0.03


Tree=258
num_leaves=7
num_cat=0
split_feature=9 1 8 1 8 8
split_gain=0.0329551 0.0744274 0.0481958 0.0201376 0.00826543 0.000882386
threshold=96.610061287027591 76.603912256897345 58.863819500402911 6.8839839623687604 93.2882882882883 5.5175038051750382
decision_type=2 2 2 2 2 2
left_child=3 2 -2 -1 5 -5
right_child=1 -3 -4 4 -6 -7
leaf_value=-0.0021397830400924581 -0.00084996702941193315 0.0058434550780804041 0.0031370159302252757 -0.0016928731345033619 1.280579407891208e-05 -0.00084996702941193315
leaf_weight=10.328457743395118 1.4282778499182307 1.2233343275729565 1.7852786404546348 1.3895669344346959 13.739577190950511 68.931655068416148
leaf_count=784 263 136 133 364 822 9853
internal_value=-0.000726552 0.00157238 -0.000849967 -0.000849967 -0.000849967 -0.000849967
internal_weight=98.8261 4.43689 3.21356 94.3893 84.0608 70.3212
internal_count=12355 532 396 11823 11039 10217
is_linear=0
shrinkage=0.03


Tree=259
num_leaves=7
num_cat=0
split_feature=9 1 8 1 2 8
split_gain=0.0305707 0.0858776 0.0404419 0.0183551 0.197555 0.00875111
threshold=96.610061287027591 76.603912256897345 58.863819500402911 6.8839839623687604 94.524587312544512 93.2882882882883
decision_type=2 2 2 2 2 2
left_child=3 2 -2 4 -1 -5
right_child=1 -3 -4 5 -6 -7
leaf_value=-0.005900869248586898 -0.00084337717271184556 0.0060807817447237483 0.0028468343019973407 -0.00084337717271184556 -0.00084337717271184556 2.6577394274763215e-05
leaf_weight=6.6526562700746563 1.431894049746915 1.2451585254166273 1.7925077374093232 70.285526626859792 3.6762945405207574 13.756707392400129
leaf_count=605 263 136 133 10217 179 822
internal_value=-0.000724294 0.00148454 -0.000843377 -0.000843377 -0.00207665 -0.000843377
internal_weight=98.8407 4.46956 3.2244 94.3712 10.329 84.0422
internal_count=12355 532 396 11823 784 11039
is_linear=0
shrinkage=0.03


Tree=260
num_leaves=7
num_cat=0
split_feature=11 9 10 10 2 11
split_gain=0.0208378 0.0389715 0.151335 0.00706212 0.0664381 0.077293
threshold=99.763869528854215 95.354232989801986 70.46767786204407 29.217479674796753 78.449256983058575 99.265604774917321
decision_type=2 2 2 2 2 2
left_child=1 3 -3 4 5 -1
right_child=-2 2 -4 -5 -6 -7
leaf_value=-0.0030194918732512131 0.0029543972224588071 0.00014281665336016456 0.0029543972224588071 0.00014281665336016456 0.00014281665336016456 0.00014281665336016456
leaf_weight=12.577244358370081 1.8190130547154684 4.4405789768788955 3.0422946037724614 70.451492591761053 6.7722164335427797 0.40189952636137682
leaf_count=2267 32 525 179 8682 619 13
internal_value=0.000404219 0.000327276 0.00227189 0.000142817 -0.000411504 -0.00203318
internal_weight=99.5047 97.6857 7.48287 90.2029 19.7514 12.9791
internal_count=12317 12285 704 11581 2899 2280
is_linear=0
shrinkage=0.03


Tree=261
num_leaves=8
num_cat=0
split_feature=11 9 8 2 8 7 2
split_gain=0.0192377 0.0369583 0.133083 0.00387348 0.0386117 0.0302361 0.0038474
threshold=99.763869528854215 95.354232989801986 58.863819500402911 56.090012928248228 80.537518037518055 73.727351164797241 1.3747887161289647
decision_type=2 2 2 2 2 2 2
left_child=1 3 -3 6 5 -5 -1
right_child=-2 2 -4 4 -6 -7 -8
leaf_value=-0.0017841903951196704 0.0028588385635889401 0.00015035372116042038 0.0028588385635889401 -0.00015620248752718619 0.0014608860053455018 0.00015035372116042038 -0.00015620248752718619
leaf_weight=0.31570113392081012 1.8105038960929949 2.8920669527724376 4.5898405683692545 28.051591776194982 17.80867325689178 8.0542946598725376 36.020526731503196
leaf_count=96 32 453 251 3316 934 749 6486
internal_value=0.00040399 0.000330019 0.002224 0.000150354 0.000150354 -0.000156202 -0.000156202
internal_weight=99.5432 97.7327 7.48191 90.2508 53.9146 36.1059 36.3362
internal_count=12317 12285 704 11581 4999 4065 6582
is_linear=0
shrinkage=0.03


Tree=262
num_leaves=7
num_cat=0
split_feature=11 9 10 10 2 11
split_gain=0.0176435 0.0367824 0.137198 0.00568745 0.0631779 0.0754379
threshold=99.763869528854215 95.354232989801986 70.46767786204407 29.217479674796753 78.449256983058575 99.265604774917321
decision_type=2 2 2 2 2 2
left_child=1 3 -3 4 5 -1
right_child=-2 2 -4 -5 -6 -7
leaf_value=-0.002939847097882164 0.0027656136781400685 0.00016315620938157953 0.0027656136781400685 0.00016315620938157953 0.00016315620938157953 0.00016315620938157953
leaf_weight=12.496504741371609 1.8117451262660313 4.462816414423286 3.0371064969804138 70.557383801671676 6.7826554562197989 0.40225204103626389
leaf_count=2267 32 525 179 8682 619 13
internal_value=0.000413906 0.000342745 0.00223014 0.000163156 -0.000335632 -0.00194946
internal_weight=99.5505 97.7387 7.49992 90.2388 19.6814 12.8988
internal_count=12317 12285 704 11581 2899 2280
is_linear=0
shrinkage=0.03


Tree=263
num_leaves=14
num_cat=0
split_feature=11 8 10 2 2 11 2 2 11 8 2 2 11
split_gain=0.0172162 0.0379546 0.0404101 0.0603108 0.0714309 0.0648148 0.0645357 0.0576428 0.0126985 0.00299837 0.0107532 0.00180984 0.00102547
threshold=99.763869528854215 64.747307373653697 29.217479674796753 81.837749226996493 96.565910177818367 21.724473517873808 7.0312227455084608 98.775455695098572 1.2239920418044972 54.616477272727273 59.927882551584013 2.0506664338513478 63.856757406566395
decision_type=2 2 2 2 2 2 2 2 2 2 2 2 2
left_child=1 7 4 5 -3 -4 -7 8 -1 11 -11 -10 -8
right_child=-2 2 3 -5 -6 6 12 -9 9 10 -12 -13 -14
leaf_value=-0.0033540628978524583 0.0027004555528815401 -0.00025629152712561417 -0.00025629152712561417 0.0027004555528815401 0.0027004555528815401 -0.00025629152712561417 0.00157643462371982 0.0027004555528815401 -0.0017237357738276809 -0.0005475238948165484 -0.00025629152712561417 -0.0005475238948165484 0.0026043313498085008
leaf_weight=0.35092227754648675 1.80530335754156 7.0181179076898834 4.4015031644376057 13.506723062600939 0.78618808742612589 1.0980548122897769 8.9269183281576279 0.76379150128923257 0.3940545980585729 3.493186100269666 5.7612072452902794 40.402583499555476 10.824717742390929
leaf_count=101 32 780 504 563 25 174 1123 29 121 634 433 7082 716
internal_value=0.000376227 0.000306375 0.00091706 0.00134478 -0.000256292 0.00043573 0.00154596 -0.000256292 -0.00046552 -0.000379964 -0.000256292 -0.000547524 0.00223812
internal_weight=99.5333 97.728 46.5622 38.7579 7.80431 25.2512 20.8497 51.1657 50.402 50.051 9.25439 40.7966 19.7516
internal_count=12317 12285 3885 3080 805 2517 2013 8400 8371 8270 1067 7203 1839
is_linear=0
shrinkage=0.03


Tree=264
num_leaves=4
num_cat=0
split_feature=11 11 2
split_gain=0.0160767 0.0130907 0.0107075
threshold=99.763869528854215 1.2239920418044972 98.490927766462221
decision_type=2 2 2
left_child=1 -1 -3
right_child=-2 2 -4
leaf_value=-0.0025154730868422667 0.0026546925103483657 0.00031325798629614366 0.0020502337619301659
leaf_weight=0.44385055918246408 1.8016082951799024 94.983620186918415 2.3535721309017381
leaf_count=125 32 12068 92
internal_value=0.000405126 0.000337223 0.000375679
internal_weight=99.5827 97.781 97.3372
internal_count=12317 12285 12160
is_linear=0
shrinkage=0.03


Tree=265
num_leaves=11
num_cat=0
split_feature=10 3 11 11 9 8 8 10 11 8
split_gain=0.0338078 0.136808 0.113409 0.112293 0.082416 0.0746799 0.00231537 0.0019907 0.00456617 0.00438638
threshold=17.445652173913047 99.034980501717015 99.763869528854215 82.511061946902672 58.204833141542004 39.314988290398134 2.5158227848101271 31.017241379310349 5.5620005155968038 23.310502283105027
decision_type=2 2 2 2 2 2 2 2 2 2
left_child=4 2 6 -3 -1 -6 -2 9 -9 -8
right_child=1 3 -4 -5 5 -7 7 8 -10 -11
leaf_value=-0.0041280978821010197 -0.0013963372766575494 9.304180679751674e-05 0.0044251196235442049 0.0078497549275970968 -0.0041280978821010197 -0.00019337783493564095 -0.0013963372766575494 -0.00019337783493564095 9.304180679751674e-05 -0.00019337783493564095
leaf_weight=4.7955131588969362 0.43402450054418196 3.0413287151604882 1.4335062108002592 2.8200362059287727 1.8771988111548124 5.0294214154127985 1.1939795236103208 3.0523293644655487 66.141099110711366 8.5621414261404407
leaf_count=865 120 69 26 37 384 498 270 556 8225 1253
internal_value=0.000149954 0.000358092 1.26446e-05 0.00442512 -0.00129855 -0.000193378 -0.000193378 -0.000169382 -2.99374e-05 -0.000193378
internal_weight=98.3806 86.6784 80.8171 5.86136 11.7021 6.90662 79.3836 78.9495 69.1934 9.75612
internal_count=12303 10556 10450 106 1747 882 10424 10304 8781 1523
is_linear=0
shrinkage=0.03


Tree=266
num_leaves=9
num_cat=0
split_feature=3 11 11 11 1 8 1 1
split_gain=0.0332578 0.262193 0.0106572 0.00640017 0.00790254 0.0191605 0.0786285 0.0016151
threshold=99.034980501717015 66.293355138405374 1.2239920418044972 99.763869528854215 85.563847429519086 80.537518037518055 0.92380723791236641 36.773498018375072
decision_type=2 2 2 2 2 2 2 2
left_child=2 -2 -1 4 5 6 -4 -7
right_child=1 -3 3 -5 -6 7 -8 -9
leaf_value=-0.0026159363272537399 -1.5445151005465319e-05 0.007444206689870096 -0.0026159363272537399 0.0015033787664947998 -1.5445151005465319e-05 -0.00032933292818724652 -0.00032933292818724652 -1.5445151005465319e-05
leaf_weight=0.41836127417627622 2.7338745975866905 3.8226474011316895 0.72194720432162185 1.5613051555119444 14.698745519388465 11.642822565161625 52.05432006821502 10.75454944767989
leaf_count=114 69 67 72 29 1736 790 8342 1084
internal_value=0.000141776 0.00205489 -1.54452e-05 -1.54452e-05 -1.73252e-05 -0.000321021 -0.000688455 -1.54452e-05
internal_weight=98.4086 6.55652 91.8521 91.4337 89.8724 75.1736 52.7763 22.3974
internal_count=12303 136 12167 12053 12024 10288 8414 1874
is_linear=0
shrinkage=0.03


Tree=267
num_leaves=6
num_cat=0
split_feature=10 7 11 8 1
split_gain=0.0346886 0.140447 0.0775677 0.0454669 0.0175489
threshold=17.445652173913047 53.923076923076927 99.763869528854215 58.863819500402911 85.563847429519086
decision_type=2 2 2 2 2
left_child=1 3 4 -1 -2
right_child=2 -3 -4 -5 -6
leaf_value=-0.0051168903239521678 0.00033665057496023889 0.00033665057496023889 0.005671833782079732 -0.0002351967890970744 0.0014029084078252634
leaf_weight=5.798129933071321 70.286274951067753 3.4483337745768941 1.4565714332275081 2.4309875855688006 14.83739391970448
leaf_count=1009 8982 460 26 278 1548
internal_value=0.000125541 -0.00134278 0.000336651 -0.00385652 0.000336651
internal_weight=98.2577 11.6775 86.5802 8.22912 85.1237
internal_count=12303 1747 10556 1287 10530
is_linear=0
shrinkage=0.03


Tree=268
num_leaves=7
num_cat=0
split_feature=3 11 11 1 8 11
split_gain=0.0316911 0.239102 0.0101333 0.00562846 0.0127971 0.0140715
threshold=99.034980501717015 66.293355138405374 1.2239920418044972 85.563847429519086 80.537518037518055 99.265604774917321
decision_type=2 2 2 2 2 2
left_child=2 -2 -1 4 5 -4
right_child=1 -3 3 -5 -6 -7
leaf_value=-0.0025438949443726514 -6.0210965152258469e-06 0.0071183525996892294 -0.00075555434794416119 -6.0210965152258469e-06 -6.0210965152258469e-06 -6.0210965152258469e-06
leaf_weight=0.41597400780301441 2.7496236991137257 3.8481578424107283 51.310185960959643 14.756161279277874 22.401268952875398 2.7734671165235332
leaf_count=114 69 67 8370 1740 1878 65
internal_value=0.000148252 0.00201014 -6.0211e-06 -6.0211e-06 -0.000265229 -0.000557022
internal_weight=98.2548 6.59778 91.6571 91.2411 76.4849 54.0837
internal_count=12303 136 12167 12053 10313 8435
is_linear=0
shrinkage=0.03


Tree=269
num_leaves=9
num_cat=0
split_feature=10 3 11 8 1 11 1 11
split_gain=0.033127 0.0889825 0.0744576 0.0527545 0.0554871 0.0524243 0.0248434 0.0103132
threshold=17.445652173913047 99.034980501717015 99.763869528854215 58.863819500402911 44.354321551236914 82.511061946902672 85.563847429519086 6.2932497715106424
decision_type=2 2 2 2 2 2 2 2
left_child=3 2 6 4 -1 -3 -2 -8
right_child=1 5 -4 -5 -6 -7 7 -9
leaf_value=-0.0053242412420807204 -0.00010923710490099064 0.00051982331203794853 0.0036120453959713797 -0.00010923710490099064 -0.00030923612097679185 0.0059720295162059411 -0.00010923710490099064 0.00051982331203794853
leaf_weight=3.2382064852863532 65.961147588444874 3.078018477652221 1.4486891697160889 4.4540142575278878 3.9834383100969717 2.8127770954743028 0.89502464467659493 12.30732992547564
leaf_count=534 8907 69 26 509 704 37 127 1390
internal_value=0.0001335 0.000339863 5.94174e-05 -0.0013016 -0.00293205 0.00361205 -0.000109237 0.000519823
internal_weight=98.1786 86.503 80.6122 11.6757 7.22164 5.8908 79.1635 13.2024
internal_count=12303 10556 10450 1747 1238 106 10424 1517
is_linear=0
shrinkage=0.03


Tree=270
num_leaves=8
num_cat=0
split_feature=4 9 9 1 0 1 9
split_gain=0.0233055 0.0546934 0.0146436 0.254955 0.0346672 0.0059339 0.00154095
threshold=5.6939581902714158 38.507877664504186 96.178188899707905 83.642826367944863 95.63744271655024 65.222332015810295 5.3101503759398501
decision_type=2 2 2 2 2 2 2
left_child=1 -1 6 4 -4 -3 -2
right_child=2 5 3 -5 -6 -7 -8
leaf_value=-0.0058401205241355066 -0.0010557547650094355 -0.0027540566734365005 -0.00020201937019519148 0.0096805305301490459 0.0053282300853295349 -0.00020201937019519148 -0.00020201937019519148
leaf_weight=1.2396658271318295 2.4580638617044306 0.48164185415953364 4.2580387499183407 1.4852416981011627 1.0641979691572485 1.2960295241791753 87.273746639140882
leaf_count=276 428 124 492 106 21 285 10651
internal_value=-0.000297371 -0.00253844 -0.000202019 0.00109923 -0.000202019 -0.000202019 -0.000202019
internal_weight=99.5566 3.01734 96.5393 6.80748 5.32224 1.77767 89.7318
internal_count=12383 685 11698 619 513 409 11079
is_linear=0
shrinkage=0.03


Tree=271
num_leaves=7
num_cat=0
split_feature=9 1 4 2 0 7
split_gain=0.0115612 0.259187 0.00540845 0.00837954 0.00174137 0.00033402
threshold=96.178188899707905 83.642826367944863 5.6939581902714158 6.6991780571009922 95.63744271655024 7.7524038461538476
decision_type=2 2 2 2 2 2
left_child=2 4 -1 -4 -2 -5
right_child=1 -3 3 5 -6 -7
leaf_value=-0.0015403504303305184 -0.00039396179966368137 0.0093443809956495257 -0.0015403504303305184 -0.0011821284611540819 0.0038407261750241992 -0.00039396179966368137
leaf_weight=2.8219312813598654 4.2978760937694451 1.5814851839095352 2.5364789379527783 1.8089307246264059 1.1086728652007876 85.39195757987909
leaf_count=648 512 123 564 395 21 10120
internal_value=-0.000303005 0.000800254 -0.000393962 -0.000393962 -0.000393962 -0.000393962
internal_weight=99.5473 6.98803 92.5593 89.7374 5.40655 87.2009
internal_count=12383 656 11727 11079 533 10515
is_linear=0
shrinkage=0.03


Tree=272
num_leaves=7
num_cat=0
split_feature=9 7 0 4 9 9
split_gain=0.0206216 0.0273654 0.0292243 0.00496552 0.0364994 0.00722643
threshold=96.178188899707905 13.136324417601381 95.63744271655024 5.6939581902714158 38.507877664504186 5.3101503759398501
decision_type=2 2 2 2 2 2
left_child=3 -2 -3 4 -1 -5
right_child=1 2 -4 5 -6 -7
leaf_value=-0.0045735261274218912 -0.00043079093354194369 0.00065815643494406711 0.0049880904611023123 -0.0018593637358201352 -0.00043079093354194369 -0.00043079093354194369
leaf_weight=1.1960738445632153 0.98962877620942791 4.9593560395296663 1.1970658260397611 2.3946334766224018 1.6235288940370081 87.171134387026541
leaf_count=276 177 460 19 428 372 10651
internal_value=-0.000307225 0.00114704 0.00207944 -0.000430791 -0.00153469 -0.000430791
internal_weight=99.5314 7.14605 6.15642 92.3854 2.8196 89.5658
internal_count=12383 656 479 11727 648 11079
is_linear=0
shrinkage=0.03


Tree=273
num_leaves=7
num_cat=0
split_feature=9 11 0 4 9 9
split_gain=0.0177758 0.176156 0.0155156 0.00469762 0.0345179 0.00421148
threshold=96.178188899707905 75.740334272534355 95.63744271655024 5.6939581902714158 38.507877664504186 5.3101503759398501
decision_type=2 2 2 2 2 2
left_child=3 2 -2 4 -1 -5
right_child=1 -3 -4 5 -6 -7
leaf_value=-0.0044504868163130875 -0.00041382971693294351 0.0065124487125219977 0.0049135659662467813 -0.0015283364951526309 -0.00041382971693294351 -0.00041382971693294351
leaf_weight=1.1870106488931917 3.872242815559729 2.6729007798712701 0.60102285025641311 2.3699795054271808 1.624075142201036 87.226619972963817
leaf_count=276 543 98 15 428 372 10651
internal_value=-0.00029924 0.00105143 -0.00041383 -0.00041383 -0.00148821 -0.00041383
internal_weight=99.5539 7.14617 4.47327 92.4077 2.81109 89.5966
internal_count=12383 656 558 11727 648 11079
is_linear=0
shrinkage=0.03


Tree=274
num_leaves=6
num_cat=0
split_feature=4 9 9 11 9
split_gain=0.00804055 0.0306713 0.00910266 0.127417 0.00215762
threshold=5.6939581902714158 38.507877664504186 96.178188899707905 75.740334272534355 5.3101503759398501
decision_type=2 2 2 2 2
left_child=1 -1 4 -4 -2
right_child=2 -3 3 -5 -6
leaf_value=-0.0042677131909672978 -0.0011397515350791557 -0.00024317129952135147 -0.00024317129952135147 0.0055336017169796518 -0.00024317129952135147
leaf_weight=1.1785549537744366 2.3431198896141714 1.7761165667325256 4.3204135315027079 2.6853927224874496 87.225623287842609
leaf_count=276 428 409 522 97 10651
internal_value=-0.000300206 -0.00163152 -0.000243171 0.000772059 -0.000243171
internal_weight=99.5292 2.95467 96.5745 7.00581 89.5687
internal_count=12383 685 11698 619 11079
is_linear=0
shrinkage=0.03


Tree=275
num_leaves=8
num_cat=0
split_feature=9 8 10 2 1 8 1
split_gain=0.034549 0.110942 0.0939912 0.114341 0.0426048 0.0203854 0.00171346
threshold=96.178188899707905 42.146381578947377 17.445652173913047 89.186156390266959 84.431893412777228 48.999599839935975 18.087849103238145
decision_type=2 2 2 2 2 2 2
left_child=2 -2 3 -1 6 -4 -3
right_child=1 4 5 -5 -6 -7 -8
leaf_value=-0.0044338273252841828 8.0699747797175481e-05 0.00082739503856670558 8.0699747797175481e-05 8.0699747797175481e-05 0.0083215500819778243 0.0007775367563693207 0.0027499444773696892
leaf_weight=8.2003615333233011 1.4052414600737382 1.8615468114148823 18.990885235369205 2.941136998590081 1.1869456104468552 62.355320681119338 2.2798546936828643
leaf_count=1463 236 77 3856 209 66 6214 254
internal_value=0.000242657 0.0021691 8.06997e-05 -0.00255894 0.00467513 8.06997e-05 0.00221478
internal_weight=99.2213 6.73359 92.4877 11.1415 5.32835 81.3462 4.1414
internal_count=12375 633 11742 1672 397 10070 331
is_linear=0
shrinkage=0.03


Tree=276
num_leaves=10
num_cat=0
split_feature=10 1 4 3 2 2 8 10 8
split_gain=0.0314648 0.113172 0.0904997 0.102714 0.207442 0.0245666 0.00991279 0.0367487 0.00100103
threshold=54.890004782400773 99.034980501717015 95.217122202416348 66.028675271155905 94.061724215752676 6.6991780571009922 6.7117117117117129 37.581168831168839 13.383084577114429
decision_type=2 2 2 2 2 2 2 2 2
left_child=5 2 -2 -4 -5 8 7 -7 -1
right_child=1 -3 3 4 -6 6 -8 -9 -10
leaf_value=-0.0043393079628846632 -0.00024249267833010451 0.0061969310069834253 -0.00024249267833010451 0.00016710561967406818 0.0061969310069834253 -0.0030588888668962363 -0.00024249267833010451 -0.00024249267833010451 -0.0012687058394464349
leaf_weight=0.21621855115517852 37.72059987380635 2.3021245973650357 1.7677905110176642 6.3437558128498477 2.8121244087815285 0.62996820791158714 45.126219844562002 0.76438104058615863 1.5785957379266617
leaf_count=56 4834 65 77 156 46 136 6381 198 426
internal_value=0.000304135 0.000817222 0.000442925 0.00272262 0.0041655 -0.000242493 -0.000242493 -0.00232317 -0.00305889
internal_weight=99.2618 50.9464 48.6443 10.9237 9.15588 48.3154 46.5206 1.39435 1.79481
internal_count=12375 5178 5113 279 202 7197 6715 334 482
is_linear=0
shrinkage=0.03


Tree=277
num_leaves=7
num_cat=0
split_feature=9 0 1 10 2 2
split_gain=0.0292933 0.519322 0.100923 0.0857238 0.108903 0.00198338
threshold=96.178188899707905 96.382816333206151 99.034980501717015 17.445652173913047 89.186156390266959 7.0312227455084608
decision_type=2 2 2 2 2 2
left_child=3 2 -2 4 -1 -5
right_child=1 -3 -4 5 -6 -7
leaf_value=-0.0042173918179262736 0.00015355153097258551 0.01641725763753343 0.0092981486553630737 -0.0015988087748712708 0.00015355153097258551 0.00015355153097258551
leaf_weight=8.1708807179238629 5.4604025452863416 0.87552766129374493 0.50728343753144134 3.2545866955770171 2.9442907863995051 77.97737075004261
leaf_count=1463 612 14 7 713 209 9357
internal_value=0.000304777 0.00206575 0.000153552 0.000153552 -0.00237036 0.000153552
internal_weight=99.1903 6.84321 5.96769 92.3471 11.1152 81.232
internal_count=12375 633 619 11742 1672 10070
is_linear=0
shrinkage=0.03


Tree=278
num_leaves=7
num_cat=0
split_feature=9 3 1 10 2 2
split_gain=0.022524 0.216915 0.0868456 0.0347673 0.0915746 0.000703855
threshold=96.178188899707905 91.763359806165042 99.034980501717015 17.445652173913047 89.186156390266959 56.090012928248228
decision_type=2 2 2 2 2 2
left_child=3 2 -2 4 -1 -5
right_child=1 -3 -4 5 -6 -7
leaf_value=-0.0033489971354056305 0.00020758349707121975 0.0094075535326154907 0.0083656054371048956 -0.00018313939842088759 0.00020758349707121975 0.00020758349707121975
leaf_weight=7.9960817352402938 4.8071843520738176 1.5680870357900856 0.44926590938121069 32.735583870788105 3.0167105299187824 48.611459412262775
leaf_count=1463 581 46 6 5806 209 4264
internal_value=0.0003409 0.00188802 0.000207583 0.000207583 -0.00140746 0.000207583
internal_weight=99.1844 6.82454 5.25645 92.3598 11.0128 81.347
internal_count=12375 633 587 11742 1672 10070
is_linear=0
shrinkage=0.03


Tree=279
num_leaves=6
num_cat=0
split_feature=1 3 8 10 10
split_gain=0.0190446 0.222117 0.0314642 0.0443463 0.00473171
threshold=99.034980501717015 89.821006687222209 6.7117117117117129 37.011669203450033 81.411960132890371
decision_type=2 2 2 2 2
left_child=2 -2 3 -1 -5
right_child=1 -3 -4 4 -6
leaf_value=-0.006252636528927661 0.00021895558270410272 0.0086131447169819422 0.00021895558270410272 -0.0012179443857513587 0.00021895558270410272
leaf_weight=0.63139710959512685 1.5694004967808717 2.0941866575740278 93.150637799291871 1.1618791783694176 0.51694317662622769
leaf_count=136 109 33 11684 287 126
internal_value=0.000312828 0.0021874 0.000218956 -0.00270835 0.000218956
internal_weight=99.1244 3.66359 95.4609 2.31022 1.67882
internal_count=12375 142 12233 549 413
is_linear=0
shrinkage=0.03


Tree=280
num_leaves=3
num_cat=0
split_feature=1 0
split_gain=0.0352646 0.000798227
threshold=0.92380723791236641 2.1352343213517808
decision_type=2 2
left_child=-1 -2
right_child=1 -3
leaf_value=-0.0036196200557924662 -0.00071267818690824735 -0.00010263927270631481
leaf_weight=1.6599506415659551 1.0071806571213517 95.683671215199865
leaf_count=96 259 12041
internal_value=-0.000211191 -0.000116224
internal_weight=98.3508 96.6909
internal_count=12396 12300
is_linear=0
shrinkage=0.03


Tree=281
num_leaves=4
num_cat=0
split_feature=1 11 0
split_gain=0.0270895 0.047565 0.000359042
threshold=0.92380723791236641 5.5620005155968038 2.1352343213517808
decision_type=2 2 2
left_child=-1 -2 -3
right_child=1 2 -4
leaf_value=-0.0032346559149679429 -0.003021978553193951 -0.00041000110647106033 1.3130365786911971e-05
leaf_weight=1.6325867780251417 3.9197596433805293 0.84071615163702418 91.94524892186746
leaf_count=96 685 222 11393
internal_value=-0.000230699 -0.000147399 4.96566e-06
internal_weight=98.3383 96.7057 92.786
internal_count=12396 12300 11615
is_linear=0
shrinkage=0.03


Tree=282
num_leaves=4
num_cat=0
split_feature=1 11 0
split_gain=0.0240787 0.0356671 0.000426635
threshold=0.92380723791236641 5.5620005155968038 2.1352343213517808
decision_type=2 2 2
left_child=-1 -2 -3
right_child=1 2 -4
leaf_value=-0.0030495673369023281 -0.0026405072440407388 -0.00045982543506085683 1.3997463293558027e-06
leaf_weight=1.6326974426629011 3.8740875512594348 0.84097974025644262 92.026865650550462
leaf_count=96 685 222 11393
internal_value=-0.00021751 -0.000139003 -7.6311e-06
internal_weight=98.3746 96.7419 92.8678
internal_count=12396 12300 11615
is_linear=0
shrinkage=0.03


Tree=283
num_leaves=3
num_cat=0
split_feature=1 11
split_gain=0.0232445 0.0314253
threshold=0.92380723791236641 5.5620005155968038
decision_type=2 2
left_child=-1 -2
right_child=1 -3
leaf_value=-0.0029961653201972522 -0.0024877452456303524 -1.406085716571563e-05
leaf_weight=1.6343214472290117 3.8647102123359209 92.894088967819698
leaf_count=96 685 11615
internal_value=-0.000214454 -0.000137301
internal_weight=98.3931 96.7588
internal_count=12396 12300
is_linear=0
shrinkage=0.03


Tree=284
num_leaves=5
num_cat=0
split_feature=1 11 0 0
split_gain=0.0211057 0.0307172 0.000426038 0.000372298
threshold=0.92380723791236641 5.5620005155968038 2.1352343213517808 65.859521575984999
decision_type=2 2 2 2
left_child=-1 3 -3 -2
right_child=1 2 -4 -5
leaf_value=-0.0028691519116140615 -0.0028691519116140615 -0.00047099137480640269 -9.88626907250606e-06 -0.0011084166468975521
leaf_weight=1.6265695969341312 1.8385344886919477 0.84078033128753205 92.07573699823115 2.0166846151696518
leaf_count=96 476 222 11393 209
internal_value=-0.0002143 -0.000140787 -1.90293e-05 -0.00246701
internal_weight=98.3983 96.7717 92.9165 3.85522
internal_count=12396 12300 11615 685
is_linear=0
shrinkage=0.03


Tree=285
num_leaves=5
num_cat=0
split_feature=8 4 11 1
split_gain=0.00988243 0.00593926 0.0141722 0.00222373
threshold=2.5158227848101271 5.2948331788693244 51.067363628699106 23.261761886902534
decision_type=2 2 2 2
left_child=-1 2 -2 -3
right_child=1 3 -4 -5
leaf_value=-0.003020437333839623 -0.003020437333839623 -0.00042118351712230716 -0.00042118351712230716 -0.0002415829140287247
leaf_weight=0.43007212760858138 1.5428237797459581 29.06340692366939 1.17573546920903 66.544941854779609
leaf_count=120 366 2799 227 8746
internal_value=-0.000513364 -0.0004721 -0.00166795 -0.000421184
internal_weight=98.757 98.3269 2.71856 95.6083
internal_count=12258 12138 593 11545
is_linear=0
shrinkage=0.03


Tree=286
num_leaves=7
num_cat=0
split_feature=9 0 11 1 4 8
split_gain=0.00893049 0.107331 0.0832909 0.00542261 0.00236792 0.00591493
threshold=96.501427988576111 95.63744271655024 70.942080524460394 23.662214928413785 5.6939581902714158 54.616477272727273
decision_type=2 2 2 2 2 2
left_child=3 2 -2 -1 -5 -6
right_child=1 -3 -4 4 5 -7
leaf_value=-0.0010144137681914751 -0.00059002947240256948 0.0069088232709826631 0.0054935899103065516 -0.0010144137681914751 -0.0010144137681914751 -0.00059002947240256948
leaf_weight=28.030692746164277 2.9731060680933288 0.88125459244474758 1.2330851936712859 2.7627579732798031 27.61976335127838 35.215868376893923
leaf_count=2761 451 17 80 601 4971 3377
internal_value=-0.000522372 0.000615168 -0.000590029 -0.000590029 -0.000590029 -0.000590029
internal_weight=98.7165 5.08745 4.20619 93.6291 65.5984 62.8356
internal_count=12258 548 531 11710 8949 8348
is_linear=0
shrinkage=0.03


Tree=287
num_leaves=6
num_cat=0
split_feature=8 9 1 1 4
split_gain=0.00872385 0.00919141 0.0770913 0.00710243 0.00118048
threshold=2.5158227848101271 96.501427988576111 76.603912256897345 23.662214928413785 5.6939581902714158
decision_type=2 2 2 2 2
left_child=-1 3 -3 -2 -5
right_child=1 2 -4 4 -6
leaf_value=-0.0028743120734433625 -0.0010222769400032186 -0.00054106847803529236 0.0051096605024097703 -0.0010222769400032186 -0.00054106847803529236
leaf_weight=0.42606405250262369 27.868977970443666 3.5206366747152051 1.4649485412519423 2.7190416232915586 62.652347137103789
leaf_count=120 2739 403 115 588 8293
internal_value=-0.000511531 -0.000472418 0.000687373 -0.000541068 -0.000541068
internal_weight=98.652 98.226 4.98559 93.2404 65.3714
internal_count=12258 12138 518 11620 8881
is_linear=0
shrinkage=0.03


Tree=288
num_leaves=6
num_cat=0
split_feature=8 9 0 11 4
split_gain=0.0086493 0.00702415 0.102438 0.0663231 0.00361912
threshold=2.5158227848101271 96.501427988576111 95.63744271655024 70.942080524460394 5.2948331788693244
decision_type=2 2 2 2 2
left_child=-1 4 3 -3 -2
right_child=1 2 -4 -5 -6
leaf_value=-0.0028485531578296593 -0.0015071347693443708 -0.00051751237625636832 0.0067355849859536063 0.0050545240323764873 -0.00051751237625636832
leaf_weight=0.4247700774576505 2.5993471179390317 2.8765737332869312 0.88957355171442021 1.2184759455267338 90.663523907074705
leaf_count=120 568 425 17 76 11052
internal_value=-0.000496542 -0.000457774 0.000559642 -0.000517512 -0.000517512
internal_weight=98.6723 98.2475 4.98462 4.09505 93.2629
internal_count=12258 12138 518 501 11620
is_linear=0
shrinkage=0.03


Tree=289
num_leaves=7
num_cat=0
split_feature=8 9 0 11 0 4
split_gain=0.00851882 0.00580373 0.102751 0.0608462 0.00356321 0.00138234
threshold=2.5158227848101271 96.501427988576111 95.63744271655024 70.942080524460394 2.1352343213517808 5.2948331788693244
decision_type=2 2 2 2 2 2
left_child=-1 4 3 -3 -2 -6
right_child=1 2 -4 -5 5 -7
leaf_value=-0.0028303303866260704 -0.0018657607327009457 -0.00051045988735746583 0.0067207992269639576 0.0049114823243977422 -0.0012443382849002219 -0.00051045988735746583
leaf_weight=0.42359190993010898 0.88772822357714076 2.8781743193976572 0.88388062920421351 1.2208451149053869 1.9810792778152961 90.392608179128729
leaf_count=120 226 425 17 76 419 10975
internal_value=-0.000494867 -0.00045638 0.000471943 -0.00051046 -0.00051046 -0.00051046
internal_weight=98.6679 98.2443 4.9829 4.09902 93.2614 92.3737
internal_count=12258 12138 518 501 11620 11394
is_linear=0
shrinkage=0.03


Tree=290
num_leaves=8
num_cat=0
split_feature=1 11 3 1 2 2 3
split_gain=0.0808196 0.215715 0.0232407 0.00709069 0.077735 0.00482457 0.00272394
threshold=89.821006687222209 30.369192958085115 88.676972039099809 23.261761886902534 41.66364296081278 61.71295248868779 86.347202295552378
decision_type=2 2 2 2 2 2 2
left_child=3 -2 -3 4 -1 6 -6
right_child=1 2 -4 -5 5 -7 -8
leaf_value=-0.0053148185462806056 0.00019279250585346451 0.0027552465514440838 0.007092246411500051 0.00019279250585346451 -0.0014620576517612384 0.00019279250585346451 0.00019198747590339782
leaf_weight=1.5191979269729952 3.7783576875226563 3.9160401970148069 4.6102745216339827 57.06937056791503 1.5081573602510645 24.654190224828199 1.0712547900620846
leaf_count=377 488 651 131 8136 402 1984 92
internal_value=0.000532403 0.00270858 0.00559863 0.000192793 -0.000271683 0.000187924 -0.000913395
internal_weight=98.1268 12.3047 8.52631 85.8222 28.7528 27.2336 2.57941
internal_count=12261 1270 782 10991 2855 2478 494
is_linear=0
shrinkage=0.03


Tree=291
num_leaves=9
num_cat=0
split_feature=1 11 7 1 2 7 2 2
split_gain=0.0356826 0.143944 0.0278333 0.00752463 0.0578583 0.0131503 0.113368 0.00942302
threshold=89.821006687222209 30.369192958085115 93.38797814207652 23.261761886902534 41.66364296081278 83.457711442786078 94.249411686901723 61.71295248868779
decision_type=2 2 2 2 2 2 2 2
left_child=3 -2 -3 4 -1 6 7 -6
right_child=1 2 -4 -5 5 -7 -8 -9
leaf_value=-0.0045657823213540987 0.00029761004088143026 0.0030787830616703081 0.0082448891196339261 0.00029761004088143026 -0.0040790713797575623 0.00029761004088143026 0.00029761004088143026 -0.0017835578852715911
leaf_weight=1.486245615058581 3.776356339105404 7.7842564262682554 0.96773148211650539 56.982166805537418 2.1303912329021903 4.2681905962526789 7.2306816945783785 13.514190158806739
leaf_count=377 488 724 58 8136 434 304 392 1348
internal_value=0.000527647 0.0019614 0.0044369 0.00029761 -0.000183586 0.000210069 -0.00041545 -0.00232244
internal_weight=98.1402 12.5283 8.75199 85.6119 28.6297 27.1435 22.8753 15.6446
internal_count=12261 1270 782 10991 2855 2478 2174 1782
is_linear=0
shrinkage=0.03


Tree=292
num_leaves=9
num_cat=0
split_feature=1 11 7 1 2 7 2 2
split_gain=0.0319133 0.137602 0.0368169 0.0045428 0.0348845 0.0122627 0.109851 0.00772642
threshold=89.821006687222209 30.369192958085115 93.38797814207652 23.261761886902534 41.66364296081278 83.457711442786078 94.249411686901723 61.71295248868779
decision_type=2 2 2 2 2 2 2 2
left_child=3 -2 -3 4 -1 6 7 -6
right_child=1 2 -4 -5 5 -7 -8 -9
leaf_value=-0.0034777691830922435 0.00033633803109308166 0.0029205565895868992 0.0084955377559062639 0.00033633803109308166 -0.0034777691830922435 0.00033633803109308166 0.00033633803109308166 -0.001724561803755714
leaf_weight=1.443305821041579 3.7756872347090384 7.7969737695530039 0.98323291563428927 56.960259656887501 2.1230381245259258 4.2748523245099923 7.2331421157577998 13.520199120859614
leaf_count=377 488 724 58 8136 434 304 392 1348
internal_value=0.000554979 0.00191007 0.00434967 0.000336338 -4.04557e-05 0.000259313 -0.000352114 -0.00223796
internal_weight=98.1107 12.5559 8.78021 85.5548 28.5945 27.1512 22.8764 15.6432
internal_count=12261 1270 782 10991 2855 2478 2174 1782
is_linear=0
shrinkage=0.03


Tree=293
num_leaves=9
num_cat=0
split_feature=1 11 7 1 2 7 2 2
split_gain=0.0282759 0.132958 0.0355638 0.00148409 0.0384813 0.00573426 0.0885408 0.0149425
threshold=89.821006687222209 30.369192958085115 93.38797814207652 23.261761886902534 41.66364296081278 83.457711442786078 94.249411686901723 61.289544177773926
decision_type=2 2 2 2 2 2 2 2
left_child=3 -2 -3 4 -1 6 7 -6
right_child=1 2 -4 -5 5 -7 -8 -9
leaf_value=-0.0034852181967867666 0.0003710510981109109 0.0028735974878099447 0.0083374963435651848 0.0003710510981109109 -0.0034852181967867666 0.0003710510981109109 0.0003710510981109109 -0.0013382298693122483
leaf_weight=1.4372721854597355 3.779724628548137 7.9684791287872923 0.97988853277638543 56.935338911251165 1.9726092147175283 4.2760381663683793 7.2377700636861837 13.573386104893869
leaf_count=377 488 724 58 8136 418 304 392 1364
internal_value=0.000579023 0.00184624 0.00424985 0.000371051 0.000147558 0.000371051 -0.000110265 -0.00189994
internal_weight=98.1605 12.7281 8.94837 85.4324 28.4971 27.0598 22.7838 15.546
internal_count=12261 1270 782 10991 2855 2478 2174 1782
is_linear=0
shrinkage=0.03


Tree=294
num_leaves=6
num_cat=0
split_feature=1 11 7 7 1
split_gain=0.0253591 0.128783 0.0638896 0.00184451 0.0134296
threshold=89.821006687222209 30.369192958085115 93.38797814207652 54.616477272727273 23.662214928413785
decision_type=2 2 2 2 2
left_child=3 -2 -3 -1 -5
right_child=1 2 -4 4 -6
leaf_value=0.00019210647442164736 0.00037955808375471307 0.002554296645198898 0.0092012777978774975 0.00019210647442164736 0.00037955808375471307
leaf_weight=50.343810547026806 3.7505744211375704 8.0115295047871751 1.0292593557387579 12.297745483461766 22.749615282402374
leaf_count=7177 488 724 58 981 2833
internal_value=0.0005774 0.00177485 0.00415205 0.000379558 0.000379558
internal_weight=98.1825 12.7914 9.04079 85.3912 35.0474
internal_count=12261 1270 782 10991 3814
is_linear=0
shrinkage=0.03


Tree=295
num_leaves=4
num_cat=0
split_feature=1 0 4
split_gain=0.0104866 0.00281381 0.0101112
threshold=0.92380723791236641 0.92380723791236641 1.3230574734999516
decision_type=2 2 2
left_child=-1 2 -2
right_child=1 -3 -4
leaf_value=-0.0017453127052760116 -0.0017453127052760116 0.00027790960675670479 0.00027790960675670479
leaf_weight=1.4151939769508306 0.22229305934160848 95.640047523193061 0.21184893744066358
leaf_count=98 43 12076 59
internal_value=0.000214189 0.000260734 -0.00107842
internal_weight=97.4894 96.0742 0.434142
internal_count=12276 12178 102
is_linear=0
shrinkage=0.03


Tree=296
num_leaves=5
num_cat=0
split_feature=1 11 4 4
split_gain=0.0100003 0.0124738 0.0297778 0.00110937
threshold=0.92380723791236641 5.5620005155968038 97.864765678648226 5.2948331788693244
decision_type=2 2 2 2
left_child=-1 2 -2 -3
right_child=1 3 -4 -5
leaf_value=-0.0017000218326100511 -0.0017000218326100511 -0.0002232453785155404 0.00033301666874285476 0.00035072250321693793
leaf_weight=1.4134495528414834 3.3425857989350329 2.4929972972022361 0.31639941432513286 89.930769810569473
leaf_count=98 654 564 13 10947
internal_value=0.000214505 0.00025989 -0.00126225 0.000333017
internal_weight=97.4962 96.0828 3.65899 92.4238
internal_count=12276 12178 667 11511
is_linear=0
shrinkage=0.03


Tree=297
num_leaves=4
num_cat=0
split_feature=11 0 11
split_gain=0.00702117 0.00367592 0.00284582
threshold=1.2239920418044972 0.92380723791236641 24.037371358799934
decision_type=2 2 2
left_child=-1 2 -2
right_child=1 -3 -4
leaf_value=-0.0018775270833819155 -0.0018775270833819155 0.00026278670399665561 0.00026278670399665561
leaf_weight=0.4362113542156284 0.22943867882713576 96.632649072795175 0.19762820727191865
leaf_count=120 57 12055 44
internal_value=0.000214498 0.000242951 -0.00128437
internal_weight=97.4959 97.0597 0.427067
internal_count=12276 12156 101
is_linear=0
shrinkage=0.03


Tree=298
num_leaves=4
num_cat=0
split_feature=1 0 4
split_gain=0.00938998 0.00284362 0.00969601
threshold=0.92380723791236641 0.92380723791236641 1.3230574734999516
decision_type=2 2 2
left_child=-1 2 -2
right_child=1 -3 -4
leaf_value=-0.0016398341941222586 -0.0016398341941222586 0.00027575894152958739 0.00027575894152958739
leaf_weight=1.4165231245569874 0.22227717353962262 95.644209599471651 0.21171847346704453
leaf_count=98 43 12076 59
internal_value=0.000214515 0.000258465 -0.00108732
internal_weight=97.4947 96.0782 0.433996
internal_count=12276 12178 102
is_linear=0
shrinkage=0.03


Tree=299
num_leaves=4
num_cat=0
split_feature=1 0 4
split_gain=0.00745235 0.00285884 0.00882283
threshold=0.92380723791236641 0.92380723791236641 1.3230574734999516
decision_type=2 2 2
left_child=-1 2 -2
right_child=1 -3 -4
leaf_value=-0.0014437071895998254 -0.0014437071895998254 0.00026895840945169913 0.00026895840945169913
leaf_weight=1.4076259796274815 0.22225061419885506 95.653746096184477 0.21174764994066209
leaf_count=98 43 12076 59
internal_value=0.000212672 0.000251557 -0.00109677
internal_weight=97.4954 96.0877 0.433998
internal_count=12276 12178 102
is_linear=0
shrinkage=0.03


Tree=300
num_leaves=7
num_cat=0
split_feature=9 0 11 11 7 3
split_gain=0.0229557 0.122111 0.190648 0.0103157 0.00773846 0.00124948
threshold=96.501427988576111 95.63744271655024 84.392924149021724 1.5461953951723924 8.0322580645161299 94.063845892824517
decision_type=2 2 2 2 2 2
left_child=3 2 -2 -1 5 -5
right_child=1 -3 -4 4 -6 -7
leaf_value=-0.0024527961276529721 8.9505565238746451e-05 0.0089014200012711032 0.0089014200012711032 -0.0016409338670014995 8.9505565238746451e-05 8.9505565238746451e-05
leaf_weight=0.43767757015302677 3.4557620622217646 0.69918366149067868 0.92750013829208899 1.7518517398275424 91.168846956570633 0.22300425684079517
leaf_count=124 490 13 47 453 11169 40
internal_value=0.000206561 0.0019928 8.95056e-05 8.95056e-05 8.95056e-05 -0.00145621
internal_weight=98.6638 5.08245 4.38326 93.5814 93.1437 1.97486
internal_count=12336 550 537 11786 11662 493
is_linear=0
shrinkage=0.03


Tree=301
num_leaves=8
num_cat=0
split_feature=11 9 0 2 0 9 3
split_gain=0.012895 0.0111776 0.141667 0.0228581 0.02963 0.00275462 0.00101726
threshold=1.2239920418044972 96.501427988576111 95.63744271655024 60.914300216386621 99.762751742072041 84.463601532567068 99.762751742072041
decision_type=2 2 2 2 2 2 2
left_child=5 3 -3 6 -5 -1 -2
right_child=1 2 -4 4 -6 -7 -8
leaf_value=-0.0032876665306943212 -0.00054484465229967679 0.00015465859635333822 0.0091436785194270107 0.00015465859635333822 0.0035829581972629957 -0.00054484465229967679 0.00015465859635333822
leaf_weight=0.19550288806203653 40.087996423128061 4.338307778351008 0.71145747043192376 49.38576651585754 2.6472545864526174 0.25939362053759396 1.0048189535737027
leaf_count=50 7137 505 13 4487 44 76 24
internal_value=0.000198363 0.000237593 0.00148866 0.000154659 0.000154659 -0.00261215 -0.000544845
internal_weight=98.6305 98.1756 5.04977 93.1258 52.033 0.454897 41.0928
internal_count=12336 12210 518 11692 4531 126 7161
is_linear=0
shrinkage=0.03


Tree=302
num_leaves=11
num_cat=0
split_feature=11 2 0 7 3 0 0 0 2 2
split_gain=0.0127056 0.00469446 0.0440316 0.0267515 0.168668 0.0399219 0.00241073 0.000372912 7.49086e-06 0.000542087
threshold=1.2239920418044972 60.914300216386621 99.762751742072041 55.051020408163275 84.063299232736583 91.06517002936441 79.129600558172001 0.92380723791236641 2.0506664338513478 1.3747887161289647
decision_type=2 2 2 2 2 2 2 2 2 2
left_child=-1 7 3 -3 -5 6 -6 -2 9 -9
right_child=1 2 -4 4 5 -7 -8 8 -10 -11
leaf_value=-0.0026110075311063952 -0.00051795385719783727 -1.5487260898993157e-05 0.003590037297253411 -1.5487260898993157e-05 -1.5487260898993157e-05 0.003590037297253411 0.0011270575534730154 -0.00051795385719783727 -1.5487260898993157e-05 -1.5487260898993157e-05
leaf_weight=0.45436506543774058 0.33028686337638546 30.570968630025163 2.6421123575419179 9.8388798473170045 1.8685613134875874 6.614747655345127 3.0621853263583034 0.27243950427509744 42.520450697746128 0.43075346027035266
leaf_count=126 84 3114 44 1332 50 127 77 85 7191 106
internal_value=0.000178275 0.000217391 0.000400101 0.000173151 0.00106144 0.00359004 0.000711321 -1.54873e-05 -1.54873e-05 -0.000117021
internal_weight=98.6058 98.1514 54.5975 51.9553 21.3844 11.5455 4.93075 43.5539 43.2236 0.703193
internal_count=12336 12210 4744 4700 1586 254 127 7466 7382 191
is_linear=0
shrinkage=0.03


Tree=303
num_leaves=5
num_cat=0
split_feature=11 9 0 9
split_gain=0.011473 0.0119038 0.142952 0.00333649
threshold=1.2239920418044972 96.44957983193278 95.63744271655024 84.463601532567068
decision_type=2 2 2 2
left_child=3 -2 -3 -1
right_child=1 2 -4 -5
leaf_value=-0.0031560186287223611 0.00012834670567917384 0.00012834670567917384 0.0091469878334413165 0.00012834670567917384
leaf_weight=0.19283202430233259 92.972326090559363 4.4194342342670998 0.72291973745450366 0.25828693225048482
leaf_count=50 11672 525 13 76
internal_value=0.00017723 0.000214298 0.00149439 -0.00247672
internal_weight=98.5658 98.1147 5.14235 0.451119
internal_count=12336 12210 538 126
is_linear=0
shrinkage=0.03


Tree=304
num_leaves=13
num_cat=0
split_feature=11 2 3 0 0 7 3 3 0 3 2 2
split_gain=0.0114563 0.00351918 0.0395099 0.00986922 0.00094938 0.0110467 0.0339436 0.00535206 0.000405525 7.6637e-05 2.01654e-05 0.000576286
threshold=1.2239920418044972 60.914300216386621 99.328828828828833 99.762751742072041 54.796045779652353 78.989813242784393 87.514172335600918 99.034980501717015 0.92380723791236641 99.762751742072041 2.0506664338513478 1.3747887161289647
decision_type=2 2 2 2 2 2 2 2 2 2 2 2
left_child=-1 8 3 4 -3 7 -7 -6 -2 10 11 -10
right_child=1 2 -4 -5 5 6 -8 -9 9 -11 -12 -13
leaf_value=-0.0024762283897254238 -0.00051289230083326849 1.1011917191655331e-05 0.0034938957285847194 0.0018700157652690858 1.1011917191655331e-05 1.1011917191655331e-05 0.0018700157652690858 0.0016887877216492642 -0.00051289230083326849 0.00021036397036651295 1.1011917191655331e-05 1.1011917191655331e-05
leaf_weight=0.45056034368462761 0.33015160146169265 7.6100319628603748 2.4251623763702801 1.8853242564946402 33.404107704176567 4.5757699590176326 3.8528101008851081 0.83910899329930444 0.27230981818865885 1.006463212892412 41.481760261347517 0.43040619872044772
leaf_count=126 84 1537 43 36 2625 415 73 15 85 24 7167 106
internal_value=0.000176265 0.000213307 0.000371478 0.000163337 6.41274e-05 0.000162276 0.00108825 1.10119e-05 1.10119e-05 1.10119e-05 1.10119e-05 -9.74195e-05
internal_weight=98.564 98.1134 54.5923 52.1672 50.2818 42.6718 8.42858 34.2432 43.5211 43.1909 42.1845 0.702716
internal_count=12336 12210 4744 4701 4665 3128 488 2640 7466 7382 7358 191
is_linear=0
shrinkage=0.03


Tree=305
num_leaves=8
num_cat=0
split_feature=8 11 8 2 2 2 2
split_gain=0.00662277 0.00545398 0.00448427 0.0154554 0.00554094 0.00178476 9.04544e-06
threshold=2.5158227848101271 1.2239920418044972 48.02597402597403 98.775455695098572 4.3358395989974943 2.0506664338513478 5.9933481152993355
decision_type=2 2 2 2 2 2 2
left_child=-1 -2 3 5 -4 -3 -6
right_child=1 2 4 -5 6 -7 -8
leaf_value=-0.0017154097065141961 -0.0014774267762098382 -0.0014774267762098382 -0.00035973492641784062 0.00052778291174083016 0.00010670511939139526 -0.00035973492641784062 0.00057737104028616722
leaf_weight=0.39637769770342757 0.43887184094637532 0.29041853907984716 1.4711259549949307 0.3746220909524699 0.54294956126250227 23.904415487428196 70.889880603877828
leaf_count=111 124 92 321 14 96 4677 6847
internal_value=0.000362023 0.000387691 0.000411006 5.74102e-05 0.000527783 -0.000359735 0.000575316
internal_weight=98.3087 97.9123 97.4734 24.5695 72.904 24.1948 71.4328
internal_count=12282 12171 12047 4783 7264 4769 6943
is_linear=0
shrinkage=0.03


Tree=306
num_leaves=8
num_cat=0
split_feature=8 11 8 2 2 2 2
split_gain=0.00642594 0.00533307 0.00382106 0.0146509 0.00526741 0.00182545 1.0945e-05
threshold=2.5158227848101271 1.2239920418044972 48.02597402597403 98.775455695098572 4.3358395989974943 2.0506664338513478 5.9933481152993355
decision_type=2 2 2 2 2 2 2
left_child=-1 -2 3 5 -4 -3 -6
right_child=1 2 4 -5 6 -7 -8
leaf_value=-0.0016897041091650839 -0.001462124011760998 -0.001462124011760998 -0.00033894489225313963 0.00051347938909490068 0.00010239761990298661 -0.00033894489225313963 0.00056220446521984275
leaf_weight=0.39555591472890128 0.43807770300190796 0.28975884418469888 1.4706010166555632 0.37456879345700045 0.5429960556793948 23.890591712319292 70.894390874309465
leaf_count=111 124 92 321 14 96 4677 6847
internal_value=0.00035733 0.000382602 0.000405659 7.79564e-05 0.000513479 -0.000338945 0.000560171
internal_weight=98.2965 97.901 97.4629 24.5549 72.908 24.1804 71.4374
internal_count=12282 12171 12047 4783 7264 4769 6943
is_linear=0
shrinkage=0.03


Tree=307
num_leaves=7
num_cat=0
split_feature=11 8 2 2 2 2
split_gain=0.00504676 0.00472156 0.0114386 0.00501771 0.00204949 1.0577e-05
threshold=1.2239920418044972 48.02597402597403 98.775455695098572 4.3358395989974943 2.0506664338513478 5.9933481152993355
decision_type=2 2 2 2 2 2
left_child=-1 2 4 -3 -2 -5
right_child=1 3 -4 5 -6 -7
leaf_value=-0.0014462448380170093 -0.0014462448380170093 -0.00031540224165004524 0.00048773384303828644 9.7228737719860052e-05 -0.00031540224165004524 0.00053611894179222323
leaf_weight=0.43729573988821258 0.29141666414217127 1.4681640702765424 0.41800881642848153 0.54298797983210434 24.214966454193927 70.932182032964192
leaf_count=124 93 321 16 96 4785 6847
internal_value=0.000344818 0.000367368 9.88004e-06 0.000487734 -0.000315402 0.000534172
internal_weight=98.305 97.8677 24.9244 72.9433 24.5064 71.4752
internal_count=12282 12158 4894 7264 4878 6943
is_linear=0
shrinkage=0.03


Tree=308
num_leaves=6
num_cat=0
split_feature=11 8 8 0 0
split_gain=0.00499197 0.00241604 0.00493104 0.000383271 0.000170299
threshold=1.2239920418044972 48.02597402597403 2.5158227848101271 2.1352343213517808 0.92380723791236641
decision_type=2 2 2 2 2
left_child=-1 2 -2 4 -3
right_child=1 3 -4 -5 -6
leaf_value=-0.0014354724347954183 -0.0014354724347954183 0.00020037652704173211 0.00020037652704173211 0.0004665962786680743 0.0004665962786680743
leaf_weight=0.43639723630621929 0.39484483737033116 0.23568902257829805 24.493371877586469 72.436024918686599 0.29484444833360612
leaf_count=124 111 56 4783 7133 75
internal_value=0.000346975 0.000369365 0.000108602 0.000455638 0.000200377
internal_weight=98.2912 97.8548 24.8882 72.9666 0.530533
internal_count=12282 12158 4894 7264 131
is_linear=0
shrinkage=0.03


Tree=309
num_leaves=7
num_cat=0
split_feature=8 11 8 0 0 0
split_gain=0.00582896 0.00494527 0.00219268 0.000487969 0.00062889 0.000109634
threshold=2.5158227848101271 1.2239920418044972 48.02597402597403 2.1352343213517808 0.92380723791236641 2.1352343213517808
decision_type=2 2 2 2 2 2
left_child=-1 -2 5 4 -4 -3
right_child=1 2 3 -5 -6 -7
leaf_value=-0.0016023784643725309 -0.0014054332637225457 -0.00015043688602072822 0.00014222485381630744 0.00048799559732709503 0.00048799559732709503 0.0001524040784223893
leaf_weight=0.39389686065260221 0.43501619843300332 0.35784725076519919 0.23542599217034776 72.443918461794965 0.29476111743133515 24.067241847980767
leaf_count=111 124 108 56 7133 75 4675
internal_value=0.000349672 0.000373664 0.000395812 0.00047762 0.000142225 0.000142225
internal_weight=98.2281 97.8342 97.3992 72.9741 0.530187 24.4251
internal_count=12282 12171 12047 7264 131 4783
is_linear=0
shrinkage=0.03


Tree=310
num_leaves=5
num_cat=0
split_feature=0 9 11 11
split_gain=0.00624539 0.00203807 0.00243943 0.000317149
threshold=2.1352343213517808 96.610061287027591 27.376877933040081 2.4477124183006542
decision_type=2 2 2 2
left_child=-1 -2 3 -3
right_child=1 2 -4 -5
leaf_value=-0.002572503076621731 -0.00079476742801191859 -0.00079476742801191859 0.00041604934902291174 -0.00021684637856088902
leaf_weight=0.95254881784785439 93.242022944381461 0.40366817475296501 2.6639872621744871 1.7972590117715297
leaf_count=247 11640 73 207 220
internal_value=-0.000806606 -0.000763676 -0.000133868 -0.000721518
internal_weight=99.0595 98.1069 4.86491 2.20093
internal_count=12387 12140 500 293
is_linear=0
shrinkage=0.03


Tree=311
num_leaves=5
num_cat=0
split_feature=0 9 11 11
split_gain=0.00608913 0.001749 0.00222665 0.000298385
threshold=2.1352343213517808 96.610061287027591 27.376877933040081 2.4477124183006542
decision_type=2 2 2 2
left_child=-1 -2 3 -3
right_child=1 2 -4 -5
leaf_value=-0.0025535418056611449 -0.00079331699788247659 -0.00079331699788247659 0.00036412018655828624 -0.00022214677473957994
leaf_weight=0.95103323576040466 93.243921978049912 0.40366536588407997 2.6614702015649527 1.797197261592373
leaf_count=247 11640 73 207 220
internal_value=-0.000806907 -0.00076438 -0.0001688 -0.000725672
internal_weight=99.0573 98.1063 4.86233 2.20086
internal_count=12387 12140 500 293
is_linear=0
shrinkage=0.03


Tree=312
num_leaves=3
num_cat=0
split_feature=0 11
split_gain=0.00597309 0.00175118
threshold=2.1352343213517808 1.2239920418044972
decision_type=2 2
left_child=-1 -2
right_child=1 -3
leaf_value=-0.0025386663369407723 -0.0019725304945009876 -0.00073905968403384207
leaf_weight=0.9499254320980971 0.43672151712234963 97.668792684213258
leaf_count=247 126 12014
internal_value=-0.000806616 -0.000764398
internal_weight=99.0554 98.1055
internal_count=12387 12140
is_linear=0
shrinkage=0.03


Tree=313
num_leaves=4
num_cat=0
split_feature=11 9 9
split_gain=0.00139528 0.00459205 0.000776152
threshold=1.2239920418044972 80.116279069767458 96.610061287027591
decision_type=2 2 2
left_child=1 -1 -2
right_child=2 -3 -4
leaf_value=-0.0031428382984685301 -0.00078207928485940633 -0.00078207928485940633 -0.00030756266379870952
leaf_weight=0.19716897141188283 93.785748340073042 0.25169704202562571 4.8187485453672698
leaf_count=55 11778 74 480
internal_value=-0.000806599 -0.0019355 -0.000782079
internal_weight=99.0534 0.448866 98.6045
internal_count=12387 129 12258
is_linear=0
shrinkage=0.03


Tree=314
num_leaves=4
num_cat=0
split_feature=11 9 9
split_gain=0.00139227 0.0045915 0.000662609
threshold=1.2239920418044972 80.116279069767458 96.610061287027591
decision_type=2 2 2
left_child=1 -1 -2
right_child=2 -3 -4
leaf_value=-0.0031433956584211516 -0.00078260036178872002 -0.00078260036178872002 -0.00032677630538078249
leaf_weight=0.19684533751569588 93.784032101160847 0.25168247008696198 4.8178704360034308
leaf_count=55 11778 74 480
internal_value=-0.000807115 -0.00193558 -0.0007826
internal_weight=99.0504 0.448528 98.6019
internal_count=12387 129 12258
is_linear=0
shrinkage=0.03


Tree=315
num_leaves=11
num_cat=0
split_feature=0 2 11 1 8 8 1 0 11 1
split_gain=0.109838 0.0204315 0.0313084 0.040776 0.139015 0.0420312 0.0670112 0.0302912 0.00344128 0.00268196
threshold=99.762751742072041 4.3358395989974943 5.5620005155968038 78.188264865110796 92.131062951496403 46.515298688683835 80.096533414068986 96.004434589800454 84.76965601965604 86.731022276045977
decision_type=2 2 2 2 2 2 2 2 2 2
left_child=1 8 7 -4 5 -5 -7 -3 -1 -8
right_child=-2 2 3 4 -6 6 9 -9 -10 -11
leaf_value=-0.0025993435318306447 0.0057341875956244438 -0.0022700037444715491 -4.1884869071450144e-06 -4.1884869071450144e-06 0.0057341875956244438 -4.1884869071450144e-06 0.001288159757767177 -4.1884869071450144e-06 -4.1884869071450144e-06 0.0032162057167485557
leaf_weight=1.7778011136688285 2.2875628238543859 2.9382356753340004 68.413756142253987 4.7021222774637925 2.9725652637425801 1.047446044627576 2.814544724998993 0.37298935255967069 0.26292557781562198 8.2268473547883314
leaf_count=473 40 616 8913 848 158 118 375 14 35 721
internal_value=0.000343903 0.000152801 0.000230803 0.000349157 0.0015136 0.000287144 0.00172944 -0.00227 -0.00227 0.00287252
internal_weight=95.8168 93.5292 91.4885 88.1773 19.7635 16.791 12.0888 3.31123 2.04073 11.0414
internal_count=12311 12271 11763 11133 2220 2062 1214 630 508 1096
is_linear=0
shrinkage=0.03


Tree=316
num_leaves=7
num_cat=0
split_feature=0 11 8 8 0 11
split_gain=0.106867 0.0203782 0.008313 0.0064841 0.0024278 9.84901e-06
threshold=99.762751742072041 2.4477124183006542 64.747307373653697 2.7973395931142417 99.328828828828833 5.5620005155968038
decision_type=2 2 2 2 2 2
left_child=1 2 -1 -3 5 -5
right_child=-2 3 -4 4 -6 -7
leaf_value=-0.0036329617418641561 0.0056770629031194075 -0.0017105575827520722 0.00024983066430903897 0.00024983066430903897 0.0011702856521080098 0.00027816129923605311
leaf_weight=0.74620911246165522 2.3068786116782567 0.51402875687926908 0.3238347910810262 2.3288992046145713 1.7465123096480955 87.856517833890393
leaf_count=207 40 152 85 365 44 11418
internal_value=0.000375953 0.000186503 -0.00276234 0.000249831 0.000279081 0.000249831
internal_weight=95.8229 93.516 1.07004 92.446 91.9319 90.1854
internal_count=12311 12271 292 11979 11827 11783
is_linear=0
shrinkage=0.03


Tree=317
num_leaves=7
num_cat=0
split_feature=0 11 2 4 0 0
split_gain=0.10638 0.0202381 0.0136532 0.017173 0.00128925 0.000246547
threshold=99.762751742072041 2.4477124183006542 4.3358395989974943 23.261761886902534 99.328828828828833 40.045507729583655
decision_type=2 2 2 2 2 2
left_child=1 -1 3 -3 -4 -5
right_child=-2 2 4 5 -6 -7
leaf_value=-0.0027555615603141021 0.0056608418381520276 -0.0027555615603141021 0.00031035190841498223 -0.00099521096906898332 0.00098822689934446807 0.00031035190841498223
leaf_weight=1.0676237756852049 2.3094225444365284 1.3414223325671617 88.736005816375837 0.29929605056531716 1.7347137242322777 0.31889362738002092
leaf_count=292 40 355 11441 89 44 50
internal_value=0.000373947 0.000184837 0.00024793 -0.00176508 0.000310352 0.000310352
internal_weight=95.8074 93.498 92.4303 1.95961 90.4707 0.61819
internal_count=12311 12271 11979 494 11485 139
is_linear=0
shrinkage=0.03


Tree=318
num_leaves=7
num_cat=0
split_feature=0 11 2 4 0 0
split_gain=0.0776694 0.0196994 0.0128454 0.0168062 0.00108324 0.000220632
threshold=99.762751742072041 2.4477124183006542 4.3358395989974943 23.261761886902534 99.328828828828833 40.045507729583655
decision_type=2 2 2 2 2 2
left_child=1 -1 3 -3 -4 -5
right_child=-2 2 4 5 -6 -7
leaf_value=-0.0027041381040574051 0.0048579822833073726 -0.0027041381040574051 0.00032189649178530894 -0.00098320958522322434 0.00095006544368875592 0.00032189649178530894
leaf_weight=1.0649569408269588 2.3412193623371413 1.3368850437691424 88.661506282747723 0.29888579202815879 1.7332565172109742 0.31903728086035699
leaf_count=292 40 355 11441 89 44 50
internal_value=0.000362384 0.000199452 0.000261544 -0.00169371 0.000321896 0.000321896
internal_weight=95.7557 93.4145 92.3496 1.95481 90.3948 0.617923
internal_count=12311 12271 11979 494 11485 139
is_linear=0
shrinkage=0.03


Tree=319
num_leaves=6
num_cat=0
split_feature=0 11 8 8 11
split_gain=0.0706496 0.019564 0.00840129 0.00620234 0.000171972
threshold=99.762751742072041 2.4477124183006542 64.747307373653697 2.7973395931142417 5.5620005155968038
decision_type=2 2 2 2 2
left_child=1 2 -1 -3 -5
right_child=-2 3 -4 4 -6
leaf_value=-0.0035711770132521082 0.0046572097347538088 -0.001652121959345778 0.00026915302590838677 0.00026915302590838677 0.00032692295640003013
leaf_weight=0.7408151039853681 2.331334432354196 0.51159458851907302 0.32145089318510145 2.3287490591173983 89.496412308537401
leaf_count=207 40 152 85 365 11462
internal_value=0.000362784 0.00020739 -0.00268851 0.000269153 0.00029754
internal_weight=95.7304 93.399 1.06227 92.3368 91.8252
internal_count=12311 12271 292 11979 11827
is_linear=0
shrinkage=0.03


Tree=320
num_leaves=6
num_cat=0
split_feature=1 9 11 11 11
split_gain=0.0782072 0.0155888 0.0280753 0.00283234 0.00238625
threshold=0.92380723791236641 96.610061287027591 66.293355138405374 1.5461953951723924 0.80886417585276249
decision_type=2 2 2 2 2
left_child=-1 3 -3 4 -2
right_child=1 2 -4 -5 -6
leaf_value=-0.004364263608031993 -0.0013361920932526156 0.00091390255810818008 0.0054028501086121755 0.00091390255810818008 0.0006388031604091023
leaf_weight=1.5172920479672019 0.2397183864377429 3.6772828460670999 1.0890203898306934 91.939892424852587 0.19661270210053772
leaf_count=98 65 443 76 11546 64
internal_value=0.000895279 0.00102106 0.00257925 0.000913903 -0.000621098
internal_weight=98.6598 97.1425 4.7663 92.3762 0.436331
internal_count=12292 12194 519 11675 129
is_linear=0
shrinkage=0.03


Tree=321
num_leaves=6
num_cat=0
split_feature=1 9 11 11 11
split_gain=0.0760439 0.0161513 0.0290351 0.00221073 0.00210326
threshold=0.92380723791236641 96.610061287027591 66.293355138405374 1.5461953951723924 0.80886417585276249
decision_type=2 2 2 2 2
left_child=-1 3 -3 4 -2
right_child=1 2 -4 -5 -6
leaf_value=-0.0042966645160915883 -0.0011903433587764618 0.00090748678231699395 0.005458831450525 0.00090748678231699395 0.00063943546493293519
leaf_weight=1.5153750841272984 0.23694965580943872 3.6776459750253698 1.0988079544622449 91.935657697846182 0.19655228906776756
leaf_count=98 65 443 76 11546 64
internal_value=0.000892371 0.00101627 0.00259866 0.000907487 -0.000493391
internal_weight=98.661 97.1456 4.77645 92.3692 0.433502
internal_count=12292 12194 519 11675 129
is_linear=0
shrinkage=0.03


Tree=322
num_leaves=3
num_cat=0
split_feature=1 11
split_gain=0.121716 0.00854946
threshold=0.92380723791236641 1.2239920418044972
decision_type=2 2
left_child=-1 -2
right_child=1 -3
leaf_value=-0.0057619151302836426 -0.0014378440508155288 0.0010613219944532498
leaf_weight=1.4465962399262924 0.42242933891247858 96.753466721856967
leaf_count=98 124 12070
internal_value=0.000879376 0.00103592
internal_weight=98.6225 97.1759
internal_count=12292 12194
is_linear=0
shrinkage=0.03


Tree=323
num_leaves=6
num_cat=0
split_feature=1 9 11 11 11
split_gain=0.114672 0.0168787 0.0270609 0.00171454 0.00195026
threshold=0.92380723791236641 96.610061287027591 66.293355138405374 1.5461953951723924 0.80886417585276249
decision_type=2 2 2 2 2
left_child=-1 3 -3 4 -2
right_child=1 2 -4 -5 -6
leaf_value=-0.0055742679330625473 -0.0010745050571105107 0.00092127887661113165 0.0054102555960280846 0.00092127887661113165 0.00066427892359597338
leaf_weight=1.4413348296657194 0.23440687695983697 3.6742732545826575 1.1068459500093011 91.981188768870197 0.19606613996438682
leaf_count=98 65 443 76 11546 64
internal_value=0.000880844 0.00103236 0.00264873 0.000921279 -0.000371804
internal_weight=98.6341 97.1928 4.78112 92.4117 0.430473
internal_count=12292 12194 519 11675 129
is_linear=0
shrinkage=0.03


Tree=324
num_leaves=3
num_cat=0
split_feature=1 9
split_gain=0.100144 0.0140038
threshold=0.92380723791236641 96.610061287027591
decision_type=2 2
left_child=-1 -2
right_child=1 -3
leaf_value=-0.0051726394669339348 0.00091655697266488463 0.002497132269668698
leaf_weight=1.429476725286803 92.400202766992152 4.7951215994544318
leaf_count=98 11675 519
internal_value=0.000878406 0.00101917
internal_weight=98.6248 97.1953
internal_count=12292 12194
is_linear=0
shrinkage=0.03


Tree=325
num_leaves=4
num_cat=0
split_feature=9 8 8
split_gain=0.0187449 0.0738414 0.00266239
threshold=83.431372549019628 23.310502283105027 39.863013698630148
decision_type=2 2 2
left_child=-1 -2 -3
right_child=1 2 -4
leaf_value=-0.0003577500502139981 -0.0003577500502139981 0.0006720166528434477 0.0019678135459697977
leaf_weight=76.540008157026023 2.6930346812587258 3.0766438695136484 14.978124125394968
leaf_count=10115 452 406 1298
internal_value=-0.000140738 0.000639472 0.00179386
internal_weight=97.2878 20.7478 18.0548
internal_count=12271 2156 1704
is_linear=0
shrinkage=0.03


Tree=326
num_leaves=4
num_cat=0
split_feature=9 8 8
split_gain=0.0070891 0.0536561 0.00125186
threshold=83.431372549019628 23.310502283105027 39.863013698630148
decision_type=2 2 2
left_child=-1 -2 -3
right_child=1 2 -4
leaf_value=-0.00025789343206455794 -0.00025789343206455794 0.00060358049460373974 0.0015889000201379177
leaf_weight=76.429192497278564 2.6911608423106399 3.079003281309272 15.04398916242644
leaf_count=10115 452 406 1298
internal_value=-0.000124405 0.000355116 0.00146182
internal_weight=97.2433 20.8142 18.123
internal_count=12271 2156 1704
is_linear=0
shrinkage=0.03


Tree=327
num_leaves=3
num_cat=0
split_feature=8 1
split_gain=0.00211119 0.00883839
threshold=2.5158227848101271 53.084906785818866
decision_type=2 2
left_child=1 -1
right_child=-2 -3
leaf_value=-0.0029672080398748233 -0.00011583255314348381 -0.00011583255314348381
leaf_weight=0.21939258906058867 96.829231674550101 0.2215895822737366
leaf_count=58 12144 69
internal_value=-0.000134052 -0.00127796
internal_weight=97.2702 0.440982
internal_count=12271 127
is_linear=0
shrinkage=0.03


Tree=328
num_leaves=3
num_cat=0
split_feature=8 1
split_gain=0.00208825 0.00880671
threshold=2.5158227848101271 53.084906785818866
decision_type=2 2
left_child=1 -1
right_child=-2 -3
leaf_value=-0.0029606616376063985 -0.00011593157725079684 -0.00011593157725079684
leaf_weight=0.21898629935458203 96.82929853873793 0.22158953885082155
leaf_count=58 12144 69
internal_value=-0.000134058 -0.00127195
internal_weight=97.2699 0.440576
internal_count=12271 127
is_linear=0
shrinkage=0.03


Tree=329
num_leaves=5
num_cat=0
split_feature=9 1 8 1
split_gain=0.00250515 0.161635 0.184608 0.0108344
threshold=83.431372549019628 83.642826367944863 46.709956709956714 9.677507177507179
decision_type=2 2 2 2
left_child=3 -2 -3 -1
right_child=1 2 -4 -5
leaf_value=-0.0011155209806283529 -0.00021333764764477455 -0.00021333764764477455 0.0092880479182640731 -0.00021333764764477455
leaf_weight=11.035992910852654 17.335370113025423 1.1342509184032672 2.4851609459146857 65.278792162309401
leaf_count=964 1820 160 176 9151
internal_value=-0.000134063 0.000151213 0.00545524 -0.000213338
internal_weight=97.2696 20.9548 3.61941 76.3148
internal_count=12271 2156 336 10115
is_linear=0
shrinkage=0.03


Tree=330
num_leaves=9
num_cat=0
split_feature=8 1 10 10 4 1 1 10
split_gain=0.0321412 0.123283 0.024619 0.00842716 0.193559 0.18617 0.00479396 0.000283929
threshold=37.581168831168839 1.3230574734999516 94.771018455228997 54.375683700578222 95.217122202416348 9.677507177507179 99.034980501717015 26.556445362955312
decision_type=2 2 2 2 2 2 2 2
left_child=1 -1 7 -2 6 -6 -5 -3
right_child=3 2 -4 4 5 -7 -8 -9
leaf_value=-0.0093115089268779646 0.0002049262314742387 -0.0010270162318508831 0.00055062078353350851 0.00055062078353350851 0.00055062078353350851 0.0079131248116557137 0.0041462864969998934 -0.00058570419892680487
leaf_weight=0.42326732585206883 35.854482446797192 5.0829512811033117 1.0474066303577263 31.149320450844243 3.6244032436516118 5.3801518944092095 1.5035421564243723 12.163004438974893
leaf_count=40 4594 1150 158 3634 88 114 43 2459
internal_value=0.00028117 -0.000806046 -0.000136822 0.000550621 0.000836381 0.00476854 0.000550621 -0.000764932
internal_weight=96.2285 18.7166 18.2934 77.5119 41.6574 9.00456 32.6529 17.246
internal_count=12280 3807 3767 8473 3879 202 3677 3609
is_linear=0
shrinkage=0.03


Tree=331
num_leaves=9
num_cat=0
split_feature=8 1 10 10 4 1 1 10
split_gain=0.0278287 0.125845 0.0222207 0.00684243 0.17788 0.173919 0.0035452 0.000647088
threshold=37.581168831168839 1.3230574734999516 94.771018455228997 54.375683700578222 95.217122202416348 9.677507177507179 99.034980501717015 26.556445362955312
decision_type=2 2 2 2 2 2 2 2
left_child=1 -1 7 -2 6 -6 -5 -3
right_child=3 2 -4 4 5 -7 -8 -9
leaf_value=-0.0093371455327038149 0.00021948826188144285 -0.00098983912674436799 0.00053250639475468833 0.00053250639475468833 0.00053250639475468833 0.0076199052286348157 0.003998646986128381 -0.00049255447637633549
leaf_weight=0.41900339128915476 35.81794680794701 5.0763208247954088 1.04716448963154 31.126618982758373 3.6262163789942843 5.3709478219971061 1.5066772366408248 12.14836584846489
leaf_count=40 4594 1150 158 3634 88 114 43 2459
internal_value=0.000281885 -0.000730906 -5.92951e-05 0.000532506 0.000790354 0.004573 0.000532506 -0.000685382
internal_weight=96.1393 18.6909 18.2719 77.4484 41.6305 8.99716 32.6333 17.2247
internal_count=12280 3807 3767 8473 3879 202 3677 3609
is_linear=0
shrinkage=0.03


Tree=332
num_leaves=4
num_cat=0
split_feature=8 4 2
split_gain=0.0195536 0.0311488 0.0112694
threshold=37.581168831168839 8.0917366946778717 7.0312227455084608
decision_type=2 2 2
left_child=-1 -2 -3
right_child=1 2 -4
leaf_value=-0.00057769713646522059 -0.00057769713646522059 -0.00057769713646522059 0.00073738403423530816
leaf_weight=18.638078730204143 2.8637144032400093 2.0720004888717076 72.483498659799807
leaf_count=3807 640 401 7432
internal_value=0.000273426 0.000483082 0.000664622
internal_weight=96.0573 77.4192 74.5555
internal_count=12280 8473 7833
is_linear=0
shrinkage=0.03


Tree=333
num_leaves=6
num_cat=0
split_feature=4 2 10 2 2
split_gain=0.0191776 0.0220937 0.00370014 0.0228581 0.00549223
threshold=1.6990691646046898 33.386320259055147 54.375683700578222 6.6991780571009922 14.66590414866277
decision_type=2 2 2 2 2
left_child=1 -1 3 -2 -4
right_child=2 -3 4 -5 -6
leaf_value=-0.0043080508711480772 -0.0027002552528540679 0.00033266769970201554 0.00033266769970201554 0.00033266769970201554 0.00076440377248013073
leaf_weight=0.7500445453915735 1.6542825963115309 0.24357970640994608 3.7053753447253248 45.119306373642758 44.572140623349696
leaf_count=157 428 45 690 6570 4390
internal_value=0.000274893 -0.00264651 0.000332668 0.000332668 0.000596911
internal_weight=96.0447 0.993624 95.0511 46.7736 48.2775
internal_count=12280 202 12078 6998 5080
is_linear=0
shrinkage=0.03


Tree=334
num_leaves=7
num_cat=0
split_feature=4 8 10 10 4 8
split_gain=0.0193258 0.0187247 0.0326344 0.0209325 0.165768 0.060032
threshold=1.6990691646046898 37.581168831168839 87.577160493827179 54.375683700578222 95.217122202416348 93.2882882882883
decision_type=2 2 2 2 2 2
left_child=-1 2 -2 -3 -5 -6
right_child=1 3 -4 4 5 -7
leaf_value=-0.0026554146390658016 -0.001186328096051971 3.8683503929226109e-06 0.00054035413883692562 0.00054035413883692562 0.0018984113371989934 0.0070628745329331995
leaf_weight=0.99278817640151729 16.045691045233983 35.56103262398392 2.1935317451134315 32.14996828418225 5.3984568368177843 3.715470228344202
leaf_count=202 3347 4542 380 3607 155 47
internal_value=0.000277999 0.000335957 -0.000508317 0.000540354 0.000991664 0.00449397
internal_weight=96.0569 95.0642 18.2392 76.8249 41.2639 9.11393
internal_count=12280 12078 3727 8351 3809 202
is_linear=0
shrinkage=0.03


Tree=335
num_leaves=4
num_cat=0
split_feature=7 9 9
split_gain=0.0787846 0.084774 0.0482987
threshold=99.264705882352956 96.610061287027591 36.970899470899475
decision_type=2 2 2
left_child=1 -1 -2
right_child=2 -3 -4
leaf_value=-0.00098676000134815113 -0.00098676000134815113 0.0031336690628307865 0.0053584377653418556
leaf_weight=91.062989797093906 0.42047851986717422 3.7649307989049694 2.0992170656099916
leaf_count=11506 93 457 229
internal_value=-0.000636212 -0.000792174 0.00379078
internal_weight=97.3476 94.8279 2.5197
internal_count=12285 11963 322
is_linear=0
shrinkage=0.03


Tree=336
num_leaves=6
num_cat=0
split_feature=7 9 1 9 1
split_gain=0.0692002 0.0800989 0.0794849 0.0417457 0.0238689
threshold=99.264705882352956 96.610061287027591 22.456373853889385 36.970899470899475 88.275099176075699
decision_type=2 2 2 2 2
left_child=1 2 -1 -2 -3
right_child=3 4 -4 -5 -6
leaf_value=-0.0024072514262102832 -0.00043346906677542462 0.00096294410050341373 -0.00043346906677542462 0.0049451686925647302 0.0049451686925647302
leaf_weight=24.727453929837793 0.42011967999860678 3.0455611019860958 66.286134532070719 2.1826783283613622 0.76377213071100403
leaf_count=2554 93 400 8952 229 57
internal_value=-0.000652769 -0.000800188 -0.000990059 0.00344929 0.00299886
internal_weight=97.4257 94.8229 91.0136 2.6028 3.80933
internal_count=12285 11963 11506 322 457
is_linear=0
shrinkage=0.03


Tree=337
num_leaves=6
num_cat=0
split_feature=7 9 1 9 1
split_gain=0.0607612 0.0736799 0.0579627 0.0393644 0.023781
threshold=99.264705882352956 96.610061287027591 22.456373853889385 36.970899470899475 88.275099176075699
decision_type=2 2 2 2 2
left_child=1 2 -1 -2 -3
right_child=3 4 -4 -5 -6
leaf_value=-0.0021532760816773289 -0.00046306066123977485 0.0008696692194390739 -0.00046306066123977485 0.0047008009650113258 0.0047008009650113258
leaf_weight=24.632456358638592 0.4202404991956431 3.0460932736750697 66.340802008868195 2.1750522849615663 0.76829780265688885
leaf_count=2554 93 400 8952 229 57
internal_value=-0.000618802 -0.000756784 -0.000939149 0.0032295 0.00288428
internal_weight=97.3829 94.7876 90.9733 2.59529 3.81439
internal_count=12285 11963 11506 322 457
is_linear=0
shrinkage=0.03


Tree=338
num_leaves=6
num_cat=0
split_feature=7 9 1 9 1
split_gain=0.0467204 0.0687708 0.0511481 0.0223493 0.0174707
threshold=99.264705882352956 96.610061287027591 22.456373853889385 38.956639566395673 88.275099176075699
decision_type=2 2 2 2 2
left_child=1 2 -1 -2 -3
right_child=3 4 -4 -5 -6
leaf_value=-0.0020479662207009688 -0.0004585063883106483 0.00085600087315405003 -0.0004585063883106483 0.0038011503402832787 0.0038011503402832787
leaf_weight=24.592582753277384 0.4709891882957894 3.0482565399724995 66.311562967835926 2.1825140367727727 0.76624438306316722
leaf_count=2554 96 400 8952 226 57
internal_value=-0.000608253 -0.00072977 -0.000906113 0.00274189 0.00274189
internal_weight=97.3721 94.7186 90.9041 2.6535 3.8145
internal_count=12285 11963 11506 322 457
is_linear=0
shrinkage=0.03


Tree=339
num_leaves=6
num_cat=0
split_feature=7 9 1 9 1
split_gain=0.0282307 0.0526339 0.0462604 0.0162616 0.0186311
threshold=99.264705882352956 96.610061287027591 22.456373853889385 38.956639566395673 88.275099176075699
decision_type=2 2 2 2 2
left_child=1 2 -1 -2 -3
right_child=3 4 -4 -5 -6
leaf_value=-0.0019290191659092483 -0.00041706272563318375 0.00038066220547906891 -0.00041706272563318375 0.0029506431699895946 0.0029506431699895946
leaf_weight=24.555534928920679 0.47090270079206709 3.0761994791682814 66.267790623940527 2.2159742179792374 0.77803835971280921
leaf_count=2554 96 400 8952 226 57
internal_value=-0.000592498 -0.000686476 -0.0008424 0.002007 0.002007
internal_weight=97.3644 94.6776 90.8233 2.68688 3.85424
internal_count=12285 11963 11506 322 457
is_linear=0
shrinkage=0.03


Tree=340
num_leaves=3
num_cat=0
split_feature=11 1
split_gain=0.00963783 0.00457661
threshold=1.2239920418044972 75.425831088481701
decision_type=2 2
left_child=-1 -2
right_child=1 -3
leaf_value=-0.001562768499141798 0.00095814347848209027 0.0014767438367804362
leaf_weight=0.39853443915489961 73.574866829207167 26.0056154190097
leaf_count=115 9267 3030
internal_value=0.0010809 0.00110691
internal_weight=99.979 99.5805
internal_count=12412 12297
is_linear=0
shrinkage=0.03


Tree=341
num_leaves=3
num_cat=0
split_feature=11 1
split_gain=0.00884464 0.00405515
threshold=1.2239920418044972 75.425831088481701
decision_type=2 2
left_child=-1 -2
right_child=1 -3
leaf_value=-0.0014616705695414589 0.00097125503710175903 0.0014672907964769306
leaf_weight=0.39600975066423316 73.533083883929066 26.015620371443219
leaf_count=115 9267 3030
internal_value=0.00108961 0.00111419
internal_weight=99.9447 99.5487
internal_count=12412 12297
is_linear=0
shrinkage=0.03


Tree=342
num_leaves=3
num_cat=0
split_feature=11 1
split_gain=0.00876052 0.00426616
threshold=1.2239920418044972 75.425831088481701
decision_type=2 2
left_child=-1 -2
right_child=1 -3
leaf_value=-0.0014495895693929822 0.00097207374626119558 0.0014779897614599776
leaf_weight=0.39489599247462948 73.525876181316562 26.026908463914879
leaf_count=115 9267 3030
internal_value=0.00109332 0.00111772
internal_weight=99.9477 99.5528
internal_count=12412 12297
is_linear=0
shrinkage=0.03


Tree=343
num_leaves=5
num_cat=0
split_feature=11 3 1 1
split_gain=0.00845318 0.00465364 0.00519104 0.0021361
threshold=1.2239920418044972 2.1352343213517808 54.652694411097777 75.425831088481701
decision_type=2 2 2 2
left_child=-1 2 -2 -3
right_child=1 3 -4 -5
leaf_value=-0.001416000743992318 -0.001416000743992318 0.0010135992457927575 0.00089057613619130933 0.0014166595824703409
leaf_weight=0.39376209431793441 0.40502937615383316 72.854247792274691 0.51968370692338794 25.762244041310623
leaf_count=115 115 9112 126 2944
internal_value=0.00108703 0.00111091 -0.000560647 0.00113206
internal_weight=99.935 99.5412 0.924713 98.6165
internal_count=12412 12297 241 12056
is_linear=0
shrinkage=0.03


Tree=344
num_leaves=3
num_cat=0
split_feature=11 3
split_gain=0.00849122 0.00465723
threshold=1.2239920418044972 2.1352343213517808
decision_type=2 2
left_child=-1 -2
right_child=1 -3
leaf_value=-0.0014045950996403901 -0.00054531119599784299 0.0011571901908748812
leaf_weight=0.39267496485263009 0.92347209784202178 98.587821947992779
leaf_count=115 241 12056
internal_value=0.00111232 0.00113612
internal_weight=99.904 99.5113
internal_count=12412 12297
is_linear=0
shrinkage=0.03


Tree=345
num_leaves=7
num_cat=0
split_feature=8 11 11 11 10 10
split_gain=0.00146964 0.0295765 0.00535416 0.00209685 0.00972142 0.000834993
threshold=46.026315789473692 99.265604774917321 63.856757406566395 94.463428936986887 4.9081601927130389 99.382716049382722
decision_type=2 2 2 2 2 2
left_child=3 2 -2 4 -1 -6
right_child=1 -3 -4 -5 5 -7
leaf_value=-0.0024740990085490851 -0.00020716326521466044 0.0024670621467319837 0.00022067935348906979 0.00022067935348906979 -0.00042803175540550529 -0.00020716326521466044
leaf_weight=0.78605025168509612 40.906212089466862 3.3366792169399551 31.825300956261344 4.4990966081386423 17.641016712179411 0.48287116189021517
leaf_count=183 5343 68 2222 267 4179 95
internal_value=-4.34038e-06 5.9954e-05 -8.24384e-05 -0.000207163 -0.000346458 -0.000207163
internal_weight=99.4772 76.0682 72.7315 23.409 18.9099 18.1239
internal_count=12357 7633 7565 4724 4457 4274
is_linear=0
shrinkage=0.03


Tree=346
num_leaves=5
num_cat=0
split_feature=10 11 11 7
split_gain=0.00141349 0.310058 0.00529598 0.000596246
threshold=96.362433862433875 71.53572398804674 90.583972719522606 2.2474747474747478
decision_type=2 2 2 2
left_child=3 -2 -3 -1
right_child=1 2 -4 -5
leaf_value=-0.0006618266613094226 -4.5647493841432745e-05 0.0029473661355240367 0.01064996965686287 -4.5647493841432745e-05
leaf_weight=0.41885117522906412 2.6586287050740784 1.1692013249266895 1.3230270736385135 93.845352057600394
leaf_count=84 376 112 58 11727
internal_value=-1.73563e-05 0.000423638 0.00891511 -4.56475e-05
internal_weight=99.4151 5.15086 2.49223 94.2642
internal_count=12357 546 170 11811
is_linear=0
shrinkage=0.03


Tree=347
num_leaves=5
num_cat=0
split_feature=11 10 10 11
split_gain=0.001046 0.054974 0.00120103 0.00339152
threshold=94.463428936986887 95.180023228803734 33.711734693877553 5.5620005155968038
decision_type=2 2 2 2
left_child=2 -2 -1 -4
right_child=1 -3 3 -5
leaf_value=-0.00028659374822303591 -6.0209005869558649e-05 0.0045126526407513416 -0.00028659374822303591 -6.0209005869558649e-05
leaf_weight=20.162022287142463 16.71354959032033 1.4217239704448719 3.1801301479572421 57.939206659211777
leaf_count=3385 634 45 592 7701
internal_value=-1.38791e-05 0.000186064 -6.0209e-05 -6.0209e-05
internal_weight=99.4166 18.1353 81.2814 61.1193
internal_count=12357 679 11678 8293
is_linear=0
shrinkage=0.03


Tree=348
num_leaves=3
num_cat=0
split_feature=11 11
split_gain=0.000754544 0.000433574
threshold=94.463428936986887 1.2239920418044972
decision_type=2 2
left_child=1 -1
right_child=-2 -3
leaf_value=-0.00057942391212808457 0.00015393081092649559 -4.5571805303437691e-05
leaf_weight=0.40341637469828029 18.140481231035665 80.875748010119423
leaf_count=119 679 11559
internal_value=-1.59141e-05 -5.52315e-05
internal_weight=99.4196 81.2792
internal_count=12357 11678
is_linear=0
shrinkage=0.03


Tree=349
num_leaves=3
num_cat=0
split_feature=11 11
split_gain=0.000713988 0.000428654
threshold=94.463428936986887 1.2239920418044972
decision_type=2 2
left_child=1 -1
right_child=-2 -3
leaf_value=-0.00057546455706070912 0.00014922756112825518 -4.4657834784861472e-05
leaf_weight=0.40319421270396461 18.137121590436436 80.876559083350003
leaf_count=119 679 11559
internal_value=-1.60146e-05 -5.42529e-05
internal_weight=99.4169 81.2798
internal_count=12357 11678
is_linear=0
shrinkage=0.03


Tree=350
num_leaves=5
num_cat=0
split_feature=3 0 0 9
split_gain=0.00969231 0.00679165 0.00365177 0.000436056
threshold=2.1352343213517808 35.217548344076469 2.1352343213517808 96.501427988576111
decision_type=2 2 2 2
left_child=1 -1 -2 -4
right_child=2 -3 3 -5
leaf_value=-0.0028006609950318542 -0.0013168906802067497 0.00010476890919394815 0.00010884052727481145 0.00036937073459502901
leaf_weight=0.78013324830680986 0.60712196910753746 0.17888512741774321 89.779972126707435 5.4459916776977471
leaf_count=208 158 41 11421 541
internal_value=6.31334e-05 -0.00202711 0.000104769 0.000127424
internal_weight=96.7921 0.959018 95.8331 95.226
internal_count=12369 249 12120 11962
is_linear=0
shrinkage=0.03


Tree=351
num_leaves=5
num_cat=0
split_feature=8 9 9 0
split_gain=0.00115054 0.00160998 2.87737e-05 0.0623021
threshold=2.5158227848101271 73.192508710801405 96.501427988576111 95.63744271655024
decision_type=2 2 2 2
left_child=1 -1 -2 -4
right_child=2 -3 3 -5
leaf_value=-0.0013461179417400449 7.7797965870745432e-05 7.7797965870745432e-05 7.7797965870745432e-05 0.0056899397984211302
leaf_weight=0.23800780286546697 90.97082777088508 0.19150576996617019 4.6076126843690863 0.78148502577096213
leaf_count=72 11718 53 512 14
internal_value=6.60349e-05 -0.000781309 7.7798e-05 0.000148512
internal_weight=96.7894 0.429514 96.3599 5.3891
internal_count=12369 125 12244 526
is_linear=0
shrinkage=0.03


Tree=352
num_leaves=6
num_cat=0
split_feature=3 8 0 9 0
split_gain=0.00144811 0.00786048 0.0107302 0.000271641 0.0627318
threshold=2.1352343213517808 72.264957264957275 25.717453278428888 96.501427988576111 95.63744271655024
decision_type=2 2 2 2 2
left_child=1 2 -1 -2 -5
right_child=3 -3 -4 4 -6
leaf_value=-0.0033598062817780292 8.1524050390889595e-05 8.1524050390889595e-05 8.1524050390889595e-05 8.1524050390889595e-05 0.0057245582659087284
leaf_weight=0.52654355356935312 90.400834818021394 0.18995634326711297 0.20486438251100481 4.6859466719906768 0.7810787884518503
leaf_count=148 11573 52 49 533 14
internal_value=6.59889e-05 -0.00075158 -0.00212301 8.15241e-05 0.000278581
internal_weight=96.7892 0.921364 0.731408 95.8679 5.46703
internal_count=12369 249 197 12120 547
is_linear=0
shrinkage=0.03


Tree=353
num_leaves=6
num_cat=0
split_feature=3 8 0 0 8
split_gain=0.00138028 0.00775359 0.0106433 4.62779e-05 8.08824e-05
threshold=2.1352343213517808 72.264957264957275 25.717453278428888 2.1352343213517808 2.5158227848101271
decision_type=2 2 2 2 2
left_child=1 2 -1 -2 -5
right_child=3 -3 -4 4 -6
leaf_value=-0.0033391232628880115 8.1437355381507791e-05 8.1437355381507791e-05 8.1437355381507791e-05 8.1437355381507791e-05 0.00011793461387984468
leaf_weight=0.52491044078487803 0.60636099614202876 0.18994119390845299 0.2048801330383867 0.38387110689654846 94.873537736828439
leaf_count=148 158 52 49 109 11853
internal_value=6.62937e-05 -0.000732339 -0.00210327 8.14374e-05 0.000103834
internal_weight=96.7835 0.919732 0.729791 95.8638 95.2574
internal_count=12369 249 197 12120 11962
is_linear=0
shrinkage=0.03


Tree=354
num_leaves=5
num_cat=0
split_feature=8 9 9 0
split_gain=0.00111312 0.00159922 8.48095e-06 0.0608282
threshold=2.5158227848101271 73.192508710801405 96.501427988576111 95.63744271655024
decision_type=2 2 2 2
left_child=1 -1 -2 -4
right_child=2 -3 3 -5
leaf_value=-0.0013334876732182931 7.8319737372170125e-05 7.8319737372170125e-05 7.8319737372170125e-05 0.0056337637424847646
leaf_weight=0.23741619184147467 90.971552758710459 0.19142403127625585 4.6080009143333873 0.7744665229693054
leaf_count=72 11718 53 512 14
internal_value=6.67686e-05 -0.000766996 7.83197e-05 0.000124763
internal_weight=96.7829 0.42884 96.354 5.38247
internal_count=12369 125 12244 526
is_linear=0
shrinkage=0.03


Tree=355
num_leaves=6
num_cat=0
split_feature=7 11 4 0 2
split_gain=0.021427 0.136679 0.0347241 0.003148 0.00514765
threshold=99.264705882352956 91.498760423709726 92.522239665096819 2.1352343213517808 26.39379833616643
decision_type=2 2 2 2 2
left_child=3 2 -2 4 -1
right_child=1 -3 -4 -5 -6
leaf_value=-0.0022338632967332443 -0.00011318238360322423 0.0087326901375533016 0.0058277468881750274 -0.00011318238360322423 -0.00011318238360322423
leaf_weight=0.66582870169076969 1.7132679648930205 0.82873455155640829 0.36420487193390716 93.556418605381623 0.24766817537602037
leaf_count=178 267 25 19 11747 72
internal_value=-2.43201e-05 0.00215375 -0.000113182 -0.000113182 -0.00133275
internal_weight=97.3761 2.90621 2.07747 94.4699 0.913497
internal_count=12308 311 286 11997 250
is_linear=0
shrinkage=0.03


Tree=356
num_leaves=6
num_cat=0
split_feature=7 11 4 0 2
split_gain=0.0184659 0.130883 0.031923 0.00313545 0.00513836
threshold=99.264705882352956 91.498760423709726 92.522239665096819 2.1352343213517808 26.39379833616643
decision_type=2 2 2 2 2
left_child=3 2 -2 4 -1
right_child=1 -3 -4 -5 -6
leaf_value=-0.0022228731341718249 -0.00010473864389113843 0.008510855352306437 0.0057293998047742017 -0.00010473864389113843 -0.00010473864389113843
leaf_weight=0.66463352297432621 1.7134788762778042 0.82011141255497921 0.36274085287004698 93.559075225377455 0.24765329295769334
leaf_count=178 267 25 19 11747 72
internal_value=-2.23441e-05 0.0020023 -0.000104739 -0.000104739 -0.00132187
internal_weight=97.3677 2.89633 2.07622 94.4714 0.912287
internal_count=12308 311 286 11997 250
is_linear=0
shrinkage=0.03


Tree=357
num_leaves=6
num_cat=0
split_feature=7 11 4 0 2
split_gain=0.016111 0.125287 0.0302275 0.0030756 0.00511269
threshold=99.264705882352956 91.498760423709726 92.522239665096819 2.1352343213517808 26.39379833616643
decision_type=2 2 2 2 2
left_child=3 2 -2 4 -1
right_child=1 -3 -4 -5 -6
leaf_value=-0.0022001953165926586 -9.2816842020069406e-05 0.0083095288810054613 0.0056733880484754681 -9.2816842020069406e-05 -9.2816842020069406e-05
leaf_weight=0.66327749274205317 1.7135610580444334 0.81103288917802263 0.36314615374431003 93.539917345624417 0.24749479652382433
leaf_count=178 267 25 19 11747 72
internal_value=-1.58708e-05 0.00187737 -9.28168e-05 -9.28168e-05 -0.00129829
internal_weight=97.3384 2.88774 2.07671 94.4507 0.910772
internal_count=12308 311 286 11997 250
is_linear=0
shrinkage=0.03


Tree=358
num_leaves=7
num_cat=0
split_feature=7 11 4 11 0 8
split_gain=0.0158989 0.123293 0.0297134 0.00829719 0.00287512 0.00121004
threshold=99.264705882352956 91.498760423709726 92.522239665096819 1.2239920418044972 2.1352343213517808 2.5158227848101271
decision_type=2 2 2 2 2 2
left_child=3 2 -2 -1 -5 -6
right_child=1 -3 -4 4 5 -7
leaf_value=-0.0024077898235516392 -6.3274692043446628e-05 0.0082016031914266818 0.0056854794125356144 -0.0012574264383724727 -0.0010794622441334355 -6.3274692043446628e-05
leaf_weight=0.35925255087204178 1.7134046488208694 0.8426069039851426 0.36543407849967469 0.89534917392302205 0.37842923100106318 92.754169540130533
leaf_count=110 267 25 19 247 109 11531
internal_value=1.38293e-05 0.00188582 -6.32747e-05 -6.32747e-05 -6.32747e-05 -6.32747e-05
internal_weight=97.3086 2.92145 2.07884 94.3872 94.0279 93.1326
internal_count=12308 311 286 11997 11887 11640
is_linear=0
shrinkage=0.03


Tree=359
num_leaves=6
num_cat=0
split_feature=7 11 4 0 2
split_gain=0.01332 0.116951 0.0306224 0.0028884 0.00498543
threshold=99.264705882352956 91.498760423709726 92.898406591017803 2.1352343213517808 26.39379833616643
decision_type=2 2 2 2 2
left_child=3 2 -2 4 -1
right_child=1 -3 -4 -5 -6
leaf_value=-0.0020995691714228788 -3.2416123687437641e-05 0.0079735704669193271 0.0058258824458708464 -3.2416123687437641e-05 -3.2416123687437641e-05
leaf_weight=0.65886877255979825 1.7186338539468122 0.83691599662415672 0.36132588447071601 93.4405856160447 0.24724855122622102
leaf_count=178 268 25 18 11747 72
internal_value=3.84112e-05 0.00175272 -3.24161e-05 -3.24161e-05 -0.00120047
internal_weight=97.2636 2.91688 2.07996 94.3467 0.906117
internal_count=12308 311 286 11997 250
is_linear=0
shrinkage=0.03


Tree=360
num_leaves=10
num_cat=0
split_feature=11 2 10 7 2 7 2 2 2
split_gain=0.0166418 0.0121421 0.00758524 0.0201873 0.0206382 0.0128544 0.0109598 0.0162257 0.000102516
threshold=2.4477124183006542 98.490927766462221 96.362433862433875 26.393188854489168 94.249411686901723 33.084577114427866 54.634694383943106 4.3358395989974943 60.914300216386621
decision_type=2 2 2 2 2 2 2 2 2
left_child=-1 2 5 -4 -5 6 -2 -7 -8
right_child=1 -3 3 4 -6 7 8 -9 -10
leaf_value=-0.0022964936096348501 -0.0013611642092345626 0.0021645557123647009 0.00027578759917462132 0.00027578759917462132 0.0021645557123647009 -0.0013611642092345626 -0.00010924482794938555 0.00027578759917462132 0.00014522552831026009
leaf_weight=1.0951899141073216 6.946893569314855 2.4912291838554657 0.6802630617748936 3.5731914245989174 0.70522209792397905 1.5284008531598363 0.91091875173151216 70.074191590421833 9.2867659619078022
leaf_count=300 1379 98 70 403 20 395 170 8470 1082
internal_value=0.000364057 0.000417662 0.000348855 0.00139082 0.00216456 0.000275788 -0.00052533 0.000275788 0.000114769
internal_weight=97.2923 96.1971 93.7058 4.95868 4.27841 88.7472 17.1446 71.6026 10.1977
internal_count=12387 12087 11989 493 423 11496 2631 8865 1252
is_linear=0
shrinkage=0.03


Tree=361
num_leaves=10
num_cat=0
split_feature=11 2 8 10 2 8 2 10 10
split_gain=0.0151877 0.0105242 0.0122482 0.0574066 0.0747849 0.00813588 0.00661289 0.00490437 7.97459e-05
threshold=2.4477124183006542 98.490927766462221 47.580015612802505 77.84992784992788 93.030058177117013 71.16161616161618 57.977272727272734 94.771018455228997 4.0270270270270281
decision_type=2 2 2 2 2 2 2 2 2
left_child=5 2 6 -4 -5 -1 7 8 -2
right_child=1 -3 3 4 -6 -7 -8 -9 -10
leaf_value=-0.0030086460966853249 -0.0017411224223716122 0.0020405059864802831 3.4662125964619391e-06 3.4662125964619391e-06 0.0020405059864802831 3.4662125964619391e-06 3.4662125964619391e-06 3.4662125964619391e-06 -0.00082420052076216188
leaf_weight=0.90994510450400301 0.30323657975532192 2.4890075981384134 50.758631968637928 15.124883601209151 4.3368901251815251 0.18018594093155116 12.123075120733118 0.51106569403782565 10.527529198909177
leaf_count=251 85 98 5825 1287 136 49 1989 100 2567
internal_value=0.000361248 0.000412288 0.000347936 0.00054431 0.00188579 -0.00218455 -0.000237953 -0.000769686 -0.000994871
internal_weight=97.2645 96.1743 93.6853 70.2204 19.4618 1.09013 23.4649 11.3418 10.8308
internal_count=12387 12087 11989 7248 1423 300 4741 2752 2652
is_linear=0
shrinkage=0.03


Tree=362
num_leaves=14
num_cat=0
split_feature=11 2 8 10 2 2 8 2 10 10 10 2 10
split_gain=0.0147901 0.0107112 0.0196638 0.0413592 0.109307 0.0202568 0.00813497 0.00306057 0.00437 0.00139679 0.000502873 0.00273255 0.000192418
threshold=2.4477124183006542 98.775455695098572 47.580015612802505 77.84992784992788 93.030058177117013 98.107843137254918 71.16161616161618 57.977272727272734 94.771018455228997 95.932156646442365 17.445652173913047 43.741956241956252 4.0270270270270281
decision_type=2 2 2 2 2 2 2 2 2 2 2 2 2
left_child=6 2 7 5 -5 10 -1 8 12 -9 -4 -12 -2
right_child=1 -3 3 4 -6 -7 -8 9 -10 -11 11 -13 -14
leaf_value=-0.0030020420989218645 -0.0017273992863045618 0.0024968488195591717 6.7363927666949251e-06 0.00012039985356505961 0.0024968488195591717 0.0024968488195591717 6.7363927666949251e-06 -6.2384659824305048e-05 -6.2384659824305048e-05 0.00012039985356505961 6.7363927666949251e-06 0.00012039985356505961 -0.00079133766797248291
leaf_weight=0.90776410559192189 0.30263667309191333 1.1416965890675772 6.838631368125788 15.153593347873541 4.8935167645104221 0.72938221972435613 0.18018215952906758 11.942262593423942 0.51100701093673784 0.31802686920855272 12.773145275306886 31.064250012044795 10.518795823561957
leaf_count=251 85 46 790 1287 147 32 49 1954 100 51 2227 2801 2567
internal_value=0.000335922 0.000386435 0.000335351 0.000581474 0.00170188 0.0001204 -0.00217614 -0.000403385 -0.000737331 -6.23847e-05 6.73639e-06 0.00010721 -0.000961426
internal_weight=97.2749 96.1869 95.0452 71.4525 20.0471 51.4054 1.08795 23.5927 11.3324 12.2603 50.676 43.8374 10.8214
internal_count=12387 12087 12041 7284 1434 5850 300 4757 2752 2005 5818 5028 2652
is_linear=0
shrinkage=0.03


Tree=363
num_leaves=9
num_cat=0
split_feature=11 10 2 8 2 2 8 2
split_gain=0.0141523 0.00917314 0.0381905 0.00943113 0.0339995 0.0111433 0.00863729 0.00124153
threshold=2.4477124183006542 96.362433862433875 94.249411686901723 27.812939521800285 76.19586533747345 98.490927766462221 71.16161616161618 7.4662162162162167
decision_type=2 2 2 2 2 2 2 2
left_child=6 3 -3 4 7 -5 -1 -2
right_child=1 2 -4 5 -6 -7 -8 -9
leaf_value=-0.0029505293715516583 -0.0028751748976756073 0.00030392750207217778 0.0049588305763557721 0.00030392750207217778 0.00030392750207217778 0.0022166081441632444 0.00030392750207217778 -0.0012794430732160204
leaf_weight=0.90429025678895303 0.72640683746430923 4.1625415531452736 1.004254965810105 76.212394508998841 3.7271689507178953 2.1474560908973208 0.18012915155850351 8.187545001623219
leaf_count=251 199 469 30 8798 595 75 49 1921
internal_value=0.000334247 0.000383575 0.00150962 0.000303928 -0.000489173 0.000303928 -0.00212558 -0.00168638
internal_weight=97.2522 96.1678 5.1668 91.001 12.6411 78.3599 1.08442 8.91395
internal_count=12387 12087 499 11588 2715 8873 300 2120
is_linear=0
shrinkage=0.03


Tree=364
num_leaves=6
num_cat=0
split_feature=2 11 11 10 8
split_gain=0.00574238 0.0302066 0.00759925 0.0370101 0.0386976
threshold=7.0312227455084608 87.233947390490059 6.9714157030333519 96.362433862433875 66.458333333333343
decision_type=2 2 2 2 2
left_child=1 -1 -2 -4 -5
right_child=2 -3 3 4 -6
leaf_value=-0.0024230910885129518 -0.00068695171939638436 0.00039427740360099633 0.00039427740360099633 0.00039427740360099633 0.0052673399852410808
leaf_weight=3.1431451821699734 4.6701349259819827 0.46956165088340629 84.198001276934519 2.7959647831739849 1.8978259353898463
leaf_count=797 785 61 10309 331 104
internal_value=0.000346779 -0.000702142 0.000394277 0.000458092 0.00283183
internal_weight=97.1746 3.61271 93.5619 88.8918 4.69379
internal_count=12387 858 11529 10744 435
is_linear=0
shrinkage=0.03


Tree=365
num_leaves=4
num_cat=0
split_feature=1 2 2
split_gain=0.00626599 0.000761975 0.00666603
threshold=0.92380723791236641 1.9672342621259031 1.3747887161289647
decision_type=2 2 2
left_child=-1 2 -2
right_child=1 -3 -4
leaf_value=-0.0014315248136112645 -0.0014315248136112645 9.7371314521529589e-05 9.7371314521529589e-05
leaf_weight=1.507640660391188 0.28255560947582026 94.826688564382493 0.18282692041248083
leaf_count=92 90 12013 58
internal_value=4.97752e-05 8.78344e-05 -0.000595761
internal_weight=96.7997 95.2921 0.465383
internal_count=12253 12161 148
is_linear=0
shrinkage=0.03


Tree=366
num_leaves=4
num_cat=0
split_feature=1 2 2
split_gain=0.00603376 0.000732852 0.00655909
threshold=0.92380723791236641 1.9672342621259031 1.3747887161289647
decision_type=2 2 2
left_child=-1 2 -2
right_child=1 -3 -4
leaf_value=-0.0014051807539223087 -0.0014051807539223087 9.5973110539283751e-05 9.5973110539283751e-05
leaf_weight=1.5046601187204931 0.28209598071407427 94.833884605090134 0.18281344149727374
leaf_count=92 90 12013 58
internal_value=4.93087e-05 8.66269e-05 -0.000583934
internal_weight=96.8035 95.2988 0.464909
internal_count=12253 12161 148
is_linear=0
shrinkage=0.03


Tree=367
num_leaves=3
num_cat=0
split_feature=2 2
split_gain=0.000649092 0.00767108
threshold=1.9672342621259031 1.3747887161289647
decision_type=2 2
left_child=1 -1
right_child=-2 -3
leaf_value=-0.0023612803014899843 5.8205995267536913e-05 5.8205995267536913e-05
leaf_weight=0.28166744927875598 96.339410441811197 0.18282113038003445
leaf_count=90 12105 58
internal_value=4.92535e-05 -0.000579418
internal_weight=96.8039 0.464489
internal_count=12253 148
is_linear=0
shrinkage=0.03


Tree=368
num_leaves=3
num_cat=0
split_feature=1 0
split_gain=0.00574594 0.000179758
threshold=0.92380723791236641 2.1352343213517808
decision_type=2 2
left_child=-1 -2
right_child=1 -3
leaf_value=-0.0013695361962998895 -0.00021630411134215371 9.0564491191743945e-05
leaf_weight=1.506766901933587 0.82955699204467137 94.466856347746216
leaf_count=92 240 11921
internal_value=4.92526e-05 8.56747e-05
internal_weight=96.8032 95.2964
internal_count=12253 12161
is_linear=0
shrinkage=0.03


Tree=369
num_leaves=4
num_cat=0
split_feature=1 2 2
split_gain=0.00487813 0.000675225 0.00605437
threshold=0.92380723791236641 1.9672342621259031 1.3747887161289647
decision_type=2 2 2
left_child=-1 2 -2
right_child=1 -3 -4
leaf_value=-0.0012594624349967923 -0.0012594624349967923 9.1486090269692814e-05 9.1486090269692814e-05
leaf_weight=1.5025509216357011 0.28072797716595133 94.838198816403747 0.18281807738821954
leaf_count=92 90 12013 58
internal_value=4.90201e-05 8.25141e-05 -0.000561386
internal_weight=96.8043 95.3017 0.463546
internal_count=12253 12161 148
is_linear=0
shrinkage=0.03


Tree=370
num_leaves=7
num_cat=0
split_feature=8 1 3 3 0 0
split_gain=0.0515907 0.168934 0.0956746 0.00622765 0.00211537 0.000190248
threshold=98.7177379582443 36.373539314715792 81.292963579693449 2.1352343213517808 2.1352343213517808 35.627994654122929
decision_type=2 2 2 2 2 2
left_child=3 -2 -3 5 -5 -1
right_child=1 2 -4 4 -6 -7
leaf_value=-0.0012763792063307674 0.00060519108020210119 0.00060519108020210119 0.010475533659531846 -0.00064723393510945275 0.00060519108020210119 -2.9638955083536214e-05
leaf_weight=0.70529232628177752 1.9854659350821737 0.91912128240801427 1.9648757984396068 0.49851305829360981 91.896479260874912 0.16961250640451908
leaf_count=202 104 171 42 141 11681 39
internal_value=0.00078404 0.00352296 0.00782357 0.000605191 0.000605191 -0.0011794
internal_weight=98.1394 4.86946 2.884 93.2699 92.395 0.874905
internal_count=12380 317 213 12063 11822 241
is_linear=0
shrinkage=0.03


Tree=371
num_leaves=7
num_cat=0
split_feature=8 1 3 3 0 0
split_gain=0.0385581 0.148604 0.0828303 0.00614449 0.00206279 0.000185865
threshold=98.7177379582443 36.373539314715792 81.292963579693449 2.1352343213517808 2.1352343213517808 35.627994654122929
decision_type=2 2 2 2 2 2
left_child=3 -2 -3 5 -5 -1
right_child=1 2 -4 4 -6 -7
leaf_value=-0.0012508305797721483 0.00062220476151863668 0.00062220476151863668 0.0097424629609309376 -0.00062298390116501557 0.00062220476151863668 -2.7938838966782638e-05
leaf_weight=0.70376189204398443 1.9860545509727661 0.91904951189644668 1.9642741291318087 0.49768302799202402 91.866979817743413 0.16956288716755807
leaf_count=202 104 171 42 141 11681 39
internal_value=0.000778178 0.00314989 0.00727029 0.000622205 0.000622205 -0.00115506
internal_weight=98.1074 4.86938 2.88332 93.238 92.3647 0.873325
internal_count=12380 317 213 12063 11822 241
is_linear=0
shrinkage=0.03


Tree=372
num_leaves=7
num_cat=0
split_feature=8 1 3 3 0 0
split_gain=0.0440297 0.152127 0.0857546 0.00599133 0.00198661 0.000176169
threshold=98.7177379582443 36.373539314715792 81.292963579693449 2.1352343213517808 2.1352343213517808 35.627994654122929
decision_type=2 2 2 2 2 2
left_child=3 -2 -3 5 -5 -1
right_child=1 2 -4 4 -6 -7
leaf_value=-0.0012315461612151335 0.00061836314295711601 0.00061836314295711601 0.0098977469688032779 -0.00060670659818093246 0.00061836314295711601 -2.8872174909312478e-05
leaf_weight=0.70230617886409064 1.982716372469439 0.91912076715379987 1.9917602944187818 0.4969786120345806 91.838421527179889 0.16951753105968237
leaf_count=202 104 171 42 141 11681 39
internal_value=0.00078478 0.00331173 0.00740351 0.000618363 0.000618363 -0.00113805
internal_weight=98.1008 4.8936 2.91088 93.2072 92.3354 0.871824
internal_count=12380 317 213 12063 11822 241
is_linear=0
shrinkage=0.03


Tree=373
num_leaves=7
num_cat=0
split_feature=8 1 3 3 0 0
split_gain=0.0420602 0.148031 0.0827044 0.00577542 0.00193724 0.000170401
threshold=98.7177379582443 36.373539314715792 81.292963579693449 2.1352343213517808 2.1352343213517808 35.627994654122929
decision_type=2 2 2 2 2 2
left_child=3 -2 -3 5 -5 -1
right_child=1 2 -4 4 -6 -7
leaf_value=-0.001200263856584196 0.0006191224076803521 0.0006191224076803521 0.0097128926314062405 -0.00059345951711707633 0.0006191224076803521 -2.70212545290052e-05
leaf_weight=0.70070089679211278 1.9823842545738433 0.9191625579260293 2.0146947109606117 0.49620059551671047 91.789410944795236 0.16947371326386929
leaf_count=202 104 171 42 141 11681 39
internal_value=0.000782339 0.00324767 0.00727911 0.000619122 0.000619122 -0.00110839
internal_weight=98.072 4.91624 2.93386 93.1558 92.2856 0.870175
internal_count=12380 317 213 12063 11822 241
is_linear=0
shrinkage=0.03


Tree=374
num_leaves=3
num_cat=0
split_feature=8 1
split_gain=0.0313432 0.12806
threshold=98.7177379582443 36.373539314715792
decision_type=2 2
left_child=-1 -2
right_child=1 -3
leaf_value=0.00063114585739809995 0.00063114585739809995 0.0067023808616147422
leaf_weight=93.075208374997601 1.9817386317299668 2.9684229595586658
leaf_count=12063 104 213
internal_value=0.000773835 0.00289977
internal_weight=98.0254 4.95016
internal_count=12380 317
is_linear=0
shrinkage=0.03


Tree=375
num_leaves=2
num_cat=0
split_feature=8
split_gain=0.000639215
threshold=2.5158227848101271
decision_type=2
left_child=-1
right_child=-2
leaf_value=-0.00043031342848788784 0.00024646249279991467
leaf_weight=0.39954059338197012 97.031991562107578
leaf_count=117 12278
internal_value=0.000239344
internal_weight=97.4315
internal_count=12395
is_linear=0
shrinkage=0.03


Tree=376
num_leaves=2
num_cat=0
split_feature=8
split_gain=0.000628998
threshold=2.5158227848101271
decision_type=2
left_child=-1
right_child=-2
leaf_value=-0.00042552654094485902 0.0002463797442601957
leaf_weight=0.39922408270649512 97.032054347917438
leaf_count=117 12278
internal_value=0.000239331
internal_weight=97.4313
internal_count=12395
is_linear=0
shrinkage=0.03


Tree=377
num_leaves=2
num_cat=0
split_feature=8
split_gain=0.000621613
threshold=2.5158227848101271
decision_type=2
left_child=-1
right_child=-2
leaf_value=-0.0004220592513825906 0.00024631863753420396
leaf_weight=0.39893094263970752 97.032107406412251
leaf_count=117 12278
internal_value=0.000239322
internal_weight=97.431
internal_count=12395
is_linear=0
shrinkage=0.03


Tree=378
num_leaves=2
num_cat=0
split_feature=8
split_gain=0.000585724
threshold=2.5158227848101271
decision_type=2
left_child=-1
right_child=-2
leaf_value=-0.00040449590398156972 0.00024614798005592753
leaf_weight=0.39893323672003944 97.031891481950879
leaf_count=117 12278
internal_value=0.000239402
internal_weight=97.4308
internal_count=12395
is_linear=0
shrinkage=0.03


Tree=379
num_leaves=2
num_cat=0
split_feature=8
split_gain=0.000563684
threshold=2.5158227848101271
decision_type=2
left_child=-1
right_child=-2
leaf_value=-0.00039351546278465428 0.00024600694559168601
leaf_weight=0.39883631386328389 97.031814339687116
leaf_count=117 12278
internal_value=0.000239418
internal_weight=97.4307
internal_count=12395
is_linear=0
shrinkage=0.03


Tree=380
num_leaves=5
num_cat=0
split_feature=11 1 8 4
split_gain=0.0228207 0.0143385 0.00323905 0.00074076
threshold=2.4477124183006542 0.48134847080630222 2.5158227848101271 5.2948331788693244
decision_type=2 2 2 2
left_child=-1 -2 -3 -4
right_child=1 2 3 -5
leaf_value=-0.0028180687703256175 -0.0023292006996117479 -0.0010355336946767794 -3.470897596245293e-05 0.00045993519379563933
leaf_weight=1.0551819659303863 0.74650521529838343 0.43190799071453412 2.6666167798684901 93.310534520074725
leaf_count=301 45 130 612 11274
internal_value=0.000321609 0.000384071 0.000428776 0.000445976
internal_weight=98.2107 97.1556 96.4091 95.9772
internal_count=12362 12061 12016 11886
is_linear=0
shrinkage=0.03


Tree=381
num_leaves=4
num_cat=0
split_feature=11 8 8
split_gain=0.0223289 0.00995043 0.00171695
threshold=2.4477124183006542 64.747307373653697 2.5158227848101271
decision_type=2 2 2
left_child=1 -1 -2
right_child=2 -3 -4
leaf_value=-0.0037565508455875488 -0.00069890168441787387 0.00038275450635036573 0.00039471088125931318
leaf_weight=0.73469951073638984 0.43402981909457494 0.31658178358338773 96.719646140001714
leaf_count=215 131 86 11930
internal_value=0.000321055 -0.00278779 0.000382755
internal_weight=98.205 1.05128 97.1537
internal_count=12362 301 12061
is_linear=0
shrinkage=0.03


Tree=382
num_leaves=3
num_cat=0
split_feature=11 4
split_gain=0.0147895 0.000892228
threshold=2.4477124183006542 5.2948331788693244
decision_type=2 2
left_child=-1 -2
right_child=1 -3
leaf_value=-0.0022314968752889298 -0.00012781483489632801 0.00038424648048665072
leaf_weight=1.024428580305538 2.7151057961164033 94.460319288657047
leaf_count=301 631 11430
internal_value=0.000319435 0.000368783
internal_weight=98.1999 97.1754
internal_count=12362 12061
is_linear=0
shrinkage=0.03


Tree=383
num_leaves=5
num_cat=0
split_feature=11 1 8 4
split_gain=0.0145962 0.0126143 0.00293796 0.000512265
threshold=2.4477124183006542 0.48134847080630222 2.5158227848101271 5.2948331788693244
decision_type=2 2 2 2
left_child=-1 -2 -3 -4
right_child=1 2 3 -5
leaf_value=-0.0022170599123527593 -0.0021795207419306154 -0.00098623569160155968 1.1319370815089317e-05 0.00043754775373227515
leaf_weight=1.0220033457735542 0.7442042954498892 0.42990821925923128 2.663264558883383 93.336875873384997
leaf_count=301 45 130 612 11274
internal_value=0.000318799 0.000367781 0.000409608 0.000425962
internal_weight=98.1963 97.1743 96.43 96.0001
internal_count=12362 12061 12016 11886
is_linear=0
shrinkage=0.03


Tree=384
num_leaves=5
num_cat=0
split_feature=11 1 8 4
split_gain=0.01446 0.0118525 0.00286443 0.000530904
threshold=2.4477124183006542 0.48134847080630222 2.5158227848101271 5.2948331788693244
decision_type=2 2 2 2
left_child=-1 -2 -3 -4
right_child=1 2 3 -5
leaf_value=-0.0022057004830558047 -0.0021007475939172813 -0.0009702862111697695 5.4733217990432628e-06 0.00043714116149290888
leaf_weight=1.019505402073263 0.74529355170670797 0.42940157628618081 2.6621304793516165 93.338257305556908
leaf_count=301 45 130 612 11274
internal_value=0.000320092 0.000368788 0.000409241 0.000425351
internal_weight=98.1946 97.1751 96.4298 96.0004
internal_count=12362 12061 12016 11886
is_linear=0
shrinkage=0.03


Tree=385
num_leaves=5
num_cat=0
split_feature=1 11 11 8
split_gain=0.0348045 0.0607759 0.0140346 0.02661
threshold=6.8839839623687604 99.265604774917321 6.6026202887853493 48.999599839935975
decision_type=2 2 2 2
left_child=1 -1 -2 -4
right_child=2 -3 3 -5
leaf_value=-0.0025077017902483721 -0.0010287817368615844 0.00048229028792851585 0.00048229028792851585 0.0011107127894878029
leaf_weight=9.1171568813733739 4.3372328984551123 1.574908941052853 21.974335833918303 61.946789706242271
leaf_count=820 760 31 4405 6289
internal_value=0.000283233 -0.00126061 0.00048229 0.000571581
internal_weight=98.9504 10.6921 88.2584 83.9211
internal_count=12305 851 11454 10694
is_linear=0
shrinkage=0.03


Tree=386
num_leaves=5
num_cat=0
split_feature=1 11 11 8
split_gain=0.0427164 0.0673723 0.0134759 0.0214919
threshold=6.8839839623687604 99.265604774917321 6.6026202887853493 46.026315789473692
decision_type=2 2 2 2
left_child=1 -1 -2 -4
right_child=2 -3 3 -5
leaf_value=-0.0027355744552302751 -0.00099362297362908187 0.00048846056457153809 0.00048846056457153809 0.0010500876003419696
leaf_weight=9.0440272209234518 4.3351557271089396 1.5740634966641653 20.814305304200388 63.133162132580765
leaf_count=820 760 31 4136 6558
internal_value=0.000268246 -0.00144714 0.000488461 0.000575793
internal_weight=98.9007 10.6181 88.2826 83.9475
internal_count=12305 851 11454 10694
is_linear=0
shrinkage=0.03


Tree=387
num_leaves=7
num_cat=0
split_feature=1 11 9 9 8 1
split_gain=0.02309 0.0138904 0.0426915 0.0100908 0.0105968 0.180778
threshold=0.92380723791236641 5.5620005155968038 80.982519590114535 5.5867665418227217 46.026315789473692 85.232683982684009
decision_type=2 2 2 2 2 2
left_child=-1 2 -2 -3 -5 -6
right_child=1 3 -4 4 5 -7
leaf_value=-0.0026390513592807851 -0.0026390513592807851 -0.0011159032150421572 0.00039185590493286257 0.00039185590493286257 0.00039185590493286257 0.0040597040103566235
leaf_weight=1.448546822532079 1.8179513529175886 2.916519397054798 2.0261356360279024 21.86067799187731 56.938090458745137 11.850289389956741
leaf_count=96 316 520 370 4155 5873 975
internal_value=0.000245173 0.000314444 -0.00126168 0.000391856 0.000452013 0.000770815
internal_weight=98.8582 97.4097 3.84409 93.5656 90.6491 68.7884
internal_count=12305 12209 686 11523 11003 6848
is_linear=0
shrinkage=0.03


Tree=388
num_leaves=7
num_cat=0
split_feature=1 11 9 9 8 1
split_gain=0.0222727 0.0131517 0.0415657 0.00942513 0.0121405 0.208966
threshold=0.92380723791236641 5.5620005155968038 80.982519590114535 5.5867665418227217 48.999599839935975 85.232683982684009
decision_type=2 2 2 2 2 2
left_child=-1 2 -2 -3 -5 -6
right_child=1 3 -4 4 5 -7
leaf_value=-0.002585690638918765 -0.002585690638918765 -0.0010700265786326468 0.0003886310442191693 0.0003886310442191693 0.0003886310442191693 0.0043489675817511286
leaf_weight=1.4517583731794719 1.8159383821766817 2.9126986180199301 2.0262278515147045 23.017682784004137 55.900037175742909 11.726555735571308
leaf_count=96 316 520 370 4424 5632 947
internal_value=0.000245328 0.000313374 -0.00122095 0.000388631 0.000446667 0.000795957
internal_weight=98.8509 97.3991 3.84217 93.557 90.6443 67.6266
internal_count=12305 12209 686 11523 11003 6579
is_linear=0
shrinkage=0.03


Tree=389
num_leaves=7
num_cat=0
split_feature=1 9 2 9 1 11
split_gain=0.0216323 0.0563176 0.056961 0.299954 0.11403 0.000770039
threshold=6.8839839623687604 80.982519590114535 94.670786142953872 39.520528280218208 5.2948331788693244 6.6026202887853493
decision_type=2 2 2 2 2 2
left_child=1 2 3 4 -1 -2
right_child=5 -3 -4 -5 -6 -7
leaf_value=-0.012894643721429216 0.00043009661081972627 0.00043009661081972627 0.00043009661081972627 0.00043009661081972627 0.00043009661081972627 0.00053172102630411142
leaf_weight=1.801164867007172 4.2681736062513655 2.2579166237264863 2.8726217045914382 3.0536317165242508 0.54367754270788271 84.017285349546
leaf_count=218 760 169 150 248 66 10694
internal_value=0.000274605 -0.000953401 -0.00237477 -0.00397901 -0.0104305 0.000430097
internal_weight=98.8145 10.529 8.2711 5.39847 2.34484 88.2855
internal_count=12305 851 682 532 284 11454
is_linear=0
shrinkage=0.03


Tree=390
num_leaves=6
num_cat=0
split_feature=2 9 11 11 9
split_gain=0.00648995 0.00345563 0.00879845 0.000266916 7.34434e-05
threshold=1.3747887161289647 5.5867665418227217 77.751183843612409 1.5461953951723924 96.610061287027591
decision_type=2 2 2 2 2
left_child=-1 2 -2 -3 -5
right_child=1 3 -4 4 -6
leaf_value=-0.0021820614910675381 -0.002178364160133733 -0.0004230370311643991 -2.9497897432427558e-05 -2.9320211535044656e-05 8.0783409751834028e-05
leaf_weight=0.32279115030541916 1.4162476480705657 0.52992677828296919 1.4185066642239688 90.265486541204154 4.8474575651343903
leaf_count=103 368 163 167 11084 509
internal_value=-9.39272e-05 -6.52163e-05 -0.000948379 -2.94979e-05 -2.29266e-05
internal_weight=98.8004 98.4776 2.83475 95.6429 95.1129
internal_count=12394 12291 535 11756 11593
is_linear=0
shrinkage=0.03


Tree=391
num_leaves=7
num_cat=0
split_feature=2 9 11 3 11 9
split_gain=0.00636281 0.00283708 0.00794116 0.000327381 0.000261128 3.49235e-05
threshold=1.3747887161289647 5.5867665418227217 77.751183843612409 80.516503077965965 1.5461953951723924 96.610061287027591
decision_type=2 2 2 2 2 2
left_child=-1 2 -2 -4 -3 -6
right_child=1 4 3 -5 5 -7
leaf_value=-0.002162688750585986 -0.0020507943512325251 -0.00042305345256072799 -0.001056593206841543 -3.3584893257663206e-05 -3.136564767280762e-05 4.5112624812324124e-05
leaf_weight=0.32198218570556392 1.4101395300822326 0.52962762024253507 0.43070436839479931 0.98779466561973095 90.264365353505127 4.8499127223622045
leaf_count=103 368 163 118 49 11084 509
internal_value=-9.44347e-05 -6.59984e-05 -0.000866955 -3.35849e-05 -3.35849e-05 -2.70372e-05
internal_weight=98.7945 98.4725 2.82864 1.4185 95.6439 95.1143
internal_count=12394 12291 535 167 11756 11593
is_linear=0
shrinkage=0.03


Tree=392
num_leaves=6
num_cat=0
split_feature=2 9 11 11 3
split_gain=0.00633944 0.00108931 0.00518757 0.000250195 0.000286159
threshold=1.3747887161289647 5.5867665418227217 77.751183843612409 1.5461953951723924 80.516503077965965
decision_type=2 2 2 2 2
left_child=-1 2 -2 -3 -4
right_child=1 3 4 -5 -6
leaf_value=-0.002136546656654424 -0.0015682180504673813 -0.00040448077180981889 -0.0010353924768950534 -1.7201759274233767e-05 -1.7201759274233767e-05
leaf_weight=0.32089616928715159 1.3847056685481214 0.52889432664960523 0.43044911639299221 95.166210536961444 0.98834519227966666
leaf_count=103 368 163 118 11593 49
internal_value=-7.16764e-05 -4.35438e-05 -0.000541584 -2.35031e-05 -2.35031e-05
internal_weight=98.8195 98.4986 2.8035 95.6951 1.41879
internal_count=12394 12291 535 11756 167
is_linear=0
shrinkage=0.03


Tree=393
num_leaves=3
num_cat=0
split_feature=2 11
split_gain=0.00625559 0.000222631
threshold=1.3747887161289647 1.5461953951723924
decision_type=2 2
left_child=-1 -2
right_child=1 -3
leaf_value=-0.0021235197254037747 -0.0004043594027045788 -3.7803740152949493e-05
leaf_weight=0.32015500031411548 0.52863896952476253 97.967491250368766
leaf_count=103 163 12128
internal_value=-7.17602e-05 -4.38154e-05
internal_weight=98.8163 98.4961
internal_count=12394 12291
is_linear=0
shrinkage=0.03


Tree=394
num_leaves=6
num_cat=0
split_feature=2 9 11 11 3
split_gain=0.00616494 0.00105079 0.00513588 0.000249881 0.00025237
threshold=1.3747887161289647 5.5867665418227217 77.751183843612409 1.5461953951723924 80.516503077965965
decision_type=2 2 2 2 2
left_child=-1 2 -2 -3 -4
right_child=1 3 4 -5 -6
leaf_value=-0.002109299569912518 -0.0015585201160752333 -0.00040520656230577288 -0.0010299722821724418 -1.8072810627888673e-05 -1.8072810627888673e-05
leaf_weight=0.31933610560372372 1.3826462696306401 0.52839560189749946 0.43014974810648687 95.16661311138887 0.98832239350304008
leaf_count=103 368 163 118 11593 49
internal_value=-7.18097e-05 -4.40704e-05 -0.000533401 -2.43789e-05 -2.43789e-05
internal_weight=98.8155 98.4961 2.80112 95.695 1.41847
internal_count=12394 12291 535 11756 167
is_linear=0
shrinkage=0.03


Tree=395
num_leaves=2
num_cat=0
split_feature=1
split_gain=0.0136318
threshold=99.034980501717015
decision_type=2
left_child=-1
right_child=-2
leaf_value=0.00018220309439485739 0.0019682357388628338
leaf_weight=94.868963506422006 3.0290412018075576
leaf_count=12214 129
internal_value=0.000256807
internal_weight=97.898
internal_count=12343
is_linear=0
shrinkage=0.03


Tree=396
num_leaves=2
num_cat=0
split_feature=1
split_gain=0.0165322
threshold=99.034980501717015
decision_type=2
left_child=-1
right_child=-2
leaf_value=0.00018729202164202978 0.0021283973747838495
leaf_weight=94.791629472747445 3.1395925136748692
leaf_count=12214 129
internal_value=0.000270407
internal_weight=97.9312
internal_count=12343
is_linear=0
shrinkage=0.03


Tree=397
num_leaves=2
num_cat=0
split_feature=1
split_gain=0.015946
threshold=99.034980501717015
decision_type=2
left_child=-1
right_child=-2
leaf_value=0.00019308565622939102 0.0021007117856047717
leaf_weight=94.788031623116694 3.1354317094665012
leaf_count=12214 129
internal_value=0.000274785
internal_weight=97.9235
internal_count=12343
is_linear=0
shrinkage=0.03


end of trees

feature_importances:
Column_1=533
Column_11=454
Column_2=395
Column_8=385
Column_9=367
Column_0=200
Column_10=179
Column_4=175
Column_7=169
Column_3=152
Column_5=105

parameters:
[boosting: gbdt]
[objective: lambdarank]
[metric: ndcg]
[tree_learner: serial]
[device_type: cpu]
[data_sample_strategy: bagging]
[data: ]
[valid: ]
[num_iterations: 400]
[learning_rate: 0.03]
[num_leaves: 15]
[num_threads: 8]
[seed: 0]
[deterministic: 0]
[force_col_wise: 0]
[force_row_wise: 0]
[histogram_pool_size: -1]
[max_depth: -1]
[min_data_in_leaf: 50]
[min_sum_hessian_in_leaf: 0.001]
[bagging_fraction: 0.8]
[pos_bagging_fraction: 1]
[neg_bagging_fraction: 1]
[bagging_freq: 5]
[bagging_seed: 3]
[bagging_by_query: 0]
[feature_fraction: 0.9]
[feature_fraction_bynode: 1]
[feature_fraction_seed: 2]
[extra_trees: 0]
[extra_seed: 6]
[early_stopping_round: 0]
[early_stopping_min_delta: 0]
[first_metric_only: 0]
[max_delta_step: 0]
[lambda_l1: 0]
[lambda_l2: 1]
[linear_lambda: 0]
[min_gain_to_split: 0]
[drop_rate: 0.1]
[max_drop: 50]
[skip_drop: 0.5]
[xgboost_dart_mode: 0]
[uniform_drop: 0]
[drop_seed: 4]
[top_rate: 0.2]
[other_rate: 0.1]
[min_data_per_group: 100]
[max_cat_threshold: 32]
[cat_l2: 10]
[cat_smooth: 10]
[max_cat_to_onehot: 4]
[top_k: 20]
[monotone_constraints: 1,1,1,1,1,1,1,1,1,1,1,1]
[monotone_constraints_method: advanced]
[monotone_penalty: 0]
[feature_contri: ]
[forcedsplits_filename: ]
[refit_decay_rate: 0.9]
[cegb_tradeoff: 1]
[cegb_penalty_split: 0]
[cegb_penalty_feature_lazy: ]
[cegb_penalty_feature_coupled: ]
[path_smooth: 0]
[interaction_constraints: ]
[verbosity: -1]
[saved_feature_importance_type: 0]
[use_quantized_grad: 0]
[num_grad_quant_bins: 4]
[quant_train_renew_leaf: 0]
[stochastic_rounding: 1]
[linear_tree: 0]
[max_bin: 255]
[max_bin_by_feature: ]
[min_data_in_bin: 3]
[bin_construct_sample_cnt: 200000]
[data_random_seed: 1]
[is_enable_sparse: 1]
[enable_bundle: 1]
[use_missing: 1]
[zero_as_missing: 0]
[feature_pre_filter: 1]
[pre_partition: 0]
[two_round: 0]
[header: 0]
[label_column: ]
[weight_column: ]
[group_column: ]
[ignore_column: ]
[categorical_feature: ]
[forcedbins_filename: ]
[precise_float_parser: 0]
[parser_config_file: ]
[objective_seed: 5]
[num_class: 1]
[is_unbalance: 0]
[scale_pos_weight: 1]
[sigmoid: 1]
[boost_from_average: 1]
[reg_sqrt: 0]
[alpha: 0.9]
[fair_c: 1]
[poisson_max_delta_step: 0.7]
[tweedie_variance_power: 1.5]
[lambdarank_truncation_level: 30]
[lambdarank_norm: 1]
[label_gain: 0,1,3,7,15]
[lambdarank_position_bias_regularization: 0]
[eval_at: 10,25,50]
[multi_error_top_k: 1]
[auc_mu_weights: ]
[num_machines: 1]
[local_listen_port: 12400]
[time_out: 120]
[machine_list_filename: ]
[machines: ]
[gpu_platform_id: -1]
[gpu_device_id: -1]
[gpu_use_dp: 0]
[num_gpu: 1]

end of parameters

pandas_categorical:null
