tree
version=v4
num_class=1
num_tree_per_iteration=1
label_index=0
max_feature_idx=11
objective=lambdarank
feature_names=Column_0 Column_1 Column_2 Column_3 Column_4 Column_5 Column_6 Column_7 Column_8 Column_9 Column_10 Column_11
monotone_constraints=1 1 1 1 1 1 1 1 1 1 1 1
feature_infos=[0.23752969121140144:100] [0.23752969121140144:100] none [0.23752969121140144:100] [0.23752969121140144:100] [0.23752969121140144:100] none none none [1.2195121951219512:100] [1.3333333333333335:100] [0.24154589371980675:100]
tree_sizes=1766 1745 1438 1534 1317 1536 1533 1209 1321 1533 1425 1431 1316 1537 1535 903 1106 1003 1115 1543 1650 1658 1760 1650 1643 1227 1228 1336 1117 1111 1221 1328 1672 1463 1450 1774 1777 1777 1452 1771 1219 1338 1770 1773 1239 1338 1126 1336 1011 1564 1451 1661 1335 1447 1016 1451 1120 1007 1128 1130 1340 1017 1127 1233 1567 1019 1238 1345 1237 1124 1124 1576 1776 1784 803 803 481 1365 910 1357 1240 1138 1031 1120 1253 1132 1672 1231 1116 910 1583 1247 1028 1022 1143 802 1584 910 1020 1241 1232 1011 1116 1012 912 1020 912 596 816 1022 813 817 808 813 813 1116 1123 1339 1130 915 487 376 374 487 488 809 703 703 703 1252 908 1343 1560 1568 1463 699 1445 1458 907 584 1243 1124 1128 1137 914 1025 1242 703 702 696 810 810 813 698 1130 809 594 812 810 808 698 915 697 697 806 376 376 375 377 377 921 699 591 706 482 590 705 596 702 590 907 909 803 795 800 906 1241 1133 1119 1581 374 374 375 376 374 906 807 799 695 586 373 588 589 589 588 590 373 592 374 478 928 926 809 815 1034 481 371 709 372 375 589 592 481 593 483 703 926 706 928 930 697 481 481 481 482 1357 1137 1135 914 373 375 374 375 375 374 598 485 487 488 488 488 596 910 704 484 807 919 1033 1137 918 706 703 595 593 596 693 586 583 588 587 599 825 601 818 822 483 596 374 372 374 699 590 485 371 371 482 479 698 373 698 603 487 486 487 375 594 486 596 704 710 1022 699 592 919 703 484 372 372 371 371 923 909 916 806 805 490 490 489 704 379 376 489 373 375 376 375 376 373 374 376 704 915 923 1125 920 373 374 375 375 375 590 602 487 486 486 705 705 1034 703 1033 603 821 708 712 708 802 922 912 1023 804 372 373 372 371 373 376 376

Tree=0
num_leaves=15
num_cat=0
split_feature=3 10 1 5 11 11 10 1 0 10 0 0 10 11
split_gain=3.1802 1.58549 1.29255 0.709346 0.411109 0.383444 0.468571 0.20147 0.202423 0.144067 0.141629 0.0812107 0.0411218 0.030644
threshold=91.866717879777241 85.814889336016108 79.898070339246829 70.942245072836343 89.06069651741295 67.754431952379989 60.584720443875376 16.036337426733578 68.654783079421563 48.683298683298695 69.437325065385423 38.480101066554901 52.041666666666679 92.992293535771807
decision_type=2 2 2 2 2 2 2 2 2 2 2 2 2 2
left_child=1 2 3 5 7 6 -1 -3 -9 11 13 -4 -2 -7
right_child=12 4 9 -5 -6 10 -8 8 -10 -11 -12 -13 -14 -15
leaf_value=-0.013106648856793732 0.0069248041469120924 -0.00081070776626852446 -0.00081070776626852446 -0.00081070776626852446 0.013989023763572321 -0.003890534172247427 -0.003890534172247427 0.0038498465924086747 0.010023024667511465 0.0038498465924086747 -0.00081070776626852446 0.0038498465924086747 0.015748041723037606 -0.00081070776626852446
leaf_weight=20.552230561850596 3.1282257493585242 2.6345142300706454 3.0414862544275802 12.704713022219947 2.3774303910322478 7.8215731643140227 6.2069851509295395 9.5694655837723968 4.2295502645429215 6.2246593887684867 1.5965002740267653 2.1810572997201234 7.626216392731294 1.7532821171917019
leaf_count=3016 450 208 526 1810 156 981 983 872 202 894 207 313 493 257
internal_value=-0.000610725 -0.00269882 -0.00499721 -0.00703311 0.004756 -0.00904292 -0.0109763 0.00384985 0.0042429 0.00384985 -0.00389053 -0.000810708 0.013989 -0.00389053
internal_weight=91.6479 80.8934 62.0825 50.6353 18.811 37.9306 26.7592 16.4335 13.799 11.4472 11.1714 5.22254 10.7544 9.57486
internal_count=11368 10425 8987 7254 1438 5444 3999 1282 1074 1733 1445 839 943 1238
is_linear=0
shrinkage=0.03


Tree=1
num_leaves=15
num_cat=0
split_feature=3 4 10 5 1 10 4 1 11 1 5 4 1 10
split_gain=9.70408 1.68006 1.31053 0.957295 1.70131 1.0301 0.488695 0.47157 0.372114 0.49828 0.292641 0.0924958 0.0839393 0.0252822
threshold=91.449854159231066 8.0722345794446806 52.041666666666679 99.018403430168163 12.086471155776293 91.366459627329206 79.530618905797425 42.027150981471301 77.208839299795002 83.827187591454518 55.995110024449886 45.180694908955786 34.41297316198969 85.450268817204304
decision_type=2 2 2 2 2 2 2 2 2 2 2 2 2 2
left_child=6 -2 11 4 -4 7 8 -6 9 10 -1 -3 -13 -12
right_child=1 2 3 -5 5 -7 -8 -9 -10 -11 13 12 -14 -15
leaf_value=-0.013194203485245847 -0.006384819866410125 -0.006384819866410125 -0.0028566466965253682 0.01765420966027512 0.0017638327530602391 0.017147626063285883 -0.0042176260896464894 0.0096847983860565388 -0.006384819866410125 -0.006384819866410125 -0.0088617703032949392 -0.0042176260896464894 0.0017638327530602391 -0.006384819866410125
leaf_weight=26.933173385215923 3.6151442620903245 1.3793732032645483 9.9049417832866293 12.233779121190308 10.55579933896661 14.294410070404409 21.314480944769457 20.83499624626711 18.639130925061181 11.008522285614161 10.410457672551269 1.7998053610790519 2.5408636648207903 4.509102334966884
leaf_count=3997 46 116 75 65 90 91 1871 170 1632 1202 1452 143 189 229
internal_value=0.000120492 0.00792732 0.00896452 0.0101214 0.00818095 0.0105839 -0.00638482 0.0071579 -0.00773748 -0.00945689 -0.0112096 -0.00421763 -0.00285665 -0.00702314
internal_weight=169.974 77.1591 73.544 67.8239 55.5901 45.6852 92.8149 31.3908 71.5004 52.8613 41.8527 5.72004 4.34067 14.9196
internal_count=11368 985 939 491 426 351 10383 260 8512 6880 5678 448 332 1681
is_linear=0
shrinkage=0.03


Tree=2
num_leaves=12
num_cat=0
split_feature=3 11 10 10 10 11 0 11 1 4 11
split_gain=11.7832 0.564505 0.887959 0.476682 0.408075 0.35928 0.248873 0.164014 0.279336 0.0758553 0.00189794
threshold=91.449854159231066 10.037702416058773 68.356867779204123 86.425061425061429 89.347517730496463 88.446151892303803 99.463086280953632 72.7950437101793 81.457513768686084 87.641432329578848 31.089591723920083
decision_type=2 2 2 2 2 2 2 2 2 2 2
left_child=3 2 -2 7 6 10 -3 8 9 -1 -5
right_child=1 4 -4 5 -6 -7 -8 -9 -10 -11 -12
leaf_value=-0.011824996330413404 -0.0070307513534266222 0.0089043776851045874 0.0089043776851045874 -0.0070307513534266222 0.013731183794603715 0.00160029968860668 0.013731183794603715 -0.0063092608243916154 -0.0070307513534266222 -0.0070307513534266222 -0.0044178661716233183
leaf_weight=32.356867692666128 4.6122453478164953 41.776118238456547 6.2501704879105091 4.2874312754720467 20.072080095298588 8.1297588930465263 4.3906809398904434 19.219196664169431 9.2484974721446616 3.8262653187848619 7.4627614426426589
leaf_count=4978 80 690 42 480 135 154 38 2369 1173 487 742
internal_value=0.000263739 0.00868678 0.00211592 -0.00743073 0.00971683 -0.00315297 0.00890438 -0.00867807 -0.00976908 -0.0112086 -0.00630926
internal_weight=161.632 77.1013 10.8624 84.5308 66.2389 19.88 46.1668 64.6508 45.4316 36.1831 11.7502
internal_count=11368 985 122 10383 863 1376 728 9007 6638 5465 1222
is_linear=0
shrinkage=0.03


Tree=3
num_leaves=13
num_cat=0
split_feature=3 11 10 4 10 4 1 11 4 1 5 11
split_gain=11.5764 2.2044 1.03887 0.773901 0.989698 0.539422 0.490543 0.46677 0.220478 0.0619165 0.00976075 0.00620042
threshold=91.449854159231066 97.62187535346682 52.041666666666679 72.053508150248078 97.617697107203639 32.818340889207043 23.279166509570313 88.162730137869787 91.449854159231066 89.534022724371269 91.095053290083413 53.616880390193494
decision_type=2 2 2 2 2 2 2 2 2 2 2 2
left_child=8 2 5 9 7 -2 -7 -5 11 -4 -8 -1
right_child=1 -3 3 4 -6 6 10 -9 -10 -11 -12 -13
leaf_value=-0.0099739121080775935 -0.0083564437592648089 0.026909888087055758 0.003706240736291457 0.0052616728539973704 0.019604226973639984 -0.0050765395428159507 -0.00061837760604241431 0.014263979866340157 -0.0050765395428159507 0.0052616728539973704 0.003706240736291457 -0.0083564437592648089
leaf_weight=37.372182996943593 1.7730172048322952 4.3209752854891113 15.339818529784681 21.249266368336986 8.9279208099469525 5.2737839100882438 3.5064799990504953 7.0900106914341441 6.4225908576045176 5.353295922279357 8.5819588727317733 28.606042549712583
leaf_count=5727 101 33 145 211 41 115 80 44 703 50 165 3953
internal_value=0.000310364 0.00802533 0.00663588 0.00860737 0.0111608 0.000533365 0.00245566 0.00792331 -0.00835644 0.00370624 0.00370624 -0.00896713
internal_weight=153.817 81.4165 77.0956 57.9603 37.2672 19.1352 17.3622 28.3393 72.4008 20.6931 12.0884 65.9782
internal_count=11368 985 952 491 296 461 360 255 10383 195 245 9680
is_linear=0
shrinkage=0.03


Tree=4
num_leaves=11
num_cat=0
split_feature=3 11 5 0 11 1 4 4 11 0
split_gain=11.9984 1.21004 1.07824 0.780273 0.518506 0.231795 0.270767 0.067575 0.060897 0.0353982
threshold=91.449854159231066 97.91681291681293 83.066649598907674 99.749677306164401 10.719073152049026 79.530618905797425 80.304967836937166 72.053508150248078 73.052426880359192 77.301696557174367
decision_type=2 2 2 2 2 2 2 2 2 2
left_child=5 2 -2 4 -4 6 8 -6 9 -1
right_child=1 -3 3 -5 7 -7 -8 -9 -10 -11
leaf_value=-0.012504112609324054 -0.0060813986984945521 0.019788972584289383 -0.0013281027572184453 0.019015935062967667 0.0052841274415458299 -0.0060813986984945521 -0.0060813986984945521 0.0083278117289495909 -0.0075532068371164003 -0.0075532068371164003
leaf_weight=29.053295629797507 4.7798332609236232 6.452364418655633 6.3018621962983152 4.3944137778598806 17.031282729003578 14.523151561152188 12.617971626343204 40.746197800152004 11.054325046017764 2.7186244013719252
leaf_count=4720 87 27 112 29 282 2068 1648 448 1536 411
internal_value=0.000119342 0.0080309 0.00674266 0.0077125 0.00665705 -0.00887957 -0.0098491 0.00753578 -0.01105 -0.011999
internal_weight=149.673 79.706 73.2536 68.4738 64.0793 69.9674 55.4442 57.7775 42.8262 31.7719
internal_count=11368 985 958 871 842 10383 8315 730 6667 5131
is_linear=0
shrinkage=0.03


Tree=5
num_leaves=13
num_cat=0
split_feature=3 10 11 4 11 5 3 10 4 10 10 11
split_gain=11.396 2.87388 2.99849 0.63789 0.770999 1.20776 0.47651 0.374831 0.149364 0.120835 0.0810159 0.00342385
threshold=89.534022724371269 97.617697107203639 97.91681291681293 28.495332936136414 81.218221706026597 99.018403430168163 95.663303620988032 21.852992957746483 91.449854159231066 97.617697107203639 88.303693570451443 43.007967017661151
decision_type=2 2 2 2 2 2 2 2 2 2 2 2
left_child=8 2 3 10 7 6 -6 11 -1 -10 -2 -5
right_child=1 -3 -4 4 5 -7 -8 -9 9 -11 -12 -13
leaf_value=-0.010521499906647665 -0.0088846017223822796 0.018561398355670979 0.018561398355670979 -0.0069964170262434748 0.00015357897424911359 0.018561398355670979 0.0085499410485554688 0.00015357897424911359 -0.0069964170262434748 0.0073403173707627242 -0.00084249128535150762 -0.0028323078771059647
leaf_weight=60.604331117821857 4.1899097040295592 14.324374373536555 6.9006849569268516 2.3590557125862679 6.3886177700478601 4.5145474064629516 6.0199290085583925 31.237100925063714 4.0906496457755557 0.45185479265637685 1.7293025315739212 2.1573618892580271
leaf_count=9491 152 85 31 73 136 31 73 523 641 26 32 51
internal_value=-0.000733679 0.00682902 0.00402255 0.00162277 0.00270359 0.00778187 0.00237243 0.000153579 -0.009963 -0.00699642 -0.00699642 -0.00699642
internal_weight=144.968 79.8209 65.4965 58.5958 52.6766 16.9231 12.4085 35.7535 65.1468 4.5425 5.91921 4.51642
internal_count=11345 1187 1102 1071 887 240 209 647 10158 667 184 124
is_linear=0
shrinkage=0.03


Tree=6
num_leaves=13
num_cat=0
split_feature=3 11 10 10 5 11 1 4 4 3 11 11
split_gain=9.715 2.53688 2.11219 0.867828 1.10234 0.392931 0.232381 0.123484 0.0584736 0.0707034 0.0391323 0.0141589
threshold=89.534022724371269 97.91681291681293 97.617697107203639 52.041666666666679 99.018403430168163 92.069459472752328 83.377662396457467 89.158259052470058 54.409912579641436 93.766585717805242 17.185367185367188 97.345237637591467
decision_type=2 2 2 2 2 2 2 2 2 2 2 2
left_child=6 2 3 5 8 10 7 -1 -5 -10 -2 -8
right_child=1 -3 -4 4 -6 -7 11 -9 9 -11 -12 -13
leaf_value=-0.010563622123292345 -0.0050782720860492797 0.021897924429072554 0.01468476324067562 0.001765542131377385 0.0143005870781234 0.001765542131377385 -0.0050782720860492797 -0.0050782720860492797 0.001765542131377385 0.0045006231062584322 -0.0031047675882338983 0.00055460148959756567
leaf_weight=47.822054264834151 2.3291463663335987 7.6360567258670917 13.634380349889396 7.2431129147298767 7.2338436017744234 3.4221390436869106 10.202837404329319 5.6800309631507835 6.0626913229934898 15.374683544039724 14.664265037048606 0.36123704747296947
leaf_count=7727 121 34 82 147 50 73 1548 830 123 180 377 53
internal_value=-0.0006144 0.00648794 0.00452118 0.0018479 0.00460935 -0.00299834 -0.00918462 -0.0100221 0.00176554 0.00334174 -0.00507827 -0.00507827
internal_weight=141.666 77.6003 69.9643 56.3299 35.9143 20.4156 64.0662 53.5021 28.6805 21.4374 16.9934 10.5641
internal_count=11345 1187 1153 1071 500 571 10158 8557 450 303 498 1601
is_linear=0
shrinkage=0.03


Tree=7
num_leaves=10
num_cat=0
split_feature=3 10 10 0 1 4 1 1 3
split_gain=8.98145 1.44874 0.462527 1.39641 1.23009 0.84357 0.375647 0.243986 0.0373979
threshold=90.330372448184519 97.617697107203639 52.041666666666679 99.463086280953632 45.597927461139903 56.760020890455678 4.0893050363958308 83.377662396457467 95.250032903189421
decision_type=2 2 2 2 2 2 2 2 2
left_child=7 2 6 4 -4 -6 -2 -1 -7
right_child=1 -3 3 -5 5 8 -8 -9 -10
leaf_value=-0.0096539539448248241 -0.0088060160436137166 0.014800600790397833 0.00067805798557883494 0.014800600790397833 0.00067805798557883494 0.0080272941408486634 0.00067805798557883494 -0.0040798993621862824 0.014800600790397833
leaf_weight=53.060667840531096 1.7099917451851201 14.036781839560716 16.518836957868189 5.0882077421993008 5.5086927891243276 5.1485144924372417 19.842702328460291 10.562580645782871 7.3270345889031887
leaf_count=8621 35 84 215 30 96 64 509 1625 66
internal_value=-0.000583485 0.00639925 0.00426343 0.00615044 0.00352594 0.00925172 0.000678058 -0.00880602 0.0133244
internal_weight=138.804 75.1808 61.144 39.5913 34.5031 17.9842 21.5527 63.6232 12.4755
internal_count=11345 1099 1015 471 441 226 544 10246 130
is_linear=0
shrinkage=0.03


Tree=8
num_leaves=11
num_cat=0
split_feature=3 11 3 10 11 5 11 3 11 4
split_gain=8.50146 2.35307 2.18488 0.654694 0.246418 0.223419 0.0836625 0.0447082 0.0177441 0.00606875
threshold=90.330372448184519 87.827261013789524 95.663303620988032 52.041666666666679 17.185367185367188 93.367396815672691 44.327678422196229 97.880790984239283 71.464971047233277 87.641432329578848
decision_type=2 2 2 2 2 2 2 2 2 2
left_child=-1 3 9 4 -2 6 -6 -5 -7 -3
right_child=1 2 -4 7 5 8 -8 -9 -10 -11
leaf_value=-0.0087051488213729187 -0.0087051488213729187 0.0026800283436194906 0.021036686128210125 0.0026800283436194906 -0.0087051488213729187 0.00020577520198621825 -0.0017283234243942341 0.0070584516861159196 0.0026800283436194906 0.0052798800400573184
leaf_weight=62.304943365743384 2.0548342203255734 3.5880901403725174 13.942558437585829 24.389943259535357 1.6746050845831622 4.7642407449893636 2.8815365300979465 13.524323930963872 3.56249836133793 4.0980795999057591
leaf_count=10246 115 59 100 336 61 96 98 113 69 52
internal_value=-0.000601648 0.00620265 0.0143117 0.00268003 -0.00343725 -0.00140505 -0.00609469 0.00268003 0.00153932 0.00268003
internal_weight=136.786 74.4807 21.6287 52.852 14.9377 12.8829 4.55614 37.9143 8.32674 7.68617
internal_count=11345 1099 211 888 439 324 159 449 165 111
is_linear=0
shrinkage=0.03


Tree=9
num_leaves=13
num_cat=0
split_feature=3 10 0 1 4 4 1 4 1 1 5 1
split_gain=7.76442 1.10041 2.00959 1.2404 2.18808 0.475458 0.188201 0.173418 0.11402 0.015107 0.00963013 0.00370774
threshold=90.330372448184519 52.041666666666679 99.463086280953632 77.965836395807827 71.719768377866075 85.749089009958595 83.377662396457467 89.158259052470058 4.0893050363958308 98.663092046470084 79.530618905797425 95.250032903189421
decision_type=2 2 2 2 2 2 2 2 2 2 2 2
left_child=6 8 3 5 -5 -3 7 -1 -2 10 -8 -10
right_child=1 2 -4 4 -6 -7 9 -9 11 -11 -12 -13
leaf_value=-0.0097069168610616433 -0.0039662698242793164 0.00025288587475871414 0.022038761197719966 0.0023252725328827013 0.022038761197719966 0.005861915575718901 -0.0039662698242793164 -0.0039662698242793164 0.00025288587475871414 6.202569941405009e-05 6.202569941405009e-05 0.0023252725328827013
leaf_weight=46.16855681873858 1.414845186518529 14.977295448537914 7.2398633882403365 6.3324637224432063 6.6757402718067169 17.12163546634838 8.5955354522447962 5.3011956554837516 18.161521088331948 0.80731228855438608 0.50522556295618493 2.0082029448822132
leaf_count=7770 35 208 38 94 51 164 1408 851 461 132 85 48
internal_value=-0.000532677 0.00598024 0.00829283 0.00565642 0.0131235 0.00232527 -0.00834781 -0.0090996 0.000252886 -0.00396627 -0.00396627 0.000252886
internal_weight=135.309 73.9316 52.347 45.1071 13.0082 32.0989 61.3778 51.4698 21.5846 9.90807 9.10076 20.1697
internal_count=11345 1099 555 517 145 372 10246 8621 544 1625 1493 509
is_linear=0
shrinkage=0.03


Tree=10
num_leaves=12
num_cat=0
split_feature=3 11 4 1 0 11 4 1 1 4 0
split_gain=11.0713 2.98577 0.50513 1.30436 0.304468 0.666107 0.196174 0.0628008 0.141479 0.0501529 0.044348
threshold=89.92536158783011 97.91681291681293 72.053508150248078 20.855767924433867 73.013960604322065 56.112505978000961 97.880790984239283 79.898070339246829 90.330372448184519 89.158259052470058 99.749677306164401
decision_type=2 2 2 2 2 2 2 2 2 2 2
left_child=6 2 3 -2 5 7 8 -5 9 -1 -4
right_child=1 -3 10 4 -6 -7 -8 -9 -10 -11 -12
leaf_value=-0.0094840440557180626 -0.0084385129103485106 0.025683740998154937 0.0083003136477489692 -0.0084385129103485106 0.0083003136477489692 0.0083003136477489692 0.0029459569321663532 -0.0018116018956377375 -0.0034151858811245252 -0.0043424207191634021 0.012987095476495861
leaf_weight=49.254900014959276 3.3729361363220987 7.4012111001648 41.178900874918327 1.4815910826437204 12.10573162161745 3.8580792229622602 0.88985213148407538 1.9746637903153894 5.8680289243347934 4.3327124863862982 3.9535097510088226
leaf_count=8402 78 38 598 51 223 73 136 67 969 707 29
internal_value=0.00105922 0.00867889 0.00648028 0.00267903 0.00587902 0.000840905 -0.00843851 -0.00763098 -0.00865481 -0.00915549 0.00830031
internal_weight=135.672 75.3266 67.9254 22.793 19.4201 7.31433 60.3455 3.45625 59.4556 53.5876 45.1324
internal_count=11371 1157 1119 492 414 191 10214 118 10078 9109 627
is_linear=0
shrinkage=0.03


Tree=11
num_leaves=12
num_cat=0
split_feature=3 11 10 10 1 4 1 4 1 4 11
split_gain=9.74065 2.70315 1.04869 0.428453 0.421217 0.196864 0.0897352 0.194394 0.0737419 0.0835703 0.0265611
threshold=89.534022724371269 97.91681291681293 97.617697107203639 52.041666666666679 19.626151564416308 31.653919374770386 20.855767924433867 95.250032903189421 89.158259052470058 89.158259052470058 63.572802215833768
decision_type=2 2 2 2 2 2 2 2 2 2 2
left_child=8 2 3 4 -2 -6 7 -5 9 10 -1
right_child=1 -3 -4 6 5 -7 -8 -9 -10 -11 -12
leaf_value=-0.0099621718608100349 -0.006285745650863807 0.024005185637789504 0.013742361690897317 0.004273502870609229 -0.0049658303778323393 0.004273502870609229 0.0070933947919855807 0.0070933947919855807 -0.0049658303778323393 -0.006285745650863807 -0.0068802872036898936
leaf_weight=31.735774159664288 5.0133573126513538 7.6342340381816021 11.855915386229752 6.269956059753893 1.5699635078199197 13.263442118652163 25.169002651935443 4.1096025658771396 6.4304748105350873 4.9076373493298879 15.720107491593806
leaf_count=5587 154 40 82 97 95 329 368 40 1090 828 2661
internal_value=0.000958103 0.00808664 0.00595435 0.00407341 0.000498611 0.00304375 0.00600097 0.0042735 -0.00810485 -0.00853607 -0.00910433
internal_weight=133.679 74.8855 67.2512 55.3953 19.8468 14.8334 35.5486 10.3796 58.794 52.3635 47.4559
internal_count=11371 1205 1165 1083 578 424 505 137 10166 9076 8248
is_linear=0
shrinkage=0.03


Tree=12
num_leaves=11
num_cat=0
split_feature=3 11 10 4 10 1 1 11 1 11
split_gain=9.85321 2.70955 0.839008 0.677015 1.16114 0.404999 0.283186 0.158225 0.0968611 0.0769518
threshold=90.330372448184519 97.91681291681293 52.041666666666679 72.053508150248078 97.617697107203639 86.082594106116503 19.626151564416308 88.162730137869787 89.534022724371269 81.829488919041168
decision_type=2 2 2 2 2 2 2 2 2 2
left_child=8 2 6 5 7 -4 9 -5 -1 -2
right_child=1 -3 3 4 -6 -7 -8 -9 -10 -11
leaf_value=-0.0086019503773754544 -0.0086019503773754544 0.023595590865291033 0.0005684984437837777 0.0065644995822245712 0.019582842107601504 0.0065644995822245712 0.0005684984437837777 0.011496963799005243 -0.0036768287102332885 -0.001111024619900371
leaf_weight=52.421215334441513 2.2643093389924642 8.1616231687366945 10.706145045347506 16.821675119455918 8.4142136201262456 4.1842307120095947 14.56726231635548 6.6243850011378518 6.1311167692765585 2.0160061144270003
leaf_count=9191 97 38 161 211 50 61 397 56 1065 44
internal_value=0.000955048 0.00820047 0.0059595 0.00807547 0.0104939 0.00256606 0.000568498 0.0065645 -0.00815663 -0.00638338
internal_weight=132.312 73.7599 65.5982 46.7506 31.8603 14.8904 18.8476 23.4461 58.5523 4.28032
internal_count=11371 1115 1077 539 317 222 538 267 10256 141
is_linear=0
shrinkage=0.03


Tree=13
num_leaves=13
num_cat=0
split_feature=3 11 10 4 10 1 1 1 4 11 11 11
split_gain=8.08739 2.9558 0.509197 0.421808 0.456006 0.343436 0.177626 0.0927885 0.114279 0.0472869 0.0461159 0.026496
threshold=90.330372448184519 97.91681291681293 52.041666666666679 72.053508150248078 97.617697107203639 86.082594106116503 19.626151564416308 90.330372448184519 89.158259052470058 86.95944366526416 88.162730137869787 63.572802215833768
decision_type=2 2 2 2 2 2 2 2 2 2 2 2
left_child=7 2 6 5 10 -4 9 8 11 -2 -5 -1
right_child=1 -3 3 4 -6 -7 -8 -9 -10 -11 -12 -13
leaf_value=-0.0090219801741372226 -0.0049185445018925791 0.023260478180457744 0.00092340749521541349 0.0062527016408894043 0.014908660015016997 0.0062527016408894043 0.00092340749521541349 -0.0028012652169227053 -0.0049185445018925791 0.0004501571201955083 0.0095601050683184231 -0.0061674138984073
leaf_weight=31.627324612112716 2.3932948000729115 8.6119228452444059 10.466225069481874 16.687437007669384 7.893351223319768 4.3901369557715961 14.448725966736673 5.4278918497730038 5.0297634294256559 1.3158732999581841 6.3682407960295668 15.716842331690712
leaf_count=5696 109 38 161 211 50 61 397 978 853 32 56 2729
internal_value=0.00104623 0.00766783 0.00524272 0.00689865 0.00885789 0.00251589 0.000923407 -0.00725678 -0.0076574 -0.00491854 0.0062527 -0.00822152
internal_weight=130.377 72.5752 63.9633 45.8054 30.949 14.8564 18.1579 57.8018 52.3739 3.70917 23.0557 47.3442
internal_count=11371 1115 1077 539 317 222 538 10256 9278 141 267 8425
is_linear=0
shrinkage=0.03


Tree=14
num_leaves=13
num_cat=0
split_feature=3 11 10 11 1 1 10 4 11 1 11 11
split_gain=6.96863 2.96162 0.395356 0.432603 0.61988 0.218254 0.203333 0.158407 0.147403 0.0878377 0.0337215 0.00749278
threshold=90.330372448184519 97.91681291681293 52.041666666666679 64.303487976231011 69.767602255007816 19.626151564416308 97.617697107203639 71.719768377866075 86.95944366526416 89.158259052470058 91.172650878533247 15.431797226581343
decision_type=2 2 2 2 2 2 2 2 2 2 2 2
left_child=9 2 5 4 -4 8 -5 -6 -2 -1 11 -7
right_child=1 -3 3 6 7 10 -8 -9 -10 -11 -12 -13
leaf_value=-0.0070801392971159447 -0.0066607281469965689 0.022806690020540043 0.00095288835404003366 0.0092114047537299182 0.0026167395871040029 -0.0015616693989541879 0.015232412668726271 0.0092114047537299182 0.00095288835404003366 -0.0026540759203425883 0.0059414540300449219 0.00095288835404003366
leaf_weight=51.109003095654771 2.0453607942909033 8.6511223763227445 14.972925274632873 15.787277073133739 4.2487409450113756 1.6098158722743345 6.38845046237111 4.0703228265047073 1.3786928991321472 6.1171200927346936 2.3906843522563586 10.390863295411689
leaf_count=9152 109 38 205 191 64 78 42 37 32 1104 42 277
internal_value=0.00108756 0.0072584 0.00481115 0.00626988 0.00320542 0.000952888 0.0092114 0.0092114 -0.00572584 -0.00666073 0.000952888 0.000952888
internal_weight=129.16 71.9343 63.2831 45.4677 23.292 17.8154 22.1757 8.31906 3.42405 57.2261 14.3914 12.0007
internal_count=11371 1115 1077 539 306 538 233 101 141 10256 397 355
is_linear=0
shrinkage=0.03


Tree=15
num_leaves=7
num_cat=0
split_feature=5 11 3 11 11 1
split_gain=2.86065 1.69292 2.43656 0.681808 0.173385 0.199311
threshold=84.953329361364112 92.069459472752328 95.663303620988032 10.719073152049026 67.258917585213922 79.898070339246829
decision_type=2 2 2 2 2 2
left_child=4 3 -3 -2 5 -1
right_child=1 2 -4 -5 -6 -7
leaf_value=-0.0089018410734633836 -0.0059841136390984904 0.00037242616751340991 0.019702965349347699 0.00037242616751340991 -0.0032545799879026105 -0.0059841136390984904
leaf_weight=30.285968860378489 5.5649437736719838 5.4256369438953689 10.260388787835835 46.512785066617653 17.885602828348055 9.3020130975637567
leaf_count=5411 195 190 73 1297 2744 1442
internal_value=-0.00111365 0.00304417 0.0113605 0.000372426 -0.00598411 -0.00710673
internal_weight=125.237 67.7638 15.686 52.0777 57.4736 39.588
internal_count=11352 1755 263 1492 9597 6853
is_linear=0
shrinkage=0.03


Tree=16
num_leaves=9
num_cat=0
split_feature=3 11 3 11 11 5 0 1
split_gain=2.79084 1.55637 2.53409 0.403011 0.129003 0.0715753 0.0570451 0.000441855
threshold=90.330372448184519 92.069459472752328 95.663303620988032 10.719073152049026 72.053508150248078 42.027150981471301 59.617668554723188 53.229818648692024
decision_type=2 2 2 2 2 2 2 2
left_child=4 3 -3 7 5 -1 -5 -2
right_child=1 2 -4 6 -6 -7 -8 -9
leaf_value=-0.0084595366035423326 -0.0059402212795479402 0.00043020046148702746 0.019289491875757705 -0.00327186411018199 -0.00327186411018199 -0.0059402212795479402 0.00043020046148702746 -0.00327186411018199
leaf_weight=20.12390208709985 2.7554713273420921 5.5093204644508686 10.646429542452095 3.6183418584987512 15.435129245277492 20.702759908279404 43.16939791617915 2.9784291426185519
leaf_count=3700 66 76 73 105 2714 3819 725 74
internal_value=-0.0010405 0.00300109 0.0108467 0.0004302 -0.00594022 -0.00684669 0.0004302 -0.00594022
internal_weight=124.939 68.6774 16.1558 52.5216 56.2618 40.8267 46.7877 5.7339
internal_count=11352 1119 149 970 10233 7519 830 140
is_linear=0
shrinkage=0.03


Tree=17
num_leaves=8
num_cat=0
split_feature=3 11 3 10 11 11 11
split_gain=2.72291 1.90019 1.57044 0.45857 0.112242 0.104084 0.024362
threshold=90.330372448184519 92.069459472752328 96.026483095448626 52.041666666666679 81.829488919041168 10.719073152049026 43.007967017661151
decision_type=2 2 2 2 2 2 2
left_child=6 3 -3 4 -2 -5 -1
right_child=1 2 -4 5 -6 -7 -8
leaf_value=-0.007284608676232469 -0.0057833453992900876 0.00017863147779912362 0.018131898792995049 -0.0057833453992900876 -0.00023428199333229126 0.00017863147779912362 -0.0057833453992900876
leaf_weight=23.568775077583268 10.069081577705218 6.0891069727949825 10.48994844779372 4.497771860100328 3.56888110237196 33.838957408908755 32.358539506793022
leaf_count=4318 388 82 67 73 80 429 5915
internal_value=-0.000924344 0.00306587 0.0115922 0.000178631 -0.00513144 0.000178631 -0.00578335
internal_weight=124.481 68.5537 16.5791 51.9747 13.638 38.3367 55.9273
internal_count=11352 1119 149 970 468 502 10233
is_linear=0
shrinkage=0.03


Tree=18
num_leaves=9
num_cat=0
split_feature=5 11 3 11 11 1 1 4
split_gain=2.6793 1.92891 2.179 0.421581 0.107972 0.157316 0.0476013 0.308135
threshold=84.953329361364112 92.069459472752328 95.663303620988032 10.719073152049026 67.258917585213922 79.898070339246829 13.2578057588444 83.827187591454518
decision_type=2 2 2 2 2 2 2 2
left_child=4 3 -3 -2 5 -1 7 -5
right_child=1 2 -4 6 -6 -7 -8 -9
leaf_value=-0.0082252777255937253 -0.0056209769037935666 0.00018064095787564209 0.018599020144383048 -0.0033653331290067409 -0.0033653331290067409 -0.0056209769037935666 0.00018064095787564209 0.00018064095787564209
leaf_weight=29.502118594013155 4.6523944111540905 5.2089043075684485 11.702694524079559 2.1280527140479517 17.685968487057835 9.0939443479292077 36.322865471011028 7.8244049935601652
leaf_count=5411 195 190 73 110 2744 1442 898 289
internal_value=-0.000833467 0.00316238 0.0116302 0.000180641 -0.00562098 -0.00654349 0.000180641 -0.00274104
internal_weight=124.121 67.8393 16.9116 50.9277 56.282 38.5961 46.2753 9.95246
internal_count=11352 1755 263 1492 9597 6853 1297 399
is_linear=0
shrinkage=0.03


Tree=19
num_leaves=13
num_cat=0
split_feature=5 10 1 4 10 9 1 1 1 10 3 4
split_gain=2.28484 0.663509 0.517202 0.558066 0.318004 0.289201 0.237751 0.251351 0.146781 0.0667842 0.0189054 0.000956777
threshold=84.953329361364112 97.617697107203639 43.99007721817825 81.457513768686084 51.370120120120127 58.012345679012348 89.534022724371269 26.87369603594929 2.4722823230285922 97.849213691026833 97.12912087912089 81.457513768686084
decision_type=2 2 2 2 2 2 2 2 2 2 2 2
left_child=6 2 3 7 10 -6 11 -2 -5 -8 -4 -1
right_child=1 -3 4 8 5 -7 9 -9 -10 -11 -12 -13
leaf_value=-0.0062695592636348206 -0.0058986270943512274 0.0098149941748763951 0.001632162182133785 -0.0047296986261188547 0.0032274185175691643 0.0098149941748763951 -0.0051410304985467746 0.001632162182133785 0.001632162182133785 0.0079769955037372001 0.0032274185175691643 -0.0051410304985467746
leaf_weight=42.673477348638698 4.6354571192059693 9.8390105534344894 7.170111230341714 2.329766401555406 10.493077046005057 6.5848112597595891 6.7961266220081589 3.303133471403271 18.294965964974836 0.73528157710097719 5.1606923746876419 5.6864343963097772
leaf_count=7545 223 101 269 128 162 119 993 100 564 57 89 1002
internal_value=-0.000697871 0.00298577 0.00167993 -0.00118201 0.00440707 0.00701095 -0.00514103 -0.00514103 0.00163216 -0.000155226 0.00163216 -0.00589863
internal_weight=123.702 67.811 57.972 28.5633 29.4087 17.0779 55.8913 7.93859 20.6247 7.53141 12.3308 48.3599
internal_count=11352 1755 1654 1015 639 281 9597 323 692 1050 358 8547
is_linear=0
shrinkage=0.03


Tree=20
num_leaves=14
num_cat=0
split_feature=3 11 11 5 1 11 11 10 10 11 1 10 10
split_gain=3.71246 1.20253 0.655317 0.772753 0.39263 1.44912 0.154609 0.156927 0.104613 0.0760061 0.0361189 0.0285723 0.00940962
threshold=89.92536158783011 97.91681291681293 15.431797226581343 83.827187591454518 43.23323903551605 86.95944366526416 29.501405871967567 49.666666666666679 67.626346313173173 43.007967017661151 87.257258672699862 89.347517730496463 49.099967855994862
decision_type=2 2 2 2 2 2 2 2 2 2 2 2 2
left_child=9 2 8 10 5 6 -5 -8 -2 12 -4 -9 -1
right_child=1 -3 3 4 -6 -7 7 11 -10 -11 -12 -13 -14
leaf_value=-0.0084026203978962381 -0.005534513887267869 0.016454711653111662 -0.0040805505876988345 -0.0040805505876988345 0.0082179178775487194 0.0082179178775487194 -0.0040805505876988345 2.8578685972475708e-05 -0.0040805505876988345 -0.0043077032736361159 0.0031222638891665907 0.0030943279141216577 -0.005534513887267869
leaf_weight=9.8325836404692399 2.4845024528913182 6.3491327911615363 1.3679362284019583 2.625988494371998 25.928546661045402 8.0412095524370653 2.8169733218383035 6.3006272558122856 5.6506212544627488 31.574431118089706 1.7663967907428739 3.8616800303570926 12.868755483767016
leaf_count=1841 130 34 61 62 380 91 98 110 84 5869 50 39 2389
internal_value=0.000245517 0.00492704 0.00347751 0.00469827 0.00571356 0.0027455 -0.00305411 -0.000559689 -0.00408055 -0.00553451 -0.00408055 0.00136641 -0.0069871
internal_weight=121.469 67.1936 60.8445 52.7094 49.575 23.6465 15.6053 12.9793 8.13512 54.2758 3.13433 10.1623 22.7013
internal_count=11238 1139 1105 891 780 400 309 247 214 10099 111 149 4230
is_linear=0
shrinkage=0.03


Tree=21
num_leaves=14
num_cat=0
split_feature=3 11 11 5 1 11 10 11 10 11 0 10 10
split_gain=4.17764 1.26552 0.575109 0.816414 0.244489 1.29618 0.372082 0.0596261 0.113719 0.0339857 0.0282311 0.00470947 0.0049983
threshold=89.92536158783011 97.91681291681293 11.971402844598682 83.827187591454518 43.23323903551605 86.95944366526416 97.617697107203639 43.007967017661151 67.626346313173173 30.671497584541061 94.155398848418216 54.606060606060609 83.457711442786078
decision_type=2 2 2 2 2 2 2 2 2 2 2 2 2
left_child=7 2 8 -4 5 6 9 12 -2 -5 -11 -9 -1
right_child=1 -3 3 4 -6 -7 -8 11 -10 10 -12 -13 -14
leaf_value=-0.0075980422656491044 -0.007162484252509242 0.017072134504772223 -0.0043933743371954333 -0.0043933743371954333 0.0077389013030618129 0.0077389013030618129 0.005926586609897198 -0.0055454989583287482 -0.0043933743371954333 -0.0037834502460293135 -0.00058599217714579838 -0.0043933743371954333 -0.0043933743371954333
leaf_weight=18.940312753198683 1.8219708614051331 6.4312382340431204 3.1697486182674757 2.8406343401875356 27.282126740552485 8.3531389895360899 2.9542947933077803 18.239169770618904 4.2930811960250139 4.3823192177806032 5.4350040915887803 13.17320402455516 3.6623813291080287
leaf_count=3548 105 34 118 77 399 91 24 3420 69 114 108 2449 682
internal_value=0.000341029 0.00531312 0.00380664 0.00479075 0.00579967 0.0033705 -0.00238566 -0.0058075 -0.00439337 -0.00439337 -0.00223111 -0.00464163 -0.00716248
internal_weight=120.979 66.9636 60.5323 54.4173 51.2475 23.9654 15.6123 54.0151 6.11505 12.658 9.81732 31.4124 22.6027
internal_count=11238 1139 1105 931 813 414 323 10099 174 299 222 5869 4230
is_linear=0
shrinkage=0.03


Tree=22
num_leaves=15
num_cat=0
split_feature=3 11 11 5 1 11 10 10 11 1 10 11 0 10
split_gain=4.24506 1.15002 0.559823 0.579461 0.257795 1.20513 0.347139 0.053348 0.0519065 0.0408592 0.0149874 0.00798935 0.033768 0.00673116
threshold=89.92536158783011 97.91681291681293 11.971402844598682 84.151092809629404 43.99007721817825 86.95944366526416 97.617697107203639 67.626346313173173 46.511394639704712 88.034170195002687 48.507130124777191 30.671497584541061 94.155398848418216 54.226190476190482
decision_type=2 2 2 2 2 2 2 2 2 2 2 2 2 2
left_child=8 2 7 9 5 6 11 -2 10 -4 -1 -5 -13 -6
right_child=1 -3 3 4 13 -7 -8 -9 -10 -11 -12 12 -14 -15
leaf_value=-0.008225026285430731 -0.0057587677502619642 0.016801675573349193 -0.0041922667306300409 -0.0041922667306300409 0.0077927546680900449 0.0077927546680900449 0.0058029449415498181 -0.0041922667306300409 -0.004436634643564313 0.00077652398776217012 -0.0057587677502619642 -0.0041922667306300409 -0.00077753553963805786 0.0097122150462377408
leaf_weight=11.970220523886384 1.727701045339926 6.3176350370049468 1.5971968523226672 2.7032036026939759 10.287841022713112 8.4882838367484492 2.896805625408887 4.1987922759726644 26.253901837859303 1.7636482829693703 15.46000895090401 4.2499753041192871 5.3297690572217107 17.126797068398446
leaf_count=2287 105 34 70 78 203 92 24 69 4899 54 2913 115 108 187
internal_value=0.000461686 0.0054803 0.00404107 0.00499676 0.00581961 0.00331086 -0.00227771 -0.00419227 -0.00575877 -0.00419227 -0.00682364 -0.00419227 -0.00262941 0.00779275
internal_weight=120.372 66.6876 60.37 54.4435 51.0827 23.668 15.1798 5.92649 53.6841 3.36085 27.4302 12.2829 9.57974 27.4146
internal_count=11238 1139 1105 931 807 417 325 174 10099 124 5200 301 223 390
is_linear=0
shrinkage=0.03


Tree=23
num_leaves=14
num_cat=0
split_feature=3 11 11 5 1 4 11 11 1 4 4 1 4
split_gain=3.83339 1.06645 0.564453 0.651008 0.224471 1.26247 0.393371 0.0449526 0.0719453 0.0594255 0.019812 0.0187301 0.0111002
threshold=89.92536158783011 97.91681291681293 11.971402844598682 84.151092809629404 43.99007721817825 86.849356907727312 86.95944366526416 43.007967017661151 70.530184110295835 73.6566014905261 95.663303620988032 87.257258672699862 80.304967836937166
decision_type=2 2 2 2 2 2 2 2 2 2 2 2 2
left_child=7 2 -2 11 5 12 10 8 9 -1 -7 -4 -5
right_child=1 -3 3 4 -6 6 -8 -9 -10 -11 -12 -13 -14
leaf_value=-0.0091952685844035494 -0.0046441679767204582 0.016225585020967284 -0.0046441679767204582 -0.0046441679767204582 0.0075122821336213105 -0.00036146542883454507 0.0075122821336213105 -0.0046441679767204582 -0.0046441679767204582 -0.0046441679767204582 0.0023056929720328355 -0.00020021369110857627 -0.00089596944684144312
leaf_weight=11.354187256423758 5.5056143836118272 6.2751422077417365 1.4284387733787292 5.84747291961685 28.108400999102741 4.9448426361195725 6.5425257736351332 31.008194665657356 7.120531424181535 3.8406648533418766 3.6464717765338719 1.9463845440186558 2.2556651588529348
leaf_count=2200 174 34 67 153 390 88 64 5869 1320 710 66 57 46
internal_value=0.000519031 0.00528898 0.00390306 0.00483094 0.00570818 0.00330594 0.00751228 -0.00541753 -0.00665757 -0.00798576 0.000892941 -0.00464417 -0.00464417
internal_weight=119.825 66.501 60.2258 54.7202 51.3454 23.237 15.1338 53.3236 22.3154 15.1949 8.59131 3.37482 8.10314
internal_count=11238 1139 1105 931 807 417 218 10099 4230 2910 154 124 199
is_linear=0
shrinkage=0.03


Tree=24
num_leaves=14
num_cat=0
split_feature=3 0 1 4 1 3 4 4 1 5 4 4 4
split_gain=3.7086 0.222505 0.570134 0.196126 0.532807 0.138437 0.119245 0.0923443 0.0803951 0.0579693 0.0109466 0.00614639 0.00431991
threshold=89.92536158783011 99.749677306164401 43.23323903551605 91.866717879777241 10.102318522007643 95.250032903189421 19.240205658618724 97.880790984239283 93.007967017661159 91.095053290083413 80.304967836937166 93.367396815672691 71.719768377866075
decision_type=2 2 2 2 2 2 2 2 2 2 2 2 2
left_child=7 2 3 4 -2 -5 -4 8 11 -6 -11 -1 -8
right_child=1 -3 6 5 9 -7 12 -9 -10 10 -12 -13 -14
leaf_value=-0.0059079850271541749 -0.0053414657296014184 0.012472870725865321 0.0027656960534031632 0.0027656960534031632 -0.0014589908949433424 0.0067153836467128492 0.0059201746633265979 0.0026758043648445885 -0.00086720670770476592 0.00012575169221112762 0.0027656960534031632 -0.0020670580869732447 0.0085478876010161315
leaf_weight=46.985813811188564 3.096421257825571 2.9801987542305133 3.853004671400412 4.0582287088036511 2.3517197158653262 8.3570006436202657 14.528134065447373 0.71620620368048449 3.553828145377337 3.5792145910672826 4.4286026838235557 1.7714910224312905 18.848372146254405
leaf_count=8942 74 33 102 80 78 94 271 134 677 95 75 346 237
internal_value=0.000512673 0.00521999 0.0046882 0.00119762 -0.00127913 0.00377724 0.00701906 -0.00534147 -0.00549937 0.0027657 0.0027657 -0.00581278 0.00760958
internal_weight=119.108 66.0809 63.1007 25.8712 13.456 12.4152 37.2295 53.0273 52.3111 10.3595 8.00782 48.7573 33.3765
internal_count=11238 1139 1106 496 322 174 610 10099 9965 248 170 9288 508
is_linear=0
shrinkage=0.03


Tree=25
num_leaves=10
num_cat=0
split_feature=3 11 3 1 0 0 11 1 0
split_gain=1.81157 0.748681 1.76259 0.385136 0.231847 0.155555 0.011434 0.0444568 0.00526219
threshold=89.534022724371269 89.375109509148714 95.663303620988032 12.086471155776293 61.576671341748487 95.663303620988032 43.007967017661151 42.027150981471301 42.514946010763431
decision_type=2 2 2 2 2 2 2 2 2
left_child=6 3 -3 5 8 -2 7 -1 -5
right_child=1 2 -4 4 -6 -7 -8 -9 -10
leaf_value=-0.0072806707965837629 -0.0043206190953520573 0.0008735737580818667 0.014423631926667294 -0.0043206190953520573 0.0008735737580818667 0.0008735737580818667 -0.0043206190953520573 -0.0043206190953520573 -0.00024788456437159061
leaf_weight=9.0020693477708864 2.2448205833788952 7.8211358117405352 13.003395687788723 2.0562819842016316 37.138360806973651 4.7116268896497786 30.733403185382485 13.658614270389078 2.2610770738683641
leaf_count=1734 75 127 89 77 699 90 5894 2604 75
internal_value=-0.000212262 0.00297243 0.00758819 0.000873574 0.000873574 -0.00432062 -0.00432062 -0.00542692 -0.00432062
internal_weight=122.631 69.2367 20.8245 48.4122 41.4557 6.95645 53.3941 22.6607 4.31736
internal_count=11464 1232 216 1016 851 165 10232 4338 152
is_linear=0
shrinkage=0.03


Tree=26
num_leaves=10
num_cat=0
split_feature=3 11 3 10 11 4 0 10 10
split_gain=1.72976 0.644106 1.69646 0.265108 0.0442226 0.0619484 0.0182941 0.0109195 0.0105914
threshold=89.534022724371269 89.375109509148714 95.663303620988032 52.041666666666679 43.007967017661151 77.164407934585114 61.576671341748487 95.275297619047635 53.907203907203915
decision_type=2 2 2 2 2 2 2 2 2
left_child=4 3 -3 6 5 7 -2 -1 -6
right_child=1 2 -4 -5 8 -7 -8 -9 -10
leaf_value=-0.0063907118535372551 -0.003245128869315396 0.00097126525687477581 0.013953650729568796 0.00097126525687477581 -0.003245128869315396 -0.003245128869315396 -0.001824701411261762 -0.003245128869315396 -0.0020529690644366483
leaf_weight=17.832940791267912 1.4161361665464891 7.8511495913844582 13.119804374873636 33.674473443068564 17.494400013820272 3.7600367106497279 12.899405759992076 0.97463933052495022 13.116575847729107
leaf_count=3455 91 127 89 520 3373 700 405 183 2521
internal_value=-0.000176984 0.00294082 0.0071986 0.000971265 -0.00419974 -0.00530195 -0.00298353 -0.00613995 -0.00324513
internal_weight=122.14 68.961 20.971 47.99 53.1786 22.5676 14.3155 18.8076 30.611
internal_count=11464 1232 216 1016 10232 4338 496 3638 5894
is_linear=0
shrinkage=0.03


Tree=27
num_leaves=11
num_cat=0
split_feature=3 11 3 1 10 1 0 10 0 11
split_gain=1.44414 0.584048 1.6604 0.281935 0.169957 0.0488308 0.077149 0.00587931 0.0729266 0.00578188
threshold=89.534022724371269 89.375109509148714 95.663303620988032 12.086471155776293 52.041666666666679 69.356754271703338 95.663303620988032 21.852992957746483 82.663499604117206 43.007967017661151
decision_type=2 2 2 2 2 2 2 2 2 2
left_child=5 3 -3 6 7 9 -2 -5 -9 -1
right_child=1 2 -4 4 -6 -7 -8 8 -10 -11
leaf_value=-0.0059820651213224512 -0.0046807523267870512 0.00070328172748189031 0.01335960629642241 -0.0031433158056292398 0.00070328172748189031 -0.0031433158056292398 -0.0031433158056292398 -0.0031433158056292398 0.00070328172748189031 -0.0046807523267870512
leaf_weight=15.010921038687227 2.1059893630444995 7.809156077681112 13.156216397881506 4.6002035911660615 28.183936592657119 16.263981546042487 4.70755121903494 2.9906082036904973 5.023944100132212 21.725351664237678
leaf_count=2934 75 127 89 160 425 3100 90 126 140 4198
internal_value=-0.000273506 0.00258585 0.00663449 0.000703282 0.000703282 -0.00395263 -0.00395263 -0.00314332 -0.001846 -0.00468075
internal_weight=121.578 68.5776 20.9654 47.6122 40.7987 53.0003 6.81354 12.6148 8.01455 36.7363
internal_count=11464 1232 216 1016 851 10232 165 426 266 7132
is_linear=0
shrinkage=0.03


Tree=28
num_leaves=9
num_cat=0
split_feature=3 11 3 1 0 0 11 1
split_gain=1.32354 0.560009 1.56285 0.308035 0.212594 0.0945149 0.0134927 0.0456534
threshold=89.534022724371269 92.069459472752328 95.663303620988032 12.086471155776293 61.576671341748487 96.026483095448626 43.007967017661151 42.027150981471301
decision_type=2 2 2 2 2 2 2 2
left_child=6 3 -3 5 -5 -2 7 -1
right_child=1 2 -4 4 -6 -7 -8 -9
leaf_value=-0.0066755206691045243 -0.0037931109418422853 0.00080824970227645968 0.013862887582238605 -0.0037931109418422853 0.00080824970227645968 0.00074942671048832202 -0.0037931109418422853 -0.0037931109418422853
leaf_weight=8.8704999296460318 2.2838960438966742 6.577652087435129 11.350562468171118 4.2921980724204323 39.21849763346836 4.6782803935930133 30.436693757888861 13.516473931493236
leaf_count=1734 82 101 72 156 733 88 5894 2604
internal_value=-0.000264648 0.00247565 0.00687913 0.00080825 0.00080825 -0.00379311 -0.00379311 -0.00485821
internal_weight=121.225 68.4011 17.9282 50.4729 43.5107 6.96218 52.8237 22.387
internal_count=11464 1232 173 1059 889 170 10232 4338
is_linear=0
shrinkage=0.03


Tree=29
num_leaves=9
num_cat=0
split_feature=3 9 10 1 4 1 1 1
split_gain=1.31676 0.264654 0.488285 0.564884 0.147148 0.192874 0.0696417 0.0522575
threshold=89.534022724371269 95.972972972972983 97.617697107203639 20.855767924433867 28.495332936136414 88.034170195002687 90.330372448184519 43.99007721817825
decision_type=2 2 2 2 2 2 2 2
left_child=6 2 3 -2 5 -5 -1 -6
right_child=1 -3 -4 4 7 -7 -8 -9
leaf_value=-0.0041403609898126477 -0.0037981772822190544 0.00988380477962565 0.0079674191346244122 -0.0037981772822190544 0.0010204945360056501 0.0031299693318020817 -0.0003143048011290219 0.0037493102289024691
leaf_weight=47.785999221145175 12.662315381690858 3.1347196770366272 9.3017709665000421 3.1438246038742355 9.2090333059895766 2.0063650945667177 4.8819464505650094 28.718252424150705
leaf_count=9276 291 38 80 108 198 53 956 464
internal_value=-0.000274009 0.00246405 0.00196221 0.000837307 0.00248848 -0.00197644 -0.00379818 0.00312997
internal_weight=120.844 68.1763 65.0416 55.7398 43.0775 5.15019 52.6679 37.9273
internal_count=11464 1232 1194 1114 823 161 10232 662
is_linear=0
shrinkage=0.03


Tree=30
num_leaves=10
num_cat=0
split_feature=11 5 3 4 3 10 4 5 3
split_gain=2.24139 1.19804 0.934725 0.374653 0.276668 0.291647 0.0584139 0.0666385 0.00853069
threshold=97.91681291681293 83.377662396457467 92.624020124020134 49.612392748639543 97.880790984239283 55.63492063492064 81.864632411479889 93.367396815672691 96.389886468952753
decision_type=2 2 2 2 2 2 2 2 2
left_child=1 6 -2 7 5 8 -1 -3 -5
right_child=2 3 -4 4 -6 -7 -8 -9 -10
leaf_value=-0.0047616432517793017 0.0018604178130665785 -0.0047616432517793017 0.021974354054275023 -0.0023613109898333053 0.0061646432171622864 0.0018604178130665785 -0.0023613109898333053 -0.0023613109898333053 -0.00058801221771106647
leaf_weight=44.796034318162128 2.1493064425885668 4.873188949422909 4.7544741332530975 11.123992459382857 15.502182571915908 21.462763874093071 5.0028617556672534 4.0723720462992787 3.2146719219163069
leaf_count=8314 225 167 24 690 180 644 918 83 65
internal_value=0.000125099 -0.000974599 0.01556 0.00186042 0.00186042 0.00141087 -0.00437365 -0.00399205 -0.00236131
internal_weight=116.952 110.048 6.90378 60.2492 51.3036 35.8014 49.7989 8.94556 14.3387
internal_count=11310 11061 249 1829 1579 1399 9232 250 755
is_linear=0
shrinkage=0.03


Tree=31
num_leaves=11
num_cat=0
split_feature=3 9 10 4 4 5 4 1 5 4
split_gain=1.54014 0.6132 0.123333 0.311351 0.262464 0.447412 0.0874463 0.0331346 0.096897 0.0167942
threshold=89.534022724371269 95.904389152921439 55.63492063492064 32.818340889207043 87.257258672699862 96.791420911528164 94.124838199338413 80.686213632423915 42.027150981471301 62.324731942971603
decision_type=2 2 2 2 2 2 2 2 2 2
left_child=6 2 3 -2 -4 -6 7 8 9 -1
right_child=1 -3 4 -5 5 -7 -8 -9 -10 -11
leaf_value=-0.0069253429714821431 -0.0036693137843668878 0.015189913546413933 0.0021876857312914302 0.0021876857312914302 0.0021876857312914302 0.0098902149595690245 0.001636202904448528 -0.0036693137843668878 -0.0036693137843668878 -0.0036693137843668878
leaf_weight=15.592868846142666 2.2957652988843646 2.6731803105212739 21.088681465480477 21.784434874076396 5.9178004553541568 11.079435888677834 2.1542437982279798 9.800542433280496 21.633836005581543 2.5039346350822589
leaf_count=3057 121 36 358 489 98 103 432 1890 4257 469
internal_value=0.000154937 0.0032128 0.00246545 0.000741433 0.00350862 0.00633263 -0.00366931 -0.00392788 -0.00473967 -0.00644693
internal_weight=116.525 64.8393 62.1661 24.0802 38.0859 16.9972 51.6854 49.5312 39.7306 18.0968
internal_count=11310 1205 1169 610 559 201 10105 9673 7783 3526
is_linear=0
shrinkage=0.03


Tree=32
num_leaves=14
num_cat=0
split_feature=11 5 3 1 4 3 11 4 1 4 11 11 11
split_gain=1.83004 0.916169 0.772674 0.316569 0.0823238 0.0592765 0.0250439 0.119537 0.0423841 0.0358876 0.0170355 0.0160974 0.0137341
threshold=97.91681291681293 83.377662396457467 92.624020124020134 89.534022724371269 93.367396815672691 99.749677306164401 63.572802215833768 77.164407934585114 85.326728217105185 61.519898933445127 96.446375417180334 84.005420054200556 71.797821006949732
decision_type=2 2 2 2 2 2 2 2 2 2 2 2 2
left_child=1 3 -2 4 6 -3 -1 8 9 10 -8 -10 -9
right_child=2 5 -4 -5 -6 -7 7 12 11 -11 -12 -13 -14
leaf_value=-0.0055920794985421388 0.0016293501934160706 0.0016293501934160706 0.020045353457193521 0.0016293501934160706 0.0016293501934160706 0.0049566528865640199 -0.0055920794985421388 -0.0012501504001932603 -0.0012501504001932603 -0.0012501504001932603 -0.0012501504001932603 0.0016293501934160706 0.0016293501934160706
leaf_weight=28.221133698709309 2.1429329388774923 55.805119641590863 4.6806909665465355 6.6485975186806163 0.72485730610787769 4.0586106900591394 7.8016693843528575 0.46399927185848433 0.29660065146163184 2.536703478777782 0.31141865905374277 0.35977318324148655 1.9349940440151838
leaf_count=5547 225 1788 24 1043 140 41 1403 90 59 479 52 54 365
internal_value=0.000141562 -0.000855324 0.0141605 -0.00384483 -0.00478304 0.00162935 -0.00497375 -0.00340681 -0.00463684 -0.00507582 -0.00559208 0.00124998 0.00162935
internal_weight=115.987 109.163 6.82362 49.2997 42.6511 59.8637 41.9263 13.7052 11.3062 10.6498 8.11309 0.656374 2.39899
internal_count=11310 11061 249 9232 8189 1829 8049 2502 2047 1934 1455 113 455
is_linear=0
shrinkage=0.03


Tree=33
num_leaves=12
num_cat=0
split_feature=11 3 5 1 4 11 1 3 11 11 5
split_gain=1.79772 0.75498 0.447436 0.232974 0.120004 0.0917604 0.0719343 0.138435 0.0490984 0.0101654 0.00535487
threshold=97.91681291681293 92.624020124020134 83.377662396457467 80.686213632423915 62.324731942971603 64.303487976231011 22.469257795344756 90.330372448184519 6.9050663743758376 96.446375417180334 55.995110024449886
decision_type=2 2 2 2 2 2 2 2 2 2 2
left_child=2 6 3 4 9 -6 -2 -8 -5 10 -1
right_child=1 -3 -4 8 5 -7 7 -9 -10 -11 -12
leaf_value=-0.0064449752069185469 -0.00069775840250752821 0.019958053281680998 -0.00069775840250752821 -0.0042043937189106947 -0.0042043937189106947 -0.00069775840250752821 -0.00069775840250752821 0.0096694280377627746 -0.00069775840250752821 -0.00069775840250752821 -0.0042043937189106947
leaf_weight=19.00598178850489 0.67141500627621953 4.5675487965345383 60.043072601780295 1.0834813218098052 7.8161117052659375 4.7177156070247293 0.69641026179306187 0.77063900232315063 10.265548923285676 0.29296996397897501 5.7468596622347823
leaf_count=3812 86 24 1829 199 1547 887 133 6 1691 50 1046
internal_value=0.000128918 0.0141354 -0.000853726 -0.00354884 -0.00469369 -0.00206599 -0.000697758 0.00444418 -0.000697758 -0.00587887 -0.00594404
internal_weight=115.678 6.70601 108.972 48.9287 37.5796 12.5338 2.13846 1.46705 11.349 25.0458 24.7528
internal_count=11310 249 11061 9232 7342 2434 225 139 1890 4908 4858
is_linear=0
shrinkage=0.03


Tree=34
num_leaves=12
num_cat=0
split_feature=11 3 5 1 4 1 3 11 4 1 11
split_gain=1.66394 0.701525 0.436396 0.242987 0.072614 0.0708992 0.139606 0.0317612 0.0377252 0.02168 0.00999134
threshold=97.91681291681293 92.624020124020134 83.377662396457467 89.534022724371269 83.066649598907674 22.469257795344756 90.330372448184519 53.247350205494278 94.899319669059366 59.142339028937762 63.572802215833768
decision_type=2 2 2 2 2 2 2 2 2 2 2
left_child=2 5 3 4 10 -2 -7 8 9 -6 -1
right_child=1 -3 -4 -5 7 6 -8 -9 -10 -11 -12
leaf_value=-0.0052010734682491283 -0.00050271367541666531 0.01949403404465545 -0.00050271367541666531 -0.00050271367541666531 -0.0047081044463570714 -0.00050271367541666531 0.0097994461267551323 -0.00050271367541666531 -0.00050271367541666531 -0.00050271367541666531 -0.0033354858800710369
leaf_weight=25.852935294387862 0.67037540860474054 4.4114281944930553 60.09601560048759 6.6768356827087691 1.5521214751061045 0.69969275151379384 0.78980697691440582 2.057526120217517 0.24160095630213607 0.2819192986935376 12.074112600646911
leaf_count=5173 86 24 1829 1043 303 133 6 382 47 52 2232
internal_value=0.000121271 0.0137231 -0.000817473 -0.00335236 -0.0043059 -0.000502714 0.00457004 -0.000502714 -0.00356677 -0.0047081 -0.0047081
internal_weight=115.404 6.5713 108.833 48.7371 42.0602 2.15988 1.4895 4.13317 2.07564 1.83404 37.927
internal_count=11310 249 11061 9232 8189 225 139 784 402 355 7405
is_linear=0
shrinkage=0.03


Tree=35
num_leaves=15
num_cat=0
split_feature=3 11 3 11 1 0 1 1 11 1 3 4 4 11
split_gain=1.2593 0.886893 0.642276 0.24216 0.105181 0.137697 0.046417 0.0416458 0.0584597 0.0475768 0.0222363 0.0214827 0.022433 0.0204142
threshold=89.534022724371269 91.789242194823004 95.663303620988032 95.84890719037061 90.330372448184519 76.12336196999091 12.086471155776293 79.898070339246829 67.258917585213922 57.535819376839108 99.749677306164401 30.078138247722666 89.158259052470058 43.007967017661151
decision_type=2 2 2 2 2 2 2 2 2 2 2 2 2 2
left_child=4 6 3 -3 5 7 -2 8 9 12 -8 -11 -1 -6
right_child=1 2 -4 -5 13 -7 10 -9 -10 11 -12 -13 -14 -15
leaf_value=-0.0069497226874487379 -0.00030810476371248129 0.00082752776572873215 0.013040617471072945 0.0079249993932043478 -0.00030810476371248129 -0.00030810476371248129 0.00082752776572873215 -0.0015838920775787739 -0.0024804405814653559 -0.0050367748516044804 0.0038802156117480496 -0.0024804405814653559 -0.0024804405814653559 0.00082752776572873215
leaf_weight=15.243243766250085 6.8129116585478178 3.1183926840312806 10.252736102789639 3.344866591040045 2.3392530421260735 8.9001244152896088 38.472934282617643 5.193585541099309 9.3135047552641463 3.345158082433044 2.4929812483023843 4.0418321322649717 0.33557424996979612 2.5663686653133482
leaf_count=3155 163 64 70 43 444 1746 847 989 1760 690 28 834 63 498
internal_value=0.000201682 0.00297156 0.00870715 0.0010067 -0.00327228 -0.00370693 0.000827528 -0.00448519 -0.00489037 -0.00572341 0.000827528 -0.00306927 -0.00672087 0.000768384
internal_weight=115.773 64.4948 16.716 6.46326 51.2786 46.373 47.7788 37.4729 32.2793 22.9658 40.9659 7.38699 15.5788 4.90562
internal_count=11394 1215 177 107 10179 9237 1038 7491 6502 4742 875 1524 3218 942
is_linear=0
shrinkage=0.03


Tree=36
num_leaves=15
num_cat=0
split_feature=11 0 1 0 1 4 11 5 1 11 1 4 4 4
split_gain=0.90774 0.566925 0.659895 0.361589 0.350908 0.212079 0.151055 0.132624 0.113352 0.845789 0.0552333 0.0547159 0.0529008 0.0301467
threshold=89.375109509148714 99.018403430168163 93.007967017661159 74.619132317686194 80.304967836937166 98.290595742143253 67.258917585213922 93.367396815672691 47.985136882056644 97.62187535346682 57.535819376839108 63.868742784405434 30.078138247722666 89.158259052470058
decision_type=2 2 2 2 2 2 2 2 2 2 2 2 2 2
left_child=3 2 5 4 6 8 7 10 -2 -10 13 -8 -12 -1
right_child=1 -3 -4 -5 -6 -7 11 -9 9 -11 12 -13 -14 -15
leaf_value=-0.0076298341633714989 0.00066082198824813385 0.015027651069905282 0.015027651069905282 0.00066082198824813385 0.00066082198824813385 0.0093789585765654757 -0.00092488007450576982 -0.00092488007450576982 0.00066082198824813385 0.0093789585765654757 -0.0058329996958037542 0.00066082198824813385 -0.00097642932651270707 -0.00097642932651270707
leaf_weight=15.578724565217271 9.3695469524245869 3.4538605315610758 2.2482133817393324 46.606234709266573 12.165857152547686 1.5216349158436049 5.5948189219925544 0.4138386039994647 5.6110939921345553 2.2986478589009494 3.6634594907518458 2.2273857281543314 4.4222981331404299 0.30171971861273128
leaf_count=3128 598 37 86 2428 1746 42 881 15 385 87 719 338 847 57
internal_value=0.000208297 0.00521464 0.00299594 -0.00118215 -0.00308997 0.000793979 -0.00470094 -0.00582829 0.000660822 0.00439674 -0.00633387 -0.00092488 -0.00357664 -0.00744271
internal_weight=115.477 24.503 21.0491 90.9743 44.3681 18.8009 32.2022 24.38 17.2793 7.90974 23.9662 7.8222 8.08576 15.8804
internal_count=11394 1235 1198 10159 7731 1112 5985 4766 1070 472 4751 1219 1566 3185
is_linear=0
shrinkage=0.03


Tree=37
num_leaves=15
num_cat=0
split_feature=5 11 11 1 10 10 0 4 4 10 11 10 11 11
split_gain=0.79452 0.584067 0.440531 0.277785 0.21799 0.105312 0.082349 0.0379582 0.0346628 0.0321873 0.0142968 0.0104927 0.161068 0.0330743
threshold=83.377662396457467 91.789242194823004 98.247741143150762 85.326728217105185 88.975694444444457 97.617697107203639 76.893002011112259 87.641432329578848 64.248008245584728 97.849213691026833 66.751273940744866 56.079083518107915 88.162730137869787 12.684746996723701
decision_type=2 2 2 2 2 2 2 2 2 2 2 2 2 2
left_child=2 5 3 6 -3 11 7 10 -8 -5 -1 -2 13 -13
right_child=1 4 -4 9 -6 -7 8 -9 -10 -11 -12 12 -14 -15
leaf_value=-0.0054755073527635754 0.00068757585192775453 0.0071115268946372739 0.0071115268946372739 0.00068757585192775453 0.014920228109360062 0.0042838237686061318 -0.0038722375972529612 -0.00042606875753482414 0.00068757585192775453 0.0042838237686061318 -0.0038722375972529612 0.00068757585192775453 0.0042838237686061318 0.0019439076724113279
leaf_weight=24.381998588098213 18.347171172033995 13.351392800454052 1.447092520771547 8.5191467765252966 3.0469317655079058 6.365124470787122 0.863133923150598 0.77156312623992462 3.8365717518609017 0.80636438983492631 9.7544050321448577 2.7710926251020345 2.268174057127907 18.766355962026864
leaf_count=5083 875 257 150 1371 38 82 142 143 732 75 1790 93 35 528
internal_value=0.000215466 0.00239358 -0.00258305 -0.00316766 0.00711153 0.000687576 -0.00425654 -0.00474602 -0.000426069 0.000687576 -0.0049037 0.000687576 0.00173142 0.000687576
internal_weight=115.297 64.9162 50.3803 48.9332 16.3983 48.5179 39.6077 34.908 4.69971 9.32551 34.1364 42.1528 23.8056 21.5374
internal_count=11394 1908 9486 9336 295 1613 7890 7016 874 1446 6873 1531 656 621
is_linear=0
shrinkage=0.03


Tree=38
num_leaves=12
num_cat=0
split_feature=3 11 3 10 11 11 10 10 5 1 1
split_gain=0.985661 0.645292 0.62189 0.348166 0.107599 0.0240281 0.0251705 0.026001 0.0268529 0.10112 0.0093706
threshold=89.534022724371269 92.069459472752328 95.663303620988032 52.041666666666679 96.149212233549605 43.007967017661151 55.001020616452344 95.875850340136068 60.345036907536915 43.23323903551605 43.23323903551605
decision_type=2 2 2 2 2 2 2 2 2 2 2
left_child=5 3 4 10 -3 7 -7 8 9 -1 -2
right_child=1 2 -4 -5 -6 6 -8 -9 -10 -11 -12
leaf_value=-0.0082083042555314983 -0.0027476742043167535 0.00097278483886625692 0.012133669531665921 0.00097278483886625692 0.0058627422944097975 -0.0027476742043167535 -0.00071736816683360522 -0.00071736816683360522 -0.0027476742043167535 -0.0027476742043167535 -0.0011805066829835484
leaf_weight=4.7427291653584787 5.0964353329036358 3.139523453544828 9.9082557223737222 32.714385563274845 3.2447633701376617 17.421553283464167 12.50788835599087 0.99507843563333054 5.7629286327864966 9.4808949336875212 9.7266089061740768
leaf_count=1017 229 62 67 528 41 3472 2446 194 1147 1903 288
internal_value=0.000335968 0.00279994 0.00776656 0.000972785 0.000972785 -0.00274767 -0.00274767 -0.00389973 -0.00414479 -0.00493268 -0.00274767
internal_weight=114.741 63.83 16.2925 47.5374 6.38429 50.9111 29.9294 20.9816 19.9866 14.2236 14.823
internal_count=11394 1215 170 1045 103 10179 5918 4261 4067 2920 517
is_linear=0
shrinkage=0.03


Tree=39
num_leaves=15
num_cat=0
split_feature=3 11 3 1 0 11 1 11 1 1 3 11 4 4
split_gain=0.972428 0.551966 0.571127 0.131491 0.11423 0.0925124 0.0330225 0.0456978 0.0442602 0.0316265 0.0447554 0.0208984 0.0193319 0.0209918
threshold=89.534022724371269 92.069459472752328 95.663303620988032 90.330372448184519 76.12336196999091 96.149212233549605 79.898070339246829 67.258917585213922 57.535819376839108 12.086471155776293 99.749677306164401 43.007967017661151 30.078138247722666 89.158259052470058
decision_type=2 2 2 2 2 2 2 2 2 2 2 2 2 2
left_child=3 9 5 4 6 -3 7 8 13 -2 -11 -5 -10 -1
right_child=1 2 -4 11 -6 -7 -8 -9 12 10 -12 -13 -14 -15
leaf_value=-0.0062108381899664599 -0.000125604498389004 0.0011531050953557361 0.011712394875889433 -0.000125604498389004 -0.000125604498389004 0.0057719535837039652 -0.0013455068128512969 -0.0021549269054915504 -0.0044970209145611898 0.0011531050953557361 0.0048214918507392384 0.0011531050953557361 -0.0021549269054915504 -0.0021549269054915504
leaf_weight=14.700536665739493 6.769649075344204 3.1387555324472514 9.7487233094871026 2.3697697436437002 8.9853040478192252 3.2340184762142599 5.2005346873775116 9.3096713526174408 3.2509129946120074 38.159430468454957 2.5184099576435974 2.6982239380013198 3.9738928964361548 0.33665106189437288
leaf_count=3155 164 62 67 444 1746 41 989 1760 690 853 28 498 834 63
internal_value=0.000392399 0.00284589 0.00746964 -0.00267196 -0.00318007 0.00115311 -0.00390335 -0.00427043 -0.00502444 0.00115311 0.00115311 0.00115311 -0.00254874 -0.00598082
internal_weight=114.394 63.569 16.1215 50.8255 45.7575 6.37277 36.7722 31.5717 22.262 47.4475 40.6778 5.06799 7.22481 15.0372
internal_count=11394 1215 170 10179 9237 103 7491 6502 4742 1045 881 942 1524 3218
is_linear=0
shrinkage=0.03


Tree=40
num_leaves=10
num_cat=0
split_feature=5 10 11 3 11 10 1 4 4
split_gain=0.759008 1.23191 0.537154 1.26582 0.216067 0.113035 0.0683577 0.0704775 0.00632606
threshold=93.367396815672691 97.259759759759774 80.915926445379469 95.663303620988032 5.8895794189911843 57.238095238095248 13.2578057588444 90.330372448184519 49.199948796723
decision_type=2 2 2 2 2 2 2 2 2
left_child=4 2 -2 -4 -1 -5 7 8 -6
right_child=1 -3 3 5 6 -7 -8 -9 -10
leaf_value=-0.0090281299103115043 -0.0020993547911564076 0.013902513685402513 -0.0020993547911564076 0.005378526555866874 -0.0090281299103115043 0.012742758540386619 -0.0020993547911564076 -0.0020993547911564076 -0.0042635083769015942
leaf_weight=3.1423860543873152 17.852599378675222 6.5778633262962094 4.6021374221891191 5.9047555327415449 1.3615955545101304 6.2537478320300579 62.531047547934577 1.489879274042323 4.2940279231406748
leaf_count=544 476 60 129 62 234 47 8901 269 711
internal_value=-0.000267039 0.00294517 0.000530945 0.00433031 -0.00209935 0.00984688 -0.00209935 -0.00522055 -0.00680202
internal_weight=114.01 41.1911 34.6132 16.7606 72.8189 12.1585 69.6766 7.1455 5.65562
internal_count=11433 774 714 238 10659 109 10115 1214 945
is_linear=0
shrinkage=0.03


Tree=41
num_leaves=11
num_cat=0
split_feature=10 4 11 0 1 0 10 3 3 4
split_gain=0.552987 1.12644 0.297627 0.10743 0.171794 0.0705938 0.0557076 0.0407049 0.0133627 0.0118383
threshold=97.617697107203639 81.864632411479889 16.68714168714169 64.6759707953738 47.985136882056644 99.749677306164401 90.508365508365515 97.880790984239283 92.624020124020134 61.910611910611919
decision_type=2 2 2 2 2 2 2 2 2 2
left_child=2 7 5 4 6 -1 9 -2 -6 -4
right_child=1 -3 3 -5 8 -7 -8 -9 -10 -11
leaf_value=-0.0061124951848965164 -0.000955332638244394 0.014427676988987913 -0.0061124951848965164 -0.000955332638244394 -0.0012797272210308508 -0.000955332638244394 -0.0012797272210308508 0.0058047227110132127 -0.000955332638244394 -0.0025519685016007409
leaf_weight=11.528935180976983 3.6314245432149601 5.626388703007251 8.2394967486616135 57.049112948356196 18.996771434205598 0.75294759729877192 0.61321645998396057 1.3833888247609136 3.2361980546265832 2.8269574092701086
leaf_count=1604 324 102 1617 3350 3669 14 113 13 75 552
internal_value=-0.00026504 0.0059391 -0.000955333 -0.000955333 -0.0029411 -0.00545381 -0.00545381 -0.000955333 -0.00127973 -0.0061125
internal_weight=113.885 10.6412 103.244 90.9618 33.9126 12.2819 11.6797 5.01481 22.233 11.0665
internal_count=11433 439 10994 9376 6026 1618 2282 337 3744 2169
is_linear=0
shrinkage=0.03


Tree=42
num_leaves=15
num_cat=0
split_feature=5 10 11 11 1 4 1 0 11 10 11 1 10 11
split_gain=0.669529 1.43775 0.561461 0.66924 0.202183 0.174453 0.171688 0.103229 0.0536519 0.0524878 0.324359 0.0169531 0.0383775 0.00799515
threshold=93.367396815672691 97.617697107203639 92.069459472752328 98.247741143150762 42.431633407243169 56.760020890455678 93.367396815672691 87.652943393742873 95.84890719037061 51.370120120120127 81.218221706026597 17.209745474343276 96.899038461538467 30.671497584541061
decision_type=2 2 2 2 2 2 2 2 2 2 2 2 2 2
left_child=3 2 9 5 -4 6 7 11 -7 -2 13 -1 -13 -11
right_child=1 -3 4 -5 -6 8 -8 -9 -10 10 -12 12 -14 -15
leaf_value=-0.0089795912139379128 -0.0019820986521537154 0.01444623184084695 0.0056718803195607926 0.0056718803195607926 0.011520836859567096 -0.0019820986521537154 -0.0019820986521537154 -0.0019820986521537154 0.0039571569279218859 -0.0019820986521537154 0.0056718803195607926 -0.0053920130003487074 -0.0019820986521537154 -0.00052769593928617868
leaf_weight=2.4599055455764889 9.0499034419190156 6.7354978187941006 5.1424293620511872 2.182118624681606 5.2593607156304643 31.234984781360254 4.7282209505792698 0.7299104924313714 1.8287216336466361 4.728266654070465 3.4783039046451441 27.926677728421058 1.500674886163323 6.8460068420972675
leaf_count=474 313 57 81 176 46 4082 576 28 120 95 47 5003 200 135
internal_value=-0.000256227 0.0027567 0.000132193 -0.0019821 0.00567188 -0.00265031 -0.00422454 -0.00521461 -0.0019821 -0.0019821 -0.000125558 -0.00567337 -0.00511096 -0.0019821
internal_weight=113.831 41.2398 34.5043 72.5912 10.4018 70.4091 37.3454 32.6172 33.0637 24.1025 15.0526 31.8873 29.4274 11.5743
internal_count=11433 774 717 10659 127 10483 6281 5705 4202 590 277 5677 5203 230
is_linear=0
shrinkage=0.03


Tree=43
num_leaves=15
num_cat=0
split_feature=5 10 11 11 1 11 0 1 11 1 10 11 11 1
split_gain=0.582426 1.31457 0.490731 0.582919 0.195102 0.132822 0.128576 0.103051 0.0996332 0.0828256 0.0561868 0.276612 0.0272441 0.0186723
threshold=93.367396815672691 97.617697107203639 92.069459472752328 97.91681291681293 42.431633407243169 5.8895794189911843 71.78130332331196 79.898070339246829 43.007967017661151 23.279166509570313 51.370120120120127 81.218221706026597 30.671497584541061 97.12912087912089
decision_type=2 2 2 2 2 2 2 2 2 2 2 2 2 2
left_child=3 2 10 5 -4 13 7 8 -7 -10 -2 12 -12 -1
right_child=1 -3 4 -5 -6 6 -8 -9 9 -11 11 -13 -14 -15
leaf_value=-0.0086105256956648425 -0.0018820679778581274 0.013839807820056253 0.0052676885114425632 0.0052676885114425632 0.010999267736619691 -0.006719251429475972 -0.0018820679778581274 -0.0018820679778581274 -0.0066218325781589602 -0.0018820679778581274 -0.0018820679778581274 0.0052676885114425632 7.1226217077134289e-05 -0.0018820679778581274
leaf_weight=2.6978161508450307 9.0606919620186108 6.5990068926475933 5.1286587468348426 2.5952918112743637 5.1897765401517972 11.546641309163535 24.921123693231493 11.996982799377291 3.404727388755421 14.935871335794216 4.69648141087964 3.5115285282954565 6.9397613266482949 0.32674377085641015
leaf_count=488 313 57 81 205 46 2395 2326 1747 661 2781 95 47 135 56
internal_value=-0.000271033 0.00254342 5.5599e-05 -0.00188207 0.00526769 -0.00252915 -0.00217146 -0.00358894 -0.00455834 -0.00292082 -0.00188207 1.70552e-05 -0.00188207 -0.00792697
internal_weight=113.551 41.1259 34.5269 72.4252 10.3184 69.8299 66.8053 41.8842 29.8872 18.3406 24.2085 15.1478 11.6362 3.02456
internal_count=11433 774 717 10659 127 10454 9910 7584 5837 3442 590 277 230 544
is_linear=0
shrinkage=0.03


Tree=44
num_leaves=10
num_cat=0
split_feature=10 5 11 5 10 0 9 1 0
split_gain=0.484499 1.4463 0.272107 0.097327 0.0433444 0.0335822 0.0350636 0.00597787 0.00387173
threshold=97.617697107203639 94.124838199338413 16.68714168714169 83.827187591454518 91.366459627329206 99.749677306164401 91.945945945945965 98.290595742143253 76.12336196999091
decision_type=2 2 2 2 2 2 2 2 2
left_child=2 -2 5 4 7 6 -1 8 -4
right_child=1 -3 3 -5 -6 -7 -8 -9 -10
leaf_value=-0.0065832210278061873 -0.00093953780062307538 0.014848508153296967 -0.002983096262528575 -0.00093953780062307538 -0.00093953780062307538 -0.002983096262528575 -0.002983096262528575 -0.00093953780062307538 -0.001499964611053523
leaf_weight=10.448592276428817 4.4511336146388185 6.1716164387762547 33.036036296398379 49.767302930937149 2.3658337013330302 0.7540177861228593 0.84789666614960957 0.6855889786966135 4.6881762314587823
leaf_count=1473 388 51 6531 1483 398 14 131 90 874
internal_value=-0.000290368 0.00552065 -0.000939538 -0.000939538 -0.00266717 -0.00527923 -0.00594572 -0.0029831 -0.0029831
internal_weight=113.216 10.6228 102.593 90.5429 40.7756 12.0505 11.2965 38.4098 37.7242
internal_count=11433 439 10994 9376 7893 1618 1604 7495 7405
is_linear=0
shrinkage=0.03


Tree=45
num_leaves=11
num_cat=0
split_feature=11 9 3 4 1 10 3 10 1 10
split_gain=0.789866 1.21854 0.257879 0.116747 0.453613 0.15745 0.104967 0.0494943 0.0145735 0.0144156
threshold=97.91681291681293 52.306468716861083 95.663303620988032 54.409912579641436 22.469257795344756 88.975694444444457 90.711666084526726 11.189358372456967 80.304967836937166 49.099967855994862
decision_type=2 2 2 2 2 2 2 2 2 2
left_child=3 -2 6 4 5 -1 -3 -6 9 -9
right_child=1 2 -4 -5 7 -7 -8 8 -10 -11
leaf_value=-0.013190954345289357 -0.00097211127099840449 -0.00097211127099840449 0.02354128037693488 -0.00097211127099840449 -0.0045961195209118467 -0.0013434498709013524 0.0094801263728507626 -0.0030718341645304807 -0.00097211127099840449 -0.001292051118437587
leaf_weight=3.3894982711644834 2.238347014412283 0.93009431730024494 2.2911021187901497 64.648348503862508 2.8536162886302909 0.79527144669555117 0.91185591742396355 7.266612243140119 12.093713713809846 13.92634290922433
leaf_count=600 115 114 11 4959 496 86 7 1383 1449 2079
internal_value=-0.000314338 0.00918465 0.0180537 -0.000972111 -0.00257382 -0.0108909 0.00534619 -0.00134345 -0.000972111 -0.00134345
internal_weight=111.345 6.3714 4.13305 104.973 40.3251 4.18477 1.84195 36.1403 33.2867 21.193
internal_count=11299 247 132 11052 6093 686 121 5407 4911 3462
is_linear=0
shrinkage=0.03


Tree=46
num_leaves=9
num_cat=0
split_feature=11 9 3 3 5 1 11 3
split_gain=0.672741 1.12053 0.28469 0.0901594 0.0616946 0.229875 0.0910963 0.0486068
threshold=97.91681291681293 52.306468716861083 95.663303620988032 90.711666084526726 54.033243946683498 43.574127383951065 68.152238149558158 52.026361172702643
decision_type=2 2 2 2 2 2 2 2
left_child=4 -2 3 -3 5 6 7 -1
right_child=1 2 -4 -5 -6 -7 -8 -9
leaf_value=-0.0081602488758017681 -0.00091049276867329954 -0.00091049276867329954 0.022944778942422958 0.0085294361496664802 -0.00091049276867329954 -0.00091049276867329954 -0.00091049276867329954 -0.00091049276867329954
leaf_weight=6.448047204990873 2.2375135924667111 0.92877759737893917 2.2066683396697044 0.91571326553821564 75.640600119018927 19.867902106721886 2.365593156311661 0.62852934631519009
leaf_count=1420 115 114 11 7 5024 4007 459 142
internal_value=-0.000306671 0.00851277 0.0171989 0.00467498 -0.000910493 -0.00227404 -0.0059393 -0.00746409
internal_weight=111.239 6.28867 4.05116 1.84449 104.951 29.3101 9.44217 7.07658
internal_count=11299 247 132 121 11052 6028 2021 1562
is_linear=0
shrinkage=0.03


Tree=47
num_leaves=11
num_cat=0
split_feature=1 4 1 10 5 9 1 0 10 9
split_gain=0.222071 0.124225 0.380262 0.131282 0.125393 0.107265 0.105603 0.164047 0.0955315 0.0496522
threshold=99.018403430168163 54.409912579641436 23.279166509570313 88.975694444444457 83.377662396457467 5.2982456140350882 6.8789568789568802 98.663092046470084 58.397435897435905 83.867200533867205
decision_type=2 2 2 2 2 2 2 2 2 2
left_child=1 2 3 9 -3 -6 7 -7 -2 -1
right_child=8 4 -4 -5 5 6 -8 -9 -10 -11
leaf_value=-0.012561436921652139 0.0022343673748811046 -0.00072985327971970099 -0.00072985327971970099 -0.00072985327971970099 -0.00072985327971970099 -0.00072985327971970099 0.0022343673748811046 0.0022343673748811046 0.010624977483320985 -0.00072985327971970099
leaf_weight=2.9938470991328376 1.0897455404046916 17.948738809907809 35.74364761763718 0.80239354469813395 2.8283661231398574 4.0054964777082196 41.035197513992898 2.7349544046446681 1.4703580567147581 0.47310211765579868
leaf_count=541 63 3504 5366 88 66 260 1191 65 58 97
internal_value=-0.000317144 -0.000553997 -0.00186029 -0.00938986 0.000224244 0.0011206 0.0016393 -0.000729853 0.00706131 -0.0114554
internal_weight=111.126 108.566 40.013 4.26934 68.5528 50.604 47.7756 6.74045 2.5601 3.46695
internal_count=11299 11178 6092 726 5086 1582 1516 325 121 638
is_linear=0
shrinkage=0.03


Tree=48
num_leaves=8
num_cat=0
split_feature=11 9 4 1 11 5 1
split_gain=0.594496 1.06972 0.070833 0.277729 0.276674 0.0420811 0.0095019
threshold=97.91681291681293 52.306468716861083 54.409912579641436 26.474368667775597 14.970107978473155 91.095053290083413 71.266310050273916
decision_type=2 2 2 2 2 2 2
left_child=2 -2 3 -1 5 -5 -3
right_child=1 6 -4 4 -6 -7 -8
leaf_value=-0.0082483553200313527 -0.00090328771895615222 0.0082126430816929098 -0.00090328771895615222 -0.008203764775033321 -0.00090328771895615222 -0.00090328771895615222 0.02098304904599985
leaf_weight=4.8142241931054732 2.2357943600509307 2.3156632892787461 64.883956288802437 4.4444294172571963 30.008655068580993 0.55977992760017503 1.6492364322766659
leaf_count=846 115 94 4959 795 4427 25 38
internal_value=-0.000338085 0.00800643 -0.000903288 -0.00216084 -0.00111802 -0.0073751 0.016681
internal_weight=110.912 6.20069 104.711 39.8271 35.0129 5.00421 3.9649
internal_count=11299 247 11052 6093 5247 820 132
is_linear=0
shrinkage=0.03


Tree=49
num_leaves=13
num_cat=0
split_feature=11 1 0 1 0 4 1 10 1 10 4 1
split_gain=0.59902 0.60387 0.308751 0.107724 0.0884599 0.061148 0.236196 0.0938737 0.0591351 0.0458781 0.0290854 0.000512414
threshold=97.91681291681293 71.266310050273916 98.663092046470084 99.018403430168163 99.749677306164401 54.409912579641436 26.474368667775597 88.029850746268679 92.624020124020134 48.683298683298695 49.199948796723 20.855767924433867
decision_type=2 2 2 2 2 2 2 2 2 2 2 2
left_child=3 2 -2 4 5 6 7 10 11 -8 -1 -7
right_child=1 -3 -4 -5 -6 8 9 -9 -10 -11 -12 -13
leaf_value=-0.01065565215385697 -0.00089463635141692126 0.018014032589766946 0.010573301816530468 0.0045756168079037077 0.0039481295297935223 -0.0011840716181183515 -0.0026722580262898842 -0.0011840716181183515 0.0027907209242151133 -0.00089463635141692126 -0.0026722580262898842 -0.00089463635141692126
leaf_weight=3.1423191123176371 2.8835817659273735 2.1105201479513198 1.1795216351747511 2.1789269251748911 2.1416502962820223 19.221603388665244 13.241443615988826 1.0525356021244077 3.4849801373202345 20.512248610146344 0.54906310781370837 39.216750511317514
leaf_count=622 170 63 14 116 36 1627 2281 115 163 2882 109 3101
internal_value=-0.000328357 0.00806455 0.000359279 -0.000894636 -0.00105391 -0.00119846 -0.0021794 -0.00782226 -0.000894636 -0.00118407 -0.00968463 -0.000894636
internal_weight=110.915 6.17362 4.0631 104.742 102.563 100.421 38.4976 4.74392 61.9233 33.7537 3.69138 58.4384
internal_count=11299 247 184 11052 10936 10900 6009 846 4891 5163 731 4728
is_linear=0
shrinkage=0.03


Tree=50
num_leaves=12
num_cat=0
split_feature=1 10 11 1 11 4 1 9 5 11 10
split_gain=0.505128 1.07847 0.494065 0.17111 0.155069 0.297824 0.264396 0.179227 0.0741671 0.050892 0.0397195
threshold=85.326728217105185 91.366459627329206 95.84890719037061 0.51613676625331339 98.55247075257553 69.767602255007816 20.855767924433867 64.967532467532479 87.641432329578848 94.759984639016906 51.000400160064032
decision_type=2 2 2 2 2 2 2 2 2 2 2
left_child=3 2 10 -1 5 6 7 9 -8 -5 -2
right_child=1 -3 -4 4 -6 -7 8 -9 -10 -11 -12
leaf_value=-0.010423456853477203 -0.00082762532888773792 0.01669213899021715 0.011141820208224884 -0.010423456853477203 0.0044403317993849381 -0.00082762532888773792 -0.0022612092531663595 -0.0022612092531663595 -0.00082762532888773792 -0.0022612092531663595 0.0015059435950399564
leaf_weight=0.67988306912593444 7.3650453359587171 3.874553268775343 2.3937845330219707 3.3760309150675312 4.1328129831235847 44.514299133443274 26.525414921808988 1.8901399876922367 8.0840334563981724 0.31920682196505357 7.4936766671016812
leaf_count=45 840 198 79 596 157 3027 5254 350 179 26 570
internal_value=0.000167104 0.00422899 0.000668863 -0.000827625 -0.000827625 -0.000935715 -0.00338645 -0.00895681 -0.00226121 -0.0104235 -0.000827625
internal_weight=110.649 21.1271 17.2525 89.5218 88.8419 84.7091 40.1948 5.58538 34.6094 3.69524 14.8587
internal_count=11321 1687 1489 9634 9589 9432 6405 972 5433 622 1410
is_linear=0
shrinkage=0.03


Tree=51
num_leaves=14
num_cat=0
split_feature=3 11 1 11 1 1 10 9 11 1 11 1 1
split_gain=0.471463 0.577705 0.340036 0.432603 0.121077 0.0606261 0.380056 0.0537229 0.0417113 0.0343868 0.0269974 0.0165586 0.0168387
threshold=91.449854159231066 98.55247075257553 45.180694908955786 92.069459472752328 89.534022724371269 86.849356907727312 53.907203907203915 64.126753749395263 99.066606929510172 19.240205658618724 20.175496109799813 54.834813775907755 83.827187591454518
decision_type=2 2 2 2 2 2 2 2 2 2 2 2 2
left_child=4 2 3 -2 7 -4 -7 9 -9 -1 12 -12 -11
right_child=1 -3 5 -5 -6 6 -8 8 -10 10 11 -13 -14
leaf_value=-0.0051719861623821702 -0.0017525139927225082 0.012526595602361738 0.0032437995363778218 0.0032437995363778218 0.0017778906670882747 0.0032437995363778218 0.010626262556250569 -0.0017525139927225082 0.0017778906670882747 -0.0051719861623821702 -0.0030198076092398112 -0.0017525139927225082 -0.0017525139927225082
leaf_weight=6.3240365892415928 16.712011484894905 3.4432410299777976 19.676966294180605 4.9114975682459763 6.888603178318589 3.4901999118737859 6.6633439739234746 17.834925063885752 0.45427715871482988 3.2109739854931867 10.464563351240942 10.010618434171191 0.3458080741111188
leaf_count=1207 384 23 331 54 1080 78 83 3400 42 683 2031 1859 66
internal_value=0.000180883 0.00213306 0.00121199 -0.00161047 -0.00175251 0.0032438 0.00565946 -0.00227819 -0.00175251 -0.00319385 -0.00248749 -0.00189539 -0.00473201
internal_weight=110.431 54.8973 51.454 21.6235 55.5338 29.8305 10.1535 48.6452 18.2892 30.356 24.032 20.4752 3.55678
internal_count=11321 953 930 438 10368 492 161 9288 3442 5846 4639 3890 749
is_linear=0
shrinkage=0.03


Tree=52
num_leaves=11
num_cat=0
split_feature=3 11 1 10 4 1 1 11 5 11
split_gain=0.409615 0.506632 0.588277 0.332741 0.246629 0.414514 0.0641428 0.0598926 0.0173982 0.0101109
threshold=91.449854159231066 92.069459472752328 45.180694908955786 52.041666666666679 72.053508150248078 85.326728217105185 19.240205658618724 99.517490250858515 90.330372448184519 9.3349713349713372
decision_type=2 2 2 2 2 2 2 2 2 2
left_child=6 2 -2 8 5 -5 -1 9 -4 -8
right_child=1 -3 3 4 -6 -7 7 -9 -10 -11
leaf_value=-0.0039148332293829592 -0.0015842186152105759 0.0067861307781498939 -0.0015842186152105759 -0.0011708371897310324 0.0067861307781498939 0.0067861307781498939 -0.0036374781628544664 0.0055060492591307948 -0.0011708371897310324 -0.0015842186152105759
leaf_weight=10.09000266168732 16.481402466772124 13.867998004890977 1.9651632891036586 3.3388348869048086 9.0941461361944658 3.6476962394081056 3.5775804496370247 0.44590181577950616 6.4281695035751909 41.209310200298205
leaf_count=1899 384 136 76 66 98 56 740 36 137 7693
internal_value=0.000222914 0.00204222 0.000312415 0.00359333 0.00600295 0.000881001 -0.00158422 -0.00158422 -0.00117084 -0.00158422
internal_weight=110.146 54.8234 40.9554 24.474 16.0807 6.98653 55.3228 45.2328 8.39333 44.7869
internal_count=11321 953 817 433 220 122 10368 8469 213 8433
is_linear=0
shrinkage=0.03


Tree=53
num_leaves=12
num_cat=0
split_feature=1 10 11 4 1 11 9 11 5 9 10
split_gain=0.368553 1.09153 0.354847 0.165673 0.25711 0.128744 0.119205 0.103498 0.0374546 0.0615132 0.00441982
threshold=85.326728217105185 91.366459627329206 95.84890719037061 69.767602255007816 20.431399917287017 98.247741143150762 57.052441229656431 94.759984639016906 87.641432329578848 29.93506493506494 51.000400160064032
decision_type=2 2 2 2 2 2 2 2 2 2 2
left_child=3 2 10 4 6 8 7 -1 -6 -10 -2
right_child=1 -3 -4 -5 5 -7 -8 -9 9 -11 -12
leaf_value=-0.012868176961421793 -0.00065817992106095521 0.016056127616618648 0.0091097679373687082 -0.00065817992106095521 -0.0026677026111805694 -0.00065817992106095521 -0.0026677026111805694 -0.0026677026111805694 -0.0026677026111805694 -0.00065817992106095521 0.0010732430210917791
leaf_weight=2.8777370812604199 7.4821247195359373 3.9648647021967909 2.4711838453076771 47.347082120599225 26.393136515282094 1.3990067525301118 2.2792050037533045 0.34595795953646291 3.2147723110392681 4.5005347677506506 7.673269932391122
leaf_count=525 840 198 79 3153 5272 59 414 32 68 111 570
internal_value=0.000209247 0.00363098 0.000124151 -0.00065818 -0.00254486 -0.00149346 -0.00805611 -0.0111405 -0.0026677 -0.00065818 -0.00065818
internal_weight=109.949 21.5914 17.6266 88.3574 41.0104 35.5075 5.5029 3.2237 34.1084 7.71531 15.1554
internal_count=11321 1687 1489 9634 6481 5510 971 557 5451 179 1410
is_linear=0
shrinkage=0.03


Tree=54
num_leaves=8
num_cat=0
split_feature=3 11 3 1 1 4 11
split_gain=0.371381 0.299301 0.827906 0.261773 0.0431937 0.0308794 0.00818579
threshold=89.534022724371269 92.069459472752328 95.663303620988032 45.180694908955786 79.530618905797425 62.324731942971603 43.007967017661151
decision_type=2 2 2 2 2 2 2
left_child=4 3 -3 -2 5 6 -1
right_child=1 2 -4 -5 -6 -7 -8
leaf_value=-0.0036882584380243909 -0.0016231326436392652 0.00054826034816024809 0.011107052367522352 0.00054826034816024809 3.1718077616800198e-05 -0.0016231326436392652 -0.0020904146738092394
leaf_weight=9.7537556821480411 17.732356832828373 6.6335718345362684 9.0311050191521627 26.628467093687505 11.066430809209121 16.12643533886876 12.878234756761229
leaf_count=2209 471 102 70 524 2034 3197 2714
internal_value=0.000273744 0.00184907 0.00527887 0.00054826 -0.00162313 -0.00208454 -0.00290597
internal_weight=109.85 60.0255 15.6647 44.3608 49.8249 38.7584 22.632
internal_count=11321 1167 172 995 10154 8120 4923
is_linear=0
shrinkage=0.03


Tree=55
num_leaves=12
num_cat=0
split_feature=10 0 9 11 5 11 9 0 5 11 11
split_gain=0.110008 0.274605 0.141526 0.435862 0.202727 0.0618012 0.0291865 0.0155036 0.00735799 0.0215491 0.00308154
threshold=55.63492063492064 99.749677306164401 74.443344878772891 18.654783079421549 80.686213632423915 99.066606929510172 5.2982456140350882 49.8652251938069 23.657225281930241 55.112818558970453 4.1457095918109452
decision_type=2 2 2 2 2 2 2 2 2 2 2
left_child=6 2 5 -4 8 7 -1 -2 -5 -10 -8
right_child=1 -3 3 4 -6 -7 10 -9 9 -11 -12
leaf_value=-0.005531007724406959 -0.002143186162840878 0.0092463524375346624 -0.001579690216997027 0.00039221318305019087 0.0092463524375346624 0.00039221318305019087 -0.0039343654828825495 -0.001579690216997027 0.00039221318305019087 0.0035569431894649076 -0.002143186162840878
leaf_weight=1.9318516189232458 9.393275617156176 1.5158228455111373 1.5893877423368383 1.0111863156780585 4.7994685058947653 0.85144492099061508 1.2961012728046615 36.356016760808416 0.98577733361162279 1.6283287501428274 48.061916370759718
leaf_count=211 1728 21 175 204 163 29 233 1982 201 255 6157
internal_value=-0.00137461 -0.000467484 -0.000883536 0.00220531 0.00607726 -0.00157969 -0.00237413 -0.00187765 0.000392213 0.00176148 -0.00214319
internal_weight=109.421 58.1307 56.6149 10.0141 8.42476 46.6007 51.2899 45.7493 3.62529 2.61411 49.358
internal_count=11359 4758 4737 998 823 3739 6601 3710 660 456 6390
is_linear=0
shrinkage=0.03


Tree=56
num_leaves=9
num_cat=0
split_feature=1 10 0 1 11 5 3 0
split_gain=0.125781 1.21354 0.438654 0.100779 0.0915305 0.0186954 0.012777 0.00996935
threshold=86.082594106116503 93.118686868686879 77.301696557174367 0.51613676625331339 95.84890719037061 33.603243290497424 92.624020124020134 43.346883468834697
decision_type=2 2 2 2 2 2 2 2
left_child=3 4 6 -1 -2 7 -3 -5
right_child=1 2 -4 5 -6 -7 -8 -9
leaf_value=-0.0093394910837884086 -0.0018378630352241967 0.0020111366219494769 0.022126640136666959 -0.0034135792515394376 0.0020111366219494769 -0.0018378630352241967 0.0048874473954046878 -0.0018378630352241967
leaf_weight=0.67178929829969902 15.099284546449786 0.96488612936809592 1.7766030034981666 13.047738515655505 2.083770210389047 73.594568421365693 0.87884466350078583 1.2818024235311902
leaf_count=48 1370 134 19 2777 75 6656 11 269
internal_value=-0.00134874 0.000723051 0.0145349 -0.00183786 -0.00183786 -0.00183786 0.00201114 -0.00305014
internal_weight=109.399 20.8034 3.62033 88.5959 17.1831 87.9241 1.84373 14.3295
internal_count=11359 1609 164 9750 1445 9702 145 3046
is_linear=0
shrinkage=0.03


Tree=57
num_leaves=8
num_cat=0
split_feature=10 1 5 1 1 0 0
split_gain=0.106916 0.556273 0.335352 0.11461 0.0791253 0.0410244 0.224163
threshold=55.63492063492064 85.326728217105185 79.898070339246829 0.96269694161260444 92.216496640089147 46.922818504587944 99.749677306164401
decision_type=2 2 2 2 2 2 2
left_child=3 6 5 -1 -4 -3 -2
right_child=1 2 4 -5 -6 -7 -8
leaf_value=-0.010423266027381839 -0.0020627681961048884 -0.0019760444155498846 0.0034436668943794448 -0.0020627681961048884 0.010930910589685984 0.0025921847338529255 0.0025921847338529255
leaf_weight=0.60201603779569168 44.82936892285943 3.1876557795330864 3.3803770036902279 50.637121345615014 4.3347798322793096 0.99400510359555472 1.5077062156051386
leaf_count=48 3993 464 62 6553 66 152 21
internal_value=-0.00137207 -0.000478833 0.00505373 -0.00235865 0.00842194 -0.00158666 -0.00197604
internal_weight=109.473 58.2339 11.8968 51.2391 7.71516 4.18166 46.3371
internal_count=11359 4758 744 6601 128 616 4014
is_linear=0
shrinkage=0.03


Tree=58
num_leaves=9
num_cat=0
split_feature=0 1 10 11 11 1 11 11
split_gain=0.0838729 0.0925775 0.51804 0.0717044 0.161944 0.017151 0.0892776 0.00159012
threshold=99.749677306164401 86.082594106116503 91.366459627329206 97.062419099669214 97.91681291681293 20.855767924433867 92.661632261458962 2.4112535934623218
decision_type=2 2 2 2 2 2 2 2
left_child=1 4 3 -3 5 6 -1 -7
right_child=-2 2 -4 -5 -6 7 -8 -9
leaf_value=-0.0043713198264669559 0.0036606675440370232 -0.0019221925578479797 0.0036606675440370232 0.0035859398865534043 0.002995319401054259 -0.0036285013577704675 -0.0019241302615410636 -0.0019221925578479797
leaf_weight=17.657176225446168 1.9935143755283196 15.148905669106176 4.1762687135487786 1.7004082673229266 4.8224638639949253 0.76066828076727588 3.2508230353705576 59.846548914560117
leaf_count=2080 36 1359 198 51 200 139 173 7123
internal_value=-0.0013655 -0.00149174 0.00028285 -0.00192219 -0.00192219 -0.00224589 -0.00304819 -0.00192413
internal_weight=109.357 107.363 21.0256 16.8493 86.3377 81.5152 20.908 60.6072
internal_count=11359 11323 1608 1410 9715 9515 2253 7262
is_linear=0
shrinkage=0.03


Tree=59
num_leaves=9
num_cat=0
split_feature=0 1 10 1 11 11 1 11
split_gain=0.0736616 0.0930582 0.453455 0.0569148 0.0448755 0.182905 0.00940746 0.0852112
threshold=99.749677306164401 86.082594106116503 91.366459627329206 0.51613676625331339 97.062419099669214 97.91681291681293 20.855767924433867 92.661632261458962
decision_type=2 2 2 2 2 2 2 2
left_child=1 3 4 -1 -3 6 7 -5
right_child=-2 2 -4 5 -6 -7 -8 -9
leaf_value=-0.0081217130801243854 0.0034082441952473543 -0.0018581519573707627 0.0034082441952473543 -0.0041516445894973228 0.0025213250360959917 0.0025213250360959917 -0.0018581519573707627 -0.0018581519573707627
leaf_weight=0.39365349477156897 1.9904412601608772 15.064673878485342 4.2577314551454029 17.330414365744222 1.7476060688495625 4.7162623954936853 60.561033028410748 3.1639325346332035
leaf_count=38 36 1359 198 2057 51 193 7262 165
internal_value=-0.00130713 -0.00142533 0.000348655 -0.00185815 -0.00185815 -0.00185815 -0.0020886 -0.00272837
internal_weight=109.226 107.235 21.07 86.1653 16.8123 85.7716 81.0554 20.4943
internal_count=11359 11323 1608 9715 1410 9677 9484 2222
is_linear=0
shrinkage=0.03


Tree=60
num_leaves=11
num_cat=0
split_feature=5 11 3 1 11 4 1 4 1 11
split_gain=0.212378 0.377507 1.0294 0.0787543 0.0191119 0.0396036 0.020939 0.0213146 0.0150956 0.00815057
threshold=83.377662396457467 89.375109509148714 95.663303620988032 43.23323903551605 6.9050663743758376 73.6566014905261 81.864632411479889 62.324731942971603 94.899319669059366 86.95944366526416
decision_type=2 2 2 2 2 2 2 2 2 2
left_child=4 3 -3 9 5 8 7 -6 -1 -2
right_child=1 2 -4 -5 6 -7 -8 -9 -10 -11
leaf_value=-0.0062374111637404179 -0.0012375759737150982 -0.00014849002974230528 0.010681047991957095 -0.00014849002974230528 -0.0021864090187996305 -0.0012375759737150982 -0.00014849002974230528 -0.0012375759737150982 -0.0012375759737150982 -0.00014849002974230528
leaf_weight=1.8411810878897084 18.337184791220373 7.8515030618291375 11.073482282459734 25.258997476659715 23.079542216146365 0.41977579239755858 10.841091863345353 11.985227724304421 0.44144661398604501 1.4303980735130597
leaf_count=405 892 270 88 619 4844 82 1625 2390 76 43
internal_value=0.000242779 0.0013697 0.00480796 -0.00014849 -0.00123758 -0.00348691 -0.00123758 -0.00123758 -0.00536447 -0.00123758
internal_weight=112.56 63.9516 18.925 45.0266 48.6083 2.7024 45.9059 35.0648 2.28263 19.7676
internal_count=11334 1912 358 1554 9422 563 8859 7234 481 935
is_linear=0
shrinkage=0.03


Tree=61
num_leaves=8
num_cat=0
split_feature=5 11 3 10 10 4 1
split_gain=0.200268 0.346048 0.95149 0.0878969 0.0703463 0.0181518 0.0395717
threshold=83.377662396457467 89.375109509148714 95.663303620988032 52.041666666666679 66.904761904761912 81.864632411479889 43.574127383951065
decision_type=2 2 2 2 2 2 2
left_child=4 3 -3 -2 5 6 -1
right_child=1 2 -4 -5 -6 -7 -8
leaf_value=-0.0038213932413211373 -0.001156414900872577 -7.5738997984060543e-05 0.01035143337500288 -7.5738997984060543e-05 -7.5738997984060543e-05 -0.001156414900872577 -0.0014049750814176948
leaf_weight=9.72394378622994 14.695623774081467 7.8297498580068376 11.000002611428497 30.307508952450007 16.253681470756419 3.4774855887517324 19.092974760453217
leaf_count=2145 783 270 88 771 2876 662 3739
internal_value=0.000282302 0.00137748 0.00467933 -7.5739e-05 -0.00115641 -0.00198355 -0.00232118
internal_weight=112.381 63.8329 18.8298 45.0031 48.5481 32.2944 28.8169
internal_count=11334 1912 358 1554 9422 6546 5884
is_linear=0
shrinkage=0.03


Tree=62
num_leaves=9
num_cat=0
split_feature=5 11 3 10 11 10 5 10
split_gain=0.160767 0.193787 1.03635 0.125834 0.0203857 0.0261061 0.0182027 0.00471863
threshold=79.10250335623472 89.375109509148714 95.663303620988032 52.041666666666679 6.9050663743758376 85.160160160160174 45.180694908955786 70.900537634408622
decision_type=2 2 2 2 2 2 2 2
left_child=4 3 -3 -2 -1 6 7 -6
right_child=1 2 -4 -5 5 -7 -8 -9
leaf_value=-0.003408810431308949 -0.0010808652170699205 0.00017242941900453974 0.010133147012655075 0.00017242941900453974 -0.0022239619146728288 0.00017242941900453974 -0.0010808652170699205 -0.0010808652170699205
leaf_weight=2.6010762245859942 15.860068638576193 8.5291142247151601 10.912568900734184 32.18470584298484 17.010862312745306 6.4517597319791085 15.761765878880395 2.8993795305723316
leaf_count=546 1005 338 88 970 3530 1155 3101 601
internal_value=0.000299683 0.00121703 0.00366375 0.000172429 -0.00108087 -0.00108087 -0.00120538 -0.00201174
internal_weight=112.211 67.4865 19.4417 48.0448 44.7248 42.1238 35.672 19.9102
internal_count=11334 2401 426 1975 8933 8387 7232 4131
is_linear=0
shrinkage=0.03


Tree=63
num_leaves=10
num_cat=0
split_feature=3 10 9 1 4 5 10 4 5
split_gain=0.144939 0.205715 0.146265 0.117723 0.129338 0.0142288 0.0158417 0.0160035 0.00109888
threshold=89.534022724371269 97.617697107203639 95.803990610328654 43.23323903551605 28.495332936136414 45.970883954754932 66.904761904761912 58.757332510033969 87.257258672699862
decision_type=2 2 2 2 2 2 2 2 2
left_child=5 2 3 -2 -5 6 7 -1 -6
right_child=1 -3 -4 4 8 -7 -8 -9 -10
leaf_value=-0.0024853758369621261 -0.00082402766190076756 0.0052408814955760231 0.0052408814955760231 -0.00082402766190076756 0.0011565403035031666 -0.00082402766190076756 -0.00082402766190076756 -0.00082402766190076756 0.0024952569552226423
leaf_weight=14.761758012231445 20.443581502186134 9.1620922340080124 2.3302795169875017 4.4357171473093358 3.2379641605075582 24.875326128909364 7.6184618826955548 2.7472670584684229 22.35550502454862
leaf_count=3092 493 92 36 142 93 4934 1537 563 352
internal_value=0.000368528 0.00132867 0.000565047 0.000147329 0.0014124 -0.000824028 -0.00154244 -0.0020632 0.00237575
internal_weight=111.968 61.9651 52.803 50.4728 30.0292 50.0028 25.1275 17.509 25.5935
internal_count=11334 1208 1116 1080 587 10126 5192 3655 445
is_linear=0
shrinkage=0.03


Tree=64
num_leaves=13
num_cat=0
split_feature=5 11 10 1 1 11 10 10 10 4 1 1
split_gain=0.143704 0.268198 0.273835 0.193883 0.0607469 0.233739 0.306872 0.0413153 0.0208985 0.0232295 0.041681 0.00183962
threshold=83.377662396457467 89.375109509148714 97.617697107203639 88.409447669112566 43.23323903551605 10.362070041825335 54.226190476190482 97.849213691026833 66.904761904761912 81.864632411479889 43.574127383951065 23.279166509570313
decision_type=2 2 2 2 2 2 2 2 2 2 2 2
left_child=7 2 4 -3 -2 -6 -7 8 9 10 11 -1
right_child=1 3 -4 -5 5 6 -8 -9 -10 -11 -12 -13
leaf_value=-0.0045057154087788792 -0.00084858399042662524 0.0042214547191461328 0.0042214547191461328 0.011264523511147959 -0.00084858399042662524 -0.00084858399042662524 0.0042214547191461328 0.0025120430287546248 -0.00084858399042662524 -0.00084858399042662524 -0.0011379017819521445 -0.0023416867676181365
leaf_weight=4.0373802618123609 16.038991387933493 15.822282841894777 7.1391557280439875 2.8769421358592799 1.9351817390415842 9.2305785263888556 10.496677153510971 2.1749244988895944 14.034485631505957 3.4359680425841352 18.993268123362213 5.6227442026138306
leaf_count=921 882 329 90 29 89 280 213 300 2576 662 3739 1224
internal_value=0.000374936 0.00130371 2.14212e-05 0.00422145 -0.000848584 0.000736294 0.00274729 -0.000848584 -0.001057 -0.00165607 -0.00205561 -0.00358395
internal_weight=111.839 63.5398 44.8406 18.6992 37.7014 21.6624 19.7273 48.2988 46.1238 32.0894 28.6534 9.66012
internal_count=11334 1912 1554 358 1464 582 493 9422 9122 6546 5884 2145
is_linear=0
shrinkage=0.03


Tree=65
num_leaves=8
num_cat=0
split_feature=11 3 3 9 11 9 9
split_gain=0.448527 0.369982 0.342454 0.105894 0.0317058 0.0469823 0.0171669
threshold=98.926172561907251 91.866717879777241 99.749677306164401 70.627450980392169 16.68714168714169 7.5235849056603783 91.945945945945965
decision_type=2 2 2 2 2 2 2
left_child=2 3 4 -2 5 -1 -7
right_child=1 -3 -4 -5 -6 6 -8
leaf_value=-0.0056924370229915772 -0.00038310956593507075 0.014235015457201463 0.0082549957018883194 0.0069717368202205348 -0.00038310956593507075 -0.0016675335805147228 -0.00038310956593507075
leaf_weight=1.3757198110688467 0.68558057793415972 2.7161365076899529 3.3029283932410172 0.91605037148110569 88.672794558806345 10.965977396932429 1.1058122841641296
leaf_count=133 76 18 36 54 9494 1427 148
internal_value=0.000390997 0.00889191 -3.74516e-05 -3.74516e-05 -0.00038311 -0.0017921 -0.000946141
internal_weight=109.741 4.31777 105.423 1.60163 102.12 13.4475 12.0718
internal_count=11386 148 11238 130 11202 1708 1575
is_linear=0
shrinkage=0.03


Tree=66
num_leaves=10
num_cat=0
split_feature=11 3 3 9 10 9 9 11 11
split_gain=0.390248 0.376868 0.265573 0.0817732 0.0335391 0.137437 0.0629446 0.0530271 0.0121803
threshold=98.926172561907251 91.866717879777241 99.749677306164401 70.627450980392169 52.041666666666679 5.2982456140350882 72.783389450056134 92.069459472752328 3.8049994344531171
decision_type=2 2 2 2 2 2 2 2 2
left_child=2 3 4 -2 5 -1 -6 8 -7
right_child=1 -3 -4 -5 6 7 -8 -9 -10
leaf_value=-0.007408247728823909 -0.00026510324865367706 0.013958220483567832 0.0073327375342847464 0.0063715569531408072 -0.00026510324865367706 -0.00393950606028751 0.0022341713598384998 -0.00026510324865367706 -0.001288700160898417
leaf_weight=1.8990155810024578 0.68709876877255627 2.6561811342835426 3.3140479102730742 0.96572384191676974 44.574521974776872 0.95422519603744049 12.029260700568555 6.6646541284862897 35.784436233225279
leaf_count=203 76 18 36 54 3846 194 1226 407 5326
internal_value=0.000441787 0.00837771 4.09813e-05 4.09813e-05 -0.000265103 -0.00107345 -0.000265103 -0.000635692 -0.00146012
internal_weight=109.529 4.309 105.22 1.65282 101.906 45.3023 56.6038 43.4033 36.7387
internal_count=11386 148 11238 130 11202 6130 5072 5927 5520
is_linear=0
shrinkage=0.03


Tree=67
num_leaves=11
num_cat=0
split_feature=11 3 3 1 11 4 1 10 10 4
split_gain=0.426738 0.2969 0.211271 0.0606552 0.0352624 0.108878 0.101999 0.018839 0.00557228 0.000745757
threshold=98.926172561907251 91.866717879777241 99.749677306164401 0.51613676625331339 16.68714168714169 71.266310050273916 55.995110024449886 55.001020616452344 11.922530206112297 5.2961050551412008
decision_type=2 2 2 2 2 2 2 2 2 2
left_child=2 7 3 -1 5 8 -7 -2 -5 -6
right_child=1 -3 -4 4 9 6 -8 -9 -10 -11
leaf_value=-0.006246999872140468 2.6385846352421942e-05 0.013673227121725076 0.0065221624160969813 -0.006246999872140468 -0.00044028809813230751 -0.0039668710527358958 2.6385846352421942e-05 0.0033121995119624868 -0.0039668710527358958 2.6385846352421942e-05
leaf_weight=0.49508377234451373 0.89486614963970967 2.601785346865654 3.3240596773102871 0.73230938729829897 2.7568883824860668 3.4896481093019247 2.418763673864305 0.83507082099094987 6.6189187474083155 85.26536374236457
leaf_count=42 81 18 36 143 401 334 112 49 1116 9054
internal_value=0.00044667 0.00872654 2.63858e-05 -0.000247163 -0.000157045 -0.00154428 2.63858e-05 2.63858e-05 -0.00396687 2.63858e-05
internal_weight=109.433 4.33172 105.101 101.777 101.282 13.2596 5.90841 1.72994 7.35123 88.0223
internal_count=11386 148 11238 11202 11160 1705 446 130 1259 9455
is_linear=0
shrinkage=0.03


Tree=68
num_leaves=10
num_cat=0
split_feature=11 3 3 9 11 9 1 9 10
split_gain=0.371743 0.309086 0.175656 0.149476 0.0235358 0.0262644 0.081656 0.146977 0.00471159
threshold=98.926172561907251 91.866717879777241 99.749677306164401 70.627450980392169 16.68714168714169 91.945945945945965 56.379045594141282 20.126582278481017 97.801932367149774
decision_type=2 2 2 2 2 2 2 2 2
left_child=2 3 4 -2 5 6 7 -1 -8
right_child=1 -3 -4 -5 -6 -7 8 -9 -10
leaf_value=-0.0094683377209618252 -0.00016411683182245842 0.013403845549241657 0.0060063402910454601 0.0080938344720051809 -0.00016411683182245842 -0.00016411683182245842 -0.00053618373585939715 -0.00053618373585939715 -0.00016411683182245842
leaf_weight=1.8876248660963009 0.70684661110862967 2.5505831614136696 3.3274118853732935 1.0397005325648931 88.44723110308405 1.1050834032939736 5.1694775463547558 4.1991099891019985 0.82531069149263192
leaf_count=204 76 18 36 54 9494 148 678 638 40
internal_value=0.00047849 0.00823268 8.63331e-05 8.63331e-05 -0.000164117 -0.00138682 -0.00201623 -0.00425142 -0.000164117
internal_weight=109.258 4.29713 104.961 1.74655 101.634 13.1866 12.0815 6.08673 5.99479
internal_count=11386 148 11238 130 11202 1708 1560 842 718
is_linear=0
shrinkage=0.03


Tree=69
num_leaves=9
num_cat=0
split_feature=11 10 4 1 10 1 9 11
split_gain=0.324194 0.231289 0.60249 0.247131 0.163564 0.142433 0.0345223 0.014906
threshold=98.926172561907251 96.899038461538467 87.257258672699862 0.51613676625331339 69.065865782932903 80.304967836937166 5.2982456140350882 3.8049994344531171
decision_type=2 2 2 2 2 2 2 2
left_child=1 3 5 -1 -2 -3 -5 -8
right_child=4 2 -4 6 -6 -7 7 -9
leaf_value=-0.012805970835932766 0.001602775536532153 -0.00041657633003212629 0.0077169154023785796 -0.0033260481886762407 0.012927244069503879 0.0070182834858613765 -0.0030148827130997216 -0.00041657633003212629
leaf_weight=0.45013665524311264 2.5668462656904003 3.454200371867044 5.6159185462165624 3.1158132306300095 1.704489955678582 2.3925453971605748 2.5571446830872437 87.27838207478635
leaf_count=38 107 302 99 327 41 116 349 10007
internal_value=0.000457199 9.13946e-05 0.00393181 -0.000416576 0.00771692 -0.000416576 -0.000416576 -0.000416576
internal_weight=109.135 104.864 11.4627 93.4015 4.27134 5.84675 92.9513 89.8355
internal_count=11386 11238 517 10721 148 418 10683 10356
is_linear=0
shrinkage=0.03


Tree=70
num_leaves=9
num_cat=0
split_feature=1 9 3 3 1 3 5 5
split_gain=0.182214 0.0567651 0.080151 0.0552918 0.0426093 0.0125705 0.00506785 0.00257128
threshold=43.99007721817825 5.2982456140350882 95.663303620988032 91.449854159231066 80.304967836937166 15.220244208604361 36.46727797852639 83.827187591454518
decision_type=2 2 2 2 2 2 2 2
left_child=1 2 -1 4 -2 -3 -7 -5
right_child=3 5 -4 7 -6 6 -8 -9
leaf_value=-0.009218964388899669 -0.00093413036432718987 -0.0030284809901765194 -0.0013574226466433294 0.0012349800794149383 0.0012349800794149383 -0.0013574226466433294 -0.00093413036432718987 0.0018096229155172901
leaf_weight=1.1205142191611219 19.591700485907495 3.1193427798571056 0.5909422356635331 2.9596579496283075 12.493440081831066 2.5946344239637247 37.49035497137811 29.301300118211657
leaf_count=163 3824 684 11 90 1998 593 3557 451
internal_value=-0.000211297 -0.00165792 -0.0059455 0.000808418 -7.77147e-05 -0.00135742 -0.00115684 0.00166556
internal_weight=109.262 44.9158 1.71146 64.3461 32.0851 43.2043 40.085 32.261
internal_count=11371 5008 174 6363 5822 4834 4150 541
is_linear=0
shrinkage=0.03


Tree=71
num_leaves=13
num_cat=0
split_feature=11 1 5 11 11 9 11 9 5 1 5 9
split_gain=0.536156 0.321037 0.126212 0.177476 0.0715717 0.190794 0.0497934 0.0303042 0.0231058 0.0114156 0.0112599 0.00179394
threshold=10.362070041825335 43.99007721817825 83.377662396457467 97.062419099669214 48.666581327871661 60.544848035581914 65.636681778414086 12.337223067816677 98.663092046470084 80.304967836937166 94.124838199338413 91.945945945945965
decision_type=2 2 2 2 2 2 2 2 2 2 2 2
left_child=7 4 3 9 5 8 -4 -1 -2 -3 -6 -9
right_child=1 2 6 -5 10 -7 -8 11 -10 -11 -12 -13
leaf_value=-0.011489091423002577 -0.0057073254717126595 -0.00066771418751276489 0.0014761222207278694 0.0031213395461876015 -0.00066771418751276489 -0.00066771418751276489 0.0040841066308714563 -0.0057073254717126595 -0.00066771418751276489 0.00029714968977610361 0.00018926816879997127 -0.00066771418751276489
leaf_weight=1.3789785415865461 8.6785620189038983 15.793322705547331 12.415500450879337 1.7080611749552179 13.640018165227959 5.1130589211825272 18.682926978683099 6.1983652812195942 1.0004242886789132 10.514819928910581 13.574093834962694 0.51477537932805706
leaf_count=145 1314 3273 304 116 2204 775 347 886 15 1641 265 86
internal_value=-0.000199088 0.000424261 0.00183638 0.00035164 -0.00155949 -0.00317228 0.00312134 -0.00717852 -0.00570733 -0.000667714 -0.000667714 -0.00570733
internal_weight=109.213 101.121 59.1146 28.0162 42.0062 14.792 31.0984 8.09212 9.67899 26.3081 27.2141 6.71314
internal_count=11371 10254 5681 5030 4573 2104 651 1117 1329 4914 2469 972
is_linear=0
shrinkage=0.03


Tree=72
num_leaves=15
num_cat=0
split_feature=11 1 3 11 11 1 9 3 9 3 11 11 11 5
split_gain=0.340266 0.295252 0.177124 0.38145 0.315275 0.10615 0.0636516 0.0460422 0.0358455 0.0263719 0.0176567 0.0101132 0.00437044 0.000990775
threshold=10.362070041825335 43.99007721817825 96.026483095448626 91.172650878533247 99.517490250858515 56.379045594141282 5.2982456140350882 95.663303620988032 12.337223067816677 89.534022724371269 19.167801810288861 97.345237637591467 64.303487976231011 34.41297316198969
decision_type=2 2 2 2 2 2 2 2 2 2 2 2 2 2
left_child=8 6 4 -4 5 12 7 -2 -1 10 13 -12 -3 -7
right_child=1 2 3 -5 -6 9 -8 -9 -10 -11 11 -13 -14 -15
leaf_value=-0.0097372085392402989 -0.0057668393612778715 -0.00154203327952265 0.0011556276629879941 0.011156722976834366 0.011156722976834366 -0.00154203327952265 -0.00154203327952265 -0.00154203327952265 -0.0037979932327927598 0.0011556276629879941 6.1250074446718563e-05 0.0011556276629879941 6.1250074446718563e-05 6.1250074446718563e-05
leaf_weight=1.2969192788004864 1.0344696976244439 4.8972975821234268 11.114011582918463 4.1508667916059485 0.7416177405975749 0.74818076100200659 40.309750220039859 0.58590483758598555 6.5610057356534526 14.105020581278948 17.863303435733545 0.97532198089174826 3.8488731207326055 0.76113762962631881
leaf_count=145 144 846 165 33 22 163 4419 10 972 295 3530 76 391 160
internal_value=-0.000127516 0.000362814 0.00171505 0.00439389 0.000707372 0.00019055 -0.00154203 -0.00576684 -0.00576684 0.0010083 5.54405e-05 0.000372895 -0.00154203 -0.00154203
internal_weight=108.994 101.136 59.2056 15.2649 43.9408 43.1991 41.9301 1.62037 7.85793 34.453 20.3479 18.8386 8.74617 1.50932
internal_count=11371 10254 5681 198 5483 5461 4573 154 1117 4224 3929 3606 1237 323
is_linear=0
shrinkage=0.03


Tree=73
num_leaves=15
num_cat=0
split_feature=11 1 3 9 5 11 11 11 9 3 11 11 1 9
split_gain=0.274047 0.23643 0.195591 0.0709719 0.0749721 0.067746 0.0349933 0.034807 0.190166 0.080518 0.0149396 0.0414264 0.0129848 0.0936609
threshold=10.362070041825335 45.180694908955786 91.449854159231066 5.2982456140350882 35.627994654122929 74.010526535641944 11.801737782228109 67.754431952379989 11.180555555555557 96.791420911528164 72.053508150248078 91.449854159231066 89.534022724371269 12.337223067816677
decision_type=2 2 2 2 2 2 2 2 2 2 2 2 2 2
left_child=12 3 10 -2 5 -5 -6 9 -9 -4 -3 -8 13 -1
right_child=1 2 7 4 6 -7 11 8 -10 -11 -12 -13 -14 -15
leaf_value=-0.013141592069891019 -0.0052260611529260223 -0.00029994303306377768 -0.00023001170754697762 -0.0052260611529260223 -0.0048891718210930237 -0.0005011433175303796 -0.0005011433175303796 0.0017566036003484914 0.0060915474833094299 0.0017566036003484914 0.00080233040695837691 0.00080233040695837691 -0.0015799971190700443 -0.0052260611529260223
leaf_weight=0.83001749659888346 1.6352284715976555 18.437848504632715 6.9755441576708126 3.699835901730693 0.57139934063888986 1.1465887292288242 26.6745375423925 3.9373142537660923 13.542295325314624 5.2374373860657215 10.25992003129795 9.0872813304886204 1.7037919880822299 5.1948967061471194
leaf_count=113 159 3657 145 860 41 227 3005 45 184 82 1448 401 195 809
internal_value=-0.000124761 0.000312129 0.0015427 -0.00136302 -0.00102326 -0.0041823 -0.000501143 0.00320769 0.00407165 0.0017566 -0.000230012 -0.000299943 -0.00522606 -0.00588545
internal_weight=108.934 101.205 58.3904 42.8149 41.1796 4.84642 36.3332 29.6926 17.4796 12.213 28.6978 35.7618 7.72871 6.02491
internal_count=11371 10254 5561 4693 4534 1087 3447 456 229 227 5105 3406 1117 922
is_linear=0
shrinkage=0.03


Tree=74
num_leaves=6
num_cat=0
split_feature=1 4 3 5 0
split_gain=0.0873844 0.241493 0.0508679 0.0458378 0.0147899
threshold=43.99007721817825 87.257258672699862 89.534022724371269 83.827187591454518 43.726570048309185
decision_type=2 2 2 2 2
left_child=1 4 -2 -4 -1
right_child=2 -3 3 -5 -6
leaf_value=-0.0044776643487434448 0.00058976443390883508 0.00058976443390883508 0.00058976443390883508 0.002219538512664934 -0.0024124644721397427
leaf_weight=6.053697782102982 29.130774703691714 18.734240617137402 3.7087646250147364 32.029148610308766 19.267749165068381
leaf_count=1365 5705 1026 142 516 2617
internal_value=-0.000107659 -0.00112486 0.000589764 0.00171031 -0.00305756
internal_weight=108.924 44.0557 64.8687 35.7379 25.3214
internal_count=11371 5008 6363 658 3982
is_linear=0
shrinkage=0.03


Tree=75
num_leaves=6
num_cat=0
split_feature=0 1 11 1 1
split_gain=0.176904 0.0240345 0.104423 0.0129053 0.000965988
threshold=99.749677306164401 99.018403430168163 76.91391941391943 0.96269694161260444 45.180694908955786
decision_type=2 2 2 2 2
left_child=1 3 -3 -1 -5
right_child=-2 2 -4 4 -6
leaf_value=-0.0037502663792402607 0.0058343182615658148 -0.0011325852675393407 0.0058343182615658148 -0.0013724628596066071 -0.0011325852675393407
leaf_weight=0.88222387596033414 2.4756289913784704 1.5558408477809273 1.1975415835622696 42.468944323481992 61.70800275367219
leaf_count=75 43 88 37 4992 6127
internal_value=-0.00085089 -0.00105661 0.00137185 -0.00113259 -0.00113259
internal_weight=110.288 107.813 2.75338 105.059 104.177
internal_count=11362 11319 125 11194 11119
is_linear=0
shrinkage=0.03


Tree=76
num_leaves=3
num_cat=0
split_feature=0 11
split_gain=0.104332 0.00495062
threshold=99.749677306164401 16.68714168714169
decision_type=2 2
left_child=1 -1
right_child=-2 -3
leaf_value=-0.0016410086425854525 0.0041797449390979374 -0.00096447353654805694
leaf_weight=12.937288255663587 2.5623984877020112 94.814086431404576
leaf_count=1738 43 9581
internal_value=-0.000901878 -0.00106005
internal_weight=110.314 107.751
internal_count=11362 11319
is_linear=0
shrinkage=0.03


Tree=77
num_leaves=11
num_cat=0
split_feature=0 1 11 1 1 11 11 1 11 11
split_gain=0.0751613 0.0191398 0.0115041 0.0953056 0.0244848 0.0504371 0.0349192 0.00771911 0.0209205 0.000470454
threshold=99.749677306164401 45.180694908955786 67.754431952379989 69.767602255007816 94.124838199338413 97.62187535346682 76.91391941391943 0.96269694161260444 13.425278669941433 91.449854159231066
decision_type=2 2 2 2 2 2 2 2 2 2
left_child=1 7 3 -3 5 -4 -6 -1 -9 -10
right_child=-2 2 4 -5 6 -7 -8 8 9 -11
leaf_value=-0.0037432684779419526 0.0034095692315524446 -0.0015231934381001436 -0.00023529291922772411 -0.00023529291922772411 -0.00023529291922772411 0.0016795189749281324 0.0031378710574945677 -0.0037020383195098816 -0.0015231934381001436 -0.00048307758197415983
leaf_weight=0.88026402378454705 2.5776017757598302 14.217656094231641 20.901721901493158 21.269763478194363 1.3167827122379083 3.0504856521729371 3.7084932341240346 3.6124710659496477 30.284753909567371 8.4710319964215142
leaf_count=75 43 1994 1520 2422 63 95 158 586 3904 502
internal_value=-0.000902416 -0.00103602 -0.000690902 -0.00104629 -0.000235293 -0.000235293 0.00167952 -0.00152319 -0.00152319 -0.00152319
internal_weight=110.291 107.713 64.4649 35.4874 28.9775 23.9522 5.02528 43.2485 42.3683 38.7558
internal_count=11362 11319 6252 4416 1836 1615 221 5067 4992 4406
is_linear=0
shrinkage=0.03


Tree=78
num_leaves=7
num_cat=0
split_feature=0 1 3 3 1 1
split_gain=0.0295138 0.0180622 0.205789 0.0956064 0.0692287 0.0167345
threshold=99.749677306164401 45.180694908955786 96.026483095448626 25.285011011789095 77.566767488255365 99.749677306164401
decision_type=2 2 2 2 2 2
left_child=1 3 5 -1 -4 -3
right_child=-2 2 4 -5 -6 -7
leaf_value=-0.0051584115170366434 0.0018208726579686031 -0.0014391454550884842 -0.001004930133227883 -0.0014391454550884842 0.0018208726579686031 0.0018208726579686031
leaf_weight=5.370079463813453 2.6380406476091585 46.95272453641519 7.4527209447696832 37.768970439909026 9.6125765871256572 0.43633046955801447
leaf_count=1179 43 5974 113 3888 132 33
internal_value=-0.000883348 -0.000965809 -0.000631861 -0.00143915 0.00182087 -0.00143915
internal_weight=110.231 107.593 64.4544 43.139 17.0653 47.3891
internal_count=11362 11319 6252 5067 245 6007
is_linear=0
shrinkage=0.03


Tree=79
num_leaves=11
num_cat=0
split_feature=1 11 0 1 3 1 3 11 1 0
split_gain=0.0370082 0.0235167 0.266486 0.126951 0.0452157 0.0363456 0.427132 0.030322 0.0185032 0.00845088
threshold=0.51613676625331339 65.636681778414086 99.749677306164401 69.767602255007816 21.66456759026029 94.124838199338413 96.026483095448626 2.4112535934623218 3.6897175419602868 25.717719780219781
decision_type=2 2 2 2 2 2 2 2 2 2
left_child=-1 3 5 4 -2 8 -7 -6 -3 -9
right_child=1 2 -4 -5 7 6 -8 9 -10 -11
leaf_value=-0.0054942950269372525 -0.0051210087956155342 -0.0017718079351738516 0.0091118198949455258 -0.00078449506106194463 -0.0051210087956155342 -0.00078449506106194463 0.0091118198949455258 -0.0036726384433287919 -0.00078449506106194463 -0.0017718079351738516
leaf_weight=0.56109610665589471 5.0622608066769308 2.530778359854593 1.570319281425326 20.733910209033638 0.65451179281809047 3.139472540235146 2.0486894510686398 1.9738790154224322 43.603278627851978 28.250513176317327
leaf_count=42 1174 158 17 2380 104 206 22 442 3206 3611
internal_value=-0.000864477 -0.000791291 -0.000327063 -0.00121135 -0.00262679 -0.000784495 0.00153618 -0.00207008 -0.000784495 -0.00177181
internal_weight=110.129 109.568 52.8925 56.6751 35.9412 51.3222 5.18816 30.8789 46.1341 30.2244
internal_count=11362 11320 3609 7711 5331 3592 228 4157 3364 4053
is_linear=0
shrinkage=0.03


Tree=80
num_leaves=10
num_cat=0
split_feature=9 10 1 11 1 10 1 1 1
split_gain=0.138439 0.21176 0.1959 0.0321986 0.0402759 0.00650064 0.105366 0.0869819 0.0352423
threshold=5.2982456140350882 59.169301523426277 83.827187591454518 98.55247075257553 60.345036907536915 50.333333333333343 19.240205658618724 99.018403430168163 8.4744494770201726
decision_type=2 2 2 2 2 2 2 2 2
left_child=1 -1 -3 5 -5 6 -2 8 -7
right_child=3 2 -4 4 -6 7 -8 -9 -10
leaf_value=-0.011173503850003886 -0.0042459090449919667 -0.0088691608146584718 -0.00075889443700807619 -0.00075889443700807619 0.0035770450844380608 -0.0029042603390046773 -0.00075889443700807619 0.0035770450844380608 -0.00075889443700807619
leaf_weight=1.9828945326153178 7.5040044608758754 1.7693987959064545 0.92360707512125362 2.4712598151527336 2.5307207447476685 6.19724857865367 35.92509968241211 1.4952342519536603 48.313957269187085
leaf_count=225 1061 144 49 107 60 452 4736 55 4520
internal_value=-0.00101472 -0.00558825 -0.000758894 -0.000758894 0.00146015 -0.000758894 -0.00118316 -0.000758894 -0.000758894
internal_weight=109.113 4.6759 2.69301 104.438 5.00198 99.4355 43.4291 56.0064 54.5112
internal_count=11409 418 193 10991 167 10824 5797 5027 4972
is_linear=0
shrinkage=0.03


Tree=81
num_leaves=9
num_cat=0
split_feature=9 1 10 11 3 10 1 1
split_gain=0.056532 0.202177 0.0450872 0.0150003 0.292711 0.00180879 0.0791197 0.0311265
threshold=5.2982456140350882 55.597085840988292 59.169301523426277 98.55247075257553 91.449854159231066 50.333333333333343 19.240205658618724 8.4744494770201726
decision_type=2 2 2 2 2 2 2 2
left_child=1 -1 -3 5 -5 6 -2 -7
right_child=3 2 -4 4 -6 7 -8 -9
leaf_value=-0.0097957580394643379 -0.0037834854026161926 -0.0065382057826431257 -0.00080475323795971417 -0.00080475323795971417 0.0075268521403876396 -0.0028102127145442695 -0.00080475323795971417 -0.00080475323795971417
leaf_weight=1.9335381233831856 7.4351342340232796 1.0622335164807739 1.5478498437441883 2.0582924499176434 3.0082489252090454 6.1911767385900012 35.90248571394477 49.878051589825191
leaf_count=217 1061 97 104 144 23 452 4736 4575
internal_value=-0.00097011 -0.00394121 -0.000804753 -0.000804753 0.000722374 -0.000804753 -0.00106437 -0.000804753
internal_weight=109.017 4.54362 2.61008 104.473 5.06654 99.4068 43.3376 56.0692
internal_count=11409 418 201 10991 167 10824 5797 5027
is_linear=0
shrinkage=0.03


Tree=82
num_leaves=8
num_cat=0
split_feature=9 1 10 11 1 1 1
split_gain=0.047136 0.194447 0.0378563 0.012122 0.0390578 0.00118945 0.00101073
threshold=5.2982456140350882 55.597085840988292 59.169301523426277 98.55247075257553 60.345036907536915 0.51613676625331339 99.018403430168163
decision_type=2 2 2 2 2 2 2
left_child=1 -1 -3 5 -5 -2 -7
right_child=3 2 -4 4 -6 6 -8
leaf_value=-0.0095650766451884101 -0.0020144207274094827 -0.0063315934659401588 -0.00078628160540859088 -0.00078628160540859088 0.0028656001474842126 -0.00078628160540859088 -9.0715930233462499e-05
leaf_weight=1.8697293261066068 0.49596072267740865 1.0624968775082382 1.5464473071042446 2.4829129083082071 2.5465982556343079 96.285776411299594 2.6601317941676816
leaf_count=217 42 97 104 107 60 10668 114
internal_value=-0.000937096 -0.00366942 -0.000786282 -0.000786282 0.000596447 -0.000786282 -0.000786282
internal_weight=108.95 4.47867 2.60894 104.471 5.02951 99.4419 98.9459
internal_count=11409 418 201 10991 167 10824 10782
is_linear=0
shrinkage=0.03


Tree=83
num_leaves=9
num_cat=0
split_feature=11 1 4 1 1 10 5 1
split_gain=0.0181131 0.0409944 0.0250776 0.0980709 0.0663238 0.0528132 0.022552 0.00904086
threshold=98.55247075257553 60.345036907536915 12.87371029328134 99.018403430168163 80.304967836937166 45.867486338797818 97.12912087912089 9.6894559460760732
decision_type=2 2 2 2 2 2 2 2
left_child=2 6 4 7 5 -1 -2 -4
right_child=1 -3 3 -5 -6 -7 -8 -9
leaf_value=-0.0080584566979189452 -0.001046480243220246 0.0029191463561649982 -0.0014207716011959651 0.0029191463561649982 -0.001046480243220246 -0.0014207716011959651 0.0022598210207730209 -0.001046480243220246
leaf_weight=1.6937763092573712 1.3688340187072747 2.5792838898487389 10.919693008880129 2.1540591344237319 4.7343102041631937 2.6948227358516306 1.1338841393589971 81.582564511802047
leaf_count=331 100 62 1046 68 606 484 11 8701
internal_value=-0.000956738 0.000687203 -0.00104303 -0.00104303 -0.00257177 -0.00500263 -0.00104303 -0.00104648
internal_weight=108.861 5.082 103.779 94.6563 9.12291 4.3886 2.50272 92.5023
internal_count=11409 173 11236 9815 1421 815 111 9747
is_linear=0
shrinkage=0.03


Tree=84
num_leaves=10
num_cat=0
split_feature=9 10 11 11 3 11 10 5 10
split_gain=0.0417445 0.122673 0.0176108 0.0143557 0.0273079 0.172868 0.0664807 0.0122557 0.0487931
threshold=5.2982456140350882 59.169301523426277 20.551206719772857 6.9050663743758376 88.034170195002687 98.55247075257553 97.259759759759774 83.827187591454518 52.041666666666679
decision_type=2 2 2 2 2 2 2 2 2
left_child=1 -1 -3 -2 -5 6 7 -6 -9
right_child=3 2 -4 4 5 -7 -8 8 -10
leaf_value=-0.0082330367360313409 -0.002333066907082891 -0.0049986390711083189 -0.00083362226791312095 -0.00083362226791312095 -0.00083362226791312095 0.0056645985707713658 0.0021671487342133982 -0.00083362226791312095 0.00067123655258294367
leaf_weight=1.7685480810469005 4.6708306163782245 0.63795335544273291 1.9798225450795142 45.301364099024795 2.5752781932242206 3.2628655857406548 5.9890090997796497 17.996928369859233 24.638227911898866
leaf_count=225 671 69 124 9109 176 30 69 512 424
internal_value=-0.000975671 -0.00357506 -0.000833622 -0.000833622 -0.000740963 -0.000147139 -0.000618935 -0.000833622 -0.000278398
internal_weight=108.821 4.38632 2.61778 104.435 99.7637 54.4623 51.1994 45.2104 42.6352
internal_count=11409 418 193 10991 10320 1211 1181 1112 936
is_linear=0
shrinkage=0.03


Tree=85
num_leaves=9
num_cat=0
split_feature=3 10 1 10 10 4 0 0
split_gain=0.154383 0.0933982 0.192643 0.229903 0.0226643 0.0521038 0.00714404 0.00438654
threshold=89.92536158783011 97.259759759759774 43.99007721817825 55.63492063492064 19.859154929577468 12.87371029328134 89.550466196334256 95.663303620988032
decision_type=2 2 2 2 2 2 2 2
left_child=4 2 7 -4 5 -1 -7 -2
right_child=1 -3 3 -5 -6 6 -8 -9
leaf_value=-0.0058795578378208809 -0.00041681004984492104 0.0044115251162919495 -6.2676209777058444e-05 0.0044115251162919495 -0.00041681004984492104 -0.0013703437541961799 -0.00041681004984492104 -6.2676209777058444e-05
leaf_weight=1.2612294091377387 8.9944116168189847 9.4893155884928984 14.909072790294887 16.088582704309374 42.929106096969917 6.4386832823511213 0.70740082790143777 9.9062093461398018
leaf_count=252 299 99 334 244 8535 1354 113 189
internal_value=0.000785351 0.00181423 0.00124332 0.00271495 -0.00041681 -0.00189558 -0.000556994 -0.00041681
internal_weight=110.724 59.3876 49.8983 30.9977 51.3364 8.40731 7.14608 18.9006
internal_count=11419 1165 1066 578 10254 1719 1467 488
is_linear=0
shrinkage=0.03


Tree=86
num_leaves=14
num_cat=0
split_feature=3 11 10 0 11 11 11 10 4 10 0 11 4
split_gain=0.101029 0.239558 0.150022 0.152316 0.104771 0.0576725 0.0278059 0.0189098 0.0542351 0.0141472 0.00982357 0.00576697 0.0068032
threshold=89.92536158783011 97.91681291681293 56.079083518107915 96.791420911528164 79.384436701509884 91.172650878533247 17.662014602313114 19.859154929577468 12.87371029328134 74.305019305019314 72.623886953155264 12.684746996723701 66.180022733731178
decision_type=2 2 2 2 2 2 2 2 2 2 2 2 2
left_child=7 2 5 6 -5 -2 -4 8 -1 -8 -11 12 -10
right_child=1 -3 3 4 -6 -7 9 -9 11 10 -12 -13 -14
leaf_value=-0.0055812927636938858 -0.00017131662774540115 0.0077787189782168101 -0.00017131662774540115 0.0018782060479465715 0.0077787189782168101 0.00097310027497578885 0.00097310027497578885 -0.00017131662774540115 -0.0029437980908767589 0.00097310027497578885 0.0018782060479465715 -0.00017131662774540115 -0.00017131662774540115
leaf_weight=1.2508911425247768 14.188970899209382 4.2476079761981955 3.6980716090183803 5.3569794511422497 4.3547708988189697 5.6656835614703587 6.175806098617616 42.706080625182949 0.48078492900822301 3.7818304772954425 11.95417635864578 6.4286955994321033 0.21063621458597481
leaf_count=252 503 35 86 74 41 76 110 8535 117 64 176 1303 47
internal_value=0.000807682 0.00163808 0.0010353 0.00227203 0.00528668 -0.000171317 0.0009731 -0.000171317 -0.00152011 0.00144566 0.00187821 -0.000207152 -0.00192976
internal_weight=110.501 59.4239 55.1763 35.3216 9.71175 19.8547 25.6099 51.0771 8.37101 21.9118 15.736 7.12012 0.691421
internal_count=11419 1165 1130 551 115 579 436 10254 1719 350 240 1467 164
is_linear=0
shrinkage=0.03


Tree=87
num_leaves=10
num_cat=0
split_feature=10 5 1 10 11 11 11 1 11
split_gain=0.085341 0.178736 0.268622 0.289309 0.134323 0.0410413 0.030008 0.0435275 0.0204173
threshold=55.63492063492064 79.898070339246829 77.965836395807827 91.607981220657294 59.145489290094417 71.02361917278138 89.06069651741295 19.240205658618724 99.066606929510172
decision_type=2 2 2 2 2 2 2 2 2
left_child=6 8 4 5 -3 -4 7 -1 -2
right_child=1 2 3 -5 -6 -7 -8 -9 -10
leaf_value=-0.0032114499149043445 -0.00010727241377433988 -0.00010727241377433988 0.0022534457644529065 0.012264805430723691 0.0022534457644529065 0.0052878101277742473 -0.00010727241377433988 -0.00048146968216622373 0.0022534457644529065
leaf_weight=5.3753896531416094 19.404797537717993 10.93499169289135 3.3067370438948256 3.8382029887288809 18.146446939790621 3.5632100894581527 12.112625920912249 33.08176123292651 0.57842780533246596
leaf_count=1038 3679 463 71 46 439 61 724 4872 26
internal_value=0.000801173 0.00155887 0.00273526 0.00658295 0.00114676 0.00225345 -0.000107272 -0.000934776 -0.000107272
internal_weight=110.343 59.7728 39.7896 10.7082 29.0814 6.86995 50.5698 38.4572 19.9832
internal_count=11419 4785 1080 178 902 132 6634 5910 3705
is_linear=0
shrinkage=0.03


Tree=88
num_leaves=9
num_cat=0
split_feature=3 10 1 0 0 10 0 0
split_gain=0.0874238 0.072682 0.197778 0.382552 0.187931 0.0206401 0.0269849 9.21182e-05
threshold=89.92536158783011 55.63492063492064 77.965836395807827 73.399104555588636 99.463086280953632 19.859154929577468 89.550466196334256 37.29687441088867
decision_type=2 2 2 2 2 2 2 2
left_child=5 -2 4 -4 -3 6 7 -1
right_child=1 2 3 -5 -6 -7 -8 -9
leaf_value=-0.0026460184933158075 0.00016865745016487758 0.00016865745016487758 0.00087650860262961322 0.0095305580654164272 0.0066182947944312242 0.00016865745016487758 0.00016865745016487758 -0.0013149245864111003
leaf_weight=3.47896844986826 21.344312341650948 23.307551418663941 4.0186323826201242 7.1302721407264471 3.4004516801796845 42.687699074507691 0.70209356257691968 4.1678291832795367
leaf_count=728 589 393 68 80 35 8535 113 878
internal_value=0.00080891 0.00158333 0.00235608 0.0055366 0.000876509 -0.000102566 -0.00138037 -0.00215649
internal_weight=110.238 59.2012 37.8569 11.1489 26.708 51.0366 8.34889 7.6468
internal_count=11419 1165 576 148 428 10254 1719 1606
is_linear=0
shrinkage=0.03


Tree=89
num_leaves=7
num_cat=0
split_feature=11 3 10 11 3 11
split_gain=0.0611891 0.414551 0.0400984 0.0449494 0.0781681 0.0284535
threshold=97.91681291681293 95.663303620988032 56.079083518107915 89.06069651741295 96.791420911528164 10.719073152049026
decision_type=2 2 2 2 2 2
left_child=2 -2 3 -1 -5 -4
right_child=1 -3 5 4 -6 -7
leaf_value=-0.00075574458184802813 0.00064201972560081963 0.012188968830835437 -0.00075574458184802813 -0.00075574458184802813 0.00064201972560081963 0.00064201972560081963
leaf_weight=38.599562767776661 4.3302380768582216 2.249959371984005 5.0964703399222335 6.1895273341797274 2.7722530141472816 50.804598496411927
leaf_count=5936 225 18 505 564 24 4147
internal_value=0.000839561 0.00345112 0.00064202 -0.000224953 0.00064202 0.00064202
internal_weight=110.043 6.5802 103.462 47.5613 8.96178 55.9011
internal_count=11419 243 11176 6524 588 4652
is_linear=0
shrinkage=0.03


Tree=90
num_leaves=13
num_cat=0
split_feature=4 5 4 10 11 9 11 11 4 9 9 10
split_gain=0.0660326 0.0734928 0.114442 0.0477307 0.0142771 0.043612 0.0297015 0.0130665 0.00444016 0.00809081 0.00639109 0.000360515
threshold=12.467187984429366 87.257258672699862 83.066649598907674 4.8003072196620593 12.684746996723701 5.2982456140350882 83.638762293115875 76.91391941391943 58.757332510033969 94.630630630630648 23.570261437908499 97.259759759759774
decision_type=2 2 2 2 2 2 2 2 2 2 2 2
left_child=3 2 8 -1 -3 -6 -7 11 9 -2 -10 -5
right_child=1 4 -4 7 5 6 -8 -9 10 -11 -12 -13
leaf_value=-0.0085286441369072635 -0.0022037113356740178 0.00013192652313941485 0.00013192652313941485 -0.0039811230263786862 0.00013192652313941485 0.00052176538285913707 0.0020725488852282171 -0.0022037113356740178 -0.0022037113356740178 -0.0014189877176160196 -0.00090961711830208106 -0.0022037113356740178
leaf_weight=0.43787735607474587 25.649764874251563 4.2561811082996419 6.2903332440182558 5.9518962367437762 2.2397255466785273 27.512772333575413 18.795598071999848 2.5133650444913656 2.7551733161089915 2.0154894588049492 10.620617792010306 0.43623593659140159
leaf_count=59 4802 207 1026 1053 56 809 370 237 488 361 1942 79
internal_value=-0.000882258 -0.000639377 -0.00148479 -0.0031727 0.000131927 0.000641518 0.0011817 -0.00220371 -0.00220371 -0.00220371 -0.00141899 -0.00371084
internal_weight=109.475 100.136 47.3314 9.33937 52.8043 48.5481 46.3084 8.9015 41.041 27.6653 13.3758 6.38813
internal_count=11489 10061 8619 1428 1442 1235 1179 1369 7593 5163 2430 1132
is_linear=0
shrinkage=0.03


Tree=91
num_leaves=10
num_cat=0
split_feature=4 9 5 4 0 9 9 0 9
split_gain=0.0425108 0.0504537 0.0876067 0.12202 0.0119385 0.00549157 0.00294803 0.00037437 8.5537e-05
threshold=12.87371029328134 2.0204081632653064 87.257258672699862 83.066649598907674 88.807746979388796 86.093530239099877 96.091163738222576 99.749677306164401 58.012345679012348
decision_type=2 2 2 2 2 2 2 2 2
left_child=5 -2 3 4 8 -1 7 -4 -3
right_child=1 2 6 -5 -6 -7 -8 -9 -10
leaf_value=-0.0033441317570405324 -0.0026379391567433737 -0.0024580867441025508 0.00035470527709603381 0.00035470527709603381 0.00035470527709603381 -0.0022096220877368847 0.00130457071873075 0.00082315223836413427 -0.0017741821259737011
leaf_weight=8.1216426349710584 0.61235619965009291 22.523488751845434 48.721834925934672 6.2562300197314462 0.30115574831142922 1.3208367656916369 2.0801473071333012 2.0558506711386135 17.497102572699077
leaf_count=1236 68 4234 1352 1020 53 236 46 35 3209
internal_value=-0.000807579 -0.000610434 -0.000479876 -0.00141453 -0.00214825 -0.00263794 0.000354705 0.000354705 -0.00220962
internal_weight=109.491 100.048 99.4358 46.578 40.3217 9.44248 52.8578 50.7777 40.0206
internal_count=11489 10017 9949 8516 7496 1472 1433 1387 7443
is_linear=0
shrinkage=0.03


Tree=92
num_leaves=8
num_cat=0
split_feature=4 11 5 11 9 11 9
split_gain=0.0385794 0.0569589 0.0202638 0.0520722 0.0761214 0.0355939 0.0181651
threshold=12.87371029328134 98.55247075257553 87.257258672699862 12.684746996723701 5.2982456140350882 83.638762293115875 86.093530239099877
decision_type=2 2 2 2 2 2 2
left_child=1 6 -2 -4 -5 -6 -1
right_child=2 -3 3 4 5 -7 -8
leaf_value=-0.0041147452903255452 -0.00061066014109822724 -0.00061066014109822724 -0.00061066014109822724 -0.00061066014109822724 0.00036166512594449485 0.0020419188454805504 -0.00061066014109822724
leaf_weight=7.7436118200421298 46.840912215644494 0.52229101257398802 4.3259140471927813 2.2166826608590773 27.656934663653374 18.903585966443643 1.1504951110109685
leaf_count=1223 8576 17 207 56 808 370 232
internal_value=-0.000798831 -0.00254568 -0.00061066 -2.41629e-05 0.000539496 0.00107244 -0.00363734
internal_weight=109.36 9.4164 99.944 53.1031 48.7772 46.5605 8.89411
internal_count=11489 1472 10017 1441 1234 1178 1455
is_linear=0
shrinkage=0.03


Tree=93
num_leaves=8
num_cat=0
split_feature=9 4 9 5 5 4 5
split_gain=0.0370781 0.0351198 0.20392 0.211502 0.0578905 0.0339452 0.0045529
threshold=2.7212143650499816 76.805797101449286 95.904389152921439 96.389886468952753 87.641432329578848 18.427851354680627 84.568202773418676
decision_type=2 2 2 2 2 2 2
left_child=-1 4 6 -4 -2 -6 -3
right_child=1 2 3 -5 5 -7 -8
leaf_value=-0.0046151444413319543 -0.0018422682637666112 -0.0012978842099404665 -0.00057630516598897175 0.013242319242670055 -0.0018422682637666112 -0.00057630516598897175 -0.00057630516598897175
leaf_weight=1.246208342257886 44.474239543429576 7.5076553146354845 1.1649938807822757 1.0285957232117651 1.9302632689941699 15.823304031509904 36.049346341518685
leaf_count=179 8274 1338 125 8 48 392 1125
internal_value=-0.000773118 -0.000686834 -5.25421e-05 0.00727146 -0.00114497 -0.000576305 -0.000576305
internal_weight=109.225 107.978 45.7506 2.19359 62.2278 17.7536 43.557
internal_count=11489 11310 2596 133 8714 440 2463
is_linear=0
shrinkage=0.03


Tree=94
num_leaves=9
num_cat=0
split_feature=4 11 5 11 4 5 11 11
split_gain=0.0156859 0.13184 0.0798919 0.0652622 0.0154401 0.00116219 0.00421135 0.000170898
threshold=76.805797101449286 16.68714168714169 87.641432329578848 98.247741143150762 71.266310050273916 84.568202773418676 10.719073152049026 84.005420054200556
decision_type=2 2 2 2 2 2 2 2
left_child=1 4 3 -3 -1 -2 -7 -8
right_child=5 2 -4 -5 -6 6 7 -9
leaf_value=-0.0049285527642502934 -0.00034468126619728866 -0.0022056101752071914 -0.00034468126619728866 -0.00034468126619728866 -0.0022056101752071914 -0.00034468126619728866 -2.9998270083106145e-05 9.8921456298071712e-05
leaf_weight=7.5084095888305438 8.093726006569339 37.232061698683538 15.736555440118535 1.7409569115843613 0.76788669708184887 2.1018220051191738 20.776395023800433 15.210686651524155
leaf_count=1285 1449 7004 349 112 107 128 707 348
internal_value=-0.00077531 -0.00108073 -0.00051005 -0.0017011 -0.00439152 -0.000344681 -0.00017206 2.56936e-05
internal_weight=109.169 62.9859 54.7096 38.973 8.2763 46.1826 38.0889 35.9871
internal_count=11489 8857 7465 7116 1392 2632 1183 1055
is_linear=0
shrinkage=0.03


Tree=95
num_leaves=6
num_cat=0
split_feature=1 10 11 9 11
split_gain=0.0553283 0.903933 0.10636 0.0618476 0.0882468
threshold=89.534022724371269 97.801932367149774 97.062419099669214 7.5235849056603783 93.274400330851961
decision_type=2 2 2 2 2
left_child=3 2 -2 4 -1
right_child=1 -3 -4 -5 -6
leaf_value=-0.0045432837548201148 -0.00022534526483265603 0.016511817371563011 0.0066474294682074327 -0.00022534526483265603 -0.00022534526483265603
leaf_weight=6.2507063683588049 12.380846403073521 2.1150644742883733 1.6008598546031851 84.012841528281569 0.8764050188474356
leaf_count=496 1113 67 37 9580 44
internal_value=6.61055e-05 0.00163296 -0.000225345 -0.000225345 -0.0028436
internal_weight=107.237 16.0968 13.9817 91.14 7.12711
internal_count=11337 1217 1150 10120 540
is_linear=0
shrinkage=0.03


Tree=96
num_leaves=13
num_cat=0
split_feature=0 11 11 4 4 5 10 4 5 5 5 5
split_gain=0.0206892 0.0337962 0.024269 0.0655725 0.00862267 0.00835047 0.00357001 0.0528498 0.0397509 0.000823582 0.000338301 2.88624e-05
threshold=99.749677306164401 99.277977293790556 5.548862115127176 53.63966797614232 0.96269694161260444 94.525586353944576 55.63492063492064 71.266310050273916 93.766585717805242 91.095053290083413 51.222501195600195 42.027150981471301
decision_type=2 2 2 2 2 2 2 2 2 2 2 2
left_child=1 2 3 -1 -4 -5 9 8 -8 -6 11 -9
right_child=-2 -3 4 5 6 -7 7 10 -10 -11 -12 -13
leaf_value=-0.0055977547206854704 0.0023234084118910468 0.0023234084118910468 -0.0022365648990670044 -0.0024122264328912345 -0.00036487416103113672 1.0692587794094473e-05 1.0692587794094473e-05 1.0692587794094473e-05 0.0013385466876642887 1.0692587794094473e-05 0.0013627782670722016 0.0013385466876642887
leaf_weight=1.6357131242984899 2.4757781443186095 2.0117755429819217 0.5608585539739569 1.3708673631772392 31.010151335736737 0.59325489541515719 21.434424261096868 0.58565918821842089 4.0667895691003642 14.298523739213122 26.849805872188881 0.36342002148739994
leaf_count=337 42 78 72 208 5693 27 3007 109 69 453 1168 74
internal_value=4.62611e-05 -2.89991e-05 -0.000123272 -0.00225355 -2.42178e-05 -2.42178e-05 1.06926e-05 0.000253948 1.06926e-05 1.06926e-05 0.00133855 0.00030555
internal_weight=107.257 104.781 102.769 3.59984 99.1696 1.96412 98.6088 53.3001 25.5012 45.3087 27.7989 0.949079
internal_count=11337 11295 11217 572 10645 235 10573 4427 3076 6146 1351 183
is_linear=0
shrinkage=0.03


Tree=97
num_leaves=7
num_cat=0
split_feature=1 10 11 4 5 1
split_gain=0.054876 0.810524 0.15346 0.0397495 0.143027 0.100455
threshold=89.534022724371269 97.801932367149774 97.062419099669214 49.612392748639543 91.095053290083413 85.326728217105185
decision_type=2 2 2 2 2 2
left_child=3 2 -2 4 5 -1
right_child=1 -3 -4 -5 -6 -7
leaf_value=-0.003612738400012768 -0.00024579305528230544 0.015541270901917878 0.0075160936148242702 -0.00024579305528230544 -0.00024579305528230544 -0.00024579305528230544
leaf_weight=21.501995992497548 12.381212396314369 2.1622883917298159 1.648671640548854 62.740389932994731 4.7876597940921775 2.072904903208836
leaf_count=4297 1113 67 37 5386 115 322
internal_value=4.50546e-05 0.00160058 -0.000245793 -0.000245793 -0.00135052 -0.00283398
internal_weight=107.295 16.1922 14.0299 91.103 28.3626 23.5749
internal_count=11337 1217 1150 10120 4734 4619
is_linear=0
shrinkage=0.03


Tree=98
num_leaves=8
num_cat=0
split_feature=1 10 9 5 1 5 10
split_gain=0.0747716 1.0819 0.0358741 0.0552199 0.086782 0.00857127 0.000786748
threshold=89.534022724371269 97.801932367149774 7.5235849056603783 97.12912087912089 27.692125237191657 84.953329361364112 91.366459627329206
decision_type=2 2 2 2 2 2 2
left_child=2 6 3 4 -1 -4 -2
right_child=1 -3 5 -5 -6 -7 -8
leaf_value=-0.0084909257076258102 -0.00027506968004326532 0.017111942642975744 -0.00060806206029832399 -0.00027506968004326532 -0.00060806206029832399 -0.00027506968004326532 0.003453442408603923
leaf_weight=1.3683943019714195 12.739337355364109 2.4868172949645659 39.257697275723331 2.6171098775230348 3.0413188978563994 44.288650648668408 1.4793909762520332
leaf_count=159 1064 67 8141 37 344 1439 86
internal_value=7.06476e-05 0.00185471 -0.00027507 -0.002283 -0.00417161 -0.00027507 -0.00027507
internal_weight=107.279 16.7055 90.5732 7.02682 4.40971 83.5463 14.2187
internal_count=11337 1217 10120 540 503 9580 1150
is_linear=0
shrinkage=0.03


Tree=99
num_leaves=10
num_cat=0
split_feature=1 10 11 4 1 3 1 9 9
split_gain=0.0338787 0.644407 0.0695884 0.0227589 0.121619 0.0404517 0.0716975 0.0462698 0.0264572
threshold=89.534022724371269 97.801932367149774 97.062419099669214 49.612392748639543 26.87369603594929 93.367396815672691 79.898070339246829 79.233031119823593 91.723744292237456
decision_type=2 2 2 2 2 2 2 2 2
left_child=3 2 -2 4 8 6 7 -6 -1
right_child=1 -3 -4 -5 5 -7 -8 -9 -10
leaf_value=-0.0059655997141393581 -0.00017285988009964901 0.012380848382308624 0.005673170544747713 -0.00017285988009964901 -0.0035455398264907642 -0.00017285988009964901 -0.00017285988009964901 -0.00017285988009964901 -0.00017285988009964901
leaf_weight=3.5846328064799349 12.337574384408073 2.9122474757023147 1.8693874925374974 62.052312489482574 11.545194479404023 5.2072336215060195 3.8488147701136759 3.6097182665253049 0.29535009595565487
leaf_count=696 1113 67 37 5386 2453 125 686 707 67
internal_value=6.32701e-05 0.00124756 -0.00017286 -0.00017286 -0.00101258 -0.00017286 -0.00152312 -0.00267361 -0.0053342
internal_weight=107.262 17.1192 14.207 90.1433 28.0909 24.211 19.0037 15.1549 3.87998
internal_count=11337 1217 1150 10120 4734 3971 3846 3160 763
is_linear=0
shrinkage=0.03


Tree=100
num_leaves=10
num_cat=0
split_feature=10 4 11 1 1 4 9 9 4
split_gain=0.232805 0.543549 0.150866 0.136888 0.0538368 0.221796 0.0396524 0.0362369 0.0109721
threshold=96.899038461538467 87.257258672699862 68.669859213900665 73.6566014905261 3.6897175419602868 90.330372448184519 54.487917146145001 29.532322137955944 1.6990691646046898
decision_type=2 2 2 2 2 2 2 2 2
left_child=4 2 -2 -4 5 6 -1 -7 -6
right_child=1 -3 3 -5 8 7 -8 -9 -10
leaf_value=-0.012716222051315708 -0.00010439039449636976 0.010825173800083999 -0.00010439039449636976 0.0094729016275032791 -0.00091184736391446055 -0.0054604766367140466 -0.00091184736391446055 -0.00010439039449636976 -0.00010439039449636976
leaf_weight=0.77806779555976324 3.923856962239368 5.0924399355426431 1.1983874205034228 1.9694057845044879 1.166118825552984 0.9833859370555732 0.49252035352401435 1.3183681666851041 90.004237476619892
leaf_count=105 302 101 85 47 159 59 64 136 10218
internal_value=0.000414284 0.00414946 -0.00010439 0.00587793 -0.00010439 -0.00336006 -0.0105573 -0.00010439 -0.00010439
internal_weight=106.927 12.1841 7.09165 3.16779 94.7427 3.57234 1.27059 2.30175 91.1704
internal_count=11276 535 434 132 10741 364 169 195 10377
is_linear=0
shrinkage=0.03


Tree=101
num_leaves=8
num_cat=0
split_feature=10 4 1 1 9 10 4
split_gain=0.341745 0.835585 0.130922 0.113533 0.244538 0.0845403 0.0385788
threshold=97.259759759759774 87.257258672699862 89.534022724371269 4.5033191584915722 29.93506493506494 51.370120120120127 93.367396815672691
decision_type=2 2 2 2 2 2 2
left_child=3 2 -2 4 -1 6 -6
right_child=1 -3 -4 -5 5 -7 -8
leaf_value=-0.0113173431818889 -8.670536099245986e-05 0.013367449432920403 0.0063453624972574082 -8.670536099245986e-05 -0.0084454019928282813 -8.670536099245986e-05 -8.670536099245986e-05
leaf_weight=1.5551876587560389 3.7903546346351487 5.0759022068232298 2.6479539128486067 90.921303385985084 0.67834049230441473 1.6931321017909793 0.5861410980578512
leaf_count=134 328 88 72 10341 101 149 63
internal_value=0.000523638 0.00518508 -8.67054e-05 -8.67054e-05 -0.00439209 -8.67054e-05 -0.00612384
internal_weight=106.948 11.5142 6.43831 95.4341 4.5128 2.95761 1.26448
internal_count=11276 488 400 10788 447 313 164
is_linear=0
shrinkage=0.03


Tree=102
num_leaves=9
num_cat=0
split_feature=10 4 1 1 1 9 10 4
split_gain=0.409595 0.505246 0.312274 0.280538 0.0665509 0.223433 0.0719499 0.038152
threshold=95.875850340136068 87.257258672699862 19.240205658618724 89.534022724371269 4.5033191584915722 29.93506493506494 51.370120120120127 93.367396815672691
decision_type=2 2 2 2 2 2 2 2
left_child=4 3 -3 -2 5 -1 7 -7
right_child=1 2 -4 -5 -6 6 -8 -9
leaf_value=-0.010392182003640333 -0.0001705378099786487 0.0024407351927080699 0.01697161501745114 0.0077591380856748523 -0.0001705378099786487 -0.0084416784620529369 -0.0001705378099786487 -0.0001705378099786487
leaf_weight=1.4984599156305183 4.2765779409091902 2.6290558567270637 2.8569081618916243 3.0179080835077912 89.654795653768815 0.67638413084205262 1.6139098920393733 0.58688582619652152
leaf_count=133 383 63 44 82 10268 101 139 63
internal_value=0.000535565 0.00536601 0.0114579 -4.45478e-05 -0.000170538 -0.00350932 -0.000170538 -0.0061277
internal_weight=106.811 12.7805 5.48596 7.29449 94.0304 4.37564 2.87718 1.26327
internal_count=11276 572 107 465 10704 436 303 164
is_linear=0
shrinkage=0.03


Tree=103
num_leaves=8
num_cat=0
split_feature=10 5 1 1 9 10 4
split_gain=0.351578 0.495337 0.234163 0.0663061 0.223655 0.0740803 0.0390428
threshold=95.875850340136068 94.124838199338413 90.330372448184519 4.5033191584915722 29.93506493506494 51.370120120120127 93.367396815672691
decision_type=2 2 2 2 2 2 2
left_child=3 2 -2 4 -1 6 -6
right_child=1 -3 -4 -5 5 -7 -8
leaf_value=-0.010378853335388637 -0.0001288104867824581 0.010756896776024047 0.0072767009458948699 -0.0001288104867824581 -0.0084888953536276877 -0.0001288104867824581 -0.0001288104867824581
leaf_weight=1.4841972063295532 4.1772168385796231 5.8255053102038801 2.8665967790875584 89.511940942960791 0.67572270287200831 1.6158662626985458 0.58824218693189323
leaf_count=133 434 60 78 10268 101 139 63
internal_value=0.000528528 0.00498708 -0.00012881 -0.00012881 -0.00346471 -0.00012881 -0.00614572
internal_weight=106.745 12.8693 7.04381 93.876 4.36403 2.87983 1.26396
internal_count=11276 572 512 10704 436 303 164
is_linear=0
shrinkage=0.03


Tree=104
num_leaves=7
num_cat=0
split_feature=10 5 1 1 10 11
split_gain=0.304144 0.653118 0.147815 0.0530248 0.0560546 0.0806959
threshold=97.259759759759774 94.124838199338413 90.330372448184519 4.5033191584915722 51.370120120120127 71.797821006949732
decision_type=2 2 2 2 2 2
left_child=3 2 -2 4 -1 -6
right_child=1 -3 -4 -5 5 -7
leaf_value=-0.0061895963751262273 -9.3062313230519658e-05 0.011467574246533037 0.0063258181664263523 -9.3062313230519658e-05 -0.0060042645288755341 -9.3062313230519658e-05
leaf_weight=1.6417758357711125 3.3800414472352696 5.7263697348535061 2.8904012185521424 90.410199393634684 1.0790134549606594 1.6431860835291443
leaf_count=234 366 54 68 10341 120 93
internal_value=0.000496144 0.00479986 -9.30623e-05 -9.30623e-05 -0.00307609 -9.30623e-05
internal_weight=106.771 11.9968 6.27044 94.7742 4.36398 2.7222
internal_count=11276 488 434 10788 447 213
is_linear=0
shrinkage=0.03


Tree=105
num_leaves=8
num_cat=0
split_feature=11 3 11 9 4 11 9
split_gain=0.172345 0.0597182 0.0459595 0.145718 0.0497075 0.0485931 0.00971895
threshold=10.362070041825335 99.749677306164401 98.55247075257553 52.306468716861083 49.199948796723 65.636681778414086 91.945945945945965
decision_type=2 2 2 2 2 2 2
left_child=6 2 4 -4 -2 -6 -1
right_child=1 -3 3 -5 5 -7 -8
leaf_value=-0.0049147462348254197 -0.0014021532492361271 0.003602681952675232 -0.00022862811956172004 0.003602681952675232 -0.0014021532492361271 -0.00022862811956172004 -0.0014021532492361271
leaf_weight=6.141120641026645 31.522737611550838 3.1655816477723411 1.9417711794376362 3.0568225856404752 28.243534356355667 32.234690133482218 0.5453694735188036
leaf_count=984 4944 34 89 96 3075 2031 83
internal_value=-0.0002461 8.52664e-05 -6.51153e-05 0.00248081 -0.000228628 -0.000228628 -0.00457534
internal_weight=106.852 100.165 96.9996 4.99859 92.001 60.4782 6.68649
internal_count=11336 10269 10235 185 10050 5106 1067
is_linear=0
shrinkage=0.03


Tree=106
num_leaves=7
num_cat=0
split_feature=11 0 11 4 4 4
split_gain=0.161343 0.21953 0.0569535 0.108628 0.00409795 0.00148427
threshold=10.362070041825335 99.749677306164401 98.55247075257553 87.257258672699862 91.866717879777241 49.199948796723
decision_type=2 2 2 2 2 2
left_child=-1 2 3 5 -5 -2
right_child=1 -3 -4 4 -6 -7
leaf_value=-0.0044601591498891393 -0.0011600844381094661 0.0081705287127838856 0.0026715552167551988 0.00056188324201043524 0.0015226232092441403 -0.00079791014829371128
leaf_weight=6.668748826137743 32.225041021243669 1.9134916896000493 4.9240868301130822 7.141470187809321 18.167883207788691 35.787633534055203
leaf_count=1067 4954 29 183 436 773 3894
internal_value=-0.000266253 5.43125e-05 -0.000184496 -0.00036192 0.00128319 -0.000983835
internal_weight=106.828 100.16 98.2461 93.322 25.3094 68.0127
internal_count=11336 10269 10240 10057 1209 8848
is_linear=0
shrinkage=0.03


Tree=107
num_leaves=4
num_cat=0
split_feature=0 9 4
split_gain=0.150337 0.00339804 0.00668444
threshold=99.749677306164401 1.3606071825249908 84.568202773418676
decision_type=2 2 2
left_child=1 -1 -3
right_child=-2 2 -4
leaf_value=-0.0019401801474748903 0.0057604503343733305 -0.00056620689105175493 -4.4952064059462608e-05
leaf_weight=0.39785398822277684 2.6531763726379713 71.727658099029213 32.096357381436974
leaf_count=46 42 9583 1665
internal_value=-0.000225583 -0.000431267 -0.000407031
internal_weight=106.875 104.222 103.824
internal_count=11336 11294 11248
is_linear=0
shrinkage=0.03


Tree=108
num_leaves=6
num_cat=0
split_feature=0 4 9 9 9
split_gain=0.145405 0.00218045 0.00665892 0.0006719 0.000402344
threshold=99.749677306164401 84.568202773418676 5.2982456140350882 70.396452790818998 98.726062966569316
decision_type=2 2 2 2 2
left_child=1 4 -3 -4 -1
right_child=-2 2 3 -5 -6
leaf_value=-0.00051287295967983532 0.0056868835006764111 -0.0005015387986164225 -4.2963163550148598e-05 0.00026473979432973795 -3.9390197029553555e-05
leaf_weight=70.156763911480084 2.6437692507170132 1.2857620217837382 23.166632407577712 7.7110083943698546 1.8303472455590952
leaf_count=9321 42 68 1118 485 302
internal_value=-0.000207653 -0.000409941 -0.000195988 3.97732e-05 -0.000501539
internal_weight=106.794 104.151 32.1634 30.8776 71.9871
internal_count=11336 11294 1671 1603 9623
is_linear=0
shrinkage=0.03


Tree=109
num_leaves=8
num_cat=0
split_feature=11 0 11 9 9 9 9
split_gain=0.18379 0.248834 0.0564985 0.206801 0.0163156 0.00491149 0.00328918
threshold=10.362070041825335 99.749677306164401 98.55247075257553 52.306468716861083 91.945945945945965 2.7212143650499816 17.445652173913047
decision_type=2 2 2 2 2 2 2
left_child=4 2 5 -4 6 -2 -1
right_child=1 -3 3 -5 -6 -7 -8
leaf_value=-0.0072963761473747342 -0.0017784196548086726 0.0085816029404603821 -0.00029542813086864744 0.0074764322780394308 -0.00029542813086864744 -0.00029542813086864744 -0.0033306791346112761
leaf_weight=1.2854378956835706 1.0496028449852008 2.0514051746577016 2.0281660670880219 2.9786132534500211 0.5429028293583541 92.091631426941603 4.7323891943087801
leaf_count=194 145 29 89 94 83 9912 790
internal_value=-0.000194369 0.000144541 -0.000116578 0.00270586 -0.00470494 -0.000295428 -0.00509676
internal_weight=106.76 100.199 98.148 5.00678 6.56073 93.1412 6.01783
internal_count=11336 10269 10240 183 1067 10057 984
is_linear=0
shrinkage=0.03


Tree=110
num_leaves=6
num_cat=0
split_feature=1 11 1 1 1
split_gain=0.023274 0.00292737 0.0359967 0.0171666 0.0025093
threshold=99.749677306164401 16.68714168714169 77.164407934585114 85.326728217105185 99.018403430168163
decision_type=2 2 2 2 2
left_child=1 2 -1 -3 -5
right_child=-2 3 -4 4 -6
leaf_value=-0.0029441233085588606 0.0023346741806395521 -0.00092428139599584321 -0.00092428139599584321 -0.00014047561140433595 0.00086274804791605447
leaf_weight=8.1653911662287992 0.99799914029426773 75.379319862113334 4.2613285321276626 17.31041429494508 1.5576844706665713
leaf_count=1236 41 8324 480 1269 60
internal_value=-0.000949992 -0.00100212 -0.00147965 -0.000924281 -1.83978e-05
internal_weight=107.672 106.674 12.4267 94.2474 18.8681
internal_count=11410 11369 1716 9653 1329
is_linear=0
shrinkage=0.03


Tree=111
num_leaves=6
num_cat=0
split_feature=1 11 1 1 1
split_gain=0.0113411 0.000639445 0.0281864 0.00977193 0.00411127
threshold=99.749677306164401 16.68714168714169 77.164407934585114 85.326728217105185 99.018403430168163
decision_type=2 2 2 2 2
left_child=1 2 -1 -3 -5
right_child=-2 3 -4 4 -6
leaf_value=-0.0026801944453906362 0.0013735450364548447 -0.00092974888191861961 -0.00092974888191861961 -0.00037954340776087469 0.00091372477748040621
leaf_weight=8.1322265939088521 1.0355987672228355 75.348455897299573 4.2630939390510312 17.286179546499628 1.5565129939932365
leaf_count=1236 41 8324 480 1269 60
internal_value=-0.00094827 -0.000983386 -0.00129114 -0.000929749 -0.000232048
internal_weight=107.622 106.586 12.3953 94.1911 18.8427
internal_count=11410 11369 1716 9653 1329
is_linear=0
shrinkage=0.03


Tree=112
num_leaves=6
num_cat=0
split_feature=1 11 1 1 1
split_gain=0.0118287 0.00102272 0.0284901 0.01392 0.00346719
threshold=99.749677306164401 16.68714168714169 77.164407934585114 85.326728217105185 99.018403430168163
decision_type=2 2 2 2 2
left_child=1 2 -1 -3 -5
right_child=-2 3 -4 4 -6
leaf_value=-0.0026820603912736871 0.0014312740170782134 -0.00091169094835274794 -0.00091169094835274794 -0.00023315483756231655 0.00094480328514794966
leaf_weight=8.1201055792625976 1.0345072033815075 75.30720927962102 4.261285946937277 17.3559469121974 1.5705287940800179
leaf_count=1236 41 8324 480 1269 60
internal_value=-0.00093353 -0.000969563 -0.00130898 -0.000911691 -9.28982e-05
internal_weight=107.65 106.615 12.3814 94.2337 18.9265
internal_count=11410 11369 1716 9653 1329
is_linear=0
shrinkage=0.03


Tree=113
num_leaves=6
num_cat=0
split_feature=1 11 1 1 1
split_gain=0.0146063 0.00107457 0.0283064 0.0125601 0.00356751
threshold=99.749677306164401 16.68714168714169 77.164407934585114 85.326728217105185 99.018403430168163
decision_type=2 2 2 2 2
left_child=1 2 -1 -3 -5
right_child=-2 3 -4 4 -6
leaf_value=-0.0026876911782515015 0.0016686932151404562 -0.00091718804134570463 -0.00091718804134570463 -0.00027680193092131895 0.00092070985484766121
leaf_weight=8.0903727902332303 1.0415929621085513 75.32121161359828 4.2636738736182442 17.361186655471105 1.565963523229583
leaf_count=1236 41 8324 480 1269 60
internal_value=-0.000935125 -0.000975838 -0.00132108 -0.000917188 -0.000136492
internal_weight=107.644 106.602 12.354 94.2484 18.9272
internal_count=11410 11369 1716 9653 1329
is_linear=0
shrinkage=0.03


Tree=114
num_leaves=6
num_cat=0
split_feature=1 11 1 1 1
split_gain=0.0165695 0.00113385 0.0283368 0.0121218 0.0034894
threshold=99.749677306164401 16.68714168714169 77.164407934585114 85.326728217105185 99.018403430168163
decision_type=2 2 2 2 2
left_child=1 2 -1 -3 -5
right_child=-2 3 -4 4 -6
leaf_value=-0.0026935520946784895 0.0018257436271214662 -0.00091810051282154243 -0.00091810051282154243 -0.00028825947301477982 0.00089767068815376611
leaf_weight=8.069313924177548 1.0458672682289023 75.306112337042578 4.2652901441324493 17.377000610111285 1.561625838279723
leaf_count=1236 41 8324 480 1269 60
internal_value=-0.000933668 -0.000977466 -0.00132819 -0.000918101 -0.000150354
internal_weight=107.625 106.579 12.3346 94.2447 18.9386
internal_count=11410 11369 1716 9653 1329
is_linear=0
shrinkage=0.03


Tree=115
num_leaves=9
num_cat=0
split_feature=1 11 3 10 11 1 9 3
split_gain=0.0637611 0.193844 0.362274 0.17444 0.0735219 0.0518398 0.022764 0.00317026
threshold=20.855767924433867 98.55247075257553 89.534022724371269 48.683298683298695 98.926172561907251 19.240205658618724 82.637681159420296 89.534022724371269
decision_type=2 2 2 2 2 2 2 2
left_child=3 7 -3 4 5 6 -1 -2
right_child=1 2 -4 -5 -6 -7 -8 -9
leaf_value=-0.0077143634520715617 0.0001647321971096837 0.0001647321971096837 0.011604094737564285 0.0001647321971096837 0.0001647321971096837 0.0001647321971096837 -0.0015380893832562829 0.00042834926183770854
leaf_weight=4.2888855638448176 39.277607304626144 1.9505321963224549 2.9244974628090858 15.47063674405217 0.32173726963810612 0.48819384328089643 1.2505389847792683 40.447729993844405
leaf_count=693 7983 107 24 1363 17 81 188 856
internal_value=0.000180293 0.000554369 0.00581377 -0.00123081 -0.00507098 -0.00600676 -0.00676847 0.000164732
internal_weight=106.42 84.6004 4.87503 21.82 6.34936 6.02762 5.53942 79.7253
internal_count=11312 8970 131 2342 979 962 881 8839
is_linear=0
shrinkage=0.03


Tree=116
num_leaves=9
num_cat=0
split_feature=4 10 11 5 10 3 9 9
split_gain=0.0411252 0.15269 0.0367365 0.0169836 0.0904812 0.0942941 0.0241683 0.0089511
threshold=12.87371029328134 16.784037558685448 44.293116210214663 83.377662396457467 55.63492063492064 87.641432329578848 75.154320987654344 91.331186258722497
decision_type=2 2 2 2 2 2 2 2
left_child=1 -1 7 -2 -5 -6 -7 -3
right_child=3 2 -4 4 5 6 -8 -9
leaf_value=-0.0086463081665548568 0.00037617512954505418 -0.0027486599354294649 0.00037617512954505418 0.00037617512954505418 0.00037617512954505418 0.0022583728065877239 0.0048956155206708908 0.00037617512954505418
leaf_weight=1.1914445809088636 40.800383060704917 3.2627507799770687 4.8021796168759465 21.332424849970266 2.0756338003557167 28.764604788040742 3.820210274308919 0.32283596252091218
leaf_count=228 8000 590 582 993 307 487 67 58
internal_value=0.000185584 -0.00159377 0.00022232 0.000376175 0.000896444 0.00202546 0.00270412 -0.00232373
internal_weight=106.372 9.57921 8.38777 96.7933 55.9929 34.6604 32.5848 3.58559
internal_count=11312 1458 1230 9854 1854 861 554 648
is_linear=0
shrinkage=0.03


Tree=117
num_leaves=11
num_cat=0
split_feature=1 4 11 3 10 9 9 4 4 11
split_gain=0.0601155 0.36657 0.173179 0.342984 0.128286 0.116937 0.0822227 0.0299342 0.00742844 0.00508093
threshold=20.855767924433867 61.910611910611919 98.55247075257553 89.534022724371269 48.683298683298695 44.519519519519527 84.248120300751893 97.570810385523217 12.87371029328134 86.313238209928372
decision_type=2 2 2 2 2 2 2 2 2 2
left_child=1 6 8 -4 5 7 -1 -3 -2 -7
right_child=2 4 3 -5 -6 9 -8 -9 -10 -11
leaf_value=-0.0098793592803223824 0.00016650893224475253 -0.0094726292602324968 0.00054379534405165351 0.011494737076233443 0.00054379534405165351 0.00016650893224475253 0.00016650893224475253 -0.00012343127948857136 0.00054379534405165351 0.00054379534405165351
leaf_weight=3.3625385421328295 8.7326853336999175 1.473644039593639 1.949648544890805 2.878637433052063 13.06402876996435 1.6406675380421805 0.49964480381458987 0.38256479636766028 70.920444254647009 1.3547604414634404
leaf_count=662 1378 233 107 24 919 300 114 31 7461 83
internal_value=0.000180429 -0.00119114 0.000543795 0.00571998 0.000543795 -0.00391981 -0.0085124 -0.0082636 0.000543795 0.000166509
internal_weight=106.259 21.7778 84.4814 4.82829 17.9157 4.85164 3.86218 1.85621 79.6531 2.99543
internal_count=11312 2342 8970 131 1566 647 776 264 8839 383
is_linear=0
shrinkage=0.03


Tree=118
num_leaves=9
num_cat=0
split_feature=1 11 3 4 10 9 9 0
split_gain=0.0480011 0.0409052 0.533921 0.0544155 0.0753689 0.0154458 0.0359996 0.000331484
threshold=0.51613676625331339 98.55247075257553 91.866717879777241 12.87371029328134 16.784037558685448 63.69318181818182 5.2982456140350882 71.78130332331196
decision_type=2 2 2 2 2 2 2 2
left_child=-1 3 -3 4 -2 7 -5 -6
right_child=1 2 -4 6 5 -7 -8 -9
leaf_value=-0.0051680796922630775 -0.0051680796922630775 9.7373823643237846e-05 0.011740871797958333 -0.0016255167847890955 -0.0023643015770830377 9.7373823643237846e-05 9.7373823643237846e-05 -0.0016255167847890955
leaf_weight=0.49277775269001622 1.1272597000934164 2.9202935870271167 2.8347484618425369 3.5222741592442608 4.3877322231419384 2.8445447655394673 87.537579251336865 0.61390473949722935
leaf_count=44 225 166 22 326 717 475 9314 23
internal_value=0.00017788 0.000250945 0.00251071 9.73738e-05 -0.00211879 -0.000566968 9.73738e-05 -0.00162552
internal_weight=106.281 105.788 5.75504 100.033 8.97344 7.84618 91.0599 5.00164
internal_count=11312 11268 188 11080 1440 1215 9640 740
is_linear=0
shrinkage=0.03


Tree=119
num_leaves=7
num_cat=0
split_feature=1 11 3 10 9 5
split_gain=0.0464453 0.0352062 0.512259 0.0256377 0.0226775 0.000796604
threshold=0.51613676625331339 98.55247075257553 91.866717879777241 55.63492063492064 5.2982456140350882 36.82830074526305
decision_type=2 2 2 2 2 2
left_child=-1 3 -3 4 -2 -5
right_child=1 2 -4 5 -6 -7
leaf_value=-0.0050935689549559101 -0.0034057064827999819 9.5619234619585486e-05 0.01152546886559031 -0.00044008935774326671 -0.00044008935774326671 9.5619234619585486e-05
leaf_weight=0.49226520676165719 1.4922548120375712 2.9206561211030921 2.7881557866930962 8.3322025536326674 44.120083117042668 46.144411166082136
leaf_count=44 210 166 22 1651 6239 2980
internal_value=0.00016568 0.000237615 0.0023418 9.56192e-05 -0.000608096 9.56192e-05
internal_weight=106.29 105.798 5.70881 100.089 45.6123 54.4766
internal_count=11312 11268 188 11080 6449 4631
is_linear=0
shrinkage=0.03


Tree=120
num_leaves=3
num_cat=0
split_feature=9 11
split_gain=0.0509475 0.00594659
threshold=2.7212143650499816 13.767174854131378
decision_type=2 2
left_child=-1 -2
right_child=1 -3
leaf_value=-0.0046950619299320632 -0.0008175280341360386 -8.9035221293136312e-05
leaf_weight=1.2884414186701167 10.333327726111746 95.032743281917647
leaf_count=168 1425 9765
internal_value=-0.000265293 -0.000167493
internal_weight=106.655 105.366
internal_count=11358 11190
is_linear=0
shrinkage=0.03


Tree=121
num_leaves=2
num_cat=0
split_feature=11
split_gain=0.00439467
threshold=13.767174854131378
decision_type=2
left_child=-1
right_child=-2
leaf_value=-0.00081897525962194124 -0.00019322826999423041
leaf_weight=10.489646002301013 96.15898295911029
leaf_count=1462 9896
internal_value=-0.000261811
internal_weight=106.649
internal_count=11358
is_linear=0
shrinkage=0.03


Tree=122
num_leaves=2
num_cat=0
split_feature=9
split_gain=0.0545229
threshold=2.7212143650499816
decision_type=2
left_child=-1
right_child=-2
leaf_value=-0.0048634650482129475 -0.00016054960373325768
leaf_weight=1.2690844440367062 105.38021585764363
leaf_count=168 11190
internal_value=-0.000261171
internal_weight=106.649
internal_count=11358
is_linear=0
shrinkage=0.03


Tree=123
num_leaves=3
num_cat=0
split_feature=9 11
split_gain=0.0537356 0.00545742
threshold=2.7212143650499816 13.767174854131378
decision_type=2 2
left_child=-1 -2
right_child=1 -3
leaf_value=-0.0048314456891282937 -0.00078454946042658016 -8.6557739783539865e-05
leaf_weight=1.2682550547178824 10.330295950290745 95.050208735163324
leaf_count=168 1425 9765
internal_value=-0.00026161 -0.000161713
internal_weight=106.649 105.381
internal_count=11358 11190
is_linear=0
shrinkage=0.03


Tree=124
num_leaves=3
num_cat=0
split_feature=9 11
split_gain=0.0481397 0.00474205
threshold=2.7212143650499816 13.767174854131378
decision_type=2 2
left_child=-1 -2
right_child=1 -3
leaf_value=-0.0046023497767074392 -0.00074655568659951215 -9.5480912433438172e-05
leaf_weight=1.2511073616333295 10.326756881200707 95.077095110551454
leaf_count=168 1425 9765
internal_value=-0.000259997 -0.000165686
internal_weight=106.655 105.404
internal_count=11358 11190
is_linear=0
shrinkage=0.03


Tree=125
num_leaves=6
num_cat=0
split_feature=11 10 10 9 11
split_gain=0.0561454 0.0667838 0.0275661 0.116459 0.102755
threshold=6.9050663743758376 99.333333333333357 55.63492063492064 74.443344878772891 17.662014602313114
decision_type=2 2 2 2 2
left_child=1 -1 -2 -4 -5
right_child=2 -3 3 4 -6
leaf_value=-0.005328352542397833 -0.0010235156615275426 -0.00049785204346587241 -0.00049785204346587241 -0.00049785204346587241 0.0039302841540284454
leaf_weight=3.8870875659631556 46.988236258737743 0.60526452073827375 44.47998584411107 0.92133313859812815 9.6885676993988437
leaf_count=700 6186 30 3527 96 843
internal_value=-0.000662103 -0.00362415 -0.000497852 -3.92396e-05 0.00267474
internal_weight=106.57 4.49235 102.078 55.0899 10.6099
internal_count=11382 730 10652 4466 939
is_linear=0
shrinkage=0.03


Tree=126
num_leaves=5
num_cat=0
split_feature=11 10 11 10
split_gain=0.042861 0.0441205 0.0552286 0.0404473
threshold=17.185367185367188 99.333333333333357 3.4394784394784401 55.63492063492064
decision_type=2 2 2 2
left_child=1 2 -1 -2
right_child=3 -3 -4 -5
leaf_value=-0.0068603475257059485 -0.0011114797324850414 -0.00045097606091319697 -0.0017245360471953232 0.00012234878613736524
leaf_weight=1.8726210709428386 43.600867576431483 0.98679156345315355 8.8864032682031375 51.16939925821498
leaf_count=353 5603 53 1349 4024
internal_value=-0.000675985 -0.00231364 -0.00312582 -0.000450976
internal_weight=106.516 11.7458 10.759 94.7703
internal_count=11382 1755 1702 9627
is_linear=0
shrinkage=0.03


Tree=127
num_leaves=5
num_cat=0
split_feature=11 9 9 9
split_gain=0.0504622 0.0437051 0.037003 0.0113738
threshold=17.185367185367188 81.881313131313149 2.7212143650499816 95.603864734299535
decision_type=2 2 2 2
left_child=1 -1 -2 -4
right_child=2 -3 3 -5
leaf_value=-0.0033642479211269394 -0.0033642479211269394 -0.00046094493612362211 -0.00045271326178778837 0.00085059382379314022
leaf_weight=9.8550138536374998 0.9141493015922596 1.7710475007770572 88.409453205764294 5.5524811120703808
leaf_count=1453 126 302 8891 610
internal_value=-0.000703474 -0.0024894 -0.000460945 -0.000367551
internal_weight=106.502 11.6261 94.8761 93.9619
internal_count=11382 1755 9627 9501
is_linear=0
shrinkage=0.03


Tree=128
num_leaves=5
num_cat=0
split_feature=9 11 9 9
split_gain=0.0356433 0.0372315 0.0371141 0.00943203
threshold=2.7212143650499816 17.185367185367188 81.881313131313149 95.603864734299535
decision_type=2 2 2 2
left_child=-1 2 -2 -3
right_child=1 3 -4 -5
leaf_value=-0.0045858726640601397 -0.0029755966901136108 -0.0003737167535314013 -0.0003737167535314013 0.00077366064632572711
leaf_weight=1.0675893453881133 9.605610501021145 88.435205929912627 1.7763903621816997 5.5542423464357844
leaf_count=164 1415 8891 302 610
internal_value=-0.000664305 -0.000581835 -0.00213144 -0.000373717
internal_weight=106.439 105.371 11.382 93.9894
internal_count=11382 11218 1717 9501
is_linear=0
shrinkage=0.03


Tree=129
num_leaves=10
num_cat=0
split_feature=9 11 10 9 10 9 10 10 11
split_gain=0.0358885 0.0310985 0.0447535 0.0558533 0.0177559 0.136197 0.0564665 0.00921216 0.0029809
threshold=2.7212143650499816 17.185367185367188 99.333333333333357 81.881313131313149 55.63492063492064 74.443344878772891 91.366459627329206 65.881374722838146 14.180016786483232
decision_type=2 2 2 2 2 2 2 2 2
left_child=-1 2 3 8 -3 6 -6 -7 -2
right_child=1 4 -4 -5 5 7 -8 -9 -10
leaf_value=-0.0045949500609167122 -0.0043299534509488539 -0.00038397640038711746 -0.00038397640038711746 -0.00038397640038711746 -0.00038397640038711746 0.00071189638877926784 0.0015667059028973032 0.0035908525747219838 -0.0014401098351762148
leaf_weight=1.0640811019111414 6.876014445442701 43.32009573886171 0.9874266101978727 1.778830653056503 27.836369783384725 1.7687524626962812 12.974980167578904 8.1122086897958052 1.722344768932089
leaf_count=164 1154 5538 53 302 2564 193 549 657 208
internal_value=-0.000657162 -0.000574577 -0.00199273 -0.00290705 -0.000383976 0.000174589 -0.000383976 0.00318829 -0.00396143
internal_weight=106.441 105.377 11.3646 10.3772 94.0124 50.6923 40.8113 9.88096 8.59836
internal_count=11382 11218 1717 1664 9501 3963 3113 850 1362
is_linear=0
shrinkage=0.03


Tree=130
num_leaves=7
num_cat=0
split_feature=1 11 0 11 9 11
split_gain=0.0299252 0.269044 0.0197832 0.0722013 0.00372615 0.041384
threshold=19.240205658618724 87.185732153717296 99.749677306164401 99.517490250858515 66.869918699187011 42.439090785354573
decision_type=2 2 2 2 2 2
left_child=1 4 3 -2 -1 -6
right_child=2 -3 -4 -5 5 -7
leaf_value=-0.0043976944161676869 0.0003395557804144438 0.0003395557804144438 0.0037550455962594674 0.0037550455962594674 -0.0043976944161676869 0.0003395557804144438
leaf_weight=10.301135042915119 83.904559026123025 7.3772714096121481 0.53616286814212699 1.2732271167915303 1.4278664315352227 2.1537295611342415
leaf_count=1234 9098 404 6 40 248 301
internal_value=8.84496e-05 -0.000893709 0.000339556 0.000339556 -0.0039677 -0.00204106
internal_weight=106.974 21.26 85.7139 85.1778 13.8827 3.5816
internal_count=11331 2187 9144 9138 1783 549
is_linear=0
shrinkage=0.03


Tree=131
num_leaves=11
num_cat=0
split_feature=10 1 1 1 11 11 11 9 11 9
split_gain=0.115531 0.0779267 0.0753065 0.0441271 0.159794 0.0390693 0.0246247 0.017434 0.107398 0.0140801
threshold=53.907203907203915 99.749677306164401 0.96269694161260444 18.821805084522968 87.185732153717296 98.55247075257553 99.517490250858515 96.091163738222576 67.258917585213922 2.0204081632653064
decision_type=2 2 2 2 2 2 2 2 2 2
left_child=2 3 -1 4 -2 9 7 -5 -9 -4
right_child=1 -3 5 6 -6 -7 -8 8 -10 -11
leaf_value=-0.0077201963495535852 -0.00077576760199353121 0.0073333776298276981 -0.0041100090961835103 0.001202068626710383 0.001202068626710383 0.001202068626710383 0.0049825140090161962 0.001202068626710383 0.0049825140090161962 -0.00090688774691383535
leaf_weight=0.46954546100459893 8.959337694803251 0.69446296198293467 0.37616720888763566 43.621579608297907 4.1765502674970767 2.7249086471274486 0.65180577617138524 0.59559088386595138 0.85192889254540205 43.829523813561536
leaf_count=43 801 23 47 3762 179 103 14 83 42 6234
internal_value=9.09108e-05 0.000963516 -0.00100265 0.000767097 -0.000724803 -0.000775768 0.00120207 0.00120207 0.0039394 -0.00102446
internal_weight=106.951 59.5513 47.4001 58.8568 13.1359 46.9306 45.7209 45.0691 1.44752 44.2057
internal_count=11331 4904 6427 4881 980 6384 3901 3887 125 6281
is_linear=0
shrinkage=0.03


Tree=132
num_leaves=13
num_cat=0
split_feature=10 4 1 9 0 1 1 1 9 9 9 9
split_gain=0.102209 0.123668 0.370024 0.188244 0.12973 0.0707413 0.0539737 0.0248504 0.0186909 0.0173334 0.014599 0.0196817
threshold=53.907203907203915 73.6566014905261 93.007967017661159 94.630630630630648 99.749677306164401 0.96269694161260444 99.749677306164401 89.534022724371269 98.65765765765768 2.0204081632653064 8.1356867071152816 63.69318181818182
decision_type=2 2 2 2 2 2 2 2 2 2 2 2
left_child=5 6 3 4 7 -1 8 10 11 -7 -3 -2
right_child=1 2 -4 -5 -6 9 -8 -9 -10 -11 -12 -13
leaf_value=-0.0074520653585853193 -0.00070681430390695532 -0.00070681430390695532 0.013048061313617789 0.0093984847227717872 0.0067798849151081714 -0.0041218854138114647 0.004921297659572112 0.0025518949438275108 0.0024447230612089214 -0.00070681430390695532 0.00014107842208493232 0.00014107842208493232
leaf_weight=0.46120129735208948 19.390051501570298 3.5784299394581778 1.6337710649240751 1.3267652825452376 1.6533723529428233 0.38043683639261772 0.6298105251044025 1.6893057567067433 0.74469909630715747 46.343465591548011 19.53423947817646 9.4781915576895681
leaf_count=43 2290 108 44 59 23 47 21 25 96 6337 1125 1113
internal_value=0.000106472 0.000924901 0.00227673 0.00121197 0.00047404 -0.000926031 -0.00042075 -0.0001928 -0.000691413 -0.000706814 -0.000490923 -0.000706814
internal_weight=106.844 59.6586 29.4159 27.7821 26.4553 47.1851 30.2428 24.802 29.6129 46.7239 23.1127 28.8682
internal_count=11331 4904 1384 1340 1281 6427 3520 1258 3499 6384 1233 3403
is_linear=0
shrinkage=0.03


Tree=133
num_leaves=13
num_cat=0
split_feature=10 4 1 9 10 9 1 1 9 9 3 1
split_gain=0.107871 0.155715 0.449374 0.175379 0.170613 0.345023 0.0655528 0.0528211 0.0166782 0.0119396 0.00403732 0.003121
threshold=53.907203907203915 73.6566014905261 93.007967017661159 94.630630630630648 97.617697107203639 8.1356867071152816 0.96269694161260444 99.749677306164401 98.65765765765768 2.0204081632653064 97.12912087912089 20.431399917287017
decision_type=2 2 2 2 2 2 2 2 2 2 2 2
left_child=6 7 3 4 -3 -6 -1 8 11 -8 -11 -2
right_child=1 2 -4 -5 5 -7 9 -9 -10 10 -12 -13
leaf_value=-0.0072239240865671489 -0.00072437214486993889 -0.00054623785335382964 0.013800235874308333 0.0091595129361097104 -0.00054623785335382964 0.0091595129361097104 -0.0035991582053254896 0.0047719085181648531 0.0022807021716469331 -0.0010631242758465122 -0.00072437214486993889 -0.00054623785335382964
leaf_weight=0.46043816348537703 2.7601304517593581 20.911968087311845 1.8692702362313856 1.3277337851468463 2.6039116657339028 2.8826351701281965 0.36371936392970283 0.62381968973204394 0.74553996557369728 39.21882069145795 6.9963668836280695 26.082577755441889
leaf_count=43 460 1170 44 59 44 67 47 21 96 6181 156 2943
internal_value=0.000126752 0.000965089 0.00247533 0.00125799 0.000540775 0.00481187 -0.000937043 -0.000546238 -0.000724372 -0.000724372 -0.000724372 -0.000724372
internal_weight=106.847 59.8076 29.5955 27.7262 26.3985 5.48655 47.0393 30.2121 29.5882 46.5789 46.2152 28.8427
internal_count=11331 4904 1384 1340 1281 111 6427 3520 3499 6384 6337 3403
is_linear=0
shrinkage=0.03


Tree=134
num_leaves=12
num_cat=0
split_feature=10 4 1 9 0 1 1 9 0 9 9
split_gain=0.0986971 0.144164 0.423475 0.16538 0.131155 0.0656106 0.0228205 0.0119522 0.0118089 0.0065215 0.00141786
threshold=53.907203907203915 73.6566014905261 93.007967017661159 94.630630630630648 99.749677306164401 0.96269694161260444 20.431399917287017 4.5983086680761112 58.807939115660595 8.1356867071152816 2.0204081632653064
decision_type=2 2 2 2 2 2 2 2 2 2 2
left_child=5 6 3 4 9 -1 -2 10 -8 -3 -7
right_child=1 2 -4 -5 -6 7 8 -9 -10 -11 -12
leaf_value=-0.0071467010770580579 -0.00065507923084111568 -0.00016372357990147591 0.013251831575987165 0.0088774193388103662 0.0068448606811722153 -0.0037320495319227783 -0.00065507923084111568 -0.00065507923084111568 -0.00016372357990147591 0.00035768601902654322 -0.00076644233760178864
leaf_weight=0.46248310431837936 2.8025498019997093 3.9756461505312748 1.9409789722412814 1.3302927524782706 1.6576085155829776 0.3590857567032788 14.39502592070494 45.118871993618086 13.020880531636065 20.687562135281041 0.92160019837319851
leaf_count=43 469 113 44 59 23 47 2338 6195 713 1145 142
internal_value=0.000153499 0.000954276 0.00240747 0.00121029 0.000512038 -0.000867125 -0.000500333 -0.000655079 -0.000163724 -0.000163724 -0.00286974
internal_weight=106.673 59.8105 29.5921 27.6511 26.3208 46.862 30.2185 46.3996 27.4159 24.6632 1.28069
internal_count=11331 4904 1384 1340 1281 6427 3520 6384 3051 1258 189
is_linear=0
shrinkage=0.03


Tree=135
num_leaves=5
num_cat=0
split_feature=0 5 4 4
split_gain=0.113426 0.0279196 0.0251745 0.00667182
threshold=99.749677306164401 1.3157985858627832 1.3157985858627832 72.053508150248078
decision_type=2 2 2 2
left_child=1 2 -1 -3
right_child=-2 3 -4 -5
leaf_value=-0.0056028765501066474 0.0057543280611971927 0.00029551088634600166 0.00029551088634600166 0.00064853434286732175
leaf_weight=0.39018195518292387 2.4655190901830784 54.940409978386015 0.42353743547573686 47.882125034346245
leaf_count=49 38 7989 81 3150
internal_value=0.000414013 0.000233187 -0.00346301 0.000295511
internal_weight=106.102 103.636 0.813719 102.823
internal_count=11307 11269 130 11139
is_linear=0
shrinkage=0.03


Tree=136
num_leaves=12
num_cat=0
split_feature=0 1 4 9 9 4 1 3 9 3 4
split_gain=0.102009 0.0349487 0.0803967 0.0639628 0.0336069 0.0217008 0.111186 0.249654 0.0697925 0.148856 0.013538
threshold=99.749677306164401 19.240205658618724 59.54131652661065 5.2982456140350882 57.052441229656431 71.266310050273916 43.99007721817825 96.389886468952753 82.637681159420296 90.330372448184519 84.151092809629404
decision_type=2 2 2 2 2 2 2 2 2 2 2
left_child=1 2 4 -4 -1 -3 -7 8 -8 -10 -5
right_child=-2 5 3 10 -6 6 7 -9 9 -11 -12
leaf_value=-0.0064840076222553097 0.0055125640062526887 0.00052088605170661959 -0.0046809598398719742 -0.00025295654910333722 -0.00025295654910333722 0.00052088605170661959 0.00052088605170661959 0.0055125640062526887 0.00052088605170661959 0.0055125640062526887 0.00052088605170661959
leaf_weight=1.7975622486555978 2.441216761711984 50.136663229088299 0.6675813202746238 4.400999003555623 1.19627168495208 10.443695427151395 12.46896880795248 8.7901561735197884 1.206878308206796 1.3663344355300067 11.096929411403833
leaf_count=362 38 7113 61 690 266 857 845 105 170 18 782
internal_value=0.000429257 0.000257872 -0.000869278 6.82126e-05 -0.00468096 0.000520886 0.00127012 0.00272045 0.000520886 0.00477226 0.000520886
internal_weight=106.013 103.572 19.1593 16.1655 2.99383 84.4127 34.276 23.8323 15.0422 2.57321 15.4979
internal_count=11307 11269 2161 1533 628 9108 1995 1138 1033 188 1472
is_linear=0
shrinkage=0.03


Tree=137
num_leaves=12
num_cat=0
split_feature=0 1 5 1 3 5 9 3 9 9 5
split_gain=0.0875132 0.0334004 0.014167 0.00909102 0.0358634 0.0574335 0.0885253 0.0193398 0.017833 0.00531033 0.00167045
threshold=99.749677306164401 19.240205658618724 0.96269694161260444 43.99007721817825 89.534022724371269 83.066649598907674 70.961791831357061 25.285011011789095 8.1356867071152816 4.0270270270270281 58.757332510033969
decision_type=2 2 2 2 2 2 2 2 2 2 2
left_child=1 9 -3 7 -5 -6 8 -4 -7 -1 -11
right_child=-2 2 3 4 5 6 -8 -9 -10 10 -12
leaf_value=-0.0028017357998175187 0.0051361864344663848 -0.0008395605529775516 -0.0008395605529775516 3.6063900931474426e-05 3.6063900931474426e-05 3.6063900931474426e-05 0.0049123602787440671 3.6063900931474426e-05 0.0014769045292894276 -0.0016959082004443134 -0.0008395605529775516
leaf_weight=0.42440780764446984 2.4347736439667633 0.55170935811474819 3.0425364678958564 30.387442165520042 3.2292311771307132 4.604796784231449 6.2613738176878533 17.785205435822718 18.519062852486968 2.9261924762977314 15.762181102531029
leaf_count=46 38 81 686 5619 131 68 105 2090 328 720 1395
internal_value=0.000423015 0.000264043 0.00052092 0.000582255 0.000759434 0.00143483 0.0020022 3.60639e-05 0.00104323 -0.000839561 -0.000839561
internal_weight=105.929 103.494 84.3814 83.8296 63.0019 32.6145 29.3852 20.8277 23.1239 19.1128 18.6884
internal_count=11307 11269 9108 9027 6251 632 501 2776 396 2161 2115
is_linear=0
shrinkage=0.03


Tree=138
num_leaves=7
num_cat=0
split_feature=9 3 4 10 3 10
split_gain=0.0233147 0.0279373 0.0100854 0.230529 0.0429407 0.024517
threshold=2.7212143650499816 35.627994654122929 72.053508150248078 97.617697107203639 98.290595742143253 55.63492063492064
decision_type=2 2 2 2 2 2
left_child=1 -1 -2 5 -5 -4
right_child=2 -3 3 4 -6 -7
leaf_value=-0.0052166348857225816 0.0004825061801451668 0.0004825061801451668 0.0004825061801451668 0.0026901679634008424 0.0083121135123733775 0.0016225277890442391
leaf_weight=0.44722706219181307 54.704510473064147 0.90376447699964046 19.909081007004716 4.0118387220427385 2.7758791036903858 23.056902104988694
leaf_count=76 7982 107 1760 114 21 1247
internal_value=0.000420259 -0.0025507 0.000482506 0.000910792 0.00576141 0.000482506
internal_weight=105.809 1.35099 104.458 49.7537 6.78772 42.966
internal_count=11307 183 11124 3142 135 3007
is_linear=0
shrinkage=0.03


Tree=139
num_leaves=4
num_cat=0
split_feature=9 3 3
split_gain=0.0226041 0.028491 0.012901
threshold=2.7212143650499816 35.627994654122929 99.749677306164401
decision_type=2 2 2
left_child=1 -1 -2
right_child=2 -3 -4
leaf_value=-0.0052074089576567865 0.00049113979432464071 0.00049113979432464071 0.0020431606870229832
leaf_weight=0.44324657460674532 100.485892690951 0.90436702314764261 3.9204187807627013
leaf_count=76 11083 107 41
internal_value=0.000429994 -0.00249859 0.00049114
internal_weight=105.754 1.34761 104.406
internal_count=11307 183 11124
is_linear=0
shrinkage=0.03


Tree=140
num_leaves=10
num_cat=0
split_feature=9 1 5 1 5 5 1 1 5
split_gain=0.0968449 0.0250086 0.0333326 0.00823832 0.019065 0.00774032 0.0162426 0.00271843 0.0026549
threshold=2.0204081632653064 43.99007721817825 34.047938210136614 1.6990691646046898 99.018403430168163 84.953329361364112 80.304967836937166 25.285011011789095 54.409912579641436
decision_type=2 2 2 2 2 2 2 2 2
left_child=-1 2 7 4 -4 6 -3 -2 -5
right_child=1 5 3 8 -6 -7 -8 -9 -10
leaf_value=-0.0065718881833457142 -0.0028576626180785614 0.00055176568312852983 -0.0020784038948482826 -0.00016084782300407232 0.00055176568312852983 0.0014081944630491567 0.0014081944630491567 -0.00089592464392476115 0.00055176568312852983
leaf_weight=0.6805709182517593 1.8185237862635393 18.02574339765124 1.4009357418399297 4.304772652569226 0.78592680906876911 31.392497544642538 15.162455925485117 2.6150851176353171 30.934158354066312
leaf_count=80 461 3701 140 1002 23 669 1972 602 2729
internal_value=0.000593829 0.000700388 0.000124323 0.000432564 -0.00105865 0.00106619 0.000710958 -0.0020784 0.000551766
internal_weight=107.121 106.44 41.8594 37.4258 2.18686 64.5807 33.1882 4.43361 35.2389
internal_count=11379 11299 4957 3894 163 6342 5673 1063 3731
is_linear=0
shrinkage=0.03


Tree=141
num_leaves=9
num_cat=0
split_feature=9 1 11 1 1 11 1 1
split_gain=0.163616 0.0213136 0.0232141 0.210618 0.0170813 0.0071071 0.0380197 0.0112093
threshold=2.0204081632653064 43.99007721817825 87.827261013789524 12.086471155776293 2.1355502771179737 97.062419099669214 69.356754271703338 99.749677306164401
decision_type=2 2 2 2 2 2 2 2
left_child=-1 2 3 4 -2 7 -7 -3
right_child=1 5 -4 -5 -6 6 -8 -9
leaf_value=-0.0089641109226810487 -0.0069454687949987636 0.0010322261994315236 0.0010322261994315236 0.0010322261994315236 -0.0027781987227877549 0.0010322261994315236 0.0040863736820085581 0.0035889942171209088
leaf_weight=0.60535486205480893 1.1141526333522067 58.461010309169069 11.759076556656508 21.175995968747884 7.7434952254407108 1.7024112981744099 3.5825370834209025 0.86373061523772676
leaf_count=80 145 6146 680 3195 937 64 95 37
internal_value=0.000557569 0.000694699 0.000160968 -0.000292267 -0.00395378 0.00103223 0.00212184 0.00103223
internal_weight=107.008 106.402 41.7927 30.0336 8.85765 64.6097 5.28495 59.3247
internal_count=11379 11299 4957 4277 1082 6342 159 6183
is_linear=0
shrinkage=0.03


Tree=142
num_leaves=9
num_cat=0
split_feature=9 1 11 1 1 11 1 1
split_gain=0.100077 0.0170635 0.0204704 0.198658 0.0163283 0.00702991 0.0368983 0.00980978
threshold=2.0204081632653064 43.99007721817825 87.827261013789524 12.086471155776293 2.1355502771179737 97.062419099669214 69.356754271703338 99.749677306164401
decision_type=2 2 2 2 2 2 2 2
left_child=-1 2 3 4 -2 7 -7 -3
right_child=1 5 -4 -5 -6 6 -8 -9
leaf_value=-0.0070069509729748765 -0.0067128099453713638 0.00098217839475658419 0.00098217839475658419 0.00098217839475658419 -0.0026649857160556695 0.00098217839475658419 0.0039896475327517826 0.0033832094637174844
leaf_weight=0.55192846443969656 1.1096295891329662 58.490364870405756 11.81281370623037 21.19240251427982 7.7223143274895847 1.7027572074439365 3.5843383700121194 0.87152827554382284
leaf_count=80 145 6146 680 3195 937 64 95 37
internal_value=0.000575896 0.000680023 0.000201088 -0.000229158 -0.00380458 0.000982178 0.00205911 0.000982178
internal_weight=107.038 106.486 41.8372 30.0243 8.83194 64.649 5.2871 59.3619
internal_count=11379 11299 4957 4277 1082 6342 159 6183
is_linear=0
shrinkage=0.03


Tree=143
num_leaves=9
num_cat=0
split_feature=9 11 1 1 4 1 1 4
split_gain=0.094885 0.0188635 0.0135483 0.0116757 0.0023711 0.0973487 0.0204055 0.00929932
threshold=2.0204081632653064 1.0596045078803702 0.96269694161260444 99.018403430168163 49.612392748639543 26.474368667775597 89.92536158783011 0.96269694161260444
decision_type=2 2 2 2 2 2 2 2
left_child=-1 -2 -3 4 5 -4 -6 -7
right_child=1 2 3 -5 6 7 -8 -9
leaf_value=-0.0068101703640549033 -0.0026681612005673215 -0.0017357549232125803 -0.0017357549232125803 0.0024353504010027351 0.00081374705597702952 -0.0017357549232125803 0.0023427502781071955 0.00081374705597702952
leaf_weight=0.54463094798847933 0.52827230584807594 1.0561432666145254 3.5182792285922906 2.8558716531842938 60.641864408506081 0.3268266897648634 7.1387439442332825 30.364581024157815
leaf_count=80 104 85 730 111 5296 58 283 4632
internal_value=0.000592884 0.000693806 0.000735379 0.000776435 0.000706787 0.000477773 0.000813747 0.000813747
internal_weight=106.975 106.431 105.902 104.846 101.99 34.2097 67.7806 30.6914
internal_count=11379 11299 11195 11110 10999 5420 5579 4690
is_linear=0
shrinkage=0.03


Tree=144
num_leaves=7
num_cat=0
split_feature=9 1 1 11 1 4
split_gain=0.091212 0.00916652 0.0047851 0.0916302 0.00162271 0.0389627
threshold=2.0204081632653064 0.96269694161260444 99.018403430168163 76.91391941391943 43.99007721817825 22.469257795344756
decision_type=2 2 2 2 2 2
left_child=-1 -2 4 -4 5 -3
right_child=1 2 3 -5 -6 -7
leaf_value=-0.0066790424857413521 -0.0013511849066299864 -0.0013511849066299864 0.00067650089209517227 0.0069135772326570427 0.00067650089209517227 0.00067650089209517227
leaf_weight=0.53926731133833428 1.0637881460133929 2.3706536416430017 1.6775861773639911 1.2604871555231509 61.769719503819942 38.262028571916744
leaf_count=80 86 470 87 33 6222 4401
internal_value=0.000592797 0.000691495 0.000724635 0.00180449 0.000676501 0.000461857
internal_weight=106.944 106.404 105.34 2.93807 102.402 40.6327
internal_count=11379 11299 11213 120 11093 4871
is_linear=0
shrinkage=0.03


Tree=145
num_leaves=8
num_cat=0
split_feature=1 3 1 5 3 3 3
split_gain=0.026634 0.00568845 0.0427364 0.0359614 0.0136684 0.0120404 0.00043404
threshold=1.3157985858627832 97.570810385523217 80.304967836937166 33.248726059255162 93.007967017661159 15.220244208604361 6.4596372973840479
decision_type=2 2 2 2 2 2 2
left_child=-1 2 3 6 -4 -5 -2
right_child=1 -3 4 5 -6 -7 -8
leaf_value=-0.002395460788086948 -0.0019233174562631329 0.0013356778767180777 0.00061489243091877063 -0.0011745627019032281 0.0013356778767180777 0.00061489243091877063 -0.0011745627019032281
leaf_weight=1.3900149057153601 2.1575582652585554 18.353951998986304 16.731492245104171 0.55612266098614682 6.7007722312118849 49.268118266365491 9.4918045655358565
leaf_count=133 498 286 2034 122 125 5868 2185
internal_value=0.000782493 0.000847838 0.000728062 0.000262414 0.00133568 0.000614892 -0.00117456
internal_weight=104.65 103.26 84.9059 61.4736 23.4323 49.8242 11.6494
internal_count=11251 11118 10832 8673 2159 5990 2683
is_linear=0
shrinkage=0.03


Tree=146
num_leaves=10
num_cat=0
split_feature=9 1 3 1 3 3 1 3 5
split_gain=0.0455978 0.0255212 0.0104539 0.064035 0.0446895 0.0365292 0.0096199 0.000743735 0.000320067
threshold=2.547874066861409 0.96269694161260444 97.880790984239283 80.304967836937166 96.026483095448626 15.636460880195601 64.626655480314028 93.007967017661159 24.085944163664376
decision_type=2 2 2 2 2 2 2 2 2
left_child=-1 -2 3 5 7 6 8 -5 -3
right_child=1 2 -4 4 -6 -7 -8 -9 -10
leaf_value=-0.003894394970677624 -0.0025705776893720253 -0.0025705776893720253 0.0016014976465524597 0.00022150061753322932 0.0016014976465524597 0.00022150061753322932 0.00019501128556301367 0.00069457048670312131 -0.00072807924419395127
leaf_weight=0.8770418637432148 0.98771127313375373 3.3757959549548096 16.62646529241465 16.427069601370036 2.8572436566464594 56.857174648204818 1.2838017921894787 4.259821963030844 1.0318061644211409
leaf_count=129 83 789 249 2004 43 7346 288 88 232
internal_value=0.000781413 0.000857771 0.000915203 0.000765798 0.0016015 0.000221501 -0.00199673 0.000221501 -0.00255313
internal_weight=104.584 103.707 102.719 86.0927 23.5441 62.5486 5.6914 20.6869 4.4076
internal_count=11251 11122 11039 10790 2135 8655 1309 2092 1021
is_linear=0
shrinkage=0.03


Tree=147
num_leaves=5
num_cat=0
split_feature=9 1 1 1
split_gain=0.0416093 0.0239094 0.00507927 0.000144957
threshold=2.547874066861409 0.96269694161260444 99.749677306164401 80.304967836937166
decision_type=2 2 2 2
left_child=-1 -2 3 -3
right_child=1 2 -4 -5
leaf_value=-0.0037010657690474797 -0.0024717090200840753 0.00080210452196723169 0.0025793265829402818 0.0010075259016693787
leaf_weight=0.86905317415948857 0.98588878707960148 74.201159342308529 0.87020163028500874 27.633853320265189
leaf_count=129 83 8826 32 2181
internal_value=0.000778384 0.000850921 0.000906342 0.000867103
internal_weight=104.56 103.691 102.705 101.835
internal_count=11251 11122 11039 11007
is_linear=0
shrinkage=0.03


Tree=148
num_leaves=5
num_cat=0
split_feature=9 1 5 5
split_gain=0.040974 0.0253584 0.00366304 0.00025712
threshold=2.547874066861409 0.96269694161260444 34.047938210136614 1.3157985858627832
decision_type=2 2 2 2
left_child=-1 -2 3 -3
right_child=1 2 -4 -5
leaf_value=-0.0036724171059329953 -0.0025715712479800912 -5.708839935791585e-05 0.00099064834888518355 0.00049969866444470935
leaf_weight=0.86671734449919213 0.98438264918513496 0.57568790577352302 84.374970184988342 17.75842907500919
leaf_count=129 83 117 7276 3646
internal_value=0.000775878 0.000847782 0.000905033 0.000480167
internal_weight=104.56 103.693 102.709 18.3341
internal_count=11251 11122 11039 3763
is_linear=0
shrinkage=0.03


Tree=149
num_leaves=5
num_cat=0
split_feature=1 3 1 1
split_gain=0.036932 0.00746608 0.02039 0.00597701
threshold=0.96269694161260444 99.749677306164401 1.6990691646046898 80.304967836937166
decision_type=2 2 2 2
left_child=-1 2 -2 -4
right_child=1 -3 3 -5
leaf_value=-0.003435775119992246 -0.0023235553879569198 0.0020553628674322231 0.00066308972350319524 0.0012050661654286986
leaf_weight=0.88443534472025831 0.94650533935055037 3.7270092871040097 71.057641722727567 27.875827046111226
leaf_count=88 87 39 8806 2231
internal_value=0.000770644 0.000839054 0.000773743 0.000826329
internal_weight=104.491 103.607 99.88 98.9335
internal_count=11251 11163 11124 11037
is_linear=0
shrinkage=0.03


Tree=150
num_leaves=6
num_cat=0
split_feature=1 3 3 10 1
split_gain=0.086267 0.360401 0.0100316 0.00411752 0.0842234
threshold=99.018403430168163 93.007967017661159 97.880790984239283 48.683298683298695 28.853288569378055
decision_type=2 2 2 2 2
left_child=2 -2 3 4 -1
right_child=1 -3 -4 -5 -6
leaf_value=-0.0033443643572297864 -0.00023967881773927295 0.012202282803666902 0.00045709999580394634 -0.00023967881773927295 -0.00023967881773927295
leaf_weight=7.4000794542953399 1.2039544910658144 1.6159496444743124 14.939456397900356 55.259058251860552 23.98735581652727
leaf_count=1326 99 21 231 6176 3425
internal_value=-7.55502e-05 0.00435201 -0.000239679 -0.000363661 -0.000636909
internal_weight=104.406 2.8199 101.586 86.6465 31.3874
internal_count=11278 120 11158 10927 4751
is_linear=0
shrinkage=0.03


Tree=151
num_leaves=6
num_cat=0
split_feature=1 3 3 11 1
split_gain=0.0351385 0.247125 0.00183002 0.0173451 0.0802879
threshold=99.018403430168163 93.007967017661159 97.880790984239283 5.548862115127176 22.849792607857129
decision_type=2 2 2 2 2
left_child=2 -2 3 4 -1
right_child=1 -3 -4 -5 -6
leaf_value=-0.0076175318646386197 -0.00021666429393847559 0.0094876498545718186 8.6438920681120631e-05 -0.00021666429393847559 -0.00021666429393847559
leaf_weight=0.61034981580451075 1.2059429995715611 1.7110274848528204 14.827728912699966 83.665887643350288 2.2107307858532295
leaf_count=114 99 21 231 10406 407
internal_value=-0.000110932 0.00267921 -0.000216664 -0.000269024 -0.00225638
internal_weight=104.232 2.91697 101.315 86.487 2.82108
internal_count=11278 120 11158 10927 521
is_linear=0
shrinkage=0.03


Tree=152
num_leaves=6
num_cat=0
split_feature=1 0 0 11 1
split_gain=0.0388534 0.118625 0.0159311 0.00419751 1.47315e-06
threshold=99.018403430168163 70.640843402037447 99.749677306164401 98.55247075257553 98.663092046470084
decision_type=2 2 2 2 2
left_child=2 -2 3 4 -1
right_child=1 -3 -4 -5 -6
leaf_value=-0.00043238825075117261 -0.00021907487881506085 0.0073757503359453422 0.0018253548025927609 -0.00021907487881506085 -0.00021907487881506085
leaf_weight=93.751953293336555 1.4268767512403422 1.481336780823767 2.3374808942899099 4.5815974220167837 0.61292460584081609
leaf_count=10904 92 28 40 168 46
internal_value=-0.000107903 0.00282925 -0.000219075 -0.000285152 -0.000430482
internal_weight=104.192 2.90821 101.284 98.9465 94.3649
internal_count=11278 120 11158 11118 10950
is_linear=0
shrinkage=0.03


Tree=153
num_leaves=5
num_cat=0
split_feature=1 0 0 11
split_gain=0.0526635 0.136657 0.0166037 0.00422955
threshold=99.018403430168163 70.640843402037447 99.749677306164401 98.55247075257553
decision_type=2 2 2 2
left_child=2 -2 3 -1
right_child=1 -3 -4 -5
leaf_value=-0.00045229928460830332 -0.0002394634640462506 0.0080211754270068415 0.0018457472155232963 -0.0002394634640462506
leaf_weight=94.325840757344849 1.4267334379255765 1.5248251815792171 2.3454738440923384 4.5805625880602738
leaf_count=10950 92 28 40 168
internal_value=-0.000109147 0.00329058 -0.000239463 -0.000306892
internal_weight=104.203 2.95156 101.252 98.9064
internal_count=11278 120 11158 11118
is_linear=0
shrinkage=0.03


Tree=154
num_leaves=9
num_cat=0
split_feature=1 3 10 1 9 3 3 3
split_gain=0.0578291 0.289995 0.00411795 0.0434332 0.0411312 0.0256619 0.022143 0.0099998
threshold=99.018403430168163 93.007967017661159 53.907203907203915 1.3157985858627832 3.6811201445347788 97.12912087912089 99.463086280953632 4.8490223578912639
decision_type=2 2 2 2 2 2 2 2
left_child=2 -2 3 -1 -5 -6 7 -4
right_child=1 -3 6 4 5 -7 -8 -9
leaf_value=-0.0054544797234269875 -0.00024866959502265298 0.010484578104242399 -0.0010235963195905191 -0.0053816250225316676 -0.0010235963195905191 -0.00024866959502265298 0.001814312158980392 -0.00024866959502265298
leaf_weight=0.56537567381746967 1.2607679166831069 1.7356272411998359 1.2230973861878727 0.42623014887794752 37.85916015447583 5.9916921837721011 4.4315229849889866 50.723485983675346
leaf_count=63 99 21 203 81 6029 141 47 4594
internal_value=-0.000111293 0.00343041 -0.00024867 -0.000535365 -0.000353471 -0.00024867 -0.00024867 -0.00024867
internal_weight=104.217 2.9964 101.221 44.8425 44.2771 43.8509 56.3781 51.9466
internal_count=11278 120 11158 6314 6251 6170 4844 4797
is_linear=0
shrinkage=0.03


Tree=155
num_leaves=6
num_cat=0
split_feature=1 1 11 9 9
split_gain=0.00915533 0.00256251 0.00656891 0.015303 0.00139822
threshold=99.749677306164401 0.51613676625331339 98.55247075257553 52.306468716861083 2.7212143650499816
decision_type=2 2 2 2 2
left_child=1 -1 4 -4 -3
right_child=-2 2 3 -5 -6
leaf_value=-0.0011305197704015607 0.0020529758235023959 -0.00076609518351945414 2.2452823147266079e-05 0.0020529758235023959 2.2452823147266079e-05
leaf_weight=0.5925642738584419 1.1307009407319117 1.0245800203410897 1.9382433048449446 3.6196884131059051 99.070428009727038
leaf_count=50 41 160 81 101 10943
internal_value=0.000105374 6.56977e-05 8.29438e-05 0.00100281 2.24528e-05
internal_weight=107.376 106.246 105.653 5.55793 100.095
internal_count=11376 11335 11285 182 11103
is_linear=0
shrinkage=0.03


Tree=156
num_leaves=4
num_cat=0
split_feature=1 1 9
split_gain=0.00753051 0.0025265 0.000848087
threshold=99.749677306164401 0.51613676625331339 2.7212143650499816
decision_type=2 2 2
left_child=1 -1 -3
right_child=-2 2 -4
leaf_value=-0.0011198404051333064 0.0018705304620477384 -0.00051955471827431945 9.6110770884602802e-05
leaf_weight=0.59287315024994214 1.1306139333173622 1.0725009327288706 104.56888611568138
leaf_count=50 41 163 11122
internal_value=0.000104011 6.79425e-05 8.5047e-05
internal_weight=107.365 106.234 105.641
internal_count=11376 11335 11285
is_linear=0
shrinkage=0.03


Tree=157
num_leaves=6
num_cat=0
split_feature=11 1 9 1 1
split_gain=0.00926694 0.0684129 0.0636293 0.177896 3.13755e-05
threshold=10.719073152049026 99.749677306164401 28.660714285714288 70.530184110295835 0.51613676625331339
decision_type=2 2 2 2 2
left_child=2 4 3 -1 -2
right_child=1 -3 -4 -5 -6
leaf_value=-0.010139087396481139 7.1939678405792362e-05 0.0058047186541259951 7.1939678405792362e-05 7.1939678405792362e-05 9.0239424141946352e-05
leaf_weight=1.1544850786449381 0.58033047360367973 0.91014642152003844 4.8018896874273196 1.1388694047927854 98.776738219428807
leaf_count=182 47 22 792 113 10220
internal_value=0.000103603 0.000180784 -0.000874698 -0.00435443 7.19397e-05
internal_weight=107.362 100.267 7.09524 2.29335 99.3571
internal_count=11376 10289 1087 295 10267
is_linear=0
shrinkage=0.03


Tree=158
num_leaves=6
num_cat=0
split_feature=11 1 9 1 1
split_gain=0.00861265 0.0784224 0.063256 0.17911 2.82667e-05
threshold=10.719073152049026 99.749677306164401 28.660714285714288 70.530184110295835 0.51613676625331339
decision_type=2 2 2 2 2
left_child=2 4 3 -1 -2
right_child=1 -3 -4 -5 -6
leaf_value=-0.010149902423899187 8.0445273229370491e-05 0.0061880278042492978 8.0445273229370491e-05 8.0445273229370491e-05 9.8327309237257826e-05
leaf_weight=1.1470497761620202 0.58014981914311547 0.92952723382040758 4.8006017160369083 1.1395780160091815 98.795904687605798
leaf_count=182 47 22 792 113 10220
internal_value=0.000123413 0.000197568 -0.000820765 -0.00431527 8.04453e-05
internal_weight=107.393 100.306 7.08723 2.28663 99.3761
internal_count=11376 10289 1087 295 10267
is_linear=0
shrinkage=0.03


Tree=159
num_leaves=6
num_cat=0
split_feature=11 1 9 1 1
split_gain=0.00751562 0.078837 0.0596342 0.173642 2.94317e-05
threshold=10.719073152049026 99.749677306164401 28.660714285714288 70.530184110295835 0.51613676625331339
decision_type=2 2 2 2 2
left_child=2 4 3 -1 -2
right_child=1 -3 -4 -5 -6
leaf_value=-0.0099551118623415983 7.4230441376240081e-05 0.0061972870687748973 7.4230441376240081e-05 7.4230441376240081e-05 9.2137103767761272e-05
leaf_weight=1.1432522207032882 0.58026431454345484 0.92987578944302995 4.800433062016964 1.1396804715041069 98.793666348792613
leaf_count=182 47 22 792 113 10220
internal_value=0.000122409 0.00019161 -0.00075999 -0.0041759 7.42304e-05
internal_weight=107.387 100.304 7.08337 2.28293 99.3739
internal_count=11376 10289 1087 295 10267
is_linear=0
shrinkage=0.03


Tree=160
num_leaves=5
num_cat=0
split_feature=0 4 1 1
split_gain=0.0601561 0.0231914 0.307925 0.0157224
threshold=99.749677306164401 72.053508150248078 20.431399917287017 98.663092046470084
decision_type=2 2 2 2
left_child=1 2 -1 -4
right_child=-2 -3 3 -5
leaf_value=-0.0067493515602767441 0.0042998170900030502 0.00076064904247301779 0.00018782783603160565 0.00076064904247301779
leaf_weight=4.6991872161161146 2.4815891911275676 47.948288448038511 48.014459839789197 2.6462100229691705
leaf_count=1011 43 3142 7015 137
internal_value=0.000418287 0.000284719 -0.000133676 0.000598751
internal_weight=105.79 103.308 55.3599 50.6607
internal_count=11348 11305 8163 7152
is_linear=0
shrinkage=0.03


Tree=161
num_leaves=7
num_cat=0
split_feature=0 1 4 11 11 11
split_gain=0.0454567 0.0293157 0.0654302 0.105226 0.0410043 0.0018293
threshold=99.749677306164401 98.663092046470084 72.053508150248078 98.247741143150762 70.654748674308593 65.636681778414086
decision_type=2 2 2 2 2 2
left_child=1 2 3 -1 -3 -4
right_child=-2 4 5 -5 -6 -7
leaf_value=-0.0010932063818627272 0.003761055261374123 0.00098263252347090572 0.00062886239494857157 0.00098263252347090572 0.003761055261374123 0.00098263252347090572
leaf_weight=50.197352329967543 2.5223851487971833 1.8347751668188714 19.869876541546546 2.4692959007807067 1.8467034285422412 27.018871768610552
leaf_count=7914 43 110 1817 112 52 1300
internal_value=0.000406277 0.000289014 0.000178061 -0.000543207 0.00261049 0.000982633
internal_weight=105.759 103.237 99.5554 52.6666 3.68148 46.8887
internal_count=11348 11305 11143 8026 162 3117
is_linear=0
shrinkage=0.03


Tree=162
num_leaves=5
num_cat=0
split_feature=1 10 4 11
split_gain=0.0445041 0.170233 0.0344019 0.0619523
threshold=98.663092046470084 58.397435897435905 72.053508150248078 98.247741143150762
decision_type=2 2 2 2
left_child=2 -2 3 -1
right_child=1 -3 -4 -5
leaf_value=-0.0009954597570442968 0.00030970624992251062 0.0080661241580272137 0.00030970624992251062 0.00030970624992251062
leaf_weight=50.020116373663768 1.4984216024167829 2.2481091625522822 49.375927475397475 2.4694145706016561
leaf_count=7915 85 77 3159 112
internal_value=0.000445217 0.00328816 0.000309706 -0.000452285
internal_weight=105.612 3.74653 101.865 52.4895
internal_count=11348 162 11186 8027
is_linear=0
shrinkage=0.03


Tree=163
num_leaves=5
num_cat=0
split_feature=1 10 4 11
split_gain=0.0444138 0.17064 0.0338769 0.0614476
threshold=98.663092046470084 58.397435897435905 72.053508150248078 98.247741143150762
decision_type=2 2 2 2
left_child=2 -2 3 -1
right_child=1 -3 -4 -5
leaf_value=-0.00099203858106910168 0.00030662777128433215 0.0080436939345450015 0.00030662777128433215 0.00030662777128433215
leaf_weight=49.980339512461796 1.4975961865857237 2.2691398053430021 49.384035772294737 2.4703477302100501
leaf_count=7915 85 77 3159 112
internal_value=0.000442279 0.00327596 0.000306628 -0.000449795
internal_weight=105.601 3.76674 101.835 52.4507
internal_count=11348 162 11186 8027
is_linear=0
shrinkage=0.03


Tree=164
num_leaves=6
num_cat=0
split_feature=0 1 11 4 11
split_gain=0.0392289 0.0385817 0.0564636 0.0223468 0.0530464
threshold=99.749677306164401 98.663092046470084 70.654748674308593 72.053508150248078 98.247741143150762
decision_type=2 2 2 2 2
left_child=1 3 -3 4 -1
right_child=-2 2 -4 -5 -6
leaf_value=-0.00094721811801228072 0.003574896099391879 0.00020943398978359035 0.003574896099391879 0.00020943398978359035 0.00020943398978359035
leaf_weight=49.784404566162266 2.5076303719542912 1.9709455326665186 1.9302338387351481 46.874810915440321 2.4688663987908503
leaf_count=7914 43 110 52 3117 112
internal_value=0.000449789 0.000340094 0.00294001 0.000209434 -0.000405783
internal_weight=105.537 103.029 3.90118 99.1281 52.2533
internal_count=11348 11305 162 11143 8026
is_linear=0
shrinkage=0.03


Tree=165
num_leaves=2
num_cat=0
split_feature=10
split_gain=0.000340503
threshold=55.63492063492064
decision_type=2
left_child=-1
right_child=-2
leaf_value=-0.00049032872816212039 -0.0003575216492467729
leaf_weight=49.148667479748838 59.232290544779971
leaf_count=6655 4782
internal_value=-0.000421679
internal_weight=108.381
internal_count=11437
is_linear=0
shrinkage=0.03


Tree=166
num_leaves=2
num_cat=0
split_feature=10
split_gain=0.000348295
threshold=55.63492063492064
decision_type=2
left_child=-1
right_child=-2
leaf_value=-0.00049096538999483927 -0.00035718279574490649
leaf_weight=49.146514088730328 59.23105270427186
leaf_count=6655 4782
internal_value=-0.000421784
internal_weight=108.378
internal_count=11437
is_linear=0
shrinkage=0.03


Tree=167
num_leaves=2
num_cat=0
split_feature=10
split_gain=0.00028017
threshold=55.63492063492064
decision_type=2
left_child=-1
right_child=-2
leaf_value=-0.00048392962225507897 -0.00035906917535241775
leaf_weight=49.146395318559371 59.234084711642936
leaf_count=6655 4782
internal_value=-0.000419595
internal_weight=108.38
internal_count=11437
is_linear=0
shrinkage=0.03


Tree=168
num_leaves=2
num_cat=0
split_feature=10
split_gain=6.37538e-05
threshold=55.63492063492064
decision_type=2
left_child=-1
right_child=-2
leaf_value=-0.00046107431156734767 -0.00036978423066226973
leaf_weight=49.111283656093292 59.272496659890749
leaf_count=6655 4782
internal_value=-0.000414987
internal_weight=108.384
internal_count=11437
is_linear=0
shrinkage=0.03


Tree=169
num_leaves=2
num_cat=0
split_feature=10
split_gain=5.23487e-05
threshold=55.63492063492064
decision_type=2
left_child=-1
right_child=-2
leaf_value=-0.00046010515683771516 -0.00037086729524087524
leaf_weight=49.112617697915994 59.270259147742763
leaf_count=6655 4782
internal_value=-0.000415141
internal_weight=108.383
internal_count=11437
is_linear=0
shrinkage=0.03


Tree=170
num_leaves=7
num_cat=0
split_feature=11 9 9 0 11 9
split_gain=0.0309856 0.0801916 0.0296723 0.0420486 0.0926679 0.00814786
threshold=11.414998303359351 7.5235849056603783 2.0204081632653064 99.749677306164401 99.758745125429272 73.024948024948031
decision_type=2 2 2 2 2 2
left_child=1 -1 -2 4 -4 -3
right_child=2 5 3 -5 -6 -7
leaf_value=-0.0081681101160730601 -0.0045528231744576576 -0.0018080477216924193 -0.0006694235684103774 0.0031208841171684334 0.0031208841171684334 -0.0006694235684103774
leaf_weight=0.74151924951001902 0.60715571884065767 5.0708170981379226 94.820135667803697 1.9421703172847617 0.55152363167144258 1.5271782167255876
leaf_count=101 76 780 10076 27 23 299
internal_value=-0.000651222 -0.00241445 -0.00049599 -0.000424627 -0.000528463 -0.000777897
internal_weight=105.26 7.33951 97.921 97.3138 95.3717 6.598
internal_count=11382 1180 10202 10126 10099 1079
is_linear=0
shrinkage=0.03


Tree=171
num_leaves=5
num_cat=0
split_feature=9 11 0 11
split_gain=0.0321004 0.018387 0.352515 0.0044757
threshold=4.0270270270270281 81.829488919041168 99.749677306164401 11.414998303359351
decision_type=2 2 2 2
left_child=-1 3 -3 -2
right_child=1 2 -4 -5
leaf_value=-0.0037862732778144235 -0.0015265864899857214 -0.00075501170056678805 0.011398971083766736 -0.00075501170056678805
leaf_weight=1.8525598858250294 7.0741393526550373 31.62111144606024 1.2991314153186966 63.357900606701151
leaf_count=270 1133 2014 14 7951
internal_value=-0.00063099 -0.000538691 4.6533e-05 -0.000809049
internal_weight=105.205 103.352 32.9202 70.432
internal_count=11382 11112 2028 9084
is_linear=0
shrinkage=0.03


Tree=172
num_leaves=4
num_cat=0
split_feature=9 0 9
split_gain=0.033256 0.0127828 0.000326382
threshold=4.0270270270270281 99.749677306164401 2.0204081632653064
decision_type=2 2 2
left_child=2 -2 -1
right_child=1 -3 -4
leaf_value=-0.0047913429236541493 -0.00056119874415600315 0.0013004771907758352 -0.0013659978797929601
leaf_weight=0.63270341779570904 100.81660048838239 2.508885833900421 1.2161688640480859
leaf_count=86 11071 41 184
internal_value=-0.000597378 -0.000503962 -0.00380857
internal_weight=105.174 103.325 1.84887
internal_count=11382 11112 270
is_linear=0
shrinkage=0.03


Tree=173
num_leaves=5
num_cat=0
split_feature=9 0 11 11
split_gain=0.0375892 0.0282043 0.0739154 0.00130243
threshold=4.0270270270270281 99.749677306164401 99.758745125429272 10.719073152049026
decision_type=2 2 2 2
left_child=-1 2 3 -2
right_child=1 -3 -4 -5
leaf_value=-0.0040179356554562052 -0.0011823004590406979 0.0021413040336130396 0.0021413040336130396 -0.00067715700523524687
leaf_weight=1.835050809313542 6.0936796534806481 2.5657699005678287 0.55006436863914032 94.107858035597019
leaf_count=270 1054 41 23 9994
internal_value=-0.000597355 -0.000498667 -0.000586281 -0.000719256
internal_weight=105.152 103.317 100.752 100.202
internal_count=11382 11112 11071 11048
is_linear=0
shrinkage=0.03


Tree=174
num_leaves=3
num_cat=0
split_feature=9 0
split_gain=0.0369381 0.0245771
threshold=4.0270270270270281 99.749677306164401
decision_type=2 2
left_child=-1 -2
right_child=1 -3
leaf_value=-0.0039887976365531154 -0.00058257178072790544 0.001966660919457827
leaf_weight=1.8373380469856773 100.73692014242988 2.5625210530124596
leaf_count=270 11071 41
internal_value=-0.000599042 -0.000501084
internal_weight=105.137 103.299
internal_count=11382 11112
is_linear=0
shrinkage=0.03


Tree=175
num_leaves=4
num_cat=0
split_feature=9 1 3
split_gain=0.0198336 0.0251946 0.00862684
threshold=2.7212143650499816 67.746306495323026 99.749677306164401
decision_type=2 2 2
left_child=1 -1 -2
right_child=2 -3 -4
leaf_value=-0.0047626081315293115 0.00058340448710063623 0.00058340448710063623 0.0019336500792371592
leaf_weight=0.45129065657965739 100.65032042190433 0.4660239084623754 3.4453033073805264
leaf_count=100 11139 60 37
internal_value=0.000532786 -0.00251969 0.000583404
internal_weight=105.013 0.917315 104.096
internal_count=11336 160 11176
is_linear=0
shrinkage=0.03


Tree=176
num_leaves=5
num_cat=0
split_feature=9 1 1 1
split_gain=0.0185552 0.0243237 0.000624773 0.000516074
threshold=2.7212143650499816 67.746306495323026 99.749677306164401 0.51613676625331339
decision_type=2 2 2 2
left_child=1 -1 3 -2
right_child=2 -3 -4 -5
leaf_value=-0.0046437267784716898 -0.00015672801931749386 0.00058356419868051828 0.0012406925671272937 0.00058356419868051828
leaf_weight=0.44646271492820133 0.5361413701903065 0.46603821264579892 1.0907959309406567 102.46858301141765
leaf_count=100 44 60 35 11097
internal_value=0.000534821 -0.00242336 0.000583564 0.000583564
internal_weight=105.008 0.912501 104.096 103.005
internal_count=11336 160 11176 11141
is_linear=0
shrinkage=0.03


Tree=177
num_leaves=4
num_cat=0
split_feature=3 10 1
split_gain=0.00952788 0.0037108 0.000357667
threshold=99.749677306164401 2.6491228070175441 0.51613676625331339
decision_type=2 2 2
left_child=1 -1 -3
right_child=-2 2 -4
leaf_value=-0.0010024473759213969 0.0019127013152404016 -0.00011428192418458799 0.00049302863328663283
leaf_weight=0.62582050426863034 3.4391623828560105 0.53698526183143158 100.40493804949801
leaf_count=122 37 45 11132
internal_value=0.00053469 0.000469837 0.000488709
internal_weight=105.007 101.568 100.942
internal_count=11336 11299 11177
is_linear=0
shrinkage=0.03


Tree=178
num_leaves=5
num_cat=0
split_feature=9 1 1 1
split_gain=0.018689 0.024462 0.000566736 0.000490757
threshold=2.7212143650499816 67.746306495323026 99.749677306164401 0.51613676625331339
decision_type=2 2 2 2
left_child=1 -1 3 -2
right_child=2 -3 -4 -5
leaf_value=-0.0046632080247601673 -0.00014580209378260643 0.00058326456317792607 0.0012212680025063315 0.00058326456317792607
leaf_weight=0.44484082970302452 0.53737729834392567 0.46606571809388697 1.0888415512163181 102.4644618765451
leaf_count=100 44 60 35 11097
internal_value=0.000534347 -0.0024355 0.000583265 0.000583265
internal_weight=105.002 0.910907 104.091 103.002
internal_count=11336 160 11176 11141
is_linear=0
shrinkage=0.03


Tree=179
num_leaves=4
num_cat=0
split_feature=9 1 3
split_gain=0.0183127 0.0242176 0.00792791
threshold=2.7212143650499816 67.746306495323026 99.749677306164401
decision_type=2 2 2
left_child=1 -1 -2
right_child=2 -3 -4
leaf_value=-0.0046309058250504831 0.00058329347195565796 0.00058329347195565796 0.0018823836931336413
leaf_weight=0.44201693322975089 100.6619129650062 0.46608072682283819 3.4294819678179911
leaf_count=100 11139 60 37
internal_value=0.000534956 -0.00240764 0.000583293
internal_weight=104.999 0.908098 104.091
internal_count=11336 160 11176
is_linear=0
shrinkage=0.03


Tree=180
num_leaves=7
num_cat=0
split_feature=9 10 1 0 1 11
split_gain=0.0523167 0.205849 0.0548341 0.0421934 0.0217555 0.0128521
threshold=5.2982456140350882 59.169301523426277 30.078138247722666 99.749677306164401 99.018403430168163 60.625841458936812
decision_type=2 2 2 2 2 2
left_child=1 -1 -3 4 -2 -6
right_child=3 2 -4 -5 5 -7
leaf_value=-0.0098385557172662279 0.00032214976342673056 -0.0057628153010428887 0.00032214976342673056 0.0036201210873991357 0.00032214976342673056 0.0036201210873991357
leaf_weight=1.2729716307949268 96.433824646752328 0.76420655939728055 1.7289289941545574 2.5008932948112479 1.3310349301900708 1.9545274705160407
leaf_count=210 10809 53 130 37 71 46
internal_value=0.000181893 -0.00289382 0.00032215 0.00032215 0.00032215 0.00254011
internal_weight=105.986 3.76611 2.49314 102.22 99.7194 3.28556
internal_count=11356 393 183 10963 10926 117
is_linear=0
shrinkage=0.03


Tree=181
num_leaves=7
num_cat=0
split_feature=9 10 1 0 1 11
split_gain=0.0432133 0.194282 0.0480534 0.0398282 0.023541 0.0137728
threshold=5.2982456140350882 59.169301523426277 30.078138247722666 99.749677306164401 99.018403430168163 60.625841458936812
decision_type=2 2 2 2 2 2
left_child=1 -1 -3 4 -2 -6
right_child=3 2 -4 -5 5 -7
leaf_value=-0.0094513075689300306 0.00033193664992586813 -0.0055456542529582877 0.00033193664992586813 0.0035363855614394101 0.00033193664992586813 0.0035363855614394101
leaf_weight=1.2534984487574541 96.46777172095608 0.76154676103033159 1.7292148171691222 2.5015451083891085 1.3318505475763225 1.9757913372013716
leaf_count=210 10809 53 130 37 71 46
internal_value=0.000205162 -0.00259782 0.000331937 0.000331937 0.000331937 0.00262354
internal_weight=106.021 3.74426 2.49076 102.277 99.7754 3.30764
internal_count=11356 393 183 10963 10926 117
is_linear=0
shrinkage=0.03


Tree=182
num_leaves=6
num_cat=0
split_feature=1 5 9 1 1
split_gain=0.0371536 0.216672 0.0406759 0.0721648 0.00911842
threshold=99.018403430168163 84.953329361364112 5.2982456140350882 84.568202773418676 12.086471155776293
decision_type=2 2 2 2 2
left_child=2 -2 3 4 -1
right_child=1 -3 -4 -5 -6
leaf_value=-0.0077769832311877108 0.00010223270732063555 0.0090840371120063761 0.00010223270732063555 0.00010223270732063555 -0.0023298627546856033
leaf_weight=0.47403879358898837 1.6178154065273695 1.8503582235425708 98.993406480061822 0.96479112026281644 2.0909465666627511
leaf_count=60 101 28 10846 63 258
internal_value=0.000219957 0.00289827 0.000102233 -0.00274101 -0.00523566
internal_weight=105.991 3.46817 102.523 3.52978 2.56499
internal_count=11356 129 11227 381 318
is_linear=0
shrinkage=0.03


Tree=183
num_leaves=6
num_cat=0
split_feature=1 10 9 1 1
split_gain=0.03872 0.576037 0.033605 0.052752 0.0026367
threshold=98.663092046470084 66.206699657403888 5.2982456140350882 12.086471155776293 85.749089009958595
decision_type=2 2 2 2 2
left_child=2 -2 3 -1 -5
right_child=1 -3 -4 4 -6
leaf_value=-0.0071908578188367165 9.7439968760538491e-05 0.013472604891961941 9.7439968760538491e-05 -0.00081992740236470386 9.7439968760538491e-05
leaf_weight=0.46040318731684182 2.2602355452254406 2.1033094215672463 98.390239934553392 2.0267842437606309 0.76050511770881701
leaf_count=60 98 71 10811 263 53
internal_value=0.000229514 0.00271411 9.744e-05 -0.00257135 -0.0001111
internal_weight=106.001 4.36354 101.638 3.24769 2.78729
internal_count=11356 169 11187 376 316
is_linear=0
shrinkage=0.03


Tree=184
num_leaves=6
num_cat=0
split_feature=1 10 9 1 1
split_gain=0.0304209 0.402364 0.0160067 0.0681414 0.00565409
threshold=99.018403430168163 66.206699657403888 5.2982456140350882 12.086471155776293 93.007967017661159
decision_type=2 2 2 2 2
left_child=2 -2 3 -1 -5
right_child=1 -3 -4 4 -6
leaf_value=-0.0070761105395008277 0.00014137823380335894 0.012058083138595976 0.00014137823380335894 -0.0012294732559558954 0.00014137823380335894
leaf_weight=0.45459996059071217 1.912759990897029 1.7521562273614106 98.911879240651615 2.4847526649245997 0.46606647595763195
leaf_count=60 74 55 10846 295 26
internal_value=0.000250818 0.0026209 0.000141378 -0.00166821 0.000141378
internal_weight=105.982 3.66492 102.317 3.40542 2.95082
internal_count=11356 129 11227 381 321
is_linear=0
shrinkage=0.03


Tree=185
num_leaves=7
num_cat=0
split_feature=4 11 0 9 3 5
split_gain=0.187959 0.0495329 0.191314 0.169647 0.087661 0.02249
threshold=0.96269694161260444 70.654748674308593 99.749677306164401 62.583333333333343 6.4596372973840479 16.86603897776379
decision_type=2 2 2 2 2 2
left_child=-1 4 3 -3 5 -2
right_child=1 2 -4 -5 -6 -7
leaf_value=-0.0092206600485117193 -0.0052992788587177177 0.00030871897175201862 0.0090426780199710909 0.0035903957400612537 0.00030871897175201862 0.00030871897175201862
leaf_weight=0.67827828880399366 2.1582726459018882 30.879245509160683 1.9515658472664643 16.087211133912206 55.137910663150251 0.26496397354640056
leaf_count=88 452 2008 23 1262 7428 60
internal_value=0.000765672 0.000914483 0.00160681 0.00111576 0.000308719 -0.0044949
internal_weight=107.157 106.479 48.918 46.9665 57.5611 2.42324
internal_count=11321 11233 3293 3270 7940 512
is_linear=0
shrinkage=0.03


Tree=186
num_leaves=10
num_cat=0
split_feature=4 11 0 1 9 1 10 0 10
split_gain=0.135901 0.0407702 0.194238 0.149652 0.114588 0.0175003 0.0499054 0.0184478 0.00374954
threshold=0.96269694161260444 70.654748674308593 99.749677306164401 94.124838199338413 59.476565172767714 4.8490223578912639 97.259759759759774 99.749677306164401 49.099967855994862
decision_type=2 2 2 2 2 2 2 2 2
left_child=-1 5 3 4 -3 6 -2 8 -7
right_child=1 2 -4 -5 -6 7 -8 -9 -10
leaf_value=-0.0078292299088813452 -0.0041322888729062373 0.00035409589931817138 0.0089825612022020503 0.0053927811490513382 0.0028242318987931423 -7.4503556043195159e-05 0.00035409589931817138 0.0037007501525762789 0.00035409589931817138
leaf_weight=0.63473989930935104 2.0264791471417989 26.11739209946245 1.9816916720010329 5.2039756134618065 15.931424840120597 18.246075688395649 0.39615816273726512 0.5721952929161479 36.115228453185409
leaf_count=88 306 1817 23 184 1269 3365 15 10 4244
internal_value=0.000784168 0.000907752 0.00153285 0.00104074 0.000389373 0.000354096 -0.00179961 0.000354096 0.000354096
internal_weight=107.225 106.591 49.2345 47.2528 42.0488 57.3561 2.42264 54.9335 54.3613
internal_count=11321 11233 3293 3270 3086 7940 321 7619 7609
is_linear=0
shrinkage=0.03


Tree=187
num_leaves=9
num_cat=0
split_feature=0 1 5 11 9 11 9 11
split_gain=0.0401945 0.0379587 0.027484 0.0175085 0.166901 0.00932006 0.00116506 0.0184363
threshold=99.749677306164401 0.96269694161260444 1.3157985858627832 98.55247075257553 52.306468716861083 1.0596045078803702 4.1960093896713619 20.551206719772857
decision_type=2 2 2 2 2 2 2 2
left_child=1 -1 -3 5 -5 -4 7 -7
right_child=-2 2 3 4 -6 6 -8 -9
leaf_value=-0.0036221489235513191 0.0037970618704777082 -0.0030617612700253247 -0.0017819907140238238 0.00068981549657131508 0.0037970618704777082 -0.0017819907140238238 0.00068981549657131508 0.00068981549657131508
leaf_weight=0.84959716559387644 2.9079020554199806 0.72528718807734449 0.45076081901788612 1.7874445826746512 3.556390775134787 0.35817175055853967 94.463271718472242 2.1411723667988554
leaf_count=73 46 128 97 81 101 88 10490 217
internal_value=0.0007912 0.000672169 0.000741756 0.000797852 0.00234808 0.000689815 0.000689815 1.15151e-05
internal_weight=107.24 104.332 103.482 102.757 5.34384 97.4134 96.9626 2.49934
internal_count=11321 11275 11202 11074 182 10892 10795 305
is_linear=0
shrinkage=0.03


Tree=188
num_leaves=9
num_cat=0
split_feature=4 11 0 1 9 1 0 0
split_gain=0.1308 0.0404267 0.199819 0.146609 0.111917 0.0159591 0.0165186 0.000221167
threshold=0.96269694161260444 70.654748674308593 99.749677306164401 94.124838199338413 59.476565172767714 4.8490223578912639 99.749677306164401 2.1403121818798785
decision_type=2 2 2 2 2 2 2 2
left_child=-1 5 3 4 -3 -2 7 -7
right_child=1 2 -4 -5 -6 6 -8 -9
leaf_value=-0.0076747957528684879 -0.001698749323311235 0.00036130037138741762 0.0091079170053341499 0.0053311939041949998 0.0028007535495306107 -9.962106707256186e-05 0.0035347385871317746 0.00036130037138741762
leaf_weight=0.62875926285050709 2.4152636867947868 26.133107343688607 1.9689685404300679 5.2423990021925411 15.95479276566766 0.7032610340975215 0.56835428718477388 53.60847112943884
leaf_count=88 321 1817 23 184 1269 138 10 7471
internal_value=0.000792643 0.000913455 0.00153523 0.00103826 0.000392225 0.0003613 0.0003613 0.0003613
internal_weight=107.223 106.595 49.2993 47.3303 42.0879 57.2954 54.8801 54.3117
internal_count=11321 11233 3293 3270 3086 7940 7619 7609
is_linear=0
shrinkage=0.03


Tree=189
num_leaves=13
num_cat=0
split_feature=4 1 11 0 9 9 10 11 11 0 0 0
split_gain=0.129694 0.0305923 0.0321014 0.185896 0.111253 0.00595471 0.0040649 0.0123631 0.00239322 0.00164091 0.000793161 0.00234375
threshold=0.96269694161260444 0.51613676625331339 70.654748674308593 99.749677306164401 62.583333333333343 82.637681159420296 49.099967855994862 3.8049994344531171 50.57444067618372 30.880606399329331 97.12912087912089 2.9004626974111893
decision_type=2 2 2 2 2 2 2 2 2 2 2 2
left_child=-1 -2 6 4 -4 -6 7 -3 10 -10 11 -9
right_child=1 2 3 -5 5 -7 -8 8 9 -11 -12 -13
leaf_value=-0.0076223680505698443 -0.0034139422220210119 -0.0025417043071887142 0.00049064016370568841 0.0091310554188891706 0.0020676392076028802 0.0038281109709563761 0.00049064016370568841 -0.0013076185986813493 -4.0316257656393801e-06 0.00049064016370568841 0.00049064016370568841 -4.0316257656393801e-06
leaf_weight=0.62668511923402448 0.48600780218839545 0.54097986361012118 30.774459316860884 1.7659726343117643 8.6494280048646051 7.8559672348201266 38.269544544746168 0.28607179713435371 1.1364415914285917 3.7783561176620424 0.54172729607671577 12.441732041654175
leaf_count=88 42 139 1993 18 653 605 4446 64 246 639 35 2353
internal_value=0.000816418 0.000936488 0.000988135 0.0015449 0.00107829 0.00307638 0.00049064 4.60374e-05 0.000251498 0.00049064 -4.03163e-06 -7.84752e-05
internal_weight=107.153 106.527 106.041 49.0458 47.2799 16.5054 56.9949 18.7253 18.1843 4.9148 13.2695 12.7278
internal_count=11321 11233 11191 3269 3251 1258 7922 3476 3337 885 2452 2417
is_linear=0
shrinkage=0.03


Tree=190
num_leaves=2
num_cat=0
split_feature=10
split_gain=0.0086346
threshold=9.7800095648015333
decision_type=2
left_child=-1
right_child=-2
leaf_value=-0.0012341770494465128 -0.00014270583521783917
leaf_weight=6.0174929687054819 100.0582843729062
leaf_count=863 10503
internal_value=-0.000215571
internal_weight=106.076
internal_count=11366
is_linear=0
shrinkage=0.03


Tree=191
num_leaves=2
num_cat=0
split_feature=10
split_gain=0.0079757
threshold=9.7800095648015333
decision_type=2
left_child=-1
right_child=-2
leaf_value=-0.0011944797912461808 -0.00014505549210885169
leaf_weight=6.014882842777296 100.06093229365069
leaf_count=863 10503
internal_value=-0.000215161
internal_weight=106.076
internal_count=11366
is_linear=0
shrinkage=0.03


Tree=192
num_leaves=2
num_cat=0
split_feature=10
split_gain=0.00768371
threshold=9.7800095648015333
decision_type=2
left_child=-1
right_child=-2
leaf_value=-0.0011729122876969239 -0.00014286159624632988
leaf_weight=6.0148897886974728 100.0589895574376
leaf_count=863 10503
internal_value=-0.000211679
internal_weight=106.074
internal_count=11366
is_linear=0
shrinkage=0.03


Tree=193
num_leaves=2
num_cat=0
split_feature=10
split_gain=0.00745899
threshold=9.7800095648015333
decision_type=2
left_child=-1
right_child=-2
leaf_value=-0.0011618432079992279 -0.00014624814717159709
leaf_weight=6.0068219758104524 100.06258373346645
leaf_count=863 10503
internal_value=-0.000214077
internal_weight=106.069
internal_count=11366
is_linear=0
shrinkage=0.03


Tree=194
num_leaves=2
num_cat=0
split_feature=10
split_gain=0.00715814
threshold=9.7800095648015333
decision_type=2
left_child=-1
right_child=-2
leaf_value=-0.0011461670131552555 -0.00015063923375797374
leaf_weight=6.001007412094622 100.07113200763706
leaf_count=863 10503
internal_value=-0.00021714
internal_weight=106.072
internal_count=11366
is_linear=0
shrinkage=0.03


Tree=195
num_leaves=7
num_cat=0
split_feature=10 1 4 4 4 1
split_gain=0.0922824 0.540971 0.305598 0.0348187 0.0211359 0.00227345
threshold=97.259759759759774 78.759958772076445 58.757332510033969 87.257258672699862 1.6990691646046898 0.96269694161260444
decision_type=2 2 2 2 2 2
left_child=4 3 -3 -2 -1 -6
right_child=1 2 -4 -5 5 -7
leaf_value=-0.0021807945377346665 0.00078707135911452921 0.0023573122930682991 0.018328052552829936 0.0046348025575940841 -0.00047768666577573224 0.00078707135911452921
leaf_weight=1.2299408335238684 2.8453591467114148 2.3313070749863982 1.7632620534859595 4.593888733536005 0.89044785255100478 92.980158837279305
leaf_count=161 280 95 25 81 78 10612
internal_value=0.00111545 0.00354421 0.0114825 0.000787071 0.000787071 0.000787071
internal_weight=106.634 11.5338 4.09457 7.43925 95.1005 93.8706
internal_count=11332 481 120 361 10851 10690
is_linear=0
shrinkage=0.03


Tree=196
num_leaves=6
num_cat=0
split_feature=10 1 9 1 1
split_gain=0.0690188 0.550187 0.0556051 0.0230944 0.000470284
threshold=97.259759759759774 78.759958772076445 5.2982456140350882 81.084581991317762 0.96269694161260444
decision_type=2 2 2 2 2
left_child=2 -2 3 -1 -4
right_child=1 -3 4 -5 -6
leaf_value=-0.0048243781359539042 0.00083768218267357361 0.011274443415458782 -0.00035299293468789105 0.00036354035098128595 0.00083768218267357361
leaf_weight=1.2392526275943958 7.5136558351805416 4.2113803152460605 0.86749430885538359 0.97898513078689564 91.791894959751517
leaf_count=259 361 120 73 92 10427
internal_value=0.00112635 0.00321281 0.000837682 -0.00313326 0.000837682
internal_weight=106.603 11.725 94.8776 2.21824 92.6594
internal_count=11332 481 10851 351 10500
is_linear=0
shrinkage=0.03


Tree=197
num_leaves=6
num_cat=0
split_feature=10 4 1 4 1
split_gain=0.0322162 0.487912 0.0316666 0.0215137 0.00163533
threshold=97.259759759759774 82.630117076114885 36.025458570524997 1.6990691646046898 0.96269694161260444
decision_type=2 2 2 2 2
left_child=3 -2 -3 -1 -5
right_child=1 2 -4 4 -6
leaf_value=-0.0021136047717984978 0.00089294519649537403 0.0044654812056209321 0.011453154903989385 -0.00028602173647574445 0.00089294519649537403
leaf_weight=1.2302191669587035 5.6965795235009846 3.1429466425906867 3.0404793354682624 0.88975366577505965 92.59707461646758
leaf_count=161 374 65 42 78 10612
internal_value=0.00109644 0.00252358 0.00901749 0.000892945 0.000892945
internal_weight=106.597 11.88 6.18343 94.717 93.4868
internal_count=11332 481 107 10851 10690
is_linear=0
shrinkage=0.03


Tree=198
num_leaves=5
num_cat=0
split_feature=9 4 9 9
split_gain=0.0223366 0.00792383 0.0041282 0.00226958
threshold=2.0204081632653064 1.6990691646046898 95.401691331923914 3.6811201445347788
decision_type=2 2 2 2
left_child=-1 -2 3 -3
right_child=1 2 -4 -5
leaf_value=-0.0024995614656189878 -0.00072740718848549187 -0.00026566947265701857 0.0019918784759955319 0.0011083668151809542
leaf_weight=0.63834738417062808 1.4041192036820564 0.7413503541611125 5.7146728143561623 98.044430100126192
leaf_count=81 168 123 691 10269
internal_value=0.0010865 0.0011313 0.00116293 0.0010955
internal_weight=106.543 105.905 104.5 98.7858
internal_count=11332 11251 11083 10392
is_linear=0
shrinkage=0.03


Tree=199
num_leaves=4
num_cat=0
split_feature=10 0 9
split_gain=0.0244551 0.332217 0.0524784
threshold=97.259759759759774 96.389886468952753 5.2982456140350882
decision_type=2 2 2
left_child=2 -2 -1
right_child=1 -3 -4
leaf_value=-0.0029637761163693968 0.00090619825376276567 0.0099139312980240091 0.00090619825376276567
leaf_weight=2.2084307891782364 8.8832426281878707 3.0192820040974757 92.437480364693329
leaf_count=351 447 34 10500
internal_value=0.00108592 0.00233404 0.000906198
internal_weight=106.548 11.9025 94.6459
internal_count=11332 481 10851
is_linear=0
shrinkage=0.03


Tree=200
num_leaves=2
num_cat=0
split_feature=9
split_gain=0.015156
threshold=4.0270270270270281
decision_type=2
left_child=-1
right_child=-2
leaf_value=-0.0023157205850248392 -9.9704064323343438e-05
leaf_weight=1.8607299335999403 101.33094605035149
leaf_count=271 10981
internal_value=-0.000161505
internal_weight=103.192
internal_count=11252
is_linear=0
shrinkage=0.03


Tree=201
num_leaves=4
num_cat=0
split_feature=11 9 9
split_gain=0.0197616 0.0152973 0.0113256
threshold=98.55247075257553 4.0270270270270281 82.637681159420296
decision_type=2 2 2
left_child=1 -1 -2
right_child=2 -3 -4
leaf_value=-0.0024479602059748712 0.00033127971218619627 -0.00019741187246767239 0.0030445223139343941
leaf_weight=1.8107830460648973 3.7178421593271187 96.148003369104117 1.5158074130304156
leaf_count=267 142 10794 49
internal_value=-0.00016159 -0.00026333 0.00147945
internal_weight=103.192 97.9588 5.23365
internal_count=11252 11061 191
is_linear=0
shrinkage=0.03


Tree=202
num_leaves=4
num_cat=0
split_feature=11 9 9
split_gain=0.0196507 0.0148395 0.0111893
threshold=98.55247075257553 4.0270270270270281 82.637681159420296
decision_type=2 2 2
left_child=1 -1 -2
right_child=2 -3 -4
leaf_value=-0.0024111590157096813 0.00033426307892014793 -0.00019454672611113135 0.0030314881862470939
leaf_weight=1.8108376641757775 3.717670550569891 96.124738368787803 1.5208055120892821
leaf_count=267 142 10794 49
internal_value=-0.000157947 -0.000259489 0.00147772
internal_weight=103.174 97.9356 5.23848
internal_count=11252 11061 191
is_linear=0
shrinkage=0.03


Tree=203
num_leaves=4
num_cat=0
split_feature=11 9 9
split_gain=0.0213177 0.0152764 0.0128515
threshold=98.55247075257553 4.0270270270270281 82.637681159420296
decision_type=2 2 2
left_child=1 -1 -2
right_child=2 -3 -4
leaf_value=-0.0024458309530113608 0.00032811975488831449 -0.00019595101573693016 0.0032029757698763864
leaf_weight=1.8084271795814846 3.7193644465878597 96.114982591709122 1.5337366592139003
leaf_count=267 142 10794 49
internal_value=-0.000155838 -0.000261806 0.00154548
internal_weight=103.177 97.9234 5.2531
internal_count=11252 11061 191
is_linear=0
shrinkage=0.03


Tree=204
num_leaves=4
num_cat=0
split_feature=11 9 9
split_gain=0.0409194 0.0334347 0.0057655
threshold=98.55247075257553 82.637681159420296 4.0270270270270281
decision_type=2 2 2
left_child=2 -2 -1
right_child=1 -3 -4
leaf_value=-0.0016462524341348118 0.00029158294040332935 0.0048046296507570918 -0.0002449298159710961
leaf_weight=1.7601204694947217 3.7184241772629312 1.6158887799829242 96.087899713544175
leaf_count=267 142 49 10794
internal_value=-0.000138021 0.00220137 -0.000286537
internal_weight=103.182 5.33431 97.848
internal_count=11252 191 11061
is_linear=0
shrinkage=0.03


Tree=205
num_leaves=4
num_cat=0
split_feature=11 0 0
split_gain=0.0743553 0.00955904 0.000519999
threshold=98.55247075257553 91.134136382196829 99.749677306164401
decision_type=2 2 2
left_child=2 -2 -1
right_child=1 -3 -4
leaf_value=-0.0003669425569861886 0.0012373922479459944 0.0041945870752786831 5.6323593092697488e-05
leaf_weight=97.385810322710313 3.1281812149099997 2.3557641103398055 2.4289475055411449
leaf_count=11152 144 44 40
internal_value=-0.000157336 0.00295873 -0.000356186
internal_weight=105.299 5.48395 99.8148
internal_count=11380 188 11192
is_linear=0
shrinkage=0.03


Tree=206
num_leaves=2
num_cat=0
split_feature=11
split_gain=0.0436096
threshold=98.55247075257553
decision_type=2
left_child=-1
right_child=-2
leaf_value=-0.00032870268529802536 0.0022027638317896037
leaf_weight=99.694119018036872 5.5267378389835349
leaf_count=11192 188
internal_value=-0.000176251
internal_weight=105.221
internal_count=11380
is_linear=0
shrinkage=0.03


Tree=207
num_leaves=4
num_cat=0
split_feature=11 0 0
split_gain=0.0302641 0.00775411 0.000101428
threshold=98.55247075257553 91.134136382196829 99.749677306164401
decision_type=2 2 2
left_child=2 -2 -1
right_child=1 -3 -4
leaf_value=-0.00033251106738293882 0.00051704634571463624 0.0027957716348419506 -8.8575571868497542e-05
leaf_weight=97.259866594220512 3.1618577821645877 2.4006758637260646 2.4347874284721902
leaf_count=11152 144 44 40
internal_value=-0.00020062 0.00177666 -0.000327492
internal_weight=105.257 5.56253 99.6947
internal_count=11380 188 11192
is_linear=0
shrinkage=0.03


Tree=208
num_leaves=2
num_cat=0
split_feature=0
split_gain=0.00044146
threshold=99.749677306164401
decision_type=2
left_child=-1
right_child=-2
leaf_value=-0.00021245262021500684 0.00013885442757489394
leaf_weight=102.57857549528126 2.6736512465868136
leaf_count=11337 43
internal_value=-0.000202306
internal_weight=105.252
internal_count=11380
is_linear=0
shrinkage=0.03


Tree=209
num_leaves=3
num_cat=0
split_feature=11 0
split_gain=0.0300988 0.00729789
threshold=98.55247075257553 91.134136382196829
decision_type=2 2
left_child=-1 -2
right_child=1 -3
leaf_value=-0.00032923148402356616 0.00053574781253252612 0.002764367212331966
leaf_weight=99.691935285460204 3.1669514155946663 2.3912548462394625
leaf_count=11192 144 44
internal_value=-0.000202765 0.00176986
internal_weight=105.25 5.55821
internal_count=11380 188
is_linear=0
shrinkage=0.03


Tree=210
num_leaves=7
num_cat=0
split_feature=1 4 9 4 9 1
split_gain=0.122985 0.0133159 0.0163888 0.0161832 0.00119876 0.000209414
threshold=99.749677306164401 4.5033191584915722 84.668803418803421 1.6990691646046898 5.2982456140350882 0.51613676625331339
decision_type=2 2 2 2 2 2
left_child=1 2 3 -1 -3 -6
right_child=-2 4 -4 -5 5 -7
leaf_value=-0.0047601908352562202 0.0071785162486396447 -0.00040118607348057822 -0.00027127176347708332 -0.00040118607348057822 -0.00027127176347708332 -0.00020353285893607795
leaf_weight=1.0853520614327861 0.99433690006844599 3.4766352864680803 0.58657819358631957 1.5327912678476421 0.45793575118295748 96.755887946812436
leaf_count=136 34 369 102 237 41 10425
internal_value=-0.000204828 -0.000343252 -0.00200245 -0.00302442 -0.000271272 -0.000227695
internal_weight=104.89 103.895 3.20472 2.61814 100.69 97.2138
internal_count=11344 11310 475 373 10835 10466
is_linear=0
shrinkage=0.03


Tree=211
num_leaves=7
num_cat=0
split_feature=1 4 9 4 9 0
split_gain=0.0672239 0.0142232 0.0166028 0.0164263 0.00171821 0.00064082
threshold=99.749677306164401 4.5033191584915722 84.668803418803421 1.6990691646046898 5.2982456140350882 2.1403121818798785
decision_type=2 2 2 2 2 2
left_child=1 2 3 -1 -3 -6
right_child=-2 4 -4 -5 5 -7
leaf_value=-0.0047783601157855415 0.0050678600534119645 -0.00039411164738675076 -0.00022646429572834297 -0.00039411164738675076 -0.00022646429572834297 -0.00013293177099459643
leaf_weight=1.084059602813795 1.1437706488650281 3.4739224795484906 0.5861804843880235 1.5322858707513658 0.59829719027038564 96.486945737386122
leaf_count=136 34 369 102 237 92 10374
internal_value=-0.000194492 -0.000300321 -0.00201369 -0.00302969 -0.000226464 -0.000178588
internal_weight=104.905 103.762 3.20253 2.61635 100.559 97.0852
internal_count=11344 11310 475 373 10835 10466
is_linear=0
shrinkage=0.03


Tree=212
num_leaves=6
num_cat=0
split_feature=1 4 9 4 9
split_gain=0.0673372 0.0145136 0.0167336 0.017202 0.00166487
threshold=99.749677306164401 4.5033191584915722 84.668803418803421 1.6990691646046898 5.2982456140350882
decision_type=2 2 2 2 2
left_child=1 2 3 -1 -3
right_child=-2 4 -4 -5 -6
leaf_value=-0.0048228322862143187 0.0050861645784424344 -0.00036438798720356584 -0.00020739516171660745 -0.00036438798720356584 -0.00015906800711146523
leaf_weight=1.077216501580551 1.147461368003859 3.4754666119115418 0.5860637652222066 1.5312877987744284 97.050385124515742
leaf_count=136 34 369 102 237 10466
internal_value=-0.000175499 -0.000281722 -0.00201357 -0.00303185 -0.000207395
internal_weight=104.868 103.72 3.19457 2.6085 100.526
internal_count=11344 11310 475 373 10835
is_linear=0
shrinkage=0.03


Tree=213
num_leaves=6
num_cat=0
split_feature=1 4 9 4 9
split_gain=0.0780799 0.0143203 0.0166632 0.0171685 0.00214672
threshold=99.749677306164401 4.5033191584915722 84.668803418803421 1.6990691646046898 5.2982456140350882
decision_type=2 2 2 2 2
left_child=1 2 3 -1 -3
right_child=-2 4 -4 -5 -6
leaf_value=-0.0048244551998796476 0.0054639217625651977 -0.00036712947679144855 -0.00021978574549462438 -0.00036712947679144855 -0.00015843491302534394
leaf_weight=1.0751751830102874 1.1645509127993126 3.4507723511196664 0.58611601218581189 1.5314811156131325 97.050970565527678
leaf_count=136 34 369 102 237 10466
internal_value=-0.000178817 -0.000293772 -0.00201482 -0.00303355 -0.000219786
internal_weight=104.859 103.695 3.19277 2.60666 100.502
internal_count=11344 11310 475 373 10835
is_linear=0
shrinkage=0.03


Tree=214
num_leaves=8
num_cat=0
split_feature=1 4 1 9 9 1 1
split_gain=0.0752585 0.00211957 0.0111567 0.000661824 0.00610868 0.10584 0.00317623
threshold=99.749677306164401 4.5033191584915722 54.033243946683498 84.668803418803421 5.2982456140350882 51.641424608615246 0.51613676625331339
decision_type=2 2 2 2 2 2 2
left_child=1 2 -1 -4 5 -3 -6
right_child=-2 4 3 -5 6 -7 -8
leaf_value=-0.0032175410989007795 0.0053721738710108798 -0.0032175410989007795 -0.00086884339776371715 -0.00025478349333566455 -0.0015933691957747439 -0.00019498959808052124 -0.00017215023916405649
leaf_weight=0.3869852550560603 1.1609350414946664 1.3507679832400747 2.2268381379544739 0.51270610163919617 0.45525117334909637 2.1005271478788927 96.63772952510044
leaf_count=86 34 192 303 86 41 177 10425
internal_value=-0.000172313 -0.000285133 -0.000962862 -0.000254783 -0.000254783 -0.000868843 -0.00019499
internal_weight=104.832 103.671 3.12653 2.73954 100.544 3.4513 97.093
internal_count=11344 11310 475 389 10835 369 10466
is_linear=0
shrinkage=0.03


Tree=215
num_leaves=3
num_cat=0
split_feature=11 11
split_gain=0.00384573 5.92323e-05
threshold=98.55247075257553 99.066606929510172
decision_type=2 2
left_child=-1 -2
right_child=1 -3
leaf_value=-0.0002619673710563703 0.00018953713809774926 0.00057617780757982635
leaf_weight=99.827517015044577 1.86832716455683 3.658519419375807
leaf_count=11179 71 107
internal_value=-0.000218004 0.000494541
internal_weight=105.354 5.52685
internal_count=11357 178
is_linear=0
shrinkage=0.03


Tree=216
num_leaves=2
num_cat=0
split_feature=0
split_gain=0.0176942
threshold=99.749677306164401
decision_type=2
left_child=-1
right_child=-2
leaf_value=-0.0002870216013323924 0.0018382563607961158
leaf_weight=102.69018990697805 2.6607971498742691
leaf_count=11318 39
internal_value=-0.000216564
internal_weight=105.351
internal_count=11357
is_linear=0
shrinkage=0.03


Tree=217
num_leaves=5
num_cat=0
split_feature=0 11 11 11
split_gain=0.0235492 0.0336345 0.000951798 0.000187986
threshold=99.749677306164401 99.066606929510172 98.55247075257553 1.0596045078803702
decision_type=2 2 2 2
left_child=1 2 3 -1
right_child=-2 -3 -4 -5
leaf_value=-0.00087678184857746153 0.0021457484920253986 0.0021457484920253986 0.00018436403535786565 -0.00040929060371538804
leaf_weight=0.60309117287397285 2.6836734176613382 3.3996616867370895 1.8677541287615884 96.785186406690627
leaf_count=106 39 104 71 11037
internal_value=-0.000215975 -0.000297822 -0.00040795 -0.000421068
internal_weight=105.339 102.656 99.256 97.3883
internal_count=11357 11318 11214 11143
is_linear=0
shrinkage=0.03


Tree=218
num_leaves=2
num_cat=0
split_feature=0
split_gain=0.0219967
threshold=99.749677306164401
decision_type=2
left_child=-1
right_child=-2
leaf_value=-0.00029271593047902437 0.0020716548447107406
leaf_weight=102.69696500571445 2.6752429828047743
leaf_count=11318 39
internal_value=-0.000213777
internal_weight=105.372
internal_count=11357
is_linear=0
shrinkage=0.03


Tree=219
num_leaves=2
num_cat=0
split_feature=11
split_gain=0.00549806
threshold=98.55247075257553
decision_type=2
left_child=-1
right_child=-2
leaf_value=-0.00026720115373682184 0.00063312528439435443
leaf_weight=99.804273559013382 5.5615924119483671
leaf_count=11179 178
internal_value=-0.000214173
internal_weight=105.366
internal_count=11357
is_linear=0
shrinkage=0.03


Tree=220
num_leaves=4
num_cat=0
split_feature=1 10 9
split_gain=0.0180555 0.0161534 0.0231342
threshold=0.51613676625331339 99.333333333333357 5.2982456140350882
decision_type=2 2 2
left_child=-1 2 -2
right_child=1 -3 -4
leaf_value=-0.0030426041125338919 -0.0023631746719277509 0.001647327626383942 0.00029157147151286154
leaf_weight=0.46494764788076182 2.05313771450892 6.6649068302940568 96.75493757717777
leaf_count=39 368 279 10712
internal_value=0.000275457 0.000318523 0.000213284
internal_weight=105.938 105.473 98.8081
internal_count=11398 11359 11080
is_linear=0
shrinkage=0.03


Tree=221
num_leaves=4
num_cat=0
split_feature=1 10 9
split_gain=0.0183532 0.0169752 0.0256958
threshold=0.51613676625331339 99.333333333333357 5.2982456140350882
decision_type=2 2 2
left_child=-1 2 -2
right_child=1 -3 -4
leaf_value=-0.0030692356190428478 -0.0025222546695140868 0.0016774592501475805 0.0002913069624877892
leaf_weight=0.46687659760936995 2.0172094585141158 6.6816305234096935 96.762884847819805
leaf_count=39 368 279 10712
internal_value=0.000273568 0.000317057 0.000209148
internal_weight=105.929 105.462 98.7801
internal_count=11398 11359 11080
is_linear=0
shrinkage=0.03


Tree=222
num_leaves=3
num_cat=0
split_feature=1 10
split_gain=0.0179884 0.0138338
threshold=0.51613676625331339 99.333333333333357
decision_type=2 2
left_child=-1 -2
right_child=1 -3
leaf_value=-0.0030220255990558997 0.0002326526603271893 0.0015593445948398931
leaf_weight=0.46755347261205216 98.722402884624898 6.685055813053622
leaf_count=39 11080 279
internal_value=0.000287713 0.000330657
internal_weight=105.875 105.407
internal_count=11398 11359
is_linear=0
shrinkage=0.03


Tree=223
num_leaves=4
num_cat=0
split_feature=1 10 9
split_gain=0.0166252 0.00932545 0.025712
threshold=0.51613676625331339 99.333333333333357 5.2982456140350882
decision_type=2 2 2
left_child=-1 2 -2
right_child=1 -3 -4
leaf_value=-0.0028997649997016032 -0.0024919160275411029 0.0013358516225467814 0.00032699701877578858
leaf_weight=0.46526191593147714 2.0095988209359339 6.6956672803498796 96.693083405727521
leaf_count=39 368 279 10712
internal_value=0.000285196 0.000326377 0.000245186
internal_weight=105.864 105.398 98.7027
internal_count=11398 11359 11080
is_linear=0
shrinkage=0.03


Tree=224
num_leaves=3
num_cat=0
split_feature=1 10
split_gain=0.0161484 0.00986725
threshold=0.51613676625331339 99.333333333333357
decision_type=2 2
left_child=-1 -2
right_child=1 -3
leaf_value=-0.0028537506438870023 0.00024258244383409855 0.0013620336189069002
leaf_weight=0.46518121659755607 98.675862733274698 6.726358533371239
leaf_count=39 11080 279
internal_value=0.000285605 0.000326151
internal_weight=105.867 105.402
internal_count=11398 11359
is_linear=0
shrinkage=0.03


Tree=225
num_leaves=5
num_cat=0
split_feature=1 9 11 11
split_gain=0.0319309 0.0337857 0.0298466 0.0165461
threshold=0.96269694161260444 3.6811201445347788 16.68714168714169 98.55247075257553
decision_type=2 2 2 2
left_child=-1 -2 -3 -4
right_child=1 2 3 -5
leaf_value=-0.0040087750615633334 -0.0038704045721723551 -0.0015053302928289632 -4.1124880145445872e-05 0.0015392787734405155
leaf_weight=1.021893746103159 1.2080689823487762 11.305138777010141 86.266880938783288 5.4014354841783634
leaf_count=91 220 1667 9271 173
internal_value=-0.000272213 -0.000197798 -0.000117901 6.76041e-05
internal_weight=105.203 104.182 102.973 91.6683
internal_count=11422 11331 11111 9444
is_linear=0
shrinkage=0.03


Tree=226
num_leaves=7
num_cat=0
split_feature=1 9 11 11 11 11
split_gain=0.029506 0.0175915 0.0171413 0.00883271 0.00406408 0.00015503
threshold=0.96269694161260444 3.6811201445347788 16.68714168714169 99.066606929510172 20.551206719772857 98.55247075257553
decision_type=2 2 2 2 2 2
left_child=-1 4 -3 5 -2 -4
right_child=1 2 3 -5 -6 -7
leaf_value=-0.0038764739985667168 -0.0038764739985667168 -0.0012002739183174819 -8.3086205953746703e-05 0.0012703772660089933 -0.00054267050846856086 0.00014581506179347248
leaf_weight=1.0190965499496076 0.29789689497556426 11.371750276768578 86.239270505378954 3.6076613371260455 0.87359110789839178 1.8649475397542108
leaf_count=91 62 1667 9271 109 158 64
internal_value=-0.0002815 -0.000209864 -0.000152057 -1.05397e-05 -0.00288402 -7.66589e-05
internal_weight=105.274 104.255 103.084 91.7119 1.17149 88.1042
internal_count=11422 11331 11111 9444 220 9335
is_linear=0
shrinkage=0.03


Tree=227
num_leaves=5
num_cat=0
split_feature=9 11 11 11
split_gain=0.0132369 0.00894775 0.00796767 0.00339179
threshold=3.6811201445347788 16.68714168714169 20.551206719772857 99.066606929510172
decision_type=2 2 2 2
left_child=2 -2 -1 -3
right_child=1 3 -4 -5
leaf_value=-0.004071903757098632 -0.00095688371629258932 -0.00013940962310175713 -0.00017413589696677674 0.00069148888507654545
leaf_weight=0.29791290941648074 11.47667457256466 89.026810852927156 0.8898612231714651 3.6656366027891627
leaf_count=62 1681 9401 162 116
internal_value=-0.000252707 -0.00020218 -0.00256611 -9.9521e-05
internal_weight=105.357 104.169 1.18777 92.6924
internal_count=11422 11198 224 9517
is_linear=0
shrinkage=0.03


Tree=228
num_leaves=7
num_cat=0
split_feature=9 1 1 11 11 11
split_gain=0.0253029 0.0264145 0.0227722 0.00683462 0.00346878 0.000101313
threshold=3.6811201445347788 96.026483095448626 0.96269694161260444 99.066606929510172 16.68714168714169 98.55247075257553
decision_type=2 2 2 2 2 2
left_child=1 -1 -2 4 -4 -6
right_child=2 -3 3 -5 5 -7
leaf_value=-0.0051564103103724102 -0.0034069405524638813 -0.00021195542644261502 -0.00021195542644261502 0.000981625472324496 -2.8677867483517325e-05 0.00015305386043658591
leaf_weight=0.92871908121742197 0.97221860685385664 0.2934061826672405 11.180697373696601 3.6252595502883187 86.383267609518953 1.8680812884122122
leaf_count=200 87 24 1667 109 9271 64
internal_value=-0.000281722 -0.00345249 -0.000211955 -0.000149363 -0.000199962 -2.31593e-05
internal_weight=105.252 1.22213 104.03 103.057 99.432 88.2513
internal_count=11422 224 11198 11111 11002 9335
is_linear=0
shrinkage=0.03


Tree=229
num_leaves=7
num_cat=0
split_feature=9 1 1 11 11 11
split_gain=0.0251332 0.0263768 0.022152 0.00683642 0.00320973 0.000109183
threshold=3.6811201445347788 96.026483095448626 0.96269694161260444 99.066606929510172 16.68714168714169 98.55247075257553
decision_type=2 2 2 2 2 2
left_child=1 -1 -2 4 -4 -6
right_child=2 -3 3 -5 5 -7
leaf_value=-0.0051526075813404602 -0.0033622836659706508 -0.00021315263869898707 -0.00021315263869898707 0.00097943762935041715 -3.7110161108897248e-05 0.00015195313755244914
leaf_weight=0.92485216702334472 0.9748474097577845 0.29340645275078714 11.174502455396576 3.6286474652588359 86.388525212765671 1.8675301289185871
leaf_count=200 87 24 1667 109 9271 64
internal_value=-0.000282644 -0.00344563 -0.000213153 -0.00015134 -0.000201948 -3.14519e-05
internal_weight=105.252 1.21826 104.034 103.059 99.4306 88.2561
internal_count=11422 224 11198 11111 11002 9335
is_linear=0
shrinkage=0.03


Tree=230
num_leaves=5
num_cat=0
split_feature=0 9 4 9
split_gain=0.11716 0.0116997 0.00326392 0.00280565
threshold=99.749677306164401 3.6811201445347788 30.440488417208723 95.904389152921439
decision_type=2 2 2 2
left_child=1 2 -1 -3
right_child=-2 3 -4 -5
leaf_value=-0.0026170808992688919 0.0061214630776887042 0.00047992744904180407 8.3158569189609242e-06 0.0011710287520541056
leaf_weight=0.39206462155561794 2.445790819823741 96.456159804947674 0.60512473387643695 5.2368715149350455
leaf_count=81 39 10492 124 634
internal_value=0.000674031 0.000486503 -0.00181745 0.000526574
internal_weight=105.136 102.69 0.997189 101.693
internal_count=11370 11331 205 11126
is_linear=0
shrinkage=0.03


Tree=231
num_leaves=3
num_cat=0
split_feature=0 9
split_gain=0.116046 0.0030892
threshold=99.749677306164401 3.6811201445347788
decision_type=2 2
left_child=1 -1
right_child=-2 -3
leaf_value=-0.00074029908456004617 0.0061109040440321333 0.00051223776351280649
leaf_weight=0.96270430902950366 2.4343376080505541 101.76198985229712
leaf_count=205 39 11126
internal_value=0.000679853 0.000493475
internal_weight=105.159 102.725
internal_count=11370 11331
is_linear=0
shrinkage=0.03


Tree=232
num_leaves=3
num_cat=0
split_feature=0 9
split_gain=0.132289 0.00145564
threshold=99.749677306164401 3.6811201445347788
decision_type=2 2
left_child=1 -1
right_child=-2 -3
leaf_value=-0.00040669267967138607 0.0064503680876677278 0.00048803469986427866
leaf_weight=0.95313230669125815 2.459918843349441 101.73382449301425
leaf_count=205 39 11126
internal_value=0.000675113 0.000475888
internal_weight=105.147 102.687
internal_count=11370 11331
is_linear=0
shrinkage=0.03


Tree=233
num_leaves=3
num_cat=0
split_feature=0 9
split_gain=0.129888 0.00141472
threshold=99.749677306164401 3.6811201445347788
decision_type=2 2
left_child=1 -1
right_child=-2 -3
leaf_value=-0.00039770270238741521 0.0063910357096322694 0.00048582116661763142
leaf_weight=0.95240718056447704 2.4634683809708795 101.72438276442699
leaf_count=205 39 11126
internal_value=0.000671417 0.000473869
internal_weight=105.14 102.677
internal_count=11370 11331
is_linear=0
shrinkage=0.03


Tree=234
num_leaves=3
num_cat=0
split_feature=0 9
split_gain=0.118629 0.00138314
threshold=99.749677306164401 3.6811201445347788
decision_type=2 2
left_child=1 -1
right_child=-2 -3
leaf_value=-0.00038695597453934687 0.0061367266292728815 0.00048925657419187642
leaf_weight=0.95191977522335847 2.4590536635369054 101.70437412685715
leaf_count=205 39 11126
internal_value=0.000666452 0.000477477
internal_weight=105.115 102.656
internal_count=11370 11331
is_linear=0
shrinkage=0.03


Tree=235
num_leaves=11
num_cat=0
split_feature=10 4 11 4 10 11 10 11 11 10
split_gain=0.0621197 0.0859773 0.174281 0.0265638 0.0254475 0.0117893 0.0172992 0.0179235 0.0173549 0.00092591
threshold=99.333333333333357 82.630117076114885 68.669859213900665 4.5033191584915722 16.784037558685448 98.55247075257553 55.63492063492064 91.449854159231066 17.185367185367188 94.160272804774095
decision_type=2 2 2 2 2 2 2 2 2 2
left_child=3 2 -2 4 -1 6 7 -5 -8 -6
right_child=1 -3 -4 5 9 -7 8 -9 -10 -11
leaf_value=-0.005167277581637794 0.00037847812643549718 0.0064150409609390786 0.0064150409609390786 -0.00016597418246518705 -0.00068534302043880032 0.0017198336802515689 -0.00016597418246518705 0.00037847812643549718 0.00037847812643549718 -0.00016597418246518705
leaf_weight=0.49723299033939783 1.9257718317676329 2.783267009537667 1.5388665825594214 35.496269602910616 2.1914215217111654 5.4940090063028029 5.8397063493030137 7.3303621327504507 41.254624122055247 0.34610820352099825
leaf_count=84 160 61 80 5772 352 166 663 428 3563 35
internal_value=0.000579912 0.00326381 0.000378478 0.000378478 -0.00206301 0.000378478 0.000378478 -0.000165974 0.000378478 -0.000165974
internal_weight=104.698 6.24791 3.46464 98.4497 3.03476 95.415 89.921 42.8266 47.0943 2.53753
internal_count=11364 301 240 11063 471 10592 10426 6200 4226 387
is_linear=0
shrinkage=0.03


Tree=236
num_leaves=9
num_cat=0
split_feature=10 11 9 11 10 9 11 11
split_gain=0.0782689 0.0337871 0.118331 0.0185892 0.00829393 0.0275375 0.0164856 0.0356975
threshold=99.333333333333357 98.55247075257553 52.306468716861083 54.470071874631792 55.63492063492064 3.6811201445347788 91.449854159231066 17.185367185367188
decision_type=2 2 2 2 2 2 2 2
left_child=1 4 -3 -2 5 -1 -7 -6
right_child=3 2 -4 -5 7 6 -8 -9
leaf_value=-0.0044328372935854548 0.00082901654753869409 0.00020599089941475494 0.0035784111432926387 0.0045983258758096448 -0.00049390100878473318 -0.00049390100878473318 0.00020599089941475494 0.00020599089941475494
leaf_weight=0.34358667756896366 2.2021591491065911 1.7567714760079969 3.9646084324922413 4.1235537142492831 6.276090510422363 36.359170584357344 7.3986651585437349 42.197337068268098
leaf_count=76 150 71 101 151 729 5959 441 3686
internal_value=0.000584217 0.000357433 0.00241263 0.00357841 0.000205991 -0.000201988 -7.04687e-05 0.000205991
internal_weight=104.622 98.2962 5.72138 6.32571 92.5748 44.1014 43.7578 48.4734
internal_count=11364 11063 172 301 10891 6476 6400 4415
is_linear=0
shrinkage=0.03


Tree=237
num_leaves=9
num_cat=0
split_feature=10 11 11 9 10 11 9 11
split_gain=0.0733184 0.0199109 0.0184792 0.0295861 0.0110193 0.0201483 0.0169132 0.0195031
threshold=99.333333333333357 68.669859213900665 98.55247075257553 52.306468716861083 55.63492063492064 17.185367185367188 4.0270270270270281 91.449854159231066
decision_type=2 2 2 2 2 2 2 2
left_child=2 -2 4 -4 6 -6 -1 -8
right_child=1 -3 3 -5 5 -7 7 -9
leaf_value=-0.0034464939763090528 0.0012360824280955665 0.0049402710119675983 0.00026016624977957044 0.0012360824280955665 -0.00021050851513174619 0.00026016624977957044 -0.00053276534164028565 0.00026016624977957044
leaf_weight=0.45786472840700199 3.2139656373765311 3.132778262719512 1.7558812987990666 4.0095179544296116 6.2731964808190233 42.131078492267989 36.232124369475059 7.3822889521252355
leaf_count=105 190 111 71 101 729 3686 5934 437
internal_value=0.000594151 0.00348806 0.000373932 0.00189055 0.000260166 0.000260166 -0.000210509 -0.000210509
internal_weight=104.589 6.34674 98.242 5.7654 92.4766 48.4043 44.0723 43.6144
internal_count=11364 301 11063 172 10891 4415 6476 6371
is_linear=0
shrinkage=0.03


Tree=238
num_leaves=7
num_cat=0
split_feature=10 11 10 11 11 11
split_gain=0.0788565 0.0209393 0.0250155 0.0942415 0.0241775 0.0117119
threshold=99.333333333333357 98.55247075257553 55.63492063492064 17.185367185367188 91.449854159231066 97.91681291681293
decision_type=2 2 2 2 2 2
left_child=1 2 4 -4 -1 -5
right_child=-2 -3 3 5 -6 -7
leaf_value=-0.00059419161082569893 0.0035653677958171672 0.001974773073067343 -0.00027263275112580367 0.0012053088036344634 0.0011811863329975159 0.001974773073067343
leaf_weight=36.551458424539305 6.477003355510532 5.7766289175488046 6.2663189979502922 41.275153585127555 7.4932417224626979 0.80931821465492149
leaf_count=6025 301 172 729 3654 451 32
internal_value=0.000592721 0.000362624 0.000241766 0.000706382 -0.000272633 0.001479
internal_weight=104.649 98.1721 92.3955 48.3508 44.0447 42.0845
internal_count=11364 11063 10891 4415 6476 3686
is_linear=0
shrinkage=0.03


Tree=239
num_leaves=2
num_cat=0
split_feature=11
split_gain=0.00130054
threshold=16.68714168714169
decision_type=2
left_child=-1
right_child=-2
leaf_value=0.00026624502123002801 0.00063492950908519046
leaf_weight=11.722944279783404 92.868833597982302
leaf_count=1743 9621
internal_value=0.000596519
internal_weight=104.592
internal_count=11364
is_linear=0
shrinkage=0.03


Tree=240
num_leaves=2
num_cat=0
split_feature=11
split_gain=0.00557205
threshold=98.55247075257553
decision_type=2
left_child=-1
right_child=-2
leaf_value=-0.00052457967405621791 0.00038698027621495671
leaf_weight=98.813457493670285 5.7245827880688003
leaf_count=11163 178
internal_value=-0.000471468
internal_weight=104.538
internal_count=11341
is_linear=0
shrinkage=0.03


Tree=241
num_leaves=2
num_cat=0
split_feature=11
split_gain=0.00547643
threshold=98.55247075257553
decision_type=2
left_child=-1
right_child=-2
leaf_value=-0.0005245269396596115 0.00037959439002647571
leaf_weight=98.810586031875573 5.7238029541913411
leaf_count=11163 178
internal_value=-0.000471894
internal_weight=104.534
internal_count=11341
is_linear=0
shrinkage=0.03


Tree=242
num_leaves=2
num_cat=0
split_feature=11
split_gain=0.00502249
threshold=98.55247075257553
decision_type=2
left_child=-1
right_child=-2
leaf_value=-0.00052343440285099511 0.00034445756725000006
leaf_weight=98.813791238702834 5.7192984607536337
leaf_count=11163 178
internal_value=-0.000473136
internal_weight=104.533
internal_count=11341
is_linear=0
shrinkage=0.03


Tree=243
num_leaves=2
num_cat=0
split_feature=11
split_gain=0.00470426
threshold=98.55247075257553
decision_type=2
left_child=-1
right_child=-2
leaf_value=-0.00050925472382185803 0.00033072729629229805
leaf_weight=98.740449804230593 5.7229024951811871
leaf_count=11163 178
internal_value=-0.000460538
internal_weight=104.463
internal_count=11341
is_linear=0
shrinkage=0.03


Tree=244
num_leaves=2
num_cat=0
split_feature=11
split_gain=0.00382293
threshold=98.55247075257553
decision_type=2
left_child=-1
right_child=-2
leaf_value=-0.00050466306086794223 0.00025644547883091649
leaf_weight=98.724681060528383 5.7278979017864904
leaf_count=11163 178
internal_value=-0.00046089
internal_weight=104.453
internal_count=11341
is_linear=0
shrinkage=0.03


Tree=245
num_leaves=4
num_cat=0
split_feature=11 10 10
split_gain=0.021113 0.0134582 0.000519398
threshold=1.4354395604395607 55.63492063492064 21.55354449472097
decision_type=2 2 2
left_child=-1 2 -2
right_child=1 -3 -4
leaf_value=-0.0035957545877553752 -0.00080788494663756416 5.7029580373327839e-05 -0.00052264416899712777
leaf_weight=0.73605106025934119 14.16473350767046 57.299475204083137 32.492239246494137
leaf_count=139 2020 4689 4493
internal_value=-0.000309137 -0.000251829 -0.000624376
internal_weight=104.692 103.956 46.657
internal_count=11341 11202 6513
is_linear=0
shrinkage=0.03


Tree=246
num_leaves=3
num_cat=0
split_feature=11 10
split_gain=0.0206011 0.01253
threshold=1.4354395604395607 55.63492063492064
decision_type=2 2
left_child=-1 -2
right_child=1 -3
leaf_value=-0.0035895561211939319 -0.00064171258450997591 1.6703721415701431e-05
leaf_weight=0.73303289746399869 46.552370321238413 57.320053136558272
leaf_count=139 6513 4689
internal_value=-0.000338634 -0.000281683
internal_weight=104.605 103.872
internal_count=11341 11202
is_linear=0
shrinkage=0.03


Tree=247
num_leaves=3
num_cat=0
split_feature=11 10
split_gain=0.0205791 0.00642116
threshold=1.4354395604395607 55.63492063492064
decision_type=2 2
left_child=-1 -2
right_child=1 -3
leaf_value=-0.0035697190187966837 -0.00052116976495420364 -4.8502720332913215e-05
leaf_weight=0.73116636287886549 46.451007759897038 57.36948282062076
leaf_count=139 6513 4689
internal_value=-0.000319662 -0.000262936
internal_weight=104.552 103.82
internal_count=11341 11202
is_linear=0
shrinkage=0.03


Tree=248
num_leaves=3
num_cat=0
split_feature=11 10
split_gain=0.0192586 0.00594996
threshold=1.4354395604395607 55.63492063492064
decision_type=2 2
left_child=-1 -2
right_child=1 -3
leaf_value=-0.0034663490927371141 -0.00051159290914352127 -5.6382864290554351e-05
leaf_weight=0.72684760473202814 46.450614677509293 57.36778624006547
leaf_count=139 6513 4689
internal_value=-0.000317894 -0.000262991
internal_weight=104.545 103.818
internal_count=11341 11202
is_linear=0
shrinkage=0.03


Tree=249
num_leaves=3
num_cat=0
split_feature=11 10
split_gain=0.0205495 0.00641276
threshold=1.4354395604395607 55.63492063492064
decision_type=2 2
left_child=-1 -2
right_child=1 -3
leaf_value=-0.0035601159297079733 -0.00050910853767766485 -3.6998743840099616e-05
leaf_weight=0.72530389332678069 46.415727406973019 57.424701243173331
leaf_count=139 6513 4689
internal_value=-0.000307331 -0.000250871
internal_weight=104.566 103.84
internal_count=11341 11202
is_linear=0
shrinkage=0.03


Tree=250
num_leaves=3
num_cat=0
split_feature=10 11
split_gain=0.00310962 0.000871981
threshold=55.63492063492064 10.362070041825335
decision_type=2 2
left_child=-1 -2
right_child=1 -3
leaf_value=-0.00020494384574653145 -0.00020494384574653145 0.00015366304014417643
leaf_weight=46.507660483242944 4.0685477852821341 54.480739600723609
leaf_count=6607 480 4284
internal_value=-2.41318e-05 0.000120523
internal_weight=105.057 58.5493
internal_count=11371 4764
is_linear=0
shrinkage=0.03


Tree=251
num_leaves=4
num_cat=0
split_feature=1 1 1
split_gain=0.027759 0.0105252 0.000951492
threshold=0.51613676625331339 99.018403430168163 88.409447669112566
decision_type=2 2 2
left_child=-1 2 -2
right_child=1 -3 -4
leaf_value=-0.0040822971528686495 -4.5009869538876045e-05 0.0015242822358376702 0.00019543176790352322
leaf_weight=0.47798068705014785 84.458477329695597 3.2281731364782891 16.918550569564104
leaf_count=43 10014 121 1193
internal_value=6.29242e-07 5.77652e-05 -3.36619e-06
internal_weight=105.083 104.605 101.377
internal_count=11371 11328 11207
is_linear=0
shrinkage=0.03


Tree=252
num_leaves=7
num_cat=0
split_feature=10 1 11 1 1 1
split_gain=0.00403333 0.13061 0.130124 0.105275 0.0750866 0.0397888
threshold=55.63492063492064 85.326728217105185 15.431797226581343 0.96269694161260444 98.663092046470084 87.641432329578848
decision_type=2 2 2 2 2 2
left_child=3 -2 -3 -1 5 -4
right_child=1 2 4 -5 -6 -7
leaf_value=-0.0085117484064136748 -0.00021024297300424331 -0.00021024297300424331 -0.00021024297300424331 -0.00021024297300424331 0.0086634592984256749 0.0033198953260741701
leaf_weight=0.37548858125228335 44.455626970273443 2.0653432679828247 1.268449058523397 46.161305872257799 1.8282303891610361 8.9262174705509079
leaf_count=51 4051 155 91 6556 40 427
internal_value=-4.21841e-06 0.000160332 0.0026769 -0.000210243 0.00410875 0.00259102
internal_weight=105.081 58.5439 14.0882 46.5368 12.0229 10.1947
internal_count=11371 4764 713 6607 558 518
is_linear=0
shrinkage=0.03


Tree=253
num_leaves=5
num_cat=0
split_feature=1 1 10 10
split_gain=0.0166886 0.00129968 0.361516 0.00271116
threshold=0.51613676625331339 88.409447669112566 66.904761904761912 4.8003072196620593
decision_type=2 2 2 2
left_child=-1 3 -3 -2
right_child=1 2 -4 -5
leaf_value=-0.0032073470745168308 -0.0008984380652984266 -1.5495708396889769e-05 0.0052467976206514106 -1.5495708396889769e-05
leaf_weight=0.44626032467931409 2.1302278731018296 9.498600020771848 10.802368194796143 82.093211369588971
leaf_count=43 307 861 453 9707
internal_value=-6.6566e-06 3.72734e-05 0.000246648 -1.54957e-05
internal_weight=104.971 104.524 20.301 84.2234
internal_count=11371 11328 1314 10014
is_linear=0
shrinkage=0.03


Tree=254
num_leaves=3
num_cat=0
split_feature=1 1
split_gain=0.0167078 0.00164577
threshold=0.51613676625331339 88.409447669112566
decision_type=2 2
left_child=-1 -2
right_child=1 -3
leaf_value=-0.0031828202294953349 1.647649485258306e-06 0.00029621507591769765
leaf_weight=0.44829612202010949 84.119475428247824 20.420000885380432
leaf_count=43 10014 1314
internal_value=1.76955e-05 6.14479e-05
internal_weight=104.988 104.539
internal_count=11371 11328
is_linear=0
shrinkage=0.03


Tree=255
num_leaves=6
num_cat=0
split_feature=4 1 4 5 4
split_gain=0.0298463 0.077036 0.123569 0.0106977 0.00262962
threshold=71.266310050273916 20.431399917287017 62.324731942971603 93.766585717805242 0.51613676625331339
decision_type=2 2 2 2 2
left_child=1 2 -1 4 -3
right_child=-2 3 -4 -5 -6
leaf_value=-0.0066009806964064501 0.0005241312788785181 -0.0018842121752661155 -0.0001027938171024645 0.0005241312788785181 -0.0001027938171024645
leaf_weight=3.4658930293517178 49.61032332922332 0.37806139199528743 1.2795741427689789 5.3457316709682337 44.539607002865523
leaf_count=742 3279 44 247 108 6952
internal_value=-3.93471e-06 -0.000481032 -0.0037721 -0.000102794 -0.000102794
internal_weight=104.619 55.0089 4.74547 50.2634 44.9177
internal_count=11372 8093 989 7104 6996
is_linear=0
shrinkage=0.03


Tree=256
num_leaves=7
num_cat=0
split_feature=4 1 4 5 0 4
split_gain=0.0326572 0.0565365 0.106293 0.0126146 0.00569657 0.00159305
threshold=71.266310050273916 20.431399917287017 62.324731942971603 93.766585717805242 99.749677306164401 0.51613676625331339
decision_type=2 2 2 2 2 2
left_child=1 2 -1 5 -2 -3
right_child=4 3 -4 -5 -6 -7
leaf_value=-0.0060644503887952762 0.00055699260252437888 -0.0017933806787075112 -0.00017056911273703507 0.00055699260252437888 0.0017869763663018834 -0.00017056911273703507
leaf_weight=3.3891253708861759 47.091351165086962 0.37564953218679775 1.2803695900365708 5.3458745882380745 2.5939580909907809 44.552971669589169
leaf_count=742 3238 44 247 108 41 6952
internal_value=5.46421e-06 -0.000494319 -0.0033351 -0.000170569 0.000556993 -0.000170569
internal_weight=104.629 54.944 4.66949 50.2745 49.6853 44.9286
internal_count=11372 8093 989 7104 3279 6996
is_linear=0
shrinkage=0.03


Tree=257
num_leaves=8
num_cat=0
split_feature=4 4 0 0 0 0 0
split_gain=0.0278894 0.00771813 0.0107882 0.00621457 0.00454927 0.00026868 8.06085e-05
threshold=71.266310050273916 4.5033191584915722 2.1403121818798785 99.749677306164401 96.026483095448626 65.862799834574034 91.915478312537147
decision_type=2 2 2 2 2 2 2
left_child=1 5 -3 -2 6 -1 -4
right_child=3 2 4 -5 -6 -7 -8
leaf_value=-0.0017447689554387037 0.00042396363356301441 -0.0016515385769219168 -0.00030338014956543969 0.0017493841740509411 0.00042396363356301441 -0.00030338014956543969 -5.7295449821259525e-05
leaf_weight=3.0696869047824302 47.120017362409271 0.58967639901675184 48.381694553303532 2.5871597607620052 0.65531697124242683 0.39864756981842209 1.7178580740001042
leaf_count=473 3238 94 7432 41 18 19 57
internal_value=1.69637e-05 -0.000445891 -0.000334454 0.000526088 -0.000239171 -0.00165154 -0.00030338
internal_weight=104.52 54.8129 51.3445 49.7072 50.7549 3.46833 50.0996
internal_count=11372 8093 7601 3279 7507 492 7489
is_linear=0
shrinkage=0.03


Tree=258
num_leaves=9
num_cat=0
split_feature=4 9 0 0 4 9 9 9
split_gain=0.0191563 0.0162248 0.198859 0.00432243 0.00194777 0.0030832 0.00100966 0.000204273
threshold=71.266310050273916 82.392686804451515 99.018403430168163 91.915478312537147 4.5033191584915722 84.668803418803421 58.863819500402911 98.726062966569316
decision_type=2 2 2 2 2 2 2 2
left_child=3 -2 -3 4 5 -1 -6 -8
right_child=1 2 -4 -5 6 -7 7 -9
leaf_value=-0.0015426965380807075 0.00017499977614680984 0.00017499977614680984 0.010115805236185292 0.00017499977614680984 -0.00051586934922850708 -0.00039849110653220841 -0.00024862823637175033 7.910997887626919e-05
leaf_weight=2.8738518111640583 42.566450188634917 6.209265189478173 0.98902096482925106 2.3717650913167736 28.109116544364952 0.55258195498026896 19.429665773292076 1.4122868340928096
leaf_count=395 2694 572 13 75 4364 97 2926 236
internal_value=-6.93986e-06 0.000414737 0.00163813 -0.00039079 -0.00046359 -0.00109348 -0.000398491 -0.000223815
internal_weight=104.514 49.7647 7.19829 54.7493 52.3775 3.42643 48.9511 20.842
internal_count=11372 3279 585 8093 8018 492 7526 3162
is_linear=0
shrinkage=0.03


Tree=259
num_leaves=7
num_cat=0
split_feature=4 9 0 0 4 0
split_gain=0.0183563 0.0234114 0.178474 0.00376993 0.00115992 0.000117605
threshold=71.266310050273916 82.392686804451515 99.018403430168163 91.915478312537147 0.51613676625331339 99.749677306164401
decision_type=2 2 2 2 2 2
left_child=3 5 -3 4 -1 -2
right_child=1 2 -4 -5 -6 -7
leaf_value=-0.0013500352628513252 0.00014253759309023524 0.00014253759309023524 0.0098507383107281892 0.00014253759309023524 -0.00039670789226084431 0.00033399602273196939
leaf_weight=0.38239758124109258 40.116865373798646 6.2735374502371988 0.97266076784580935 2.3700556177645913 52.009670206811279 2.4417263402137896
leaf_count=45 2654 572 13 75 7973 40
internal_value=1.71637e-05 0.000429502 0.00189324 -0.000358825 -0.000428821 0.000142538
internal_weight=104.567 49.8048 7.2462 54.7621 52.3921 42.5586
internal_count=11372 3279 585 8093 8018 2694
is_linear=0
shrinkage=0.03


Tree=260
num_leaves=5
num_cat=0
split_feature=1 9 10 10
split_gain=0.00914249 0.00249662 0.0225652 9.2603e-05
threshold=0.51613676625331339 3.6811201445347788 81.016731016731029 55.63492063492064
decision_type=2 2 2 2
left_child=-1 2 -2 -3
right_child=1 3 -4 -5
leaf_value=-0.0020604808721986557 -0.0020604808721986557 0.00029737547212227292 0.0003508470485528796 0.00038660638536309062
leaf_weight=0.47315311338752408 0.37905806198250391 44.895586240687408 0.77977236488368362 57.817150611779653
leaf_count=46 83 6488 134 4605
internal_value=0.000302156 0.000332463 -0.000704738 0.000350847
internal_weight=104.345 103.872 1.15883 102.713
internal_count=11356 11310 217 11093
is_linear=0
shrinkage=0.03


Tree=261
num_leaves=5
num_cat=0
split_feature=1 9 10 10
split_gain=0.00935188 0.00251699 0.0227738 7.82012e-05
threshold=0.51613676625331339 3.6811201445347788 81.016731016731029 55.63492063492064
decision_type=2 2 2 2
left_child=-1 2 -2 -3
right_child=1 3 -4 -5
leaf_value=-0.002086052543163003 -0.002086052543163003 0.00029931057404104084 0.00035120804780114579 0.00038573507798208363
leaf_weight=0.47450048150494595 0.3784112762659777 44.89621373009868 0.77977917215321213 57.814485036884435
leaf_count=46 83 6488 134 4605
internal_value=0.000302047 0.000332745 -0.00070867 0.000351208
internal_weight=104.343 103.869 1.15819 102.711
internal_count=11356 11310 217 11093
is_linear=0
shrinkage=0.03


Tree=262
num_leaves=4
num_cat=0
split_feature=1 9 5
split_gain=0.00950802 0.00142404 0.00425797
threshold=0.51613676625331339 3.6811201445347788 22.045127423588184
decision_type=2 2 2
left_child=-1 2 -2
right_child=1 -3 -4
leaf_value=-0.0021044339842640923 -0.0016799954748162938 0.00034651103105311915 0.00034651103105311915
leaf_weight=0.4758766507729878 0.30826163641177007 102.71592490538023 0.84261043497826904
leaf_count=46 70 11093 147
internal_value=0.000302159 0.000333147 -0.000466138
internal_weight=104.343 103.867 1.15087
internal_count=11356 11310 217
is_linear=0
shrinkage=0.03


Tree=263
num_leaves=4
num_cat=0
split_feature=1 9 5
split_gain=0.00953991 0.00140487 0.00423258
threshold=0.51613676625331339 3.6811201445347788 22.045127423588184
decision_type=2 2 2
left_child=-1 2 -2
right_child=1 -3 -4
leaf_value=-0.0021072245064154647 -0.0016730201832754123 0.0003463825860930877 0.0003463825860930877
leaf_weight=0.47742991871200402 0.3075331599684421 102.71541360905394 0.84261267923284322
leaf_count=46 70 11093 147
internal_value=0.000302061 0.000333124 -0.000461342
internal_weight=104.343 103.866 1.15015
internal_count=11356 11310 217
is_linear=0
shrinkage=0.03


Tree=264
num_leaves=4
num_cat=0
split_feature=1 9 5
split_gain=0.00784508 0.00140968 0.00419384
threshold=0.51613676625331339 3.6811201445347788 22.045127423588184
decision_type=2 2 2
left_child=-1 2 -2
right_child=1 -3 -4
leaf_value=-0.0018883038087538257 -0.0016695985280062991 0.00034399694571455859 0.00034399694571455859
leaf_weight=0.47275621769949694 0.30676631408277788 102.72251426032744 0.84279574081301689
leaf_count=46 70 11093 147
internal_value=0.000302819 0.000330703 -0.000464639
internal_weight=104.345 103.872 1.14956
internal_count=11356 11310 217
is_linear=0
shrinkage=0.03


Tree=265
num_leaves=5
num_cat=0
split_feature=10 4 11 11
split_gain=0.0194641 0.141117 0.0830817 0.00263118
threshold=55.63492063492064 72.053508150248078 97.345237637591467 98.55247075257553
decision_type=2 2 2 2
left_child=3 2 -2 -1
right_child=1 -3 -4 -5
leaf_value=0.000353530341946983 0.00043451740026546914 0.0027296863953077287 0.0027296863953077287 0.0011629672822442373
leaf_weight=42.832529041916132 25.607891897321682 31.034591244067997 2.0129933629650614 3.276684316340833
leaf_count=6407 3269 1452 66 114
internal_value=0.000909396 0.00126916 0.000434517 0.000434517
internal_weight=104.765 58.6555 27.6209 46.1092
internal_count=11308 4787 3335 6521
is_linear=0
shrinkage=0.03


Tree=266
num_leaves=4
num_cat=0
split_feature=10 0 4
split_gain=0.0157198 0.135511 0.0736124
threshold=55.63492063492064 99.749677306164401 72.053508150248078
decision_type=2 2 2
left_child=-1 2 -2
right_child=1 -3 -4
leaf_value=0.00048774127294599407 0.00048774127294599407 0.0071772008780164659 0.0020759203986039547
leaf_weight=46.028175916988403 27.601373021607287 2.2928729625418773 28.878281212644652
leaf_count=6521 3335 26 1426
internal_value=0.000918618 0.00124226 0.000880645
internal_weight=104.801 58.7725 56.4797
internal_count=11308 4787 4761
is_linear=0
shrinkage=0.03


Tree=267
num_leaves=4
num_cat=0
split_feature=10 0 4
split_gain=0.009847 0.114603 0.0573253
threshold=55.63492063492064 99.749677306164401 72.053508150248078
decision_type=2 2 2
left_child=-1 2 -2
right_child=1 -3 -4
leaf_value=0.00055343017970275066 0.00055343017970275066 0.0066303365920696838 0.0019228981339390527
leaf_weight=45.934878183645196 27.53593725443352 2.2794628064148119 28.979682989185676
leaf_count=6521 3335 26 1426
internal_value=0.000901581 0.00115978 0.000827688
internal_weight=104.73 58.7951 56.5156
internal_count=11308 4787 4761
is_linear=0
shrinkage=0.03


Tree=268
num_leaves=4
num_cat=0
split_feature=10 4 11
split_gain=0.00838547 0.107169 0.0632484
threshold=55.63492063492064 72.053508150248078 97.345237637591467
decision_type=2 2 2
left_child=-1 2 -2
right_child=1 -3 -4
leaf_value=0.00059031097051627404 0.00059031097051627404 0.0024857133219166761 0.0024857133219166761
leaf_weight=45.921892661950551 25.507175624137748 31.243491903878748 1.9609266731422383
leaf_count=6521 3269 1452 66
internal_value=0.000915065 0.00115493 0.000590311
internal_weight=104.633 58.7116 27.4681
internal_count=11308 4787 3335
is_linear=0
shrinkage=0.03


Tree=269
num_leaves=4
num_cat=0
split_feature=11 0 4
split_gain=0.00393284 0.0240301 0.00606037
threshold=98.247741143150762 99.749677306164401 49.199948796723
decision_type=2 2 2
left_child=1 2 -1
right_child=-2 -3 -4
leaf_value=0.00031656832542500333 0.0015801816302365133 0.0015801816302365133 0.00083569407004527177
leaf_weight=32.246106583159417 7.1748533977661273 2.3628097593318662 62.84885703085456
leaf_count=5391 223 31 5663
internal_value=0.000889701 0.000823335 0.000664788
internal_weight=104.633 97.4578 95.095
internal_count=11308 11085 11054
is_linear=0
shrinkage=0.03


Tree=270
num_leaves=4
num_cat=0
split_feature=11 11 11
split_gain=0.00499259 0.00531337 0.0038125
threshold=1.4354395604395607 0.74638412169898327 98.55247075257553
decision_type=2 2 2
left_child=1 -1 -2
right_child=2 -3 -4
leaf_value=-0.0026870211120559586 -9.7871201133657661e-05 -9.7871201133657661e-05 0.00060737748999787201
leaf_weight=0.39940367243252595 97.888149793609045 0.4688277825480327 5.9179741742555043
leaf_count=76 11055 73 188
internal_value=-0.000126507 -0.00166524 -9.78712e-05
internal_weight=104.674 0.868231 103.806
internal_count=11392 149 11243
is_linear=0
shrinkage=0.03


Tree=271
num_leaves=6
num_cat=0
split_feature=11 11 11 4 4
split_gain=0.00477532 0.0052379 0.000958647 0.00973977 0.000264888
threshold=1.4354395604395607 0.74638412169898327 98.55247075257553 54.409912579641436 73.249882647473029
decision_type=2 2 2 2 2
left_child=1 -1 3 -2 -5
right_child=2 -3 -4 4 -6
leaf_value=-0.0026774366674323443 -0.00012239559855986649 -0.00012239559855986649 0.00023290422450943137 9.5300731149177063e-05 0.00023290422450943137
leaf_weight=0.39797172183170815 37.002018178347498 0.46882220287807286 5.9532434041611841 16.227943966747262 44.658428608207032
leaf_count=76 6018 73 188 2134 2903
internal_value=-0.000150657 -0.00165715 -0.000122396 -0.000122396 0.000232904
internal_weight=104.708 0.866794 103.842 97.8884 60.8864
internal_count=11392 149 11243 11055 5037
is_linear=0
shrinkage=0.03


Tree=272
num_leaves=4
num_cat=0
split_feature=4 9 9
split_gain=0.000618547 0.00142551 0.00112497
threshold=54.409912579641436 94.630630630630648 5.2982456140350882
decision_type=2 2 2
left_child=1 -1 -2
right_child=2 -3 -4
leaf_value=-0.00033060587544059711 -0.00033060587544059711 -8.9053638397732792e-05 -5.0676377128188908e-05
leaf_weight=37.090761552914046 2.6020847499603397 2.3627033308148375 62.638633267022669
leaf_count=5762 198 415 5017
internal_value=-0.000147978 -0.000240807 -8.90536e-05
internal_weight=104.694 39.4535 65.2407
internal_count=11392 6177 5215
is_linear=0
shrinkage=0.03


Tree=273
num_leaves=6
num_cat=0
split_feature=11 11 11 4 4
split_gain=0.00398508 0.00459176 0.000761196 0.0082082 0.000196865
threshold=1.4354395604395607 0.74638412169898327 98.55247075257553 54.409912579641436 73.249882647473029
decision_type=2 2 2 2 2
left_child=1 -1 3 -2 -5
right_child=2 -3 -4 4 -6
leaf_value=-0.00247826099974046 -0.0001098593018416162 -0.0001098593018416162 0.00020681511888751304 7.899152639622029e-05 0.00020681511888751304
leaf_weight=0.39294525538571079 36.957062888890505 0.46894195396453142 5.9517994101624927 16.232686776202172 44.66143081872724
leaf_count=76 6018 73 188 2134 2903
internal_value=-0.000135634 -0.0015136 -0.000109859 -0.000109859 0.000206815
internal_weight=104.665 0.861887 103.803 97.8512 60.8941
internal_count=11392 149 11243 11055 5037
is_linear=0
shrinkage=0.03


Tree=274
num_leaves=6
num_cat=0
split_feature=11 11 11 4 4
split_gain=0.00394786 0.00459092 0.000796884 0.00773221 0.0002747
threshold=1.4354395604395607 0.74638412169898327 98.55247075257553 54.409912579641436 73.249882647473029
decision_type=2 2 2 2 2
left_child=1 -1 3 -2 -5
right_child=2 -3 -4 4 -6
leaf_value=-0.0024755482737299308 -0.00011151511455175538 -0.00011151511455175538 0.00021249585887330369 7.9963409332755821e-05 0.00021249585887330369
leaf_weight=0.39200083632022042 36.936609449447133 0.469045719364658 5.9499837839975944 16.235048084869049 44.671433199662715
leaf_count=76 6018 73 188 2134 2903
internal_value=-0.000137189 -0.00150911 -0.000111515 -0.000111515 0.000212496
internal_weight=104.654 0.861047 103.793 97.8431 60.9065
internal_count=11392 149 11243 11055 5037
is_linear=0
shrinkage=0.03


Tree=275
num_leaves=3
num_cat=0
split_feature=1 11
split_gain=0.00764356 0.0307689
threshold=0.96269694161260444 98.247741143150762
decision_type=2 2
left_child=-1 -2
right_child=1 -3
leaf_value=-0.0015180619722431894 0.0002258910771595101 0.0022107547367734839
leaf_weight=0.99445326940622081 97.135082842432894 6.6117314265575251
leaf_count=84 11072 197
internal_value=0.000340149 0.000372284
internal_weight=104.741 103.747
internal_count=11353 11269
is_linear=0
shrinkage=0.03


Tree=276
num_leaves=4
num_cat=0
split_feature=1 11 11
split_gain=0.00760414 0.0262691 1.23008e-05
threshold=0.96269694161260444 98.247741143150762 64.303487976231011
decision_type=2 2 2
left_child=-1 2 -2
right_child=1 -3 -4
leaf_value=-0.0015246319952572696 0.00019655343872289897 0.0020408232288172748 0.00024578903144376659
leaf_weight=0.99753807438537379 52.297875344520435 6.7491878776345393 44.705174934933893
leaf_count=84 7580 197 3492
internal_value=0.000326043 0.000358221 0.000221521
internal_weight=104.75 103.752 97.0031
internal_count=11353 11269 11072
is_linear=0
shrinkage=0.03


Tree=277
num_leaves=2
num_cat=0
split_feature=1
split_gain=0.00712907
threshold=0.96269694161260444
decision_type=2
left_child=-1
right_child=-2
leaf_value=-0.0014645345361952564 0.00035883884394023188
leaf_weight=0.99931093095801671 103.73827922099736
leaf_count=84 11269
internal_value=0.000327756
internal_weight=104.738
internal_count=11353
is_linear=0
shrinkage=0.03


Tree=278
num_leaves=2
num_cat=0
split_feature=11
split_gain=0.00107475
threshold=64.303487976231011
decision_type=2
left_child=-1
right_child=-2
leaf_value=0.00022774007654551806 0.00042852967792570584
leaf_weight=52.4995582413394 52.236597211100161
leaf_count=7616 3737
internal_value=0.000330989
internal_weight=104.736
internal_count=11353
is_linear=0
shrinkage=0.03


Tree=279
num_leaves=2
num_cat=0
split_feature=11
split_gain=0.00100335
threshold=64.303487976231011
decision_type=2
left_child=-1
right_child=-2
leaf_value=0.00023212135042705064 0.00042691214299448734
leaf_weight=52.498370657325722 52.236438961233944
leaf_count=7616 3737
internal_value=0.000332392
internal_weight=104.735
internal_count=11353
is_linear=0
shrinkage=0.03


Tree=280
num_leaves=5
num_cat=0
split_feature=0 11 9 9
split_gain=0.304927 0.00115357 0.220614 0.000108992
threshold=99.749677306164401 99.066606929510172 69.592735277930672 5.2982456140350882
decision_type=2 2 2 2
left_child=1 3 -3 -1
right_child=-2 2 -4 -5
leaf_value=-0.00078974080374583663 0.0084620576981846579 -0.00050315055579411674 0.007538769724539927 -0.00050315055579411674
leaf_weight=3.2765882827807209 2.5492418871726832 1.7560594773385667 2.0946423839777708 94.04858861642424
leaf_count=389 40 64 45 10847
internal_value=-0.000184647 -0.000483197 2.0882e-05 -0.000503151
internal_weight=103.725 101.176 3.8507 97.3252
internal_count=11385 11345 109 11236
is_linear=0
shrinkage=0.03


Tree=281
num_leaves=4
num_cat=0
split_feature=0 11 9
split_gain=0.299843 0.000339549 0.206333
threshold=99.749677306164401 99.066606929510172 69.592735277930672
decision_type=2 2 2
left_child=1 -1 -3
right_child=-2 2 -4
leaf_value=-0.00049912726671273461 0.0083701133116218813 -0.00049912726671273461 0.0072729236431101742
leaf_weight=97.278288113535382 2.5597110597882411 1.7571105561219149 2.0877876868471503
leaf_count=11236 40 64 45
internal_value=-0.000191222 -0.000487772 -0.000156762
internal_weight=103.683 101.123 3.8449
internal_count=11385 11345 109
is_linear=0
shrinkage=0.03


Tree=282
num_leaves=3
num_cat=0
split_feature=0 9
split_gain=0.274258 7.65054e-05
threshold=99.749677306164401 2.0204081632653064
decision_type=2 2
left_child=1 -1
right_child=-2 -3
leaf_value=-0.00088428524991634354 0.0080506315246996231 -0.00044840274778871499
leaf_weight=0.48245743871666391 2.5267397249117485 100.59287213464268
leaf_count=84 40 11261
internal_value=-0.000176602 -0.000459126
internal_weight=103.602 101.075
internal_count=11385 11345
is_linear=0
shrinkage=0.03


Tree=283
num_leaves=2
num_cat=0
split_feature=0
split_gain=0.243392
threshold=99.749677306164401
decision_type=2
left_child=-1
right_child=-2
leaf_value=-0.00044541914243427429 0.0075876480678903173
leaf_weight=101.06080875569023 2.5119054776150724
leaf_count=11345 40
internal_value=-0.000179901
internal_weight=103.573
internal_count=11385
is_linear=0
shrinkage=0.03


Tree=284
num_leaves=2
num_cat=0
split_feature=0
split_gain=0.217842
threshold=99.749677306164401
decision_type=2
left_child=-1
right_child=-2
leaf_value=-0.00043376104767094251 0.0071566027492143561
leaf_weight=101.03606187936384 2.5209942215587935
leaf_count=11345 40
internal_value=-0.000182302
internal_weight=103.557
internal_count=11385
is_linear=0
shrinkage=0.03


Tree=285
num_leaves=3
num_cat=0
split_feature=10 10
split_gain=0.0780028 0.00672687
threshold=99.333333333333357 97.617697107203639
decision_type=2 2
left_child=1 -1
right_child=-2 -3
leaf_value=0.00074093498744326502 0.0040906644686554434 0.0017944836920038268
leaf_weight=91.656865197233856 6.1409641585778436 5.4739241221686816
leaf_count=10837 283 155
internal_value=0.00104996 0.000817991
internal_weight=103.272 97.1308
internal_count=11275 10992
is_linear=0
shrinkage=0.03


Tree=286
num_leaves=3
num_cat=0
split_feature=10 10
split_gain=0.0568745 0.00161721
threshold=97.617697107203639 99.333333333333357
decision_type=2 2
left_child=-1 -2
right_child=1 -3
leaf_value=0.00078831299103908033 0.0018544873932336084 0.0035291972991505251
leaf_weight=91.558344841352664 5.4475307364482415 6.2147629777900875
leaf_count=10837 155 283
internal_value=0.00105914 0.00295517
internal_weight=103.221 11.6623
internal_count=11275 438
is_linear=0
shrinkage=0.03


Tree=287
num_leaves=5
num_cat=0
split_feature=10 11 11 11
split_gain=0.0520458 0.0405371 0.0391634 0.0182222
threshold=97.617697107203639 98.55247075257553 54.470071874631792 5.548862115127176
decision_type=2 2 2 2
left_child=1 3 -2 -1
right_child=2 -3 -4 -5
leaf_value=-0.0015063637992796179 0.00063405167139803445 0.0028947513745541192 0.0040165679900048884 0.00063405167139803445
leaf_weight=2.6674464103998607 3.8807072757044789 5.6472292887046924 7.7640973920933902 83.217121719499119
leaf_count=533 227 171 211 10133
internal_value=0.00107769 0.000817731 0.00289475 0.000634052
internal_weight=103.177 91.5318 11.6448 85.8846
internal_count=11275 10837 438 10666
is_linear=0
shrinkage=0.03


Tree=288
num_leaves=2
num_cat=0
split_feature=11
split_gain=0.00036162
threshold=1.0596045078803702
decision_type=2
left_child=-1
right_child=-2
leaf_value=0.00011513626591480728 0.0010756061413456049
leaf_weight=0.60921821999363501 102.54780420369934
leaf_count=108 11167
internal_value=0.00107109
internal_weight=103.157
internal_count=11275
is_linear=0
shrinkage=0.03


Tree=289
num_leaves=5
num_cat=0
split_feature=10 11 11 11
split_gain=0.0507458 0.0389367 0.0366068 0.0177587
threshold=97.617697107203639 98.55247075257553 54.470071874631792 5.548862115127176
decision_type=2 2 2 2
left_child=1 3 -2 -1
right_child=2 -3 -4 -5
leaf_value=-0.0014805846963388057 0.00063391554478481283 0.0028645319733224643 0.0039460111297841948 0.00063391554478481283
leaf_weight=2.6645689951255909 3.8764044685522077 5.6513855643570414 7.7809001668356359 83.183523720828816
leaf_count=533 227 171 211 10133
internal_value=0.00107112 0.000814142 0.00286453 0.000633916
internal_weight=103.157 91.4995 11.6573 85.8481
internal_count=11275 10837 438 10666
is_linear=0
shrinkage=0.03


Tree=290
num_leaves=4
num_cat=0
split_feature=4 1 5
split_gain=0.054124 0.000899537 0.000245385
threshold=0.96269694161260444 0.51613676625331339 2.1355502771179737
decision_type=2 2 2
left_child=-1 -2 -3
right_child=1 2 -4
leaf_value=-0.0056961490514578893 -0.0009056267176304339 -0.00048663385406172839 -0.00012993172482526243
leaf_weight=0.61033433768898149 0.43119176477193732 0.91949543170630832 100.15182328782976
leaf_count=86 43 185 10955
internal_value=-0.000238047 -0.000149977 -0.000137913
internal_weight=102.113 101.503 101.071
internal_count=11269 11183 11140
is_linear=0
shrinkage=0.03


Tree=291
num_leaves=3
num_cat=0
split_feature=4 1
split_gain=0.011605 0.00151069
threshold=0.96269694161260444 0.51613676625331339
decision_type=2 2
left_child=-1 -2
right_child=1 -3
leaf_value=-0.0028316559276135638 -0.0011803458356217102 -0.00018234261872353115
leaf_weight=0.53663715987931837 0.42361270915716787 101.12266924697906
leaf_count=86 43 11140
internal_value=-0.000239156 -0.000197976
internal_weight=102.083 101.546
internal_count=11269 11183
is_linear=0
shrinkage=0.03


Tree=292
num_leaves=3
num_cat=0
split_feature=1 4
split_gain=0.00150776 0.001295
threshold=0.51613676625331339 0.96269694161260444
decision_type=2 2
left_child=-1 -2
right_child=1 -3
leaf_value=-0.0012238704680635184 -0.0011142830368233107 -0.00020637817665314942
leaf_weight=0.42606695857830246 0.49448998458683391 101.15935177367646
leaf_count=44 85 11140
internal_value=-0.000237622 -0.000221606
internal_weight=102.08 101.654
internal_count=11269 11225
is_linear=0
shrinkage=0.03


Tree=293
num_leaves=3
num_cat=0
split_feature=1 4
split_gain=0.00157068 0.00128657
threshold=0.51613676625331339 0.96269694161260444
decision_type=2 2
left_child=-1 -2
right_child=1 -3
leaf_value=-0.0012432389706910063 -0.0011111946755196188 -0.00020611175818925837
leaf_weight=0.4266397797036906 0.49425680586136778 101.15909333783202
leaf_count=44 85 11140
internal_value=-0.000237585 -0.000221294
internal_weight=102.08 101.653
internal_count=11269 11225
is_linear=0
shrinkage=0.03


Tree=294
num_leaves=2
num_cat=0
split_feature=1
split_gain=0.00159446
threshold=0.51613676625331339
decision_type=2
left_child=-1
right_child=-2
leaf_value=-0.0012505870123973863 -0.00022135868254009817
leaf_weight=0.42708734213374455 101.65282652329188
leaf_count=44 11225
internal_value=-0.000237755
internal_weight=102.08
internal_count=11269
is_linear=0
shrinkage=0.03


Tree=295
num_leaves=4
num_cat=0
split_feature=4 9 9
split_gain=0.00239219 0.0133741 0.0119763
threshold=49.612392748639543 8.1356867071152816 94.904251866277193
decision_type=2 2 2
left_child=2 -2 -1
right_child=1 -3 -4
leaf_value=-0.0006338323218720856 -0.00037802097975874464 0.00016098643842486315 0.00016098643842486315
leaf_weight=32.495932491496205 6.1476620804751283 63.299881586572155 2.149541469058021
leaf_count=5233 389 5333 359
internal_value=-0.000177979 -7.42337e-05 -0.000378021
internal_weight=104.093 69.4475 34.6455
internal_count=11314 5722 5592
is_linear=0
shrinkage=0.03


Tree=296
num_leaves=3
num_cat=0
split_feature=9 1
split_gain=0.00137438 0.000354845
threshold=2.0204081632653064 0.96269694161260444
decision_type=2 2
left_child=-1 -2
right_child=1 -3
leaf_value=-0.0010875141280212845 -0.00057347790679083998 -0.00015389493848148717
leaf_weight=0.50666140008252014 1.00222042959649 102.5872517634416
leaf_count=90 83 11141
internal_value=-0.000178202 -0.000163399
internal_weight=104.096 103.589
internal_count=11314 11224
is_linear=0
shrinkage=0.03


Tree=297
num_leaves=4
num_cat=0
split_feature=4 9 9
split_gain=0.00225816 0.0130729 0.0117573
threshold=49.612392748639543 8.1356867071152816 94.904251866277193
decision_type=2 2 2
left_child=2 -2 -1
right_child=1 -3 -4
leaf_value=-0.00062465829647204054 -0.00036995765627250045 0.00015975291288662844 0.00015975291288662844
leaf_weight=32.492896878044121 6.1499680094420901 63.302935594576411 2.1498678051866582
leaf_count=5233 389 5333 359
internal_value=-0.000175569 -7.47343e-05 -0.000369958
internal_weight=104.096 69.4529 34.6428
internal_count=11314 5722 5592
is_linear=0
shrinkage=0.03


Tree=298
num_leaves=5
num_cat=0
split_feature=9 4 1 1
split_gain=0.00135948 0.00112597 0.0417722 0.0196644
threshold=2.0204081632653064 49.612392748639543 99.749677306164401 18.042957883159733
decision_type=2 2 2 2
left_child=-1 3 -3 -2
right_child=1 2 -4 -5
leaf_value=-0.0010906677808430489 -0.0010906677808430489 -0.00021309876169492542 0.0044557458940949791 -0.00021309876169492542
leaf_weight=0.50710919231641938 1.6558342070784409 68.421067112940364 0.76909115817397733 32.743663679924794
leaf_count=90 411 5668 10 5135
internal_value=-0.000185448 -0.000170631 -9.846e-05 -0.000308912
internal_weight=104.097 103.59 69.1902 34.3995
internal_count=11314 11224 5678 5546
is_linear=0
shrinkage=0.03


Tree=299
num_leaves=5
num_cat=0
split_feature=9 4 1 1
split_gain=0.000945337 0.00116674 0.0383757 0.0166286
threshold=2.0204081632653064 49.612392748639543 99.749677306164401 18.042957883159733
decision_type=2 2 2 2
left_child=-1 3 -3 -2
right_child=1 2 -4 -5
leaf_value=-0.00094776691800461878 -0.00094776691800461878 -0.00021107834637470319 0.0042732494880468102 -0.00021107834637470319
leaf_weight=0.50464737776201118 1.6544743909034867 68.424276760197245 0.76163060823455353 32.741192191839218
leaf_count=90 411 5668 10 5135
internal_value=-0.000187756 -0.000175026 -0.000101531 -0.000315815
internal_weight=104.086 103.582 69.1859 34.3957
internal_count=11314 11224 5678 5546
is_linear=0
shrinkage=0.03


Tree=300
num_leaves=8
num_cat=0
split_feature=11 9 1 1 10 10 9
split_gain=0.00424895 0.110246 0.00926546 0.00720636 0.0454375 0.0552751 0.0142171
threshold=10.719073152049026 7.5235849056603783 7.7015755329008355 43.99007721817825 55.63492063492064 97.35087719298248 95.904389152921439
decision_type=2 2 2 2 2 2 2
left_child=1 -1 -3 5 -5 -2 -6
right_child=3 2 -4 4 6 -7 -8
leaf_value=-0.0080308904050393395 0.00028099545006815714 -0.0029276810766522628 0.00028099545006815714 0.00028099545006815714 0.0014903998890931148 0.0014903998890931148 0.0039425975972958108
leaf_weight=0.49775530525948752 32.990413077175617 0.40502215665765096 5.6743143019266427 28.296134768053889 30.00338258873672 4.3307925183325997 1.4972519516013552
leaf_count=86 4294 70 979 3378 2237 169 99
internal_value=0.000229952 -0.00046137 0.000280995 0.000280995 0.000609595 0.000280995 0.0014904
internal_weight=103.695 6.57709 6.07934 97.118 59.7968 37.3212 31.5006
internal_count=11312 1135 1049 10177 5714 4463 2336
is_linear=0
shrinkage=0.03


Tree=301
num_leaves=5
num_cat=0
split_feature=1 9 9 1
split_gain=0.00282875 0.00763079 0.00270729 4.33521e-05
threshold=43.99007721817825 98.65765765765768 4.1960093896713619 1.3157985858627832
decision_type=2 2 2 2
left_child=3 2 -2 -1
right_child=1 -3 -4 -5
leaf_value=-9.7616608938417372e-05 3.0945896039236132e-05 0.002015447162822552 0.00035485399642369927 3.0945896039236132e-05
leaf_weight=1.4185511748073611 1.3928546847309906 1.4222318283282209 61.276926540071145 38.171575656277128
leaf_count=134 190 203 6019 4766
internal_value=0.00023173 0.000353376 0.000284594 3.09459e-05
internal_weight=103.682 64.092 62.6698 39.5901
internal_count=11312 6412 6209 4900
is_linear=0
shrinkage=0.03


Tree=302
num_leaves=4
num_cat=0
split_feature=11 9 9
split_gain=0.00358198 0.110314 7.94409e-05
threshold=10.719073152049026 7.5235849056603783 98.65765765765768
decision_type=2 2 2
left_child=1 -1 -2
right_child=2 -3 -4
leaf_value=-0.0080140977952818122 0.00027909041101724694 0.00027909041101724694 0.0004983516492291487
leaf_weight=0.49600376607850094 95.008348378702067 6.0745066589443013 2.1073687616735688
leaf_count=86 9863 1049 314
internal_value=0.000232374 -0.000403772 0.00027909
internal_weight=103.686 6.57051 97.1157
internal_count=11312 1135 10177
is_linear=0
shrinkage=0.03


Tree=303
num_leaves=7
num_cat=0
split_feature=11 9 9 11 11 9
split_gain=0.00356988 0.00315151 0.00126812 0.010384 0.00194928 4.21424e-05
threshold=5.548862115127176 29.217479674796753 98.726062966569316 66.751273940744866 14.180016786483232 81.762749445676292
decision_type=2 2 2 2 2 2
left_child=1 -1 4 -4 -2 -3
right_child=2 5 3 -5 -6 -7
leaf_value=-0.00145422736869127 0.00011204938371277611 -2.2739663779613686e-05 0.00024278267375803798 0.0025859673227167914 0.00024278267375803798 0.00011204938371277611
leaf_weight=1.1113367133075365 6.0733507372206068 1.7786780555034059 1.1266021125484251 0.94016259815543879 92.166212088777684 0.48954849550500501
leaf_count=160 925 325 210 103 9482 107
internal_value=0.000230121 -0.00061745 0.00026449 0.0008807 0.000242783 0.000112049
internal_weight=103.686 3.37956 100.306 2.06676 98.2396 2.26823
internal_count=11312 592 10720 313 10407 432
is_linear=0
shrinkage=0.03


Tree=304
num_leaves=5
num_cat=0
split_feature=9 11 11 11
split_gain=0.0035409 0.0131772 0.00967981 3.84464e-05
threshold=98.726062966569316 66.751273940744866 14.180016786483232 12.334198841766765
decision_type=2 2 2 2
left_child=2 -2 3 -1
right_child=1 -3 -4 -5
leaf_value=-0.00075996136278390597 0.0001974545607068794 0.0029820073828053118 0.0001974545607068794 -0.0002198142282920315
leaf_weight=8.2181676598265749 1.1655632108449929 0.9650698595214634 92.193848376860842 1.1515827020630229
leaf_count=1328 219 103 9482 180
internal_value=0.000230219 0.00123007 0.000197455 -0.000721175
internal_weight=103.694 2.13063 101.564 9.36975
internal_count=11312 322 10990 1508
is_linear=0
shrinkage=0.03


Tree=305
num_leaves=3
num_cat=0
split_feature=1 1
split_gain=0.018637 0.00121317
threshold=99.749677306164401 0.96269694161260444
decision_type=2 2
left_child=1 -1
right_child=-2 -3
leaf_value=-0.00099842979383884633 0.0025246844136521552 -0.0002127771118471144
leaf_weight=0.88683632400352408 1.2639291300438333 102.53046970337164
leaf_count=89 40 11268
internal_value=-0.000172188 -0.000229012
internal_weight=104.681 103.417
internal_count=11397 11357
is_linear=0
shrinkage=0.03


Tree=306
num_leaves=2
num_cat=0
split_feature=1
split_gain=0.0183507
threshold=99.749677306164401
decision_type=2
left_child=-1
right_child=-2
leaf_value=-0.00022689710394243359 0.0025095636793891181
leaf_weight=103.42081642337143 1.2571610065642733
leaf_count=11357 40
internal_value=-0.000170596
internal_weight=104.678
internal_count=11397
is_linear=0
shrinkage=0.03


Tree=307
num_leaves=2
num_cat=0
split_feature=1
split_gain=0.0233424
threshold=99.749677306164401
decision_type=2
left_child=-1
right_child=-2
leaf_value=-0.00022444128521101911 0.0028443980280758651
leaf_weight=103.41478731285315 1.2822140487842251
leaf_count=11357 40
internal_value=-0.000160302
internal_weight=104.697
internal_count=11397
is_linear=0
shrinkage=0.03


Tree=308
num_leaves=2
num_cat=0
split_feature=1
split_gain=0.0233074
threshold=99.749677306164401
decision_type=2
left_child=-1
right_child=-2
leaf_value=-0.00023185953133773285 0.0028143431421752628
leaf_weight=103.35613042779732 1.3137477640993882
leaf_count=11357 40
internal_value=-0.000167354
internal_weight=104.67
internal_count=11397
is_linear=0
shrinkage=0.03


Tree=309
num_leaves=2
num_cat=0
split_feature=1
split_gain=0.0228319
threshold=99.749677306164401
decision_type=2
left_child=-1
right_child=-2
leaf_value=-0.00023197273320721098 0.002787817902650527
leaf_weight=103.36002858087886 1.3062994512729336
leaf_count=11357 40
internal_value=-0.000168257
internal_weight=104.666
internal_count=11397
is_linear=0
shrinkage=0.03


Tree=310
num_leaves=7
num_cat=0
split_feature=9 10 11 11 11 10
split_gain=0.0243793 0.0274433 0.102421 0.00885696 0.00602628 0.00542297
threshold=3.6811201445347788 96.899038461538467 53.247350205494278 2.7195105553314511 20.551206719772857 55.63492063492064
decision_type=2 2 2 2 2 2
left_child=4 3 -3 -2 -1 -5
right_child=1 2 -4 5 -6 -7
leaf_value=-0.0043308048856202288 -0.0017611096832218871 4.4349252041224532e-05 0.003593796371866491 -0.00028846929141695276 -0.00038905631359294348 4.4349252041224532e-05
leaf_weight=0.30612074630334862 1.4460143923060957 3.9591239376459262 8.5709738021250796 44.988815473159775 0.77717931754887104 44.397578859585337
leaf_count=65 271 236 238 6371 148 4048
internal_value=0.000170012 0.000232603 0.00149314 4.43493e-05 -0.00304708 4.43493e-05
internal_weight=104.446 103.363 12.5301 90.8324 1.0833 89.3864
internal_count=11377 11164 474 10690 213 10419
is_linear=0
shrinkage=0.03


Tree=311
num_leaves=7
num_cat=0
split_feature=9 10 1 1 11 11
split_gain=0.0245337 0.0173301 0.135375 0.0781631 0.0726832 0.0558931
threshold=2.0204081632653064 97.35087719298248 79.898070339246829 5.2961050551412008 88.162730137869787 70.654748674308593
decision_type=2 2 2 2 2 2
left_child=-1 3 -3 4 -2 -4
right_child=1 2 5 -5 -6 -7
leaf_value=-0.003608211965561658 -0.003608211965561658 8.3165541239364979e-05 0.00086968346345957172 8.3165541239364979e-05 8.3165541239364979e-05 0.0076075877083368508
leaf_weight=0.52633137174416234 3.3259847139706826 6.9878591129090619 2.0989035153761506 87.111922789830714 2.0254715823102742 2.3199047651141882
leaf_count=85 424 330 76 10300 131 31
internal_value=0.000171984 0.000225363 0.00127842 8.31655e-05 -0.00324501 0.00515824
internal_weight=104.396 103.87 11.4067 92.4634 5.35146 4.41881
internal_count=11377 11292 437 10855 555 107
is_linear=0
shrinkage=0.03


Tree=312
num_leaves=7
num_cat=0
split_feature=9 10 11 9 11 9
split_gain=0.0254886 0.0155917 0.0774758 0.0138878 0.0101827 0.00106755
threshold=2.0204081632653064 97.35087719298248 53.247350205494278 5.2982456140350882 2.7195105553314511 16.024691358024693
decision_type=2 2 2 2 2 2
left_child=-1 3 -3 -2 -5 -4
right_child=1 2 5 4 -6 -7
leaf_value=-0.0036862074994738637 -0.0021667082774927487 9.4792607518848687e-05 0.002081011982765914 -0.0018840457960127431 9.4792607518848687e-05 0.0041674333418337392
leaf_weight=0.51960564660839637 1.4456468299031247 3.4965843751560879 5.1298776715993881 1.4246784559218202 89.595910123316571 2.7667385758832097
leaf_count=85 284 226 103 263 10308 108
internal_value=0.000175497 0.000229787 0.00122934 9.47926e-05 9.47926e-05 0.00319829
internal_weight=104.379 103.859 11.3932 92.4662 91.0206 7.89662
internal_count=11377 11292 437 10855 10571 211
is_linear=0
shrinkage=0.03


Tree=313
num_leaves=6
num_cat=0
split_feature=1 10 1 9 10
split_gain=0.0156966 0.0266876 0.317428 0.0167623 0.0188489
threshold=0.96269694161260444 98.581488933601634 89.158259052470058 5.2982456140350882 59.169301523426277
decision_type=2 2 2 2 2
left_child=-1 3 -3 4 -2
right_child=1 2 -4 -5 -6
leaf_value=-0.0025250847407569652 -0.0025250847407569652 9.8222342106660474e-05 0.0090663403614947465 9.8222342106660474e-05 9.8222342106660474e-05
leaf_weight=0.8918693563900878 1.1573417586041603 3.9356065462343386 2.8754841256886721 94.741980666760355 0.74588884727563698
leaf_count=88 218 260 50 10605 156
internal_value=0.00018825 0.000235591 0.00192265 9.82223e-05 -0.00218204
internal_weight=104.348 103.456 6.81109 96.6452 1.90323
internal_count=11377 11289 310 10979 374
is_linear=0
shrinkage=0.03


Tree=314
num_leaves=6
num_cat=0
split_feature=1 10 1 9 10
split_gain=0.0205498 0.0226967 0.291061 0.0133002 0.0196013
threshold=0.96269694161260444 98.581488933601634 89.158259052470058 5.2982456140350882 59.169301523426277
decision_type=2 2 2 2 2
left_child=-1 3 -3 4 -2
right_child=1 2 -4 -5 -6
leaf_value=-0.002882528081980658 -0.002882528081980658 0.00016400740978023498 0.0086016894222022584 0.00016400740978023498 0.00016400740978023498
leaf_weight=0.87324032909236748 1.1446480348240573 3.9346272267866871 2.9913341761566699 94.62964440358337 0.74580679112114001
leaf_count=88 218 260 50 10605 156
internal_value=0.000238824 0.000292519 0.00183681 0.000164007 -0.00187329
internal_weight=104.319 103.446 6.92596 96.5201 1.89045
internal_count=11377 11289 310 10979 374
is_linear=0
shrinkage=0.03


Tree=315
num_leaves=3
num_cat=0
split_feature=11 11
split_gain=0.0143397 0.000377287
threshold=6.9050663743758376 10.719073152049026
decision_type=2 2
left_child=-1 -2
right_child=1 -3
leaf_value=-0.0016990398034775985 -0.00038198277169878918 -5.9989691807393948e-05
leaf_weight=4.1304534228984258 2.4406024822965255 97.113694072351791
leaf_count=719 382 10228
internal_value=-0.000152046 -7.16037e-05
internal_weight=103.685 99.5543
internal_count=11329 10610
is_linear=0
shrinkage=0.03


Tree=316
num_leaves=3
num_cat=0
split_feature=11 11
split_gain=0.0120846 0.000414094
threshold=6.9050663743758376 10.719073152049026
decision_type=2 2
left_child=-1 -2
right_child=1 -3
leaf_value=-0.0015751340939927207 -0.00040463122324169875 -6.7015701345919432e-05
leaf_weight=4.1186423846520475 2.4407120546093202 97.124948608572595
leaf_count=719 382 10228
internal_value=-0.000153134 -7.92331e-05
internal_weight=103.684 99.5657
internal_count=11329 10610
is_linear=0
shrinkage=0.03


Tree=317
num_leaves=3
num_cat=0
split_feature=11 11
split_gain=0.0105177 0.000355315
threshold=6.9050663743758376 10.719073152049026
decision_type=2 2
left_child=-1 -2
right_child=1 -3
leaf_value=-0.001483263784378326 -0.00038842830084585996 -7.4704920534833291e-05
leaf_weight=4.1088122064247719 2.4402941652806467 97.159627999179065
leaf_count=719 382 10228
internal_value=-0.000155164 -8.61762e-05
internal_weight=103.709 99.5999
internal_count=11329 10610
is_linear=0
shrinkage=0.03


Tree=318
num_leaves=5
num_cat=0
split_feature=11 9 9 9
split_gain=0.00405381 0.137783 0.00464306 0.000420883
threshold=10.719073152049026 29.532322137955944 2.7212143650499816 2.0204081632653064
decision_type=2 2 2 2
left_child=1 -1 3 -2
right_child=2 -3 -4 -5
leaf_value=-0.006624841235096433 -0.0018889593973651462 -0.00011951952098856523 -9.0862963870736791e-05 -0.00011951952098856523
leaf_weight=2.0241015488281837 0.43921448604669322 4.481120016076602 96.491727376705967 0.29958561109378934
leaf_count=308 76 793 10086 66
internal_value=-0.000172706 -0.00084581 -0.00011952 -0.00165751
internal_weight=103.736 6.50522 97.2305 0.7388
internal_count=11329 1101 10228 142
is_linear=0
shrinkage=0.03


Tree=319
num_leaves=2
num_cat=0
split_feature=11
split_gain=0.000365102
threshold=10.719073152049026
decision_type=2
left_child=-1
right_child=-2
leaf_value=-0.00041864905036350709 -0.00018711698788963265
leaf_weight=6.4307257655309504 97.328363974811509
leaf_count=1101 10228
internal_value=-0.000205326
internal_weight=103.759
internal_count=11329
is_linear=0
shrinkage=0.03


Tree=320
num_leaves=2
num_cat=0
split_feature=9
split_gain=0.00538938
threshold=2.7212143650499816
decision_type=2
left_child=-1
right_child=-2
leaf_value=-0.0022678854417165447 -0.00057175258609719771
leaf_weight=0.84503845684230228 103.05602330307011
leaf_count=174 11130
internal_value=-0.000607035
internal_weight=103.901
internal_count=11304
is_linear=0
shrinkage=0.03


Tree=321
num_leaves=3
num_cat=0
split_feature=9 11
split_gain=0.00551291 0.00276689
threshold=2.7212143650499816 99.758745125429272
decision_type=2 2
left_child=-1 -2
right_child=1 -3
leaf_value=-0.0022860746819917156 -0.00058886379979179422 0.00062671739795577689
leaf_weight=0.84499289281666179 102.11545149318408 0.94029913563281198
leaf_count=174 11102 28
internal_value=-0.000607457 -0.000571856
internal_weight=103.901 103.056
internal_count=11304 11130
is_linear=0
shrinkage=0.03


Tree=322
num_leaves=2
num_cat=0
split_feature=11
split_gain=0.00255545
threshold=99.758745125429272
decision_type=2
left_child=-1
right_child=-2
leaf_value=-0.0005987069122386947 0.00057739677045636319
leaf_weight=102.9180401096819 0.9414249702822407
leaf_count=11276 28
internal_value=-0.000582642
internal_weight=103.859
internal_count=11304
is_linear=0
shrinkage=0.03


Tree=323
num_leaves=2
num_cat=0
split_feature=11
split_gain=0.00239902
threshold=99.758745125429272
decision_type=2
left_child=-1
right_child=-2
leaf_value=-0.00059833909295272454 0.00054654610725036698
leaf_weight=102.9188376966631 0.93950030370615323
leaf_count=11276 28
internal_value=-0.000582869
internal_weight=103.858
internal_count=11304
is_linear=0
shrinkage=0.03


Tree=324
num_leaves=2
num_cat=0
split_feature=11
split_gain=0.00215723
threshold=99.758745125429272
decision_type=2
left_child=-1
right_child=-2
leaf_value=-0.00059775057320481974 0.00049644286011810243
leaf_weight=102.91910613863729 0.93855188880115648
leaf_count=11276 28
internal_value=-0.000583222
internal_weight=103.858
internal_count=11304
is_linear=0
shrinkage=0.03


Tree=325
num_leaves=2
num_cat=0
split_feature=10
split_gain=0.00552134
threshold=98.581488933601634
decision_type=2
left_child=-1
right_child=-2
leaf_value=-0.00046981034627747081 0.00033676711720122336
leaf_weight=96.25223315844778 7.5889875297434619
leaf_count=10999 330
internal_value=-0.000408214
internal_weight=103.841
internal_count=11329
is_linear=0
shrinkage=0.03


Tree=326
num_leaves=2
num_cat=0
split_feature=10
split_gain=0.00543051
threshold=98.581488933601634
decision_type=2
left_child=-1
right_child=-2
leaf_value=-0.00047418673396322204 0.00032517641372762794
leaf_weight=96.248598968842998 7.6142518282867959
leaf_count=10999 330
internal_value=-0.000413043
internal_weight=103.863
internal_count=11329
is_linear=0
shrinkage=0.03


Tree=327
num_leaves=2
num_cat=0
split_feature=10
split_gain=0.00518814
threshold=98.581488933601634
decision_type=2
left_child=-1
right_child=-2
leaf_value=-0.00047235024676363987 0.000309573304356458
leaf_weight=96.249097206513397 7.613778489874675
leaf_count=10999 330
internal_value=-0.000412625
internal_weight=103.863
internal_count=11329
is_linear=0
shrinkage=0.03


Tree=328
num_leaves=2
num_cat=0
split_feature=10
split_gain=0.00489103
threshold=98.581488933601634
decision_type=2
left_child=-1
right_child=-2
leaf_value=-0.00047320426172456207 0.00028699567005296793
leaf_weight=96.24630404135678 7.6135067243594667
leaf_count=10999 330
internal_value=-0.000415272
internal_weight=103.86
internal_count=11329
is_linear=0
shrinkage=0.03


Tree=329
num_leaves=2
num_cat=0
split_feature=10
split_gain=0.00523579
threshold=98.581488933601634
decision_type=2
left_child=-1
right_child=-2
leaf_value=-0.00047119167121526434 0.00031310370112034832
leaf_weight=96.227650648797862 7.6375073094386599
leaf_count=10999 330
internal_value=-0.000411084
internal_weight=103.865
internal_count=11329
is_linear=0
shrinkage=0.03


Tree=330
num_leaves=5
num_cat=0
split_feature=11 10 10 10
split_gain=0.00505305 0.0390288 0.000570941 0.000216906
threshold=16.68714168714169 99.333333333333357 55.63492063492064 96.899038461538467
decision_type=2 2 2 2
left_child=1 -1 -2 -4
right_child=2 -3 3 -5
leaf_value=-0.0016581989048798894 0.00015619640010137347 0.00024612778191931023 0.00026641595613811014 0.00044119431394566586
leaf_weight=10.131744271726344 40.720152785652317 1.112706252140925 39.34355470247101 11.514696058118714
leaf_count=1694 5631 51 3489 430
internal_value=0.000171773 -0.00040444 0.000246128 0.000313732
internal_weight=102.823 11.2445 91.5784 50.8583
internal_count=11295 1745 9550 3919
is_linear=0
shrinkage=0.03


Tree=331
num_leaves=7
num_cat=0
split_feature=1 10 11 9 1 10
split_gain=0.0290688 0.454421 0.287584 0.00658876 0.0800193 0.00186832
threshold=89.92536158783011 99.333333333333357 78.78418329637843 5.2982456140350882 12.086471155776293 97.617697107203639
decision_type=2 2 2 2 2 2
left_child=3 2 -2 4 -1 -6
right_child=1 -3 -4 -5 5 -7
leaf_value=-0.0075331806710597178 -0.00012243546240219851 0.010820916950342822 0.0059942133917003405 -0.00012243546240219851 -0.0026288554500963181 -0.00012243546240219851
leaf_weight=0.41985549195669536 9.662107312120499 2.6841046728659412 6.2760982725303611 81.672314025694504 1.1444724675966429 0.97303198627196241
leaf_count=57 893 47 233 9774 262 29
internal_value=0.000118486 0.00115865 -0.000122435 -0.000122435 -0.00141881 -0.000122435
internal_weight=102.832 18.6223 15.9382 84.2097 2.53736 2.1175
internal_count=11295 1173 1126 10122 348 291
is_linear=0
shrinkage=0.03


Tree=332
num_leaves=7
num_cat=0
split_feature=1 10 11 10 1 1
split_gain=0.0157481 0.373886 0.217129 0.0031235 0.0323685 0.000682419
threshold=89.92536158783011 99.333333333333357 78.78418329637843 4.3797953964194383 47.582593112046133 0.51613676625331339
decision_type=2 2 2 2 2 2
left_child=3 2 -2 4 -1 -5
right_child=1 -3 -4 5 -6 -7
leaf_value=-0.0042780023015695275 -2.7025830296976883e-05 0.0095479324611684145 0.0053793102423323183 -0.00073697881503634213 -2.7025830296976883e-05 -2.7025830296976883e-05
leaf_weight=0.76772603183053323 9.6324381416197884 2.8614143645390859 6.3599422178231171 0.4048291421495368 0.93601310020312667 81.799029215762857
leaf_count=137 893 47 233 42 127 9816
internal_value=0.000152436 0.000912251 -2.70258e-05 -2.70258e-05 -0.00104683 -2.70258e-05
internal_weight=102.761 18.8538 15.9924 83.9076 1.70374 82.2039
internal_count=11295 1173 1126 10122 264 9858
is_linear=0
shrinkage=0.03


Tree=333
num_leaves=9
num_cat=0
split_feature=11 1 10 11 10 1 11 11
split_gain=0.0166272 0.131058 0.495775 0.341531 0.459126 0.0280052 0.016689 0.00499253
threshold=16.68714168714169 89.92536158783011 66.206699657403888 78.78418329637843 98.581488933601634 10.872448391189023 5.548862115127176 0.74638412169898327
decision_type=2 2 2 2 2 2 2 2
left_child=5 -2 -3 4 -4 6 -1 -7
right_child=1 2 3 -5 -6 7 -8 -9
leaf_value=-0.0059020104723767428 -0.00023602180985330269 -0.00023602180985330269 -0.00023602180985330269 0.013509984066320729 0.011758070222030161 -0.002069739622002925 -0.00023602180985330269 -0.00023602180985330269
leaf_weight=0.40527456952258123 74.468853809405118 7.647026454331356 3.6249949263874424 3.5718948692083359 2.1227852404117584 0.36489713052287598 0.78247413010103628 9.763381870579904
leaf_count=62 8638 598 204 82 28 69 117 1497
internal_value=0.000179399 0.000315798 0.00261613 0.00734063 0.00207279 -0.000858878 -0.00394146 -0.000236022
internal_weight=102.752 91.4356 16.9667 9.31968 5.74778 11.316 1.18775 10.1283
internal_count=11295 9550 912 314 232 1745 179 1566
is_linear=0
shrinkage=0.03


Tree=334
num_leaves=7
num_cat=0
split_feature=11 1 11 1 11 11
split_gain=0.0169002 0.134728 0.197384 0.0269724 0.018491 0.00495912
threshold=16.68714168714169 89.92536158783011 70.654748674308593 10.872448391189023 5.548862115127176 0.74638412169898327
decision_type=2 2 2 2 2 2
left_child=3 -2 -3 4 -1 -5
right_child=1 2 -4 5 -6 -7
leaf_value=-0.0059803384637475759 -0.00026951210075742613 -0.00026951210075742613 0.0052769565538532759 -0.0020984598129672018 -0.00026951210075742613 -0.00026951210075742613
leaf_weight=0.40531208773608784 74.261535926605575 7.3896536328829852 9.6675943685695511 0.36506558419204971 0.78002078435383737 9.7670523384585959
leaf_count=62 8638 568 344 69 117 1497
internal_value=0.000154263 0.000292162 0.00261701 -0.000891805 -0.00391974 -0.000269512
internal_weight=102.636 91.3188 17.0572 11.3175 1.18533 10.1321
internal_count=11295 9550 912 1745 179 1566
is_linear=0
shrinkage=0.03


Tree=335
num_leaves=2
num_cat=0
split_feature=11
split_gain=0.0162424
threshold=98.55247075257553
decision_type=2
left_child=-1
right_child=-2
leaf_value=-0.00027811600770522412 0.0011552214109353358
leaf_weight=98.327543326129671 6.6819022190757087
leaf_count=11243 188
internal_value=-0.000176874
internal_weight=105.009
internal_count=11431
is_linear=0
shrinkage=0.03


Tree=336
num_leaves=2
num_cat=0
split_feature=11
split_gain=0.0115233
threshold=98.55247075257553
decision_type=2
left_child=-1
right_child=-2
leaf_value=-0.00026065021330787963 0.00094504311545036488
leaf_weight=98.292319913336542 6.7107989515643558
leaf_count=11243 188
internal_value=-0.000175405
internal_weight=105.003
internal_count=11431
is_linear=0
shrinkage=0.03


Tree=337
num_leaves=2
num_cat=0
split_feature=11
split_gain=0.00624591
threshold=98.55247075257553
decision_type=2
left_child=-1
right_child=-2
leaf_value=-0.00023062767151507747 0.00065645240312604846
leaf_weight=98.233765007054899 6.7389431099873027
leaf_count=11243 188
internal_value=-0.000168023
internal_weight=104.973
internal_count=11431
is_linear=0
shrinkage=0.03


Tree=338
num_leaves=2
num_cat=0
split_feature=11
split_gain=0.00567068
threshold=98.55247075257553
decision_type=2
left_child=-1
right_child=-2
leaf_value=-0.00022938720058640407 0.00061594759325741513
leaf_weight=98.221094110049307 6.7423937825951716
leaf_count=11243 188
internal_value=-0.000169786
internal_weight=104.963
internal_count=11431
is_linear=0
shrinkage=0.03


Tree=339
num_leaves=2
num_cat=0
split_feature=11
split_gain=0.00471625
threshold=98.55247075257553
decision_type=2
left_child=-1
right_child=-2
leaf_value=-0.00022565900470810035 0.00054576230813987883
leaf_weight=98.223333220055792 6.7420076376292846
leaf_count=11243 188
internal_value=-0.000171427
internal_weight=104.965
internal_count=11431
is_linear=0
shrinkage=0.03


Tree=340
num_leaves=4
num_cat=0
split_feature=10 1 1
split_gain=0.00747805 0.0734556 0.0348572
threshold=21.55354449472097 26.474368667775597 99.749677306164401
decision_type=2 2 2
left_child=1 -1 -2
right_child=2 -3 -4
leaf_value=-0.0044531292437219065 7.4268394126073128e-05 7.4268394126073128e-05 0.0038311621821543757
leaf_weight=2.6081166166113681 86.964799163280986 11.10057144530583 1.2230703593231727
leaf_count=523 9346 1500 32
internal_value=-2.93801e-05 -0.000655868 7.42684e-05
internal_weight=101.897 13.7087 88.1879
internal_count=11401 2023 9378
is_linear=0
shrinkage=0.03


Tree=341
num_leaves=4
num_cat=0
split_feature=10 10 10
split_gain=0.00314552 0.00108053 1.60605e-05
threshold=21.55354449472097 53.907203907203915 48.683298683298695
decision_type=2 2 2
left_child=-1 2 -2
right_child=1 -3 -4
leaf_value=-0.00043333243861684719 -0.00012197910563284181 0.00011475053228546337 -6.2611674053715419e-05
leaf_weight=13.659671970526686 19.666544349165637 58.698236111202277 9.8651667432277446
leaf_count=2023 2889 4982 1507
internal_value=-2.62736e-05 4.08969e-05 -0.000104847
internal_weight=101.89 88.2299 29.5317
internal_count=11401 9378 4396
is_linear=0
shrinkage=0.03


Tree=342
num_leaves=3
num_cat=0
split_feature=10 10
split_gain=0.00235978 0.000189768
threshold=21.55354449472097 53.907203907203915
decision_type=2 2
left_child=-1 -2
right_child=1 -3
leaf_value=-0.00036735370101598458 -1.823034709929676e-05 7.4243188075913595e-05
leaf_weight=13.650207683211191 29.496467410528567 58.750693070120178
leaf_count=2023 4396 4982
internal_value=-1.4594e-05 4.34761e-05
internal_weight=101.897 88.2472
internal_count=11401 9378
is_linear=0
shrinkage=0.03


Tree=343
num_leaves=3
num_cat=0
split_feature=1 10
split_gain=0.00220896 0.00174743
threshold=0.51613676625331339 21.55354449472097
decision_type=2 2
left_child=-1 -2
right_child=1 -3
leaf_value=-0.0011834652907491609 -0.00030310722367695965 5.1117401942130985e-05
leaf_weight=0.43671568552963336 13.59250059747137 87.845855990832206
leaf_count=48 2015 9338
internal_value=-1.53762e-05 1.15657e-06
internal_weight=101.875 101.438
internal_count=11401 11353
is_linear=0
shrinkage=0.03


Tree=344
num_leaves=3
num_cat=0
split_feature=1 10
split_gain=0.0022223 0.00146064
threshold=0.51613676625331339 21.55354449472097
decision_type=2 2
left_child=-1 -2
right_child=1 -3
leaf_value=-0.0011864076432725355 -0.00027652326703458854 4.7376457487055571e-05
leaf_weight=0.43688169680535693 13.587684655562041 87.850000865350012
leaf_count=48 2015 9338
internal_value=-1.48643e-05 1.71386e-06
internal_weight=101.875 101.438
internal_count=11401 11353
is_linear=0
shrinkage=0.03


Tree=345
num_leaves=5
num_cat=0
split_feature=1 9 9 5
split_gain=0.0147108 0.0112814 0.0173729 0.00220103
threshold=45.180694908955786 5.2982456140350882 2.7212143650499816 8.8825992555831288
decision_type=2 2 2 2
left_child=1 -1 -2 -3
right_child=2 3 -4 -5
leaf_value=-0.0024584357059228225 -0.0024584357059228225 -0.0012645170419145039 0.00045103923861626512 -0.00017211488875687491
leaf_weight=1.1714280999731261 0.67541579436510701 0.77872096188366313 63.070733802043833 38.141393250552937
leaf_count=175 103 198 6159 4727
internal_value=9.64358e-05 -0.000348596 0.000377389 -0.000225101
internal_weight=103.838 40.0915 63.7461 38.9201
internal_count=11362 5100 6262 4925
is_linear=0
shrinkage=0.03


Tree=346
num_leaves=5
num_cat=0
split_feature=1 9 9 5
split_gain=0.0143719 0.0115465 0.0172382 0.00215412
threshold=45.180694908955786 5.2982456140350882 2.7212143650499816 8.8825992555831288
decision_type=2 2 2 2
left_child=1 -1 -2 -3
right_child=2 3 -4 -5
leaf_value=-0.0024786876968947913 -0.0024786876968947913 -0.0012488636343671083 0.00044588628991535625 -0.00016798121804695339
leaf_weight=1.1725006250198919 0.67549848253838618 0.77716195804532517 63.068195640807971 38.129768974496983
leaf_count=175 103 198 6159 4727
internal_value=9.48331e-05 -0.000345123 0.000372517 -0.000220325
internal_weight=103.823 40.0794 63.7437 38.9069
internal_count=11362 5100 6262 4925
is_linear=0
shrinkage=0.03


Tree=347
num_leaves=8
num_cat=0
split_feature=1 10 10 10 9 9 9
split_gain=0.00977772 0.169317 0.0245112 0.0166683 0.101861 0.0272231 0.00743222
threshold=45.180694908955786 98.581488933601634 4.8003072196620593 73.956521739130451 10.135754907356452 95.904389152921439 5.2982456140350882
decision_type=2 2 2 2 2 2 2
left_child=2 3 -1 5 -5 -2 -4
right_child=1 -3 6 4 -6 -7 -8
leaf_value=-0.0035822604331715146 -0.00015974140584489654 0.0051519474504111385 -0.0019423077637310772 -0.00015974140584489654 0.0022813902996251943 0.0022813902996251943 -0.00015974140584489654
leaf_weight=0.92600457218941201 37.127333179232664 4.9412097029853603 1.1559936893172551 2.3199592017335844 16.909902796614915 2.4951697837095699 37.944178148289211
leaf_count=151 4336 180 175 187 1245 314 4774
internal_value=9.61673e-05 0.000324845 -0.000267333 -0.000159741 0.000702124 -0.000159741 -0.000159741
internal_weight=103.82 63.7936 40.0262 58.8524 19.2299 39.6225 39.1002
internal_count=11362 6262 5100 6082 1432 4650 4949
is_linear=0
shrinkage=0.03


Tree=348
num_leaves=5
num_cat=0
split_feature=1 10 10 10
split_gain=0.00905059 0.133987 0.0223743 0.010331
threshold=45.180694908955786 99.333333333333357 4.8003072196620593 73.956521739130451
decision_type=2 2 2 2
left_child=2 3 -1 -2
right_child=1 -3 -4 -5
leaf_value=-0.0034097257210127284 -9.491301840565141e-05 0.0047685640037637188 -9.491301840565141e-05 0.00057588454418861727
leaf_weight=0.92060852085705747 39.527041220339015 4.5748934575822195 39.096999870147556 19.683408082230017
leaf_count=151 4650 164 4949 1448
internal_value=0.000102179 0.000322133 -0.000247717 -9.4913e-05
internal_weight=103.803 63.7853 40.0176 59.2104
internal_count=11362 6262 5100 6098
is_linear=0
shrinkage=0.03


Tree=349
num_leaves=8
num_cat=0
split_feature=1 10 10 10 9 9 9
split_gain=0.00667515 0.118229 0.0210849 0.0104013 0.0859461 0.0249539 0.0074798
threshold=45.180694908955786 99.333333333333357 4.8003072196620593 73.956521739130451 10.135754907356452 95.904389152921439 5.2982456140350882
decision_type=2 2 2 2 2 2 2
left_child=2 3 -1 5 -5 -2 -4
right_child=1 -3 6 4 -6 -7 -8
leaf_value=-0.0032987893158997026 -0.00011877294443231678 0.0044524098121140488 -0.0019032920296483209 -0.00011877294443231678 0.0020541380284454787 0.0020541380284454787 -0.00011877294443231678
leaf_weight=0.91702875844202836 37.005171539378352 4.5672393986023954 1.155863431515171 2.3136012217728448 17.371291924500838 2.4810180373024187 37.932888235663995
leaf_count=151 4336 164 175 187 1261 314 4774
internal_value=8.34772e-05 0.000272496 -0.000216974 -0.000118773 0.00055446 -0.000118773 -0.000118773
internal_weight=103.744 63.7383 40.0058 59.1711 19.6849 39.4862 39.0888
internal_count=11362 6262 5100 6098 1448 4650 4949
is_linear=0
shrinkage=0.03


Tree=350
num_leaves=4
num_cat=0
split_feature=10 9 9
split_gain=0.00195321 0.00165103 0.000912359
threshold=4.8003072196620593 2.7212143650499816 98.726062966569316
decision_type=2 2 2
left_child=-1 -2 -3
right_child=1 2 -4
leaf_value=-0.00083411433155224004 -0.00083411433155224004 -0.0001049268308782361 0.00041889361059931329
leaf_weight=2.4689364884980014 0.68158392456825723 99.630744887399487 2.1153929367428637
leaf_count=356 169 10520 306
internal_value=-0.000131714 -0.000106882 -9.00652e-05
internal_weight=104.897 102.428 101.746
internal_count=11351 10995 10826
is_linear=0
shrinkage=0.03


Tree=351
num_leaves=6
num_cat=0
split_feature=11 9 10 9 10
split_gain=0.0175927 0.0419909 0.0510544 6.58733e-05 4.04832e-05
threshold=10.362070041825335 73.024948024948031 97.259759759759774 2.7212143650499816 4.8003072196620593
decision_type=2 2 2 2 2
left_child=1 2 -1 -2 -5
right_child=3 -3 -4 4 -6
leaf_value=-0.0047584407571213336 -2.6950239871197711e-05 -2.6950239871197711e-05 -2.6950239871197711e-05 -2.6950239871197711e-05 4.7342037857787765e-06
leaf_weight=3.4997062511974937 0.60066906618885596 1.5393779755104331 1.1458288847934452 2.3162296558730295 95.795599513920024
leaf_count=727 146 295 64 314 9805
internal_value=-0.000131546 -0.00156482 -0.0031421 -2.69502e-05 -2.34332e-06
internal_weight=104.897 6.18491 4.64554 98.7125 98.1118
internal_count=11351 1086 791 10265 10119
is_linear=0
shrinkage=0.03


Tree=352
num_leaves=5
num_cat=0
split_feature=11 11 11 9
split_gain=0.0144805 0.0236052 0.000109591 0.000232296
threshold=1.0596045078803702 0.48250974914149358 10.362070041825335 2.7212143650499816
decision_type=2 2 2 2
left_child=1 -1 -2 -4
right_child=2 -3 3 -5
leaf_value=-0.0053630820769972193 -8.98976277029233e-05 -8.98976277029233e-05 -8.98976277029233e-05 -3.2749411637189871e-05
leaf_weight=0.2404204229824235 5.6069238799391306 0.28520405129529536 0.60071489366236974 98.1637798078591
leaf_count=38 975 73 146 10119
internal_value=-0.000133186 -0.00303569 -8.98976e-05 -5.71921e-05
internal_weight=104.897 0.525624 104.371 98.7645
internal_count=11351 111 11240 10265
is_linear=0
shrinkage=0.03


Tree=353
num_leaves=5
num_cat=0
split_feature=11 9 9 10
split_gain=0.0186301 0.0442401 0.00389991 2.89707e-05
threshold=10.362070041825335 73.024948024948031 2.7212143650499816 4.8003072196620593
decision_type=2 2 2 2
left_child=1 -1 -2 -4
right_child=2 -3 3 -5
leaf_value=-0.0032720194411149572 -0.0015071508335679656 -3.8388897609565681e-05 -3.8388897609565681e-05 -8.7446600249684985e-06
leaf_weight=4.5272097089327863 0.60101520514581253 1.5404278230853377 2.3163713240064672 95.873093925300054
leaf_count=791 146 295 314 9805
internal_value=-0.000145232 -0.00163324 -3.83889e-05 -1.42946e-05
internal_weight=104.858 6.06764 98.7905 98.1895
internal_count=11351 1086 10265 10119
is_linear=0
shrinkage=0.03


Tree=354
num_leaves=5
num_cat=0
split_feature=11 9 9 10
split_gain=0.0161837 0.0416583 0.00381439 3.4154e-05
threshold=10.362070041825335 73.024948024948031 2.7212143650499816 4.8003072196620593
decision_type=2 2 2 2
left_child=1 -1 -2 -4
right_child=2 -3 3 -5
leaf_value=-0.0031485124778152362 -0.0014987415888889689 -4.5695276708281006e-05 -4.5695276708281006e-05 -1.5301979362443449e-05
leaf_weight=4.5167513326741746 0.60010815074201573 1.5406709978124125 2.3176931021735063 95.874343392089941
leaf_count=791 146 295 314 9805
internal_value=-0.000145312 -0.0015333 -4.56953e-05 -2.17949e-05
internal_weight=104.85 6.05742 98.7921 98.192
internal_count=11351 1086 10265 10119
is_linear=0
shrinkage=0.03


Tree=355
num_leaves=6
num_cat=0
split_feature=11 5 11 5 5
split_gain=0.0369698 0.0615107 0.0293645 0.0672316 0.0130566
threshold=98.926172561907251 83.377662396457467 5.548862115127176 99.018403430168163 36.82830074526305
decision_type=2 2 2 2 2
left_child=2 -2 3 -1 -4
right_child=1 -3 4 -5 -6
leaf_value=-0.0046177808109668398 0.0002125058120123944 0.0048932332594469547 -0.00058618289653071369 0.0002125058120123944 0.0002125058120123944
leaf_weight=2.7299843468936156 2.6257262665312728 3.156859538750723 19.271734141744673 0.58485240256413806 76.377591315598693
leaf_count=565 102 50 3911 15 6740
internal_value=0.000361602 0.00250573 0.000212506 -0.00226446 0.000212506
internal_weight=104.747 5.78259 98.9642 3.31484 95.6493
internal_count=11383 152 11231 580 10651
is_linear=0
shrinkage=0.03


Tree=356
num_leaves=7
num_cat=0
split_feature=11 5 5 11 11 11
split_gain=0.0272379 0.0637182 0.017052 0.00651538 0.000625687 0.0005659
threshold=98.926172561907251 83.377662396457467 36.82830074526305 10.719073152049026 94.759984639016906 7.9588793433363696
decision_type=2 2 2 2 2 2
left_child=2 -2 4 -4 5 -1
right_child=1 -3 3 -5 -6 -7
leaf_value=-0.0012148325365843957 0.00025290948902423631 0.0047370380669377148 -0.00059886061593851883 0.00025290948902423631 7.9824206939784861e-05 -0.00059886061593851883
leaf_weight=1.355145355337309 2.6585545141715548 3.1653358188923448 4.6298539896961293 73.994371848297305 0.94545843964442511 17.940562229370698
leaf_count=334 102 50 669 6412 137 3679
internal_value=0.000382162 0.00221773 0.000252909 0.000252909 -0.000598861 -0.00063441
internal_weight=104.689 5.82389 98.8654 78.6242 20.2412 19.2957
internal_count=11383 152 11231 7081 4150 4013
is_linear=0
shrinkage=0.03


Tree=357
num_leaves=7
num_cat=0
split_feature=11 5 1 11 5 5
split_gain=0.0160046 0.0484899 0.0200919 0.0137689 0.0506063 0.00929257
threshold=98.926172561907251 83.377662396457467 84.953329361364112 5.548862115127176 99.018403430168163 36.82830074526305
decision_type=2 2 2 2 2 2
left_child=3 2 -2 4 -1 -5
right_child=1 -3 -4 5 -6 -7
leaf_value=-0.0037065480625555012 0.00027507929880986657 0.0040359390651482155 0.0036842422135164171 -0.00039027677941362837 0.00027507929880986657 0.00027507929880986657
leaf_weight=2.6641496268566693 1.3312491844408207 3.1896300776861608 1.3295616041868923 19.210209371172823 0.58607341116294254 76.357687501935288
leaf_count=565 80 50 22 3911 15 6740
internal_value=0.000375331 0.00178131 0.000275079 0.000275079 -0.00143765 0.000275079
internal_weight=104.669 5.85044 2.66081 98.8181 3.25022 95.5679
internal_count=11383 152 102 11231 580 10651
is_linear=0
shrinkage=0.03


Tree=358
num_leaves=8
num_cat=0
split_feature=11 1 1 11 1 1 11
split_gain=0.0148761 0.0115024 0.01264 0.00987455 0.05665 0.00032243 0.000142522
threshold=5.548862115127176 22.469257795344756 7.7015755329008355 98.926172561907251 26.87369603594929 51.641424608615246 17.185367185367188
decision_type=2 2 2 2 2 2 2
left_child=1 2 -1 6 -5 -3 -2
right_child=3 5 -4 4 -6 -7 -8
leaf_value=-0.0048130274305737833 0.00022466476963286291 -9.644524991348608e-05 -9.644524991348608e-05 0.00035449485522076943 0.0037749252319619502 0.00022466476963286291 0.00035449485522076943
leaf_weight=0.29397470143157933 8.2531089750118536 0.67759215575642917 0.35944587108679116 1.6769830107223231 4.1998072513379157 1.9045056233881039 87.260609350982122
leaf_count=47 1208 136 66 58 94 331 9443
internal_value=0.000368848 -0.00138561 -0.00334052 0.000437821 0.00154361 -9.64452e-05 0.000354495
internal_weight=104.626 3.23552 0.653421 101.391 5.87679 2.5821 95.5137
internal_count=11383 580 113 10803 152 467 10651
is_linear=0
shrinkage=0.03


Tree=359
num_leaves=6
num_cat=0
split_feature=11 5 11 5 5
split_gain=0.0141967 0.0537371 0.0078485 0.0386538 0.012669
threshold=5.548862115127176 99.018403430168163 98.926172561907251 83.377662396457467 36.82830074526305
decision_type=2 2 2 2 2
left_child=1 -1 4 -4 -2
right_child=2 -3 3 -5 -6
leaf_value=-0.0036879020810047882 -0.0003399956040493734 0.00043653268971810598 0.00043653268971810598 0.0036053629140251515 0.00043653268971810598
leaf_weight=2.6446782969869669 19.191400209325366 0.58480243291705836 2.6693681571632615 3.2058694465085864 76.319958688691258
leaf_count=565 3911 15 102 50 6740
internal_value=0.000369265 -0.00134644 0.000436533 0.00146372 0.000436533
internal_weight=104.616 3.22948 101.387 5.87524 95.5114
internal_count=11383 580 10803 152 10651
is_linear=0
shrinkage=0.03


Tree=360
num_leaves=2
num_cat=0
split_feature=4
split_gain=0.0112365
threshold=0.51613676625331339
decision_type=2
left_child=-1
right_child=-2
leaf_value=-0.0022596308267459684 0.00044332970462702492
leaf_weight=0.42633963632397254 103.0744001569692
leaf_count=45 11244
internal_value=0.000410679
internal_weight=103.501
internal_count=11289
is_linear=0
shrinkage=0.03


Tree=361
num_leaves=2
num_cat=0
split_feature=4
split_gain=0.0110696
threshold=0.51613676625331339
decision_type=2
left_child=-1
right_child=-2
leaf_value=-0.0022394823144090237 0.00044305513910327364
leaf_weight=0.42698597291018714 103.07484186528018
leaf_count=45 11244
internal_value=0.000410664
internal_weight=103.502
internal_count=11289
is_linear=0
shrinkage=0.03


Tree=362
num_leaves=2
num_cat=0
split_feature=4
split_gain=0.0106445
threshold=0.51613676625331339
decision_type=2
left_child=-1
right_child=-2
leaf_value=-0.0021881293339189429 0.00044298054584015757
leaf_weight=0.42736177635379036 103.0741354500642
leaf_count=45 11244
internal_value=0.000411282
internal_weight=103.501
internal_count=11289
is_linear=0
shrinkage=0.03


Tree=363
num_leaves=2
num_cat=0
split_feature=4
split_gain=0.0115083
threshold=0.51613676625331339
decision_type=2
left_child=-1
right_child=-2
leaf_value=-0.0022946265376429789 0.00044392646012454478
leaf_weight=0.42253279453143378 103.07726589881349
leaf_count=45 11244
internal_value=0.000410895
internal_weight=103.5
internal_count=11289
is_linear=0
shrinkage=0.03


Tree=364
num_leaves=2
num_cat=0
split_feature=4
split_gain=0.0118842
threshold=0.51613676625331339
decision_type=2
left_child=-1
right_child=-2
leaf_value=-0.0023417036950419395 0.00044556112323272857
leaf_weight=0.41744391166139294 103.08116943418281
leaf_count=45 11244
internal_value=0.000412018
internal_weight=103.499
internal_count=11289
is_linear=0
shrinkage=0.03


Tree=365
num_leaves=2
num_cat=0
split_feature=4
split_gain=0.00535441
threshold=0.51613676625331339
decision_type=2
left_child=-1
right_child=-2
leaf_value=-0.0025751592530190983 -0.00062860985520755801
leaf_weight=0.40442941873334248 103.92156652396079
leaf_count=42 11335
internal_value=-0.000660534
internal_weight=104.326
internal_count=11377
is_linear=0
shrinkage=0.03


Tree=366
num_leaves=2
num_cat=0
split_feature=4
split_gain=0.00540475
threshold=0.51613676625331339
decision_type=2
left_child=-1
right_child=-2
leaf_value=-0.0025827389915455954 -0.00062846798886467348
leaf_weight=0.40538041084073384 103.92117397941183
leaf_count=42 11335
internal_value=-0.000660511
internal_weight=104.327
internal_count=11377
is_linear=0
shrinkage=0.03


end of trees

feature_importances:
Column_11=467
Column_1=441
Column_10=276
Column_9=261
Column_4=205
Column_3=143
Column_0=134
Column_5=116

parameters:
[boosting: gbdt]
[objective: lambdarank]
[metric: ndcg]
[tree_learner: serial]
[device_type: cpu]
[data_sample_strategy: bagging]
[data: ]
[valid: ]
[num_iterations: 400]
[learning_rate: 0.03]
[num_leaves: 15]
[num_threads: 8]
[seed: 0]
[deterministic: 0]
[force_col_wise: 0]
[force_row_wise: 0]
[histogram_pool_size: -1]
[max_depth: -1]
[min_data_in_leaf: 50]
[min_sum_hessian_in_leaf: 0.001]
[bagging_fraction: 0.8]
[pos_bagging_fraction: 1]
[neg_bagging_fraction: 1]
[bagging_freq: 5]
[bagging_seed: 3]
[bagging_by_query: 0]
[feature_fraction: 0.9]
[feature_fraction_bynode: 1]
[feature_fraction_seed: 2]
[extra_trees: 0]
[extra_seed: 6]
[early_stopping_round: 0]
[early_stopping_min_delta: 0]
[first_metric_only: 0]
[max_delta_step: 0]
[lambda_l1: 0]
[lambda_l2: 1]
[linear_lambda: 0]
[min_gain_to_split: 0]
[drop_rate: 0.1]
[max_drop: 50]
[skip_drop: 0.5]
[xgboost_dart_mode: 0]
[uniform_drop: 0]
[drop_seed: 4]
[top_rate: 0.2]
[other_rate: 0.1]
[min_data_per_group: 100]
[max_cat_threshold: 32]
[cat_l2: 10]
[cat_smooth: 10]
[max_cat_to_onehot: 4]
[top_k: 20]
[monotone_constraints: 1,1,1,1,1,1,1,1,1,1,1,1]
[monotone_constraints_method: advanced]
[monotone_penalty: 0]
[feature_contri: ]
[forcedsplits_filename: ]
[refit_decay_rate: 0.9]
[cegb_tradeoff: 1]
[cegb_penalty_split: 0]
[cegb_penalty_feature_lazy: ]
[cegb_penalty_feature_coupled: ]
[path_smooth: 0]
[interaction_constraints: ]
[verbosity: -1]
[saved_feature_importance_type: 0]
[use_quantized_grad: 0]
[num_grad_quant_bins: 4]
[quant_train_renew_leaf: 0]
[stochastic_rounding: 1]
[linear_tree: 0]
[max_bin: 255]
[max_bin_by_feature: ]
[min_data_in_bin: 3]
[bin_construct_sample_cnt: 200000]
[data_random_seed: 1]
[is_enable_sparse: 1]
[enable_bundle: 1]
[use_missing: 1]
[zero_as_missing: 0]
[feature_pre_filter: 1]
[pre_partition: 0]
[two_round: 0]
[header: 0]
[label_column: ]
[weight_column: ]
[group_column: ]
[ignore_column: ]
[categorical_feature: ]
[forcedbins_filename: ]
[precise_float_parser: 0]
[parser_config_file: ]
[objective_seed: 5]
[num_class: 1]
[is_unbalance: 0]
[scale_pos_weight: 1]
[sigmoid: 1]
[boost_from_average: 1]
[reg_sqrt: 0]
[alpha: 0.9]
[fair_c: 1]
[poisson_max_delta_step: 0.7]
[tweedie_variance_power: 1.5]
[lambdarank_truncation_level: 30]
[lambdarank_norm: 1]
[label_gain: 0,1,3,7,15]
[lambdarank_position_bias_regularization: 0]
[eval_at: 10,25,50]
[multi_error_top_k: 1]
[auc_mu_weights: ]
[num_machines: 1]
[local_listen_port: 12400]
[time_out: 120]
[machine_list_filename: ]
[machines: ]
[gpu_platform_id: -1]
[gpu_device_id: -1]
[gpu_use_dp: 0]
[num_gpu: 1]

end of parameters

pandas_categorical:null
