tree
version=v4
num_class=1
num_tree_per_iteration=1
label_index=0
max_feature_idx=11
objective=lambdarank
feature_names=Column_0 Column_1 Column_2 Column_3 Column_4 Column_5 Column_6 Column_7 Column_8 Column_9 Column_10 Column_11
monotone_constraints=1 1 1 1 1 1 1 1 1 1 1 1
feature_infos=[0.22522522522522523:100] [0.22522522522522523:100] [0.23696682464454977:100] [0.22522522522522523:100] [0.22522522522522523:100] [0.22522522522522523:100] none [1.4925373134328357:100] [1.2987012987012987:100] [1.1627906976744187:100] [1.2345679012345678:100] [0.22522522522522523:100]
tree_sizes=1756 1729 1733 1728 1731 1730 1514 1516 1313 1727 1723 990 1525 1753 1739 1622 1748 1533 1527 1410 1753 1542 1764 1551 1767 1642 1318 1525 1763 1426 1429 1545 1541 1546 1441 1435 1532 1760 1437 1543 1766 1318 1766 1788 1779 1559 1330 1553 1659 1452 1547 1328 1547 1669 1554 1550 1655 1540 1765 1463 1669 1766 1438 1233 1764 1671 1222 1110 1222 1221 1333 1448 1113 1450 1347 1560 1458 1221 1546 1674 1345 1015 907 907 803 1772 1542 1118 1454 1130 1550 1554 1455 1558 1666 1130 1129 1017 1359 907 1332 1666 1442 1021 1442 1354 1024 1024 1135 1137 803 801 804 916 1030 1452 1566 1345 1442 1560 914 1335 1333 1021 1125 1349 1353 1581 1245 1450 1553 1773 1780 1772 1772 1001 1129 1553 1553 1014 1030 1128 1675 1458 1457 1123 1121 1131 1243 804 1122 1230 1121 1341 1341 1588 1025 1135 1254 1027 1345 1250 1564 1470 1564 1345 1347 1238 1465 1680 1778 1129 1336 1138 1133 1245 925 1249 1244 1244 1024 1456 1240 1342 1126 922 921 1145 1139 1031 1572 1570 1128 1468 1679 1019 1021 902 908 918 1128 1250 1245 1027 926 924 1136 1028 1029 1025 1034 922 1035 1036 1040 1249 1027 1027 815 1033 930 1031 915 1029 1023 1029 1139 917 1134 1035 1341 1341 1120 1344 1231 694 584 586 588 595 1360 704 1128 1244 1029 1225 1013 1233 1237 1235 919 805 1029 1034 912 588 590 586 696 696 924 921 927 934 819 810 919 1457 921 1345 1016 1016 1014 914 1019 919 600 925 922 603 482 815 817 928 815 708 600 487 601 602 808 807 813 919 703 818 925 928 819 703 1355 1248 707 921 811 809 594 592 594 590 808 810 809 809 706 913 694 913 807 585 1037 1256 924 1039 926 919 914 700 812 924 593 816 812 817 812 589 595 484 482 482 376 374 376 376 376 372 371 371 373 375 493 492 375 493 493 597 709 488 488 484 596 700 377 375 377 820 821 707 708 820 698 924 595 815 928 595 594 595 597 595 373 374 375 373 374 921 1034 1248 927 916 375 374 374 376 373 598 600 600 596

Tree=0
num_leaves=15
num_cat=0
split_feature=5 8 7 11 1 11 11 1 9 10 2 9 10 4
split_gain=3.70198 1.65328 0.960129 1.07356 0.469787 0.518492 0.206747 0.341512 0.229971 0.180282 0.253348 0.153072 0.136727 0.10811
threshold=72.375077382925113 36.882591093117419 74.813432835820905 13.65824691501072 54.953892571817107 71.155663330942559 89.547074066076462 24.52152014652015 75.147058823529434 79.19372294372296 91.213001890465861 33.137254901960787 28.660714285714288 85.950429352068724
decision_type=2 2 2 2 2 2 2 2 2 2 2 2 2 2
left_child=4 -2 3 -3 5 9 7 8 12 10 13 -9 -5 -1
right_child=1 2 -4 6 -6 -7 -8 11 -10 -11 -12 -13 -14 -15
leaf_value=-0.01422327536111663 -0.0048753529249671908 -0.0048753529249671908 0.019962664624306358 -0.0048753529249671908 -0.0048753529249671908 -0.0048753529249671908 0.015772787364137734 0.00069806930765080387 0.0082354691373967889 -0.0048753529249671908 -0.0048753529249671908 0.012115611737262237 0.00069806930765080387 -0.0048753529249671908
leaf_weight=16.391443704022127 7.4836584309814524 1.8969278384465784 6.4239015881903461 0.98865606426260999 31.247257538023405 8.577252898947334 3.1873117745853969 1.3921125876950098 1.2677498172270132 3.1793312605004749 2.4230200677411622 6.0719794841716066 2.8431567216757685 0.61041190847754379
leaf_count=2302 959 212 405 76 4349 1051 334 292 95 611 309 568 388 88
internal_value=-0.00128013 0.00695896 0.0106858 0.0064196 -0.00548874 -0.00869876 0.00930642 0.00662403 0.000409012 -0.0112555 -0.0123687 0.0103202 -0.00334889 -0.0136898
internal_weight=93.9842 31.5555 24.0718 17.6479 62.4287 31.1815 15.751 12.5637 5.09956 22.6042 19.4249 7.46409 3.83181 17.0019
internal_count=12039 3329 2370 1965 8710 4361 1753 1419 559 3310 2699 860 464 2390
is_linear=0
shrinkage=0.03


Tree=1
num_leaves=15
num_cat=0
split_feature=5 8 2 1 8 8 10 11 1 3 3 2 10 3
split_gain=17.4715 3.39891 2.75586 4.3934 3.50298 0.933248 1.10797 0.703381 1.01761 0.665507 0.415781 0.678597 0.205266 0.0936437
threshold=72.375077382925113 49.675324675324681 72.576939228508024 32.429368143653868 99.350649350649363 65.075757575757592 11.180555555555557 80.248533497993222 5.6933428283770846 89.814715532585623 78.966190576286962 75.03204180222815 69.79992790194666 79.351790929344006
decision_type=2 2 2 2 2 2 2 2 2 2 2 2 2 2
left_child=13 10 3 -3 7 6 -5 -4 -9 -8 12 -12 -2 -1
right_child=1 2 4 5 -6 -7 9 8 -10 -11 11 -13 -14 -15
leaf_value=-0.012941724438454656 -0.012695594867093136 -0.0048341488326510374 0.010499381918615399 -0.0048341488326510374 0.030411330712055568 0.010499381918615399 -0.0014418301061579321 0.010499381918615399 0.022494754108013437 0.010499381918615399 -0.0055003169039697635 0.0090547812179853707 -0.0055003169039697635 -0.0055003169039697635
leaf_weight=56.366430905880406 5.0969782762695131 13.095114545663817 20.107657427201048 1.3867112821899343 9.597213296685366 21.94388441555202 4.9717331395950151 3.9311273675411931 11.332999758422373 5.5497898084577173 5.918445327319203 3.9471588984597474 1.3557977245654909 1.7795517069753248
leaf_count=8455 298 347 631 29 42 400 181 89 203 192 530 269 118 255
internal_value=0.000439922 0.00754823 0.00977491 0.00454395 0.0150183 0.0104994 0.00191982 0.0104994 0.0172833 0.00698463 -0.00483415 -0.00483415 -0.012138 -0.0126956
internal_weight=166.381 108.235 91.9162 46.9472 44.969 33.8521 11.9082 35.3718 15.2641 10.5215 16.3184 9.8656 6.45278 58.146
internal_count=12039 3329 2114 1149 965 802 402 923 292 373 1215 799 416 8710
is_linear=0
shrinkage=0.03


Tree=2
num_leaves=15
num_cat=0
split_feature=5 7 11 1 10 5 1 9 4 3 2 1 0 1
split_gain=29.9415 6.13459 4.71131 3.16297 1.87706 1.72704 1.29573 0.840398 0.988482 0.76021 0.573457 0.1999 0.221901 0.103997
threshold=72.375077382925113 78.629976580796267 89.192295744019901 36.777332396822331 58.387445887445899 83.200104493207945 2.9126899964651827 31.612258494337112 40.334176465226513 76.647467162965839 72.576939228508024 20.534649138348517 95.597438463584893 90.20806366556404
decision_type=2 2 2 2 2 2 2 2 2 2 2 2 2 2
left_child=13 2 3 9 -3 -5 -4 -7 -9 -2 -6 12 -11 -1
right_child=1 4 6 5 10 7 -8 8 -10 11 -12 -13 -14 -15
leaf_value=-0.018320654131081887 -0.017627392657878896 0.014136209695580144 -0.0059753587085346208 -0.0038617278840155879 0.014136209695580144 -0.0038617278840155879 0.014136209695580144 -0.0038617278840155879 0.014136209695580144 -0.013842801620101965 0.030075151205526975 -0.0038617278840155879 -0.0059753587085346208 -0.010219137390933922
leaf_weight=47.737811537226662 6.0755406413227346 9.3809969853609889 2.3771973252296581 9.7329229619354027 4.5893379347398904 2.0755914761684808 27.006319187115878 1.6290639983490098 11.403214153368024 4.0737097794190031 15.223455517552791 5.8246098854579031 3.1518907560966909 5.9402899646665892
leaf_count=7776 436 248 59 529 132 190 423 73 341 345 106 284 163 934
internal_value=0.000333673 0.0098151 0.00505028 -0.00120132 0.0212231 0.00577152 0.0141362 0.011832 0.0141362 -0.0100945 0.0269281 -0.00597536 -0.00906714 -0.0176274
internal_weight=156.222 102.544 73.3501 43.9665 29.1938 24.8408 29.3835 15.1079 13.0323 19.1258 19.8128 13.0502 7.2256 53.6781
internal_count=12039 3329 2843 2361 486 1133 482 604 414 1228 238 792 508 8710
is_linear=0
shrinkage=0.03


Tree=3
num_leaves=15
num_cat=0
split_feature=0 8 11 3 9 3 7 8 10 8 8 11 2 3
split_gain=15.3612 5.30638 3.54023 3.04315 2.85243 1.99379 1.16747 1.33664 1.0159 0.694623 0.759883 0.338201 0.325314 0.498621
threshold=63.726724946905712 49.675324675324681 79.577406572573338 83.200104493207945 83.431372549019628 62.867086509777927 99.253731343283604 94.014925373134346 77.113095238095255 95.275297619047635 98.666429587482227 83.372643477390199 85.036899375134681 78.562822719449244
decision_type=2 2 2 2 2 2 2 2 2 2 2 2 2 2
left_child=5 11 3 6 9 -1 7 -3 -9 12 -5 -2 -4 -13
right_child=1 2 4 10 -6 -7 -8 8 -10 -11 -12 13 -14 -15
leaf_value=-0.017237153308814292 -0.0087279082470970697 -0.0087279082470970697 0.010607752701312622 0.010607752701312622 0.032854253820336791 -0.0087279082470970697 0.010607752701312622 -0.0087279082470970697 0.010607752701312622 0.022994653307790384 0.022994653307790384 -0.0087279082470970697 0.016686780832809493 0.0060460288352440321
leaf_weight=35.681013114517555 10.086732965661207 11.637462338199837 19.826005877461288 20.91681145736948 7.2612388418056062 14.75307006924413 1.7083895453251905 1.5631517744623136 1.9531783226411787 4.464092308189719 4.1715646875090888 1.294580653775484 10.264164312509818 3.1485143867321312
leaf_count=6225 1276 1070 469 719 70 1437 20 75 39 60 38 190 164 187
internal_value=0.000675978 0.00756439 0.01046 0.00415017 0.0165455 -0.0126356 -0.00551371 -0.00835006 0.00811664 0.0122907 0.0106078 -0.00872791 0.0106078 -0.000366348
internal_weight=148.73 98.2959 83.7661 41.9506 41.8155 50.4341 16.8622 15.1538 3.51633 34.5543 25.0884 14.5298 30.0902 4.4431
internal_count=12039 4377 2724 1961 763 7662 1204 1184 114 693 757 1653 633 377
is_linear=0
shrinkage=0.03


Tree=4
num_leaves=15
num_cat=0
split_feature=5 8 2 7 3 10 8 2 3 2 1 5 2 2
split_gain=27.9043 4.59564 3.79084 2.91264 2.61628 0.898795 0.503574 0.500456 0.254365 0.242529 0.206539 0.179191 0.141734 0.126413
threshold=72.375077382925113 39.159811985898948 72.576939228508024 78.989813242784393 86.303072691367333 77.58148035333538 77.346041055718487 94.670786142953872 89.814715532585623 65.067669479434201 77.02361452361454 95.220689260361823 94.137682673381661 84.920557383792683
decision_type=2 2 2 2 2 2 2 2 2 2 2 2 2 2
left_child=-1 8 4 6 5 9 -4 11 12 -3 -6 -8 -2 -10
right_child=1 2 3 -5 10 -7 7 -9 13 -11 -12 -13 -14 -15
leaf_value=-0.017706746233192256 -0.016329659943136749 -0.014524166843749468 0.0087544852019408471 0.025659431005875626 0.0062519504277968423 0.0062519504277968423 0.0087544852019408471 0.025659431005875626 -0.0055484024803298653 -0.00010988648313615387 0.0087544852019408471 0.016426496208576408 -0.0021959293664730963 0.0050444592564825282
leaf_weight=47.988838844234124 4.3348027027677736 5.4325319046620262 20.338827196974307 20.633574945386499 16.257891363929968 2.1689011505804956 6.4877605028450471 2.6698367563076308 1.8917952498886736 1.0691940933465955 10.204529384616761 3.902462069876492 0.80598260089755047 0.64225925039499987
leaf_count=8710 600 328 665 139 456 138 173 51 267 62 251 48 98 53
internal_value=0.000781315 0.0100303 0.0119594 0.0168869 0.00412353 -0.00945374 0.0108789 0.0157349 -0.011176 -0.011176 0.00875449 0.0108631 -0.0145242 -0.00219593
internal_weight=144.829 96.8403 89.1655 54.0325 35.133 8.67063 33.3989 13.0601 7.67484 6.50173 26.4624 10.3902 5.14079 2.53405
internal_count=12039 3329 2311 1076 1235 528 937 272 1018 390 707 221 698 320
is_linear=0
shrinkage=0.03


Tree=5
num_leaves=15
num_cat=0
split_feature=5 11 9 8 1 2 9 2 9 2 5 5 0 10
split_gain=24.0905 3.77102 3.74203 1.99475 1.95085 1.32133 0.900404 0.861813 0.685993 0.796426 0.513122 0.325402 0.0610285 0.00634129
threshold=72.748281456812279 88.901458019105078 83.431372549019628 49.675324675324681 9.3315171035378288 74.341212832326946 91.048534798534817 60.493037794828084 24.852941176470591 86.090231215610828 83.200104493207945 97.864765678648226 76.59879644776818 78.319623971797895
decision_type=2 2 2 2 2 2 2 2 2 2 2 2 2 2
left_child=12 3 7 -2 11 6 10 -3 -9 -10 -6 13 -1 -5
right_child=1 2 -4 4 5 -7 -8 8 9 -11 -12 -13 -14 -15
leaf_value=-0.017504319292265674 -0.0088831069732754203 0.0011510747744814128 0.033397663815677048 -0.0088831069732754203 -0.0064001919809116058 0.010615961669294037 0.010615961669294037 0.010615961669294037 0.010615961669294037 0.0236372666688675 0.0011510747744814128 0.0011510747744814128 -0.0088831069732754203 -0.0064001919809116058
leaf_weight=43.898818480782211 8.1289588497020286 6.9000902627594831 8.1495145498774928 4.6161496709100884 4.236667959019548 21.216718196868896 2.521678914781659 5.3702121791429844 7.1572489626705673 9.2632685438729805 15.073085975833235 1.959274237975478 2.4637589603662482 1.672761859372258
leaf_count=8312 1010 185 81 198 369 478 66 83 125 105 485 56 404 85
internal_value=0.000442159 0.00898303 0.016405 0.00418651 0.00638792 0.00892785 0.00270899 0.010616 0.013431 0.0178463 -0.000141914 -0.00640019 -0.017107 -0.00888311
internal_weight=142.628 96.2656 36.8403 59.4253 51.2963 43.0482 21.8314 28.6908 21.7907 16.4205 19.3098 8.24819 46.3626 6.28891
internal_count=12042 3326 579 2747 1737 1398 920 498 313 230 854 339 8716 283
is_linear=0
shrinkage=0.03


Tree=6
num_leaves=13
num_cat=0
split_feature=5 2 7 1 4 8 3 1 0 9 8 2
split_gain=23.2917 3.36585 4.64589 2.14605 2.20176 1.50994 1.29136 0.31656 0.856134 0.897755 0.0943754 0.0511812
threshold=72.748281456812279 76.02974828375288 61.152570480928695 7.7117625241402248 91.396448231891284 39.415279556124631 88.663559462407989 41.521164432556844 89.064180286217393 86.930641821946196 18.942218080149118 97.681696817477302
decision_type=2 2 2 2 2 2 2 2 2 2 2 2
left_child=11 5 10 -4 6 -2 -5 8 9 -7 -3 -1
right_child=1 2 3 4 -6 7 -8 -9 -10 -11 -12 -13
leaf_value=-0.017407284727068265 -0.013130333403176745 -0.0021532021284002391 0.0048670729694568803 0.0048670729694568803 0.035496302956022116 -0.013130333403176745 0.023630814970079621 0.0048670729694568803 0.0048670729694568803 0.0048670729694568803 0.0048670729694568803 -0.0021532021284002391
leaf_weight=44.381238737376407 4.1171657459344706 1.2040759646334027 4.047890724148604 5.1095536407083291 11.105237397830932 4.5867669819854182 5.153581852093339 24.988841691520065 7.0904175457544625 1.3085500155575571 26.525881632231176 0.27575505920685728
leaf_count=8662 615 123 104 101 98 324 58 800 231 38 834 54
internal_value=0.000324196 0.00869373 0.0136447 0.0226745 0.0263589 0.00227095 0.014198 0.00423479 5.26301e-05 -0.00786849 0.00486707 -0.0173246
internal_weight=139.895 95.238 53.1462 25.4163 21.3684 42.0917 10.2631 37.9746 12.9857 5.89532 27.73 44.657
internal_count=12042 3326 1318 361 257 2008 159 1393 593 362 957 8716
is_linear=0
shrinkage=0.03


Tree=7
num_leaves=13
num_cat=0
split_feature=5 7 2 11 4 11 1 5 11 5 10 1
split_gain=20.7884 3.18354 2.8313 1.70751 1.16071 0.929854 1.91663 1.74442 0.374957 0.183657 0.138893 0.068607
threshold=72.748281456812279 78.629976580796267 74.596030537625197 80.565690112847136 92.154380739637645 89.547074066076462 20.534649138348517 83.608504341731262 78.663639062689001 98.601368203133077 56.997863247863258 85.950429352068724
decision_type=2 2 2 2 2 2 2 2 2 2 2 2
left_child=-1 5 -3 4 -4 6 9 8 11 -2 -10 -8
right_child=1 2 3 -5 -6 -7 7 -9 10 -11 -12 -13
leaf_value=-0.016411204040999969 -0.012840773690441456 0.0047055845863395781 0.0047055845863395781 0.031913828485065063 0.021147408938468559 0.0047055845863395781 -0.012840773690441456 0.0047055845863395781 -0.0050201331499867326 -0.0007233592025319886 0.0047055845863395781 -0.0050201331499867326
leaf_weight=42.979962891666219 7.7805143273435515 8.7284094353672135 5.2416312110144663 9.262591516133396 5.9344103862531483 28.031521626282483 4.0812757664825794 21.354276039637625 0.7789006116800008 1.4334361646324394 0.97840419365093112 0.74035934358835209
leaf_count=8716 771 268 94 64 54 477 533 808 52 65 53 87
internal_value=0.000656074 0.00852179 0.0166111 0.0225757 0.0128509 0.00470558 -3.97643e-05 0.00390527 -0.00987238 -0.011211 0.001938 -0.011211
internal_weight=137.326 94.3457 29.167 20.4386 11.176 65.1787 37.1472 27.9332 6.57894 9.21395 1.7573 4.82164
internal_count=12042 3326 480 212 148 2846 2369 1533 725 836 105 620
is_linear=0
shrinkage=0.03


Tree=8
num_leaves=11
num_cat=0
split_feature=0 11 3 2 7 7 1 3 9 4
split_gain=13.1446 3.81139 3.56585 2.54238 2.86014 1.47695 0.961136 0.804603 0.646656 0.0686189
threshold=63.726724946905712 89.547074066076462 83.995359628770316 76.175955145149473 61.152570480928695 34.738243123336296 9.7336120634988905 62.064927723491891 26.624472573839665 76.647467162965839
decision_type=2 2 2 2 2 2 2 2 2 2
left_child=7 2 -2 -3 8 -4 -7 9 -5 -1
right_child=1 3 5 4 -6 6 -8 -9 -10 -11
leaf_value=-0.016639361132267955 -0.0073741246076660591 0.0075477109581107244 -0.0073741246076660591 0.0075477109581107244 0.03152571179717821 -0.0073741246076660591 0.0075477109581107244 -0.0073741246076660591 0.015629516654330617 -0.0073741246076660591
leaf_weight=28.429509398527451 22.432165646692738 12.860759310657157 4.8548753343056879 3.226647134637461 10.345896333688868 3.2094335705041912 28.484440737869591 10.005223990418015 9.8698588891420496 1.3192633546423156
leaf_count=5868 2415 390 342 66 86 150 803 1499 153 270
internal_value=0.000584033 0.00662466 0.00184418 0.0141338 0.0202813 0.00754771 0.00754771 -0.0137017 0.00979217 -0.0162276
internal_weight=135.038 95.2841 58.9809 36.3032 23.4424 36.5487 31.6939 39.754 13.0965 29.7488
internal_count=12042 4405 3710 695 305 1295 953 7637 219 6138
is_linear=0
shrinkage=0.03


Tree=9
num_leaves=15
num_cat=0
split_feature=5 2 8 11 9 8 3 11 10 2 11 1 5 8
split_gain=17.5172 2.78931 2.49768 1.70712 1.17101 1.05981 1.0328 1.29736 0.0812902 0.07344 0.0336253 0.0320181 0.0212859 0.00794468
threshold=72.748281456812279 76.02974828375288 92.564953012714213 67.342057247120565 83.431372549019628 38.79074017666769 68.009777119868218 89.547074066076462 90.331196581196608 97.681696817477302 67.342057247120565 31.631024676179482 92.917960353475053 69.931506849315085
decision_type=2 2 2 2 2 2 2 2 2 2 2 2 2 2
left_child=9 5 3 -3 6 8 -5 11 12 -1 -4 -8 -2 -9
right_child=1 2 10 4 -6 -7 7 13 -10 -11 -12 -13 -14 -15
leaf_value=-0.015398985201174501 -0.014857354605139886 0.0018220577930292885 0.0143473991734708 0.0018220577930292885 0.023351139987285795 0.0018220577930292885 0.0018220577930292885 0.012303090639716166 0.00045323700392660318 7.437096609782703e-05 0.026563633094275438 0.0078342590301633628 -0.00324787070023299 0.020685374250169933
leaf_weight=41.247632565209642 2.6158211349975335 13.065582218579946 4.9145665983669433 2.9339986587874689 4.7136002625338724 35.331175952218473 2.7977780310902771 8.8253150354139454 0.34875619155354787 0.26822522538714011 8.3080618991516513 1.8976166266947982 0.85360002424567927 5.0721205780282625
leaf_count=8662 433 711 77 87 61 1399 134 104 58 54 53 49 118 42
internal_value=0.000649038 0.00795845 0.0124124 0.00824453 0.0126644 0.00182206 0.00889106 0.0120722 -0.0122724 -0.0152996 0.0233511 0.00182206 -0.0133668 0.0165455
internal_weight=133.194 91.678 52.5286 39.306 26.2404 39.1494 21.5268 18.5928 3.81818 41.5159 13.2226 4.69539 3.46942 13.8974
internal_count=12042 3326 1318 1188 477 2008 416 329 609 8716 130 183 551 146
is_linear=0
shrinkage=0.03


Tree=10
num_leaves=15
num_cat=0
split_feature=5 8 11 9 11 8 2 10 8 5 9 1 1 2
split_gain=13.4234 5.34553 2.78116 2.7006 1.39054 0.635606 0.578912 0.451232 0.35588 0.916841 0.262964 0.43243 0.144251 0.0923658
threshold=72.748281456812279 92.564953012714213 79.340002512908583 30.571895424836608 87.336044446990101 49.675324675324681 39.181821106131117 77.113095238095255 39.415279556124631 98.247741143150762 34.641025641025649 8.9391872691105441 74.312743302038015 82.123869628172571
decision_type=2 2 2 2 2 2 2 2 2 2 2 2 2 2
left_child=-1 2 5 11 7 -2 -5 -3 9 -8 12 -4 -7 -9
right_child=1 4 3 6 -6 10 8 13 -10 -11 -12 -13 -14 -15
leaf_value=-0.014384179426776809 -0.013755916440052659 0.0116343747353846 -0.0085393273764658162 -0.0021152279158652841 0.027965227244071494 -0.010946436276836813 -0.0021152279158652841 0.0116343747353846 0.0116343747353846 0.0116343747353846 -0.0021152279158652841 -0.0021152279158652841 -0.0021152279158652841 0.025859372026179439
leaf_weight=40.895949261495844 6.0157043647486814 4.6128308824263531 2.295961973955853 2.4719580407254496 9.0063714138232154 3.8361790692433848 3.4972180007025662 3.531462506391108 22.15693311393261 1.6449459684081373 19.609035920817405 6.0701124416664243 1.0489801289513705 2.8069940926507115
leaf_count=8784 860 115 73 106 55 299 152 85 335 23 880 199 65 42
internal_value=-0.000369507 0.00618738 0.00210614 0.00742191 0.019455 -0.00456321 0.0116344 0.0116344 0.0116344 0.0025965 -0.00456321 -0.00456321 -0.00853933 0.0203062
internal_weight=129.501 88.6047 68.647 38.1371 19.9577 30.5099 29.7711 10.9513 27.2991 5.14216 24.4942 8.36607 4.88516 6.33846
internal_count=12073 3289 2992 888 297 2104 616 242 510 175 1244 272 364 127
is_linear=0
shrinkage=0.03


Tree=11
num_leaves=8
num_cat=0
split_feature=5 8 7 2 9 3 4
split_gain=12.8566 3.71986 1.78827 2.08021 1.48393 0.878437 0.707958
threshold=72.748281456812279 92.564953012714213 61.952380952380956 72.576939228508024 27.424120333064739 93.668022223495058 97.864765678648226
decision_type=2 2 2 2 2 2 2
left_child=-1 4 -3 -4 5 6 -2
right_child=1 2 3 -5 -6 -7 -8
leaf_value=-0.013905272185240984 -0.013905272185240984 0.0026278721254539162 0.0027472306458790332 0.026608410753460727 0.0026278721254539162 0.0026278721254539162 0.0026278721254539162
leaf_weight=40.499834967078641 5.3014904304873181 4.59947471180931 4.6217501922510591 13.011337454430757 56.390832665143535 3.4901969477068633 0.79778781440109003
leaf_count=8784 473 104 99 94 2295 184 40
internal_value=-0.000111317 0.00630657 0.0166409 0.0208373 0.00262787 -0.00863142 -0.0139053
internal_weight=128.713 88.2129 22.2326 17.6331 65.9803 9.58948 6.09928
internal_count=12073 3289 297 193 2992 697 513
is_linear=0
shrinkage=0.03


Tree=12
num_leaves=13
num_cat=0
split_feature=5 8 10 2 7 5 8 2 10 10 7 9
split_gain=11.8889 3.08742 1.89201 2.25984 0.923536 0.896018 0.565306 0.428614 0.260677 0.065404 0.0632077 0.0120338
threshold=72.748281456812279 92.564953012714213 70.859704641350234 83.954788018886504 78.989813242784393 83.200104493207945 44.519519519519527 69.035674470457096 80.12345679012347 22.886904761904763 80.99343185550083 79.502625888168069
decision_type=2 2 2 2 2 2 2 2 2 2 2 2
left_child=-1 5 10 4 -4 6 -2 8 11 -9 -3 -8
right_child=1 2 3 -5 -6 -7 7 9 -10 -11 -12 -13
leaf_value=-0.013424307312640375 -0.013424307312640375 0.0026600776704565803 0.0026600776704565803 0.030507125106470447 0.017651080979611166 0.0026600776704565803 -0.012563695173630937 -0.0034816198737325716 0.0026600776704565803 0.0026600776704565803 0.0066950100531272313 -0.0034816198737325716
leaf_weight=39.767550083808601 3.3453785367310038 3.2619303623214391 4.335369538515808 8.5274415463209134 3.7284608921036124 51.074019177583978 2.2806147271767254 1.058278440730646 1.1191443197894839 5.2024747328832746 3.5398102914914489 0.60094988346099842
leaf_count=8784 481 84 84 57 36 1835 266 44 85 227 36 54
internal_value=-5.86184e-06 0.00613559 0.0152423 0.0204568 0.00763545 0.00266008 -0.00480267 -0.000870612 -0.00766596 0.00266008 0.00266008 -0.0114692
internal_weight=127.841 88.0739 23.393 16.5913 8.06383 64.6809 13.6068 10.2615 4.00071 6.26075 6.80174 2.88156
internal_count=12073 3289 297 177 120 2992 1157 676 405 271 120 320
is_linear=0
shrinkage=0.03


Tree=13
num_leaves=15
num_cat=0
split_feature=5 8 11 2 9 10 11 3 2 8 9 3 10 2
split_gain=11.6236 3.99773 2.61514 1.7568 1.10882 0.637099 0.613425 0.399582 0.378614 0.226904 0.0606964 0.0794147 0.0498686 0.00155133
threshold=72.748281456812279 92.564953012714213 79.340002512908583 72.576939228508024 27.424120333064739 75.905718027062434 57.010350275684921 88.663559462407989 39.181821106131117 64.747307373653697 52.440476190476197 76.647467162965839 44.077922077922089 28.376832209784158
decision_type=2 2 2 2 2 2 2 2 2 2 2 2 2 2
left_child=-1 2 7 6 11 -5 -3 9 13 -2 -11 -4 -13 -6
right_child=1 3 4 5 8 -7 -8 -9 -10 10 -12 12 -14 -15
leaf_value=-0.013278271922754357 -0.013011967363346469 -0.0047530113976913093 -0.0097662182839295709 0.010873330836092704 -0.0029590469324256288 0.025383181889886045 0.0087016848085294078 -0.0047530113976913093 0.0087016848085294078 -0.0097662182839295709 -0.0047530113976913093 -0.0047530113976913093 -0.0029590469324256288 -0.00079120694116512145
leaf_weight=39.210247391834855 7.9285539889242518 2.7460381435230437 1.1183339613489796 6.4895373615436283 1.1308782636188106 11.827225997578351 3.3763991864398122 14.700264939106999 28.205937060993165 2.2917535107117146 2.6371585801243782 1.2630075826309619 2.7619788465090096 1.1602494982071219
leaf_count=8784 983 77 69 66 65 82 72 791 551 193 137 59 102 42
internal_value=0.000100556 0.00616872 0.00209092 0.0162169 0.00736805 0.0210714 0.00736805 -0.00475301 0.00736805 -0.0100049 -0.00475301 -0.00475301 -0.00295905 -0.00295905
internal_weight=126.848 87.6373 63.1981 24.4392 35.6404 18.3168 6.12244 27.5577 30.4971 12.8575 4.92891 5.14332 4.02499 2.29113
internal_count=12073 3289 2992 297 888 148 149 2104 658 1313 330 230 161 107
is_linear=0
shrinkage=0.03


Tree=14
num_leaves=15
num_cat=0
split_feature=5 8 11 2 9 2 5 2 11 9 1 1 10 2
split_gain=10.1802 3.51813 2.2497 1.82616 1.059 0.558492 0.324081 0.214614 0.212266 0.159846 0.121634 0.05706 0.0404589 0.0126302
threshold=72.748281456812279 92.564953012714213 79.340002512908583 82.665816084839221 30.571895424836608 94.721661417534804 83.200104493207945 39.181821106131117 87.336044446990101 79.502625888168069 8.9391872691105441 86.303072691367333 21.767001114827206 28.376832209784158
decision_type=2 2 2 2 2 2 2 2 2 2 2 2 2 2
left_child=-1 2 6 8 10 7 9 13 -3 11 -4 -2 -12 -6
right_child=1 3 4 -5 5 -7 -8 -9 -10 -11 12 -13 -14 -15
leaf_value=-0.012399175737910276 -0.012399175737910276 0.006614089150474632 -0.0048906109263801628 0.022198074216498241 -0.0021432098599559394 0.019362084757131096 -0.0048906109263801628 0.006614089150474632 0.013935751493757483 -0.0048906109263801628 -0.0048906109263801628 -0.0048906109263801628 -0.0021432098599559394 0.00060702039077485681
leaf_weight=39.035363614792004 3.6014094608835938 8.1029196335002798 1.505442318972199 13.636562954634426 1.0726323220878939 3.641125106252729 18.538939443649724 23.727927763015032 3.6215543625876316 2.4683551266789436 1.2126274753827599 0.53615800943225611 3.7533146245405078 1.1101315342821179
leaf_count=8784 561 168 73 99 65 49 1220 461 30 258 57 65 142 41
internal_value=0.000132954 0.00586357 0.00188216 0.0150306 0.00661409 0.00661409 -0.00489061 0.00661409 0.00661409 -0.0113321 -0.00489061 -0.0123992 -0.00214321 -0.00214321
internal_weight=125.564 86.5291 61.1681 25.361 36.0232 29.5518 25.1449 25.9107 11.7245 6.60592 6.47138 4.13757 4.96594 2.18276
internal_count=12073 3289 2992 297 888 616 2104 567 198 884 272 626 199 106
is_linear=0
shrinkage=0.03


Tree=15
num_leaves=14
num_cat=0
split_feature=5 8 2 11 1 7 11 5 11 1 9 11 8
split_gain=8.59196 2.67304 2.64872 1.69106 1.352 1.00828 0.748401 0.83189 0.45257 0.297012 0.124339 0.227236 0.121924
threshold=72.748281456812279 47.100840336134461 82.123869628172571 74.001910051794056 5.6933428283770846 61.952380952380956 90.135406523855906 89.064180286217393 21.69243009774949 9.7336120634988905 51.298920377867752 56.250325191501666 72.792207792207805
decision_type=2 2 2 2 2 2 2 2 2 2 2 2 2
left_child=-1 6 8 9 -5 12 -2 -8 -3 -4 11 -10 -6
right_child=1 2 3 4 5 -7 7 -9 10 -11 -12 -13 -14
leaf_value=-0.011836131877684689 -0.011836131877684689 -0.0055960203770366078 0.0032321140095055365 0.004787811598886106 0.0089556127452791786 0.030438279654856331 -0.011836131877684689 0.0019642791054132395 -0.0054711193408655337 0.0089556127452791786 0.0032321140095055365 0.0019642791054132395 0.01687436748941645
leaf_weight=38.568648541811854 7.2465186910703761 5.1978007433935991 3.6623013364151102 5.8382248631678548 4.0564770870842022 7.5814868025481692 2.0248527484945953 3.6739296168088913 3.9546609686221954 7.514993931632489 15.81940548471175 14.635079092578961 4.1874098493717611
leaf_count=8720 1033 294 158 95 71 43 94 87 278 227 420 454 42
internal_value=-0.000260723 0.00504391 0.00728429 0.0134527 0.0181834 0.022547 -0.00711754 0.00111816 0.00196428 0.00354348 0.00323211 0.00196428 0.0127821
internal_weight=123.962 85.3931 72.4478 32.8409 21.6636 15.8254 12.9453 5.69878 39.6069 11.1773 34.4091 18.5897 8.24389
internal_count=12016 3296 2082 636 251 156 1214 181 1446 385 1152 732 113
is_linear=0
shrinkage=0.03


Tree=16
num_leaves=15
num_cat=0
split_feature=5 2 8 8 3 8 7 1 4 1 4 1 5 7
split_gain=7.92102 2.24788 2.14024 0.779185 0.560557 0.433448 0.437865 0.264802 0.283105 0.263155 0.114511 0.0919535 0.0759839 0.0732973
threshold=72.748281456812279 81.60943506694359 90.976933514246966 46.709956709956714 88.663559462407989 46.026315789473692 29.459980713596917 6.9006568144499187 95.597438463584893 5.6933428283770846 59.276563266641233 81.668600154679055 36.777332396822331 37.965517241379317
decision_type=2 2 2 2 2 2 2 2 2 2 2 2 2 2
left_child=11 3 5 -2 -4 -3 -7 8 -5 -8 -9 12 -1 -12
right_child=1 2 4 7 -6 6 9 10 -10 -11 13 -13 -14 -15
leaf_value=-0.014919152762036978 -0.0090601994269928123 -0.0024354716035550131 0.010647699899020485 -0.0090601994269928123 0.024394520887987551 0.0018027544461922144 0.0018027544461922144 -0.002035402943691241 0.0018027544461922144 0.010567016930323869 0.0018027544461922144 -0.0090601994269928123 -0.0096929924229337792 0.0045031748268078353
leaf_weight=14.407891182694586 5.9926001923158756 6.2194578857161202 8.0004242230206675 1.304341426584869 7.4100335165858278 1.7646408407017613 4.1256643398664918 7.6317941253073505 1.3146244031377134 12.533394083380697 3.5317228799685934 7.7727049805689594 16.079030147287995 24.811022379435599
leaf_count=3243 829 375 77 78 44 85 140 428 35 307 161 1774 3703 737
internal_value=-0.00027362 0.00484385 0.00990907 0.000175997 0.0183415 0.00412627 0.00635272 0.00180275 -0.00636741 0.00853112 0.00180275 -0.0114297 -0.0125582 0.00180275
internal_weight=122.899 84.6397 40.0536 44.5861 15.4105 24.6432 18.4237 38.5935 2.61897 16.6591 35.9745 38.2596 30.4869 28.3427
internal_count=12016 3296 1028 2268 121 907 532 1439 113 447 1326 8720 6946 898
is_linear=0
shrinkage=0.03


Tree=17
num_leaves=13
num_cat=0
split_feature=5 11 8 7 2 3 4 3 2 11 8 3
split_gain=7.56091 1.93585 2.22831 1.19987 1.17433 0.758136 0.726298 0.478343 0.400392 0.154313 0.0370422 0.00798583
threshold=72.748281456812279 67.342057247120565 89.323708206686945 55.051020408163275 82.665816084839221 83.995359628770316 94.821674615792276 94.821674615792276 84.920557383792683 90.135406523855906 95.04098360655739 92.154380739637645
decision_type=2 2 2 2 2 2 2 2 2 2 2 2
left_child=-1 3 8 7 -4 6 -5 11 -3 -10 -7 -2
right_child=1 2 4 5 -6 10 -8 -9 9 -11 -12 -13
leaf_value=-0.011207155005321887 -0.011207155005321887 0.0038560232958834797 0.0064549075273096458 -0.0079457481104900241 0.023530214608267128 0.0038560232958834797 0.0038560232958834797 0.0012313755761174812 0.0038560232958834797 0.0064549075273096458 0.0064549075273096458 -0.0037825520601816719
leaf_weight=37.842498348327354 7.7686077759135497 20.825197590980679 7.0920664272271123 3.9149187880102572 9.4602889195084554 7.4739157143048924 1.0577514760661868 3.5372790645342329 5.073458009632307 10.935468414332716 5.6102688778191805 1.4093006416223941
leaf_count=8720 1032 804 98 265 55 271 32 224 175 142 62 136
internal_value=-0.000240325 0.00476469 0.00816849 -0.00121182 0.0169987 0.00369817 -0.00695183 -0.00794575 0.00385602 0.00855286 0.00385602 -0.0112072
internal_weight=122.001 84.1585 53.3865 30.772 16.5524 18.0569 4.97267 12.7152 36.8341 16.0089 13.0842 9.17791
internal_count=12016 3296 1274 2022 153 630 297 1392 1121 317 333 1168
is_linear=0
shrinkage=0.03


Tree=18
num_leaves=13
num_cat=0
split_feature=5 8 2 7 1 3 11 11 11 2 1 11
split_gain=7.19236 1.92404 1.72958 1.63555 1.43191 0.821284 0.780631 0.333628 0.419098 0.153589 0.0581263 0.00930824
threshold=72.748281456812279 47.100840336134461 82.665816084839221 61.952380952380956 8.1143788800401353 88.663559462407989 78.060168189191515 90.135406523855906 21.69243009774949 51.053980053001403 6.9006568144499187 55.855328396312004
decision_type=2 2 2 2 2 2 2 2 2 2 2 2
left_child=-1 5 8 -4 -5 -2 -6 11 -3 -10 -11 -7
right_child=1 2 3 4 6 7 -8 -9 9 10 -12 -13
leaf_value=-0.010780672919075744 -0.010780672919075744 -0.0053655977254534809 0.0042001458824788753 0.0042001458824788753 0.011983953587492168 -0.0088071836937868957 0.030110859153687275 0.0022900085837218786 0.0022900085837218786 0.0022900085837218786 0.0042001458824788753 -0.0022418537190253213
leaf_weight=37.545123731018975 6.4508093909826112 4.7000828736927351 15.752296394202856 4.9405939094722298 6.0725089916959387 1.2337292693555357 6.3907512798905373 2.7195605796296149 12.342126525938509 2.0791365713812437 19.930494909407571 1.2152706757187841
leaf_count=8720 799 296 452 67 75 200 30 75 507 78 577 140
internal_value=-3.53513e-05 0.00484769 0.00666856 0.0116077 0.0177197 -0.00609982 0.022825 0.00229001 0.00229001 0.00345961 0.00420015 -0.00714386
internal_weight=121.372 83.8274 72.208 33.1562 17.4039 11.6194 12.4633 5.16856 39.0518 34.3518 22.0096 2.449
internal_count=12016 3296 2082 624 172 1214 105 415 1458 1162 655 340
is_linear=0
shrinkage=0.03


Tree=19
num_leaves=12
num_cat=0
split_feature=5 8 2 11 1 8 3 11 11 1 11
split_gain=6.35829 1.6183 1.48657 1.54498 1.13426 1.3248 0.77824 0.269414 0.464859 0.101392 0.0142269
threshold=72.748281456812279 47.100840336134461 82.123869628172571 87.659049555470673 30.062581552377214 93.127066603684469 88.663559462407989 90.135406523855906 21.69243009774949 8.1143788800401353 37.558768347864479
decision_type=2 2 2 2 2 2 2 2 2 2 2
left_child=-1 6 8 4 -4 -6 -2 10 -3 -5 -8
right_child=1 2 3 9 5 -7 7 -9 -10 -11 -12
leaf_value=-0.01013702622129176 -0.01013702622129176 -0.0065495483063998843 0.0020782840957183427 0.010922072927493932 0.0020782840957183427 0.017370676077593638 -0.0084685380117688024 0.0020782840957183427 0.0020782840957183427 0.020276902362081097 -0.0019870060083208964
leaf_weight=37.134550019633025 6.0174619627650809 4.1206887580920002 11.332469830289485 6.3513865014538142 3.84003011137247 3.5216861739754677 1.0757526457309725 2.695988196413964 34.015217434149235 9.3348793704062683 1.3085586009547112
leaf_count=8720 799 294 377 65 100 25 176 75 1152 69 164
internal_value=3.38196e-05 0.0046173 0.00624859 0.0106849 0.00447778 0.0137471 -0.00567751 0.00207828 0.00207828 0.0173707 -0.00654955
internal_weight=120.749 83.6141 72.5164 34.3805 18.6942 7.36172 11.0978 5.0803 38.1359 15.6863 2.38431
internal_count=12016 3296 2082 636 502 125 1214 415 1446 134 340
is_linear=0
shrinkage=0.03


Tree=20
num_leaves=15
num_cat=0
split_feature=5 2 7 3 0 3 4 9 1 9 8 9 9 7
split_gain=6.2151 2.15602 2.97002 1.09188 1.07252 0.589615 0.286468 0.257763 0.159643 0.173549 0.153931 0.0666628 0.0299702 0.0168371
threshold=83.200104493207945 82.665816084839221 61.152570480928695 86.713343778561182 87.081718763454759 66.426846100759164 84.790354229061265 76.975051975051997 90.20806366556404 84.660633484162915 74.568334796605228 93.710443037974699 30.571895424836608 96.116138763197611
decision_type=2 2 2 2 2 2 2 2 2 2 2 2 2 2
left_child=4 7 10 -4 5 8 11 -2 9 -1 12 13 -3 -7
right_child=1 2 3 -5 -6 6 -8 -9 -10 -11 -12 -13 -14 -15
leaf_value=-0.013581303361462594 0.0002632303129254748 0.0002632303129254748 0.0078922950887092575 0.026822172241638798 0.0002632303129254748 -0.0062372148743557732 0.0002632303129254748 0.0020779489502593591 -0.0062372148743557732 -0.0062372148743557732 0.0069954480468753773 0.0002632303129254748 0.0020779489502593591 0.00023464418373237412
leaf_weight=26.011064207646999 25.755633480614051 2.0242130525875881 5.3496935460716477 8.8608936159871501 4.1378011833876363 11.718623845837998 2.101073349826037 8.4739002345595491 3.0736455353908232 4.8885188510175785 4.9075791342183939 1.0661660155747075 9.2605492691509408 0.40947897639125663
leaf_count=5821 1038 120 84 86 208 1663 150 328 733 1083 93 174 295 55
internal_value=-0.000742581 0.00547903 0.0111559 0.0206832 -0.0082343 -0.00960365 -0.00431732 0.00026323 -0.0117922 -0.0125264 0.00207795 -0.00623721 0.00207795 -0.00623721
internal_weight=118.039 64.6325 30.4029 14.2106 53.4064 49.2686 15.2953 34.2295 33.9732 30.8996 16.1923 13.1943 11.2848 12.1281
internal_count=11931 2044 678 170 9887 9679 2042 1366 7637 6904 508 1892 415 1718
is_linear=0
shrinkage=0.03


Tree=21
num_leaves=13
num_cat=0
split_feature=0 11 2 3 9 9 3 9 4 2 1 9
split_gain=3.61671 1.7115 2.08224 1.09009 0.986064 0.632278 0.277531 0.411461 0.150122 0.141101 0.101764 0.0600508
threshold=68.494579724355845 90.48171472765442 84.515706578236731 86.303072691367333 31.612258494337112 76.50689905591868 83.995359628770316 76.50689905591868 75.088694762065401 93.058273205332043 89.417534663126617 94.878352678864204
decision_type=2 2 2 2 2 2 2 2 2 2 2 2
left_child=3 6 5 8 -4 -3 -2 9 10 -8 11 -1
right_child=1 2 4 -5 -6 -7 7 -9 -10 -11 -12 -13
leaf_value=-0.011905282869357454 -0.0039655408019966722 -0.00040190362996556328 0.0020454274631386557 -0.00040190362996556328 0.020725795139723557 0.011637268397937488 -0.00040190362996556328 0.0063195555567575239 -0.0039655408019966722 0.0020454274631386557 -0.0044527199390260088 -0.0044527199390260088
leaf_weight=25.761411792365845 18.681024838006124 11.054436142556368 3.5629014368168983 4.9409590964205554 10.557387610664589 2.9920483045279989 16.585247396258648 10.602447119075803 2.8940133161377153 4.1845903452485791 3.81655703857541 1.6243083898443718
leaf_count=5985 1973 306 71 322 127 64 807 337 550 103 904 382
internal_value=-0.000764521 0.00295629 0.00873309 -0.00810765 0.0164593 0.000388597 -0.000401904 -0.000401904 -0.0101844 -0.000401904 -0.010809 -0.0115068
internal_weight=117.257 78.2201 28.1668 39.0372 14.1203 14.0465 50.0533 31.3723 34.0963 20.7698 31.2023 27.3857
internal_count=11931 3788 568 8143 198 370 3220 1247 7821 910 7271 6367
is_linear=0
shrinkage=0.03


Tree=22
num_leaves=15
num_cat=0
split_feature=5 2 7 3 0 3 9 4 1 9 10 9 1 8
split_gain=5.30351 2.26277 3.15377 0.92771 0.846333 0.516084 0.215866 0.200817 0.156114 0.141582 0.0799521 0.106853 0.0445751 0.229082
threshold=83.200104493207945 82.665816084839221 61.152570480928695 87.87532071284933 87.081718763454759 66.426846100759164 76.975051975051997 84.790354229061265 90.20806366556404 84.660633484162915 77.113095238095255 71.516754850088191 6.1150582482381717 78.192934782608702
decision_type=2 2 2 2 2 2 2 2 2 2 2 2 2 2
left_child=4 6 12 -4 5 8 -2 10 9 -1 -7 -12 -3 -14
right_child=1 2 3 -5 -6 7 -8 -9 -10 -11 11 -13 13 -15
leaf_value=-0.012802055144875712 -0.00046350455141326314 0.0014778136731740043 0.0087947823676546889 0.026133501547344621 -0.00046350455141326314 -0.0057118699241659509 0.0014778136731740043 -0.00046350455141326314 -0.0057118699241659509 -0.0057118699241659509 -0.0057118699241659509 -0.00046350455141326314 0.0014778136731740043 0.0087947823676546889
leaf_weight=25.28227812261321 24.950073614250869 5.2002542805858019 5.8707242193631819 8.9207361126318556 4.1110894894227377 8.7963411207310767 8.6945611950941366 2.1121835061348984 3.0706384826917192 4.7609768921975038 2.0635094018653048 1.4943331659305839 8.4823950165882689 3.1255809757858506
leaf_count=5821 1038 185 90 80 208 1453 328 150 733 1083 311 128 271 52
internal_value=-0.000675068 0.00498079 0.0106138 0.0202445 -0.00777289 -0.00904441 -0.000463505 -0.00393971 -0.0110936 -0.0118279 -0.00571187 -0.000921716 0.00147781 0.00330952
internal_weight=116.936 65.2443 31.5997 14.7915 51.6914 47.5803 33.6446 14.4664 33.1139 30.0433 12.3542 3.55784 16.8082 11.608
internal_count=11931 2044 678 170 9887 9679 1366 2042 7637 6904 1892 439 508 323
is_linear=0
shrinkage=0.03


Tree=23
num_leaves=13
num_cat=0
split_feature=5 2 7 11 11 4 11 8 8 11 7 9
split_gain=4.61672 1.91245 2.64412 1.65953 0.848432 0.746763 0.282372 0.326937 0.219648 0.149437 0.0691459 0.032295
threshold=83.200104493207945 82.665816084839221 61.152570480928695 95.34883024114292 80.248533497993222 84.790354229061265 74.001910051794056 71.16161616161618 46.026315789473692 98.861024196101042 74.037037037037052 70.441595441595453
decision_type=2 2 2 2 2 2 2 2 2 2 2 2
left_child=5 9 3 -3 -4 6 11 -8 -7 10 -2 -1
right_child=1 2 4 -5 -6 8 7 -9 -10 -11 -12 -13
leaf_value=-0.011472620072772735 -0.00040192398105753436 -0.00040192398105753436 0.0099370789168042439 0.01568082036870283 0.025762492215771697 -0.0078865333217767713 -0.0078865333217767713 -0.00040192398105753436 -0.00040192398105753436 0.0069233126484978509 0.0022324492079526075 -0.0078865333217767713
leaf_weight=21.065079353284101 22.389784768456597 11.854684452526273 8.2792996210046059 4.9829465947113922 7.0725877708755442 1.5449640448205153 7.3858729640487564 3.7570591466501355 6.6678300797939301 1.5094493133947242 9.4106717882677895 10.51267469092272
leaf_count=4887 1083 448 119 60 51 282 1407 526 465 30 253 2320
internal_value=-0.000574868 0.00466459 0.00976159 0.00133445 0.0183575 -0.00727278 -0.00885489 -0.00420216 -0.000401924 -0.000401924 -0.000401924 -0.0103173
internal_weight=116.433 65.4994 32.1895 16.8376 15.3519 50.9335 42.7207 11.1429 8.21279 33.3099 31.8005 31.5778
internal_count=11931 2044 678 508 170 9887 9140 1933 747 1366 1336 7207
is_linear=0
shrinkage=0.03


Tree=24
num_leaves=15
num_cat=0
split_feature=5 2 8 11 0 9 7 11 11 1 10 10 1 1
split_gain=3.898 1.52047 2.55371 1.36935 0.756446 0.330121 0.248363 0.239818 0.18591 0.159018 0.133035 0.0287054 0.00912736 0.0025256
threshold=83.200104493207945 82.665816084839221 93.127066603684469 89.547074066076462 87.081718763454759 90.508365508365515 83.457711442786078 74.670470194766878 98.861024196101042 83.608504341731262 66.877637130801702 98.620624048706262 33.980616843903739 10.138322284548702
decision_type=2 2 2 2 2 2 2 2 2 2 2 2 2 2
left_child=4 8 3 6 5 7 -3 9 -2 -1 -7 12 -9 -5
right_child=1 2 -4 13 -6 10 -8 11 -10 -11 -12 -13 -14 -15
leaf_value=-0.011382716739821165 -0.0001936420843475984 -0.0001936420843475984 0.021509797561879491 0.0098179334524982013 -0.0001936420843475984 -0.0046339574745560665 0.0098179334524982013 -0.0070542873993539356 0.0077360791203225756 -0.0046339574745560665 -0.0001936420843475984 -0.0001936420843475984 -0.0046339574745560665 0.014032635586812206
leaf_weight=23.882245277985938 31.461495742900297 9.4111276459880155 9.0940578165464085 5.3392761107534152 3.8421942410059264 3.4979701607953748 3.0833839178085336 4.324340432649473 1.6615007673390199 4.9752076789736739 1.9698293230030683 0.61986857675947327 6.9279749640263617 5.6553844730369747
leaf_count=5502 1336 442 62 69 208 756 47 625 30 1154 323 82 1237 58
internal_value=-0.000417104 0.00436118 0.00885936 0.00328328 -0.00665392 -0.00791102 -0.000193642 -0.00882044 -0.000193642 -0.0103299 -0.000820399 -0.00463396 -0.00463396 0.0110949
internal_weight=115.746 65.7062 32.5832 23.4892 50.0396 46.1974 12.4945 40.7296 33.123 28.8575 5.4678 11.8722 11.2523 10.9947
internal_count=11931 2044 678 616 9887 9679 489 8600 1366 6656 1079 1944 1862 127
is_linear=0
shrinkage=0.03


Tree=25
num_leaves=14
num_cat=0
split_feature=5 7 2 1 11 10 11 7 3 1 5 3 11
split_gain=3.89543 1.69182 1.92119 0.98202 0.691743 0.485131 0.390554 0.686461 0.326787 0.225952 0.226778 0.180732 0.0368486
threshold=72.748281456812279 78.629976580796267 72.576939228508024 9.3315171035378288 69.099230289161653 66.224991224991228 74.001910051794056 53.390804597701155 94.821674615792276 70.011441647597266 98.247741143150762 83.995359628770316 74.001910051794056
decision_type=2 2 2 2 2 2 2 2 2 2 2 2 2
left_child=12 6 -3 -4 5 -5 7 8 -2 10 -10 -9 -1
right_child=1 2 3 4 -6 -7 -8 11 9 -11 -12 -13 -14
leaf_value=-0.0085009801556570827 -0.0078597479860709144 0.0012866253008558183 0.0022323623273872942 0.0022323623273872942 0.026736245518844213 0.016537780997398711 0.0012866253008558183 -0.0070773492094633739 -0.0078597479860709144 0.0012866253008558183 0.0012866253008558183 0.0012866253008558183 -0.0047505212066647215
leaf_weight=28.315642801579088 9.0626619630493241 5.9175026956945684 3.5691159437410525 2.2125220198649895 6.6790944240055978 2.4136663172394037 39.601816650014371 2.1429198542609793 1.1909643216058605 1.7101127023342995 0.79579597851261485 7.2327144085429609 7.5737976396922013
leaf_count=6973 1212 264 64 63 58 42 1022 172 107 94 43 204 1830
internal_value=0.00026183 0.00384548 0.0110358 0.0167625 0.0207955 0.00899086 0.00128663 -0.00262039 -0.00712095 0.00093624 -0.00700996 0.00128663 -0.00785975
internal_weight=118.418 82.5289 20.7919 14.8744 11.3053 4.62619 61.737 22.1352 12.7595 3.69687 1.98676 9.37563 35.8894
internal_count=12148 3345 491 227 163 105 2854 1832 1456 244 150 376 8803
is_linear=0
shrinkage=0.03


Tree=26
num_leaves=11
num_cat=0
split_feature=5 7 2 1 11 11 1 5 11 2
split_gain=3.82089 1.58893 1.97974 0.986588 0.819082 0.319476 1.31097 0.498833 0.0818931 0.0173656
threshold=72.748281456812279 78.629976580796267 72.576939228508024 9.3315171035378288 69.099230289161653 89.547074066076462 20.943561208267095 83.200104493207945 84.596268306537254 91.213001890465861
decision_type=2 2 2 2 2 2 2 2 2 2
left_child=-1 5 -3 -4 -5 6 -2 8 9 -8
right_child=1 2 3 4 -6 -7 7 -9 -10 -11
leaf_value=-0.0077614547143912997 -0.0077614547143912997 0.0013164277050094209 0.0019572799684389247 0.0084319933372013975 0.026669314671525148 0.0013164277050094209 -0.0077614547143912997 0.0013164277050094209 0.001264540805957872 -0.00066696156376704031
leaf_weight=35.787421468179673 11.187570388894526 5.9415231784805682 3.5847342084161928 4.8844481902196986 6.9000164386816323 25.432733537629247 4.3014256469905403 18.713959499495104 0.65701586194336403 0.5780790231656282
leaf_count=8803 871 264 64 105 58 467 606 818 49 43
internal_value=0.000291761 0.00384983 0.0107027 0.0164504 0.0203611 0.00131643 -0.0015011 0.00131643 -0.00736052 -0.00776145
internal_weight=117.969 82.1815 21.3107 15.3692 11.7845 60.8708 35.4381 24.2505 5.53652 4.8795
internal_count=12148 3345 491 227 163 2854 2387 1516 698 649
is_linear=0
shrinkage=0.03


Tree=27
num_leaves=13
num_cat=0
split_feature=5 7 2 1 11 11 1 5 10 11 2 11
split_gain=3.41317 1.31007 1.82247 0.871828 0.760783 0.33199 1.37341 0.420845 0.186793 0.0707909 0.0156628 0.0222166
threshold=72.748281456812279 78.629976580796267 72.576939228508024 9.3315171035378288 76.201952321640661 89.547074066076462 20.943561208267095 83.200104493207945 66.224991224991228 84.3016571882835 91.213001890465861 76.59879644776818
decision_type=2 2 2 2 2 2 2 2 2 2 2 2
left_child=-1 5 -3 -4 8 6 -2 9 -5 10 11 -8
right_child=1 2 3 4 -6 -7 7 -9 -10 -11 -12 -13
leaf_value=-0.0073804625572746144 -0.0073804625572746144 0.0012910670417539353 0.0018143999094432433 0.0018143999094432433 0.025489217483838717 0.0012910670417539353 -0.0073804625572746144 0.0012910670417539353 0.012584094897388568 0.0010421870566156533 -0.000682860994561848 -0.0010869924128115186
leaf_weight=35.611521366750821 10.52292384742759 5.8997911557089564 3.6344748330302528 2.573602950666098 6.5573115120641887 25.412826069630682 3.0692050124052939 18.862129488959908 2.8281043656170368 0.69216130021959532 0.5738648111000656 1.0915625407360492
leaf_count=8803 871 264 64 67 51 467 529 818 45 53 43 73
internal_value=0.000248052 0.00362149 0.00980367 0.015333 0.0189844 0.00129107 -0.00160547 0.00129107 0.00833994 -0.0068424 -0.00738046 -0.00738046
internal_weight=117.329 81.718 21.4933 15.5935 11.959 60.2247 34.8118 24.2889 5.40171 5.42679 4.73463 4.16077
internal_count=12148 3345 491 227 163 2854 2387 1516 112 698 645 602
is_linear=0
shrinkage=0.03


Tree=28
num_leaves=15
num_cat=0
split_feature=5 10 7 2 1 2 3 8 11 11 11 7 10 3
split_gain=3.00345 1.31113 1.81596 1.14268 0.592984 0.319314 0.307006 0.449537 0.185127 0.179429 0.17247 0.25678 0.0171836 0.013341
threshold=72.748281456812279 55.63492063492064 60.685011709601874 88.442300413724709 41.91547831253714 51.053980053001403 80.516503077965965 54.870335230866552 57.010350275684921 90.135406523855906 81.828631138975979 78.629976580796267 65.247584541062821 33.181298106927407
decision_type=2 2 2 2 2 2 2 2 2 2 2 2 2 2
left_child=12 6 -3 4 9 8 7 -2 -6 -4 11 -9 13 -1
right_child=1 2 3 -5 5 -7 -8 10 -10 -11 -12 -13 -14 -15
leaf_value=-0.0093857652288304172 -0.0069594863087173043 -0.00010265387911363575 -0.00010265387911363575 0.019444712009205545 -0.00010265387911363575 0.01661051439284025 -0.00010265387911363575 -0.0069594863087173043 0.0086789385152778436 0.0065986175501345267 -0.00010265387911363575 -0.00010265387911363575 -0.0049164451061285844 -0.0069594863087173043
leaf_weight=11.454949354287239 3.6009072917513532 18.928307194728404 4.5739886933006364 10.226324609480796 1.384141974616796 3.7548399509396404 29.212202162947506 1.6531752999871971 1.6401630407199261 2.6005976414307952 2.8233836190775037 1.0315247089602051 11.223445911426095 12.740447159623725
leaf_count=2848 422 1018 144 95 60 83 1211 162 41 27 55 27 2769 3186
internal_value=0.000217257 0.00338543 0.00691274 0.0121904 0.00592914 0.0116678 -0.000657402 -0.00544407 0.00292851 -0.000102654 -0.000102654 -0.00695949 -0.00695949 -0.00767444
internal_weight=116.848 81.4296 43.1084 24.1801 13.9537 6.77914 38.3212 9.10899 3.02431 7.17459 5.50808 2.6847 35.4188 24.1954
internal_count=12148 3345 1468 450 355 184 1877 666 101 171 244 189 8803 6034
is_linear=0
shrinkage=0.03


Tree=29
num_leaves=12
num_cat=0
split_feature=5 8 10 9 1 2 2 7 9 3 2
split_gain=2.81439 1.19284 1.30267 1.0203 0.710027 0.767743 0.343127 0.228454 0.0443998 0.0343743 0.0287258
threshold=72.748281456812279 88.126566416040106 58.387445887445899 27.424120333064739 22.948839787756398 74.942381324114365 91.634517610082284 72.06557377049181 70.441595441595453 38.337651122625225 61.71295248868779
decision_type=2 2 2 2 2 2 2 2 2 2 2
left_child=8 3 -3 -2 6 7 -4 -6 9 -1 -5
right_child=1 2 4 10 5 -7 -8 -9 -10 -11 -12
leaf_value=-0.0092809840949258995 -0.0067045881431475329 0.00087509782280780499 0.00087509782280780499 -0.0027870273424012324 0.00087509782280780499 0.021883984629812014 0.0098730903130495092 0.010333729768930275 -0.0042889600961426751 -0.0067045881431475329 0.00087509782280780499
leaf_weight=13.070792016806083 7.3640026429202399 4.5942541838157949 3.7363902358338255 13.460382029181345 2.0029208553023619 7.753977024462074 4.4195507462136447 2.2356855375692248 10.55054178345017 11.588734079618005 35.522723150905222
leaf_count=3269 646 133 69 973 57 61 42 51 2636 2898 1313
internal_value=0.000264834 0.00333584 0.00868804 0.000875098 0.012267 0.0167035 0.00463167 0.00485815 -0.00670459 -0.00753068 0.000875098
internal_weight=116.3 81.0899 24.7428 56.3471 20.1485 11.9926 8.15594 4.23861 35.2101 24.6595 48.9831
internal_count=12148 3345 413 2932 280 169 111 108 8803 6167 2286
is_linear=0
shrinkage=0.03


Tree=30
num_leaves=12
num_cat=0
split_feature=11 2 9 8 7 3 10 3 9 1 1
split_gain=4.17788 2.00552 1.54018 0.932962 0.444351 0.215394 0.129238 0.106789 0.0692052 0.0450451 0.00981531
threshold=90.135406523855906 65.022624434389158 24.852941176470591 49.675324675324681 59.417229729729733 49.823120035202301 56.647682639434414 89.814715532585623 90.508365508365515 52.947860962566857 6.1150582482381717
decision_type=2 2 2 2 2 2 2 2 2 2 2
left_child=3 8 4 7 -3 -5 10 9 -2 -1 -4
right_child=1 2 6 5 -6 -7 -8 -9 -10 -11 -12
leaf_value=-0.011194740926574739 -0.0019017548174025797 -0.0019017548174025797 0.010731426536431186 -0.0078738259595703131 0.010731426536431186 -0.0019017548174025797 0.020407861124549089 -0.0019017548174025797 0.0042614225741157939 -0.0078738259595703131 0.014724605946953547
leaf_weight=10.109338502632463 7.3018906253855658 2.3041342033538998 2.1971222131978729 13.346458395244552 1.5459649313706902 46.482989728450775 11.675348673248662 2.7425790978595606 0.79955612495541561 8.1936569167301041 8.6774963401257974
leaf_count=2133 605 109 53 3192 39 3156 173 306 44 1999 195
internal_value=0.00184258 0.010426 0.0143129 -0.00190175 -0.00190175 -0.00190175 0.0172009 -0.00808656 -0.00190175 -0.00889125 0.0123292
internal_weight=115.377 34.5015 26.4001 80.875 3.8501 59.8294 22.55 21.0456 8.10145 18.303 10.8746
internal_count=12004 1218 569 10786 148 6348 421 4438 649 4132 248
is_linear=0
shrinkage=0.03


Tree=31
num_leaves=13
num_cat=0
split_feature=11 2 9 8 7 1 10 11 8 7 9 10
split_gain=3.91159 2.07327 1.38303 0.814106 0.474009 0.139914 0.103871 0.0619583 0.0328152 0.0309604 0.017645 0.00796281
threshold=90.135406523855906 65.022624434389158 24.852941176470591 49.675324675324681 59.417229729729733 54.535170711641307 56.647682639434414 81.828631138975979 47.434210526315795 86.319073083778974 90.508365508365515 83.438818565400865
decision_type=2 2 2 2 2 2 2 2 2 2 2 2
left_child=3 10 4 5 -3 7 8 -1 -4 -9 -2 -7
right_child=1 2 6 -5 -6 11 -8 9 -10 -11 -12 -13
leaf_value=-0.010811519203159007 -0.0018302385672323465 -0.0018302385672323465 0.011202126827787146 -0.0018302385672323465 0.011202126827787146 -0.0041129817589522569 0.019525666202137217 -0.0088142006430103718 0.015376560540535669 -0.0041129817589522569 0.0026132373168711322 -0.0018302385672323465
leaf_weight=9.8528839559294266 7.2444892451167098 2.245117290178317 2.8317896449007103 59.060921255731955 1.5399167996365575 7.4236271413974446 12.10589460027404 1.2761329330969604 8.3495807843282801 0.65818322985433053 0.74359106412157405 1.5729271946474908
leaf_count=2128 605 109 103 6348 39 1732 173 187 145 39 44 352
internal_value=0.00185235 0.0100571 0.0139212 -0.00183024 -0.00183024 -0.00764304 0.0165589 -0.00980501 0.0120076 -0.00411298 -0.00183024 -0.00411298
internal_weight=114.905 35.0604 27.0723 79.8447 3.78503 20.7838 23.2873 11.7872 11.1814 1.93432 7.98808 8.99655
internal_count=12004 1218 569 10786 148 4438 421 2354 248 226 649 2084
is_linear=0
shrinkage=0.03


Tree=32
num_leaves=13
num_cat=0
split_feature=11 2 9 3 7 1 5 1 3 11 9 9
split_gain=4.04782 2.09793 1.18727 0.836156 0.59504 0.180764 0.0917576 0.0813721 0.0718388 0.0571297 0.0121861 0.00308198
threshold=90.135406523855906 65.022624434389158 24.852941176470591 49.823120035202301 59.417229729729733 82.069836293974234 53.78181124748631 6.9006568144499187 68.009777119868218 81.507708358768895 97.315315315315345 76.975051975051997
decision_type=2 2 2 2 2 2 2 2 2 2 2 2
left_child=3 -2 4 5 -3 6 9 -4 -9 10 -1 -8
right_child=1 2 7 -5 -6 -7 11 8 -10 -11 -12 -13
leaf_value=-0.010409866673457545 -0.0019561402421916655 -0.0019561402421916655 0.012353329319873626 -0.0019561402421916655 0.012353329319873626 -0.0019561402421916655 -0.0025909899373798024 0.012353329319873626 0.019417232704356194 -0.0025909899373798024 -0.0025909899373798024 -0.0019561402421916655
leaf_weight=14.128303089179102 7.7672804000321767 2.1391996124293686 6.5447620099876245 56.016243629856035 1.638282084604725 3.9260331739205858 2.0093308079522116 2.8226885837502804 15.075824071187524 1.1949686389416445 0.53479405422695059 0.796844221651554
leaf_count=3575 649 109 100 5262 39 983 400 153 168 292 131 143
internal_value=0.00187194 0.0100602 0.0137767 -0.00195614 -0.00153327 -0.00761853 -0.00880683 0.01611 0.0179166 -0.00968782 -0.0102014 -0.00259099
internal_weight=114.595 35.988 28.2208 78.6065 3.77748 22.5903 18.6642 24.4433 17.8985 15.8581 14.6631 2.80618
internal_count=12004 1218 569 10786 148 5524 4541 421 321 3998 3706 543
is_linear=0
shrinkage=0.03


Tree=33
num_leaves=13
num_cat=0
split_feature=11 2 9 3 8 1 8 1 11 4 9 9
split_gain=3.76266 1.86285 1.09903 0.790185 0.549181 0.170323 0.136546 0.249751 0.0614287 0.0752761 0.0213452 0.00191385
threshold=90.135406523855906 65.022624434389158 24.341649341649347 49.823120035202301 95.04098360655739 82.069836293974234 47.434210526315795 4.5243482008187899 87.023766328011632 85.950429352068724 97.315315315315345 46.470099667774093
decision_type=2 2 2 2 2 2 2 2 2 2 2 2
left_child=3 11 4 5 -3 8 -4 -8 9 10 -1 -2
right_child=1 2 6 -5 -6 -7 7 -9 -10 -11 -12 -13
leaf_value=-0.0096374615910867836 -0.0018517198936869057 -0.0018517198936869057 0.0086416890942943719 -0.0018517198936869057 0.012317082709577151 -0.0018517198936869057 0.012317082709577151 0.01936823100542041 -0.0018517198936869057 -0.0018517198936869057 -0.0018517198936869057 0.00025319558202099163
leaf_weight=15.890202529495603 4.2573702780064187 2.1833225986920328 5.9103448220994457 55.357794467359781 1.4792723236605523 3.9346753989811978 4.0156514002010253 14.993146236753089 0.59536396339535613 1.4534683497622598 0.62953254673630077 3.414270190987736
leaf_count=4025 346 128 158 5262 18 983 48 217 133 228 155 303
internal_value=0.00187811 0.00972331 0.0131656 -0.00185172 -0.00176575 -0.00736571 0.0153436 0.0168914 -0.00852452 -0.00885301 -0.00941131 -0.00185172
internal_weight=114.114 36.2534 28.5817 77.861 3.66259 22.5032 24.9191 19.0088 18.5686 17.9732 16.5197 7.67164
internal_count=12004 1218 569 10786 146 5524 423 265 4541 4408 4180 649
is_linear=0
shrinkage=0.03


Tree=34
num_leaves=12
num_cat=0
split_feature=11 2 1 3 9 8 1 5 11 9 9
split_gain=3.23926 1.65368 1.04058 0.727839 0.603505 1.00187 0.177317 0.0635964 0.0225351 0.0122971 0.00757703
threshold=89.547074066076462 61.71295248868779 0.94563176249664682 49.823120035202301 30.571895424836608 80.836490819003217 81.668600154679055 53.78181124748631 81.507708358768895 97.315315315315345 76.975051975051997
decision_type=2 2 2 2 2 2 2 2 2 2 2
left_child=3 -2 -3 6 5 -4 7 8 9 -1 -9
right_child=1 2 4 -5 -6 -7 -8 10 -10 -11 -12
leaf_value=-0.0095587452699469767 -0.0016845128464081456 -0.0016845128464081456 -0.0016845128464081456 -0.0016845128464081456 0.015893925538620974 0.015186641375592749 -0.0016845128464081456 -0.0026616341529450364 -0.0026616341529450364 -0.0026616341529450364 -0.0016845128464081456
leaf_weight=13.786519908346246 7.8281644221860907 1.8322979761287594 2.8201012650970432 53.714740103809163 22.057399520883337 2.9971773389261216 4.0192852932959786 1.9450723538175219 1.1188439158722747 0.53727324702777046 0.78144170343875874
leaf_count=3552 664 30 146 5222 389 55 1004 394 275 131 142
internal_value=0.00189137 0.00897856 0.0121447 -0.00168451 0.013675 0.0041644 -0.00701101 -0.00822619 -0.00898703 -0.00934877 -0.00266163
internal_weight=113.438 37.5351 29.707 75.9032 27.8747 5.81728 22.1884 18.1692 15.4426 14.3238 2.72651
internal_count=12004 1284 620 10720 590 201 5498 4494 3958 3683 536
is_linear=0
shrinkage=0.03


Tree=35
num_leaves=12
num_cat=0
split_feature=5 11 1 7 2 5 2 1 5 1 11
split_gain=2.17391 1.01012 1.30736 0.878116 0.696775 0.703113 0.166556 0.128929 0.0821746 0.0421415 0.0313273
threshold=75.452497952497964 90.135406523855906 37.170142384582199 59.417229729729733 94.346440044135974 90.20806366556404 74.762751071992781 89.814715532585623 36.777332396822331 30.847050096560899 78.663639062689001
decision_type=2 2 2 2 2 2 2 2 2 2 2
left_child=7 2 4 -3 -2 -6 -4 8 10 -5 -1
right_child=1 3 6 9 5 -7 -8 -9 -10 -11 -12
leaf_value=-0.0091988788242664803 -0.0055720893457472005 0.0051649702260008062 0.0016767746675029993 0.0090119630865864008 -0.0055720893457472005 0.0051649702260008062 0.0051649702260008062 -0.00040424208432047592 -0.0055720893457472005 0.017672163684299302 -0.0055720893457472005
leaf_weight=12.406763023929665 15.873442069161685 20.541913428343836 13.5121674835682 5.2702890634536725 1.3232582679484028 4.0557619608007371 8.679200512589885 4.0543738929554811 19.221532164374366 4.9078022800385952 2.2690522642806181
leaf_count=3224 1103 377 894 54 105 112 251 983 4359 59 551
internal_value=0.000181435 0.00316064 0.000184618 0.00723078 -0.00501417 0.00463866 0.00516497 -0.00557209 -0.00616091 0.0143952 -0.00830529
internal_weight=112.116 74.1638 43.4438 30.72 21.2525 5.37902 22.1914 37.9517 33.8973 10.1781 14.6758
internal_count=12072 2955 2465 490 1320 217 1145 9117 8134 113 3775
is_linear=0
shrinkage=0.03


Tree=36
num_leaves=13
num_cat=0
split_feature=5 11 7 3 5 9 2 3 3 2 7 10
split_gain=2.05214 0.862381 0.986357 0.741303 0.582572 0.2147 0.421937 0.328151 0.0875884 0.0784536 0.0741128 0.0272984
threshold=75.452497952497964 90.135406523855906 59.417229729729733 83.995359628770316 90.974740745032179 35.873246250604744 86.596305845793566 88.663559462407989 85.136837088978169 84.920557383792683 60.172413793103452 40.129870129870135
decision_type=2 2 2 2 2 2 2 2 2 2 2 2
left_child=8 3 5 4 -2 -3 7 -7 11 -4 -5 -1
right_child=1 2 9 10 -6 6 -8 -9 -10 -11 -12 -13
leaf_value=-0.0074633336936948238 -0.0054334524394474976 0.0026680276788121661 0.010418847310871641 0.0026680276788121661 0.0026680276788121661 0.0026680276788121661 0.01199581069997133 0.010418847310871641 0.0024934513758493424 0.017362591348628404 0.0046645982155119692 -0.0054334524394474976
leaf_weight=12.539514429401605 9.6295560949947667 7.0552202295512023 4.6534855850040895 14.241843628231445 1.7794517092406739 3.5872695413418096 5.7511371336877346 4.282477181404829 0.69735201727598806 5.662345509044826 17.518428966635838 24.364431500667706
leaf_count=3153 914 159 74 1054 80 73 61 84 116 39 417 5848
internal_value=0.000190672 0.00307657 0.00680965 0.000303037 -0.00543345 0.00276161 0.00637153 0.00266803 -0.00543345 0.0139621 0.00266803 -0.00564507
internal_weight=111.763 74.1612 30.9919 43.1693 11.409 20.6761 13.6209 7.86975 37.6013 10.3158 31.7603 36.9039
internal_count=12072 2955 490 2465 994 377 218 157 9117 113 1471 9001
is_linear=0
shrinkage=0.03


Tree=37
num_leaves=15
num_cat=0
split_feature=5 11 8 7 2 3 9 11 8 11 2 11 3 5
split_gain=1.88284 0.697107 0.862025 1.21717 0.46168 0.351399 0.580223 0.597962 0.317142 0.22182 0.142925 0.0993369 0.035701 0.0227599
threshold=75.452497952497964 65.422286159563626 92.564953012714213 82.404540763673893 89.428528400836271 89.814715532585623 42.940199335548179 89.547074066076462 95.04098360655739 40.723436733358781 94.346440044135974 74.001910051794056 49.823120035202301 54.535170711641307
decision_type=2 2 2 2 2 2 2 2 2 2 2 2 2 2
left_child=11 8 3 5 -4 -3 -7 -8 9 10 -2 12 13 -1
right_child=1 2 4 -5 -6 6 7 -9 -10 -11 -12 -13 -14 -15
leaf_value=-0.0078685439843540397 -0.0051880271996807246 -0.0010021469638152151 0.012332164688851177 0.012332164688851177 0.022591788785015898 -0.0010021469638152151 -0.0010021469638152151 0.012332164688851177 0.004452059276582529 -0.0010021469638152151 -0.0010021469638152151 -0.0020743738397306461 -0.0051880271996807246 -0.0051880271996807246
leaf_weight=16.820731082698337 9.9452656628564267 15.634189301403241 6.0286645167507213 6.4464960172772399 4.3923172205686569 7.1011100765317705 2.5672688693739456 6.4515251028351486 6.2052061138674608 7.2205786788836113 2.1787731591612092 8.7701458299998176 10.113507660804315 1.5439409525133658
leaf_count=4402 956 512 99 119 27 217 118 93 113 583 118 1907 2438 370
internal_value=0.000232926 0.00298809 0.00506283 0.00281578 0.0123322 0.000229551 0.00362758 0.00842382 -0.00100215 -0.00288454 -0.00518803 -0.00518803 -0.00604401 -0.00722875
internal_weight=111.42 74.1714 48.6216 38.2006 10.421 31.7541 16.1199 9.01879 25.5498 19.3446 12.124 37.2483 28.4782 18.3647
internal_count=12072 2955 1185 1059 126 940 428 211 1770 1657 1074 9117 7210 4772
is_linear=0
shrinkage=0.03


Tree=38
num_leaves=12
num_cat=0
split_feature=11 3 8 11 2 7 8 4 0 1 2
split_gain=1.34641 1.07819 0.965842 1.03319 0.842254 0.634894 0.38517 0.177988 0.153359 0.0496703 0.0724092
threshold=67.342057247120565 88.24967639867684 47.434210526315795 88.901458019105078 74.181367084180394 86.754385964912302 95.275297619047635 59.276563266641233 96.713016238332713 33.611111111111121 74.762751071992781
decision_type=2 2 2 2 2 2 2 2 2 2 2
left_child=7 2 -2 -4 8 6 -3 9 -5 -1 -11
right_child=1 5 3 4 -6 -7 -8 -9 -10 10 -12
leaf_value=-0.0088113595515255921 -0.0033191116060445271 0.0073247762920327095 -0.0033191116060445271 -0.0033191116060445271 0.0073247762920327095 0.017763470239180356 0.017763470239180356 -0.0033191116060445271 0.0069974630202165227 -0.0058602262906470833 -0.0033191116060445271
leaf_weight=5.1080579601693925 7.7437666696496334 20.412753566866751 7.8365153358317938 3.7143011339940122 10.234511140733956 4.7362424456514409 3.4497073432430616 26.771386349806562 0.59129623835906375 17.407531380187724 2.4976620839443049
leaf_count=1102 1190 521 1040 399 213 53 39 3125 8 4023 359
internal_value=0.000173308 0.00325729 -0.00071597 0.00351297 0.00732478 0.00732478 0.00732478 -0.00331911 -0.00331911 -0.00588455 -0.00474792
internal_weight=110.504 58.7191 30.1204 22.3766 14.5401 28.5987 23.8625 51.7846 4.3056 25.0133 19.9052
internal_count=12072 3463 2850 1660 620 613 560 8609 407 5484 4382
is_linear=0
shrinkage=0.03


Tree=39
num_leaves=13
num_cat=0
split_feature=5 8 2 11 9 8 9 1 11 11 3 0
split_gain=1.49233 0.604596 2.27096 0.408846 0.243374 0.123341 0.120098 0.147721 0.0942787 0.147913 0.0488693 0.0308042
threshold=82.427617641394377 88.126566416040106 91.634517610082284 40.723436733358781 30.571895424836608 66.450216450216459 68.323556653288065 89.064180286217393 40.723436733358781 87.336044446990101 78.966190576286962 87.87532071284933
decision_type=2 2 2 2 2 2 2 2 2 2 2 2
left_child=6 3 8 -2 5 -5 7 10 -3 -10 11 -1
right_child=1 2 -4 4 -6 -7 -8 -9 9 -11 -12 -13
leaf_value=-0.0076878461335508092 -0.0037772777811433795 -0.0037772777811433795 0.019417627559937017 -0.0037772777811433795 0.0012188744520930607 0.0012188744520930607 -0.0037772777811433795 -0.0037772777811433795 0.0012188744520930607 0.0061749015887939468 -0.0037772777811433795 -0.0037772777811433795
leaf_weight=23.182667267043161 7.4397115067113182 3.6742667928338069 7.5922079966403535 3.827931373147293 30.299577048048377 2.5237003741785884 16.41123590641655 3.5653120232745996 3.1881357068195939 4.5611510360613465 2.8500194563530377 1.1297632979694743
leaf_count=5482 710 88 66 226 810 82 3239 793 80 47 371 78
internal_value=0.000216556 0.00321223 0.00754231 0.00121887 0.00121887 -0.00377728 -0.00377728 -0.00574106 0.00121887 0.00121887 -0.00687115 -0.00737604
internal_weight=110.246 63.1067 19.0158 44.0909 36.6512 6.35163 47.139 30.7278 11.4236 7.74929 27.1625 24.3124
internal_count=12072 2109 281 1828 1118 308 9963 6724 215 127 5931 5560
is_linear=0
shrinkage=0.03


Tree=40
num_leaves=15
num_cat=0
split_feature=10 8 0 8 9 4 8 5 1 1 4 0 11 0
split_gain=1.10811 1.08918 0.7831 0.417505 0.482588 0.276204 0.206734 0.183258 0.178106 0.135718 0.106051 0.0152132 0.00687621 0.00555692
threshold=56.647682639434414 95.04098360655739 87.87532071284933 47.434210526315795 31.411960132890368 29.248491849570019 29.459980713596917 71.975465442177708 32.032976562805977 52.600487346865783 49.417236751305452 99.320497429741138 90.48171472765442 78.194653676559554
decision_type=2 2 2 2 2 2 2 2 2 2 2 2 2 2
left_child=3 6 9 8 -5 12 -2 13 -1 -3 -11 -8 -6 -7
right_child=1 2 -4 4 5 7 11 -9 -10 10 -12 -13 -14 -15
leaf_value=-0.012723708710452837 -0.0057430971224947981 0.00011159677758233673 0.014946676246167892 -0.0073810026174337892 -0.0073810026174337892 -0.005475668659455802 0.00011159677758233673 0.00011159677758233673 -0.0073810026174337892 0.00011159677758233673 0.011464827039427626 0.0039930278412629982 -0.005475668659455802 -0.00030361749102597298
leaf_weight=6.5241952987853464 4.4284454595763227 1.6509507126174852 7.9433457693085074 7.5713990519288918 3.9666754235513535 5.0094202260952505 36.875309557653964 22.045620234217495 10.479147467529399 0.9745067781768737 0.79514552606269717 1.5963406558148552 0.30356956040486682 0.3078140397556125
leaf_count=961 842 116 85 1054 861 1301 3742 755 2164 83 42 20 36 74
internal_value=-0.000661009 0.00237521 0.0102204 -0.00358251 -0.00179246 -6.95702e-05 0.000111597 0.000111597 -0.007381 0.000111597 0.00711716 0.000111597 -0.00677121 -0.00547567
internal_weight=110.472 54.264 11.3639 56.2078 39.2045 31.6331 42.9001 27.3629 17.0033 3.4206 1.76965 38.4717 4.27024 5.31723
internal_count=12136 4930 326 7206 4081 3027 4604 2130 3125 241 125 3762 897 1375
is_linear=0
shrinkage=0.03


Tree=41
num_leaves=11
num_cat=0
split_feature=2 7 1 8 8 11 8 1 9 9
split_gain=1.13447 1.71057 1.30429 0.6464 0.266721 0.20839 0.101448 0.0687161 0.0205848 0.0345911
threshold=90.298719405143046 61.152570480928695 8.1143788800401353 69.416099773242635 47.434210526315795 76.201952321640661 93.127066603684469 24.911305237934609 96.178188899707905 96.178188899707905
decision_type=2 2 2 2 2 2 2 2 2 2
left_child=4 -2 6 5 7 -4 -3 9 -9 -1
right_child=1 2 3 -5 -6 -7 -8 8 -10 -11
leaf_value=-0.0094291436479922441 -0.002355412454093285 -0.002355412454093285 -0.001768417110539064 0.023142244516158348 -0.002355412454093285 0.0093496380710763691 0.0035053871396615336 -0.0046597144980535998 -0.002355412454093285 -0.002355412454093285
leaf_weight=4.7141256642062315 13.27480079373345 2.030215456616133 1.1176720503717645 5.9754073421936482 63.059997794451192 1.2772458894178269 1.8687793901190159 15.539556149626153 1.1801371339242894 0.32578174164518703
leaf_count=821 858 81 91 103 6549 43 29 3311 205 45
internal_value=-0.000684654 0.00474285 0.0123833 0.0184606 -0.00235541 0.00340365 -0.00176842 -0.00564036 -0.00425213 -0.00877926
internal_weight=110.364 25.5441 12.2693 8.37033 84.8196 2.39492 3.89899 21.7596 16.7197 5.03991
internal_count=12136 1205 347 237 10931 134 110 4382 3516 866
is_linear=0
shrinkage=0.03


Tree=42
num_leaves=15
num_cat=0
split_feature=8 5 7 10 11 4 3 4 10 1 5 7 5 11
split_gain=0.993901 0.7787 0.707745 0.559247 0.341023 0.603347 0.295313 0.230342 0.122875 0.276226 0.154236 0.0111994 0.0014351 0.000446677
threshold=47.434210526315795 72.748281456812279 60.685011709601874 58.387445887445899 40.723436733358781 95.597438463584893 87.081718763454759 97.864765678648226 40.129870129870135 32.032976562805977 98.601368203133077 78.989813242784393 36.777332396822331 61.965624366853525
decision_type=2 2 2 2 2 2 2 2 2 2 2 2 2 2
left_child=8 -2 6 13 5 -5 7 -3 9 10 -1 -6 -11 -4
right_child=1 2 3 4 11 -7 -8 -9 -10 12 -12 -13 -14 -15
leaf_value=-0.015465430181945617 -0.0040065095582148529 -0.0040065095582148529 -0.00033126193281061902 -0.00033126193281061902 0.010992197291275246 0.010992197291275246 -0.00033126193281061902 -0.00033126193281061902 -0.0040065095582148529 -0.0065718706385452042 -0.0040065095582148529 0.014875863654385264 -0.0040065095582148529 -2.4614094908386307e-05
leaf_weight=3.6608514168765449 20.185622452525422 11.949114613002164 4.6542676698882151 4.456583279650661 6.5415357318706793 2.2539279079064727 19.477985013742 1.5998852076008905 15.932729220716281 2.2875539509113878 0.71790558286011208 7.6792412428185344 4.2554505346342921 4.4421758558601141
leaf_count=563 5194 763 168 131 94 32 709 53 2957 607 12 81 680 92
internal_value=-0.000635941 0.000994476 0.00263299 0.00588688 0.00848109 0.00242414 -0.000411473 -0.00400651 -0.00554398 -0.00802465 -0.0132255 0.0109922 -0.00400651 -0.000331262
internal_weight=110.095 83.2403 63.0547 30.0277 20.9313 6.71051 33.027 13.549 26.8545 10.9218 4.37876 14.2208 6.543 9.09644
internal_count=12136 7317 2123 598 338 163 1525 816 4819 1862 575 175 1287 260
is_linear=0
shrinkage=0.03


Tree=43
num_leaves=15
num_cat=0
split_feature=2 3 8 0 8 3 7 1 9 1 4 0 1 3
split_gain=0.908072 0.940709 0.412329 0.259363 0.196648 0.144334 0.125086 0.109943 0.0917234 0.0576674 0.0486191 0.0267453 0.053564 0.0575646
threshold=94.346440044135974 88.663559462407989 47.434210526315795 58.939631779408373 69.416099773242635 98.247741143150762 61.152570480928695 89.064180286217393 70.441595441595453 99.029103334511618 73.917972986295979 97.491418764302082 54.535170711641307 89.814715532585623
decision_type=2 2 2 2 2 2 2 2 2 2 2 2 2 2
left_child=2 4 9 7 -2 -5 -6 8 10 11 -4 12 13 -1
right_child=1 -3 3 5 6 -7 -8 -9 -10 -11 -12 -13 -14 -15
leaf_value=-0.0090959719047891685 -0.00062336859297155718 0.014439889593421344 -0.0053187121183307998 -0.00062336859297155718 -0.00062336859297155718 0.0048687447811088672 0.0083138474565134218 -0.00062336859297155718 -0.00062336859297155718 -0.00062336859297155718 -0.00062336859297155718 -0.00072304286361761819 -0.0053187121183307998 -0.0053187121183307998
leaf_weight=10.077193608274714 3.7824075128883106 5.8497194275259963 9.828863619361071 48.207531042862684 1.6054885908961294 6.4569405773654571 2.6349512052256614 2.5643260476645073 4.2286337066907427 0.29200091981328924 0.98494693171233016 1.4103322504088271 9.8590066786855441 1.887105781584977
leaf_count=2145 421 91 2388 2623 84 143 75 599 995 50 134 59 2182 147
internal_value=-0.000636772 0.00627226 -0.00169175 -0.000623369 -0.000623369 -0.000623369 0.00519442 -0.00417188 -0.0050564 -0.0050564 -0.0050564 -0.00531871 -0.00557101 -0.00777077
internal_weight=109.669 13.8726 95.7969 72.2712 8.02285 54.6645 4.24044 17.6068 15.0424 23.5256 10.8138 23.2336 21.8233 11.9643
internal_count=12136 671 11465 6882 580 2766 159 4116 3517 4583 2522 4533 4474 2292
is_linear=0
shrinkage=0.03


Tree=44
num_leaves=15
num_cat=0
split_feature=2 10 7 11 1 9 7 1 7 7 10 9 3 7
split_gain=0.758997 0.873072 0.725181 0.370863 0.547424 0.623601 0.171766 0.131591 0.0770221 0.123454 0.0293453 0.0205649 0.0159312 0.0136176
threshold=94.346440044135974 75.905718027062434 58.397435897435905 67.342057247120565 51.791637242943665 63.921188630490967 65.075757575757592 14.946754563894526 38.16526610644258 9.9180327868852469 81.380952380952394 97.99919967987195 89.064180286217393 85.355392156862749
decision_type=2 2 2 2 2 2 2 2 2 2 2 2 2 2
left_child=3 -2 -3 4 5 7 10 13 -6 -5 11 -7 -10 -1
right_child=1 2 -4 9 8 6 -8 -9 12 -11 -12 -13 -14 -15
leaf_value=-0.01735238857729321 2.7652023141573133e-05 2.7652023141573133e-05 0.020987268654745126 -0.0034724911857476784 -0.0034724911857476784 -0.0074903322205814053 -0.00021758442796500658 -0.0074903322205814053 -0.00021758442796500658 2.7652023141573133e-05 -0.0034724911857476784 -0.0034724911857476784 2.7652023141573133e-05 -0.0074903322205814053
leaf_weight=3.1048672082833981 9.2903056086506677 1.3548924799542863 3.3795263981446624 2.0081789407413444 4.780174917308627 3.4767677325289683 5.2701125398743898 9.045983983203767 13.260783740784975 46.868496942566708 0.95465310500003386 0.43637687619775523 5.7724729357287279 0.37287111813202489
leaf_count=499 504 101 66 237 1072 733 481 1814 3010 3025 198 98 260 38
internal_value=-0.00056577 0.00571226 0.014917 -0.00153887 -0.00343804 -0.00666996 -0.000946609 -0.0108904 -0.000217584 2.7652e-05 -0.00544848 -0.00700704 2.7652e-05 -0.0160865
internal_weight=109.376 14.0247 4.73442 95.3517 46.4751 22.6616 10.1379 12.5237 23.8134 48.8767 4.8678 3.91314 19.0333 3.47774
internal_count=12136 671 167 11465 8203 3861 1510 2351 4342 3262 1029 831 3270 537
is_linear=0
shrinkage=0.03


Tree=45
num_leaves=13
num_cat=0
split_feature=11 9 2 10 4 9 3 4 4 4 9 9
split_gain=0.749724 0.859684 1.14653 1.20075 0.276542 0.112563 0.138491 0.183996 0.0795688 0.026797 0.00169966 0.00229559
threshold=67.342057247120565 83.431372549019628 73.40950444529345 56.997863247863258 95.597438463584893 97.315315315315345 79.351790929344006 30.439873739945021 94.451137884872836 11.33015689963886 44.511378848728249 7.5235849056603783
decision_type=2 2 2 2 2 2 2 2 2 2 2 2
left_child=4 9 -3 -4 5 6 8 -8 -1 -2 11 -9
right_child=1 2 3 -5 -6 -7 7 10 -10 -11 -12 -13
leaf_value=-0.0059853781197600816 -0.0030925937556305458 0.00010927671254966957 0.00010927671254966957 0.025216329296085832 0.00010927671254966957 0.00010927671254966957 -0.0057098316046670919 -0.00046173035130590194 -0.00046173035130590194 0.00010927671254966957 -3.4358357272768382e-05 -3.4358357272768382e-05
leaf_weight=26.329463811125613 1.3536177412606765 3.5169312795624119 2.0979909412562847 3.8487672393675894 4.7520761969499281 2.0840169119182965 2.1031717555597451 0.62044686730950793 0.33736616792157192 46.3455243059434 8.5423954743891937 5.6025421381928027
leaf_count=6538 241 291 88 68 257 401 275 86 44 2741 537 412
internal_value=-0.000517914 0.00181985 0.0096071 0.0169741 -0.00315465 -0.00402329 -0.00437985 -0.00207546 -0.00570983 0.000109277 -0.00046173 -0.00046173
internal_weight=107.534 57.1628 9.46369 5.94676 50.3715 45.6194 43.5354 16.8686 26.6668 47.6991 14.7654 6.22299
internal_count=11979 3429 447 156 8550 8293 7892 1310 6582 2982 1035 498
is_linear=0
shrinkage=0.03


Tree=46
num_leaves=11
num_cat=0
split_feature=11 9 2 10 1 1 4 9 1 9
split_gain=0.661164 0.866729 1.06045 1.1288 0.358344 0.220099 0.262874 0.133762 0.0904758 0.0528704
threshold=67.342057247120565 83.431372549019628 73.40950444529345 56.997863247863258 6.9006568144499187 20.534649138348517 90.583972719522606 78.786764705882362 83.995359628770316 90.508365508365515
decision_type=2 2 2 2 2 2 2 2 2 2
left_child=5 4 -3 -4 -2 6 7 -1 9 -7
right_child=1 2 3 -5 -6 8 -8 -9 -10 -11
leaf_value=-0.012475205324711148 -0.00296008646350785 -7.2043882571235051e-06 -7.2043882571235051e-06 0.02435496871700827 -7.2043882571235051e-06 -0.00296008646350785 -0.00296008646350785 -0.00296008646350785 -7.2043882571235051e-06 -7.2043882571235051e-06
leaf_weight=4.8388388298917544 8.3225527643226069 3.4970789276994747 2.1091429817024618 3.9251665689516813 39.215291686821729 26.125931062269959 4.322511020116508 1.8618923183530567 8.3941734670661372 4.6368137376848599
leaf_count=943 291 291 88 68 2691 4836 323 333 1417 698
internal_value=-0.000478062 0.00171774 0.00950468 0.016459 -7.20439e-06 -0.00296009 -0.00654057 -0.0101626 -0.00181435 -0.00296009
internal_weight=107.249 57.0692 9.53139 6.03431 47.5378 50.1802 11.0232 6.70073 39.1569 30.7627
internal_count=11979 3429 447 156 2982 8550 1599 1276 6951 5534
is_linear=0
shrinkage=0.03


Tree=47
num_leaves=13
num_cat=0
split_feature=9 11 2 10 1 5 1 11 9 5 4 4
split_gain=0.618552 1.07896 0.912125 0.718666 0.436807 0.210984 0.0804061 0.0630545 0.0420832 0.0335307 0.02146 0.000965122
threshold=83.431372549019628 79.925273451282848 73.40950444529345 61.9382964453387 0.48544833274419702 40.334176465226513 89.417534663126617 82.77139476184648 70.441595441595453 90.20806366556404 74.688209498336093 48.645591292650124
decision_type=2 2 2 2 2 2 2 2 2 2 2 2
left_child=4 -2 9 -4 -1 6 7 8 10 -3 -6 -10
right_child=1 2 3 -5 5 -7 -8 -9 11 -11 -12 -13
leaf_value=-0.016059205564530155 -0.0014987134674713967 -0.0014987134674713967 0.0026686662085345213 0.025349969624579728 -0.0077688727405711734 -0.0014987134674713967 -0.0014987134674713967 -0.0014987134674713967 -0.002649887871217249 0.0023020158066387173 -0.0014987134674713967 -0.0014987134674713967
leaf_weight=0.86489311349578102 11.790104717016222 1.6956437570042893 2.1485776507761329 3.274764362256974 9.0937910999637044 71.094850913388655 2.3218824847135684 1.6425200458616007 1.3585566524416193 1.2446449967101214 0.28536904160864729 0.38320309389382612
leaf_count=34 1813 180 68 50 2483 5800 586 404 362 19 77 103
internal_value=-0.000395451 0.00421519 0.0118318 0.0181786 -0.00149871 -0.00149871 -0.00503848 -0.00597808 -0.00675713 -0.00149871 -0.00751176 -0.00149871
internal_weight=107.199 20.1537 8.36363 5.42334 87.0451 86.1802 15.0853 12.7634 11.1209 2.94029 9.37916 1.74176
internal_count=11979 2130 317 118 9849 9815 4015 3429 3025 199 2560 465
is_linear=0
shrinkage=0.03


Tree=48
num_leaves=14
num_cat=0
split_feature=9 11 2 1 8 5 1 7 11 9 4 10 4
split_gain=0.613546 1.05237 0.891598 0.468552 0.280139 0.190292 0.0766628 0.0756301 0.060158 0.0401502 0.0206393 0.00178082 0.000437849
threshold=83.431372549019628 79.925273451282848 73.40950444529345 0.48544833274419702 57.795138888888893 40.334176465226513 89.417534663126617 93.38797814207652 82.77139476184648 70.441595441595453 74.688209498336093 85.349593495934968 48.645591292650124
decision_type=2 2 2 2 2 2 2 2 2 2 2 2 2
left_child=3 -2 7 -1 -4 6 8 -3 9 10 11 -5 -11
right_child=1 2 4 5 -6 -7 -8 -9 -10 12 -12 -13 -14
leaf_value=-0.016943076737484783 -0.0014728981078380617 -0.0014728981078380617 0.0069530935548620821 -0.0079031685503385806 0.023829719395687302 -0.0014728981078380617 -0.0014728981078380617 0.0048072801285657584 -0.0014728981078380617 -0.0022166214271934479 -0.0014728981078380617 -0.0022166214271934479 -0.0014728981078380617
leaf_weight=0.77107973699457844 11.790733169298621 2.1620505533646797 2.6624602416995913 8.001183609943828 2.8014214769937098 71.081967204576358 2.325016272487118 0.78086669999174763 1.6428582808002836 1.356309216935186 0.28517346712760705 1.020844760816545 0.38311932305805396
leaf_count=34 1813 172 85 2210 33 5800 586 27 404 362 77 273 103
internal_value=-0.00037099 0.00421412 0.0117103 -0.0014729 0.017954 -0.0014729 -0.00485333 -0.0014729 -0.00578181 -0.00654963 -0.00729003 -0.00754511 -0.0014729
internal_weight=107.065 20.1975 8.4068 86.8676 5.46388 86.0965 15.0145 2.94292 12.6895 11.0466 9.3072 9.02203 1.73943
internal_count=11979 2130 317 9849 118 9815 4015 199 3429 3025 2560 2483 465
is_linear=0
shrinkage=0.03


Tree=49
num_leaves=12
num_cat=0
split_feature=11 9 2 10 1 1 4 1 3 9 9
split_gain=0.600262 0.906657 1.06711 1.07232 0.287546 0.192058 0.138063 0.252169 0.213502 0.0538371 0.0203352
threshold=67.342057247120565 83.431372549019628 73.40950444529345 56.997863247863258 6.9006568144499187 83.608504341731262 90.583972719522606 20.943561208267095 80.096533414068986 78.786764705882362 89.699381078691445
decision_type=2 2 2 2 2 2 2 2 2 2 2
left_child=5 4 -3 -4 -2 6 7 9 10 -1 -9
right_child=1 2 3 -5 -6 -7 -8 8 -10 -11 -12
leaf_value=-0.011872363052049813 -0.0027478482640707234 -7.6131337057701255e-05 -7.6131337057701255e-05 0.023711949758878293 -7.6131337057701255e-05 -7.6131337057701255e-05 -0.0027478482640707234 -0.0061084382094469276 -0.0027478482640707234 -0.0061084382094469276 -0.0027478482640707234
leaf_weight=4.8176991259679189 8.0979157697875035 3.5280291899107379 2.1473857371602207 4.1748217628337443 39.215618563815951 8.6389742181636375 8.4139032419770938 15.179313804022973 8.3708925349637848 1.9342458744067696 2.4560347134247413
leaf_count=961 291 291 88 68 2691 1450 570 3987 648 342 592
internal_value=-0.000368749 0.00171594 0.00953746 0.0162981 -7.61313e-05 -0.00274785 -0.00363972 -0.00496102 -0.00337898 -0.00983259 -0.00610844
internal_weight=106.975 57.1638 9.85024 6.32221 47.3135 49.8111 41.1721 32.7582 26.0062 6.75195 17.6353
internal_count=11979 3429 447 156 2982 8550 7100 6530 5227 1303 4579
is_linear=0
shrinkage=0.03


Tree=50
num_leaves=13
num_cat=0
split_feature=5 11 8 9 2 10 7 3 8 3 10 9
split_gain=0.560871 0.381459 0.665322 1.04143 0.892941 0.481216 0.203731 0.10516 0.263722 0.0515059 0.0132437 0.0289062
threshold=75.452497952497964 89.547074066076462 95.275297619047635 38.956639566395673 76.175955145149473 56.647682639434414 34.738243123336296 83.995359628770316 99.350649350649363 32.429368143653868 83.438818565400865 67.455869991594298
decision_type=2 2 2 2 2 2 2 2 2 2 2 2
left_child=9 6 3 -3 -5 -6 -2 -8 -9 10 11 -1
right_child=1 2 -4 4 5 -7 7 8 -10 -11 -12 -13
leaf_value=-0.006993359443650724 -0.0034307706164174675 -0.00084727687650937658 0.014029632839341236 -0.00084727687650937658 0.0038993192524640011 0.014029632839341236 -0.0034307706164174675 -0.00084727687650937658 0.010472696663641109 -0.0034307706164174675 -0.0034307706164174675 -0.0034307706164174675
leaf_weight=8.4232871343847346 5.6374993859790257 8.3355636438354903 3.672708384692668 6.81178806209937 6.2164859883487207 6.160998797044158 8.514800683828069 22.120883231982592 3.154153198003768 21.558563904603943 2.3709247515071175 3.8199980342760673
leaf_count=2271 643 206 27 155 78 54 728 1019 43 5196 593 987
internal_value=-0.000444335 0.00111181 0.00353711 0.00169431 0.00660842 0.0111536 -0.000847277 -0.000847277 -0.000847277 -0.00343077 -0.00536018 -0.0059163
internal_weight=106.798 70.6249 31.1975 27.5248 19.1893 12.3775 39.4273 33.7898 25.275 36.1728 14.6142 12.2433
internal_count=12000 2953 520 493 287 132 2433 1790 1062 9047 3851 3258
is_linear=0
shrinkage=0.03


Tree=51
num_leaves=11
num_cat=0
split_feature=8 2 4 3 9 1 10 11 1 1
split_gain=0.508996 1.357 0.898399 0.328572 0.248841 0.296424 0.193015 0.0771482 0.0880852 0.0318369
threshold=92.131062951496403 81.60943506694359 86.713343778561182 86.713343778561182 31.612258494337112 65.632405213270161 21.767001114827206 95.34883024114292 11.771776018099549 54.151256374024705
decision_type=2 2 2 2 2 2 2 2 2 2
left_child=4 -2 3 -3 5 6 9 8 -8 -1
right_child=1 2 -4 -5 -6 -7 7 -9 -10 -11
leaf_value=-0.014619547169116476 -0.0014907608374768767 -0.0014907608374768767 0.016871022657857955 0.0097020956979182362 -0.0014907608374768767 -0.0014907608374768767 -0.010541910269392572 -0.0014907608374768767 -0.0033630872557763821 -0.0033630872557763821
leaf_weight=2.4410755313001613 10.549201663816349 1.5255302859004571 6.722789166495204 1.3881744034588335 66.674421997740865 6.505401376169174 1.9583344496786574 1.6054743032436807 6.8228251533582807 0.35251296707428981
leaf_count=355 734 107 70 13 7866 1130 286 102 1262 75
internal_value=-0.000483293 0.00369385 0.0114927 -0.00149076 -0.00149076 -0.00479744 -0.00740014 -0.00469112 -0.00587817 -0.0135807
internal_weight=106.546 20.1857 9.63649 2.9137 86.36 19.6856 13.1802 10.3866 8.78116 2.79359
internal_count=12000 924 190 120 11076 3210 2080 1650 1548 430
is_linear=0
shrinkage=0.03


Tree=52
num_leaves=13
num_cat=0
split_feature=3 11 1 7 8 9 8 1 9 8 7 10
split_gain=0.490494 0.824686 0.760176 0.308208 0.329849 0.483612 0.222691 0.184294 0.101884 0.0761543 0.0721354 0.042828
threshold=88.663559462407989 56.016903481526128 4.5243482008187899 16.271373414230563 95.275297619047635 31.612258494337112 45.633104500381393 65.222332015810295 84.660633484162915 78.192934782608702 87.596153846153854 87.577160493827179
decision_type=2 2 2 2 2 2 2 2 2 2 2 2
left_child=6 -2 -3 -4 5 9 7 8 11 -5 -7 -1
right_child=1 2 3 4 -6 10 -8 -9 -10 -11 -12 -13
leaf_value=-0.0093563272336679958 -0.0020565831121785914 -0.0020565831121785914 -0.0020565831121785914 -0.0020565831121785914 0.016294388384576527 0.0062928105209059159 -0.0020565831121785914 -0.0020565831121785914 -0.0020565831121785914 0.0026443713648602847 0.012441786816374392 -0.0020565831121785914
leaf_weight=8.635597058106212 10.897402783390133 3.6365408631972995 2.0106174780521568 2.2898410453926834 2.9127097725868216 12.946277995593848 47.310807625995949 5.972568134777247 2.8992487932555369 2.3052514307200909 3.5280150743201366 1.1624325329903502
leaf_count=1957 670 76 82 106 30 316 6485 1438 507 52 50 231
internal_value=-0.000472368 0.00209428 0.00485211 0.00686884 0.00780989 0.00595179 -0.00205658 -0.00528215 -0.00728718 -0.00205658 0.00824628 -0.00865874
internal_weight=106.507 40.5267 29.6293 25.9927 23.9821 21.0694 65.9807 18.6698 12.6973 4.59509 16.4743 9.79803
internal_count=12000 1382 712 636 554 524 10618 4133 2695 158 366 2188
is_linear=0
shrinkage=0.03


Tree=53
num_leaves=14
num_cat=0
split_feature=2 8 4 3 3 3 4 8 9 3 11 3 3
split_gain=0.507971 1.22303 0.879303 0.230889 0.157627 0.249042 0.189511 0.105298 0.112851 0.0637696 0.0230654 0.0118314 0.00112242
threshold=82.123869628172571 92.564953012714213 86.713343778561182 87.87532071284933 89.814715532585623 98.247741143150762 98.601368203133077 95.904389152921439 34.641025641025649 93.299888731151455 99.263802572626119 89.814715532585623 14.181810701523416
decision_type=2 2 2 2 2 2 2 2 2 2 2 2 2
left_child=5 4 3 -3 6 7 10 8 9 -1 -2 12 -10
right_child=1 2 -4 -5 -6 -7 -8 -9 11 -11 -12 -13 -14
leaf_value=-0.0061021024710575886 -0.0025324070641675194 -0.00096674270506456753 0.016194089598714528 0.0088449079407258314 0.0019884914900697311 0.0019884914900697311 0.0019884914900697311 -0.00096674270506456753 -0.0038413096879010991 -0.0025324070641675194 -0.00096674270506456753 -0.001067930288722525 -0.0025324070641675194
leaf_weight=13.68471016478725 14.587115689413627 1.5171247469261273 6.8645743271335959 1.2841324508190153 10.176569805946199 6.2075867042876771 1.7268311930820335 5.5692708473652592 3.6126308559905764 2.4921977114863685 0.76528989360667843 10.714555984130127 27.267690033419058
leaf_count=2858 1564 106 67 12 229 187 51 448 956 169 19 488 4846
internal_value=-0.000435224 0.00236954 0.0109858 -0.000966743 -0.000966743 -0.00193669 -0.00193669 -0.00253241 -0.00304327 -0.00521182 -0.00253241 -0.00253241 -0.00253241
internal_weight=106.47 36.9216 9.66583 2.80126 27.2558 69.5486 17.0792 63.3411 57.7718 16.1769 15.3524 41.5949 30.8803
internal_count=12000 2048 185 118 1863 9952 1634 9765 9317 3027 1583 6290 5802
is_linear=0
shrinkage=0.03


Tree=54
num_leaves=13
num_cat=0
split_feature=2 8 10 0 0 0 1 1 1 3 0 1
split_gain=0.486238 1.1906 0.709242 0.322884 0.341449 0.089864 0.0645107 0.156994 0.0406529 0.0223949 0.0173749 0.00250698
threshold=82.123869628172571 92.564953012714213 69.79992790194666 92.154380739637645 99.759325764596866 41.58872377622378 36.777332396822331 36.777332396822331 83.608504341731262 32.429368143653868 92.917960353475053 33.980616843903739
decision_type=2 2 2 2 2 2 2 2 2 2 2 2
left_child=5 4 3 -3 6 8 -2 11 9 -1 -8 -7
right_child=1 2 -4 -5 -6 7 10 -9 -10 -11 -12 -13
leaf_value=-0.0060370129870992249 -0.0018196998848419223 -0.00095312442163312139 0.015384438027944593 0.010223256907125403 0.010223256907125403 -0.0035689619235821546 -0.00095312442163312139 -0.00095312442163312139 -0.0012932949839501691 -0.0035689619235821546 0.0052992134835396386 -0.0018196998848419223
leaf_weight=7.7173825991339999 19.238989751087519 1.3675283626653238 6.9550052070990205 1.354768620803952 1.0780212222598482 18.833235343918215 4.1939113379921755 31.251911299303174 5.0687968262936911 5.4218377214856446 2.7261715237982571 1.0817309436388303
leaf_count=2107 1381 88 84 13 22 1920 415 3178 1239 1342 45 166
internal_value=-0.000401118 0.00234188 0.0108365 -0.000953124 -0.000953124 -0.00187321 -0.0018197 -0.0018197 -0.00391577 -0.00476443 -0.000953124 -0.00356896
internal_weight=106.289 36.9144 9.6773 2.7223 27.2371 69.3749 26.1591 51.1669 18.208 13.1392 6.92008 19.915
internal_count=12000 2048 185 101 1863 9952 1841 5264 4688 3449 460 2086
is_linear=0
shrinkage=0.03


Tree=55
num_leaves=13
num_cat=0
split_feature=2 11 7 2 10 9 11 7 9 10 2 2
split_gain=0.488784 0.764787 0.920502 0.502761 0.170929 0.216626 0.106582 0.0983285 0.096276 0.108112 0.0782687 0.0121675
threshold=76.19586533747345 89.547074066076462 78.629976580796267 94.249411686901723 31.017241379310349 79.502625888168069 99.263802572626119 98.260738052026625 22.287581699346408 45.512082853855013 75.03204180222815 94.346440044135974
decision_type=2 2 2 2 2 2 2 2 2 2 2 2
left_child=4 7 3 8 5 6 10 11 -3 -10 -1 -2
right_child=1 2 -4 -5 -6 -7 -8 -9 9 -11 -12 -13
leaf_value=-0.0081898813582226924 -0.0010491565402790913 -0.0010491565402790913 0.018281696823546991 0.0097199535572023779 -0.0010491565402790913 -0.0010491565402790913 -0.0010491565402790913 0.0054353505717889229 -0.0010491565402790913 0.0049568343090284636 -0.0010491565402790913 0.00044922339315762186
leaf_weight=9.781609449302767 18.311217514099585 2.1056583547033414 3.7375135766342273 5.3374205557629457 45.479092929512262 4.446316407294943 0.37575100129470307 1.130769638577475 4.6741711429785919 4.1765826747287065 0.53491327469237226 7.1153809786774209
leaf_count=1663 1758 75 57 88 6822 709 16 67 95 88 39 551
internal_value=1.48808e-05 0.00229854 0.00657573 0.00298873 -0.00174908 -0.00443601 -0.00675894 -0.00104916 -0.000829083 0.00194528 -0.00754976 -0.00104916
internal_weight=107.206 46.5887 20.0313 16.2938 60.6177 15.1386 10.6923 26.5574 10.9564 8.85075 10.3165 25.4266
internal_count=12028 2779 403 346 9249 2427 1718 2376 258 183 1702 2309
is_linear=0
shrinkage=0.03


Tree=56
num_leaves=14
num_cat=0
split_feature=1 2 11 9 10 0 9 1 1 2 8 10 2
split_gain=0.478333 0.384234 0.884899 0.559641 0.612698 0.432629 0.380946 0.111592 0.244176 0.0521585 0.0456923 0.0272692 0.0109304
threshold=99.029103334511618 70.772033424845176 89.547074066076462 22.287581699346408 28.062500000000004 87.081718763454759 68.323556653288065 43.078474042849727 20.534649138348517 85.036899375134681 16.428133306072379 28.660714285714288 31.867219435154222
decision_type=2 2 2 2 2 2 2 2 2 2 2 2 2
left_child=1 7 8 -4 9 6 -6 11 -3 -5 -9 -1 -2
right_child=12 2 3 4 5 -7 -8 10 -10 -11 -12 -13 -14
leaf_value=-0.0079368800404243135 0.0034359214466417962 -0.0045630908279888161 -0.001931729251521916 -0.001931729251521916 -0.0008688594152400698 0.012313364258823047 0.0098093283793656266 -0.0045630908279888161 -0.001931729251521916 -0.0008688594152400698 -0.001931729251521916 -0.0045630908279888161 0.01479336266331855
leaf_weight=2.9854382972698632 0.90422396454959997 13.19468822586351 3.9537777551449862 2.3633909006603089 1.6430614429991686 10.837865706067531 2.2189456468913704 3.2588523065205655 18.56466548750177 3.156521221389994 31.324997146846727 11.806184457615016 0.85132179106585681
leaf_count=581 99 1308 134 62 99 110 58 787 1799 58 4957 1938 38
internal_value=-2.71998e-05 -0.000346815 0.00134532 0.00555643 0.00757786 0.010603 0.00132636 -0.00225233 -0.00193173 -0.000868859 -0.00193173 -0.00456309 0.0123134
internal_weight=107.064 105.308 55.9329 24.1736 20.2198 14.6999 3.86201 49.3755 31.7594 5.51991 34.5838 14.7916 1.75555
internal_count=12028 11891 3628 521 387 267 157 8263 3107 120 5744 2519 137
is_linear=0
shrinkage=0.03


Tree=57
num_leaves=13
num_cat=0
split_feature=2 7 1 3 0 0 1 10 9 1 2 0
split_gain=0.397876 0.776642 0.590785 0.612921 0.297312 0.261022 0.245888 0.0889504 0.189135 0.11997 0.168253 0.0460981
threshold=76.19586533747345 58.397435897435905 40.334176465226513 88.24967639867684 87.87532071284933 96.713016238332713 20.534649138348517 31.017241379310349 79.502625888168069 78.188264865110796 71.829736039641716 99.759325764596866
decision_type=2 2 2 2 2 2 2 2 2 2 2 2
left_child=7 11 5 4 -4 6 -3 8 9 10 -1 -2
right_child=1 2 3 -5 -6 -7 -8 -9 -10 -11 -12 -13
leaf_value=-0.0098256682341208487 -0.0015486344202338127 -0.0015486344202338127 0.0024574935328442542 0.01953735631092144 0.01323101823329445 0.0071659584080067413 0.0024574935328442542 -0.0015486344202338127 -0.0015486344202338127 -0.0015486344202338127 -0.0015486344202338127 0.0031297432493495626
leaf_weight=6.5825894935987872 23.893962413305434 5.3245885639917088 1.3947585637215518 3.773861295543611 1.4029881199821828 5.3864601659588525 4.3227695382665843 45.442204276332632 4.4193910702597341 2.4583157883025697 1.4427830954082308 1.0051231011748303
leaf_count=1189 1903 333 179 37 19 69 216 6822 709 409 120 23
internal_value=-1.06094e-05 0.00205061 0.00608357 0.0129588 0.00245749 0.00245749 -0.000597529 -0.00160661 -0.00382849 -0.00626348 -0.00791367 -0.00154863
internal_weight=106.85 46.5045 21.6054 6.57161 2.79775 15.0338 9.64736 60.3453 14.9031 10.4837 8.02537 24.8991
internal_count=12028 2779 853 235 198 618 549 9249 2427 1718 1309 1926
is_linear=0
shrinkage=0.03


Tree=58
num_leaves=15
num_cat=0
split_feature=7 11 9 8 1 1 9 10 3 8 1 9 9 4
split_gain=0.346704 0.362201 0.65819 0.598557 0.393281 0.247794 0.302007 0.344659 0.4645 0.299446 0.24445 0.136936 0.0947396 0.0443494
threshold=12.183055040197898 89.547074066076462 83.431372549019628 95.275297619047635 28.060168189191501 0.94563176249664682 38.956639566395673 28.062500000000004 88.663559462407989 76.975051975051997 49.823120035202301 95.354232989801986 97.315315315315345 95.220689260361823
decision_type=2 2 2 2 2 2 2 2 2 2 2 2 2 2
left_child=10 4 3 5 12 -3 -7 -8 9 -9 -1 -6 13 -2
right_child=1 2 -4 -5 11 6 7 8 -10 -11 -12 -13 -14 -15
leaf_value=-0.011654454411713637 -0.006705187323171804 -0.0047204641267277834 0.011731006181834362 0.011561498046891548 -0.00076110719496034823 -0.00076110719496034823 -0.00076110719496034823 -0.00076110719496034823 0.011561498046891548 0.0083688603422833133 -0.00076110719496034823 0.0077833279184728061 0.0034337021971571294 -0.0047204641267277834
leaf_weight=2.7780520385131231 15.545891596004397 1.0035644387826383 5.3559532633516929 3.0960429480765006 44.417813253821805 8.842103940201925 2.7655222231987855 3.6869189753197116 5.2821712491568178 2.3337266817688942 2.648973077069968 3.00285421591252 0.57269734842702646 5.4969351706095031
leaf_count=462 2302 25 123 54 6884 474 110 235 74 66 482 382 111 244
internal_value=4.55767e-05 0.000469367 0.0030381 0.000957068 -0.000761107 -0.000761107 0.000385633 0.00372925 0.00630685 0.000293376 -0.00671379 -0.000761107 -0.00472046 -0.00508809
internal_weight=106.829 101.402 32.366 27.0101 69.0362 23.914 22.9104 14.0683 11.3028 6.02065 5.42703 47.4207 21.6155 21.0428
internal_count=12028 11084 1161 1038 9923 984 959 485 375 301 944 7266 2657 2546
is_linear=0
shrinkage=0.03


Tree=59
num_leaves=12
num_cat=0
split_feature=1 10 8 5 1 11 3 10 10 4 3
split_gain=0.353205 0.420549 0.263191 0.1623 0.101169 0.0626221 0.0225354 0.0174017 0.0471872 0.00788486 0.00786044
threshold=99.029103334511618 65.80612924716857 7.9473684210526327 40.334176465226513 89.417534663126617 65.422286159563626 61.278585068231585 80.982519590114535 81.380952380952394 69.192536613074523 33.181298106927407
decision_type=2 2 2 2 2 2 2 2 2 2 2
left_child=2 -2 8 4 5 6 7 9 -1 -4 -7
right_child=1 -3 3 -5 -6 10 -8 -9 -10 -11 -12
leaf_value=-0.0093130241595416573 -0.00028499746515977522 0.018494197664488812 -0.0063011989917989607 -0.00028499746515977522 -0.00028499746515977522 -0.001617058303532223 -0.00045938878769905114 -0.001617058303532223 -0.001617058303532223 -0.001617058303532223 -0.00028499746515977522
leaf_weight=2.4747455087490398 0.92184422141872235 0.99979109014384449 8.5225550471804983 85.069287868216634 2.4015845654066643 2.4668955018278225 0.18701245798729438 1.8093642920721329 0.68196958093903948 0.38605779153294939 0.74699798645451654
leaf_count=485 89 48 2389 6803 604 629 49 489 146 106 191
internal_value=-7.12549e-07 0.010289 -0.000284997 -0.000284997 -0.00326823 -0.00432742 -0.00533306 -0.00554668 -0.00783516 -0.00610105 -0.000459389
internal_weight=106.668 1.92164 104.746 101.59 16.5205 14.1189 10.905 10.718 3.15672 8.90861 3.21389
internal_count=12028 137 11891 11260 4457 3853 3033 2984 631 2495 820
is_linear=0
shrinkage=0.03


Tree=60
num_leaves=14
num_cat=0
split_feature=8 11 8 2 9 5 1 1 1 1 11 1 9
split_gain=0.42851 0.337221 0.605237 0.786101 0.425869 0.22143 0.135423 0.0917007 0.0442715 0.024488 0.0206196 0.103329 0.0192263
threshold=49.675324675324681 65.422286159563626 89.323708206686945 92.814827352742057 88.643420109863868 83.200104493207945 18.963450503346397 85.136837088978169 99.029103334511618 47.065447800741929 90.135406523855906 54.535170711641307 90.765107212475655
decision_type=2 2 2 2 2 2 2 2 2 2 2 2 2
left_child=8 5 12 4 9 7 -7 -2 10 -4 11 -1 -3
right_child=1 2 3 -5 -6 6 -8 -9 -10 -11 -12 -13 -14
leaf_value=-0.0068652154627369261 -0.0036429052386706259 -6.6048906330541584e-05 -6.6048906330541584e-05 0.016026580364854274 0.01215906463896789 -0.0036429052386706259 -6.6048906330541584e-05 -6.6048906330541584e-05 -6.6048906330541584e-05 0.0032701514706008025 -0.0020737091332106924 -0.0036429052386706259 0.0027654445902650995
leaf_weight=10.415109666064408 15.2574015154969 29.167492402484676 4.1591001541819406 4.7547491092700502 1.7887526962440459 4.5543792240787289 10.604621725622563 3.1481707233469924 0.34065552917309005 3.4459173306822777 7.4785865203011772 8.5840480504557473 1.158816274954005
leaf_count=2367 3580 1618 161 47 29 272 429 680 50 168 485 2039 79
internal_value=-0.000444008 0.000687481 0.00237788 0.00727482 0.00172929 -0.00155638 -6.60489e-05 -0.00364291 -0.00364291 -6.60489e-05 -0.00386114 -0.00442585 -6.60489e-05
internal_weight=104.858 78.0394 44.4748 14.1485 9.39377 33.5646 15.159 18.4056 26.8184 7.60502 26.4777 18.9992 30.3263
internal_count=12004 7063 2102 405 358 4961 701 4260 4941 329 4891 4406 1697
is_linear=0
shrinkage=0.03


Tree=61
num_leaves=15
num_cat=0
split_feature=8 0 1 7 2 7 3 2 9 4 8 3 1 10
split_gain=0.382654 0.322765 0.363975 0.465405 0.669974 1.18926 0.121378 0.101674 0.0578665 0.0462415 0.0221514 0.0175866 0.094724 0.0663091
threshold=49.675324675324681 41.58872377622378 18.963450503346397 32.799692622950822 82.123869628172571 61.152570480928695 53.78181124748631 94.249411686901723 76.50689905591868 18.553126533282455 77.84992784992788 89.814715532585623 54.535170711641307 61.9382964453387
decision_type=2 2 2 2 2 2 2 2 2 2 2 2 2 2
left_child=11 -2 7 -4 6 10 -5 8 -3 -8 -6 12 13 -1
right_child=1 2 3 4 5 -7 9 -9 -10 -11 -12 -13 -14 -15
leaf_value=-0.0082162510530852714 -0.0034890637781494283 -0.0034890637781494283 -0.0017283948818853567 -0.0017283948818853567 0.0014604439072570898 0.017344067099696884 -0.0017283948818853567 -0.0017283948818853567 -0.0017283948818853567 0.0014604439072570898 0.0059211153411250148 -0.0034890637781494283 -0.0034890637781494283 -0.0034890637781494283
leaf_weight=7.8282354129478744 11.836475503165273 11.359857856528835 3.8922889693640164 2.6679955855943325 3.4767293490003777 6.8138060041237622 1.0279782586731112 6.245501016965135 3.7168401633389285 24.922188432421535 2.070248362608254 5.762750541791319 8.6514525748789293 4.314403249649331
leaf_count=1628 2898 713 398 654 205 149 103 251 184 1432 76 394 2097 822
internal_value=-0.000448326 0.000617618 0.0014445 0.00295702 0.00410579 0.00966269 0.00146044 -0.00172839 -0.00348906 0.00146044 0.00146044 -0.00348906 -0.00462256 -0.00657832
internal_weight=104.587 78.0299 66.1934 44.8712 40.9789 12.3608 28.6182 21.3222 15.0767 25.9502 5.54698 26.5568 20.7941 12.1426
internal_count=12004 7063 4165 3017 2619 430 2189 1148 897 1535 281 4941 4547 2450
is_linear=0
shrinkage=0.03


Tree=62
num_leaves=12
num_cat=0
split_feature=1 11 3 9 2 3 1 2 7 3 10
split_gain=0.362387 0.285779 0.411097 0.378098 0.38287 0.284872 0.270055 0.35664 0.160086 0.149581 0.0394603
threshold=99.029103334511618 89.547074066076462 99.029103334511618 38.507877664504186 76.175955145149473 90.20806366556404 20.534649138348517 94.137682673381661 92.172181372549034 68.009777119868218 97.162977867203224
decision_type=2 2 2 2 2 2 2 2 2 2 2
left_child=1 6 3 -3 5 -5 7 8 10 -6 -1
right_child=-2 2 -4 4 9 -7 -8 -9 -10 -11 -12
leaf_value=-0.010275349370042864 0.01044350131779145 -0.0017921540004355444 0.01044350131779145 -0.0017921540004355444 0.00028496133992090118 0.005655731119802913 -0.0017921540004355444 -0.0017921540004355444 -0.0017921540004355444 0.008053964445960151 -0.0017921540004355444
leaf_weight=9.5116213443689031 1.6860104273073364 9.6621850852388906 2.6051463340409091 4.7635057973675448 2.9749977886676762 3.6799671465996653 54.118301154114306 4.8588318447582415 1.0018812059424806 8.9138665175996703 0.63817008072510439
leaf_count=1507 135 531 33 410 104 70 8528 391 93 109 93
internal_value=-0.000443243 -0.000720878 0.00156841 0.000401401 0.0030134 -0.00176796 -0.00179215 -0.00559702 -0.00864373 0.00628284 -0.00981539
internal_weight=104.414 102.728 32.5997 29.9945 20.3323 8.44347 70.1288 16.0105 11.1517 11.8889 10.1498
internal_count=12004 11869 1257 1224 693 480 10612 2084 1693 213 1600
is_linear=0
shrinkage=0.03


Tree=63
num_leaves=10
num_cat=0
split_feature=8 2 10 5 3 9 1 4 0
split_gain=0.399537 0.606368 1.49417 0.238875 0.286886 0.346121 0.187086 0.0329131 0.00696057
threshold=76.516544117647072 90.298719405143046 75.905718027062434 90.20806366556404 90.20806366556404 79.502625888168069 88.24967639867684 94.451137884872836 95.597438463584893
decision_type=2 2 2 2 2 2 2 2 2
left_child=3 -2 7 4 5 6 8 -3 -1
right_child=1 2 -4 -5 -6 -7 -8 -9 -10
leaf_value=-0.0066067338127792459 -0.00032880366308152975 -0.00032880366308152975 0.019369439594159994 -0.00032880366308152975 -0.00032880366308152975 -0.00032880366308152975 -0.00032880366308152975 0.0043439461740084739 -0.00078819985354273417
leaf_weight=26.970108926063414 26.657988457707688 3.0541231033857894 4.433766181813553 22.034107478801161 4.5182890542782834 10.588195415679364 3.3658910477533928 2.2537326351739466 0.4784506808500727
leaf_count=5590 2319 157 70 884 282 1903 747 32 20
internal_value=-0.000417332 0.00208392 0.00810229 -0.0017679 -0.00309064 -0.00414092 -0.00572913 -0.000328804 -0.00653658
internal_weight=104.355 36.3996 9.74162 67.955 45.9209 41.4026 30.8145 5.30786 27.4486
internal_count=12004 2578 259 9426 8542 8260 6357 189 5610
is_linear=0
shrinkage=0.03


Tree=64
num_leaves=15
num_cat=0
split_feature=8 11 8 2 9 3 4 3 1 1 9 1 0 9
split_gain=0.382798 0.34633 0.549795 0.591798 0.394649 0.223134 0.145225 0.0817798 0.0832761 0.0745031 0.0721987 0.0230736 0.0857916 0.0159701
threshold=49.675324675324681 65.422286159563626 89.323708206686945 92.814827352742057 88.643420109863868 83.995359628770316 94.821674615792276 89.814715532585623 88.663559462407989 90.20806366556404 97.315315315315345 47.065447800741929 72.759760696028664 90.765107212475655
decision_type=2 2 2 2 2 2 2 2 2 2 2 2 2 2
left_child=7 5 13 4 11 6 8 9 10 -1 -2 -4 -13 -3
right_child=1 2 3 -5 -6 -7 -8 -9 -10 -11 -12 12 -14 -15
leaf_value=-0.0048838156880075595 -0.0048838156880075595 4.820216488814121e-05 4.820216488814121e-05 0.01482332504278003 0.01207530749560492 4.820216488814121e-05 4.820216488814121e-05 -0.00026664372606361635 4.820216488814121e-05 -0.00026664372606361635 4.820216488814121e-05 4.820216488814121e-05 0.0057764552152481264 0.0026263879090225625
leaf_weight=18.7807487647515 14.910302744479852 29.028991104569325 4.0626178563106787 4.6109088982921085 1.7797206819523124 14.687123065581543 1.1607670367229719 5.8210168529767534 1.9725507700350124 1.7793399679940183 0.97111559589393515 0.97311175358481738 2.4623920135200024 1.1626828690059472
leaf_count=4124 3503 1618 161 47 29 716 91 394 458 423 193 126 42 79
internal_value=-0.000417053 0.000649154 0.00237636 0.0070942 0.00218445 -0.00161333 -0.00346956 -0.00346956 -0.00346956 -0.00432196 -0.00432196 4.82022e-05 0.00291276 4.82022e-05
internal_weight=104.163 77.7823 44.0804 13.8888 9.27784 33.7019 19.0147 26.3811 17.854 20.5601 15.8814 7.49812 3.4355 30.1917
internal_count=12004 7063 2102 405 358 4961 4245 4941 4154 4547 3696 329 168 1697
is_linear=0
shrinkage=0.03


Tree=65
num_leaves=14
num_cat=0
split_feature=8 10 0 11 1 1 9 1 4 3 1 3 9
split_gain=0.325311 0.843676 0.362329 0.13955 0.097422 0.0940196 0.0717489 0.0402144 0.115254 0.0200855 0.00757467 0.00239957 0.00719785
threshold=93.127066603684469 65.247584541062821 75.905175104563355 58.803656597774257 24.911305237934609 83.608504341731262 68.544973544973558 50.606828291159751 33.611111111111121 97.864765678648226 69.59539705976762 10.138322284548702 97.99919967987195
decision_type=2 2 2 2 2 2 2 2 2 2 2 2 2
left_child=3 -2 7 5 -4 6 9 -3 -9 -1 11 -8 -13
right_child=1 2 4 -5 -6 -7 10 8 -10 -11 -12 12 -14
leaf_value=-0.004472847485774565 -0.00050579918303599318 -0.00050579918303599318 0.0060181287237531236 -0.00050579918303599318 0.013386693575589427 -0.00050579918303599318 -0.003262652376673658 -0.00050579918303599318 0.0060181287237531236 -0.0011568962655687822 -0.00050579918303599318 -0.0011568962655687822 -0.00050579918303599318
leaf_weight=17.513122896896689 5.0613004341721561 0.89646176435053293 6.2732584471814317 48.712823600973934 5.3539859065786004 6.9298015329986802 0.54369055130518873 0.63687666528858233 1.3126557080540804 0.82808232074603338 1.957375656813382 8.4001784916035813 1.0602153812069435
leaf_count=3769 484 99 88 3892 84 1274 149 72 64 53 391 1441 210
internal_value=0.000299203 0.00369309 0.00800811 -0.000505799 0.0102026 -0.00232011 -0.00310038 -0.000505799 0.0031187 -0.0042425 -0.0011569 -0.0011569 -0.0011569
internal_weight=105.48 19.5345 14.4732 85.9453 11.6272 37.2325 30.3027 2.84599 1.94953 18.3412 11.9615 10.0041 9.46039
internal_count=12070 891 407 11179 172 7287 6013 235 136 3822 2191 1800 1651
is_linear=0
shrinkage=0.03


Tree=66
num_leaves=10
num_cat=0
split_feature=2 4 8 1 9 3 10 11 10
split_gain=0.455111 0.646503 0.587744 0.388575 0.65115 0.342277 0.182746 0.135822 0.0163525
threshold=94.709925442684082 92.154380739637645 70.064935064935085 6.9006568144499187 73.634558093346584 99.029103334511618 87.577160493827179 96.853375114244685 59.197099892588618
decision_type=2 2 2 2 2 2 2 2 2
left_child=3 -2 8 4 5 6 7 -1 -3
right_child=1 2 -4 -5 -6 -7 -8 -9 -10
leaf_value=-0.018762346817555939 -0.00036169833540117215 -0.00036169833540117215 0.018160416741022561 -0.00036169833540117215 -0.00036169833540117215 -0.00036169833540117215 -0.00095254001897789986 -0.0040657416096293187 0.0024713184968453358
leaf_weight=3.422178761335088 4.0277559189125878 1.5337465708144011 3.5639288432430476 85.494339956203476 2.6832527674268931 0.66623217519372691 0.99611109890975047 1.4192794705741105 1.3949108850210903
leaf_count=333 374 67 47 10890 163 12 86 49 49
internal_value=0.00031963 0.00595061 0.0114256 -0.000361698 -0.00622194 -0.0115303 -0.0138511 -0.0158876 0.00069339
internal_weight=105.202 10.5203 6.49259 94.6814 9.18705 6.5038 5.83757 4.84146 2.92866
internal_count=12070 537 163 11533 643 480 468 382 116
is_linear=0
shrinkage=0.03


Tree=67
num_leaves=9
num_cat=0
split_feature=2 4 8 1 9 3 10 10
split_gain=0.456084 0.644499 0.643255 0.29612 0.522096 0.30774 0.156472 0.0159857
threshold=94.709925442684082 92.154380739637645 70.064935064935085 6.9006568144499187 73.634558093346584 99.029103334511618 87.577160493827179 59.197099892588618
decision_type=2 2 2 2 2 2 2 2
left_child=3 -2 7 4 5 6 -1 -3
right_child=1 2 -4 -5 -6 -7 -8 -9
leaf_value=-0.014672129896293181 -0.00028975023557093019 -0.00028975023557093019 0.018249961436745843 -0.00028975023557093019 -0.00028975023557093019 -0.00028975023557093019 -0.00084533943937666783 0.0022762720873303948
leaf_weight=4.5783863163087499 4.0304809112567437 1.5535665953066202 3.7093782355077565 85.689783845096827 2.639153233030811 0.6632136609405278 0.99539623712189484 1.3915062218438832
leaf_count=382 374 67 47 10890 163 12 86 49
internal_value=0.00039817 0.00599029 0.011372 -0.00028975 -0.00548528 -0.0103782 -0.0127071 0.000278902
internal_weight=105.251 10.6849 6.65445 94.5659 8.87615 6.237 5.57378 2.94507
internal_count=12070 537 163 11533 643 480 468 116
is_linear=0
shrinkage=0.03


Tree=68
num_leaves=10
num_cat=0
split_feature=2 4 8 1 9 3 10 2 10
split_gain=0.468138 0.611602 0.641704 0.392826 0.62855 0.358985 0.207129 0.132742 0.0155349
threshold=94.709925442684082 92.154380739637645 70.064935064935085 6.9006568144499187 73.634558093346584 99.029103334511618 87.577160493827179 94.346440044135974 59.197099892588618
decision_type=2 2 2 2 2 2 2 2 2
left_child=3 -2 8 4 5 6 7 -1 -3
right_child=1 2 -4 -5 -6 -7 -8 -9 -10
leaf_value=-0.018468044469886705 -0.00029622523229108573 -0.00029622523229108573 0.018031286760277616 -0.00029622523229108573 -0.00029622523229108573 -0.00029622523229108573 -0.0008614131773887466 -0.0014089419558945401 0.002196045239985408
leaf_weight=3.6817287495359761 4.0525487223640067 1.5444947362411769 3.7657560294028372 85.731408371124417 2.6458016301039606 0.66172872623428691 0.99787909979931999 0.64113916945643712 1.390380536438897
leaf_count=364 374 67 47 10890 163 12 86 18 49
internal_value=0.000403958 0.00605054 0.0112351 -0.000296225 -0.00635662 -0.0117712 -0.0143172 -0.016678 0.000148579
internal_weight=105.113 10.7532 6.70063 94.3597 8.62828 5.98248 5.32075 4.32287 2.93488
internal_count=12070 537 163 11533 643 480 468 382 116
is_linear=0
shrinkage=0.03


Tree=69
num_leaves=10
num_cat=0
split_feature=2 4 8 1 9 3 10 2 10
split_gain=0.412655 0.563743 0.594493 0.267811 0.507238 0.30982 0.1791 0.102113 0.0498895
threshold=94.709925442684082 92.154380739637645 70.064935064935085 6.9006568144499187 73.634558093346584 99.029103334511618 87.577160493827179 94.346440044135974 60.128205128205131
decision_type=2 2 2 2 2 2 2 2 2
left_child=3 -2 8 4 5 6 7 -1 -3
right_child=1 2 -4 -5 -6 -7 -8 -9 -10
leaf_value=-0.016889670401514584 -0.00024303552190239685 -0.00024303552190239685 0.017159483674686928 -0.00024303552190239685 -0.00024303552190239685 -0.00024303552190239685 -0.00062501374724315375 -0.0014518375047692426 0.0041560845839789529
leaf_weight=3.4281262014992517 4.0564058981835824 1.6044320738874378 3.8204329325817525 85.969890203792602 2.6332260111812502 0.66006059851497401 0.99283853266388167 0.64170609111897636 1.3391761775128541
leaf_count=364 374 68 47 10890 163 12 86 18 48
internal_value=0.000416603 0.005701 0.0106724 -0.000243036 -0.00531931 -0.0104301 -0.0129347 -0.015222 3.67548e-05
internal_weight=105.146 10.8204 6.76404 94.3258 8.35596 5.72273 5.06267 4.06983 2.94361
internal_count=12070 537 163 11533 643 480 468 382 116
is_linear=0
shrinkage=0.03


Tree=70
num_leaves=11
num_cat=0
split_feature=3 1 2 8 1 11 2 0 8 5
split_gain=0.39152 0.560457 0.626189 1.29579 0.376291 0.171774 0.132818 0.128073 0.0253066 0.000206135
threshold=87.081718763454759 4.5243482008187899 84.920557383792683 93.127066603684469 27.699390567037629 85.783723127805345 68.577539094700469 63.726724946905712 42.956349206349209 86.303072691367333
decision_type=2 2 2 2 2 2 2 2 2 2
left_child=6 -2 4 5 -3 -4 -1 9 -8 -6
right_child=1 2 3 -5 7 -7 8 -9 -10 -11
leaf_value=-0.0037329125095462287 -0.0017550858968082769 -0.0017550858968082769 0.0023369328076702617 0.023163401170151324 -0.0017550858968082769 0.0074839789610129494 -0.0037329125095462287 0.0023369328076702617 -0.0017550858968082769 0.0015575462891141546
leaf_weight=30.345242077717558 4.1471668914891771 5.3435400777962121 4.0327422386035305 2.9887096360325804 1.4909259735141049 5.0417305734008551 6.8777766348794165 20.347488860134035 24.347668419126421 1.2085001952946184
leaf_count=7255 132 263 144 24 169 60 1223 707 2005 62
internal_value=-0.000216196 0.00190012 0.00343524 0.00887498 0.000900563 0.00233693 -0.00175509 0.00233693 -0.00175509 -0.00175509
internal_weight=106.171 44.6008 40.4536 12.0632 28.3905 9.07447 61.5707 23.0469 31.2254 2.69943
internal_count=12044 1561 1429 228 1201 204 10483 938 3228 231
is_linear=0
shrinkage=0.03


Tree=71
num_leaves=12
num_cat=0
split_feature=9 11 2 3 1 2 1 11 2 3 1
split_gain=0.641132 0.607589 0.895312 0.291297 0.380013 0.442821 0.0834981 0.0804202 0.0788965 0.0502992 0.00385799
threshold=83.431372549019628 88.599805545641402 73.40950444529345 66.035495002913123 5.6933428283770846 51.053980053001403 99.320497429741138 98.861024196101042 97.251043039086525 15.39345711759505 0.48544833274419702
decision_type=2 2 2 2 2 2 2 2 2 2 2
left_child=3 9 -3 10 8 6 7 -6 -5 -2 -1
right_child=1 2 -4 4 5 -7 -8 -9 -10 -11 -12
leaf_value=-0.0073732046746375658 -0.0037660432007008272 0.0008038520120345503 0.018671900617993474 -0.0037660432007008272 -0.0037660432007008272 0.0008038520120345503 0.0008038520120345503 0.0008038520120345503 0.0008038520120345503 0.0008038520120345503 -0.0037660432007008272
leaf_weight=0.35688562388534251 0.95806506997905216 1.9143951123114664 4.136036962736398 4.8735217391513279 13.705973196309055 36.229008288588375 0.58293056348338801 0.5059097255580135 1.4060630095191298 12.977991432417182 28.223558189580217
leaf_count=18 249 99 75 248 1384 1617 26 20 29 1669 6610
internal_value=-0.000213507 0.00449457 0.0116757 -0.00134827 -9.84762e-05 0.000803852 -0.00376604 -0.00376604 -0.00376604 0.000803852 -0.00376604
internal_weight=105.87 19.9865 6.05043 85.8839 57.3034 51.0238 14.7948 14.2119 6.27958 13.9361 28.5804
internal_count=12044 2092 174 9952 3324 3047 1430 1404 277 1918 6628
is_linear=0
shrinkage=0.03


Tree=72
num_leaves=9
num_cat=0
split_feature=9 11 2 5 1 11 5 9
split_gain=0.491734 0.60945 0.864016 0.319439 0.322821 0.217353 0.0428175 0.0045566
threshold=83.431372549019628 88.599805545641402 73.40950444529345 82.427617641394377 20.943561208267095 95.34883024114292 27.28342245989305 68.323556653288065
decision_type=2 2 2 2 2 2 2 2
left_child=3 6 -3 7 5 -5 -2 -1
right_child=1 2 -4 4 -6 -7 -8 -9
leaf_value=-0.0039906898924417988 -0.0032906921518697004 0.00022962383380720712 0.01790869157870938 -0.0032906921518697004 0.00022962383380720712 0.00022962383380720712 0.00022962383380720712 -0.0032906921518697004
leaf_weight=29.468762361677364 1.8931334957014758 1.9374064854346205 4.1381967281922698 12.191556091420354 31.362487230915576 4.9479485941119483 12.108881530817596 7.7802353750448665
leaf_count=6710 490 99 75 595 1041 86 1428 1520
internal_value=-0.000239999 0.00387253 0.0110491 -0.00123644 0.000229624 -0.00329069 0.000229624 -0.00329069
internal_weight=105.829 20.0776 6.0756 85.751 48.502 17.1395 14.002 37.249
internal_count=12044 2092 174 9952 1722 681 1918 8230
is_linear=0
shrinkage=0.03


Tree=73
num_leaves=12
num_cat=0
split_feature=9 11 2 3 1 2 11 2 3 8 1
split_gain=0.453192 0.609502 0.809471 0.302869 0.301664 0.159762 0.106071 0.080045 0.0378951 0.00827883 0.0048997
threshold=83.431372549019628 88.599805545641402 73.40950444529345 66.035495002913123 5.6933428283770846 51.053980053001403 98.861024196101042 97.251043039086525 15.39345711759505 11.189358372456967 83.608504341731262
decision_type=2 2 2 2 2 2 2 2 2 2 2
left_child=3 8 -3 9 7 6 -6 -5 -2 10 -1
right_child=1 2 -4 4 5 -7 -8 -9 -10 -11 -12
leaf_value=-0.0071928831933997872 -0.0036206255247630669 0.00011921747907523015 0.017462424050322032 -0.0036206255247630669 -0.0036206255247630669 0.00011921747907523015 0.00011921747907523015 0.00011921747907523015 0.00011921747907523015 -0.0036206255247630669 -0.0036206255247630669
leaf_weight=1.9839718944858966 0.95547491009346686 1.9401483631227154 4.1736564831808209 4.8193642110563806 14.07422318984754 36.263041269732639 0.55958791775629002 1.4234306034632025 13.094012375921009 26.006884365342557 0.42357761762104917
leaf_count=531 249 99 75 248 1410 1617 20 29 1669 5986 111
internal_value=-0.000186641 0.0037505 0.0109054 -0.00114715 0.000119217 0.000119217 -0.00338498 -0.00362063 0.000119217 -0.00362063 -0.00607697
internal_weight=105.717 20.1633 6.1138 85.5541 57.1396 50.8969 14.6338 6.24279 14.0495 28.4144 2.40755
internal_count=12044 2092 174 9952 3324 3047 1430 277 1918 6628 642
is_linear=0
shrinkage=0.03


Tree=74
num_leaves=11
num_cat=0
split_feature=9 11 2 5 1 2 2 1 8 9
split_gain=0.390073 0.563935 0.778113 0.269375 0.241196 0.0987329 0.0747506 0.0216555 0.0355246 0.0138766
threshold=83.431372549019628 88.599805545641402 73.40950444529345 82.427617641394377 20.943561208267095 94.346440044135974 98.54000769663422 89.417534663126617 75.162337662337677 79.754370102471384
decision_type=2 2 2 2 2 2 2 2 2 2
left_child=3 -2 -3 6 5 -5 7 8 9 -1
right_child=1 2 -4 4 -6 -7 -8 -9 -10 -11
leaf_value=-0.0048096276961634432 -2.0653685584675345e-06 -2.0653685584675345e-06 0.016801847895369194 -0.0029987379014251199 -2.0653685584675345e-06 -2.0653685584675345e-06 -2.0653685584675345e-06 -0.00097100624116648116 -0.0029987379014251199 -0.0029987379014251199
leaf_weight=21.290472969878468 14.158682130975651 1.9465452167205501 4.1824365421198308 11.009742144960912 31.385223015677184 5.8976810371968886 0.47168007073923846 4.172708304366096 9.9341267610434425 1.127438869094475
leaf_count=5287 1918 99 75 533 1041 148 34 925 1731 253
internal_value=-0.000176291 0.00346256 0.0103438 -0.00107196 -2.06537e-06 -0.00299874 -0.00299874 -0.00330142 -0.00356387 -0.00448337
internal_weight=105.577 20.2877 6.12898 85.2891 48.2926 16.9074 36.9964 36.5247 32.352 22.4179
internal_count=12044 2092 174 9952 1722 681 8230 8196 7271 5540
is_linear=0
shrinkage=0.03


Tree=75
num_leaves=13
num_cat=0
split_feature=5 10 1 0 0 11 9 4 9 1 8 9
split_gain=0.433089 0.459189 0.302393 0.218893 0.203186 0.155346 0.0632976 0.0547517 0.0422345 0.0250028 0.0152548 0.00459551
threshold=83.200104493207945 69.79992790194666 99.029103334511618 64.504466056766418 92.532028566755727 99.263802572626119 92.961816305469569 74.688209498336093 90.508365508365515 43.483602179254362 94.160272804774095 94.878352678864204
decision_type=2 2 2 2 2 2 2 2 2 2 2 2
left_child=1 4 5 7 6 10 9 8 -3 -1 -2 -10
right_child=2 3 -4 -5 -6 -7 -8 -9 11 -11 -12 -13
leaf_value=-0.0055937866873461382 0.0026258447191599898 -0.0035808868620828488 0.013171274933073985 0.0026258447191599898 0.0026258447191599898 0.0094838248408934331 -0.0020093821135272879 0.0026258447191599898 -0.00022928268569931282 -0.0035808868620828488 0.0052633498272599043 0.0026258447191599898
leaf_weight=11.654671541298763 46.462454833555967 7.1261793812736745 1.5092977117747057 5.7643015356734404 0.54558942746370931 2.4215659531764677 3.0189381416421375 0.5522959178779282 0.54457741393707682 16.629952046321705 9.630750554148106 0.44025134248659015
leaf_count=2611 1862 1769 27 672 17 36 620 139 115 3962 128 100
internal_value=0.000962959 -0.00120384 0.00262584 0.00262584 -0.00319642 0.00262584 -0.00372598 -0.00200938 -0.00200938 -0.00431886 0.00262584 0.0017393
internal_weight=106.301 46.2768 60.0241 14.4276 31.8492 58.5148 31.3036 8.6633 8.11101 28.2846 56.0932 0.984829
internal_count=12058 10005 2053 2795 7210 2026 7193 2123 1984 6573 1990 215
is_linear=0
shrinkage=0.03


Tree=76
num_leaves=12
num_cat=0
split_feature=5 2 8 10 9 11 3 10 5 11 4
split_gain=0.372521 0.216458 0.742151 0.430668 0.350223 0.165355 0.0653232 0.0344609 0.0190402 0.0161465 0.00178568
threshold=68.408255633944307 51.053980053001403 94.160272804774095 77.84992784992788 35.873246250604744 41.431505034446218 32.032976562805977 83.438818565400865 58.485789347981857 82.427617641394377 80.516503077965965
decision_type=2 2 2 2 2 2 2 2 2 2 2
left_child=6 -2 4 -4 -3 -6 7 8 9 10 -1
right_child=1 2 3 -5 5 -7 -8 -9 -10 -11 -12
leaf_value=-0.0047185422105307092 -0.00093365779580628693 -0.00093365779580628693 0.0019106108102963689 0.014348812825967007 -0.00093365779580628693 0.0019106108102963689 -0.00093365779580628693 -0.00093365779580628693 -0.00093365779580628693 -0.00093365779580628693 -0.00093365779580628693
leaf_weight=9.427598999231126 16.080266660777852 11.863931397441773 4.391975188162176 6.1542940274812281 7.3798791577573857 29.577559991274029 16.927760827820748 2.1149694880004963 0.25547782611101943 1.5797575570177294 0.37324156146496612
leaf_count=2667 1221 788 82 76 661 996 4452 552 65 397 101
internal_value=0.000982572 0.00210863 0.00293447 0.00978304 0.0012884 0.00191061 -0.00176586 -0.00328567 -0.00393054 -0.00419267 -0.00462159
internal_weight=106.127 75.4479 59.3676 10.5463 48.8214 36.9574 30.6788 13.751 11.6361 11.3806 9.80084
internal_count=12058 3824 2603 158 2445 1657 8234 3782 3230 3165 2768
is_linear=0
shrinkage=0.03


Tree=77
num_leaves=10
num_cat=0
split_feature=0 1 8 10 2 8 9 11 9
split_gain=0.330749 0.40869 0.254999 0.945699 0.394537 0.177149 0.100908 0.0734198 0.0266425
threshold=41.58872377622378 99.029103334511618 94.771018455228997 75.905718027062434 76.19586533747345 7.1946169772256736 31.612258494337112 98.383337333653373 46.470099667774093
decision_type=2 2 2 2 2 2 2 2 2
left_child=8 2 5 -4 -5 -2 7 -7 -1
right_child=1 -3 3 4 -6 6 -8 -9 -10
leaf_value=-0.0043027070811377573 -0.0024756117262628597 0.013351073754866478 0.00067725854291803011 0.001271487436251537 0.013351073754866478 -0.0024756117262628597 0.00067725854291803011 0.00067725854291803011 -0.0024756117262628597
leaf_weight=8.0187019574223282 1.940055132145061 1.6783021697774518 4.6841432950459412 2.8034755208063853 5.2896117551717907 13.723034268943589 55.669688485562801 0.92944354307837862 11.273943165550007
leaf_count=2131 323 50 272 80 61 1796 4466 43 2836
internal_value=0.000990727 0.00178134 0.00140048 0.00514465 0.0118079 0.000677259 0.000677259 -0.00189201 -0.00247561
internal_weight=106.01 86.7178 85.0395 12.7772 8.09309 72.2622 70.3222 14.6525 19.2926
internal_count=12058 7091 7041 413 141 6628 6305 1839 4967
is_linear=0
shrinkage=0.03


Tree=78
num_leaves=13
num_cat=0
split_feature=5 1 2 8 10 9 8 2 1 8 9 5
split_gain=0.30404 0.297558 0.312558 0.580038 0.320168 0.260716 0.117801 0.0341832 0.0206878 0.0182216 0.0158884 0.00783425
threshold=68.408255633944307 99.029103334511618 52.51020094145003 94.160272804774095 77.84992784992788 35.873246250604744 10.072463768115943 14.919467829773756 73.525631332224421 86.715686274509821 89.699381078691445 56.118024132730021
decision_type=2 2 2 2 2 2 2 2 2 2 2 2
left_child=7 2 -2 5 -5 9 -7 8 10 -4 11 -1
right_child=1 -3 3 4 -6 6 -8 -9 -10 -11 -12 -13
leaf_value=-0.0067787260374082168 -0.0015273878012009954 0.01165509418227475 -0.0015273878012009954 0.0016958125326805469 0.01165509418227475 -0.0015273878012009954 0.0016958125326805469 -0.0015273878012009954 -0.0015273878012009954 0.0016958125326805469 -0.0015273878012009954 -0.0015273878012009954
leaf_weight=1.9034098419361063 15.774909985251723 1.7825058207381506 8.0769190746359474 4.2300734308082593 6.0112121007405221 1.2409875155426551 34.93160873115994 24.929991674609482 3.2654501106590033 3.1816194988787183 0.2647134328726678 0.21049965429119755
leaf_count=532 1254 39 662 76 72 109 1510 6728 849 102 69 56
internal_value=0.000961184 0.00197933 0.00159111 0.00261676 0.00875164 0.00113877 0.00169581 -0.00152739 -0.00375933 -0.00152739 -0.00552709 -0.00629172
internal_weight=105.804 75.2298 73.4473 57.6724 10.2413 47.4311 36.1726 30.5741 5.64407 11.2585 2.37862 2.11391
internal_count=12058 3824 3785 2531 148 2383 1619 8234 1506 764 657 588
is_linear=0
shrinkage=0.03


Tree=79
num_leaves=14
num_cat=0
split_feature=1 10 8 0 10 4 10 1 7 9 3 2 3
split_gain=0.312966 0.40407 0.247651 0.130128 0.143205 0.0732243 0.0562619 0.0585313 0.0119091 0.0108922 0.00356052 0.00735568 0.00222781
threshold=99.029103334511618 65.80612924716857 7.1946169772256736 41.58872377622378 74.637376497792744 76.647467162965839 80.12345679012347 41.133734517410623 97.801932367149774 87.420886075949383 23.341242219960758 14.919467829773756 11.771776018099549
decision_type=2 2 2 2 2 2 2 2 2 2 2 2 2
left_child=2 -2 6 5 -5 8 7 -1 10 -9 -4 -12 -10
right_child=1 -3 3 4 -6 -7 -8 9 12 -11 11 -13 -14
leaf_value=-0.01276786524170471 0.00071775427518553281 0.018360566042447464 -0.0025678044581248362 0.00071775427518553281 0.0035044472052866505 0.00071775427518553281 -0.0025678044581248362 -0.0054635746437172554 -0.0007252618610561508 -0.0025678044581248362 -0.0025678044581248362 -0.00081732533741788729 0.00071775427518553281
leaf_weight=0.82437004428357008 1.1617651190608733 1.106558297993615 7.0331374524394219 58.423305029282346 24.550035566091537 0.97373821004293759 0.64776855730451632 1.0039012718480074 0.21092696231789787 0.30006058979779493 2.4617989398539049 6.6535605168901384 0.42074751737527549
leaf_count=159 88 49 1964 5149 1569 120 141 229 56 48 642 1736 108
internal_value=0.00101358 0.0101622 0.000717754 0.000717754 0.000717754 -0.00186931 -0.00697392 -0.0090275 -0.0025678 -0.0025678 -0.0025678 -0.00156175 0.000689475
internal_weight=105.772 2.26832 103.503 100.727 82.9733 17.7539 2.7761 2.12833 16.7802 1.30396 16.1485 9.11536 0.631674
internal_count=12058 137 11921 11344 6718 4626 577 436 4506 277 4342 2378 164
is_linear=0
shrinkage=0.03


Tree=80
num_leaves=11
num_cat=0
split_feature=3 2 7 0 9 5 7 9 10 10
split_gain=0.394968 0.370048 0.693674 0.247854 0.153147 0.0830605 0.0523452 0.023766 0.00415814 0.00203309
threshold=89.417534663126617 92.814827352742057 61.152570480928695 90.20806366556404 94.878352678864204 89.417534663126617 98.142414860681114 84.660633484162915 59.731240981240987 78.319623971797895
decision_type=2 2 2 2 2 2 2 2 2 2
left_child=3 -2 -3 4 5 6 8 9 -1 -8
right_child=1 2 -4 -5 -6 -7 7 -9 -10 -11
leaf_value=-0.0036548538042619097 0.00092796877000533851 0.00092796877000533851 0.015749019371822288 0.00092796877000533851 0.00092796877000533851 0.00092796877000533851 -0.0026334363433344762 0.00092796877000533851 -0.0026334363433344762 -3.1195125711392707e-05
leaf_weight=26.386787239811383 30.781183256302029 4.0510520208626977 3.8214046619832516 14.754647174384443 4.1814582601655266 0.68130382336676021 0.6579910737927992 0.29581900057382882 18.725259988103062 0.29433134384453297
leaf_count=5915 1185 92 39 582 657 30 107 35 3393 71
internal_value=0.000144478 0.00251611 0.00792127 -0.00126179 -0.00230278 -0.00284472 -0.00307635 0.000927969 -0.0032564 -0.00263344
internal_weight=104.631 38.6536 7.87246 65.9776 51.223 47.0415 46.3602 1.24814 45.112 0.952322
internal_count=12106 1316 131 10790 10208 9551 9521 213 9308 178
is_linear=0
shrinkage=0.03


Tree=81
num_leaves=8
num_cat=0
split_feature=1 7 10 1 1 11 10
split_gain=0.560531 0.306982 0.26125 0.232287 0.0682059 0.0192669 0.0486591
threshold=99.029103334511618 11.200716845878137 64.031250000000014 49.823120035202301 0.48544833274419702 94.704561318321154 82.025641025641036
decision_type=2 2 2 2 2 2 2
left_child=1 3 -2 -1 -3 6 -5
right_child=2 4 -4 5 -6 -7 -8
leaf_value=-0.011071331321694688 0.00017677430032334924 -0.0057514169093378581 0.018126725466420048 -0.0046221652829670119 0.00017677430032334924 0.00017677430032334924 0.00017677430032334924
leaf_weight=2.9777173260226837 0.90429391525685732 0.74759518075734277 1.2406362746842203 1.684153870912269 96.231720091542229 0.39465279737487424 0.2656390897464006
leaf_count=445 88 42 48 364 11041 30 48
internal_value=0.000142204 -0.000238985 0.0126179 -0.00664453 0.000176774 0.000176774 -0.00229287
internal_weight=104.446 102.301 2.14493 5.32216 96.9793 2.34445 1.94979
internal_count=12106 11970 136 887 11083 442 412
is_linear=0
shrinkage=0.03


Tree=82
num_leaves=7
num_cat=0
split_feature=1 10 7 1 1 1
split_gain=0.551378 0.262623 0.195379 0.240126 0.0481463 0.00187664
threshold=99.029103334511618 65.80612924716857 11.200716845878137 49.823120035202301 0.48544833274419702 13.763664850621375
decision_type=2 2 2 2 2 2
left_child=2 -2 3 5 -4 -1
right_child=1 -3 4 -5 -6 -7
leaf_value=-0.012640485941982834 -0.0002142155968675328 0.01800046914153583 -0.0058137371777265577 -0.0002142155968675328 -0.0002142155968675328 -0.0042549225067882749
leaf_weight=1.2743665233720087 0.91873162728734259 1.2543226953130213 0.74114739615470071 2.2894164125900716 96.319632411468774 1.6085945137310771
leaf_count=134 91 45 42 442 11041 311
internal_value=0.000165964 0.0124825 -0.000214216 -0.00555237 -0.000214216 -0.0102624
internal_weight=104.406 2.17305 102.233 5.17238 97.0608 2.88296
internal_count=12106 136 11970 887 11083 445
is_linear=0
shrinkage=0.03


Tree=83
num_leaves=7
num_cat=0
split_feature=1 10 7 1 1 1
split_gain=0.575141 0.267482 0.175368 0.223269 0.0437775 0.00762923
threshold=99.029103334511618 65.80612924716857 11.200716845878137 49.823120035202301 0.48544833274419702 13.763664850621375
decision_type=2 2 2 2 2 2
left_child=2 -2 3 5 -4 -1
right_child=1 -3 4 -5 -6 -7
leaf_value=-0.012275194335233464 -0.0002234225629578418 0.018131207367763892 -0.0055568929378874889 -0.0002234225629578418 -0.0002234225629578418 -0.0039288052320839012
leaf_weight=1.274389575235545 0.91896463325247113 1.299190657911822 0.73966516833752294 2.2893070965074003 96.320538200670853 1.5816331584937868
leaf_count=134 91 45 42 442 11041 311
internal_value=0.000167603 0.0126556 -0.000223423 -0.00529208 -0.000223423 -0.00987061
internal_weight=104.424 2.21816 102.206 5.14533 97.0602 2.85602
internal_count=12106 136 11970 887 11083 445
is_linear=0
shrinkage=0.03


Tree=84
num_leaves=6
num_cat=0
split_feature=1 10 8 7 8
split_gain=0.531815 0.248002 0.173307 0.0907214 0.013639
threshold=99.029103334511618 64.031250000000014 44.519519519519527 16.271373414230563 7.9473684210526327
decision_type=2 2 2 2 2
left_child=2 -2 4 -4 -1
right_child=1 -3 3 -5 -6
leaf_value=-0.0049416839554853355 -0.00020790497034516928 0.017387020300588595 -0.0027233203058651483 -0.00020790497034516928 -0.0027233203058651483
leaf_weight=3.0014341503847453 0.90641321567818467 1.3155577108263967 1.7446607071906317 76.778443477116525 20.656687108450569
leaf_count=625 88 48 309 7180 3856
internal_value=0.000168476 0.0121695 -0.000207905 -0.000207905 -0.00272332
internal_weight=104.403 2.22197 102.181 78.5231 23.6581
internal_count=12106 136 11970 7489 4481
is_linear=0
shrinkage=0.03


Tree=85
num_leaves=15
num_cat=0
split_feature=1 9 10 8 11 9 11 9 1 7 10 3 3 1
split_gain=0.331533 0.235695 0.175573 0.391036 0.460264 0.667847 0.204682 0.156101 0.131256 0.167031 0.0472233 0.0376026 0.0272743 0.00331948
threshold=99.320497429741138 97.515432098765444 56.647682639434414 94.771018455228997 89.547074066076462 38.956639566395673 9.0354225058143012 59.280792420327309 6.9006568144499187 66.915422885572141 75.905718027062434 97.104941505151046 88.24967639867684 89.064180286217393
decision_type=2 2 2 2 2 2 2 2 2 2 2 2 2 2
left_child=1 2 7 4 -4 -6 -5 8 9 -1 -8 13 -3 -10
right_child=-2 12 3 6 5 -7 10 -9 11 -11 -12 -13 -14 -15
leaf_value=-0.013607774878142131 0.010905944828755036 0.0068140325532367683 -0.0017715433619910398 -0.0017715433619910398 -0.0017715433619910398 0.0055834308059532151 0.0055834308059532151 -0.0017715433619910398 -0.0031181940117161419 -0.0031181940117161419 0.0068140325532367683 -0.0017715433619910398 0.010905944828755036 -0.0017715433619910398
leaf_weight=1.8368888194672792 1.4804262984544028 2.1172284330241387 26.480732261203229 1.1284221922978712 3.1508309249766162 10.040051423944531 2.4647584997583163 21.24030457274057 19.585481973015721 0.55045091500505794 7.0437535992823541 2.3969351062551132 1.0309211690910158 2.1224043623078606
leaf_count=218 87 411 3851 23 201 296 125 2647 3418 49 195 105 41 402
internal_value=6.94129e-05 -0.0001943 -0.00048587 0.000744723 -0.000658035 0.00396999 0.00558343 -0.00177154 -0.00405723 -0.00981903 0.00681403 -0.00311819 0.00681403 -0.00311819
internal_weight=102.67 101.189 98.041 50.3085 39.6716 13.1909 10.6369 47.7325 26.4922 2.38734 9.50851 24.1048 3.14815 21.7079
internal_count=12069 11982 11530 4691 4348 497 343 6839 4192 267 320 3925 452 3820
is_linear=0
shrinkage=0.03


Tree=86
num_leaves=13
num_cat=0
split_feature=1 2 3 10 1 11 9 1 8 3 11 1
split_gain=0.331249 0.276627 0.642965 1.22928 0.198887 0.176578 0.0848539 0.166703 0.219624 0.049154 0.0323606 0.0191939
threshold=99.320497429741138 81.60943506694359 85.950429352068724 66.877637130801702 40.334176465226513 95.34883024114292 50.893141945773529 77.02361452361454 96.225071225071233 98.601368203133077 98.861024196101042 2.9126899964651827
decision_type=2 2 2 2 2 2 2 2 2 2 2 2
left_child=1 6 -3 4 5 -4 7 8 9 10 11 -1
right_child=-2 2 3 -5 -6 -7 -8 -9 -10 -11 -12 -13
leaf_value=-0.012043416284444865 0.010938028375363373 -0.001276802074116944 -0.001276802074116944 0.010938028375363373 0.0059340500458020928 0.0059340500458020928 -0.001276802074116944 -0.001276802074116944 -0.001276802074116944 -0.001276802074116944 -0.001276802074116944 -0.0055753854498570097
leaf_weight=0.41669167531655915 1.4894642077852029 18.101306818658486 5.1544288164004701 7.1487304510083041 2.4801328484900296 2.1422316022217274 34.753011071821675 8.7800243610981834 1.5785642359405745 1.3097053947858501 0.66620778618380327 18.496839429368265
leaf_count=53 87 1723 170 127 52 29 4927 1322 139 39 39 3362
internal_value=0.000126826 -0.000138208 0.00198313 0.00605336 -0.0012768 -0.0012768 -0.0012768 -0.00283202 -0.00440509 -0.00570358 -0.00608017 -0.00631551
internal_weight=102.517 101.028 35.0268 16.9255 9.77679 7.29666 66.001 31.248 22.468 20.8894 19.5797 18.9135
internal_count=12069 11982 2101 378 251 199 9881 4954 3632 3493 3454 3415
is_linear=0
shrinkage=0.03


Tree=87
num_leaves=9
num_cat=0
split_feature=1 5 8 2 9 11 5 1
split_gain=0.399399 0.195947 0.122404 0.130277 0.161571 0.113805 0.0268973 0.00624814
threshold=99.029103334511618 90.20806366556404 6.3164893617021285 53.16958258713322 83.975308641975317 98.735775476281816 80.913482652613098 92.154380739637645
decision_type=2 2 2 2 2 2 2 2
left_child=2 6 -1 4 5 7 -2 -4
right_child=1 -3 3 -5 -6 -7 -8 -9
leaf_value=-0.0060983111951329666 0.00016754966410071842 0.016080170487634982 -0.0037519553849683224 0.00016754966410071842 0.00016754966410071842 0.00016754966410071842 0.0041245627001527674 -0.0015380894209639758
leaf_weight=2.0236207162961355 0.53248608740977876 1.0752259036526082 22.452869515400391 65.347042010165751 6.3646420345176002 0.78523411741480131 0.54781625187024474 3.2671776770148417
leaf_count=481 108 14 4395 5433 1004 54 12 568
internal_value=0.00017627 0.0106855 -0.00015303 2.96935e-05 -0.00170815 -0.00293409 0.00016755 -0.00353882
internal_weight=102.396 2.15553 100.241 98.217 32.8699 26.5053 1.0803 25.72
internal_count=12069 134 11935 11454 6021 5017 120 4963
is_linear=0
shrinkage=0.03


Tree=88
num_leaves=12
num_cat=0
split_feature=1 2 8 10 10 2 10 1 1 8 1
split_gain=0.363264 0.166957 0.646471 1.05411 0.0381987 0.0220829 0.0201655 0.0545137 0.117205 0.0276767 9.10188e-05
threshold=99.320497429741138 81.60943506694359 92.564953012714213 70.859704641350234 86.132478632478652 4.3891202009933119 93.449656750572089 33.980616843903739 30.062581552377214 98.019607843137265 93.668022223495058
decision_type=2 2 2 2 2 2 2 2 2 2 2
left_child=1 5 4 -4 8 10 7 9 -3 -7 -1
right_child=-2 2 3 -5 -6 6 -8 -9 -10 -11 -12
leaf_value=-0.0039640537182026201 0.011317804279956982 -0.0026637500177017536 -0.00092309000600940489 0.011317804279956982 0.0016086270574733579 -0.0031102246407701322 0.00088023395994514834 -0.0010239594454639338 -0.00092309000600940489 -0.0010239594454639338 -0.0010239594454639338
leaf_weight=1.5512673514895126 1.5555211482569564 14.264017855515723 2.7695990083739144 6.1426020020153373 4.1518086150754234 16.479378250311136 4.6285995896905652 41.40310555533506 7.8410866055637589 1.1606953423470248 0.40674484497867536
leaf_count=396 87 1100 95 83 275 2300 663 6374 548 55 93
internal_value=0.000147418 -0.000134447 0.00150791 0.00804062 -0.00092309 -0.00102396 -0.00102396 -0.00103733 -0.00102396 -0.00266375 -0.00368354
internal_weight=102.354 100.799 35.1691 8.9122 26.2569 65.6298 63.6718 59.0432 22.1051 17.6401 1.95801
internal_count=12069 11982 2101 178 1923 9881 9392 8729 1648 2355 489
is_linear=0
shrinkage=0.03


Tree=89
num_leaves=9
num_cat=0
split_feature=1 2 8 10 1 11 1 1
split_gain=0.354947 0.169555 0.875465 0.622066 0.0626059 0.0503755 0.0392352 0.0129991
threshold=99.320497429741138 90.298719405143046 92.564953012714213 77.58148035333538 0.94563176249664682 6.5633712692536239 92.917960353475053 42.690047279254046
decision_type=2 2 2 2 2 2 2 2
left_child=1 4 -3 -4 -1 6 -6 -7
right_child=-2 2 3 -5 5 7 -8 -9
leaf_value=-0.0069880030255383106 0.011173070199032265 -0.00079767718725911089 -0.00079767718725911089 0.011173070199032265 -0.0051873608827105238 -0.0016006652925344774 -0.00079767718725911089 -0.00079767718725911089
leaf_weight=0.48698887997306783 1.564647986087947 16.593506361590702 2.940279734786599 3.3678422051016241 3.3177078719018023 32.092269198154099 0.50766725465655316 41.42590871383436
leaf_count=36 87 1086 62 45 616 3867 80 6190
internal_value=0.000151559 -0.000127781 0.00208697 0.0108263 -0.000797677 -0.000797677 -0.00392694 -0.000797677
internal_weight=102.297 100.732 22.9016 6.30812 77.8305 77.3436 3.82538 73.5182
internal_count=12069 11982 1193 107 10789 10753 696 10057
is_linear=0
shrinkage=0.03


Tree=90
num_leaves=13
num_cat=0
split_feature=8 1 2 5 2 5 9 5 3 9 4 0
split_gain=0.419453 0.464297 0.869488 0.454976 0.138319 0.102182 0.0328341 0.0850055 0.0476493 0.0227495 0.00281281 0.00213635
threshold=76.028169014084526 28.501821980082855 74.942381324114365 77.02361452361454 94.346440044135974 83.608504341731262 83.431372549019628 90.583972719522606 90.20806366556404 94.878352678864204 98.247741143150762 68.889105996861446
decision_type=2 2 2 2 2 2 2 2 2 2 2 2
left_child=6 4 5 11 -2 9 7 8 10 -3 -1 -4
right_child=1 2 3 -5 -6 -7 -8 -9 -10 -11 -12 -13
leaf_value=-0.0038219831645891151 -0.001599215702402453 -0.001599215702402453 0.00023218734693059264 0.015092779350901787 0.00023218734693059264 0.0026683323259953482 -0.001599215702402453 -0.001599215702402453 -0.001599215702402453 0.00023218734693059264 -0.001599215702402453 0.0040772806209985208
leaf_weight=31.72848899173551 10.960896838223556 6.0935296635143459 0.71529882517643073 6.7982064485549927 4.335064956685529 6.8608561349101365 14.733026101253925 17.956586726475507 2.902491432381793 0.54771055071614672 0.27139397757127781 0.56590817519463599
leaf_count=6802 644 1349 151 96 114 166 1736 743 210 92 18 51
internal_value=-0.000201757 0.00233421 0.00507687 0.0122559 -0.00159922 0.000232187 -0.00159922 -0.00237133 -0.00335889 -0.00159922 -0.00377771 0.000232187
internal_weight=104.469 36.8775 21.5815 8.07941 15.296 13.5021 67.592 52.859 34.9024 6.64124 31.9999 1.28121
internal_count=12172 2663 1905 298 758 1607 9509 7773 7030 1441 6820 202
is_linear=0
shrinkage=0.03


Tree=91
num_leaves=13
num_cat=0
split_feature=8 1 2 8 11 5 11 9 3 11 1 11
split_gain=0.393746 0.433899 0.988627 0.672844 0.76213 0.154116 0.0329894 0.0310602 0.0419146 0.0833745 0.0086555 0.00155554
threshold=76.028169014084526 6.9006568144499187 74.942381324114365 93.582704186684978 89.547074066076462 86.303072691367333 98.861024196101042 83.431372549019628 89.814715532585623 99.263802572626119 41.521164432556844 89.837038494327501
decision_type=2 2 2 2 2 2 2 2 2 2 2 2
left_child=7 -2 6 4 -4 -5 10 8 9 -1 -3 -10
right_child=1 2 3 5 -6 -7 -8 -9 11 -11 -12 -13
leaf_value=-0.0036338790541306444 -0.0015652891586507795 -0.0015652891586507795 -0.0013721227185607117 0.012550589451112882 0.012550589451112882 0.019665663110889145 0.0028017246368286191 -0.0015652891586507795 -0.0025531126996498751 -0.0015652891586507795 -0.0013721227185607117 -0.0015652891586507795
leaf_weight=33.602140004863031 4.8011048017069688 4.4338705418631443 4.3093933202326289 3.142794073559342 2.9716036973986775 5.3484225468710065 0.71955243963748294 14.614159427117555 9.9330285903997737 0.96872648363932867 11.338382129091768 7.9637495880015186
leaf_count=6933 182 560 322 131 54 47 26 1736 633 48 1341 159
internal_value=-0.000200874 0.00224474 0.00376621 0.00890044 0.00177586 0.0141788 -0.00137212 -0.00156529 -0.00231938 -0.00297388 -0.00156529 -0.00156529
internal_weight=104.147 37.0651 32.264 15.7722 7.281 8.49122 16.4918 67.0818 52.4676 34.5709 15.7723 17.8968
internal_count=12172 2663 2481 554 376 178 1927 9509 7773 6981 1901 792
is_linear=0
shrinkage=0.03


Tree=92
num_leaves=12
num_cat=0
split_feature=9 2 11 1 7 3 1 11 7 2 4
split_gain=0.0988828 0.330483 1.06615 0.177835 0.0633033 0.186219 0.0427148 0.261554 0.15568 0.232707 0.179692
threshold=83.431372549019628 73.40950444529345 89.192295744019901 0.48544833274419702 83.205128205128219 88.663559462407989 28.501821980082855 85.508967606458057 83.457711442786078 94.346440044135974 92.154380739637645
decision_type=2 2 2 2 2 2 2 2 2 2 2
left_child=3 -2 4 -1 -3 -6 7 8 9 -5 -11
right_child=1 2 -4 6 5 -7 -8 -9 -10 10 -12
leaf_value=-0.01047810597737134 -0.00065338559091874106 -0.00065338559091874106 0.016619778138004238 -0.008192297721836975 -0.00065338559091874106 0.0091536325609630192 -0.00065338559091874106 -0.00065338559091874106 -0.00065338559091874106 -0.008192297721836975 -0.00065338559091874106
leaf_weight=0.66255725244991381 9.7748834486119467 3.4987868103198689 3.588427621871233 10.058822168619374 1.7364634475670757 1.4939162875525651 52.735166073543951 15.103929792298002 1.6452289908193041 1.5691849626600736 1.9682053739670662
leaf_count=37 1474 433 64 1769 127 17 7182 576 219 194 80
internal_value=-0.000197668 0.00164264 0.00535854 -0.000653386 -0.000653386 0.00346738 -0.000653386 -0.00181509 -0.00479157 -0.00600906 -0.000653386
internal_weight=103.836 20.0925 10.3176 83.7431 6.72917 3.23038 83.0805 30.3454 15.2414 13.5962 3.53739
internal_count=12172 2115 641 10057 577 144 10020 2838 2262 2043 274
is_linear=0
shrinkage=0.03


Tree=93
num_leaves=13
num_cat=0
split_feature=8 1 2 5 11 3 11 5 11 3 11 11
split_gain=0.318023 0.424805 0.753661 0.445327 0.155627 0.132945 0.0888406 0.215493 0.082999 0.0324656 0.0190534 0.00186642
threshold=76.028169014084526 28.501821980082855 74.762751071992781 82.836674749820702 83.950043992570158 66.825783813343065 63.859529025191684 85.540692180486658 98.861024196101042 87.87532071284933 89.837038494327501 28.918615639026701
decision_type=2 2 2 2 2 2 2 2 2 2 2 2
left_child=8 4 6 5 -2 -4 -3 -8 9 -1 11 -11
right_child=1 2 3 -5 -6 -7 7 -9 -10 10 -12 -13
leaf_value=-0.0024039231197339728 -0.0014305247517541197 -0.0014305247517541197 8.8249821733184659e-05 0.014822913337996757 8.8249821733184659e-05 0.0072979580204327052 8.8249821733184659e-05 0.0082396500873392411 8.8249821733184659e-05 -0.0023499261840248288 8.8249821733184659e-05 -0.0014305247517541197
leaf_weight=40.882955391774885 7.3726900748442823 7.1773857013322431 0.85783557570539271 6.1109964423812926 7.6757583962753415 1.321897749090567 2.3670969172380865 4.0540271764621139 2.2034388771280637 3.5334324829746064 9.3726966490503383 10.786088782595469
leaf_count=8292 583 1154 182 78 175 47 376 68 97 358 193 569
internal_value=-0.000201312 0.00200008 0.00459436 0.0111803 -0.00143052 8.82498e-05 8.82498e-05 8.82498e-05 -0.00143052 -0.00178883 -0.00143052 -0.00143052
internal_weight=103.716 36.9377 21.8892 8.29073 15.0484 2.17973 13.5985 6.42112 66.7786 64.5752 23.6922 14.3195
internal_count=12172 2663 1905 307 758 229 1598 444 9509 9412 1120 927
is_linear=0
shrinkage=0.03


Tree=94
num_leaves=14
num_cat=0
split_feature=8 1 2 5 11 3 11 11 5 9 1 5 11
split_gain=0.301384 0.393469 0.734188 0.444339 0.142745 0.124999 0.0751481 0.0724216 0.217383 0.0552615 0.0505722 0.0206626 0.00796688
threshold=76.028169014084526 28.501821980082855 74.762751071992781 82.836674749820702 83.950043992570158 66.825783813343065 98.861024196101042 63.859529025191684 94.081616491429003 83.431372549019628 85.136837088978169 85.540692180486658 94.195727577398131
decision_type=2 2 2 2 2 2 2 2 2 2 2 2 2
left_child=6 4 7 5 -2 -4 9 -3 11 10 -1 -9 -11
right_child=1 2 3 -5 -6 -7 -8 8 -10 12 -12 -13 -14
leaf_value=-0.0029712986622244409 -0.001401545155103664 -0.001401545155103664 -2.8375953354423016e-05 0.014458419848237874 -2.8375953354423016e-05 0.0069865750069523528 -2.8375953354423016e-05 -2.8375953354423016e-05 0.010199332604295164 -0.001401545155103664 -0.001401545155103664 0.0024075460405151936 -2.8375953354423016e-05
leaf_weight=42.57686224183999 7.3351813289336825 7.1252384465187788 0.8586774875875548 6.2245900277048349 7.6942089812364429 1.3169809242244808 2.1965876333415499 2.3658260202500969 1.9679479459300635 12.245193451875815 7.5166162436362347 2.1637960867956281 2.0155900630634287
leaf_count=6506 583 1154 182 78 175 47 97 376 28 1649 1183 40 74
internal_value=-0.000200485 0.00193691 0.00441975 0.010869 -0.00140155 -2.8376e-05 -0.00140155 -2.8376e-05 -2.8376e-05 -0.00175576 -0.0024843 -2.8376e-05 -0.00140155
internal_weight=103.603 37.0524 22.0231 8.40025 15.0294 2.17566 66.5508 13.6228 6.49757 64.3543 50.0935 4.52962 14.2608
internal_count=12172 2663 1905 307 758 229 9509 1598 444 9412 7689 416 1723
is_linear=0
shrinkage=0.03


Tree=95
num_leaves=9
num_cat=0
split_feature=1 8 11 1 8 2 4 8
split_gain=0.14108 0.415034 0.0840837 0.0809401 0.175157 0.166848 0.0711319 0.011101
threshold=99.029103334511618 71.964912280701768 6.5633712692536239 6.9006568144499187 95.904389152921439 94.42601548224961 92.917960353475053 76.028169014084526
decision_type=2 2 2 2 2 2 2 2
left_child=2 -2 -1 5 7 -4 -7 -5
right_child=1 -3 3 4 -6 6 -8 -9
leaf_value=-0.0039102797187755868 -0.00032390552597819479 0.015818345187699163 -0.0039102797187755868 -0.00032390552597819479 0.0040554661818988438 -0.0039102797187755868 -0.00032390552597819479 0.00040571098854542335
leaf_weight=4.8917533999774596 1.0182531618047495 0.93555446714162815 6.7141612427076307 54.560344678349793 8.9239900507964176 1.1061130422167478 3.3294496978633106 20.146860888693482
leaf_count=770 99 29 569 8058 533 103 93 1749
internal_value=-0.000135593 0.00632843 -0.000323906 -0.000323906 -0.000323906 -0.0028537 -0.000323906 -0.000323906
internal_weight=101.626 1.95381 99.6727 94.7809 83.6312 11.1497 4.43556 74.7072
internal_count=12003 128 11875 11105 10340 765 196 9807
is_linear=0
shrinkage=0.03


Tree=96
num_leaves=9
num_cat=0
split_feature=1 8 11 1 2 8 4 8
split_gain=0.151526 0.40515 0.0751974 0.0699475 0.155981 0.126968 0.0653194 0.0159889
threshold=99.029103334511618 71.964912280701768 6.5633712692536239 6.9006568144499187 94.42601548224961 95.904389152921439 92.917960353475053 76.028169014084526
decision_type=2 2 2 2 2 2 2 2
left_child=2 -2 -1 4 -4 7 -6 -5
right_child=1 -3 3 5 6 -7 -8 -9
leaf_value=-0.0037233549534098475 -0.00032482448051034249 0.015758452088981811 -0.0037233549534098475 -0.00032482448051034249 -0.0037233549534098475 0.0034550619114729849 -0.00032482448051034249 0.00055163406119525184
leaf_weight=4.8686677088262504 1.0104278000071634 0.95285829575732339 6.6303733057575283 54.437224202090874 1.1051910149399189 8.9992581922560912 3.3312125760130584 20.198476061690599
leaf_count=770 99 29 569 8058 103 533 93 1749
internal_value=-0.000129055 0.0065587 -0.000324824 -0.000324824 -0.00268736 -0.000324824 -0.000324824 -0.000324824
internal_weight=101.534 1.96329 99.5704 94.7017 11.0668 83.635 4.4364 74.6357
internal_count=12003 128 11875 11105 765 10340 196 9807
is_linear=0
shrinkage=0.03


Tree=97
num_leaves=8
num_cat=0
split_feature=1 8 11 1 2 8 8
split_gain=0.22345 0.458901 0.0638748 0.0630316 0.154132 0.0757087 0.0132618
threshold=99.029103334511618 71.964912280701768 6.5633712692536239 6.9006568144499187 94.42601548224961 95.904389152921439 76.028169014084526
decision_type=2 2 2 2 2 2 2
left_child=2 -2 -1 4 -4 6 -5
right_child=1 -3 3 5 -6 -7 -8
leaf_value=-0.0034854497303339282 -0.00032911026506597495 0.017007417710576848 -0.0034854497303339282 -0.00032911026506597495 -0.00032911026506597495 0.0027353556918729319 0.00052039594717736442
leaf_weight=4.7812587793450794 1.0029188375920051 1.0641018890310077 6.586523929727262 54.478131763869897 4.382868851069361 8.9071091355290246 20.242143923183903
leaf_count=770 99 29 569 8058 196 533 1749
internal_value=-8.62165e-05 0.00789137 -0.00032911 -0.00032911 -0.00257635 -0.00032911 -0.00032911
internal_weight=101.445 2.06702 99.378 94.5968 10.9694 83.6274 74.7203
internal_count=12003 128 11875 11105 765 10340 9807
is_linear=0
shrinkage=0.03


Tree=98
num_leaves=11
num_cat=0
split_feature=11 0 11 2 9 8 3 5 9 8
split_gain=0.0952299 0.0709449 0.0572389 0.416638 0.163718 0.0596762 0.0337586 0.0720982 0.00525017 0.00186237
threshold=98.861024196101042 41.58872377622378 90.135406523855906 76.175955145149473 22.287581699346408 39.159811985898948 84.364002832706873 90.974740745032179 38.507877664504186 25.987012987012989
decision_type=2 2 2 2 2 2 2 2 2 2
left_child=1 8 5 -4 -5 -3 7 -7 -1 -10
right_child=-2 2 3 4 -6 6 -8 -9 9 -11
leaf_value=-0.0028631512251605044 0.0042322921651255186 -0.0018480825983878727 -0.00039256845564073167 -0.00039256845564073167 0.0042322921651255186 -0.0018480825983878727 -0.00039256845564073167 -0.00039256845564073167 -0.0028631512251605044 -0.0018480825983878727
leaf_weight=6.9006600754801246 3.4315110663883379 8.8044771085260418 9.579438218148427 2.2306682118214658 12.092148998053743 18.031930114841092 26.614045361988246 1.4647713303565968 2.2257451304467386 10.101038518128915
leaf_count=1828 134 1935 451 79 230 3120 1010 54 598 2564
internal_value=-7.10856e-05 -0.000262912 0.000142098 0.00133693 0.00423229 -0.000392568 -0.000392568 -0.00184808 -0.00184808 -0.00184808
internal_weight=101.476 98.0449 78.8175 23.9023 14.3228 54.9152 46.1107 19.4967 19.2274 12.3268
internal_count=12003 11869 6879 760 309 6119 4184 3174 4990 3162
is_linear=0
shrinkage=0.03


Tree=99
num_leaves=7
num_cat=0
split_feature=1 3 11 1 2 4
split_gain=0.20458 0.428291 0.0626863 0.0520577 0.147427 0.0193496
threshold=99.029103334511618 97.491418764302082 6.5633712692536239 6.9006568144499187 94.42601548224961 94.451137884872836
decision_type=2 2 2 2 2 2
left_child=2 -2 -1 4 -4 -6
right_child=1 -3 3 -5 5 -7
leaf_value=-0.003437431457594039 -0.00030788161015911451 0.017522555619507076 -0.003437431457594039 -0.00030788161015911451 -0.003437431457594039 -0.00030788161015911451
leaf_weight=4.770065158372744 1.2499207400251173 0.80953163560479868 6.5707450379850325 83.677004616358317 1.2641440352890638 3.129898396320641
leaf_count=770 120 8 569 10340 112 84
internal_value=-7.57625e-05 0.0075672 -0.000307882 -0.000307882 -0.00236178 -0.000307882
internal_weight=101.471 2.05945 99.4119 94.6418 10.9648 4.39404
internal_count=12003 128 11875 11105 765 196
is_linear=0
shrinkage=0.03


Tree=100
num_leaves=11
num_cat=0
split_feature=3 11 9 2 2 8 11 8 2 10
split_gain=0.331154 0.497076 0.496652 0.320915 0.296103 0.110067 0.0922346 0.0329493 0.034527 0.0225653
threshold=88.663559462407989 56.250325191501666 31.612258494337112 51.053980053001403 91.634517610082284 75.532879818594111 6.8839839623687604 45.633104500381393 65.022624434389158 70.859704641350234
decision_type=2 2 2 2 2 2 2 2 2 2
left_child=6 -2 4 5 -3 -4 -1 -8 -9 -5
right_child=1 2 3 9 -6 -7 7 8 -10 -11
leaf_value=-0.0054539692063292995 -0.001017046302864305 -0.001017046302864305 -0.001017046302864305 0.0083475794164676459 0.0083475794164676459 0.0055124440874040857 -0.0024809329460783046 -0.0024809329460783046 -0.001017046302864305 0.013067455199718227
leaf_weight=3.2692415767814955 11.352022929815574 5.7735981137957451 3.722057988401505 11.855221190024162 2.0951218986883759 1.7238732196856288 16.409107072395273 17.533675407292321 25.249648944707587 3.4326527037192145
leaf_count=695 670 194 149 234 30 34 3896 3944 2078 62
internal_value=0.000343724 0.00244393 0.00461494 0.00697153 -0.00101705 0.000560194 -0.00101705 -0.00101705 -0.00101705 0.00908079
internal_weight=102.416 39.9545 28.6025 20.7338 7.86872 5.44593 62.4617 59.1924 42.7833 15.2879
internal_count=11986 1373 703 479 224 183 10613 9918 6022 296
is_linear=0
shrinkage=0.03


Tree=101
num_leaves=14
num_cat=0
split_feature=3 11 9 2 1 7 11 2 10 1 8 2 3
split_gain=0.234737 0.469254 0.453906 0.281504 0.344586 0.467023 0.0772286 0.0662508 0.0516572 0.0467895 0.0325385 0.0315934 0.00451187
threshold=88.663559462407989 56.250325191501666 31.612258494337112 51.053980053001403 7.7117625241402248 49.626865671641802 6.8839839623687604 91.634517610082284 31.612258494337112 84.364002832706873 45.633104500381393 68.577539094700469 84.364002832706873
decision_type=2 2 2 2 2 2 2 2 2 2 2 2 2
left_child=6 -2 7 9 -5 -6 12 -3 -7 -4 -8 -12 -1
right_child=1 2 3 4 5 8 10 -9 -10 -11 11 -13 -14
leaf_value=-0.0053536818243667232 -0.00075762232474870037 -0.00075762232474870037 -0.00075762232474870037 0.00054108056000071289 0.0010916912780516406 0.0066588527999803986 -0.0021857179950925069 0.00054108056000071289 0.016217946793990797 0.0010916912780516406 -0.0021857179950925069 -0.00075762232474870037 -0.0021857179950925069
leaf_weight=2.8210054704686631 11.277050315635277 5.754541277652609 3.6409259159117964 3.1102771360892794 3.5896991204936048 2.8746527219191176 16.284086195402779 2.154768094420433 5.8581817378289998 1.744669579900801 18.780632948852144 23.938015658874065 0.41457191575318564
leaf_count=658 670 194 128 63 88 47 3896 30 98 55 4165 1857 37
internal_value=0.000392906 0.00215769 0.00433639 0.00659801 0.00855015 0.0106614 -0.000757622 -0.000757622 0.0140788 0.000541081 -0.000757622 -0.000757622 -0.00482524
internal_weight=102.243 40.0048 28.7277 20.8184 15.4328 12.3225 62.2383 7.90931 8.73283 5.3856 59.0027 42.7186 3.23558
internal_count=11986 1373 703 479 296 233 10613 224 145 183 9918 6022 695
is_linear=0
shrinkage=0.03


Tree=102
num_leaves=12
num_cat=0
split_feature=11 9 11 4 11 1 10 9 1 4 11
split_gain=0.204208 0.184946 0.298827 0.166174 0.126561 0.123357 0.264777 0.258593 0.0605699 0.0117889 0.0620889
threshold=6.5633712692536239 95.354232989801986 85.783723127805345 92.917960353475053 99.263802572626119 6.9006568144499187 82.466216216216239 86.930641821946196 92.154380739637645 97.864765678648226 87.953176341730568
decision_type=2 2 2 2 2 2 2 2 2 2 2
left_child=8 4 3 -3 5 6 7 -2 -1 -7 -11
right_child=1 2 -4 -5 -6 9 -8 -9 -10 10 -12
leaf_value=-0.0066560704056694434 -0.0053145708344567539 0.00030716051961753201 0.012355457907640489 0.01008761930692602 0.0058489699452562776 0.00030716051961753201 0.00030716051961753201 0.00030716051961753201 0.00030716051961753201 0.00030716051961753201 0.0040771938987077209
leaf_weight=3.675458413665182 6.3127596969716233 2.8129268113989379 2.0830084742046893 0.59222080698236812 2.567104185698553 73.110843196278438 2.8273465961683542 1.1081409822218118 0.769754527369514 2.3497390744741997 3.9063462405465543
leaf_count=654 493 422 63 25 99 9780 146 52 103 91 58
internal_value=0.000346279 0.000655169 0.00555225 0.000307161 0.000307161 8.56152e-05 -0.00289813 -0.00531457 -0.00531457 0.000307161 0.00168425
internal_weight=102.116 97.6704 5.48816 3.40515 92.1823 89.6152 10.2482 7.4209 4.44521 79.3669 6.25609
internal_count=11986 11229 510 447 10719 10620 691 545 757 9929 149
is_linear=0
shrinkage=0.03


Tree=103
num_leaves=8
num_cat=0
split_feature=1 8 8 1 1 0 10
split_gain=0.154637 0.384772 0.0685301 0.082496 0.0219895 0.00318865 0.000610018
threshold=99.029103334511618 71.964912280701768 46.026315789473692 6.9006568144499187 0.94563176249664682 14.18594074844075 86.132478632478652
decision_type=2 2 2 2 2 2 2
left_child=2 -2 4 -4 -1 6 -6
right_child=1 -3 3 -5 5 -7 -8
leaf_value=-0.0055405318206722363 0.00016366218226254386 0.015204854738372424 -0.0014247363373266302 0.00016366218226254386 -0.0031420948866844167 -0.0014247363373266302 -0.0014247363373266302
leaf_weight=0.28811833518557861 0.93993318127468173 1.1655024257488547 9.7601240234216657 66.690476124407724 2.1704206952126728 20.75189195596613 0.24602165352553118
leaf_count=30 106 31 521 6759 599 3873 67
internal_value=0.000370246 0.00696368 0.000163662 0.000163662 -0.00142474 -0.00142474 -0.0028326
internal_weight=102.012 2.10544 99.9071 76.4506 23.4565 23.1683 2.41644
internal_count=11986 137 11849 7280 4569 4539 666
is_linear=0
shrinkage=0.03


Tree=104
num_leaves=12
num_cat=0
split_feature=11 8 2 5 5 11 9 3 2 7 9
split_gain=0.186995 0.43619 0.310224 0.119977 0.142323 0.109865 0.0595593 0.0331057 0.0407838 0.0292038 0.0231422
threshold=65.422286159563626 89.323708206686945 52.51020094145003 98.601368203133077 99.759325764596866 6.5633712692536239 3.7268518518518521 88.663559462407989 93.812925891867692 76.043478260869577 98.164983164983184
decision_type=2 2 2 2 2 2 2 2 2 2 2
left_child=5 4 3 -3 7 10 -7 -2 -9 -4 -1
right_child=1 2 9 -5 -6 6 -8 8 -10 -11 -12
leaf_value=-0.0058900953013107287 -0.00039169925192514607 3.501721842309479e-05 0.0076115721790338169 0.0076115721790338169 0.006857483713653998 -0.0050428214860350571 -0.00039169925192514607 3.501721842309479e-05 0.0045035810173307805 0.01284665247190662 -0.00039169925192514607
leaf_weight=3.5599108730675644 20.923161822836846 1.9799291370436543 6.933418730972333 1.1232247501611707 1.5896457759663452 0.97150032164063205 41.887534435139969 16.4285618190188 3.1343449531123033 2.5739978929050267 0.84275018726475526
leaf_count=600 2619 163 174 12 26 202 7465 468 44 56 157
internal_value=0.000364444 0.00154596 0.00621431 3.50172e-05 3.50172e-05 -0.00100638 -0.000486221 -0.000391699 3.50172e-05 0.00875467 -0.00504282
internal_weight=101.948 54.6863 12.6106 3.10315 42.0757 47.2617 42.859 40.4861 19.5629 9.50742 4.40266
internal_count=11986 3562 405 175 3157 8424 7667 3131 512 230 757
is_linear=0
shrinkage=0.03


Tree=105
num_leaves=11
num_cat=0
split_feature=1 9 11 4 11 11 1 2 11 2
split_gain=0.629904 0.0832538 0.197837 0.180645 0.133179 0.0239257 0.0394827 0.166691 0.00532608 0.00375015
threshold=99.320497429741138 96.178188899707905 85.783723127805345 91.763359806165042 99.762751742072041 6.8839839623687604 6.9006568144499187 94.42601548224961 98.861024196101042 1.5483504331264977
decision_type=2 2 2 2 2 2 2 2 2 2
left_child=1 4 3 -3 5 -1 7 -7 9 -8
right_child=-2 2 -4 -5 -6 6 8 -9 -10 -11
leaf_value=-0.0030267776937791726 0.013832993391011456 -0.00074983620073188384 0.0095214623738424792 0.009355054024543407 0.007175687923738897 -0.0030267776937791726 -0.0028848827819084695 -0.00074983620073188384 0.0012738269656570897 -0.00074983620073188384
leaf_weight=3.6551590943709007 1.8223705561831582 3.0206662316340949 1.4514493332244454 0.60961685236543406 0.88328193873166938 6.3540853693848458 0.46553948684595425 4.6235550581477582 1.3819951934274275 76.997640805901028
leaf_count=612 87 519 54 40 32 552 127 201 76 9701
internal_value=-0.000146331 -0.000537682 0.00287729 -0.000749836 -0.000749836 -0.000899883 -0.000780961 -0.00248794 -0.000749836 -0.000749836
internal_weight=101.265 99.443 5.08173 3.63028 94.3613 93.478 89.8228 10.9776 78.8452 77.4632
internal_count=12001 11914 613 559 11301 11269 10657 753 9904 9828
is_linear=0
shrinkage=0.03


Tree=106
num_leaves=8
num_cat=0
split_feature=1 8 9 3 3 1 9
split_gain=0.657237 0.0704912 0.0495039 0.179726 0.0283853 0.0409762 0.0563629
threshold=99.320497429741138 6.3164893617021285 97.515432098765444 87.87532071284933 32.429368143653868 82.069836293974234 83.431372549019628
decision_type=2 2 2 2 2 2 2
left_child=1 -1 4 -4 5 6 -3
right_child=-2 2 3 -5 -6 -7 -8
leaf_value=-0.0050564527989400525 0.013960482772559809 -0.0039639718390215651 -0.00052673867270247295 0.0095904283622751871 -0.00052673867270247295 -0.00052673867270247295 -0.00052673867270247295
leaf_weight=2.0185173808131358 1.8961107395589341 8.6477707974845526 2.0480001273099329 1.0384995699860153 81.38704351708293 2.406848026206716 1.7710574779193837
leaf_count=485 87 2447 383 45 7494 631 429
internal_value=-0.000130446 -0.000535942 -0.000391677 0.00285103 -0.000526739 -0.00189343 -0.00287524
internal_weight=101.214 99.3177 97.2992 3.0865 94.2127 12.8257 10.4188
internal_count=12001 11914 11429 428 11001 3507 2876
is_linear=0
shrinkage=0.03


Tree=107
num_leaves=8
num_cat=0
split_feature=1 8 10 9 3 10 9
split_gain=0.772538 0.0685719 0.0718386 0.0362175 0.152562 0.0245552 0.0188581
threshold=99.320497429741138 6.3164893617021285 85.620300751879711 97.515432098765444 87.87532071284933 56.647682639434414 87.047930283224417
decision_type=2 2 2 2 2 2 2
left_child=1 2 6 5 -5 -3 -1
right_child=-2 3 -4 4 -6 -7 -8
leaf_value=-0.0084063559389466851 0.014788482187526604 -0.0011425426881586122 -0.00043763442704370205 -0.00043763442704370205 0.008644707219143611 -0.00043763442704370205 -0.0011425426881586122
leaf_weight=1.3252228847704817 2.032734108157455 46.506475691101514 0.43858069134876121 2.0483195486012842 1.0643328987061975 47.485182190081105 0.24908468476496648
leaf_count=332 87 6525 108 383 45 4476 45
internal_value=-0.000130044 -0.000580655 -0.00504489 -0.000437634 0.00238589 -0.000437634 -0.00751104
internal_weight=101.15 99.1172 2.01289 97.1043 3.11265 93.9917 1.57431
internal_count=12001 11914 485 11429 428 11001 377
is_linear=0
shrinkage=0.03


Tree=108
num_leaves=9
num_cat=0
split_feature=1 8 10 9 11 11 3 9
split_gain=0.838561 0.0645321 0.0701306 0.0328986 0.158482 0.119428 0.0996057 0.0205154
threshold=99.320497429741138 6.3164893617021285 85.620300751879711 96.178188899707905 85.783723127805345 99.762751742072041 94.081616491429003 87.047930283224417
decision_type=2 2 2 2 2 2 2 2
left_child=1 2 7 5 6 -3 -5 -1
right_child=-2 3 -4 4 -6 -7 -8 -9
leaf_value=-0.0082612729991971261 0.015188018089347298 -0.00042403261498921539 -0.00042403261498921539 -0.00042403261498921539 0.0078825665658071153 0.0070883380513001226 0.0070225448492897908 -0.00042403261498921539
leaf_weight=1.3138031942071378 2.1376166897825888 91.017345061525702 0.43855154397897411 2.7853960669599473 1.5014929398894308 0.94020511326379974 0.80595114035531867 0.24661871884018194
leaf_count=332 87 10814 108 502 52 32 29 45
internal_value=-8.44341e-05 -0.000562545 -0.00490357 -0.000424033 0.0017871 -0.000424033 -0.000424033 -0.00736843
internal_weight=101.187 99.0494 1.99897 97.0504 5.09284 91.9576 3.59135 1.56042
internal_count=12001 11914 485 11429 583 10846 531 377
is_linear=0
shrinkage=0.03


Tree=109
num_leaves=9
num_cat=0
split_feature=1 8 7 1 9 3 3 1
split_gain=0.761547 0.0632549 0.0393024 0.0648008 0.0520252 0.156219 0.0038911 0.00637097
threshold=99.320497429741138 6.3164893617021285 6.7424242424242431 69.59539705976762 97.515432098765444 87.87532071284933 98.247741143150762 0.48544833274419702
decision_type=2 2 2 2 2 2 2 2
left_child=1 -1 3 -3 6 -6 7 -4
right_child=-2 2 4 -5 5 -7 -8 -9
leaf_value=-0.004818237587545831 0.014424001612187057 -0.004818237587545831 -0.0029984538967005605 -0.00026992642974597142 -0.00026992642974597142 0.0093189338924470136 0.00050272096993270816 -0.00026992642974597142
leaf_weight=1.9890689137391735 2.168774679535999 1.3912502520252008 0.40533285844139655 0.50499165593646456 1.7988665110897266 1.0399459539912639 8.0951003576628846 83.692955504404381
leaf_count=485 87 304 38 118 350 44 215 10360
internal_value=-5.57627e-05 -0.000514415 -0.000377796 -0.00382404 -0.000269926 0.00322524 -0.000269926 -0.000269926
internal_weight=101.086 98.9175 96.9284 1.89624 95.0322 2.83881 92.1934 84.0983
internal_count=12001 11914 11429 422 11007 394 10613 10398
is_linear=0
shrinkage=0.03


Tree=110
num_leaves=6
num_cat=0
split_feature=1 10 7 1 1
split_gain=0.211099 0.390571 0.0841126 0.202816 0.033743
threshold=99.029103334511618 65.80612924716857 13.383084577114429 49.823120035202301 0.48544833274419702
decision_type=2 2 2 2 2
left_child=2 -2 3 -1 -4
right_child=1 -3 4 -5 -6
leaf_value=-0.0085903141938113176 -0.00028295176254994044 0.01515981732010928 -0.0048653981072019478 -0.00028295176254994044 -0.00028295176254994044
leaf_weight=2.744203775888308 1.3243486315477633 1.2997650511097161 0.7047682183329006 2.7812611048575491 93.105891971033998
leaf_count=518 89 48 42 518 10909
internal_value=-2.62812e-05 0.00708708 -0.000282952 -0.00369076 -0.000282952
internal_weight=101.96 2.62411 99.3361 5.52546 93.8107
internal_count=12124 137 11987 1036 10951
is_linear=0
shrinkage=0.03


Tree=111
num_leaves=6
num_cat=0
split_feature=1 10 7 1 1
split_gain=0.211046 0.367228 0.0792774 0.164814 0.0424037
threshold=99.029103334511618 65.80612924716857 11.200716845878137 49.823120035202301 0.48544833274419702
decision_type=2 2 2 2 2
left_child=2 -2 3 -1 -4
right_child=1 -3 4 -5 -6
leaf_value=-0.008599749202886961 -0.00026594853484456665 0.014888602576757214 -0.0052715808210722108 -0.00026594853484456665 -0.00026594853484456665
leaf_weight=2.1651063743047407 1.3411692033987486 1.2964678220450876 0.69363844697363575 2.3223980849143118 94.091141952318139
leaf_count=422 89 48 43 445 11077
internal_value=-8.51653e-06 0.00709 -0.000265949 -0.00387359 -0.000265949
internal_weight=101.91 2.63764 99.2723 4.4875 94.7848
internal_count=12124 137 11987 867 11120
is_linear=0
shrinkage=0.03


Tree=112
num_leaves=6
num_cat=0
split_feature=1 10 7 1 1
split_gain=0.20091 0.355496 0.0709757 0.155167 0.0392887
threshold=99.029103334511618 65.80612924716857 11.200716845878137 49.823120035202301 0.48544833274419702
decision_type=2 2 2 2 2
left_child=2 -2 3 -1 -4
right_child=1 -3 4 -5 -6
leaf_value=-0.0082951936066402894 -0.00024532737192841736 0.014605889619643262 -0.0050611700335810323 -0.00024532737192841736 -0.00024532737192841736
leaf_weight=2.1427097463747478 1.3404839702416205 1.3004911602474747 0.6887233282905062 2.3232966051436961 94.085479587316513
leaf_count=422 89 48 43 445 11077
internal_value=6.17605e-06 0.00692866 -0.000245327 -0.00366548 -0.000245327
internal_weight=101.881 2.64098 99.2402 4.46601 94.7742
internal_count=12124 137 11987 867 11120
is_linear=0
shrinkage=0.03


Tree=113
num_leaves=7
num_cat=0
split_feature=1 10 1 8 3 7
split_gain=0.176626 0.331349 0.070308 0.0424371 0.0524181 0.00727067
threshold=99.029103334511618 65.80612924716857 0.48544833274419702 9.4916344916344944 97.491418764302082 64.480286738351268
decision_type=2 2 2 2 2 2
left_child=2 -2 -1 4 5 -4
right_child=1 -3 3 -5 -6 -7
leaf_value=-0.0062195654610823414 -0.00018614875531732344 0.014041643351642222 -0.0050793647126095099 -0.00018614875531732344 -0.00018614875531732344 -0.00042859411289722198
leaf_weight=0.73923630570061405 1.3412789606954896 1.2870643546339122 2.8871969699393958 94.763410558342002 0.27418683050200332 0.54078694339841593
leaf_count=47 89 48 683 11119 13 125
internal_value=4.97777e-05 0.0065517 -0.000186149 -0.000186149 -0.00307989 -0.00460816
internal_weight=101.833 2.62834 99.2048 98.4656 3.70217 3.42798
internal_count=12124 137 11987 11940 821 808
is_linear=0
shrinkage=0.03


Tree=114
num_leaves=8
num_cat=0
split_feature=1 10 1 8 7 11 11
split_gain=0.173506 0.326131 0.076054 0.0396096 0.0338904 0.0463575 0.00465273
threshold=99.029103334511618 65.80612924716857 0.48544833274419702 9.4916344916344944 13.383084577114429 96.201028293093614 1.5277179376705445
decision_type=2 2 2 2 2 2 2
left_child=2 -2 -1 -4 5 -5 -6
right_child=1 -3 3 4 6 -7 -8
leaf_value=-0.0064781513532310127 -0.00018032205377802848 0.013892536998184928 -0.0029868622062607002 -0.0029868622062607002 -0.0029868622062607002 -0.00018032205377802848 -0.00018032205377802848
leaf_weight=0.72659014794044097 1.3412413250189268 1.2993895171675829 3.6859574911650261 3.4271817211993034 0.5875544638838609 0.34596494119614352 90.409672586829402
leaf_count=47 89 48 821 754 131 39 10195
internal_value=5.39879e-05 0.0064869 -0.000180322 -0.000180322 -0.000180322 -0.00295483 -0.000180322
internal_weight=101.824 2.64063 99.1829 98.4563 94.7704 3.77315 90.9972
internal_count=12124 137 11987 11940 11119 793 10326
is_linear=0
shrinkage=0.03


Tree=115
num_leaves=12
num_cat=0
split_feature=2 1 11 1 8 9 3 2 1 1 2
split_gain=0.103161 0.390522 0.225427 0.378472 0.419767 0.200153 0.06544 0.0221146 0.0263849 0.00250823 0.00602355
threshold=61.71295248868779 32.816856346268118 90.135406523855906 9.3315171035378288 93.582704186684978 83.431372549019628 89.064180286217393 2.0563183320620397 79.757566852776975 36.374037861452059 47.868817434034831
decision_type=2 2 2 2 2 2 2 2 2 2 2
left_child=1 -1 3 -2 -5 -4 7 -3 9 10 -9
right_child=2 6 5 4 -6 -7 -8 8 -10 -11 -12
leaf_value=-0.0071841042454588418 -0.006737716021021513 -0.004796750102343603 0.0033025992538709584 0.00012787616554011888 0.0033025992538709584 0.0095532914604269659 0.00012787616554011888 -0.004459846869164107 0.00012787616554011888 -0.001515884200334928 -0.001515884200334928
leaf_weight=7.0360785212833425 6.7457367166643953 0.74827822949737566 17.256619682302709 24.056289020343687 5.9766968770418307 3.8896631139796218 13.037874783622099 0.59411052695941435 7.4399551490787408 13.815029413322916 0.30941154155880213
leaf_count=1355 730 193 481 3069 207 73 576 154 1738 3371 54
internal_value=-0.000106761 -0.00120525 0.000714945 0.000127876 0.000682383 0.0033026 0.000127876 -0.00144192 -0.00112639 -0.00182905 -0.00330557
internal_weight=100.906 42.9807 57.925 36.7787 30.033 21.1463 35.9447 22.9068 22.1585 14.7186 0.903522
internal_count=12001 7441 4560 4006 3276 554 6086 5510 5317 3579 208
is_linear=0
shrinkage=0.03


Tree=116
num_leaves=13
num_cat=0
split_feature=2 1 11 1 8 3 10 7 2 1 2 1
split_gain=0.0832092 0.311572 0.209098 0.363881 0.404879 0.0659145 0.037961 0.0267707 0.0198341 0.0250451 0.00226265 0.00194501
threshold=61.71295248868779 32.816856346268118 90.135406523855906 9.3315171035378288 93.582704186684978 89.064180286217393 17.262664963814391 78.989813242784393 2.0563183320620397 79.757566852776975 60.493037794828084 36.374037861452059
decision_type=2 2 2 2 2 2 2 2 2 2 2 2
left_child=1 -1 3 -2 -5 8 -4 -8 -3 10 11 -10
right_child=2 5 6 4 -6 -7 7 -9 9 -11 -12 -13
leaf_value=-0.0065163684295507073 -0.0065163684295507073 -0.0047287150065950714 0.0030943432168644416 5.7322269722381709e-05 0.0030943432168644416 5.7322269722381709e-05 0.0035443035091662373 0.0070278188636758139 -0.0034039160709232893 5.7322269722381709e-05 5.7322269722381709e-05 -0.0016201372035254227
leaf_weight=6.9144406554987645 6.6759360268479204 0.74362648651004803 3.2693491338286682 24.073109321179803 5.9755366486497214 13.045545500470324 14.198697104817258 3.8041704976931205 0.87556244537700045 7.4441185805480918 0.2185649713501342 13.609147844603283
leaf_count=1355 730 193 100 3069 207 576 384 70 202 1738 59 3318
internal_value=-0.00013928 -0.00112782 0.000597841 5.73223e-05 0.000579526 5.73223e-05 0.00309434 0.0046115 -0.0015185 -0.00121108 -0.00189386 -0.00194082
internal_weight=100.848 42.851 57.9968 36.7246 30.0486 35.9366 21.2722 18.0029 22.891 22.1474 14.7033 14.4847
internal_count=12001 7441 4560 4006 3276 6086 554 454 5510 5317 3579 3520
is_linear=0
shrinkage=0.03


Tree=117
num_leaves=11
num_cat=0
split_feature=11 10 1 9 10 8 1 0 3 3
split_gain=0.0746135 0.0729542 0.41583 0.220395 0.154914 0.133297 0.172199 0.153363 0.0100765 0.00239963
threshold=1.2336199836199839 56.647682639434414 98.601368203133077 26.624472573839665 49.691358024691361 94.771018455228997 9.3315171035378288 76.202227361246358 97.491418764302082 94.081616491429003
decision_type=2 2 2 2 2 2 2 2 2 2
left_child=-1 3 5 4 8 -3 -7 -8 -2 -6
right_child=1 2 -4 -5 9 6 7 -9 -10 -11
leaf_value=-0.0064293147876211647 -0.0064293147876211647 0.00015588669935385585 0.012266401806902119 0.00015588669935385585 -0.0010096738820680323 0.00015588669935385585 0.00015588669935385585 0.0078072656145050032 0.00015588669935385585 0.00015588669935385585
leaf_weight=0.61924192379228671 4.8055180022492996 38.333184997900389 1.7231702513527114 41.937323016347364 2.2980748005211358 2.5450475467368943 1.8377884884830562 6.0583666989114136 0.3274618990253656 0.3677505285013466
leaf_count=122 1088 4376 67 5375 587 44 198 100 22 22
internal_value=-4.07009e-05 6.18876e-05 0.000856759 -0.000746132 -0.0050631 0.000215321 0.00339672 0.00571749 -0.00642931 0.000155887
internal_weight=100.853 100.234 50.4976 49.7361 7.79881 48.7744 10.4412 7.89616 5.13298 2.66583
internal_count=12001 11879 4785 7094 1719 4718 342 298 1110 609
is_linear=0
shrinkage=0.03


Tree=118
num_leaves=12
num_cat=0
split_feature=2 11 9 2 10 9 3 1 1 3 2
split_gain=0.0858338 0.256317 0.332311 0.209919 0.330531 0.410478 0.361417 0.1179 0.186599 0.0407398 0.0350365
threshold=57.396332855286168 90.135406523855906 20.389266817838251 73.40950444529345 17.262664963814391 83.431372549019628 68.009777119868218 32.816856346268118 9.3315171035378288 89.417534663126617 2.0563183320620397
decision_type=2 2 2 2 2 2 2 2 2 2 2
left_child=7 8 -3 -4 -5 6 -6 -1 -2 -8 -9
right_child=1 2 3 4 5 -7 9 10 -10 -11 -12
leaf_value=-0.004930351275351485 -0.004930351275351485 -0.00080886706742460865 -0.00080886706742460865 -0.00080886706742460865 -0.00080886706742460865 0.017151079757965076 0.0043455097379074079 -0.004930351275351485 -0.00080886706742460865 0.010115884816659093 -0.00080886706742460865
leaf_weight=5.5194721801672122 6.6136135364649808 3.0337265152484205 3.4058812006842372 2.2427240475080934 2.3397628243546924 2.5811175727285436 5.0598263745196146 0.82125795097090204 32.669239875511266 3.7779681030660868 32.66284034808632
leaf_count=1157 759 144 146 50 120 39 81 200 3718 41 5546
internal_value=-3.8796e-05 0.000654121 0.00314033 0.00490097 0.00628228 0.00803003 0.00468834 -0.00112429 -0.000808867 0.00758975 -0.000808867
internal_weight=100.727 61.7239 22.441 19.4073 16.0014 13.7587 11.1776 39.0036 39.2829 8.83779 33.4841
internal_count=12001 5098 621 477 331 281 242 6903 4477 122 5746
is_linear=0
shrinkage=0.03


Tree=119
num_leaves=13
num_cat=0
split_feature=11 2 11 9 2 10 9 3 1 1 3 2
split_gain=0.0736892 0.0764478 0.200633 0.293794 0.19203 0.307834 0.422265 0.318237 0.112429 0.188176 0.0446842 0.0372986
threshold=1.2336199836199839 57.396332855286168 90.135406523855906 20.389266817838251 73.40950444529345 17.262664963814391 83.431372549019628 68.009777119868218 32.816856346268118 9.3315171035378288 89.417534663126617 2.0563183320620397
decision_type=2 2 2 2 2 2 2 2 2 2 2 2
left_child=-1 8 9 -4 -5 -6 7 -7 -2 -3 -9 -10
right_child=1 2 3 4 5 6 -8 10 11 -11 -12 -13
leaf_value=-0.006385198745510425 -0.0046750124772293221 -0.0046750124772293221 -0.00058164919693490485 -0.00058164919693490485 -0.00058164919693490485 -0.00058164919693490485 0.016850794926726004 0.0039481363451810631 -0.0046750124772293221 -0.00058164919693490485 0.0096482110528074913 -0.00058164919693490485
leaf_weight=0.61805204814299841 5.4031913427170357 6.5263518302235743 3.0331568433903184 3.4002647700253901 2.2368087701033792 2.3376418899279079 2.5943185412324956 5.0390344546176475 0.8134016552940001 32.44650449976325 3.7176216840744019 32.391718010650948
leaf_count=122 1147 750 144 146 50 120 39 81 199 3684 41 5478
internal_value=-3.40123e-05 6.81332e-05 0.000722379 0.00292297 0.00462803 0.00596238 0.00767852 0.00431771 -0.000963176 -0.000581649 0.00710895 -0.000581649
internal_weight=100.558 99.94 61.3317 22.3588 19.3257 15.9254 13.6886 11.0943 38.6083 38.9729 8.75666 33.2051
internal_count=12001 11879 5055 621 477 331 281 242 6824 4434 122 5677
is_linear=0
shrinkage=0.03


Tree=120
num_leaves=7
num_cat=0
split_feature=9 8 4 8 1 2
split_gain=0.0775375 0.207236 0.363337 0.0402809 0.0454794 0.0152386
threshold=95.354232989801986 58.863819500402911 72.375077382925113 8.9220563847429535 35.185298154643895 94.137682673381661
decision_type=2 2 2 2 2 2
left_child=3 -2 -3 4 5 -1
right_child=1 2 -4 -5 -6 -7
leaf_value=-0.0079028433401644536 -0.00090604759311926203 -0.00090604759311926203 0.011725336477170382 -0.00090604759311926203 -0.00090604759311926203 -0.00090604759311926203
leaf_weight=0.90708697668742322 2.995902032358571 1.2631372062023731 2.7055696053430438 91.631257310276851 2.0202261403901502 0.26824395032599568
leaf_count=205 440 178 77 10662 479 28
internal_value=-0.000675398 0.00218448 0.00637496 -0.000906048 -0.00387866 -0.00692571
internal_weight=101.791 6.96461 3.96871 94.8268 3.19556 1.17533
internal_count=12069 695 255 11374 712 233
is_linear=0
shrinkage=0.03


Tree=121
num_leaves=11
num_cat=0
split_feature=11 2 9 3 1 2 9 3 11 9
split_gain=0.142578 0.570754 0.69105 0.193924 0.0856621 0.204404 0.275264 0.0475061 0.0332794 0.0602775
threshold=90.135406523855906 84.515706578236731 35.873246250604744 89.814715532585623 20.943561208267095 94.137682673381661 59.824561403508774 66.426846100759164 41.431505034446218 95.861872146118728
decision_type=2 2 2 2 2 2 2 2 2 2
left_child=4 -2 -3 7 5 6 -1 -4 9 -8
right_child=1 2 3 -5 -6 -7 8 -9 -10 -11
leaf_value=-0.010526652415299213 -0.0013944585568278155 -0.0013944585568278155 0.00053583408841802855 0.013948330621282415 -0.0013944585568278155 -0.0013944585568278155 -0.0066523719851408602 0.0063356401919099428 -0.0013944585568278155 -0.0013944585568278155
leaf_weight=5.1708563162246701 16.678281590575356 3.4511167171876869 2.0816502382513118 4.4121806286275387 56.565371951088309 4.5633901327382764 2.2104689707048242 3.3289752085693181 3.0066712910775095 0.3068735054694115
leaf_count=1008 954 105 75 47 8718 390 331 53 324 64
internal_value=-0.000674737 0.00104041 0.00560406 0.00966191 -0.00139446 -0.00359935 -0.0061542 0.00453592 -0.00139446 -0.00443705
internal_weight=101.776 29.9522 13.2739 9.82281 71.8236 15.2583 10.6949 5.41063 5.52401 2.51734
internal_count=12069 1234 280 175 10835 2117 1727 128 719 395
is_linear=0
shrinkage=0.03


Tree=122
num_leaves=11
num_cat=0
split_feature=11 2 9 3 1 2 9 11 9 8
split_gain=0.136448 0.544365 0.62689 0.194828 0.068259 0.182697 0.251336 0.0304653 0.0586406 0.025404
threshold=90.135406523855906 84.515706578236731 35.873246250604744 89.814715532585623 20.943561208267095 94.137682673381661 59.824561403508774 41.431505034446218 95.861872146118728 70.064935064935085
decision_type=2 2 2 2 2 2 2 2 2 2
left_child=4 -2 9 -4 5 6 -1 8 -8 -3
right_child=1 2 3 -5 -6 -7 7 -9 -10 -11
leaf_value=-0.010063328217272537 -0.0013970780841438956 -0.0013970780841438956 0.0042256409755800743 0.013533794549560498 -0.0013970780841438956 -0.0013970780841438956 -0.0065580063890043902 -0.0013970780841438956 -0.0013970780841438956 0.0042026797520991407
leaf_weight=5.0971213950542715 16.677588833495978 1.7214176591951393 5.3939259089529497 4.422610042616725 56.643390264129266 4.5688608314376316 2.1961994951125239 3.0073361567920074 0.30723974877037097 1.738062974065542
leaf_count=1008 954 71 128 47 8718 390 331 324 64 34
internal_value=-0.000693149 0.000985279 0.00544113 0.00928272 -0.00139708 -0.00337654 -0.00584609 -0.00139708 -0.00434293 -0.00139708
internal_weight=101.774 29.9536 13.276 9.81654 71.8201 15.1768 10.6079 5.51078 2.50344 3.45948
internal_count=12069 1234 280 175 10835 2117 1727 719 395 105
is_linear=0
shrinkage=0.03


Tree=123
num_leaves=8
num_cat=0
split_feature=11 2 9 8 1 9 1
split_gain=0.125857 0.514543 0.622449 0.0639592 0.0467207 0.0167913 0.0142868
threshold=90.135406523855906 84.515706578236731 35.873246250604744 58.387445887445899 94.081616491429003 98.437875510694553 53.78181124748631
decision_type=2 2 2 2 2 2 2
left_child=3 -2 -3 4 5 6 -1
right_child=1 2 -4 -5 -6 -7 -8
leaf_value=-0.0040130723299811114 -0.0013395585335862575 -0.0013395585335862575 0.0091582011638993311 -0.0013395585335862575 -0.0013395585335862575 -0.0013395585335862575 -0.0022680969896807885
leaf_weight=16.147899933275774 16.696544853039089 3.4512895927764466 9.7889540914911759 38.49673478549812 2.7859186951536676 1.1279396342579264 13.141065597999839
leaf_count=3378 954 105 175 4042 421 224 2770
internal_value=-0.000662658 0.000949438 0.00529584 -0.00133956 -0.00265693 -0.00315198 -0.00333089
internal_weight=101.636 29.9368 13.2402 71.6996 33.2028 30.4169 29.289
internal_count=12069 1234 280 10835 6793 6372 6148
is_linear=0
shrinkage=0.03


Tree=124
num_leaves=9
num_cat=0
split_feature=11 2 9 8 1 1 9 8
split_gain=0.105006 0.507401 0.596892 0.0473262 0.0395041 0.0163906 0.0143774 0.00848132
threshold=90.135406523855906 84.515706578236731 35.873246250604744 58.387445887445899 94.081616491429003 4.1013328677026957 98.437875510694553 70.064935064935085
decision_type=2 2 2 2 2 2 2 2
left_child=3 -2 7 4 5 -1 -7 -3
right_child=1 2 -4 -5 -6 6 -8 -9
leaf_value=-0.0060491420663067522 -0.0012720799090484365 -0.0012720799090484365 0.0089694079586501996 -0.0012720799090484365 -0.0012720799090484365 -0.0027790244111905223 -0.0012720799090484365 0.0041161939164852486
leaf_weight=1.0211276835761989 16.719191231299195 1.7172444914467626 9.7968785201664996 38.556196623132564 2.7872610336635253 28.14657787245233 1.1000071419402946 1.6965087230782954
leaf_count=216 954 71 175 4042 421 5937 219 34
internal_value=-0.000653466 0.000819925 0.00519124 -0.00127208 -0.00241149 -0.0028854 -0.0025786 -0.00127208
internal_weight=101.541 29.9298 13.2106 71.6112 33.055 30.2677 29.2466 3.41375
internal_count=12069 1234 280 10835 6793 6372 6156 105
is_linear=0
shrinkage=0.03


Tree=125
num_leaves=11
num_cat=0
split_feature=8 3 2 11 2 2 1 10 2 10
split_gain=0.126964 0.14953 0.220292 0.0759645 0.0861737 0.0893031 0.0693791 0.157065 0.00590263 0.00296507
threshold=39.415279556124631 98.247741143150762 54.120653229029877 65.422286159563626 90.298719405143046 34.313286745384239 22.530190600902085 30.717948717948719 94.346440044135974 87.577160493827179
decision_type=2 2 2 2 2 2 2 2 2 2
left_child=6 3 -3 8 5 -5 7 -1 -2 -9
right_child=1 2 -4 4 -6 -7 -8 9 -10 -11
leaf_value=-0.010722864189420997 -0.001534178316091042 -0.00013060293549729821 0.0073464618730023495 -0.001534178316091042 0.0033874436073407003 -0.00013060293549729821 -0.001534178316091042 -0.0029060087173272378 -0.00022135392320564413 -0.001534178316091042
leaf_weight=1.6151643625926251 30.264889903599396 2.4118233779445282 5.2431966175790876 4.8278314527124193 10.239348692120982 22.718809850281104 14.862120707053689 3.1784211278427401 3.4479481030721209 0.44937794306315471
leaf_count=273 5362 74 99 649 265 1343 3105 482 303 74
internal_value=-0.000229061 0.000318425 0.00404291 -0.000130603 -0.000130603 -0.000130603 -0.00229747 -0.00504822 -0.00153418 -0.00153418
internal_weight=99.2589 79.1538 7.65502 71.4988 37.786 27.5466 20.1051 5.24296 33.7128 3.6278
internal_count=12029 8095 173 7922 2257 1992 3934 829 5665 556
is_linear=0
shrinkage=0.03


Tree=126
num_leaves=11
num_cat=0
split_feature=8 3 2 1 10 7 0 9 10 1
split_gain=0.113434 0.150822 0.21096 0.0584303 0.122717 0.0274505 0.0172643 0.0182807 0.0155116 0.00284155
threshold=39.415279556124631 98.247741143150762 53.16958258713322 22.530190600902085 30.717948717948719 21.010186757215624 41.58872377622378 46.470099667774093 87.577160493827179 30.439873739945021
decision_type=2 2 2 2 2 2 2 2 2 2
left_child=3 5 -3 4 -1 -2 7 -7 -6 -9
right_child=1 2 -4 -5 8 6 -8 9 -10 -11
leaf_value=-0.0096908933301516169 -0.0010684148582833437 -0.00015191092332699695 0.0071298477807825956 -0.0010684148582833437 -0.0029917911067936236 -0.0010684148582833437 -0.00015191092332699695 -0.0010684148582833437 -0.0010684148582833437 -0.00015191092332699695
leaf_weight=1.5679758291225905 3.5148819693131363 2.4094023569487026 5.4566827178932726 14.835982030839657 3.1517498843604717 5.0336810688022506 55.590026467456482 1.173853503540158 0.44967437395825971 6.0560212014243007
leaf_count=273 599 73 100 3105 482 1299 4249 259 74 1516
internal_value=-0.000211568 0.000304443 0.00399504 -0.00217251 -0.00465442 -0.000151911 -0.000151911 -0.00106841 -0.00106841 -0.000151911
internal_weight=99.2399 79.2345 7.86609 20.0054 5.1694 71.3685 67.8536 12.2636 3.60142 7.22987
internal_count=12029 8095 173 3934 829 7922 7323 3074 556 1775
is_linear=0
shrinkage=0.03


Tree=127
num_leaves=13
num_cat=0
split_feature=8 3 2 11 1 10 9 2 1 2 5 10
split_gain=0.118891 0.151385 0.211603 0.084485 0.0523834 0.12251 0.0325638 0.0230591 0.00781445 0.0153479 0.00321124 0.00104574
threshold=39.415279556124631 98.247741143150762 53.16958258713322 57.010350275684921 22.530190600902085 30.717948717948719 97.515432098765444 60.493037794828084 38.337651122625225 2.2285335935322004 52.947860962566857 87.577160493827179
decision_type=2 2 2 2 2 2 2 2 2 2 2 2
left_child=4 3 -3 6 5 -1 8 -5 -2 -10 -11 -7
right_child=1 2 -4 7 -6 11 -8 -9 9 10 -12 -13
leaf_value=-0.0098117197214506839 -0.0016730313602461766 -0.00011656298575530206 0.0071405455323943958 -0.00011656298575530206 -0.0016730313602461766 -0.0029802660257694045 -0.00011656298575530206 0.0015324205362078611 -0.0016730313602461766 -0.00083216148206311229 -0.00011656298575530206 -0.0016730313602461766
leaf_weight=1.5469232805771778 11.195164224016496 2.4088262887671581 5.5252259504050016 13.310863122576846 14.829630310414357 3.1439332832815143 1.5586523399688292 27.657360471785069 0.4414909146726157 7.2128965838346657 9.9837960558943433 0.44917319971136738
leaf_count=273 1741 73 100 1639 3105 482 262 1199 110 1983 988 74
internal_value=-0.000184485 0.000342738 0.00402442 -0.000116563 -0.00219446 -0.00468347 -0.00167303 -0.000116563 -0.00167303 -0.000818152 -0.00038405 -0.00167303
internal_weight=99.2639 79.2943 7.93405 71.3602 19.9697 5.14003 30.392 40.9682 28.8333 17.6382 17.1967 3.59311
internal_count=12029 8095 173 7922 3934 829 5084 2838 4822 3081 2971 556
is_linear=0
shrinkage=0.03


Tree=128
num_leaves=10
num_cat=0
split_feature=8 11 3 1 1 10 11 10 10
split_gain=0.0942848 0.151573 0.15183 0.114085 0.0594072 0.127161 0.0306156 0.0149801 0.00175338
threshold=39.415279556124631 99.762751742072041 98.247741143150762 36.777332396822331 22.530190600902085 30.717948717948719 57.010350275684921 87.577160493827179 85.349593495934968
decision_type=2 2 2 2 2 2 2 2 2
left_child=4 2 6 -4 5 -1 -2 -7 -6
right_child=1 -3 3 -5 8 7 -8 -9 -10
leaf_value=-0.0097600640637665655 -0.00093320398631296486 0.0083750882013341483 -0.00043979525959373007 0.0062047914107804733 -0.0013588261564100243 -0.0028095942956334035 -0.00043979525959373007 -0.00093320398631296486 -0.00093320398631296486
leaf_weight=1.5004139458760644 30.30270601680968 1.0061478337738652 3.160915743559598 4.8147912677377462 12.518391655292357 3.1398839023895571 39.967344471020624 0.44400277989916492 2.2861914974637338
leaf_count=273 5084 25 64 108 2680 482 2814 74 425
internal_value=-0.000237153 0.00023266 2.35938e-05 0.00370043 -0.00203075 -0.00454795 -0.000439795 -0.000933204 -0.000933204
internal_weight=99.1408 79.2519 78.2458 7.97571 19.8889 5.0843 70.2701 3.58389 14.8046
internal_count=12029 8095 8070 172 3934 829 7898 556 3105
is_linear=0
shrinkage=0.03


Tree=129
num_leaves=12
num_cat=0
split_feature=8 11 3 1 11 1 10 1 9 2 1
split_gain=0.0936972 0.17074 0.184725 0.132443 0.0504009 0.034034 0.127207 0.1034 0.0269156 0.00389856 0.0177861
threshold=39.415279556124631 99.762751742072041 98.247741143150762 36.777332396822331 57.010350275684921 22.530190600902085 30.717948717948719 16.160433373548134 97.515432098765444 94.346440044135974 36.777332396822331
decision_type=2 2 2 2 2 2 2 2 2 2 2
left_child=5 2 4 -4 8 6 7 -1 9 10 -2
right_child=1 -3 3 -5 -6 -7 -8 -9 -10 -11 -12
leaf_value=-0.01239506191033868 -0.0016841069188377386 0.0088181500607171191 -0.0004745636270232854 0.0066948157119432906 -0.0004745636270232854 -0.0016841069188377386 -0.0016841069188377386 -0.0016841069188377386 -0.0004745636270232854 -0.0004745636270232854 -0.0004745636270232854
leaf_weight=1.1674256679834858 8.306377101456766 1.047550277551635 3.1591525555122626 4.9734083986841142 39.941476667765528 14.825988737866281 3.5374578250339255 0.31699355563614506 1.5846507663372893 2.9468700448051086 17.321489324327558
leaf_count=197 1459 25 64 108 2814 3105 556 76 262 259 3104
internal_value=-0.000201222 0.00026622 4.1861e-05 0.00405786 -0.000474564 -0.00199159 -0.00410998 -0.0095255 -0.00168411 -0.00168411 -0.00168411
internal_weight=99.1288 79.281 78.2334 8.13256 70.1009 19.8479 5.02188 1.48442 30.1594 28.5747 25.6279
internal_count=12029 8095 8070 172 7898 3934 829 273 5084 4822 4563
is_linear=0
shrinkage=0.03


Tree=130
num_leaves=13
num_cat=0
split_feature=10 1 9 2 8 8 2 7 1 11 11 9
split_gain=0.113453 0.375031 0.192783 0.102767 0.144708 0.111866 0.109388 0.308919 0.484413 0.343505 0.0197594 0.0187523
threshold=55.63492063492064 99.029103334511618 23.145604395604398 19.865494978479202 39.863013698630148 19.46248196248197 74.596030537625197 76.253132832080226 12.169163982635487 23.309614798490145 6.8839839623687604 67.455869991594298
decision_type=2 2 2 2 2 2 2 2 2 2 2 2
left_child=2 5 -1 11 -5 -2 -7 -8 -9 -10 -6 -4
right_child=1 -3 3 4 10 6 7 8 9 -11 -12 -13
leaf_value=-0.0051768501441914671 -0.0031241629023646619 0.012494772410213354 -0.0051768501441914671 -0.0031241629023646619 -0.0031241629023646619 0.00065120955502774396 0.00065120955502774396 0.00065120955502774396 0.00065120955502774396 0.012494772410213354 0.00065120955502774396 -0.0031241629023646619
leaf_weight=6.5397613879758856 2.2348771202377966 1.541098226327448 2.9565975588047868 8.1852746845688653 1.164760409621542 22.449546178802848 16.155009802430872 2.5148023597430429 1.3838158596772698 3.8567195080686361 29.033873152686283 1.8330834656953809
leaf_count=1492 524 55 683 1440 168 3137 914 79 58 120 2897 431
internal_value=0.000257573 0.00125249 -0.000750709 2.17607e-05 0.000569902 0.00065121 0.00103011 0.00271085 0.00727488 0.0121178 0.00065121 -0.00371069
internal_weight=99.8492 50.1359 49.7134 43.1736 38.3839 48.5948 46.3599 23.9103 7.75534 5.24054 30.1986 4.78968
internal_count=11998 4887 7111 5619 4505 4832 4308 1171 257 178 3065 1114
is_linear=0
shrinkage=0.03


Tree=131
num_leaves=15
num_cat=0
split_feature=10 1 9 7 5 2 9 2 7 1 0 3 3 4
split_gain=0.0772898 0.314966 0.199051 0.0917652 0.0586544 0.0714387 0.0896982 0.0538634 0.1753 0.28527 0.354418 0.0325166 0.0222213 0.0191241
threshold=55.63492063492064 99.029103334511618 23.145604395604398 10.102040816326532 85.136837088978169 94.670786142953872 74.09586056644882 73.40950444529345 76.253132832080226 12.169163982635487 78.579831932773132 83.608504341731262 66.426846100759164 71.975465442177708
decision_type=2 2 2 2 2 2 2 2 2 2 2 2 2 2
left_child=2 7 -1 -4 5 6 11 -2 -9 -10 13 -5 -8 -11
right_child=1 -3 3 4 -6 -7 12 8 9 10 -12 -13 -14 -15
leaf_value=-0.0050161737906635872 0.00059834364870075011 0.011390449748955235 -0.0042052408414729779 -0.0037381480397057749 0.00059834364870075011 0.00059834364870075011 -0.0014979934833384992 0.00059834364870075011 0.00059834364870075011 0.00059834364870075011 0.011390449748955235 0.00038333011165970994 0.00059834364870075011 0.0047768291476409583
leaf_weight=6.4946450167335561 23.01497108314652 1.5715892680454988 2.792630939395166 11.159779003239235 19.636374094290659 1.318069398170336 3.9492573838215312 17.330535838846121 2.7106905165128392 1.0466558446642005 3.6833410740364343 1.8028957794886071 2.3732617483474314 0.89076739479787659
leaf_count=1492 3434 55 453 2747 711 174 1019 1103 90 91 61 162 353 53
internal_value=0.000333296 0.00115155 -0.000503244 0.000276322 0.000598344 -0.000974368 -0.0018144 0.000598344 0.00195172 0.00530781 0.00897045 -0.00317852 0.000598344 0.000598344
internal_weight=99.7755 50.2486 49.5269 43.0323 40.2396 20.6033 19.2852 48.677 25.662 8.33145 5.62076 12.9627 6.32252 1.93742
internal_count=11998 4887 7111 5619 5166 4455 4281 4832 1398 295 205 2909 1372 144
is_linear=0
shrinkage=0.03


Tree=132
num_leaves=15
num_cat=0
split_feature=10 1 9 11 7 2 9 11 5 2 9 2 7 2
split_gain=0.0807032 0.312068 0.184515 0.101377 0.078301 0.0583324 0.19788 0.462954 0.0420811 0.0656814 0.078077 0.00695376 0.00603526 0.00484021
threshold=55.63492063492064 99.029103334511618 23.145604395604398 99.518651529193718 10.102040816326532 73.40950444529345 83.431372549019628 78.986424509264367 85.136837088978169 94.670786142953872 74.09586056644882 74.596030537625197 65.075757575757592 4.3891202009933119
decision_type=2 2 2 2 2 2 2 2 2 2 2 2 2 2
left_child=2 3 12 5 11 -2 -7 -8 9 10 -6 -4 -1 -12
right_child=1 -3 4 -5 8 6 7 -9 -10 -11 13 -13 -14 -15
leaf_value=-0.0056288164121540652 0.00032414508459567201 0.01135393398414432 -0.0049153595532871897 0.0072255707060390412 -0.0031878004807805475 0.00032414508459567201 0.00032414508459567201 0.0072255707060390412 0.00032414508459567201 0.00032414508459567201 -0.0018013506489321476 -0.0031878004807805475 -0.0031878004807805475 0.00032414508459567201
leaf_weight=5.3142581474967292 22.638827322982252 1.5702207381837059 1.3883583259303116 1.0022607336286444 12.833910335088154 19.173307828605179 2.3390984605066469 3.5687354686670005 19.700798893347383 1.3174423731397826 0.31388811115175386 1.3659972532186655 1.067333990591578 6.0250039875973016
leaf_count=1222 3420 55 318 30 2909 1132 195 55 711 174 65 135 270 1307
internal_value=0.000324035 0.00115888 -0.000533266 0.000608577 0.000214937 0.000324145 0.00174434 0.00610442 0.000324145 -0.00105763 -0.0019051 -0.00402764 -0.00491536 0.000324145
internal_weight=99.6194 50.2925 49.327 48.7222 42.9454 47.72 25.0811 5.90783 40.191 20.4902 19.1728 2.75436 6.38159 6.33889
internal_count=11998 4887 7111 4832 5619 4802 1382 250 5166 4455 4281 453 1492 1372
is_linear=0
shrinkage=0.03


Tree=133
num_leaves=15
num_cat=0
split_feature=10 1 9 7 2 8 8 2 7 1 0 0 2 7
split_gain=0.0737505 0.309328 0.169823 0.0827699 0.0540814 0.0784706 0.093673 0.104006 0.287864 0.454795 0.218143 0.035457 0.0142165 0.013977
threshold=55.63492063492064 99.029103334511618 23.145604395604398 10.102040816326532 19.865494978479202 39.863013698630148 19.46248196248197 74.596030537625197 76.253132832080226 12.169163982635487 78.579831932773132 75.905175104563355 74.596030537625197 78.297101449275374
decision_type=2 2 2 2 2 2 2 2 2 2 2 2 2 2
left_child=2 6 13 12 -5 -6 -2 -8 -9 -10 11 -11 -4 -1
right_child=1 -3 3 4 5 -7 7 8 9 10 -12 -13 -14 -15
leaf_value=-0.0053137217566490008 -0.0024456216120698092 0.011279767164564717 -0.0047080034419516121 -0.0024456216120698092 -0.0024456216120698092 0.00057836833487453642 0.00057836833487453642 0.00057836833487453642 0.00057836833487453642 0.00057836833487453642 0.011279767164564717 0.004907649954882424 -0.0024456216120698092 -0.0024456216120698092
leaf_weight=5.8281126465881234 2.2295783098088569 1.5678927630651731 1.3809107098495581 4.3629573293728745 6.3085780860856167 29.4690565939527 22.518059452995658 16.149895232636485 2.5025390791706732 1.0535043654963372 3.5610650242306292 0.72213817457668472 1.3489366471767423 0.51948127150535572
leaf_count=1367 524 55 318 1039 1143 2984 3137 914 79 111 54 13 135 125
internal_value=0.000327885 0.00112527 -0.000493279 0.000223864 0.000578368 0.000578368 0.000578368 0.000941732 0.00258093 0.00695685 0.0112798 0.000578368 -0.00406275 -0.004708
internal_weight=99.5227 50.3047 49.218 42.8704 40.1406 35.7776 48.7368 46.5072 23.9891 7.83925 5.33671 1.77564 2.72985 6.34759
internal_count=11998 4887 7111 5619 5166 4127 4832 4308 1171 257 178 124 453 1492
is_linear=0
shrinkage=0.03


Tree=134
num_leaves=15
num_cat=0
split_feature=10 1 9 7 5 1 2 9 2 9 8 1 0 8
split_gain=0.0742624 0.303288 0.119944 0.103812 0.0564871 0.0772018 0.129327 0.0701756 0.0523327 0.203346 0.125187 0.293305 0.129657 0.0814152
threshold=55.63492063492064 99.029103334511618 26.624472573839665 10.102040816326532 85.136837088978169 73.525631332224421 94.670786142953872 92.961816305469569 73.40950444529345 83.431372549019628 89.323708206686945 6.5266353309831571 87.081718763454759 55.13722730471499
decision_type=2 2 2 2 2 2 2 2 2 2 2 2 2 2
left_child=2 8 -1 -4 5 6 7 -5 -2 10 -10 -12 -13 -11
right_child=1 -3 3 4 -6 -7 -8 -9 9 13 11 12 -14 -15
leaf_value=-0.0038551560931417363 0.00058554949670110189 0.01115156442435641 -0.0038551560931417363 -0.0038551560931417363 0.00058554949670110189 0.00058554949670110189 0.00058554949670110189 0.00058554949670110189 0.00058554949670110189 0.00058554949670110189 0.00058554949670110189 0.00058554949670110189 0.0062919065762976727 0.0082122436206063278
leaf_weight=7.036353863310068 23.084149646572769 1.583334069000556 2.6161553582642219 11.678827240946704 19.709910081932321 5.2754666141699991 1.2976287261117239 1.4978764709085215 10.583986424375331 1.8543151889462013 2.15941851492971 2.2108617734629661 4.7597823182586581 4.2334790055174381
leaf_count=1704 3434 55 428 2639 699 1181 169 291 933 122 42 115 55 131
internal_value=0.000329473 0.00112725 -0.000496486 0.000141643 0.000581497 -0.000984998 -0.00221084 -0.00350957 0.000585549 0.00191601 0.000585549 0.00394613 0.00629191 0.00629191
internal_weight=99.5815 50.4693 49.1122 42.0759 39.4597 19.7498 14.4743 13.1767 48.886 25.8018 19.714 9.13006 6.97064 6.08779
internal_count=11998 4887 7111 5407 4979 4280 3099 2930 4832 1398 1145 212 170 253
is_linear=0
shrinkage=0.03


Tree=135
num_leaves=8
num_cat=0
split_feature=9 11 7 11 2 1 11
split_gain=0.295238 0.313945 0.348759 0.225875 0.345362 0.153013 0.0104502
threshold=83.431372549019628 23.309614798490145 87.596153846153854 88.24967639867684 71.260019789431567 6.9006568144499187 9.0354225058143012
decision_type=2 2 2 2 2 2 2
left_child=5 -2 3 -3 -5 -1 -7
right_child=1 2 -4 4 -6 6 -8
leaf_value=-0.0049698436882182314 -0.001136438201467819 -0.001136438201467819 0.010070552170067561 -0.001136438201467819 0.010070552170067561 -0.0037863450879961663 -0.001136438201467819
leaf_weight=8.4592174699064326 5.6454639493022141 4.6670812128577364 6.1298369604628524 1.1855336739681663 2.4879845613613725 3.2927573758643112 67.62370998354163
leaf_count=678 974 738 244 89 54 523 8660
internal_value=-0.00031 0.00285044 0.00519152 0.000911465 0.00608548 -0.00113644 -0.00113644
internal_weight=99.4916 20.1159 14.4704 8.3406 3.67352 79.3757 70.9165
internal_count=11960 2099 1125 881 143 9861 9183
is_linear=0
shrinkage=0.03


Tree=136
num_leaves=9
num_cat=0
split_feature=9 11 2 1 11 1 1 1
split_gain=0.253677 0.287456 0.798973 0.170544 0.048716 0.0669533 0.0372265 0.00191405
threshold=83.431372549019628 79.925273451282848 74.596030537625197 6.9006568144499187 9.0354225058143012 99.320497429741138 4.1013328677026957 53.380010445227846
decision_type=2 2 2 2 2 2 2 2
left_child=3 6 -3 -1 5 7 -2 -5
right_child=1 2 -4 4 -6 -7 -8 -9
leaf_value=-0.0048959789798333278 -0.0048959789798333278 -0.00040895636921343465 0.013882524488817336 -0.0048959789798333278 -0.00040895636921343465 -0.00040895636921343465 -0.00040895636921343465 -0.0016836614012237581
leaf_weight=8.3267882734071446 0.42415440152398964 3.4268883345648629 4.7363585685379803 1.2571405157214028 67.579839058103971 0.32764366292394687 11.56316270586103 1.703476420836523
leaf_count=678 56 203 101 215 8660 17 1739 291
internal_value=-0.000310491 0.0026158 0.00661741 -0.0010784 -0.000567961 -0.00367805 -0.000408956 -0.00489598
internal_weight=99.3455 20.1506 8.16325 79.1949 70.8681 3.28826 11.9873 2.96062
internal_count=11960 2099 304 9861 9183 523 1795 506
is_linear=0
shrinkage=0.03


Tree=137
num_leaves=13
num_cat=0
split_feature=9 11 7 1 2 1 11 11 7 1 2 2
split_gain=0.21462 0.251096 0.344119 0.331585 0.458436 0.142909 0.0989859 0.0596403 0.0481669 0.0236342 0.0716183 0.0135472
threshold=83.431372549019628 23.309614798490145 87.596153846153854 41.133734517410623 81.60943506694359 0.48544833274419702 98.861024196101042 88.24967639867684 9.6006144393241186 6.9006568144499187 97.632566261009103 1.5483504331264977
decision_type=2 2 2 2 2 2 2 2 2 2 2 2
left_child=5 -2 7 4 -4 -1 8 -3 -7 10 -10 -11
right_child=1 2 3 -5 -6 6 -8 -9 9 11 -12 -13
leaf_value=-0.010446422175164009 -0.0010123090687136471 -0.0010123090687136471 0.00031958066157591978 0.015738698308781229 0.012205531900342594 -0.0048431744125396591 0.00031958066157591978 0.00031958066157591978 -0.00463750295044654 -0.0041768645708823533 -0.0010123090687136471 -0.0010123090687136471
leaf_weight=0.45662312558852036 5.6166077398229417 4.7296582204289717 1.529314094455912 2.6348160959314555 2.0269032292999327 2.3296956047415724 2.4249930582009247 3.6510406692977995 5.7126624223310492 0.43642997113056381 1.4600018642377106 66.30871245265007
leaf_count=38 974 738 70 129 45 492 117 143 531 107 52 8524
internal_value=-0.000305136 0.00238362 0.00448955 0.00930494 0.00213002 -0.00101231 -0.00101231 0.000319581 -0.00126497 -0.00108905 -0.00268026 -0.00101231
internal_weight=99.3175 20.1883 14.5717 6.19103 3.55622 79.1291 78.6725 8.3807 76.2475 73.9178 7.17266 66.7451
internal_count=11960 2099 1125 244 115 9861 9823 881 9706 9214 583 8631
is_linear=0
shrinkage=0.03


Tree=138
num_leaves=13
num_cat=0
split_feature=9 11 7 1 2 1 11 11 7 1 2 2
split_gain=0.224957 0.256657 0.340389 0.353507 0.440736 0.124529 0.100156 0.0629691 0.0450042 0.0146392 0.060358 0.0139158
threshold=83.431372549019628 23.309614798490145 87.596153846153854 41.133734517410623 81.60943506694359 0.48544833274419702 98.861024196101042 88.24967639867684 11.200716845878137 6.9006568144499187 97.632566261009103 1.5483504331264977
decision_type=2 2 2 2 2 2 2 2 2 2 2 2
left_child=5 -2 7 4 -4 -1 8 -3 -7 10 -10 -11
right_child=1 2 3 -5 -6 6 -8 -9 9 11 -12 -13
leaf_value=-0.0098888052389698496 -0.0010038485712205818 -0.0010038485712205818 0.00041186219174240237 0.015884775490310817 0.012000331322783265 -0.0043726620917576295 0.00041186219174240237 0.00041186219174240237 -0.0042619649365881803 -0.004164402074276586 -0.0010038485712205818 -0.0010038485712205818
leaf_weight=0.43248461512848635 5.6098693532403585 4.7265602552797628 1.5332826343365007 2.699137446237728 2.0399765453767031 3.0504378142068154 2.4569035356398663 3.6602330859750509 5.5732700438238671 0.43543441803194483 1.4571993844583628 65.541934686829336
leaf_count=38 974 738 70 129 45 625 117 143 522 107 52 8400
internal_value=-0.000276964 0.00246832 0.004581 0.00933236 0.00199172 -0.00100385 -0.00100385 0.000411862 -0.00125137 -0.00106363 -0.00234515 -0.00100385
internal_weight=99.2167 20.2691 14.6592 6.2724 3.57326 78.9477 78.5152 8.38679 76.0583 73.0078 7.03047 65.9774
internal_count=11960 2099 1125 244 115 9861 9823 881 9706 9081 574 8507
is_linear=0
shrinkage=0.03


Tree=139
num_leaves=8
num_cat=0
split_feature=9 11 7 11 2 7 11
split_gain=0.19638 0.239254 0.308445 0.193679 0.299385 0.0194639 0.0822048
threshold=83.431372549019628 23.309614798490145 87.596153846153854 88.24967639867684 71.260019789431567 10.102040816326532 95.34883024114292
decision_type=2 2 2 2 2 2 2
left_child=5 -2 3 -3 -5 6 -1
right_child=1 2 -4 4 -6 -7 -8
leaf_value=-0.0060517175894631665 -0.00093112477403279703 -0.00093112477403279703 0.0088924544359538088 -0.00093112477403279703 0.0088924544359538088 -0.00093112477403279703 -0.00093112477403279703
leaf_weight=2.5558378353016447 5.6023201462812748 4.727389181731267 6.2726783121470353 1.1902357202488931 2.4726031254976988 75.986783818691038 0.42001104541122902
leaf_count=544 974 738 244 89 54 9279 38
internal_value=-0.00025208 0.00231315 0.00436917 0.00040062 0.00548297 -0.000931125 -0.00308148
internal_weight=99.2279 20.2652 14.6629 8.39023 3.66284 78.9626 2.97585
internal_count=11960 2099 1125 881 143 9861 582
is_linear=0
shrinkage=0.03


Tree=140
num_leaves=8
num_cat=0
split_feature=9 8 0 11 7 10 0
split_gain=0.0553502 0.0850933 0.0668683 0.0592454 0.0481928 0.0383345 0.000695334
threshold=97.515432098765444 59.317129629629633 83.608504341731262 6.5633712692536239 9.6006144393241186 82.025641025641036 88.663559462407989
decision_type=2 2 2 2 2 2 2
left_child=3 6 -3 -1 5 -5 -2
right_child=1 2 -4 4 -6 -7 -8
leaf_value=-0.0036992259265637962 -0.00032925393188484414 -0.00021831921293576185 0.010538985121172663 -0.0036992259265637962 -0.00032925393188484414 -0.00032925393188484414 0.00062645635315992834
leaf_weight=3.7046456998214117 1.777075892081484 0.71133662061765768 0.60138703417032957 2.695978233707137 89.851108616683632 0.4029911879915743 0.50495081651024509
leaf_count=601 264 116 32 554 10380 80 30
internal_value=-0.000179558 0.00304108 0.00713591 -0.000329254 -0.000329254 -0.00368904 -0.000329254
internal_weight=100.249 3.59475 1.31272 96.6547 92.9501 3.09897 2.28203
internal_count=12057 442 148 11615 11014 634 294
is_linear=0
shrinkage=0.03


Tree=141
num_leaves=9
num_cat=0
split_feature=7 1 1 9 2 2 3 8
split_gain=0.0562854 0.180757 0.0887344 0.0612253 0.0572066 0.054824 0.316776 0.00480164
threshold=9.6006144393241186 99.320497429741138 54.151256374024705 97.515432098765444 94.42601548224961 94.42601548224961 82.427617641394377 59.317129629629633
decision_type=2 2 2 2 2 2 2 2
left_child=2 3 4 5 -1 -2 -7 -5
right_child=1 -3 -4 7 -6 6 -8 -9
leaf_value=-0.0085488355144756247 -0.00024625137309259963 0.0073672750894448946 -0.00024625137309259963 0.0033036438949583398 -0.00024625137309259963 -0.00024625137309259963 0.0033036438949583398 0.0058479400592343399
leaf_weight=1.5794833933468897 81.054173888405785 1.891228443942963 1.7160868451464919 2.0238913798239078 0.29041149513795983 4.4243448474444431 5.9340478517115116 1.3535446992609648
leaf_count=348 10298 77 341 261 28 434 122 148
internal_value=-0.000177704 -2.34226e-05 -0.00342515 -0.000246251 -0.00687922 -0.000246251 0.00189202 0.00330364
internal_weight=100.267 96.6812 3.58598 94.79 1.86989 91.4126 10.3584 3.37744
internal_count=12057 11340 717 11263 376 10854 556 409
is_linear=0
shrinkage=0.03


Tree=142
num_leaves=14
num_cat=0
split_feature=11 7 1 2 3 8 1 2 8 1 1 11 4
split_gain=0.0588446 0.0729707 0.15461 0.0771824 0.29275 0.171718 0.340953 0.193687 0.0584915 0.0491892 0.025746 0.0122184 0.00189946
threshold=6.5633712692536239 9.6006144393241186 99.320497429741138 51.053980053001403 98.247741143150762 95.904389152921439 7.7117625241402248 74.942381324114365 65.075757575757592 31.631024676179482 54.151256374024705 40.723436733358781 95.960795604501087
decision_type=2 2 2 2 2 2 2 2 2 2 2 2 2
left_child=-1 10 3 9 5 -5 -7 11 -6 12 -2 -8 -3
right_child=1 2 -4 4 8 6 7 -9 -10 -11 -12 -13 -14
leaf_value=-0.0030879568993655957 -0.0030879568993655957 -0.0030879568993655957 0.0072982810631146682 -0.00073191858127902689 0.0018387294315499662 -0.00073191858127902689 -0.00073191858127902689 0.0066721132530543226 0.0072982810631146682 -0.00073191858127902689 -0.00073191858127902689 0.0042641500188097354 -0.00073191858127902689
leaf_weight=4.75442331645172 1.6659307018853717 3.375775232678301 1.6927211058791716 49.348902538069524 2.6375641853082916 1.1452456319238979 0.43953248625621177 4.6579207798931748 2.7808781117200851 25.289125093724579 1.6032394643407313 0.62782543012872338 0.24265856691636134
leaf_count=761 353 764 63 4770 70 29 31 130 40 4646 313 74 13
internal_value=-0.000141675 3.54706e-05 0.000214239 3.52829e-06 0.000602143 -8.92639e-05 0.00403323 0.00667211 0.00667211 -0.00125032 -0.00308796 -0.000731919 -0.00308796
internal_weight=100.262 95.5073 92.2381 90.5454 61.6379 56.2194 6.87052 5.72528 5.41844 28.9076 3.26917 1.06736 3.61843
internal_count=12057 11296 10630 10567 5144 5034 264 235 110 5423 666 105 777
is_linear=0
shrinkage=0.03


Tree=143
num_leaves=12
num_cat=0
split_feature=11 10 3 2 1 7 2 7 9 10 1
split_gain=0.0540475 0.087564 0.204977 1.00719 0.773383 0.452954 0.129388 0.0587127 0.0335948 0.00754005 0.00294659
threshold=6.5633712692536239 56.647682639434414 87.081718763454759 93.058273205332043 47.846953127242465 76.516544117647072 51.053980053001403 9.6006144393241186 23.582887700534762 77.84992784992788 88.663559462407989
decision_type=2 2 2 2 2 2 2 2 2 2 2
left_child=9 7 -3 4 -4 6 -6 -2 10 -1 -9
right_child=1 2 3 -5 5 -7 -8 8 -10 -11 -12
leaf_value=-0.0038288978535607225 -0.0029751879769854082 -0.00086568517833854601 -0.00086568517833854601 0.014174023387265131 -0.00086568517833854601 0.014174023387265131 0.0058840746729681035 -0.0029751879769854082 -0.00086568517833854601 -0.00089291831654624346 -0.00086568517833854601
leaf_weight=2.7672997167101121 2.8313177430536589 26.535004645469598 7.855363534530631 4.5063905613496891 3.6837644721381348 3.0874257849063724 2.9728715044911951 4.6661756513640276 38.695032436400652 1.9733751928433774 0.69536727620288719
leaf_count=495 578 3875 277 66 148 56 87 1136 4912 266 161
internal_value=-0.00014798 2.16904e-05 0.00090437 0.00297459 -0.000500951 0.00720179 0.00202101 -0.000893752 -0.000865685 -0.00297519 -0.00297519
internal_weight=100.269 95.5287 48.6408 22.1058 17.5994 9.74406 6.65664 46.8879 44.0566 4.74067 5.36154
internal_count=12057 11296 4509 634 568 291 235 6787 6209 761 1297
is_linear=0
shrinkage=0.03


Tree=144
num_leaves=12
num_cat=0
split_feature=11 10 3 2 1 7 2 7 2 10 1
split_gain=0.0535367 0.0881814 0.192444 0.950635 0.775013 0.398954 0.128692 0.0589519 0.0107911 0.00710206 0.00297424
threshold=6.5633712692536239 56.647682639434414 87.081718763454759 93.058273205332043 47.846953127242465 76.516544117647072 51.053980053001403 9.6006144393241186 4.3891202009933119 77.84992784992788 0.94563176249664682
decision_type=2 2 2 2 2 2 2 2 2 2 2
left_child=9 7 -3 4 -4 6 -6 -2 -9 -1 -10
right_child=1 2 3 -5 5 -7 -8 8 10 -11 -12
leaf_value=-0.003725642902001862 -0.0028945718037704741 -0.00074857896718343942 -0.00074857896718343942 0.013856610696403534 -0.00074857896718343942 0.013856610696403534 0.0060972247216403265 -0.0028945718037704741 -0.0028945718037704741 -0.00087189716378362528 -0.00074857896718343942
leaf_weight=2.7592223652172825 2.8204534706892437 26.486919164191931 7.7931459650863024 4.5072517022490493 3.6505893096327764 3.2052541971206665 3.017108395928517 1.0258458384778339 0.64477621181867917 1.9756406415253875 42.13415701710619
leaf_count=495 578 3875 277 66 148 56 87 268 46 266 5895
internal_value=-7.92311e-05 8.92763e-05 0.000972906 0.00297285 -0.000397562 0.00727727 0.00231316 -0.000833986 -0.000748579 -0.00289457 -0.000748579
internal_weight=100.02 95.2855 48.6603 22.1733 17.6661 9.87295 6.6677 46.6252 43.8048 4.73486 42.7789
internal_count=12057 11296 4509 634 568 291 235 6787 6209 761 5941
is_linear=0
shrinkage=0.03


Tree=145
num_leaves=9
num_cat=0
split_feature=1 2 11 9 11 11 1 9
split_gain=0.0662038 0.216174 0.441206 0.0257854 0.228181 0.0604017 0.0535003 0.00581102
threshold=5.6933428283770846 94.42601548224961 94.195727577398131 96.178188899707905 85.783723127805345 99.762751742072041 75.849534582302354 70.627450980392169
decision_type=2 2 2 2 2 2 2 2
left_child=1 2 7 5 6 -2 -5 -1
right_child=3 -3 -4 4 -6 -7 -8 -9
leaf_value=-0.016688710479930691 -0.0013528756252346116 -0.0013528756252346116 -0.0013528756252346116 -0.0013528756252346116 0.0080348838313435041 0.0042235336549696339 0.0044873749871606325 -0.0045736830021303153
leaf_weight=1.7638045994099214 81.875046169618145 3.834366119466722 2.0095134892035276 2.8091489574871953 1.6350903925485907 0.85758787649683554 1.1273344838991759 1.0526170732919125
leaf_count=288 10625 185 86 399 52 28 151 124
internal_value=-0.00163012 -0.00402436 -0.00810143 -0.00135288 0.000599023 -0.00135288 -0.00135288 -0.0145457
internal_weight=96.9645 8.6603 4.82594 88.3042 5.57157 82.7326 3.93648 2.81642
internal_count=11938 683 498 11255 602 10653 550 412
is_linear=0
shrinkage=0.03


Tree=146
num_leaves=9
num_cat=0
split_feature=1 2 11 11 9 9 9 1
split_gain=0.0492238 0.187975 0.37914 0.0151 0.0754636 0.0238489 0.0215463 0.00236167
threshold=5.6933428283770846 94.42601548224961 94.195727577398131 90.48171472765442 96.178188899707905 97.515432098765444 24.852941176470591 48.25113309331563
decision_type=2 2 2 2 2 2 2 2
left_child=1 2 -1 5 6 -2 -5 -8
right_child=3 -3 -4 4 -6 -7 7 -9
leaf_value=-0.013644964206104261 -0.0013687870792561854 -0.0013687870792561854 -0.0013687870792561854 -0.0013687870792561854 0.0045982248379569206 0.0012681427568149554 -0.00051415255596746448 0.00016785699963342839
leaf_weight=2.7561266790144128 63.113606841303408 3.835706238867715 2.0284034889191389 3.3688153754919865 1.3427524715661991 3.0191163865383706 10.660704446723686 6.8717935415916136
leaf_count=412 9814 185 86 264 34 431 360 352
internal_value=-0.0016108 -0.00369181 -0.00757726 -0.00136879 -0.000553147 -0.00136879 -0.00107893 -0.000252208
internal_weight=96.997 8.62024 4.78453 88.3768 22.2441 66.1327 20.9013 17.5325
internal_count=11938 683 498 11255 1010 10245 976 712
is_linear=0
shrinkage=0.03


Tree=147
num_leaves=9
num_cat=0
split_feature=2 1 9 10 10 1 10 9
split_gain=0.0339241 0.0287643 0.0969266 0.144477 0.0203625 0.0265336 0.0100377 0.00158402
threshold=2.0563183320620397 41.91547831253714 94.878352678864204 70.859704641350234 7.1946169772256736 30.062581552377214 11.970149253731345 99.418604651162795
decision_type=2 2 2 2 2 2 2 2
left_child=-1 4 6 -4 5 -2 -3 -6
right_child=1 2 3 -5 7 -7 -8 -9
leaf_value=-0.0058396602295100412 -0.0058396602295100412 -0.0018119722153287165 -0.001328467730188019 0.0083524546012393921 -0.0018119722153287165 -0.0018119722153287165 -0.001328467730188019 -0.001328467730188019
leaf_weight=0.79615620197728176 1.9640240829903626 3.2116727477405211 2.7195338623132548 1.4205357439350335 42.624149412964471 0.69415602879598726 42.642960549332201 0.87193524488247831
leaf_count=198 185 557 343 100 4608 73 5755 119
internal_value=-0.00160365 -0.00150883 -0.00097855 0.00297197 -0.0020503 -0.00438866 -0.00139105 -0.00181197
internal_weight=96.9451 96.149 49.9947 4.14007 46.1543 2.65818 45.8546 43.4961
internal_count=11938 11740 6755 443 4985 258 6312 4727
is_linear=0
shrinkage=0.03


Tree=148
num_leaves=10
num_cat=0
split_feature=2 1 11 9 11 10 10 1 1
split_gain=0.0318919 0.0275986 0.0989197 0.0828665 0.274779 0.110219 0.0628553 0.134592 0.0897975
threshold=2.0563183320620397 41.91547831253714 89.547074066076462 94.878352678864204 22.652532326100744 69.79992790194666 77.84992784992788 20.144800121103444 37.170142384582199
decision_type=2 2 2 2 2 2 2 2 2
left_child=-1 2 6 -3 -5 -6 8 -8 -2
right_child=1 3 -4 4 5 -7 7 -9 -10
leaf_value=-0.0057323522126026052 -0.0048268787833841073 -0.00099598181206896281 -0.00099598181206896281 -0.00099598181206896281 0.0010702585059849865 0.012738810035290758 -0.0040063713360578915 -0.00099598181206896281 -0.00099598181206896281
leaf_weight=0.79243091423995693 18.188816828303981 45.808023814926855 16.543835995253175 1.551085750106721 1.3918148260563614 1.1937686721794305 4.3361416130792332 4.2314295126125216 2.8583246310008681
leaf_count=198 3004 6312 654 241 155 47 482 440 405
internal_value=-0.00160996 -0.00151729 -0.00204827 -0.000995982 0.00283967 0.00850792 -0.00315147 -0.000995982 -0.00400637
internal_weight=96.8957 96.1032 46.1585 49.9447 4.13667 2.58558 29.6147 8.56757 21.0471
internal_count=11938 11740 4985 6755 443 202 4331 922 3409
is_linear=0
shrinkage=0.03


Tree=149
num_leaves=6
num_cat=0
split_feature=2 1 9 9 1
split_gain=0.029857 0.0300728 0.063626 0.00454004 0.181699
threshold=2.0563183320620397 5.6933428283770846 85.889894419306202 96.178188899707905 75.849534582302354
decision_type=2 2 2 2 2
left_child=-1 2 -2 -3 -5
right_child=1 3 -4 4 -6
leaf_value=-0.0055835573679398239 -0.004663131256855314 -0.0012986018333573076 -0.0012986018333573076 -0.0012986018333573076 0.0067712326716747291
leaf_weight=0.78643509792163868 7.0709878278430534 81.800356123014353 1.4264981450978664 4.0391324085649094 1.6256489257793871
leaf_count=198 593 10459 90 437 161
internal_value=-0.00158298 -0.00149295 -0.00314601 -0.0012986 -0.000367954
internal_weight=96.7491 95.9626 8.49749 87.4651 5.66478
internal_count=11938 11740 683 11057 598
is_linear=0
shrinkage=0.03


Tree=150
num_leaves=9
num_cat=0
split_feature=9 7 1 11 4 2 11 4
split_gain=0.126302 0.163574 0.201159 0.363288 0.0323323 0.0239008 0.0206611 0.0346971
threshold=96.178188899707905 32.799692622950822 22.948839787756398 39.975490196078439 83.200104493207945 2.0563183320620397 6.5633712692536239 5.3085199824330269
decision_type=2 2 2 2 2 2 2 2
left_child=5 -2 -3 4 -4 -1 -7 -8
right_child=1 2 3 -5 -6 6 7 -9
leaf_value=-0.0034919128186770418 1.8484382116575633e-05 1.8484382116575633e-05 1.8484382116575633e-05 0.016675586413541062 0.0048197356515159847 -0.0019904179648706369 -0.0019904179648706369 1.8484382116575633e-05
leaf_weight=0.74561878526583214 1.6238239090889681 1.3267051777802406 1.0168315726332369 1.8032817796338347 0.42100313468836237 3.7080205471720538 2.0980938349384806 85.39360695623327
leaf_count=183 241 92 193 75 23 606 467 10075
internal_value=0.000318159 0.00414694 0.00697949 0.0103287 1.84844e-05 1.84844e-05 1.84844e-05 1.84844e-05
internal_weight=98.137 6.19165 4.56782 3.24112 1.43783 91.9453 91.1997 87.4917
internal_count=11955 624 383 291 216 11331 11148 10542
is_linear=0
shrinkage=0.03


Tree=151
num_leaves=10
num_cat=0
split_feature=9 8 1 11 2 4 11 7 7
split_gain=0.14779 0.366107 0.352884 0.303936 0.024112 0.015687 0.0327782 0.0135529 0.000562266
threshold=96.178188899707905 58.387445887445899 22.948839787756398 39.975490196078439 2.0563183320620397 5.3085199824330269 6.5633712692536239 94.014925373134346 80.15151515151517
decision_type=2 2 2 2 2 2 2 2 2
left_child=4 -2 -3 -4 -1 8 7 -7 -6
right_child=1 2 3 -5 5 6 -8 -9 -10
leaf_value=-0.0034827944490941247 4.6630675997849731e-05 4.6630675997849731e-05 4.6630675997849731e-05 0.020802841202323705 -0.0032676457478305102 -0.0020243184079652057 4.6630675997849731e-05 4.6630675997849731e-05 -0.0020243184079652057
leaf_weight=0.74225454847328265 2.9026531905401489 1.1008609042037281 0.74014908890239928 1.4700114217121152 1.9782101635355496 2.9771077760960902 85.351535473717377 0.40468905074521888 0.40842521656304587
leaf_count=183 420 51 114 39 437 475 10075 73 88
internal_value=0.000371831 0.00450662 0.0105212 0.0157398 4.66307e-05 4.66307e-05 4.66307e-05 -0.00202432 -0.00202432
internal_weight=98.0759 6.21367 3.31102 2.21016 91.8622 91.12 88.7333 3.3818 2.38664
internal_count=11955 624 204 153 11331 11148 10623 548 525
is_linear=0
shrinkage=0.03


Tree=152
num_leaves=9
num_cat=0
split_feature=9 8 11 2 4 11 7 7
split_gain=0.121885 0.329017 0.109363 0.0238243 0.0143881 0.0324212 0.012167 0.00112347
threshold=96.178188899707905 58.387445887445899 26.296621912735663 2.0563183320620397 5.3085199824330269 6.5633712692536239 94.014925373134346 80.15151515151517
decision_type=2 2 2 2 2 2 2 2
left_child=3 -2 -3 -1 7 6 -6 -5
right_child=1 2 -4 4 5 -7 -8 -9
leaf_value=-0.0034293678081709954 8.1519830059669643e-05 8.1519830059669643e-05 0.011948852744697326 -0.003157112368404972 -0.001906439698619612 8.1519830059669643e-05 8.1519830059669643e-05 -0.001906439698619612
leaf_weight=0.740055171540006 2.9027615340892217 0.68656004779040847 2.6422429815866053 1.9700086276279756 2.9754397708456959 85.317464246880263 0.40495287533849467 0.4081724437419324
leaf_count=183 420 129 75 437 475 10075 73 88
internal_value=0.000377763 0.00412776 0.00986712 8.15198e-05 8.15198e-05 8.15198e-05 -0.00190644 -0.00190644
internal_weight=98.0477 6.23156 3.3288 91.8161 91.076 88.6979 3.38039 2.37818
internal_count=11955 624 204 11331 11148 10623 548 525
is_linear=0
shrinkage=0.03


Tree=153
num_leaves=11
num_cat=0
split_feature=9 8 1 11 2 4 11 7 5 7
split_gain=0.108503 0.317592 0.314283 0.261184 0.0237101 0.0121179 0.0261206 0.0116862 0.00239516 0.00189118
threshold=96.178188899707905 58.387445887445899 22.948839787756398 39.975490196078439 2.0563183320620397 5.3085199824330269 6.5633712692536239 94.014925373134346 80.516503077965965 80.15151515151517
decision_type=2 2 2 2 2 2 2 2 2 2
left_child=4 -2 -3 8 -1 9 7 -7 -4 -6
right_child=1 2 3 -5 5 6 -8 -9 -10 -11
leaf_value=-0.0033823345304819395 0.00012290850269780439 0.00012290850269780439 0.00012290850269780439 0.019247010600016927 -0.0029613087260285846 -0.0017103435854374819 0.00012290850269780439 0.00012290850269780439 0.0015646286980020669 -0.0017103435854374819
leaf_weight=0.7379911586176594 2.9064548837486646 1.0923344341572376 0.41941082617268 1.4860760432202367 1.9569267469923937 2.9467611961299549 85.282156842877157 0.40498648246284563 0.32399993855506182 0.40789280063472677
leaf_count=183 420 51 100 39 437 475 10075 73 14 88
internal_value=0.000403105 0.00394217 0.00963801 0.0145711 0.000122909 0.000122909 0.000122909 -0.00171034 0.000122909 -0.00171034
internal_weight=97.965 6.22828 3.32182 2.22949 91.7367 90.9987 88.6339 3.35175 0.743411 2.36482
internal_count=11955 624 204 153 11331 11148 10623 548 114 525
is_linear=0
shrinkage=0.03


Tree=154
num_leaves=11
num_cat=0
split_feature=9 8 1 11 11 4 3 7 3 9
split_gain=0.115852 0.321274 0.317482 0.260811 0.0139073 0.0279253 0.00639624 0.017009 0.00134198 0.00379597
threshold=96.178188899707905 58.387445887445899 22.948839787756398 39.975490196078439 6.5633712692536239 5.3085199824330269 87.469583493679892 94.014925373134346 22.167460775090287 33.527131782945737
decision_type=2 2 2 2 2 2 2 2 2 2
left_child=4 -2 -3 -4 6 -6 7 -1 9 -7
right_child=1 2 3 -5 5 8 -8 -9 -10 -11
leaf_value=-0.0045193845166587492 0.0001041444724829601 0.0001041444724829601 0.0001041444724829601 0.019257630693662067 -0.0015423738099710131 -0.0014261028450156487 -0.0015423738099710131 -0.0015423738099710131 0.0001041444724829601 -0.00010479632366935062
leaf_weight=1.9136604898376388 2.9066018983721724 1.0928422752767804 0.7431082823313776 1.513915902469307 2.2566768892575046 2.4526719040004528 1.3106288395356385 0.39661714038811613 78.361353304469958 4.9223974591586739
leaf_count=454 420 51 114 39 522 726 90 71 8112 1356
internal_value=0.000394312 0.00404337 0.00971463 0.0146329 0.000104144 0.000104144 -0.00154237 -0.00311007 0.000104144 -0.000662026
internal_weight=97.8705 6.25647 3.34987 2.25702 91.614 87.9931 3.62091 2.31028 85.7364 7.37507
internal_count=11955 624 204 153 11331 10716 615 525 10194 2082
is_linear=0
shrinkage=0.03


Tree=155
num_leaves=13
num_cat=0
split_feature=3 2 1 11 11 11 2 8 9 7 7 7
split_gain=0.156545 0.213699 0.0275994 0.0256316 0.0724132 0.0218364 0.0169363 0.0065091 0.0353157 0.00696844 0.00459523 0.000254459
threshold=98.601368203133077 74.596030537625197 0.48544833274419702 81.507708358768895 99.263802572626119 6.5633712692536239 1.5483504331264977 92.131062951496403 25.976661593099951 8.0322580645161299 71.16161616161618 1.9803921568627454
decision_type=2 2 2 2 2 2 2 2 2 2 2 2
left_child=2 3 -1 -2 5 -4 -7 8 10 11 -8 -10
right_child=1 -3 4 -5 -6 6 7 -9 9 -11 -12 -13
leaf_value=-0.0043519810732817353 -0.00041946320002067176 0.0088504575462858108 -0.002482793224684927 0.0020740035416370413 0.0020740035416370413 -0.002482793224684927 -0.0023380543927148849 -0.00041946320002067176 -0.0023380543927148849 -0.00041946320002067176 -0.00041946320002067176 -0.00083522064676663571
leaf_weight=0.6213182705687349 2.1256599051412186 3.0150535171851516 4.0314497957006088 2.7386222598142922 2.2984358135145149 0.48944365861825545 10.556180850602681 14.547431663726455 0.28228778531774823 55.992906288825907 1.3160278415307409 1.8344816967146469
leaf_count=51 73 57 763 47 96 127 2207 816 40 7179 266 356
internal_value=-8.17045e-05 0.00372496 -0.000444391 -0.000419463 -0.000419463 -0.000553162 -0.000433863 -0.000419463 -0.000716588 -0.000419463 -0.00214274 -0.00186205
internal_weight=99.8493 7.87934 91.97 4.86428 91.3486 89.0502 85.0188 84.5293 69.9819 58.1097 11.8722 2.11677
internal_count=12078 177 11901 120 11850 11754 10991 10864 10048 7575 2473 396
is_linear=0
shrinkage=0.03


Tree=156
num_leaves=8
num_cat=0
split_feature=0 3 1 11 2 1 11
split_gain=0.0908019 0.0482588 0.236817 0.0226856 0.0143941 0.0125157 0.000377148
threshold=99.759325764596866 98.601368203133077 29.248491849570019 6.5633712692536239 1.5483504331264977 0.48544833274419702 81.507708358768895
decision_type=2 2 2 2 2 2 2
left_child=1 3 -3 -1 -5 -6 -4
right_child=-2 2 6 4 5 -7 -8
leaf_value=-0.0024834188265132054 0.0050100414645317601 -0.00043440912742146419 0.0017330454419467707 -0.0024834188265132054 -0.0024834188265132054 -0.00043440912742146419 0.0050100414645317601
leaf_weight=3.9079489778960115 2.0554107052739701 2.266344384988769 2.4806980476714671 0.48601200873963435 0.58540211105719109 85.628560039331205 2.2682587578892708
leaf_count=761 46 48 71 127 44 10941 40
internal_value=-8.44197e-05 -0.000241393 0.00199473 -0.000434409 -0.000434409 -0.000434409 0.00501004
internal_weight=99.6786 97.6232 7.0153 90.6079 86.7 86.214 4.74896
internal_count=12078 12032 159 11873 11112 10985 111
is_linear=0
shrinkage=0.03


Tree=157
num_leaves=9
num_cat=0
split_feature=0 3 1 11 1 2 9 11
split_gain=0.085985 0.0388441 0.2183 0.0200019 0.0182014 0.00903743 0.00859967 0.00180869
threshold=99.759325764596866 98.601368203133077 29.248491849570019 1.2336199836199839 0.48544833274419702 1.5483504331264977 36.417112299465252 81.507708358768895
decision_type=2 2 2 2 2 2 2 2
left_child=1 3 -3 -1 -5 6 -6 -4
right_child=-2 2 7 4 5 -7 -8 -9
leaf_value=-0.0038670883315953808 0.004822968658933338 -0.00041894103222948149 0.0017343402420104503 -0.0036826102611282304 -0.0036826102611282304 -0.00041894103222948149 -0.00041894103222948149 0.004822968658933338
leaf_weight=0.52882117428816755 2.1080919145606449 2.2658622725866726 2.5254593743011355 0.58780880598351259 0.20990966260433097 88.880608948529698 0.31963610136881471 2.2961830291897058
leaf_count=113 46 48 71 44 49 11578 89 40
internal_value=-9.11954e-05 -0.000245154 0.00175192 -0.000418941 -0.000418941 -0.000418941 -0.00293975 0.00482297
internal_weight=99.7224 97.6143 7.0875 90.5268 89.998 89.4102 0.529546 4.82164
internal_count=12078 12032 159 11873 11760 11716 138 111
is_linear=0
shrinkage=0.03


Tree=158
num_leaves=10
num_cat=0
split_feature=4 0 11 8 11 2 9 9 8
split_gain=0.0551275 0.204285 0.0222787 0.0154142 0.0497069 0.0102467 0.00947828 0.00434318 0.00254022
threshold=97.864765678648226 99.759325764596866 1.2336199836199839 89.323708206686945 88.901458019105078 1.5483504331264977 36.417112299465252 3.7268518518518521 94.771018455228997
decision_type=2 2 2 2 2 2 2 2 2
left_child=2 3 -1 4 -2 6 -4 -7 -9
right_child=1 -3 5 -5 -6 7 -8 8 -10
leaf_value=-0.0039602427827208353 -0.00031358353097439551 0.0086680935900049945 -0.0039602427827208353 0.0016109695803635676 0.0016109695803635676 -0.0017172203736578857 -0.00031358353097439551 -0.00031358353097439551 0.00031521859080089494
leaf_weight=0.51518653985112806 2.0307795072440022 1.9745991753879941 0.20874521741643448 2.7961585025768727 3.7865645012352616 1.6047561019659031 0.31913164304569364 75.670877441181801 10.683063575648701
leaf_count=110 138 41 49 37 68 282 89 10629 635
internal_value=-6.34363e-05 0.00188487 -0.000313584 -0.000313584 -0.000313584 -0.000313584 -0.00283341 -0.000313584 -0.000313584
internal_weight=99.5899 10.5881 89.0018 8.6135 5.81734 88.4866 0.527877 87.9587 86.3539
internal_count=12078 284 11794 243 206 11684 138 11546 11264
is_linear=0
shrinkage=0.03


Tree=159
num_leaves=8
num_cat=0
split_feature=4 0 3 3 9 8 2
split_gain=0.0531404 0.196537 0.0485901 0.0275303 0.0315776 0.0203214 0.022152
threshold=97.864765678648226 99.759325764596866 96.713016238332713 87.87532071284933 95.018672224910375 84.028985507246389 56.090012928248228
decision_type=2 2 2 2 2 2 2
left_child=3 2 -2 4 5 -1 -7
right_child=1 -3 -4 -5 -6 6 -8
leaf_value=-0.0016087696377532327 -0.00027340818185956999 0.0083741503925031813 0.0033355767056149062 -0.00027340818185956999 -0.00027340818185956999 -0.0016087696377532327 -0.00027340818185956999
leaf_weight=39.214830728014931 6.2608140248339605 2.0892907327506682 2.3759947146754712 34.327213412849233 4.5151865908410391 3.6541451608063635 7.2671480833087116
leaf_count=8397 189 41 54 1307 661 835 594
internal_value=-2.61086e-05 0.00187374 -0.000273408 -0.000273408 -0.000941665 -0.00129479 -0.000273408
internal_weight=99.7046 10.7261 8.63681 88.9785 54.6513 50.1361 10.9213
internal_count=12078 284 243 11794 10487 9826 1429
is_linear=0
shrinkage=0.03


Tree=160
num_leaves=11
num_cat=0
split_feature=11 1 8 11 9 2 2 7 1 11
split_gain=0.0790735 0.0767149 0.389725 0.40993 0.952545 0.0556791 0.0421567 0.0341133 0.0318609 0.0192783
threshold=2.4272416637209857 41.91547831253714 66.06451612903227 23.309614798490145 44.374120956399445 9.9999233927805378 34.313286745384239 9.6006144393241186 89.417534663126617 65.40315106580168
decision_type=2 2 2 2 2 2 2 2 2 2
left_child=-1 6 -3 -4 8 -6 -2 -8 -5 -10
right_child=1 2 3 4 5 -7 7 -9 9 -11
leaf_value=-0.0054951666943569349 -0.0039288940307729584 -0.00075675561900917846 -0.00075675561900917846 -0.00075675561900917846 0.0021829003790774628 0.012702005332328278 -0.0039288940307729584 -0.00075675561900917846 -0.00075675561900917846 0.0021829003790774628
leaf_weight=1.3016495619667683 2.827461933833546 28.963455480057746 4.3252820600755539 6.3661359904799637 0.96468373248353501 8.7091721629258227 0.9664639940019687 41.637486959225498 0.57771426043473173 1.0234983477275816
leaf_count=294 666 4724 434 708 128 658 237 4006 79 55
internal_value=8.00635e-07 0.000130719 0.000921707 0.00389807 0.00606358 0.0119558 -0.000756756 -0.000756756 -0.000756756 0.0021829
internal_weight=97.663 96.3614 50.9299 21.9665 17.6412 9.67386 45.4314 42.604 7.96735 1.60121
internal_count=11989 11695 6786 2062 1628 786 4909 4243 842 134
is_linear=0
shrinkage=0.03


Tree=161
num_leaves=10
num_cat=0
split_feature=11 1 8 1 8 8 7 11 9
split_gain=0.0822771 0.0677605 0.25205 0.0205059 0.130616 0.0280528 0.0247367 0.00586088 0.00343255
threshold=2.4272416637209857 99.029103334511618 71.964912280701768 41.91547831253714 75.532879818594111 66.06451612903227 9.6006144393241186 90.135406523855906 87.047930283224417
decision_type=2 2 2 2 2 2 2 2 2
left_child=-1 3 -3 6 5 -5 8 -8 -2
right_child=1 2 -4 4 -6 -7 7 -9 -10
leaf_value=-0.0056372093462804329 -0.0046210122601619821 -5.5971690541301254e-05 0.010712899402316227 -0.00068783582447212515 0.0026471158691825001 -5.5971690541301254e-05 -0.0011742002127307807 -0.00068783582447212515 -0.0011742002127307807
leaf_weight=1.2977246735244978 0.76990347250830271 1.4547977079637342 1.5041257739067075 27.490983490017246 16.234677400439978 4.4955362682230762 28.619925470789894 15.547577848425133 0.29519543168134987
leaf_count=294 203 95 33 4637 1496 525 4067 573 66
internal_value=-2.63318e-05 0.000106285 0.00395064 -5.59717e-05 -5.59717e-05 -0.000579282 -0.000687836 -0.000687836 -0.00400592
internal_weight=97.7104 96.4127 2.95892 93.4538 48.2212 31.9865 45.2326 44.1675 1.0651
internal_count=11989 11695 128 11567 6658 5162 4909 4640 269
is_linear=0
shrinkage=0.03


Tree=162
num_leaves=13
num_cat=0
split_feature=11 8 1 11 9 1 5 11 9 5 9 3
split_gain=0.0756665 0.0579942 0.169973 0.112599 0.10512 0.0685506 0.182222 0.334573 0.498964 0.0672252 0.00138255 0.000326822
threshold=2.4272416637209857 49.675324675324681 99.029103334511618 99.762751742072041 98.742088607594951 45.475914263617284 83.200104493207945 22.652532326100744 38.507877664504186 75.452497952497964 81.438415159345411 88.663559462407989
decision_type=2 2 2 2 2 2 2 2 2 2 2 2
left_child=-1 11 3 4 5 10 -7 -8 -9 -6 -3 -2
right_child=1 2 -4 -5 9 6 7 8 -10 -11 -12 -13
leaf_value=-0.0054326642931297013 -0.001458938907285463 -0.0011642373400895351 0.0070025397720180202 0.0070025397720180202 -0.0011103267714473273 -0.0011103267714473273 -0.0011103267714473273 -0.0011103267714473273 0.0064440569540094089 0.0070025397720180202 -0.0011103267714473273 -0.0011642373400895351
leaf_weight=1.2870449235197146 17.993746328400483 28.941554045071825 2.4600789414253077 1.0020970318000753 0.62920941482297965 14.178899887017904 2.9092662655748454 4.302604781696572 10.66833828575909 0.56801113579422235 6.8200870780274263 5.9103607437573364
leaf_count=294 4371 2670 79 25 94 3105 94 144 209 28 465 411
internal_value=-3.91958e-05 8.78709e-05 0.000511043 0.000187584 -1.57208e-05 -0.000221732 0.00077309 0.00275786 0.00494109 0.00644406 -0.00111033 -0.00116424
internal_weight=97.6713 96.3843 72.4801 70.0201 69.018 67.8208 32.0591 17.8802 14.9709 1.19722 35.7616 23.9041
internal_count=11989 11695 6913 6834 6809 6687 3552 447 353 122 3135 4782
is_linear=0
shrinkage=0.03


Tree=163
num_leaves=12
num_cat=0
split_feature=11 9 5 2 1 5 7 11 5 2 9
split_gain=0.073827 0.0597227 0.0604253 0.0300879 0.0276608 0.0713574 0.0255807 0.025232 0.0211098 0.00596001 0.00140767
threshold=2.4272416637209857 98.742088607594951 75.452497952497964 1.5483504331264977 41.91547831253714 83.200104493207945 9.6006144393241186 90.135406523855906 75.849534582302354 58.591571826865952 98.742088607594951
decision_type=2 2 2 2 2 2 2 2 2 2 2
left_child=10 3 9 -2 6 -6 -5 -8 -9 -3 -1
right_child=1 2 -4 4 5 -7 7 8 -10 -11 -12
leaf_value=-0.0057047478607171673 -0.004216731836472005 -0.00036152570051792271 0.0071196364516496633 -0.0040774451905026448 -0.00036152570051792271 0.0018806165246765597 -0.001305156080354335 -0.001305156080354335 -0.00036152570051792271 0.0016481533165058325 -0.00046057965429154306
leaf_weight=1.0396677191602051 0.54631615453399618 0.62067785183899038 1.1507501078303901 1.0565039677312587 24.979956484166905 24.579960098490119 27.702591157169081 1.6690882984548796 13.631177142029626 0.51053538825362921 0.23953230399638425
leaf_count=244 144 141 64 268 5738 744 3952 293 271 80 50
internal_value=-1.86198e-05 0.0001064 0.00408462 -3.19144e-05 -3.19144e-05 -3.19144e-05 -0.000781867 -0.000610077 -0.000361526 -3.19144e-05 -0.00535569
internal_weight=97.7268 96.4476 2.28196 94.1656 93.6193 49.5599 44.0594 43.0029 15.3003 1.13121 1.2792
internal_count=11989 11695 285 11410 11266 6482 4784 4516 564 221 294
is_linear=0
shrinkage=0.03


Tree=164
num_leaves=13
num_cat=0
split_feature=11 1 8 3 9 11 3 2 2 1 7 2
split_gain=0.0722614 0.0649225 0.499073 0.455455 0.419849 0.920434 0.055647 0.0404012 0.0245785 0.0192318 0.0157424 0.00113085
threshold=6.5633712692536239 41.91547831253714 66.06451612903227 69.59539705976762 44.374120956399445 21.69243009774949 89.064180286217393 34.313286745384239 39.181821106131117 92.154380739637645 9.6006144393241186 94.346440044135974
decision_type=2 2 2 2 2 2 2 2 2 2 2 2
left_child=9 7 -3 -4 6 -6 -5 -2 -7 -1 -9 -12
right_child=1 2 3 4 5 8 -8 10 -10 -11 11 -13
leaf_value=-0.0042536973510651005 -0.0034383975709097818 -0.00070004535733878687 -0.00070004535733878687 -0.00070004535733878687 0.00080775672195192638 0.0072752058198093236 0.00080775672195192638 -0.0034383975709097818 0.017491108534221707 -0.00070004535733878687 -0.0012684820016733026 -0.00070004535733878687
leaf_weight=3.6100690999301142 2.6946870156098148 28.044492996414192 5.8431204317603287 2.3678988930769256 1.5577514835167656 2.51861368608661 3.9900527661666274 0.87252941098995407 5.178551837336272 0.78020360320806492 31.075963630108163 9.1337693370878679
leaf_count=681 639 4517 1415 185 58 94 101 229 114 100 3346 510
internal_value=-6.06313e-05 0.000133134 0.000869248 0.00435585 0.00699779 0.0107568 0.000807757 -0.000700045 0.0153692 -0.0034384 -0.000700045 -0.000700045
internal_weight=97.6677 93.2774 49.5005 21.456 15.6129 9.25492 6.35795 43.7769 7.69717 4.39027 41.0823 40.2097
internal_count=11989 11208 6484 1967 552 266 286 4724 208 781 4085 3856
is_linear=0
shrinkage=0.03


Tree=165
num_leaves=11
num_cat=0
split_feature=2 3 11 1 11 2 7 8 2 4
split_gain=0.232879 0.667364 0.11276 0.0549044 0.0438532 0.0262924 0.0210351 0.0244708 0.055492 0.00428446
threshold=94.709925442684082 82.427617641394377 79.925273451282848 0.94563176249664682 1.5277179376705445 1.5483504331264977 9.6006144393241186 49.675324675324681 76.175955145149473 10.552478161732664
decision_type=2 2 2 2 2 2 2 2 2 2
left_child=3 -2 -3 -1 -5 -6 9 8 -8 -7
right_child=1 2 -4 4 5 6 7 -9 -10 -11
leaf_value=-0.0048470525134973654 0.0004643032711841254 0.0046915352442408785 0.01615515370901871 -0.0043613176983519023 -0.0037035341866024757 -0.0037035341866024757 -0.0019027963017843397 0.0004643032711841254 0.0004643032711841254 -0.0019027963017843397
leaf_weight=0.75925876840483297 4.6347837219946069 2.4537589417304844 2.5561299179680645 0.74100992653984477 0.55340294539928336 0.37471569329500232 13.137771774665454 66.631616433849558 6.3074374630814409 3.0698316305642948
leaf_count=57 426 78 33 168 146 83 3240 6514 787 584
internal_value=0.000957826 0.00515993 0.0122553 0.000464303 0.000464303 0.000464303 0.000464303 0.000464303 -0.000837666 -0.0019028
internal_weight=101.22 9.64467 5.00989 91.575 90.8158 90.0748 89.5214 86.0768 19.4452 3.44455
internal_count=12116 537 111 11579 11522 11354 11208 10541 4027 667
is_linear=0
shrinkage=0.03


Tree=166
num_leaves=11
num_cat=0
split_feature=2 4 11 1 11 4 11 8 7 9
split_gain=0.224515 0.515659 0.15778 0.049787 0.0400942 0.0260196 0.238547 0.032093 0.034789 0.00369452
threshold=94.709925442684082 95.597438463584893 83.950043992570158 0.94563176249664682 1.5277179376705445 97.864765678648226 89.192295744019901 49.675324675324681 16.794871794871799 92.961816305469569
decision_type=2 2 2 2 2 2 2 2 2 2
left_child=3 2 -2 -1 9 7 -7 -6 -9 -5
right_child=1 -3 -4 4 5 6 -8 8 -10 -11
leaf_value=-0.0045698087347230869 0.00050084499790871396 0.011809823641674259 0.0078391690464117564 -0.0045698087347230869 -0.00065044342563912573 0.00050084499790871396 0.0073733213947561674 -0.00065044342563912573 0.00050084499790871396 -0.00065044342563912573
leaf_weight=0.75248859205748786 3.1037963021080923 4.4003562349826097 2.1124808716122061 0.44515545561443914 20.989551422419026 2.7374200336635104 4.1108537442050874 1.4497502157464612 60.741429845802486 0.28837593947537243
leaf_count=57 360 108 69 96 4597 121 66 292 6278 72
internal_value=0.000985702 0.00511797 0.000500845 0.000500845 0.000500845 0.000500845 0.00233655 0.000500845 0.000500845 -0.00412544
internal_weight=101.132 9.61663 5.21628 91.515 90.7625 90.029 6.84827 83.1807 62.1912 0.733531
internal_count=12116 537 429 11579 11522 11354 187 11167 6570 168
is_linear=0
shrinkage=0.03


Tree=167
num_leaves=10
num_cat=0
split_feature=2 0 10 11 11 2 7 1 1
split_gain=0.156691 0.379555 0.112372 0.130509 0.0430601 0.0285155 0.0257375 0.0845731 0.0188087
threshold=94.709925442684082 89.417534663126617 76.552854938271608 86.426955397543651 1.5277179376705445 1.5483504331264977 9.6006144393241186 54.151256374024705 0.94563176249664682
decision_type=2 2 2 2 2 2 2 2 2
left_child=4 -2 3 -3 -1 -6 7 -7 -8
right_child=1 2 -4 -5 5 6 8 -9 -10
leaf_value=-0.0041578837318688487 0.00058975379984198858 0.00058975379984198858 0.013566067401883708 0.0083910084199600374 -0.0035576470134790071 -0.0035576470134790071 -0.0031218749286821366 0.00058975379984198858 0.00058975379984198858
leaf_weight=0.73477262211963434 3.0937537043355388 2.2714289594441652 2.1091531827114522 2.2232192535884678 0.54933614772744377 1.6490882243961089 0.71285988949239154 1.7901683882810173 85.904705210821703
leaf_count=169 358 105 42 32 146 351 54 318 10541
internal_value=0.000999031 0.00443851 0.00870212 0.0043661 0.000589754 0.000589754 0.000589754 -0.00180732 0.000589754
internal_weight=101.038 9.69756 6.6038 4.49465 91.3409 90.6062 90.0568 3.43926 86.6176
internal_count=12116 537 179 137 11579 11410 11264 669 10595
is_linear=0
shrinkage=0.03


Tree=168
num_leaves=12
num_cat=0
split_feature=9 7 4 11 11 1 7 8 4 4 4
split_gain=0.0736502 0.122032 0.194297 0.136626 0.0493933 0.0321518 0.0234964 0.0188931 0.00705203 0.00551755 0.000304564
threshold=97.515432098765444 49.626865671641802 79.351790929344006 72.629352744442272 1.5277179376705445 0.94563176249664682 9.6006144393241186 25.176056338028172 10.552478161732664 98.601368203133077 6.1150582482381717
decision_type=2 2 2 2 2 2 2 2 2 2 2
left_child=4 -2 3 -3 -1 -6 8 9 -7 10 -8
right_child=1 2 -4 -5 5 6 7 -9 -10 -11 -12
leaf_value=-0.0045464862932612805 0.00078032679936950453 0.00078032679936950453 0.013673898875858924 0.010155639681286983 -0.0024548784081747394 -0.0024548784081747394 -0.0018683920055752817 0.00078032679936950453 -0.00087031030769123957 0.00078032679936950453 -0.00082891276984383506
leaf_weight=0.58812340209260483 1.3420978065114457 1.11129058431834 1.1449952181428669 0.43558253487572063 1.8807457988150407 0.38540195289533574 0.49961626401636561 83.202204951667227 2.7913848148891702 0.41319651273079205 7.1497170622460544
leaf_count=135 209 194 53 16 97 88 140 8885 566 13 1720
internal_value=0.000973009 0.00452738 0.00778449 0.000780327 0.000780327 0.000780327 0.000780327 0.000780327 -0.00164219 -0.00087031 -0.00087031
internal_weight=100.944 4.03397 2.69187 1.54687 96.9104 96.3223 94.4415 91.2647 3.17679 8.06253 7.64933
internal_count=12116 472 263 210 11644 11509 11412 10758 654 1873 1860
is_linear=0
shrinkage=0.03


Tree=169
num_leaves=14
num_cat=0
split_feature=2 4 11 1 2 7 4 11 8 2 4 4 11
split_gain=0.131114 0.363182 0.116701 0.0306661 0.028139 0.0252673 0.0619862 0.215879 0.0486281 0.0145662 0.0213502 0.010019 0.0148301
threshold=94.709925442684082 95.597438463584893 83.950043992570158 0.94563176249664682 1.5483504331264977 9.6006144393241186 97.864765678648226 89.192295744019901 49.675324675324681 35.10800879181263 56.934064305823092 10.552478161732664 19.024956142832895
decision_type=2 2 2 2 2 2 2 2 2 2 2 2 2
left_child=3 2 -2 -1 -5 11 8 -8 -7 10 -10 -6 -13
right_child=1 -3 -4 4 5 6 7 -9 9 -11 -12 12 -14
leaf_value=-0.0033959818492764354 0.00063412097421835113 0.0098244975971451976 0.0071564542517189482 -0.0033959818492764354 -0.0033959818492764354 -0.00088237449276468713 0.00062956846469368365 0.0071564542517189482 -0.00088237449276468713 0.00062956846469368365 0.00062956846469368365 -0.0033959818492764354 -0.00088237449276468713
leaf_weight=0.72405447636265208 3.1606869185343367 4.447509283432737 2.108780671376735 0.54592020669951935 0.36785314301960337 18.31854267779272 2.5792311972472808 4.011863018386066 9.0368721699342114 48.113928162492812 4.4205407649278632 0.54772669950034503 2.537885096273385
leaf_count=57 360 108 69 146 83 4059 115 61 1929 4160 375 140 454
internal_value=0.00101055 0.00415491 0.000634121 0.000634121 0.000634121 0.000634121 0.000634121 0.00348443 0.000629568 0.000629568 -0.000725815 -0.00172269 -0.000882374
internal_weight=100.921 9.71698 5.26947 91.2044 90.4804 89.9344 86.481 6.59109 79.8899 61.5713 13.4574 3.45346 3.08561
internal_count=12116 537 429 11579 11522 11376 10699 176 10523 6464 2304 677 594
is_linear=0
shrinkage=0.03


Tree=170
num_leaves=15
num_cat=0
split_feature=10 1 8 2 3 1 2 1 3 2 3 11 9 1
split_gain=0.105157 0.158736 0.212259 0.340248 0.128414 0.124994 0.211844 0.0628952 0.169892 0.0601148 0.025705 0.0380951 0.0320189 0.00807107
threshold=56.647682639434414 9.7336120634988905 93.127066603684469 74.942381324114365 85.540692180486658 5.3085199824330269 94.721661417534804 43.483602179254362 89.814715532585623 97.132821841371069 95.960795604501087 99.762751742072041 96.178188899707905 97.864765678648226
decision_type=2 2 2 2 2 2 2 2 2 2 2 2 2 2
left_child=5 -2 9 7 -5 6 -1 -4 -9 10 11 12 13 -3
right_child=1 2 3 4 -6 -7 -8 8 -10 -11 -12 -13 -14 -15
leaf_value=-0.011910064102748237 -0.0015985282903559482 -0.0015985282903559482 -0.00010434466244248883 0.0025993219301060884 0.012461212962808534 -0.0015985282903559482 -0.0015985282903559482 -0.00010434466244248883 0.0078502840546428865 0.0025993219301060884 -0.00010434466244248883 -0.00010434466244248883 -0.00010434466244248883 -0.00010434466244248883
leaf_weight=1.8991916570812457 8.4405127320205775 22.145754156750662 1.01144534954801 2.5716944874729961 3.1997130289673805 45.753181353094988 1.1767292132135478 1.4296272541396322 2.4970166482962668 0.73324130685068567 3.5373640584293744 0.45913241687230666 1.193981337128206 1.0764936062041659
leaf_count=259 498 3549 93 85 34 6835 90 189 45 35 108 10 150 95
internal_value=-0.000630994 0.000359804 0.00126271 0.00467435 0.00909966 -0.00159853 -0.00691141 -0.000104345 0.00259932 -0.000104345 -0.000492798 -0.00113683 -0.00159853 -0.00159853
internal_weight=97.1251 48.296 39.8555 10.7095 5.77141 48.8291 3.07592 4.93809 3.92664 29.146 28.4127 24.8754 24.4162 23.2222
internal_count=12075 4891 4393 446 119 7184 349 327 234 3947 3912 3804 3794 3644
is_linear=0
shrinkage=0.03


Tree=171
num_leaves=9
num_cat=0
split_feature=11 1 10 9 8 2 3 2
split_gain=0.0862256 0.0590707 0.0425139 0.315297 0.087975 0.391938 0.0507374 0.0184348
threshold=99.762751742072041 0.94563176249664682 70.859704641350234 95.861872146118728 95.904389152921439 74.596030537625197 97.104941505151046 94.709925442684082
decision_type=2 2 2 2 2 2 2 2
left_child=1 -1 6 4 -4 -6 7 -3
right_child=-2 2 3 -5 5 -7 -8 -9
leaf_value=-0.0054252684738612285 0.0054784474027417462 -0.0021750051119541337 -0.0010568304079052336 0.0054784474027417462 -0.0010568304079052336 0.0054784474027417462 -0.0010568304079052336 -0.0010568304079052336
leaf_weight=1.3840403702342872 1.0565907086711366 50.57806042698212 23.058863338083036 2.6009648856706908 1.9342424820642907 3.2229784040246159 8.3640904992353153 4.8175675724633029
leaf_count=87 34 8075 2950 157 108 54 261 349
internal_value=-0.000621444 -0.000744416 -0.00061987 0.000288993 -0.000851474 0.00258196 -0.00105683 -0.0019676
internal_weight=97.0174 95.9608 94.5768 30.817 28.2161 5.15722 63.7597 55.3956
internal_count=12075 12041 11954 3269 3112 162 8685 8424
is_linear=0
shrinkage=0.03


Tree=172
num_leaves=11
num_cat=0
split_feature=10 1 2 9 11 11 2 3 1 2
split_gain=0.0563261 0.145177 0.167954 0.148844 0.236344 0.118316 0.0721509 0.0492512 0.0476245 0.169246
threshold=56.647682639434414 9.7336120634988905 97.251043039086525 96.178188899707905 35.00629722921915 99.762751742072041 74.596030537625197 95.597438463584893 5.3085199824330269 94.670786142953872
decision_type=2 2 2 2 2 2 2 2 2 2
left_child=8 -2 3 5 -5 6 7 -3 9 -1
right_child=1 2 -4 4 -6 -7 -8 -9 -10 -11
leaf_value=-0.009836713564999832 -0.001323635070656231 -0.001323635070656231 0.0098453486056046813 8.854976025733454e-05 0.0098453486056046813 0.0082429914679244386 8.854976025733454e-05 8.854976025733454e-05 -0.001323635070656231 -0.001323635070656231
leaf_weight=1.7415541670052328 8.439922910067251 17.749735524528663 0.87722055241465469 0.73424039105884675 1.4763295715674756 0.53731571254320343 14.333124924451111 4.2517075310461214 45.682190776104107 1.1992018863093106
leaf_count=252 498 3169 34 113 53 11 883 130 6835 97
internal_value=-0.000613324 0.000112613 0.00106814 0.00063042 0.00682596 8.85498e-05 -0.000249595 -0.00132364 -0.00132364 -0.00468833
internal_weight=97.0225 48.3996 39.9597 39.0825 2.21057 36.8719 36.3346 22.0014 48.6229 2.94076
internal_count=12075 4891 4393 4359 166 4193 4182 3299 7184 349
is_linear=0
shrinkage=0.03


Tree=173
num_leaves=9
num_cat=0
split_feature=11 10 9 11 1 2 1 2
split_gain=0.0737327 0.0285436 0.169484 0.119931 0.0306749 0.150244 0.0164091 0.00492788
threshold=99.762751742072041 56.647682639434414 96.178188899707905 35.00629722921915 5.3085199824330269 94.670786142953872 9.7336120634988905 2.0563183320620397
decision_type=2 2 2 2 2 2 2 2
left_child=1 4 6 -4 5 -1 -3 -6
right_child=-2 2 3 -5 7 -7 -8 -9
leaf_value=-0.0089304033201512267 0.0050191558165789477 -0.00098265282496029006 -0.00070969821144500921 0.0050191558165789477 -0.0029239967078365809 -0.00098265282496029006 -0.00070969821144500921 -0.00098265282496029006
leaf_weight=1.6542160764802241 1.0712692847009737 7.5765562180895349 0.79310856410302166 2.2367753454018384 0.43299595930147816 1.149878369644284 37.268094732309692 44.790400203550234
leaf_count=250 34 470 123 67 119 96 4216 6700
internal_value=-0.000602766 -0.000716713 -0.000191292 0.00501916 -0.00122588 -0.00385903 -0.000709698 -0.000982653
internal_weight=96.9733 95.902 47.8745 3.02988 48.0275 2.80409 44.8447 45.2234
internal_count=12075 12041 4876 190 7165 346 4686 6819
is_linear=0
shrinkage=0.03


Tree=174
num_leaves=9
num_cat=0
split_feature=11 10 9 11 3 2 8 11
split_gain=0.0675447 0.024764 0.159131 0.113341 0.0370124 0.0402979 0.0201905 0.00152482
threshold=99.762751742072041 56.647682639434414 96.178188899707905 35.00629722921915 98.601368203133077 94.709925442684082 75.532879818594111 90.135406523855906
decision_type=2 2 2 2 2 2 2 2
left_child=1 4 7 -4 5 6 -1 -3
right_child=-2 2 3 -5 -6 -7 -8 -9
leaf_value=-0.0025891844524128741 0.0047451145472853689 -0.00075104045462720656 -0.00075104045462720656 0.0047451145472853689 -0.00075104045462720656 -0.00075104045462720656 -0.0010135942144387298 -0.00036143024980983622
leaf_weight=28.341790341190062 1.0762965704780061 33.13750829116907 0.79375649709254448 2.2212483291514218 3.6295060745906076 3.6822206329088649 12.26796776242554 11.756603387184439
leaf_count=5306 34 4198 123 67 109 312 1438 488
internal_value=-0.000632532 -0.00074131 -0.00025058 0.00474511 -0.00121676 -0.0017421 -0.00214901 -0.00075104
internal_weight=96.9069 95.8306 47.9091 3.015 47.9215 44.292 40.6098 44.8941
internal_count=12075 12041 4876 190 7165 7056 6744 4686
is_linear=0
shrinkage=0.03


Tree=175
num_leaves=10
num_cat=0
split_feature=9 8 11 8 9 2 2 2 2
split_gain=0.138715 0.083239 0.014186 0.045567 0.00745209 0.0340801 0.0128136 0.00148448 0.000995467
threshold=98.164983164983184 49.675324675324681 61.965624366853525 49.675324675324681 35.355392156862756 94.346440044135974 6.9455919308754188 96.597566737538401 75.03204180222815
decision_type=2 2 2 2 2 2 2 2 2
left_child=2 8 4 7 5 -1 -6 -4 -2
right_child=1 -3 3 -5 6 -7 -8 -9 -10
leaf_value=-0.0032161566869872639 -0.0011056878024294134 0.008164090023359459 -0.0013516363645778586 0.00018168611051048449 -0.0032161566869872639 -0.0013516363645778586 -0.0013516363645778586 -0.00079536238253422801 0.00019860991114577949
leaf_weight=10.803128892905077 0.84173068404197626 1.5617642560973761 10.677567479200652 40.970395789481699 1.327659021597358 1.4930354116950173 28.680167910875753 1.1088635707274086 0.36762230633758008
leaf_count=2428 154 193 1589 2388 340 135 4738 36 41
internal_value=-0.000579301 0.005078 -0.000795362 -0.000795362 -0.00135164 -0.00215278 -0.00135164 -0.00135164 -0.000795362
internal_weight=97.8319 2.77112 95.0608 52.7568 42.304 12.2962 30.0078 11.7864 1.20935
internal_count=12042 388 11654 4013 7641 2563 5078 1625 195
is_linear=0
shrinkage=0.03


Tree=176
num_leaves=7
num_cat=0
split_feature=9 8 8 11 9 2
split_gain=0.127383 0.0826244 0.0122538 0.00929723 0.0043293 0.00063882
threshold=98.164983164983184 49.675324675324681 4.1381278538812785 1.5277179376705445 85.889894419306202 75.03204180222815
decision_type=2 2 2 2 2 2
left_child=2 5 -1 4 -4 -2
right_child=1 -3 3 -5 -6 -7
leaf_value=-0.0032889563186169952 -0.00075548923217430238 0.0079354419279461311 -0.0032889563186169952 -0.00075548923217430238 -0.00075548923217430238 0.00018460563672732181
leaf_weight=0.80715792917180706 0.83470484707504444 1.5737022934481499 0.33066065760794927 93.622371487785131 0.20826486987061799 0.36776547273620963
leaf_count=230 154 193 75 11294 55 41
internal_value=-0.000548044 0.00486914 -0.000755489 -0.000755489 -0.00320547 -0.000755489
internal_weight=97.7446 2.77617 94.9685 94.1613 0.538926 1.20247
internal_count=12042 388 11654 11424 130 195
is_linear=0
shrinkage=0.03


Tree=177
num_leaves=10
num_cat=0
split_feature=9 11 9 11 8 2 11 11 9
split_gain=0.0762908 0.0694031 0.182207 0.0291128 0.0304634 0.0106652 0.0223496 0.021738 0.0216268
threshold=98.164983164983184 98.861024196101042 39.520528280218208 21.020693809574436 74.568334796605228 6.9455919308754188 6.8839839623687604 87.336044446990101 83.431372549019628
decision_type=2 2 2 2 2 2 2 2 2
left_child=1 5 -3 -2 -5 7 -7 -1 -8
right_child=3 2 -4 4 -6 6 8 -9 -10
leaf_value=-0.0036420264784407241 0.00017999994657725418 -0.00086230816486021781 0.0036040910904153738 0.0036040910904153738 0.0094227735655795317 -0.0023995757412519762 -0.00086230816486021781 -0.00086230816486021781 0.00017999994657725418
leaf_weight=2.9667091675801203 1.4840493290685115 1.1737135783769184 1.8826796035282312 0.89570636488497235 0.49078422226011753 3.5316773877711958 69.365559710538946 0.40969657688401628 15.502169915242119
leaf_count=711 232 69 59 129 27 599 8759 51 1406
internal_value=-0.000539238 -0.000700955 0.00316224 0.00360409 0.00565795 -0.000862308 -0.000862308 -0.00239958 -0.000862308
internal_weight=97.7027 94.8322 3.05639 2.87054 1.38649 91.7758 88.3994 3.37641 84.8677
internal_count=12042 11654 128 388 156 11526 10764 762 10165
is_linear=0
shrinkage=0.03


Tree=178
num_leaves=10
num_cat=0
split_feature=9 11 9 11 8 2 11 11 9
split_gain=0.0682603 0.0650183 0.176421 0.0261734 0.0233378 0.010331 0.0215648 0.0223169 0.0161551
threshold=98.742088607594951 98.861024196101042 39.520528280218208 22.984333538047952 11.803405572755418 6.9455919308754188 87.336044446990101 6.8839839623687604 83.431372549019628
decision_type=2 2 2 2 2 2 2 2 2
left_child=1 5 -3 -2 -5 6 -1 -7 -9
right_child=3 2 -4 4 -6 7 -8 8 -10
leaf_value=-0.0036174547903079671 0.00011336136543259406 -0.00085843911942556212 0.0034840749541152011 0.0034840749541152011 0.0086443812815030392 -0.0030075085662041147 -0.00085843911942556212 -0.00085843911942556212 0.00011336136543259406
leaf_weight=2.9647117741405959 1.3661374605726444 1.1748162345029407 1.8725847746245561 0.71392986131831981 0.57552619092166424 3.6437251594616091 0.40985926520079363 69.338462625513785 15.646301130298523
leaf_count=713 207 69 59 90 45 626 51 8759 1423
internal_value=-0.000555073 -0.00070302 0.00304196 0.00348407 0.00544589 -0.000858439 -0.002373 -0.000858439 -0.000858439
internal_weight=97.7061 95.0505 3.0474 2.65559 1.28946 92.0031 3.37457 88.6285 84.9848
internal_count=12042 11700 128 342 135 11572 764 10808 10182
is_linear=0
shrinkage=0.03


Tree=179
num_leaves=10
num_cat=0
split_feature=9 11 9 11 8 2 11 11 9
split_gain=0.064313 0.0548877 0.169345 0.0242505 0.0218643 0.0099194 0.0211929 0.0230903 0.011374
threshold=98.742088607594951 98.861024196101042 39.520528280218208 22.984333538047952 11.803405572755418 6.9455919308754188 87.336044446990101 6.8839839623687604 83.431372549019628
decision_type=2 2 2 2 2 2 2 2 2
left_child=1 5 -3 -2 -5 6 -1 -7 -9
right_child=3 2 -4 4 -6 7 -8 8 -10
leaf_value=-0.0034985100443838454 0.00014451562266569541 -0.00078060721348580575 0.0034185282442936778 0.0034185282442936778 0.0084178645987076257 -0.0029661268233185296 -0.00078060721348580575 -0.00078060721348580575 0.00014451562266569541
leaf_weight=2.9555711597204204 1.3665190734900532 1.1753166581038379 1.8715780097991226 0.72066516289487459 0.58077308209612966 3.6006570423487565 0.40958700072951604 69.219377472647466 15.696385094197465
leaf_count=713 207 69 59 90 45 626 51 8759 1423
internal_value=-0.000493137 -0.000637565 0.002803 0.00341853 0.00529974 -0.000780607 -0.0022587 -0.000780607 -0.000780607
internal_weight=97.5964 94.9285 3.04689 2.66796 1.30144 91.8816 3.36516 88.5164 84.9158
internal_count=12042 11700 128 342 135 11572 764 10808 10182
is_linear=0
shrinkage=0.03


Tree=180
num_leaves=8
num_cat=0
split_feature=0 1 11 1 9 9 9
split_gain=0.222737 0.07114 0.0498848 0.03092 0.0510125 0.0177303 0.0139215
threshold=99.759325764596866 0.48544833274419702 6.8839839623687604 99.029103334511618 49.705882352941181 3.7268518518518521 98.437875510694553
decision_type=2 2 2 2 2 2 2
left_child=1 -1 -3 5 -5 -4 -7
right_child=-2 2 3 4 -6 6 -8
leaf_value=-0.0071701694089613835 0.0073672354893971163 -0.0033077867570060564 -0.0030294801591605773 -0.00046054023303964688 0.0053823263595119027 -0.00046054023303964688 0.0017019112244897748
leaf_weight=0.48383079026825626 2.2360030920244744 4.4980450094444668 1.4501049566315476 1.2217007407452904 1.2015044931322334 84.263464335235767 1.836760977283119
leaf_count=42 47 814 276 64 50 10529 211
internal_value=-0.000380618 -0.00063794 -0.000529733 -0.000356017 0.00245176 -0.00046054 -0.00046054
internal_weight=97.1914 94.9554 94.4716 89.9735 2.42321 87.5503 86.1002
internal_count=12033 11986 11944 11130 114 11016 10740
is_linear=0
shrinkage=0.03


Tree=181
num_leaves=12
num_cat=0
split_feature=11 2 1 9 9 4 8 9 4 9 1
split_gain=0.053484 0.0862177 0.18041 0.0801961 0.0409493 0.230782 0.0482292 0.0211595 0.0205445 0.0513821 0.000316698
threshold=6.8839839623687604 51.053980053001403 97.864765678648226 95.354232989801986 83.431372549019628 92.154380739637645 58.387445887445899 3.7268518518518521 97.864765678648226 75.937646507266777 39.56559963668969
decision_type=2 2 2 2 2 2 2 2 2 2 2
left_child=-1 3 4 -2 7 -6 -7 -3 9 -9 -5
right_child=1 2 -4 10 5 6 -8 8 -10 -11 -12
leaf_value=-0.0032318585292718232 -0.0021607284081770341 -0.0021607284081770341 0.009443056626451618 -0.0021607284081770341 0.00014548492732351347 0.0018857607792263649 0.0088125403964992178 -0.001170017350735363 0.0017809837562495815 0.00014548492732351347 0.00014548492732351347
leaf_weight=4.6089462386444202 28.418658537091694 0.78183126309886475 0.93934542196802695 0.50046268547885064 8.0397968515753728 2.1203562293667337 2.5999551019631326 34.876540093217045 7.0732363460119805 5.4264995486009857 1.8049684211146084
leaf_count=819 5482 141 33 43 744 94 43 3804 191 433 206
internal_value=-0.000385932 -0.000211234 0.000434658 -0.00148433 0.000145485 0.00159016 0.00657464 -0.000261862 0.000145485 0.000145485 0.000145485
internal_weight=97.1906 92.5817 61.8576 30.7241 60.9182 12.7601 4.72031 48.1581 47.3763 40.303 2.30543
internal_count=12033 11214 5483 5731 5450 881 137 4569 4428 4237 249
is_linear=0
shrinkage=0.03


Tree=182
num_leaves=10
num_cat=0
split_feature=0 1 11 0 1 9 9 9 1
split_gain=0.182592 0.02859 0.0305621 0.0279568 0.0686456 0.0931829 0.0357018 0.0301544 0.00555738
threshold=99.759325764596866 0.48544833274419702 6.8839839623687604 90.20806366556404 51.791637242943665 79.502625888168069 94.878352678864204 95.354232989801986 96.713016238332713
decision_type=2 2 2 2 2 2 2 2 2
left_child=1 -1 8 4 5 -4 -5 -6 -3
right_child=-2 2 3 6 7 -7 -8 -9 -10
leaf_value=-0.0048441400926937635 0.0066159653856364192 -0.0030403694574809639 -0.0027571726393019885 0.00019481923538095495 0.00019481923538095495 0.00019481923538095495 0.0033603639670607066 0.0030724548430453636 0.0001665324511741817
leaf_weight=0.44791927584446867 2.2346351379528633 4.0017231373349196 21.401882071048025 28.49035303934944 28.11582591070329 7.50042870058678 2.2460044319741419 2.281920099630951 0.42751905135810364
leaf_count=42 47 755 4008 996 4891 932 56 247 59
internal_value=-0.000401978 -0.000634464 -0.00056397 -0.000426976 -0.000803013 -0.00182389 0.00030096 0.000194819 -0.00275717
internal_weight=97.1482 94.9136 94.4657 90.0364 59.3001 28.9023 30.7364 30.3977 4.42924
internal_count=12033 11986 11944 11130 10078 4940 1052 5138 814
is_linear=0
shrinkage=0.03


Tree=183
num_leaves=11
num_cat=0
split_feature=11 2 1 9 9 4 9 9 1 9
split_gain=0.0420868 0.0587446 0.131923 0.0670695 0.0280929 0.0263427 0.212003 0.0214703 0.0176673 0.00604747
threshold=6.8839839623687604 51.053980053001403 97.864765678648226 95.354232989801986 3.7268518518518521 92.154380739637645 83.431372549019628 55.488621151271765 29.248491849570019 31.612258494337112
decision_type=2 2 2 2 2 2 2 2 2 2
left_child=-1 3 4 -2 -3 9 7 -7 -8 -6
right_child=1 2 -4 -5 5 6 8 -9 -10 -11
leaf_value=-0.0029558719018855368 -0.0019766003694130538 -0.0019766003694130538 0.0079014045212735702 2.0946133257672416e-05 -0.001135377534175482 2.0946133257672416e-05 0.002858685345703783 0.0019131726331564744 0.0079014045212735702 2.0946133257672416e-05
leaf_weight=4.5673425162676713 28.326725816121332 0.77525712491478671 0.97397439205087621 2.3095961471553883 8.2593262476148066 11.483509702840825 2.828617693623527 6.305406851693987 2.0102776954881847 29.2942863071803
leaf_count=819 5482 141 33 249 1280 414 83 205 54 3273
internal_value=-0.000420194 -0.000264827 0.000268469 -0.00131728 2.09461e-05 0.000148927 0.00104361 2.09461e-05 0.00609631 2.09461e-05
internal_weight=97.1343 92.567 61.9307 30.6363 60.9567 60.1814 22.6278 17.7889 4.8389 37.5536
internal_count=12033 11214 5483 5731 5450 5309 756 619 137 4553
is_linear=0
shrinkage=0.03


Tree=184
num_leaves=9
num_cat=0
split_feature=11 2 11 9 9 1 1 9
split_gain=0.0294981 0.0398471 0.103223 0.229816 0.0972109 0.0420921 0.104351 0.0405853
threshold=6.8839839623687604 51.053980053001403 90.135406523855906 25.150602409638555 86.930641821946196 31.631024676179482 9.7336120634988905 95.354232989801986
decision_type=2 2 2 2 2 2 2 2
left_child=-1 5 6 -4 -5 -2 -3 -7
right_child=1 2 3 4 -6 7 -8 -9
leaf_value=-0.002537137266017796 -0.002537137266017796 -0.002537137266017796 -0.0007365672355444863 0.0022118990132078257 0.0076444949716119046 -0.0019382256794077907 -0.0007365672355444863 -0.0007365672355444863
leaf_weight=4.5369222925510249 3.5499451730866118 6.2867109426297239 2.9351482097990838 15.671460513724016 3.1972418848890802 25.083371668471962 33.924408940365538 1.8424692852422584
leaf_count=819 827 756 195 461 78 4688 3993 216
internal_value=-0.000407085 -0.00027658 0.00016221 0.00177937 0.00347085 -0.00114626 -0.000736567 -0.000736567
internal_weight=97.0277 92.4908 62.015 21.8039 18.8687 30.4758 40.2111 26.9258
internal_count=12033 11214 5483 734 539 5731 4749 4904
is_linear=0
shrinkage=0.03


Tree=185
num_leaves=7
num_cat=0
split_feature=1 11 4 4 7 9
split_gain=0.0979341 0.0772731 0.0735256 0.0406366 0.0237332 0.00855164
threshold=99.029103334511618 6.8839839623687604 61.278585068231585 97.864765678648226 96.992311171415665 83.975308641975317
decision_type=2 2 2 2 2 2
left_child=1 4 -2 5 -1 -3
right_child=2 3 -4 -5 -6 -7
leaf_value=-0.0047380462311126647 -0.00025568578655155345 -0.00046916722486128887 0.0071929550377345438 0.0015835230491402803 -0.00046916722486128887 -0.00025568578655155345
leaf_weight=3.7847270884085438 1.2384485371876501 65.811392323579639 1.7118248646147547 8.7191242007538658 0.2735372835304587 15.724182938458396
leaf_count=718 101 9234 30 237 66 1605
internal_value=-0.000271656 -0.000460835 0.00436167 -0.000255686 -0.00407078 -0.000469167
internal_weight=97.2632 94.313 2.95027 90.2547 4.05826 81.5356
internal_count=11991 11860 131 11076 784 10839
is_linear=0
shrinkage=0.03


Tree=186
num_leaves=7
num_cat=0
split_feature=1 11 4 4 7 9
split_gain=0.0858657 0.069696 0.0666433 0.0473478 0.0223563 0.00873252
threshold=99.029103334511618 6.8839839623687604 61.278585068231585 97.864765678648226 96.992311171415665 83.975308641975317
decision_type=2 2 2 2 2 2
left_child=1 4 -2 5 -1 -3
right_child=2 3 -4 -5 -6 -7
leaf_value=-0.0044965685365686908 -0.00020745025770602037 -0.00043829633656679675 0.0067953303601870569 0.0017788442359448471 -0.00043829633656679675 -0.00020745025770602037
leaf_weight=3.7662380904657757 1.2373767544049763 65.802052183542401 1.7280363300815222 8.6968636724632216 0.27323419833555807 15.735094449482856
leaf_count=718 101 9234 30 237 66 1605
internal_value=-0.000223736 -0.000401571 0.00410536 -0.00020745 -0.00383622 -0.000438296
internal_weight=97.2389 94.2735 2.96541 90.234 4.03947 81.5371
internal_count=11991 11860 131 11076 784 10839
is_linear=0
shrinkage=0.03


Tree=187
num_leaves=9
num_cat=0
split_feature=11 4 2 7 2 9 7 7
split_gain=0.0373996 0.0704406 0.113059 0.234905 0.0198873 0.00301022 0.0023853 0.000339751
threshold=6.5633712692536239 97.864765678648226 82.500438036594844 44.058823529411775 2.0563183320620397 83.975308641975317 7.7524038461538476 98.260738052026625
decision_type=2 2 2 2 2 2 2 2
left_child=-1 4 -3 -4 -2 6 -6 -8
right_child=1 2 3 -5 5 -7 7 -9
leaf_value=-0.0027497284300127705 -0.0027497284300127705 -0.00036894402457174227 -0.00036894402457174227 0.0089856247801470106 -0.0016356825871394996 -0.00036894402457174227 -0.00056624614664578282 -0.00036894402457174227
leaf_weight=4.0226934978272757 0.72695704305078734 3.1667679846286756 2.3980239266529679 3.3910888212267309 1.1638012554030854 16.044996415963396 64.632531766314059 1.6163631570525456
leaf_count=763 189 111 52 77 299 1602 8703 195
internal_value=-0.000227786 -9.08131e-05 0.00229806 0.00467471 -0.000368944 -0.000368944 -0.000588648 -0.000546205
internal_weight=97.1632 93.1405 8.95588 5.78911 84.1846 83.4577 67.4127 66.2489
internal_count=11991 11228 240 129 10988 10799 9197 8898
is_linear=0
shrinkage=0.03


Tree=188
num_leaves=9
num_cat=0
split_feature=9 0 11 7 0 11 2 7
split_gain=0.0380493 0.110888 0.0393208 0.0227799 0.0228197 0.034553 0.0197449 0.0176029
threshold=97.515432098765444 95.220689260361823 6.5633712692536239 49.626865671641802 83.608504341731262 66.362596213854815 2.0563183320620397 9.6006144393241186
decision_type=2 2 2 2 2 2 2 2
left_child=2 3 -1 -2 5 -5 -4 -8
right_child=1 -3 6 4 -6 -7 7 -9
leaf_value=-0.0033666762085647816 -0.00038488778925088279 0.0088621464355116402 -0.0033666762085647816 -0.00038488778925088279 0.0042686524845244713 0.0041474363453079697 -0.0026745935185661217 -0.00038488778925088279
leaf_weight=2.9969221621286115 1.3936508707702153 0.59305780008435238 0.71222918713465233 0.95616094465367518 0.91022479766979802 0.52142607071436942 2.777005865238606 86.267251418088563
leaf_count=597 206 16 186 181 37 27 586 10155
internal_value=-0.000246526 0.00221294 -0.000384888 -0.000384888 0.00208584 -0.000384888 -0.000384888 -0.000384888
internal_weight=97.1279 4.37452 92.7534 3.78146 2.38781 1.47759 89.7565 89.0443
internal_count=11991 467 11524 451 245 208 10927 10741
is_linear=0
shrinkage=0.03


Tree=189
num_leaves=8
num_cat=0
split_feature=1 4 11 4 7 9 7
split_gain=0.110249 0.0779996 0.0437505 0.0422499 0.0183157 0.0227815 0.000782408
threshold=99.029103334511618 61.278585068231585 6.8839839623687604 97.864765678648226 96.992311171415665 98.164983164983184 98.34699453551913
decision_type=2 2 2 2 2 2 2
left_child=2 -2 4 6 5 -1 -4
right_child=1 -3 3 -5 -6 -7 -8
leaf_value=-0.0049335892447993331 -0.00042426861965218779 0.0074704929414003453 -0.00048465952528428837 0.0015996226778274016 -0.00048465952528428837 -0.00048465952528428837 -0.00042426861965218779
leaf_weight=2.8061493712011729 1.2354151241015636 1.7893216882366685 78.762666797614656 8.8140893226955068 0.27157767047174264 0.90636159479618061 2.587049280293285
leaf_count=584 101 30 10574 237 66 134 265
internal_value=-0.000220722 0.00464611 -0.000424269 -0.000424269 -0.00324142 -0.00388841 -0.00048466
internal_weight=97.1726 3.02474 94.1479 90.1638 3.98409 3.71251 81.3497
internal_count=11991 131 11860 11076 784 718 10839
is_linear=0
shrinkage=0.03


Tree=190
num_leaves=13
num_cat=0
split_feature=1 7 8 11 2 7 2 11 7 9 2 7
split_gain=0.0722241 0.109606 0.0865823 0.0995122 0.0609472 0.0584534 0.379699 0.318647 0.0424325 0.0362131 0.00926134 0.00334937
threshold=42.690047279254046 29.92537313432836 16.774891774891778 6.8839839623687604 14.919467829773756 72.06557377049181 74.762751071992781 61.965624366853525 8.2650273224043733 3.7268518518518521 88.442300413724709 33.589743589743598
decision_type=2 2 2 2 2 2 2 2 2 2 2 2
left_child=4 -2 -3 -4 -1 9 -7 -8 10 -5 -6 -11
right_child=1 2 3 5 8 6 7 -9 -10 11 -12 -13
leaf_value=-0.0062739570890354606 -0.00075667628026189287 -0.00075667628026189287 -0.00075667628026189287 -0.00075667628026189287 -0.0062739570890354606 0.0015678305171687682 0.0015678305171687682 0.016646108621889796 -0.00075667628026189287 -0.00044890938059508051 -0.00075667628026189287 0.0015678305171687682
leaf_weight=0.82077169558033247 8.9406800651922804 2.2610880321590221 2.0993299453984937 0.67766948463396559 0.64364783430937578 8.0813051516888645 1.7733621201477938 2.1683974149636924 43.806962319067679 0.93380892858840781 0.22662918106652796 24.289779003243893
leaf_count=193 1435 517 380 76 169 1072 96 49 4705 162 48 3173
internal_value=0.000104408 0.000869061 0.00158451 0.00201762 -0.000756676 0.00247248 0.00415132 0.010908 -0.000756676 0.00156783 -0.0054568 0.00156783
internal_weight=96.7234 51.2254 42.2847 40.0237 45.498 37.9243 12.0231 3.94176 44.6772 25.9013 0.870277 25.2236
internal_count=12075 6960 5525 5008 5115 4628 1217 145 4922 3411 217 3335
is_linear=0
shrinkage=0.03


Tree=191
num_leaves=13
num_cat=0
split_feature=1 7 4 11 8 11 2 7 2 7 2 1
split_gain=0.053194 0.0999164 0.101239 0.0691983 0.0721717 0.252429 0.262844 0.13616 0.0610364 0.0434358 0.00959603 0.0010312
threshold=42.690047279254046 29.92537313432836 97.864765678648226 98.735775476281816 58.387445887445899 63.859529025191684 34.313286745384239 51.196581196581199 14.919467829773756 8.2650273224043733 88.442300413724709 47.065447800741929
decision_type=2 2 2 2 2 2 2 2 2 2 2 2
left_child=8 -2 3 4 11 -6 -7 -8 -1 10 -10 -3
right_child=1 2 -4 -5 5 6 7 -9 9 -11 -12 -13
leaf_value=-0.00615379190949216 -0.00063117548755446586 -0.00063117548755446586 0.0065925449968587497 0.0065925449968587497 -0.00059786784098365714 -0.00059786784098365714 -0.00059786784098365714 0.0065925449968587497 -0.00615379190949216 -0.00063117548755446586 -0.00063117548755446586 -0.00059786784098365714
leaf_weight=0.81417928624432434 8.8403455987572652 1.4526102025993335 2.2547450733836731 0.93300430150702496 11.28930355818011 2.3880539324600232 2.4019547705538571 4.3956871631089598 0.64050451421644439 43.781082540052012 0.22611018596217036 17.212738864938729
leaf_count=193 1435 240 41 44 1568 251 154 175 169 4705 48 3052
internal_value=0.000108261 0.000764737 0.00147376 0.00103226 0.000738517 0.0019279 0.00538458 0.00659254 -0.000631175 -0.000631175 -0.00537327 -0.000597868
internal_weight=96.6303 51.1684 42.3281 40.0734 39.1403 20.475 9.1857 6.79764 45.4619 44.6477 0.866615 18.6653
internal_count=12075 6960 5525 5484 5440 2148 580 329 5115 4922 217 3292
is_linear=0
shrinkage=0.03


Tree=192
num_leaves=9
num_cat=0
split_feature=8 7 9 11 11 9 9 2
split_gain=0.0192258 0.0229246 0.0116274 0.224564 0.0244216 0.0154026 0.00883963 0.00738131
threshold=16.428133306072379 12.183055040197898 96.178188899707905 76.201952321640661 5.548862115127176 80.116279069767458 3.7268518518518521 9.9999233927805378
decision_type=2 2 2 2 2 2 2 2
left_child=7 -2 4 -4 5 -3 -6 -1
right_child=1 2 3 -5 6 -7 -8 -9
leaf_value=-0.0036845198975564669 -0.001339157856308514 -0.001339157856308514 0.00022861948604209988 0.0093496536126269469 -0.001339157856308514 0.00022861948604209988 0.00022861948604209988 -0.001339157856308514
leaf_weight=0.5337123004719605 2.7755781806772566 1.3346519973129027 2.9066201008390626 1.5653185029514132 1.0480539130512614 0.82945322920568276 79.399863575818017 6.2213844181969762
leaf_count=136 566 183 352 25 163 224 9056 1370
internal_value=9.59797e-05 0.000217416 0.000320319 0.00166296 0.000228619 -0.00133916 0.000228619 -0.00133916
internal_weight=96.6146 89.8595 87.084 4.47194 82.612 2.16411 80.4479 6.7551
internal_count=12075 10569 10003 377 9626 407 9219 1506
is_linear=0
shrinkage=0.03


Tree=193
num_leaves=12
num_cat=0
split_feature=1 7 8 11 2 2 7 2 1 2 2
split_gain=0.0494403 0.0998202 0.103527 0.222274 0.259702 0.0595679 0.0428708 0.018635 0.0184203 0.00977255 0.00297903
threshold=42.690047279254046 37.965517241379317 58.387445887445899 23.309614798490145 52.375431261486874 14.919467829773756 8.2650273224043733 10.978194103194104 47.065447800741929 88.442300413724709 74.942381324114365
decision_type=2 2 2 2 2 2 2 2 2 2 2
left_child=5 -2 8 -4 7 -1 9 -5 -3 -7 -6
right_child=1 2 3 4 10 6 -8 -9 -10 -11 -12
leaf_value=-0.006060279737258676 -0.00059960382155018626 -0.00059960382155018626 -0.00011513554160150442 -0.00011513554160150442 0.0046293891137388675 -0.006060279737258676 -0.00059960382155018626 0.0015524372594362425 -0.00011513554160150442 -0.00059960382155018626 0.0092908885465473583
leaf_weight=0.80994111904874344 11.015499472967347 1.4097958505153858 3.8052169329021153 1.5074918321333841 4.021412189351393 0.63707109412643959 43.778851183946244 7.0811416727956384 17.363046290585771 0.22579489438794553 4.8870525986421853
leaf_count=193 1836 226 462 284 293 169 4705 835 2837 48 187
internal_value=0.000113237 0.000746736 0.00152046 0.00290237 0.00455329 -0.000599604 -0.000599604 0.000655011 -0.000115136 -0.00531103 0.00786621
internal_weight=96.5423 51.0907 40.0752 21.3023 17.4971 45.4517 44.6417 8.58863 18.7728 0.862866 8.90846
internal_count=12075 6960 5124 2061 1599 5115 4922 1119 3063 217 480
is_linear=0
shrinkage=0.03


Tree=194
num_leaves=14
num_cat=0
split_feature=1 7 8 4 11 7 4 8 2 7 7 11 2
split_gain=0.0518924 0.0984428 0.0757791 0.117951 0.0829648 0.21184 0.385439 0.191952 0.0598047 0.0370702 0.0144462 0.018495 0.008908
threshold=42.690047279254046 29.92537313432836 16.774891774891778 97.864765678648226 21.69243009774949 72.06557377049181 54.535170711641307 58.863819500402911 14.919467829773756 8.2650273224043733 47.655677655677657 74.670470194766878 88.442300413724709
decision_type=2 2 2 2 2 2 2 2 2 2 2 2 2
left_child=8 -2 -3 4 -4 10 -7 -8 -1 12 11 -6 -10
right_child=1 2 3 -5 5 6 7 -9 9 -11 -12 -13 -14
leaf_value=-0.0060990774326105468 -0.00061936265511055774 -0.00061936265511055774 -0.00061936265511055774 0.007473969074162856 -0.00061936265511055774 0.00028963569420542898 0.00028963569420542898 0.007473969074162856 -0.0058512180175183505 -0.00061936265511055774 0.00028963569420542898 0.00028963569420542898 -0.00061936265511055774
leaf_weight=0.80528721562586625 8.7432333528995496 2.2598054300760841 6.7181547986110663 2.1851318771950892 2.3206578202080186 3.941080999793483 1.2292463497724382 4.8083910681307316 0.62838181061670084 43.712219311390072 16.867884177947417 2.0981638368684798 0.22583990707062185
leaf_count=193 1435 517 1112 39 487 764 133 156 169 4705 2151 166 48
internal_value=0.000112086 0.00076007 0.00146267 0.00187839 0.00137302 0.00204938 0.00543498 0.00747397 -0.000619363 -0.000619363 0.000289636 -0.000619363 -0.00503612
internal_weight=96.5435 51.1717 42.4285 40.1687 37.9836 31.2654 9.97872 6.03764 45.3717 44.5664 21.2867 4.41882 0.854222
internal_count=12075 6960 5525 5008 4969 3857 1053 289 5115 4922 2804 653 217
is_linear=0
shrinkage=0.03


Tree=195
num_leaves=8
num_cat=0
split_feature=2 8 9 11 11 9 8
split_gain=0.0840916 0.311722 0.246359 0.528589 0.016717 0.0162156 0.00482473
threshold=94.670786142953872 93.377192982456151 54.598308668076108 90.135406523855906 1.5277179376705445 90.061728395061735 66.450216450216459
decision_type=2 2 2 2 2 2 2
left_child=4 2 -2 6 5 -1 -4
right_child=1 -3 3 -5 -6 -7 -8
leaf_value=-0.0049419700850994392 -0.00021678679991031779 0.011339042017862169 -0.00021678679991031779 0.011339042017862169 -0.00021678679991031779 -0.00021678679991031779 0.0043726916423655286
leaf_weight=0.33169947843998571 3.3878613668493909 1.7319892251398412 1.6546285976655788 1.3935828167013822 86.974634697427973 0.31135524623095989 0.82677212101407338
leaf_count=80 264 38 180 22 11306 81 52
internal_value=7.82293e-05 0.00268612 -0.000216787 0.00653802 -0.000216787 -0.00324754 -0.000216787
internal_weight=96.6125 8.99483 7.26284 3.87498 87.6177 0.643055 2.4814
internal_count=12023 556 518 254 11467 161 232
is_linear=0
shrinkage=0.03


Tree=196
num_leaves=8
num_cat=0
split_feature=2 8 9 4 2 10 10
split_gain=0.0714633 0.30405 0.22543 0.6499 0.00688036 0.00526462 0.0024079
threshold=94.670786142953872 93.377192982456151 54.598308668076108 92.154380739637645 1.5483504331264977 51.408730158730158 17.262664963814391
decision_type=2 2 2 2 2 2 2
left_child=4 2 -2 -4 5 -1 -6
right_child=1 -3 3 -5 6 -7 -8
leaf_value=-0.0031451214851842112 -0.00019364393679493781 0.011077936903185709 -0.00019364393679493781 0.011077936903185709 -0.00062101698938049447 -0.00019364393679493781 -0.00019364393679493781
leaf_weight=0.26336820470169087 3.3890942540019733 1.7174210639204828 1.5553602296859028 2.3075734172016382 11.726811316446399 0.23624910530634224 75.362884214147925
leaf_count=75 264 38 186 68 1561 68 9763
internal_value=7.8156e-05 0.00248555 -0.000193644 0.00629286 -0.000193644 -0.00223185 -0.000193644
internal_weight=96.5588 8.96945 7.25203 3.86293 87.5893 0.499617 87.0897
internal_count=12023 556 518 254 11467 143 11324
is_linear=0
shrinkage=0.03


Tree=197
num_leaves=7
num_cat=0
split_feature=2 4 8 9 11 9
split_gain=0.067412 0.293413 0.240481 0.838612 0.0180376 0.0163163
threshold=94.670786142953872 92.154380739637645 90.976933514246966 55.62587904360057 1.5277179376705445 90.061728395061735
decision_type=2 2 2 2 2 2
left_child=4 -2 3 -3 5 -1
right_child=1 2 -4 -5 -6 -7
leaf_value=-0.0049915125719306461 -0.00016923184800243457 -0.00016923184800243457 0.013437605721814808 0.013437605721814808 -0.00016923184800243457 -0.00016923184800243457
leaf_weight=0.3320402018725862 3.1863206964917463 1.9354478875175121 1.8797500883229075 2.0228980684187263 86.853338833316229 0.31119305058382452
leaf_count=80 389 82 21 64 11306 81
internal_value=9.58753e-05 0.0024267 0.00679503 0.00156667 -0.000169232 -0.00331513
internal_weight=96.521 9.02442 5.8381 3.95835 87.4966 0.643233
internal_count=12023 556 167 146 11467 161
is_linear=0
shrinkage=0.03


Tree=198
num_leaves=7
num_cat=0
split_feature=2 8 9 4 11 9
split_gain=0.0471265 0.295219 0.173704 0.59139 0.0159177 0.0151679
threshold=94.670786142953872 93.377192982456151 54.598308668076108 92.154380739637645 1.5277179376705445 90.061728395061735
decision_type=2 2 2 2 2 2
left_child=4 2 -2 -4 5 -1
right_child=1 -3 3 -5 -6 -7
leaf_value=-0.0047293079507161849 -0.00013359414934890654 0.010665407212964485 -0.00013359414934890654 0.010665407212964485 -0.00013359414934890654 -0.00013359414934890654
leaf_weight=0.32632265484426071 3.3908449909649772 1.6835381765849886 1.5581088832113894 2.403235201491043 86.815625451621599 0.31079193972982466
leaf_count=80 264 38 186 68 11306 81
internal_value=8.83679e-05 0.00203589 -0.000133594 0.00558666 -0.000133594 -0.0030936
internal_weight=96.4885 9.03573 7.35219 3.96134 87.4527 0.637115
internal_count=12023 556 518 254 11467 161
is_linear=0
shrinkage=0.03


Tree=199
num_leaves=7
num_cat=0
split_feature=11 2 2 11 9 9
split_gain=0.0366592 0.157816 0.0130182 0.0139647 0.0143667 0.00518651
threshold=98.861024196101042 81.60943506694359 94.670786142953872 1.5277179376705445 90.061728395061735 83.735465116279087
decision_type=2 2 2 2 2 2
left_child=2 -2 3 4 -1 -5
right_child=1 -3 -4 5 -6 -7
leaf_value=-0.0045162156959437051 -3.9186369110448743e-05 0.0085416815272526172 0.0010139907435601791 -0.00030884978375074468 -0.00010099983498846894 -3.9186369110448743e-05
leaf_weight=0.32212160329799999 1.6672383698169135 1.3964897340629248 8.5174749935977143 67.689183972659521 0.31045078719034791 16.519091533729807
leaf_count=80 96 35 547 9343 81 1841
internal_value=8.18111e-05 0.0028712 -3.91864e-05 -0.000155499 -0.00290472 -0.000101
internal_weight=96.4221 3.06373 93.3583 84.8408 0.632572 84.2083
internal_count=12023 131 11892 11345 161 11184
is_linear=0
shrinkage=0.03


Tree=200
num_leaves=9
num_cat=0
split_feature=9 8 7 1 4 4 2 1
split_gain=0.0288619 0.173113 0.11554 0.138478 0.0634119 0.0235687 0.0154047 0.0142631
threshold=96.178188899707905 47.434210526315795 49.626865671641802 19.331647069546992 78.966190576286962 59.699612767397277 2.0563183320620397 0.48544833274419702
decision_type=2 2 2 2 2 2 2 2
left_child=6 -2 -3 -4 5 -5 -1 -8
right_child=1 2 3 4 -6 -7 7 -9
leaf_value=-0.0032137935824063601 -0.00038235823338418526 -0.00038235823338418526 -0.00038235823338418526 -0.00038235823338418526 0.014078812627254016 0.0047547116374540158 -0.0032137935824063601 -0.00038235823338418526
leaf_weight=0.74758621165528794 1.7966322936117638 0.68984169256873418 1.1166355130262675 0.61052743275649868 1.1147869685664771 0.86709352862089872 0.60258444410283019 88.440013915183954
leaf_count=198 268 127 49 99 34 40 50 11039
internal_value=-0.000239697 0.00159365 0.00545624 0.00744045 0.0103392 0.00297417 -0.000382358 -0.000382358
internal_weight=95.9857 6.19552 4.39889 3.70904 2.59241 1.47762 89.7902 89.0426
internal_count=11904 617 349 222 173 139 11287 11089
is_linear=0
shrinkage=0.03


Tree=201
num_leaves=10
num_cat=0
split_feature=11 9 8 11 1 2 11 1 1
split_gain=0.0541925 0.022079 0.143299 0.0680299 0.0339876 0.0141043 0.00315163 0.00559369 0.00385226
threshold=99.762751742072041 96.178188899707905 47.434210526315795 41.431505034446218 76.647467162965839 2.0563183320620397 6.8839839623687604 0.48544833274419702 98.601368203133077
decision_type=2 2 2 2 2 2 2 2 2
left_child=1 5 -3 4 -4 -1 8 -8 -7
right_child=-2 2 3 -5 -6 6 7 -9 -10
leaf_value=-0.0031738317846666253 0.0046421360382130315 -0.00045548493930626605 -0.00045548493930626605 0.0046421360382130315 0.0040760094177258585 -0.001831864481300644 -0.0013618842353520727 -0.00045548493930626605 -0.00045548493930626605
leaf_weight=0.74592230538837512 1.0158161483705033 1.7208108629565675 1.5942054686602207 2.3386944881640375 0.50069537595845748 2.7067454109201208 0.50439734570681949 84.505953835090622 0.36798636615276326
leaf_count=198 31 265 219 75 55 583 48 10407 23
internal_value=-0.000230873 -0.000330807 0.0012809 0.00464214 -0.000455485 -0.000455485 -0.000455485 -0.000455485 -0.00136188
internal_weight=96.0012 94.9854 6.15441 4.4336 2.0949 88.831 88.0851 85.0104 3.07473
internal_count=11904 11873 614 349 274 11259 11061 10455 606
is_linear=0
shrinkage=0.03


Tree=202
num_leaves=10
num_cat=0
split_feature=11 9 8 11 1 2 11 1 1
split_gain=0.051192 0.0217948 0.14244 0.0652502 0.0330434 0.0137395 0.00272933 0.00512779 0.00365056
threshold=99.762751742072041 96.178188899707905 47.434210526315795 41.431505034446218 76.647467162965839 2.0563183320620397 6.8839839623687604 0.48544833274419702 98.601368203133077
decision_type=2 2 2 2 2 2 2 2 2
left_child=1 5 -3 4 -4 -1 8 -8 -7
right_child=-2 2 3 -5 -6 6 7 -9 -10
leaf_value=-0.0031354890114469259 0.0045061215675673196 -0.0004510189184551183 -0.0004510189184551183 0.0045061215675673196 0.0040145121442963696 -0.001769984594710543 -0.0013028851137640136 -0.0004510189184551183 -0.0004510189184551183
leaf_weight=0.74414893821813066 1.0159935085102905 1.7212394531816233 1.5944335970561954 2.3346722342539579 0.50345545634627331 2.7044639245141298 0.5036565518239503 84.498497760272585 0.36846110434271384
leaf_count=198 31 265 219 75 55 583 48 10407 23
internal_value=-0.000230033 -0.000327123 0.00127418 0.00450612 -0.000451019 -0.000451019 -0.000451019 -0.000451019 -0.00130289
internal_weight=95.989 94.973 6.1538 4.43256 2.09789 88.8192 88.0751 85.0022 3.07293
internal_count=11904 11873 614 349 274 11259 11061 10455 606
is_linear=0
shrinkage=0.03


Tree=203
num_leaves=8
num_cat=0
split_feature=11 9 8 11 1 2 11
split_gain=0.0541202 0.0215238 0.142056 0.0690809 0.0325368 0.0131814 0.00319257
threshold=99.762751742072041 96.178188899707905 47.434210526315795 41.431505034446218 76.647467162965839 2.0563183320620397 6.8839839623687604
decision_type=2 2 2 2 2 2 2
left_child=1 5 -3 4 -4 -1 -7
right_child=-2 2 3 -5 -6 6 -8
leaf_value=-0.0030887174022533326 0.0046232763596625063 -0.00045657870078995489 -0.00045657870078995489 0.0046232763596625063 0.0039764828171576713 -0.0013668355082296201 -0.00045657870078995489
leaf_weight=0.74241423001512785 1.0265712956897903 1.7211323543451715 1.594494787976146 2.3328650132752955 0.50294062308967102 3.0640848046168676 84.979585466207936
leaf_count=198 31 265 219 75 55 606 10455
internal_value=-0.000233341 -0.0003335 0.00125839 0.00462328 -0.000456579 -0.000456579 -0.000456579
internal_weight=95.9641 94.9375 6.15143 4.4303 2.09744 88.7861 88.0437
internal_count=11904 11873 614 349 274 11259 11061
is_linear=0
shrinkage=0.03


Tree=204
num_leaves=7
num_cat=0
split_feature=11 9 11 2 11 11
split_gain=0.0523008 0.0148273 0.133594 0.0118806 0.00220494 0.000149213
threshold=99.762751742072041 96.178188899707905 88.599805545641402 2.0563183320620397 6.8839839623687604 0.77223274982441736
decision_type=2 2 2 2 2 2
left_child=1 3 -3 -1 5 -5
right_child=-2 2 -4 4 -6 -7
leaf_value=-0.0029447575316690097 0.0045340908909994983 -0.00044132966277025162 0.0045340908909994983 -0.0018652986267052327 -0.00044132966277025162 -0.00068223550258787258
leaf_weight=0.7372041498310854 1.0260969959199417 4.6520737854298195 1.5122167877852914 0.25531458132900242 84.931767764501274 2.8038050113245845
leaf_count=198 31 572 42 57 10455 549
internal_value=-0.000241141 -0.000339522 0.000982948 -0.00044133 -0.00044133 -0.00121618
internal_weight=95.9185 94.8924 6.16429 88.7281 87.9909 3.05912
internal_count=11904 11873 614 11259 11061 606
is_linear=0
shrinkage=0.03


Tree=205
num_leaves=7
num_cat=0
split_feature=2 11 9 9 4 4
split_gain=0.0547592 0.00930645 0.0140993 0.00342492 0.107575 0.00299201
threshold=98.988620381025456 1.2336199836199839 84.56959706959708 83.431372549019628 98.601368203133077 96.374934294510794
decision_type=2 2 2 2 2 2
left_child=1 2 -1 -3 5 -5
right_child=-2 3 -4 4 -6 -7
leaf_value=-0.0043811616856436735 0.0055826547106452304 -0.00028054579717970657 -0.00019203606787699298 -0.00019203606787699298 0.0055826547106452304 0.0013052985828078338
leaf_weight=0.21293036011047561 0.48103226395323773 76.901136333472095 0.28986641834490001 16.684066505869858 0.96759127848781545 1.3665203533601005
leaf_count=48 27 9892 75 1953 18 47
internal_value=-0.000145235 -0.000230821 -0.00257857 -0.000192036 0.000161994 -0.000192036
internal_weight=96.9031 96.4221 0.502797 95.9193 19.0182 18.0506
internal_count=12060 12033 123 11910 2018 2000
is_linear=0
shrinkage=0.03


Tree=206
num_leaves=9
num_cat=0
split_feature=2 1 9 11 11 9 8 8
split_gain=0.0542115 0.028357 0.262732 0.0382671 0.0383582 0.0458744 0.136601 0.00410512
threshold=98.988620381025456 6.9006568144499187 27.812939521800285 89.547074066076462 6.5633712692536239 95.018672224910375 58.863819500402911 94.771018455228997
decision_type=2 2 2 2 2 2 2 2
left_child=1 2 -1 -4 -3 7 -7 -6
right_child=-2 4 3 -5 5 6 -8 -9
leaf_value=-0.0093237387189073033 0.0055624813733494895 -0.0026399935918597281 -0.0032740339284802336 -4.222920728622597e-05 -4.222920728622597e-05 -4.222920728622597e-05 0.0055624813733494895 0.00055189107129612871
leaf_weight=2.0787025092868117 0.47962559689767559 3.8346526559907934 3.5882514996919781 4.2383849220350385 66.371335511677898 2.6679475328419349 3.3311685912776738 10.292305022827348
leaf_count=230 27 747 451 109 9350 376 156 614
internal_value=-0.000139293 -0.000224478 -0.00166614 -4.22292e-05 -4.22292e-05 0.000108394 0.00244179 -4.22292e-05
internal_weight=96.8824 96.4027 9.90534 7.82664 86.4974 82.6628 5.99912 76.6636
internal_count=12060 12033 790 560 11243 10496 532 9964
is_linear=0
shrinkage=0.03


Tree=207
num_leaves=8
num_cat=0
split_feature=11 9 9 4 1 4 4
split_gain=0.00944012 0.0145271 0.00205572 0.0702243 0.0198746 0.00263006 0.00193487
threshold=1.2336199836199839 84.56959706959708 83.431372549019628 98.601368203133077 76.647467162965839 61.668714168714182 96.374934294510794
decision_type=2 2 2 2 2 2 2
left_child=1 -1 -2 4 6 -6 -4
right_child=2 -3 3 -5 5 -7 -8
leaf_value=-0.0043357806209544415 -0.00016848363663378931 -9.9788638787791001e-05 -9.9788638787791001e-05 0.0055859301301430112 0.0006421860143186849 0.0026065071275803947 0.0026065071275803947
leaf_weight=0.21103698539081861 77.242148788413033 0.28890071879141033 13.096974689280616 1.0014812701847393 1.9039031844586127 1.7907921734731642 1.3101567765697844
leaf_count=48 9913 75 1513 19 351 96 45
internal_value=-0.000137613 -0.00250068 -9.97886e-05 0.000172536 -9.97886e-05 0.00194668 -9.97886e-05
internal_weight=96.8454 0.499938 96.3455 19.1033 18.1018 3.6947 14.4071
internal_count=12060 123 11937 2024 2005 447 1558
is_linear=0
shrinkage=0.03


Tree=208
num_leaves=8
num_cat=0
split_feature=2 1 9 4 4 8 4
split_gain=0.0540601 0.0175922 0.232647 0.196397 0.00731484 0.146474 0.00529975
threshold=98.988620381025456 6.9006568144499187 27.812939521800285 94.451137884872836 97.864765678648226 89.323708206686945 5.3085199824330269
decision_type=2 2 2 2 2 2 2
left_child=1 2 -1 -4 6 -6 -3
right_child=-2 4 3 -5 5 -7 -8
leaf_value=-0.0086851826420001679 0.0055549619746807707 -0.0012732797415358603 -0.0070802020450066632 -6.9145672732515097e-05 -6.9145672732515097e-05 0.0055549619746807707 -6.9145672732515097e-05
leaf_weight=2.0611079711234179 0.48512309626676042 2.6957881954731411 2.955591527512297 4.8782831013668329 4.2802969024050972 2.0511344927363098 77.357373497216031
leaf_count=230 27 629 396 164 137 29 10448
internal_value=-0.000127799 -0.000213241 -0.00134941 -6.91457e-05 -6.91457e-05 0.000878807 -6.91457e-05
internal_weight=96.7647 96.2796 9.89498 7.83387 86.3846 6.33143 80.0532
internal_count=12060 12033 790 560 11243 166 11077
is_linear=0
shrinkage=0.03


Tree=209
num_leaves=8
num_cat=0
split_feature=2 1 9 4 4 11 4
split_gain=0.0546932 0.0299337 0.204622 0.201961 0.0125458 0.110305 0.00330631
threshold=98.855560200668904 6.9006568144499187 27.812939521800285 94.451137884872836 97.864765678648226 76.201952321640661 5.3085199824330269
decision_type=2 2 2 2 2 2 2
left_child=1 2 -1 -4 6 -6 -3
right_child=-2 4 3 -5 5 -7 -8
leaf_value=-0.0084846786663116767 0.0049221346082968121 -0.0010855760057168237 -0.0070331000452672435 -4.6459151090882437e-05 -4.6459151090882437e-05 0.0045312318974325642 -4.6459151090882437e-05
leaf_weight=2.0110935323173162 0.89056654344312747 2.6872579624177879 2.8643601358635351 4.6262447396293283 2.0006775967776766 4.2764714458025992 77.369732996332459
leaf_count=230 43 629 392 160 89 75 10442
internal_value=-0.000133638 -0.000230964 -0.00174335 -4.64592e-05 -4.64592e-05 0.00119929 -4.64592e-05
internal_weight=96.7264 95.8358 9.5017 7.4906 86.3341 6.27715 80.057
internal_count=12060 12017 782 552 11235 164 11071
is_linear=0
shrinkage=0.03


Tree=210
num_leaves=8
num_cat=0
split_feature=11 9 8 8 11 11 11
split_gain=0.042116 0.0229084 0.0334516 0.00832473 0.00723577 0.00395959 0.00122249
threshold=99.762751742072041 99.418604651162795 49.675324675324681 76.028169014084526 1.2336199836199839 80.565690112847136 99.263802572626119
decision_type=2 2 2 2 2 2 2
left_child=1 3 5 4 -1 -3 -6
right_child=-2 2 -4 -5 6 -7 -8
leaf_value=-0.0025701943281879777 0.0042630790172686799 -0.00032969956167030459 0.0042630790172686799 0.00020403649380502765 -0.00035038679295166711 0.0014729014618630203 0.00020403649380502765
leaf_weight=0.35568969312589516 1.0390955563634623 0.87975800712592833 0.98678318876773108 32.594891504268162 59.358431883039884 0.38206062675453722 0.76125172455795009
leaf_count=85 27 178 110 2567 8999 27 38
internal_value=-3.50995e-06 -9.37983e-05 0.00238453 -0.000178387 -0.000384471 -0.000178387 -0.0003297
internal_weight=96.358 95.3189 2.2486 93.0703 60.4754 1.26182 60.1197
internal_count=12031 12004 315 11689 9122 205 9037
is_linear=0
shrinkage=0.03


Tree=211
num_leaves=7
num_cat=0
split_feature=11 9 2 8 2 11
split_gain=0.0417314 0.0212464 0.0594856 0.00264725 0.124387 0.00705923
threshold=99.762751742072041 99.418604651162795 61.929244705594328 76.028169014084526 82.665816084839221 1.2336199836199839
decision_type=2 2 2 2 2 2
left_child=1 3 -3 5 -5 -1
right_child=-2 2 -4 4 -6 -7
leaf_value=-0.0025549108154753622 0.0042546156924424417 -0.00016826587427812588 0.0042546156924424417 -0.00036633677798499721 0.0026827210638978691 -0.00036633677798499721
leaf_weight=0.35442751308437337 1.0348315895535041 1.0690336537081742 1.1786743695847688 20.402771275374107 12.211024459917097 60.096215887344442
leaf_count=85 27 207 108 2125 442 9037
internal_value=3.08221e-06 -8.67739e-05 0.00230022 -0.000168266 -0.000168266 -0.000366337
internal_weight=96.347 95.3121 2.24771 93.0644 32.6138 60.4506
internal_count=12031 12004 315 11689 2567 9122
is_linear=0
shrinkage=0.03


Tree=212
num_leaves=8
num_cat=0
split_feature=11 9 2 7 8 11 11
split_gain=0.0257854 0.0184854 0.049288 0.00402143 0.00635827 0.0228243 0.00424086
threshold=99.762751742072041 99.418604651162795 61.929244705594328 13.383084577114429 29.459980713596917 95.023160558426795 6.5633712692536239
decision_type=2 2 2 2 2 2 2
left_child=1 3 -3 -1 5 -5 -6
right_child=-2 2 -4 4 6 -7 -8
leaf_value=-0.00093627751984968316 0.0033560923621182379 -0.00010239000740011382 0.0033560923621182379 -0.00093627751984968316 -0.00093627751984968316 -0.00010239000740011382 -0.00010239000740011382
leaf_weight=4.2199254010338327 1.0730761883314688 1.0693018890451633 1.1787142476532606 8.2759240306913817 2.4060924893710753 0.92140372958965677 77.123872013180517
leaf_count=937 27 207 108 2009 431 89 8223
internal_value=4.60863e-05 -2.57258e-05 0.00219967 -0.00010239 -0.00010239 -0.000866518 -0.00010239
internal_weight=96.2683 95.1952 2.24802 92.9472 88.7273 9.19733 79.53
internal_count=12031 12004 315 11689 10752 2098 8654
is_linear=0
shrinkage=0.03


Tree=213
num_leaves=8
num_cat=0
split_feature=11 9 2 7 8 11 11
split_gain=0.0343597 0.0174134 0.053485 0.00352039 0.00633624 0.0213635 0.00404932
threshold=99.762751742072041 99.418604651162795 61.929244705594328 13.383084577114429 29.459980713596917 95.023160558426795 6.5633712692536239
decision_type=2 2 2 2 2 2 2
left_child=1 3 -3 -1 5 -5 -6
right_child=-2 2 -4 4 6 -7 -8
leaf_value=-0.00089107183125822838 0.0038419426407676634 -0.00011005383270676011 0.0038419426407676634 -0.00089107183125822838 -0.00089107183125822838 -0.00011005383270676011 -0.00011005383270676011
leaf_weight=4.2139674219069994 1.1016771632712323 1.069419632200151 1.1780495056882498 8.2719253555405849 2.4053455279208711 0.92147621535696167 77.11509090452455
leaf_count=937 27 207 108 2009 431 89 8223
internal_value=4.76642e-05 -3.57461e-05 0.00212449 -0.000110054 -0.000110054 -0.000871471 -0.000110054
internal_weight=96.277 95.1753 2.24747 92.9278 88.7138 9.1934 79.5204
internal_count=12031 12004 315 11689 10752 2098 8654
is_linear=0
shrinkage=0.03


Tree=214
num_leaves=8
num_cat=0
split_feature=11 9 2 7 8 11 11
split_gain=0.0296065 0.0159981 0.0498742 0.00347347 0.00589243 0.0211634 0.00390549
threshold=99.762751742072041 99.418604651162795 61.929244705594328 13.383084577114429 29.459980713596917 95.023160558426795 6.5633712692536239
decision_type=2 2 2 2 2 2 2
left_child=1 3 -3 -1 5 -5 -6
right_child=-2 2 -4 4 6 -7 -8
leaf_value=-0.00087907455860286555 0.0035692369875461125 -0.00010334612888918987 0.0035692369875461125 -0.00087907455860286555 -0.00087907455860286555 -0.00010334612888918987 -0.00010334612888918987
leaf_weight=4.2127670063637188 1.0994908185675729 1.0695142536424094 1.1771733190398661 8.2654902278445626 2.4034521550638592 0.92182327550835985 77.116761262295768
leaf_count=937 27 207 108 2009 431 89 8223
internal_value=4.53015e-05 -3.21031e-05 0.00203871 -0.000103346 -0.000103346 -0.000838489 -0.000103346
internal_weight=96.2665 95.167 2.24669 92.9203 88.7075 9.18731 79.5202
internal_count=12031 12004 315 11689 10752 2098 8654
is_linear=0
shrinkage=0.03


Tree=215
num_leaves=10
num_cat=0
split_feature=0 8 11 1 7 1 7 11 8
split_gain=0.0762016 0.0122105 0.0818352 0.16142 0.134808 0.00569674 0.0199467 0.00341914 0.00462689
threshold=99.759325764596866 94.771018455228997 9.3120351588911454 4.5243482008187899 55.051020408163275 75.849534582302354 7.7524038461538476 99.263802572626119 93.582704186684978
decision_type=2 2 2 2 2 2 2 2 2
left_child=1 5 -3 -4 -5 6 -1 8 -8
right_child=-2 2 3 4 -6 -7 7 -9 -10
leaf_value=-0.003182124064730148 0.0044609612093925929 -0.00033377424636842681 -0.00033377424636842681 -0.00033377424636842681 0.0044609612093925929 -0.00033377424636842681 -0.00073012986151128336 -0.00033377424636842681 -0.00033377424636842681
leaf_weight=1.6564696194836859 2.2552898295689365 0.92780961690004815 0.85818407009355624 1.4455052167177189 8.386519236257298 20.149038589210249 57.651129917241633 2.2366349832154802 2.038785694167017
leaf_count=364 45 39 27 151 466 2763 8042 71 101
internal_value=-5.40045e-05 -0.000205987 0.000668451 0.00238542 0.00429245 -0.000333774 -0.000618576 -0.000500525 -0.000619029
internal_weight=97.6054 95.3501 11.618 10.6902 9.83202 83.7321 63.583 61.9266 59.6899
internal_count=12069 12024 683 644 617 11341 8578 8214 8143
is_linear=0
shrinkage=0.03


Tree=216
num_leaves=8
num_cat=0
split_feature=0 1 11 1 7 7 7
split_gain=0.0629112 0.0112858 0.0154029 0.0165625 0.0884328 0.0202498 0.00508682
threshold=99.759325764596866 99.320497429741138 6.5633712692536239 41.91547831253714 37.965517241379317 8.2650273224043733 96.039215686274517
decision_type=2 2 2 2 2 2 2
left_child=1 2 -1 5 -5 -4 -6
right_child=-2 -3 3 4 6 -7 -8
leaf_value=-0.0019245091069822874 0.0040411338671722703 0.001546111132407635 -0.0019245091069822874 -0.00059298592169705774 0.00092164606988593431 -0.00059298592169705774 0.001546111132407635
leaf_weight=3.7565163100371128 2.2522665013093492 2.2360056645702562 0.9266539802774777 9.738062321324831 35.284683665609919 41.346619598800316 2.0068811743985853
leaf_count=746 45 90 217 1654 4545 4530 242
internal_value=-6.33843e-05 -0.000201351 -0.00025933 -0.000168749 0.00021699 -0.000592986 0.00111306
internal_weight=97.5477 95.2954 93.0594 89.3029 47.0296 42.2733 37.2916
internal_count=12069 12024 11934 11188 6441 4747 4787
is_linear=0
shrinkage=0.03


Tree=217
num_leaves=8
num_cat=0
split_feature=0 1 8 11 1 1 11
split_gain=0.0588378 0.0101104 0.012035 0.0544907 0.0736321 0.00241028 0.00341532
threshold=99.759325764596866 99.320497429741138 94.771018455228997 9.3120351588911454 4.5243482008187899 75.849534582302354 99.263802572626119
decision_type=2 2 2 2 2 2 2
left_child=1 2 5 -4 -5 6 -1
right_child=-2 -3 3 4 -6 -7 -8
leaf_value=-0.000652826335865631 0.0039382451276117935 0.0014816829102521291 -0.00035559348846110123 -0.00035559348846110123 0.0014816829102521291 -0.00035559348846110123 -0.00035559348846110123
leaf_weight=61.208207926130854 2.2399463360197833 2.2336829665582618 0.87963107146788289 0.85781513806432386 9.6131524196825904 18.181854144670069 2.2591876671649507
leaf_count=8501 45 90 38 27 612 2679 77
internal_value=-3.85981e-05 -0.000172088 -0.000227148 0.00065079 0.00148168 -0.000355593 -0.0005443
internal_weight=97.4735 95.2335 92.9998 11.3506 10.471 81.6492 63.4674
internal_count=12069 12024 11934 677 639 11257 8578
is_linear=0
shrinkage=0.03


Tree=218
num_leaves=6
num_cat=0
split_feature=0 1 11 1 1
split_gain=0.0459653 0.00887251 0.00807542 0.0136384 0.000204744
threshold=99.759325764596866 99.320497429741138 6.5633712692536239 41.91547831253714 92.154380739637645
decision_type=2 2 2 2 2
left_child=1 2 -1 -4 -5
right_child=-2 -3 3 4 -6
leaf_value=-0.0014122928594350358 0.0034795948194107358 0.0013992368787634941 -0.00052244671705226292 0.00018020868516331774 0.00037295635379510148
leaf_weight=3.7238469541771329 2.2458309109788379 2.2308039208874098 42.128520619357005 40.863191034062766 6.2158598573878399
leaf_count=746 45 90 4747 5649 792
internal_value=-3.20468e-05 -0.000150244 -0.00020194 -0.000136319 0.000212885
internal_weight=97.4081 95.1622 92.9314 89.2076 47.0791
internal_count=12069 12024 11934 11188 6441
is_linear=0
shrinkage=0.03


Tree=219
num_leaves=8
num_cat=0
split_feature=0 1 11 1 7 7 7
split_gain=0.0281252 0.0079188 0.00682681 0.0122538 0.0754904 0.0130611 0.00212643
threshold=99.759325764596866 99.320497429741138 6.5633712692536239 41.91547831253714 37.965517241379317 8.2650273224043733 96.039215686274517
decision_type=2 2 2 2 2 2 2
left_child=1 2 -1 5 -5 -4 -6
right_child=-2 -3 3 4 6 -7 -8
leaf_value=-0.0012890689802607408 0.0027043132666075371 0.0013368573728650794 -0.0012890689802607408 -0.00048182820896396246 0.00091116126968199393 -0.00048182820896396246 0.0013368573728650794
leaf_weight=3.7182307658949858 2.2656303099356583 2.2292831446975461 0.92405238642822851 9.7052497448166815 35.333234620979056 41.17232197301928 2.0343869782518587
leaf_count=746 45 90 217 1654 4545 4530 242
internal_value=-3.40714e-05 -0.000126755 -0.000175747 -0.000115541 0.000215231 -0.000481828 0.00106273
internal_weight=97.3824 95.1168 92.8875 89.1692 47.0729 42.0964 37.3676
internal_count=12069 12024 11934 11188 6441 4747 4787
is_linear=0
shrinkage=0.03


Tree=220
num_leaves=7
num_cat=0
split_feature=11 2 4 10 10 3
split_gain=0.0126623 0.00657472 0.00529872 0.0166566 0.000705762 0.00014379
threshold=1.2336199836199839 1.5483504331264977 5.3085199824330269 40.830698476573737 66.877637130801702 6.5266353309831571
decision_type=2 2 2 2 2 2
left_child=-1 4 3 -3 -2 -4
right_child=1 2 5 -5 -6 -7
leaf_value=-0.0026081326892870714 -0.0020283217947965524 -0.0017973377510461679 0.00026448436530815666 0.00026448436530815666 8.9290979016191579e-06 0.00031082367711603447
leaf_weight=0.47402973542921145 0.31570981408003618 0.58180944772902821 2.0591488213976836 1.8832336382474748 0.16330858063884079 91.842319749528542
leaf_count=118 94 153 614 412 47 10626
internal_value=0.000156159 0.000196207 0.000224474 -0.000936117 -0.00179734 0.000264484
internal_weight=97.3196 96.8455 96.3665 2.46504 0.479018 93.9015
internal_count=12064 11946 11805 565 141 11240
is_linear=0
shrinkage=0.03


Tree=221
num_leaves=8
num_cat=0
split_feature=8 4 2 10 11 8 2
split_gain=0.0613304 0.411016 0.295882 0.0396323 0.00837997 0.00554761 0.00940767
threshold=94.771018455228997 51.791637242943665 71.260019789431567 82.466216216216239 1.2336199836199839 39.159811985898948 96.597566737538401
decision_type=2 2 2 2 2 2 2
left_child=4 -2 3 -3 -1 6 -6
right_child=1 2 -4 -5 5 -7 -8
leaf_value=-0.0024093026181180206 -0.00013897832724590767 -0.00013897832724590767 0.0089312898973296674 0.0055821844062321543 -0.0010059864655588464 -0.00013897832724590767 -0.00013897832724590767
leaf_weight=0.46696661261375894 2.4987554363906375 1.5771588633069753 7.5090028941631317 0.75078624463640142 17.144322420586835 66.197943493025377 1.1712451989296813
leaf_count=117 338 120 176 33 3751 7445 84
internal_value=0.00015626 0.00204806 0.00618734 -0.000138978 -0.000138978 -0.000138978 -0.000655482
internal_weight=97.3162 12.3357 9.83695 2.32795 84.9805 84.5135 18.3156
internal_count=12064 667 329 153 11397 11280 3835
is_linear=0
shrinkage=0.03


Tree=222
num_leaves=7
num_cat=0
split_feature=8 4 2 10 8 2
split_gain=0.0479829 0.381103 0.27477 0.0380617 0.005655 0.00852575
threshold=94.771018455228997 51.791637242943665 71.260019789431567 82.466216216216239 39.159811985898948 96.597566737538401
decision_type=2 2 2 2 2 2
left_child=4 -2 3 -3 5 -1
right_child=1 2 -4 -5 -6 -7
leaf_value=-0.00091421909799761021 -7.9166243740972698e-05 -7.9166243740972698e-05 0.0085674320073469475 0.0055935711763608481 -7.9166243740972698e-05 -7.9166243740972698e-05
leaf_weight=17.32061386550777 2.4989491181913754 1.5791882348712518 7.5637704450637102 0.74756771069951344 66.322717546485364 1.1818024606909592
leaf_count=3813 338 120 176 33 7498 86
internal_value=0.000183369 0.00185249 0.00592772 -7.91662e-05 -7.91662e-05 -0.000590331
internal_weight=97.2146 12.3895 9.89053 2.32676 84.8251 18.5024
internal_count=12064 667 329 153 11397 3899
is_linear=0
shrinkage=0.03


Tree=223
num_leaves=8
num_cat=0
split_feature=8 4 2 11 11 8 2
split_gain=0.0378694 0.355287 0.251467 0.0274098 0.00900507 0.00660367 0.0101029
threshold=94.771018455228997 51.791637242943665 71.260019789431567 77.725668290430079 1.2336199836199839 39.159811985898948 96.597566737538401
decision_type=2 2 2 2 2 2 2
left_child=4 -2 3 -3 -1 6 -6
right_child=1 2 -4 -5 5 -7 -8
leaf_value=-0.002392027366350928 -4.0085478745511638e-05 -4.0085478745511638e-05 0.0081901648026460987 0.0045537178230127756 -0.00095621755662682632 -4.0085478745511638e-05 -4.0085478745511638e-05
leaf_weight=0.46542060596402635 2.5000103737693271 1.1922920618671908 7.6447542724199593 1.1457664847839621 17.088651519501585 65.964056830154732 1.1742435013875354
leaf_count=117 338 110 176 43 3751 7445 84
internal_value=0.000194536 0.00167129 0.00567918 -4.00855e-05 -4.00855e-05 -4.00855e-05 -0.000602246
internal_weight=97.1752 12.4828 9.98281 2.33806 84.6924 84.227 18.2629
internal_count=12064 667 329 153 11397 11280 3835
is_linear=0
shrinkage=0.03


Tree=224
num_leaves=8
num_cat=0
split_feature=8 4 2 11 11 8 2
split_gain=0.0238429 0.312981 0.231615 0.0210676 0.00909393 0.00542233 0.0092961
threshold=94.771018455228997 51.791637242943665 71.260019789431567 77.725668290430079 1.2336199836199839 39.159811985898948 96.597566737538401
decision_type=2 2 2 2 2 2 2
left_child=4 -2 3 -3 -1 6 -6
right_child=1 2 -4 -5 5 -7 -8
leaf_value=-0.002373070711072033 -8.919743412471992e-06 -8.919743412471992e-06 0.0076976059931097834 0.0044052509078938594 -0.00086969420515643238 -8.919743412471992e-06 -8.919743412471992e-06
leaf_weight=0.46436083735898037 2.4996393856126806 1.1915633329190298 7.6717274824623019 1.1448392872698603 17.069495620671663 65.871283845510334 1.1752575912978489
leaf_count=117 338 110 176 43 3751 7445 84
internal_value=0.000177893 0.0013483 0.00526829 -8.91974e-06 -8.91974e-06 -8.91974e-06 -0.000519742
internal_weight=97.0882 12.5078 10.0081 2.3364 84.5804 84.116 18.2448
internal_count=12064 667 329 153 11397 11280 3835
is_linear=0
shrinkage=0.03


Tree=225
num_leaves=8
num_cat=0
split_feature=1 11 1 2 1 2 1
split_gain=0.111858 0.0763693 0.013341 0.0624151 0.0048132 0.00367686 0.000702731
threshold=4.5243482008187899 6.8839839623687604 99.029103334511618 31.519130859094698 6.1150582482381717 1.5483504331264977 21.749760816413314
decision_type=2 2 2 2 2 2 2
left_child=-1 -2 4 -4 -3 -6 -7
right_child=1 2 3 -5 5 6 -8
leaf_value=-0.0031074104659290181 -0.0031074104659290181 -0.00078665895853251484 0.00062912320730711113 0.0062818558200273544 -0.00078665895853251484 0.00036391032245145703 0.00062912320730711113
leaf_weight=7.4382510822033501 3.9879756902810177 1.3586039023939509 1.1124318072106683 1.1774293370544908 0.39778920786920835 17.03067708038725 63.037213248084299
leaf_count=530 789 178 73 33 123 1792 8585
internal_value=0.000196489 0.000507174 0.00071337 0.00261749 0.000629123 0.000629123 0.000629123
internal_weight=95.5404 88.1021 84.1141 2.28986 81.8243 80.4657 80.0679
internal_count=12103 11573 10784 106 10678 10500 10377
is_linear=0
shrinkage=0.03


Tree=226
num_leaves=9
num_cat=0
split_feature=1 11 1 2 1 2 1 1
split_gain=0.105463 0.0556197 0.0110926 0.0591877 0.00898907 0.00357144 0.000241777 0.000144779
threshold=4.5243482008187899 6.8839839623687604 99.029103334511618 31.519130859094698 6.1150582482381717 1.5483504331264977 21.749760816413314 77.790490719552523
decision_type=2 2 2 2 2 2 2 2
left_child=-1 -2 4 -4 -3 7 -7 -6
right_child=1 2 3 -5 5 6 -8 -9
leaf_value=-0.0029943367522812731 -0.00259066638984662 -0.0013023295279138362 0.00061186750294361426 0.0060499610069210076 -0.0011764935457901444 0.00038064885945208603 0.00061186750294361426 -5.8229641929334661e-05
leaf_weight=7.4422637154348186 3.9490978305693707 1.3100966634228814 1.1144304217305028 1.1814705692231653 0.16216831398196419 17.028494364116341 63.092722058412619 0.23500386928208172
leaf_count=530 789 178 73 33 55 1792 8585 68
internal_value=0.000213245 0.000514861 0.000689367 0.00242784 0.000611868 0.000611868 0.000611868 -0.00103008
internal_weight=95.5157 88.0735 84.1244 2.2959 81.8285 80.5184 80.1212 0.397172
internal_count=12103 11573 10784 106 10678 10500 10377 123
is_linear=0
shrinkage=0.03


Tree=227
num_leaves=7
num_cat=0
split_feature=1 11 1 11 11 1
split_gain=0.111987 0.0521331 0.00996101 0.0353901 0.0115421 0.0071508
threshold=4.5243482008187899 6.8839839623687604 6.1150582482381717 94.374964825943152 99.762751742072041 99.029103334511618
decision_type=2 2 2 2 2 2
left_child=-1 -2 3 -3 5 -4
right_child=1 2 4 -5 -6 -7
leaf_value=-0.0030962759278317714 -0.0024870026629734221 -0.0024870026629734221 0.0007389655369433901 0.0007389655369433901 0.0030734153604959446 0.0022295887222581997
leaf_weight=7.422562579624354 3.9401985194999716 0.88765944412443676 79.548433836200275 0.42177822580561042 1.006354697048663 2.3019171853084108
leaf_count=530 789 166 10473 12 27 106
internal_value=0.000213163 0.000523587 0.000692073 -0.00131028 0.000738966 0.000738966
internal_weight=95.5289 88.1063 84.1661 1.30944 82.8567 81.8504
internal_count=12103 11573 10784 178 10606 10579
is_linear=0
shrinkage=0.03


Tree=228
num_leaves=9
num_cat=0
split_feature=1 11 11 7 2 1 7 2
split_gain=0.0756117 0.0540279 0.0120211 0.00909887 0.0376245 0.0118295 0.0414258 0.0454712
threshold=6.1150582482381717 6.8839839623687604 99.762751742072041 98.260738052026625 60.493037794828084 20.943561208267095 11.200716845878137 51.053980053001403
decision_type=2 2 2 2 2 2 2 2
left_child=-1 -2 3 5 -5 6 -3 -8
right_child=1 2 -4 4 -6 -7 7 -9
leaf_value=-0.0022733240079634929 -0.0022733240079634929 -0.0022733240079634929 0.0030332487369797777 0.00055627404527966342 0.0030332487369797777 0.00055627404527966342 -0.0022733240079634929 0.00055627404527966342
leaf_weight=8.6841939897276443 3.8716639837948597 0.64430060877930273 1.0029252960812289 1.0711261254036792 1.3749866830185054 64.092269074521028 1.3563733209157351 13.409651673631741
leaf_count=722 775 123 27 159 94 8663 338 1202
internal_value=0.00024607 0.00052108 0.000694769 0.000629927 0.00216769 0.000556274 -0.00026081 0.000355042
internal_weight=95.5075 86.8233 82.9516 81.9487 2.44611 79.5026 15.4103 14.766
internal_count=12103 11381 10606 10579 253 10326 1663 1540
is_linear=0
shrinkage=0.03


Tree=229
num_leaves=8
num_cat=0
split_feature=11 11 11 7 10 7 7
split_gain=0.0191416 0.0106581 0.00110573 0.00843294 0.00831239 0.00119535 0.000858808
threshold=99.762751742072041 1.2336199836199839 6.8839839623687604 13.383084577114429 88.964992389649936 98.260738052026625 7.7524038461538476
decision_type=2 2 2 2 2 2 2
left_child=1 -1 3 -3 -5 6 -4
right_child=-2 2 5 4 -6 -7 -8
leaf_value=-0.0023491343226370131 0.0030160736826671634 -0.002206632998527689 -0.00031251869304707634 -0.0012354930446922374 0.00023696150869877028 0.0007934727364276408 0.00023696150869877028
leaf_weight=0.48619010986294497 1.1950509143061925 0.46390342060476486 1.9391614696942259 2.5969895463204016 0.69101434829644848 2.6549784019589415 85.466113046044484
leaf_count=125 34 76 451 513 110 274 10520
internal_value=0.000244073 0.000177664 0.000215398 -0.00024316 0.000236962 0.000236962 0.000236962
internal_weight=95.4934 94.2984 93.8122 3.75191 3.288 90.0603 87.4053
internal_count=12103 12069 11944 699 623 11245 10971
is_linear=0
shrinkage=0.03


Tree=230
num_leaves=11
num_cat=0
split_feature=1 11 11 9 9 9 8 10 8 11
split_gain=0.0639088 0.175603 0.15201 0.128792 0.0743782 0.0524894 0.247679 0.0472618 0.0197595 0.110853
threshold=24.52152014652015 99.762751742072041 88.901458019105078 24.852941176470591 97.515432098765444 94.878352678864204 93.127066603684469 71.339285714285737 49.675324675324681 17.711334206314568
decision_type=2 2 2 2 2 2 2 2 2 2
left_child=2 5 4 -4 7 -2 8 -1 -7 -10
right_child=1 -3 3 -5 -6 6 -8 -9 9 -11
leaf_value=-0.0047964493778115758 0.00085983220606322382 0.010383674524292657 -0.0025221240816209554 0.00085983220606322382 0.00085983220606322382 0.00085983220606322382 0.010383674524292657 -0.0025221240816209554 0.00085983220606322382 0.0072519539994555411
leaf_weight=9.6807667716639134 60.528224593144841 0.80334119126200576 2.0461638215929261 10.641250507207586 0.68977098888717669 1.596905743703245 0.65252942591905583 5.8111420247005308 1.3381813254673036 2.0233650472946465
leaf_count=1684 8570 19 136 315 109 262 13 676 202 107
internal_value=0.00062149 0.00112527 -0.000545256 0.000859832 -0.00252212 0.000859832 0.00355382 -0.00314264 0.000859832 0.00315748
internal_weight=95.8116 66.9425 28.8691 12.6874 16.1817 66.1392 5.61098 15.4919 4.95845 3.36155
internal_count=12093 9173 2920 451 2469 9154 584 2360 571 309
is_linear=0
shrinkage=0.03


Tree=231
num_leaves=11
num_cat=0
split_feature=1 2 9 8 9 8 8 8 9 2
split_gain=0.0547996 0.057729 0.042545 0.273301 0.0332377 0.068098 0.0854469 0.0182074 0.0160916 0.00301963
threshold=24.52152014652015 51.053980053001403 94.878352678864204 93.127066603684469 55.62587904360057 93.582704186684978 26.272648835202762 49.675324675324681 31.411960132890368 1.5483504331264977
decision_type=2 2 2 2 2 2 2 2 2 2
left_child=1 -1 9 7 5 8 -6 -4 -3 -2
right_child=2 4 3 -5 6 -7 -8 -9 -10 -11
leaf_value=-0.0041086495347236341 -0.00070898007599347378 -0.0041086495347236341 0.00080669583092123716 0.014087517438097281 -0.0023837989156695674 0.00080669583092123716 0.00080669583092123716 0.0030747739115066963 -0.0023837989156695674 0.00080669583092123716
leaf_weight=2.4879786418750909 0.46627015387639303 3.5837873913114944 1.6017602719366539 0.6452985513024031 0.97738659987225851 3.3606081323232493 11.984567022765985 3.3645452575292438 6.2379924673587084 61.123484052834101
leaf_count=585 138 625 262 13 188 92 851 309 579 8451
internal_value=0.000603859 -0.000483405 0.0010674 0.00337398 2.37864e-07 -0.00103719 0.000806696 0.000806696 -0.0023838 0.000806696
internal_weight=95.8337 28.6323 67.2014 5.6116 26.1443 13.1824 12.962 4.96631 9.82178 61.5898
internal_count=12093 2920 9173 584 2335 1296 1039 571 1204 8589
is_linear=0
shrinkage=0.03


Tree=232
num_leaves=9
num_cat=0
split_feature=1 11 11 10 2 8 11 8
split_gain=0.0445816 0.175416 0.142058 0.0762825 0.149389 0.0228105 0.153986 0.058246
threshold=24.52152014652015 99.762751742072041 88.901458019105078 71.339285714285737 93.812925891867692 75.162337662337677 63.859529025191684 89.323708206686945
decision_type=2 2 2 2 2 2 2 2
left_child=2 5 3 -1 -5 -2 -7 -8
right_child=1 -3 -4 4 -6 6 7 -9
leaf_value=-0.0038743103966482739 0.0007651483677725791 0.010266170308043113 0.0007651483677725791 -0.0038743103966482739 0.0007651483677725791 0.0007651483677725791 0.0014809017285809117 0.0061632705773064372
leaf_weight=9.8934907834045607 43.376366761163808 0.80763387633487482 12.685319932526907 3.7843928434886029 2.1689510950818658 12.074790172046052 4.7908020773902518 6.2179048350080848
leaf_count=1762 7080 19 451 573 134 1474 329 271
internal_value=0.000610963 0.00102793 -0.000373602 -0.00238081 0.0003014 0.000765148 0.00170149 0.00441859
internal_weight=95.7997 67.2675 28.5322 15.8468 5.95334 66.4599 23.0835 11.0087
internal_count=12093 9173 2920 2469 707 9154 2074 600
is_linear=0
shrinkage=0.03


Tree=233
num_leaves=11
num_cat=0
split_feature=1 11 11 9 9 10 9 8 8 11
split_gain=0.0286445 0.170138 0.121067 0.0865129 0.0618006 0.0568672 0.0457791 0.242545 0.0176696 0.109463
threshold=24.52152014652015 99.762751742072041 88.901458019105078 24.852941176470591 97.515432098765444 71.339285714285737 94.878352678864204 93.127066603684469 49.675324675324681 17.711334206314568
decision_type=2 2 2 2 2 2 2 2 2 2
left_child=2 6 4 -4 5 -1 -2 8 -8 -10
right_child=1 -3 3 -5 -6 -7 7 -9 9 -11
leaf_value=-0.0045617806323371406 0.00069260145743164567 0.010046422877283637 -0.0021127214349291722 0.00069260145743164567 0.00069260145743164567 -0.0021127214349291722 0.00069260145743164567 0.010046422877283637 0.00069260145743164567 0.0070198354404807008
leaf_weight=9.2908620155649242 60.987477978807874 0.80735254241153498 2.0314426416298366 10.640728924889116 0.68655372224748212 5.7603444714331991 1.6016908225137729 0.63470188993960608 1.337754870997742 2.0175383549649268
leaf_count=1684 8570 19 136 315 109 676 262 13 202 107
internal_value=0.000617095 0.000949937 -0.00017784 0.000692601 -0.00211272 -0.00272815 0.000692601 0.00320721 0.000692601 0.00293024
internal_weight=95.7964 67.3865 28.4099 12.6722 15.7378 15.0512 66.5792 5.59169 4.95698 3.35529
internal_count=12093 9173 2920 451 2469 2360 9154 584 571 309
is_linear=0
shrinkage=0.03


Tree=234
num_leaves=10
num_cat=0
split_feature=1 11 11 10 2 8 11 8 8
split_gain=0.0257957 0.17729 0.107423 0.098199 0.0993929 0.0224374 0.0686849 0.1246 0.00307554
threshold=24.52152014652015 99.762751742072041 88.901458019105078 71.339285714285737 93.812925891867692 66.06451612903227 64.928749915580482 89.323708206686945 75.532879818594111
decision_type=2 2 2 2 2 2 2 2 2
left_child=2 5 3 -1 -5 -2 -7 8 -8
right_child=1 -3 -4 4 -6 6 7 -9 -10
leaf_value=-0.0036946575534477066 0.00068855948947264193 0.01018993540726806 0.00068855948947264193 -0.0036915991208525947 0.00068855948947264193 0.00068855948947264193 0.00068855948947264193 0.0058726006641177855 0.0016153171828775753
leaf_weight=9.6810071510262805 37.76078871707432 0.82527668867260118 12.656966038746758 3.7240272946655741 2.1738354908302426 15.471995722036811 2.422064515296368 6.2773223514668643 4.7791308478917927
leaf_count=1762 6358 19 451 573 134 2012 196 269 319
internal_value=0.000637161 0.000951648 -0.000121873 -0.00196066 0.000688559 0.000688559 0.00151926 0.00308225 0.000688559
internal_weight=95.7724 67.5366 28.2358 15.5789 5.89786 66.7113 28.9505 13.4785 7.2012
internal_count=12093 9173 2920 2469 707 9154 2796 784 515
is_linear=0
shrinkage=0.03


Tree=235
num_leaves=5
num_cat=0
split_feature=11 1 10 10
split_gain=0.0664352 0.15372 0.027454 0.00206028
threshold=98.861024196101042 29.248491849570019 14.879240943070732 4.0678433535576408
decision_type=2 2 2 2
left_child=2 -2 3 -1
right_child=1 -3 -4 -5
leaf_value=-0.0038528589327107734 -0.0012022140865257068 0.007245159682229798 -0.0012022140865257068 -0.0020047243880615627
leaf_weight=2.2829201194690532 1.3701721234247082 1.8505636586342005 81.435225207009353 8.918872000067493
leaf_count=269 61 77 10401 1206
internal_value=-0.00104545 0.00268013 -0.00120221 -0.00266627
internal_weight=95.8578 3.22074 92.637 11.2018
internal_count=12014 138 11876 1475
is_linear=0
shrinkage=0.03


Tree=236
num_leaves=4
num_cat=0
split_feature=11 1 10
split_gain=0.0600023 0.146165 0.0203787
threshold=98.861024196101042 29.248491849570019 4.0678433535576408
decision_type=2 2 2
left_child=2 -2 -1
right_child=1 -3 -4
leaf_value=-0.0036107639291435008 -0.001156119334759026 0.0069776134576154687 -0.001156119334759026
leaf_weight=2.2658076827647156 1.3706864973064505 1.8777826928999273 90.33007961185649
leaf_count=269 61 77 11607
internal_value=-0.00100666 0.00252284 -0.00115612
internal_weight=95.8444 3.24847 92.5959
internal_count=12014 138 11876
is_linear=0
shrinkage=0.03


Tree=237
num_leaves=4
num_cat=0
split_feature=11 1 10
split_gain=0.0712767 0.157099 0.0128224
threshold=98.861024196101042 29.248491849570019 3.8711288711288714
decision_type=2 2 2
left_child=2 -2 -1
right_child=1 -3 -4
leaf_value=-0.0034547432163503033 -0.0011650172885012092 0.0073214026920166396 -0.0011650172885012092
leaf_weight=1.4600108170416195 1.3710809240583324 1.9280908459331838 91.086770799593069
leaf_count=229 61 77 11647
internal_value=-0.00100033 0.00281593 -0.00116502
internal_weight=95.846 3.29917 92.5468
internal_count=12014 138 11876
is_linear=0
shrinkage=0.03


Tree=238
num_leaves=4
num_cat=0
split_feature=11 1 10
split_gain=0.0611765 0.144138 0.0118636
threshold=98.861024196101042 29.248491849570019 3.8711288711288714
decision_type=2 2 2
left_child=2 -2 -1
right_child=1 -3 -4
leaf_value=-0.0033592586090320669 -0.0011497058099823377 0.0068537267311843935 -0.0011497058099823377
leaf_weight=1.4577613080618892 1.3712410237640136 1.9612962154205886 91.048524526646361
leaf_count=229 61 77 11647
internal_value=-0.000996983 0.00252924 -0.00114971
internal_weight=95.8388 3.33254 92.5063
internal_count=12014 138 11876
is_linear=0
shrinkage=0.03


Tree=239
num_leaves=4
num_cat=0
split_feature=10 1 1
split_gain=0.0141911 0.0291311 0.00381399
threshold=3.8711288711288714 82.427617641394377 0.94563176249664682
decision_type=2 2 2
left_child=1 -1 -2
right_child=2 -3 -4
leaf_value=-0.0053208918490810723 -0.0022527207778205555 -0.00094628861874012228 -0.00090243140301471132
leaf_weight=1.1562214292353008 1.4299343939637754 0.29815275105647732 92.960206714225933
leaf_count=189 92 40 11693
internal_value=-0.00101691 -0.00334742 -0.000946289
internal_weight=95.8445 1.45437 94.3901
internal_count=12014 229 11785
is_linear=0
shrinkage=0.03


Tree=240
num_leaves=11
num_cat=0
split_feature=1 11 7 7 11 7 11 2 2 2
split_gain=0.0642075 0.0491774 0.0518896 0.0211216 0.0436742 0.0171658 0.011272 0.010971 0.00525217 0.0036303
threshold=41.91547831253714 99.762751742072041 37.965517241379317 98.019607843137265 39.975490196078439 8.2650273224043733 2.4272416637209857 14.919467829773756 51.053980053001403 1.5483504331264977
decision_type=2 2 2 2 2 2 2 2 2 2
left_child=5 2 -2 6 -5 -1 -4 -7 9 -8
right_child=1 -3 3 4 -6 7 8 -9 -10 -11
leaf_value=-0.0043978462277509643 -0.0013617839365756904 0.0056031632191489685 -0.0013617839365756904 0.00035152706101234846 0.0055402319926999306 -0.004080075654468311 -0.0013617839365756904 -0.0013617839365756904 0.00035152706101234846 -4.487573728272823e-05
leaf_weight=0.87722393986768921 11.128156446036881 0.46596901444718142 0.49108208483084936 0.58314162818714876 1.2325376083608715 0.74075586884282429 0.36817599693313496 42.214997718809173 18.787066442542709 18.837240573484451
leaf_count=222 1853 12 112 107 111 189 107 4603 1492 3204
internal_value=-0.000529962 0.000185118 3.00879e-05 0.000544786 0.00306132 -0.00136178 0.000351527 -0.00136178 0.000351527 -0.000157972
internal_weight=95.7263 51.8934 51.4274 40.2992 1.81568 43.833 38.4836 42.9558 37.9925 19.2054
internal_count=12012 6998 6986 5133 218 5014 4915 4792 4803 3311
is_linear=0
shrinkage=0.03


Tree=241
num_leaves=5
num_cat=0
split_feature=7 2 11 2
split_gain=0.005061 0.0484171 0.0066282 0.000102836
threshold=98.260738052026625 61.71295248868779 1.2336199836199839 99.067076634313807
decision_type=2 2 2 2
left_child=2 -2 -1 -4
right_child=1 -3 3 -5
leaf_value=-0.0026477315407128065 -0.00057593665356497784 0.0036723295897236933 -0.00057593665356497784 5.1994391295401378e-05
leaf_weight=0.46705394436139513 1.378386182826943 1.7126077800057826 91.75554063799791 0.43171296501532097
leaf_count=125 202 131 11535 19
internal_value=-0.000534911 0.000535046 -0.000575937 -0.000575937
internal_weight=95.7453 3.09099 92.6543 92.1873
internal_count=12012 333 11679 11554
is_linear=0
shrinkage=0.03


Tree=242
num_leaves=9
num_cat=0
split_feature=1 7 7 2 7 2 2 2
split_gain=0.0466552 0.02689 0.019921 0.0143552 0.00596132 0.01999 0.0029652 0.00205502
threshold=41.91547831253714 37.965517241379317 8.2650273224043733 14.919467829773756 98.019607843137265 61.71295248868779 2.0563183320620397 1.5483504331264977
decision_type=2 2 2 2 2 2 2 2
left_child=2 -2 -1 -4 6 -6 7 -3
right_child=1 4 3 -5 5 -7 -8 -9
leaf_value=-0.0043897087062120428 -0.001157795525185603 -0.001157795525185603 -0.0040480255107458191 -0.001157795525185603 0.00033174617833341499 0.0040520309095682652 0.00033174617833341499 0.00033174617833341499
leaf_weight=0.87606691871769626 11.295745026553048 0.37060767319053312 0.73858634091447939 42.147158953361213 1.1326222468633194 0.73798495437949885 38.182009187177755 0.27119980799034238
leaf_count=222 1860 108 189 4603 166 52 4773 39
internal_value=-0.000533189 7.66519e-05 -0.00124322 -0.0011578 0.000438854 0.00177188 0.000331746 -0.000969209
internal_weight=95.752 51.9902 43.7618 42.8857 40.6944 1.87061 38.8238 0.641807
internal_count=12012 6998 5014 4792 5138 218 4920 147
is_linear=0
shrinkage=0.03


Tree=243
num_leaves=10
num_cat=0
split_feature=1 11 7 7 2 11 7 11 11
split_gain=0.0316425 0.0504569 0.0334854 0.0141295 0.013025 0.00859815 0.00675981 0.0272515 0.00378654
threshold=41.91547831253714 99.762751742072041 37.965517241379317 8.2650273224043733 14.919467829773756 2.4272416637209857 98.019607843137265 39.975490196078439 1.5277179376705445
decision_type=2 2 2 2 2 2 2 2 2
left_child=3 2 -2 -1 -5 8 -7 -8 -4
right_child=1 -3 5 4 -6 6 7 -9 -10
leaf_value=-0.0038703013615756432 -0.0011236961740388642 0.0054622155784144677 -0.0011236961740388642 -0.0038703013615756432 -0.0011236961740388642 0.00021965467916665906 0.00021965467916665906 0.0039136384692437859 0.00021965467916665906
leaf_weight=0.85306782112456758 11.007621387136167 0.46272349357604881 0.31949206127319385 0.73424812976736475 42.080908838193864 38.17913722153753 0.4922787940595289 1.2867328459396956 0.26235096785239875
leaf_count=222 1853 12 81 189 4603 4803 84 111 54
internal_value=-0.000538036 -3.43896e-05 -0.00018674 -0.0011237 -0.0011237 0.000242469 0.00032981 0.00176413 -0.0011237
internal_weight=95.6786 52.0103 51.5476 43.6682 42.8152 40.54 39.9581 1.77901 0.581843
internal_count=12012 6998 6986 5014 4792 5133 4998 195 135
is_linear=0
shrinkage=0.03


Tree=244
num_leaves=8
num_cat=0
split_feature=1 11 7 7 7 11 11
split_gain=0.0246493 0.0499011 0.0280241 0.0146992 0.00836005 0.0273603 0.00709602
threshold=41.91547831253714 99.762751742072041 37.965517241379317 8.2650273224043733 98.019607843137265 39.975490196078439 2.4272416637209857
decision_type=2 2 2 2 2 2 2
left_child=3 2 -2 -1 6 -6 -4
right_child=1 -3 4 -5 5 -7 -8
leaf_value=-0.0038400662203495581 -0.0010565910665266355 0.0053744807614066019 -0.0010565910665266355 -0.0010565910665266355 3.7509559647259141e-05 0.0038153850110052658 3.7509559647259141e-05
leaf_weight=0.85159063851460715 10.923067149706183 0.46255069831386109 0.49028713977895577 42.802061552880332 0.5838023500982662 1.2924951226450501 38.246106148581021
leaf_count=222 1853 12 112 4792 107 111 4803
internal_value=-0.000539494 -9.36349e-05 -0.00024408 -0.00105659 0.000154359 0.00171498 3.75096e-05
internal_weight=95.652 51.9983 51.5358 43.6537 40.6127 1.8763 38.7364
internal_count=12012 6998 6986 5014 5133 218 4915
is_linear=0
shrinkage=0.03


Tree=245
num_leaves=10
num_cat=0
split_feature=10 7 7 2 4 4 11 2 4
split_gain=0.015256 0.0232434 0.0209834 0.657739 0.168753 0.018267 0.0268249 0.0132662 0.00909406
threshold=56.997863247863258 9.6006144393241186 54.616477272727273 92.814827352742057 90.583972719522606 10.906981649441049 19.024956142832895 68.577539094700469 81.272721818945357
decision_type=2 2 2 2 2 2 2 2 2
left_child=1 5 -2 -4 8 -1 7 -7 -5
right_child=2 -3 3 4 -6 6 -8 -9 -10
leaf_value=-0.0049081668049343 0.00035729273634622645 0.00035729273634622645 0.00035729273634622645 0.00035729273634622645 0.012923314696503841 -0.0049081668049343 0.00035729273634622645 0.00035729273634622645 0.0028816281158838071
leaf_weight=0.34873809968121339 23.326954903430305 44.951070290990174 18.70633772562724 0.95078543503768642 3.9062669437844306 0.30450174806173924 1.9062588767847044 0.22661895421333611 1.0253789552953092
leaf_count=81 3054 6626 1601 80 56 75 413 36 25
internal_value=0.00056013 0.000174512 0.00093289 0.00153047 0.00990438 -0.00208995 -0.000376144 -0.00377294 0.0015997
internal_weight=95.6529 47.7372 47.9157 24.5888 5.88243 2.78612 2.43738 0.531121 1.97616
internal_count=12047 7231 4816 1762 161 605 524 111 105
is_linear=0
shrinkage=0.03


Tree=246
num_leaves=8
num_cat=0
split_feature=4 1 10 1 1 7 1
split_gain=0.0110924 0.047433 0.00853339 0.044069 0.0331875 0.0306966 0.0575243
threshold=5.3085199824330269 73.525631332224421 56.997863247863258 97.104941505151046 1.3233440694580592 54.616477272727273 41.91547831253714
decision_type=2 2 2 2 2 2 2
left_child=1 -1 4 5 -2 -4 -7
right_child=2 -3 3 -5 -6 6 -8
leaf_value=-0.0046364972895632395 -0.003893740247704407 0.0006454395600971073 0.0006454395600971073 0.0045941382464569948 0.0006454395600971073 0.0006454395600971073 0.0032731927727370097
leaf_weight=0.92934956494718735 0.89185316616203536 1.6673310403712092 21.437338434858248 2.0194007854443035 45.434510113438591 12.404407741851175 10.778015828458591
leaf_count=240 85 382 2820 102 6789 745 884
internal_value=0.000587818 -0.00108101 0.00064544 0.0010577 0.00064544 0.00080045 0.00174316
internal_weight=95.5622 2.59668 92.9655 46.6392 46.3264 44.6198 23.1824
internal_count=12047 622 11425 4551 6874 4449 1629
is_linear=0
shrinkage=0.03


Tree=247
num_leaves=10
num_cat=0
split_feature=10 1 7 1 11 7 2 4 1
split_gain=0.0159466 0.0364657 0.028492 0.0265243 0.0423395 0.0175193 0.598365 0.212673 0.204823
threshold=56.997863247863258 1.3233440694580592 9.6006144393241186 54.151256374024705 19.024956142832895 54.616477272727273 92.814827352742057 90.583972719522606 24.129641814131205
decision_type=2 2 2 2 2 2 2 2 2
left_child=1 -1 3 -3 -5 -2 -7 8 -8
right_child=5 2 -4 4 -6 6 7 -9 -10
leaf_value=-0.0039066344152687968 0.00054629447986982152 -0.0039066344152687968 0.00054629447986982152 -0.0039066344152687968 0.00054629447986982152 0.00054629447986982152 0.00054629447986982152 0.012908064231152086 0.0099832141148097943
leaf_weight=0.8881462577264746 23.341344394721091 1.1965986287686967 44.076130085508339 0.36276720417663444 1.0939095038920639 18.753497004276145 0.92049747402779658 3.9398892156314105 1.0763839869759975
leaf_count=85 3054 302 6549 83 212 1601 73 56 32
internal_value=0.000583845 0.000188365 0.000346414 -0.00221464 0.000546294 0.000964077 0.00152532 0.00955888 0.000848656
internal_weight=95.6492 47.6176 46.7294 2.65328 1.45668 48.0316 24.6903 5.93677 1.99688
internal_count=12047 7231 7146 597 295 4816 1762 161 105
is_linear=0
shrinkage=0.03


Tree=248
num_leaves=10
num_cat=0
split_feature=10 1 7 1 11 1 7 2 1
split_gain=0.0124305 0.0339309 0.0272013 0.025962 0.0420229 0.0139159 0.0301724 0.236975 0.00721114
threshold=56.997863247863258 1.3233440694580592 9.6006144393241186 54.151256374024705 19.024956142832895 97.104941505151046 54.616477272727273 81.60943506694359 99.759325764596866
decision_type=2 2 2 2 2 2 2 2 2
left_child=1 -1 3 -3 -5 6 -2 -8 -4
right_child=5 2 8 4 -6 -7 7 -9 -10
leaf_value=-0.0037264982635739044 0.00057100932729771143 -0.0037264982635739044 0.00057100932729771143 -0.0037264982635739044 0.00057100932729771143 0.002826948994632802 0.00057100932729771143 0.002826948994632802 0.0027975258856527169
leaf_weight=0.88885764393489708 21.981618557940237 1.1916747016366565 43.689608367159963 0.36159503646194924 1.0931845298036931 2.3308545819018027 14.052480176789688 9.614660900551824 0.37493684631772239
leaf_count=85 2962 302 6527 83 212 146 1384 324 22
internal_value=0.000575552 0.000224789 0.000376507 -0.00213049 0.000571009 0.000911845 0.000755554 0.00165659 0.000571009
internal_weight=95.5795 47.5999 46.711 2.64645 1.45478 47.9796 45.6488 23.6671 44.0645
internal_count=12047 7231 7146 597 295 4816 4670 1708 6549
is_linear=0
shrinkage=0.03


Tree=249
num_leaves=10
num_cat=0
split_feature=10 1 7 1 11 1 7 2 1
split_gain=0.0110449 0.0316124 0.0267876 0.0258601 0.0406435 0.0132678 0.0276853 0.226915 0.00686453
threshold=56.997863247863258 1.3233440694580592 9.6006144393241186 54.151256374024705 19.024956142832895 97.104941505151046 54.616477272727273 81.60943506694359 99.759325764596866
decision_type=2 2 2 2 2 2 2 2 2
left_child=1 -1 3 -3 -5 6 -2 -8 -4
right_child=5 2 8 4 -6 -7 7 -9 -10
leaf_value=-0.003573383065683387 0.00057699058028771219 -0.003573383065683387 0.00057699058028771219 -0.003573383065683387 0.00057699058028771219 0.0027574446987114502 0.00057699058028771219 0.0027574446987114502 0.0027535114806843202
leaf_weight=0.89220458059571583 21.973010319285095 1.1880419338122004 43.685212954762392 0.35995117342099536 1.0936045589623971 2.3269421197473994 14.05654478154611 9.6070890566334111 0.37442743754945595
leaf_count=85 2962 302 6527 83 212 146 1384 324 22
internal_value=0.000569452 0.000238062 0.000384263 -0.00210599 0.000576991 0.000886707 0.00073424 0.00161165 0.000576991
internal_weight=95.557 47.5934 46.7012 2.6416 1.45356 47.9636 45.6366 23.6636 44.0596
internal_count=12047 7231 7146 597 295 4816 4670 1708 6549
is_linear=0
shrinkage=0.03


Tree=250
num_leaves=7
num_cat=0
split_feature=3 2 1 11 2 2
split_gain=0.047648 0.220761 0.00682009 0.00564027 0.0170553 0.0102903
threshold=98.601368203133077 54.120653229029877 0.94563176249664682 6.5633712692536239 92.771059845739259 1.5483504331264977
decision_type=2 2 2 2 2 2
left_child=2 -2 -1 4 -4 -5
right_child=1 -3 3 5 -6 -7
leaf_value=-0.00078908165245684361 0.00081682690775092823 0.0075602125889526594 -0.00078908165245684361 -0.00078908165245684361 0.00081682690775092823 0.00081682690775092823
leaf_weight=1.6387909612385545 2.4136507380753747 4.4343251432292163 3.0809198735514651 0.47196545137558032 0.41656766994856287 83.164201599545777
leaf_count=92 75 94 697 142 52 10871
internal_value=0.00102566 0.00328385 0.000816827 0.000816827 -0.000326221 0.000816827
internal_weight=95.6204 6.84798 88.7724 87.1337 3.49749 83.6362
internal_count=12023 169 11854 11762 749 11013
is_linear=0
shrinkage=0.03


Tree=251
num_leaves=6
num_cat=0
split_feature=3 2 2 2 3
split_gain=0.024337 0.17084 0.00533956 0.00831302 0.00114128
threshold=98.601368203133077 54.120653229029877 1.5483504331264977 0.83739725713762403 23.341242219960758
decision_type=2 2 2 2 2
left_child=2 -2 3 -1 -5
right_child=1 -3 -4 4 -6
leaf_value=-0.0025594416372098742 0.00089002456304270523 0.0066066292823424985 0.00089002456304270523 -0.00036908328609431754 0.00089002456304270523
leaf_weight=0.16579790250398119 2.4135099293198428 4.4945263522677124 88.144787825644016 0.16941061080433428 0.18271391303278506
leaf_count=50 75 94 11699 54 51
internal_value=0.00104487 0.00266843 0.000890025 -0.00103033 0.000890025
internal_weight=95.5707 6.90804 88.6627 0.517922 0.352125
internal_count=12023 169 11854 155 105
is_linear=0
shrinkage=0.03


Tree=252
num_leaves=8
num_cat=0
split_feature=3 2 1 2 11 2 2
split_gain=0.017506 0.15109 0.0407698 0.00454276 0.00217959 0.000209964 0.00294144
threshold=98.601368203133077 54.120653229029877 0.48544833274419702 1.5483504331264977 1.2336199836199839 1.2145890073127321 0.83739725713762403
decision_type=2 2 2 2 2 2 2
left_child=2 -2 -1 5 -5 6 -4
right_child=1 -3 3 4 -6 -7 -8
leaf_value=-0.0042795754726041406 0.00089257413762798511 0.0061719097088525441 -0.0025070517883461194 -0.0006781296554015016 0.00089257413762798511 -0.0006781296554015016 -0.0006781296554015016
leaf_weight=0.40141798474360157 2.4137970490846774 4.5638740488793701 0.16512374440207978 0.43361579242627968 87.237046604277566 0.18655729060992599 0.16523405513726175
leaf_count=43 75 94 50 114 11542 54 51
internal_value=0.00102692 0.00240693 0.000892574 0.000892574 0.000892574 -0.000983339 -0.00144879
internal_weight=95.5667 6.97767 88.589 88.1876 87.6707 0.516915 0.330358
internal_count=12023 169 11854 11811 11656 155 101
is_linear=0
shrinkage=0.03


Tree=253
num_leaves=8
num_cat=0
split_feature=3 2 1 2 11 2 2
split_gain=0.0140866 0.141695 0.0403657 0.00429578 0.00215766 0.000201849 0.00290136
threshold=98.601368203133077 54.120653229029877 0.48544833274419702 1.5483504331264977 1.2336199836199839 1.2145890073127321 0.83739725713762403
decision_type=2 2 2 2 2 2 2
left_child=2 -2 -1 5 -5 6 -4
right_child=1 -3 3 4 -6 -7 -8
leaf_value=-0.0042516526335785558 0.00089313880108039671 0.0059452802464218116 -0.0024772280836136214 -0.00066984961610256732 0.00089313880108039671 -0.00066984961610256732 -0.00066984961610256732
leaf_weight=0.40266072342637826 2.4124246400315306 4.6123267039656639 0.16443828213959832 0.43304989591706444 87.190192946232855 0.1862634711433202 0.16489303042180836
leaf_count=43 75 94 50 114 11542 54 51
internal_value=0.00101573 0.00225699 0.000893139 0.000893139 0.000893139 -0.000943498 -0.00141789
internal_weight=95.5662 7.02475 88.5415 88.1388 87.6232 0.515595 0.329331
internal_count=12023 169 11854 11811 11656 155 101
is_linear=0
shrinkage=0.03


Tree=254
num_leaves=7
num_cat=0
split_feature=3 2 1 2 2 2
split_gain=0.0134384 0.139773 0.0399888 0.0041092 0.00167977 0.00559389
threshold=98.601368203133077 54.120653229029877 0.48544833274419702 1.5483504331264977 1.2145890073127321 0.83739725713762403
decision_type=2 2 2 2 2 2
left_child=2 -2 -1 4 5 -4
right_child=1 -3 3 -5 -6 -7
leaf_value=-0.0042247061735469381 0.00089427267747626052 0.0059067288184347557 -0.0024536928273190023 0.00089427267747626052 0.00039754447463861156 0.00039754447463861156
leaf_weight=0.40397316962480445 2.4130300129763773 4.6073578004725277 0.16372750885784526 87.613341638469137 0.18587299645878375 0.16454925411380827
leaf_count=43 75 94 50 11656 54 51
internal_value=0.00101441 0.00222897 0.000894273 0.000894273 -0.0009124 -0.001395
internal_weight=95.5519 7.02039 88.5315 88.1275 0.51415 0.328277
internal_count=12023 169 11854 11811 155 101
is_linear=0
shrinkage=0.03


Tree=255
num_leaves=4
num_cat=0
split_feature=9 11 2
split_gain=0.0717956 0.269358 0.0217954
threshold=95.354232989801986 76.59879644776818 6.9455919308754188
decision_type=2 2 2
left_child=2 -2 -1
right_child=1 -3 -4
leaf_value=-0.0027629679461825462 -0.00055215546119938546 0.0086247714238687143 -0.00055215546119938546
leaf_weight=3.075700238114222 4.9036314311670131 2.7256693748058751 84.146788411075249
leaf_count=760 606 96 10606
internal_value=-0.000299618 0.00231694 -0.000552155
internal_weight=94.8518 7.6293 87.2225
internal_count=12068 702 11366
is_linear=0
shrinkage=0.03


Tree=256
num_leaves=4
num_cat=0
split_feature=9 11 2
split_gain=0.0665225 0.255438 0.0202109
threshold=95.354232989801986 76.59879644776818 6.9455919308754188
decision_type=2 2 2
left_child=2 -2 -1
right_child=1 -3 -4
leaf_value=-0.0026782120323438651 -0.00054653538547415987 0.0083640760526034943 -0.00054653538547415987
leaf_weight=3.0687279980629674 4.9034336112672454 2.7283214194467291 84.095582044217736
leaf_count=760 606 96 10606
internal_value=-0.000303401 0.00221511 -0.000546535
internal_weight=94.7961 7.63176 87.1643
internal_count=12068 702 11366
is_linear=0
shrinkage=0.03


Tree=257
num_leaves=4
num_cat=0
split_feature=9 11 2
split_gain=0.0604763 0.246481 0.020123
threshold=95.354232989801986 76.59879644776818 6.9455919308754188
decision_type=2 2 2
left_child=2 -2 -1
right_child=1 -3 -4
leaf_value=-0.0026354867476921316 -0.00050953679318888664 0.0082070593477969415 -0.00050953679318888664
leaf_weight=3.0645372840808696 4.9035970494151107 2.710520620457828 84.115298820543103
leaf_count=760 606 96 10606
internal_value=-0.000277868 0.0021259 -0.000509537
internal_weight=94.794 7.61412 87.1798
internal_count=12068 702 11366
is_linear=0
shrinkage=0.03


Tree=258
num_leaves=5
num_cat=0
split_feature=9 8 8 2
split_gain=0.0533481 0.232705 0.0382826 0.0198805
threshold=95.354232989801986 93.127066603684469 58.863819500402911 6.9455919308754188
decision_type=2 2 2 2
left_child=3 2 -2 -1
right_child=1 -3 -4 -5
leaf_value=-0.002619024688312533 -0.00050362790776553069 0.0098643260046215962 0.0024953228597127349 -0.00050362790776553069
leaf_weight=3.0550797925097859 3.1169536795932791 1.441793722566217 3.0487902257591486 84.084204767365009
leaf_count=760 448 23 231 10606
internal_value=-0.000286252 0.00197289 -0.000503628 -0.000503628
internal_weight=94.7468 7.60754 6.16574 87.1393
internal_count=12068 702 679 11366
is_linear=0
shrinkage=0.03


Tree=259
num_leaves=5
num_cat=0
split_feature=9 8 8 2
split_gain=0.0360233 0.195668 0.0302463 0.020597
threshold=95.354232989801986 93.127066603684469 58.863819500402911 6.9455919308754188
decision_type=2 2 2 2
left_child=3 2 -2 -1
right_child=1 -3 -4 -5
leaf_value=-0.002610561206589247 -0.00045889548652118788 0.0088075103495854883 0.0022680915186929869 -0.00045889548652118788
leaf_weight=3.0495064817368975 3.1185609395615748 1.4692008281126616 3.1157629888039082 84.029072224744596
leaf_count=760 448 23 231 10606
internal_value=-0.000279628 0.00156667 -0.000458895 -0.000458895
internal_weight=94.7821 7.70352 6.23432 87.0786
internal_count=12068 702 679 11366
is_linear=0
shrinkage=0.03


Tree=260
num_leaves=7
num_cat=0
split_feature=1 11 8 2 11 2
split_gain=0.00688655 0.0062698 0.00347465 0.00205097 0.000789142 7.92812e-05
threshold=99.320497429741138 6.5633712692536239 3.9344685242518063 1.5483504331264977 99.762751742072041 1.2145890073127321
decision_type=2 2 2 2 2 2
left_child=1 -1 -3 5 -5 -4
right_child=-2 2 3 4 -6 -7
leaf_value=-0.001095803288018357 0.0015445812084405334 -0.001095803288018357 -0.001095803288018357 7.0927011708569058e-05 0.00068242633794311867 -5.287840025763684e-05
leaf_weight=3.5782360513694575 1.627091463189571 0.72370450664311547 0.2656373797217374 87.120815953006968 0.96124486159533162 0.17139560729265213
leaf_count=755 81 205 85 10803 30 52
internal_value=2.98698e-05 -1.28622e-05 4.22206e-05 6.77753e-05 8.51861e-05 -0.00105868
internal_weight=94.4481 92.821 89.2428 88.5191 88.0821 0.437033
internal_count=12011 11930 11175 10970 10833 137
is_linear=0
shrinkage=0.03


Tree=261
num_leaves=7
num_cat=0
split_feature=1 11 8 2 11 2
split_gain=0.00635361 0.005999 0.00339 0.00203256 0.000709442 7.46921e-05
threshold=99.320497429741138 6.5633712692536239 3.9344685242518063 1.5483504331264977 99.762751742072041 1.2145890073127321
decision_type=2 2 2 2 2 2
left_child=1 -1 -3 5 -5 -4
right_child=-2 2 3 4 -6 -7
leaf_value=-0.0010678660843617179 0.0014883228048056293 -0.0010678660843617179 -0.0010678660843617179 7.4583548883730121e-05 0.00065512316449393428 -5.2366722955467545e-05
leaf_weight=3.5750933025265104 1.6253835698589671 0.72282117605209251 0.265331219881772 87.120565969147719 0.9599724889267226 0.17138644889928401
leaf_count=755 81 205 85 10803 30 52
internal_value=3.29279e-05 -8.1518e-06 4.56651e-05 7.08988e-05 8.8194e-05 -0.0010508
internal_weight=94.4406 92.8152 89.2401 88.5173 88.0805 0.436718
internal_count=12011 11930 11175 10970 10833 137
is_linear=0
shrinkage=0.03


Tree=262
num_leaves=7
num_cat=0
split_feature=1 11 8 2 11 2
split_gain=0.00623799 0.00553915 0.0032745 0.00200526 0.000659199 6.20506e-05
threshold=99.320497429741138 6.5633712692536239 3.9344685242518063 1.5483504331264977 99.762751742072041 1.2145890073127321
decision_type=2 2 2 2 2 2
left_child=1 -1 -3 5 -5 -4
right_child=-2 2 3 4 -6 -7
leaf_value=-0.0010258229764182447 0.001475294258729846 -0.0010258229764182447 -0.0010258229764182447 7.3537284326124355e-05 0.0006334349533684791 -5.2950350537579547e-05
leaf_weight=3.5713886657031244 1.6268985078204412 0.72184043319430102 0.26500434358604152 87.122663830290549 0.95881965756416221 0.17137152422219515
leaf_count=755 81 205 85 10803 30 52
internal_value=3.3633e-05 -7.09495e-06 4.45907e-05 6.94858e-05 8.66744e-05 -0.00102582
internal_weight=94.438 92.8111 89.2397 88.5179 88.0815 0.436376
internal_count=12011 11930 11175 10970 10833 137
is_linear=0
shrinkage=0.03


Tree=263
num_leaves=7
num_cat=0
split_feature=1 11 8 2 11 2
split_gain=0.00569978 0.00468597 0.0030572 0.00194507 0.000615357 3.17029e-05
threshold=99.320497429741138 6.5633712692536239 3.9344685242518063 1.5483504331264977 99.762751742072041 1.2145890073127321
decision_type=2 2 2 2 2 2
left_child=1 -1 -3 5 -5 -4
right_child=-2 2 3 4 -6 -7
leaf_value=-0.00094491475687201389 0.0014102491993202577 -0.00094491475687201389 -0.00094491475687201389 6.9078385837646411e-05 0.00061000735079411866 -5.2246293395446875e-05
leaf_weight=3.5638126195408395 1.625506832031532 0.72060802555642922 0.26465898309834202 87.125635065836832 0.95786503539420564 0.17135304980911314
leaf_count=755 81 205 85 10803 30 52
internal_value=3.18091e-05 -7.11157e-06 4.03958e-05 6.47198e-05 8.17423e-05 -0.000944915
internal_weight=94.4294 92.8039 89.2401 88.5195 88.0835 0.436012
internal_count=12011 11930 11175 10970 10833 137
is_linear=0
shrinkage=0.03


Tree=264
num_leaves=6
num_cat=0
split_feature=1 11 2 11 2
split_gain=0.00537244 0.00456157 0.0018384 0.00126632 2.74466e-05
threshold=99.320497429741138 6.5633712692536239 1.5483504331264977 99.762751742072041 1.2145890073127321
decision_type=2 2 2 2 2
left_child=1 -1 4 -4 -3
right_child=-2 2 3 -5 -6
leaf_value=-0.00093148703812126617 0.0013703909557630325 -0.00093148703812126617 4.0243841177159693e-05 0.00081185189627902934 -5.1921160690856454e-05
leaf_weight=3.561473542940802 1.6244107270613302 0.26434032840188493 87.84167503612116 0.96211599465459485 0.17132880701683462
leaf_count=755 81 85 11007 31 52
internal_value=3.18329e-05 -5.95731e-06 4.08929e-05 5.75508e-05 -0.000931487
internal_weight=94.4253 92.8009 89.2395 88.8038 0.435669
internal_count=12011 11930 11175 11038 137
is_linear=0
shrinkage=0.03


Tree=265
num_leaves=6
num_cat=0
split_feature=8 2 8 2 2
split_gain=0.0378341 0.0600617 0.0101288 0.179491 0.00482743
threshold=16.428133306072379 94.42601548224961 95.904389152921439 72.576939228508024 2.0563183320620397
decision_type=2 2 2 2 2
left_child=1 -1 4 -4 -2
right_child=2 -3 3 -5 -6
leaf_value=-0.0036503446280337333 -0.0019830985486747111 -9.7893040102918524e-05 -9.7893040102918524e-05 0.0048557304088548414 -9.7893040102918524e-05
leaf_weight=6.2215059091104186 0.56889966048765828 0.40967433736659575 3.7935088975355011 5.9555178505834192 77.148429023218341
leaf_count=1476 163 58 403 177 9719
internal_value=-0.000275785 -0.0023019 -9.7893e-05 0.000823499 -9.7893e-05
internal_weight=94.0975 6.63118 87.4664 9.74903 77.7173
internal_count=11996 1534 10462 580 9882
is_linear=0
shrinkage=0.03


Tree=266
num_leaves=7
num_cat=0
split_feature=8 2 1 8 8 2
split_gain=0.0360184 0.059028 0.0374559 0.0896361 0.00958289 0.000352349
threshold=16.428133306072379 94.42601548224961 98.601368203133077 77.346041055718487 95.904389152921439 2.0563183320620397
decision_type=2 2 2 2 2 2
left_child=1 -1 4 -4 5 -2
right_child=2 -3 3 -5 -6 -7
leaf_value=-0.003617729900890303 -0.0020955010363442011 -0.0001055962032533346 -0.0001055962032533346 0.0072644542434377162 0.00087348106109481894 -0.0001055962032533346
leaf_weight=6.1674950383603564 0.51290434540714969 0.40987816359847773 1.3837080171797418 1.1062235482968388 9.4083869582973403 75.096426059142686
leaf_count=1476 150 58 111 35 571 9595
internal_value=-0.000278649 -0.00226322 -0.000105596 0.00300286 -0.000105596 -0.000105596
internal_weight=94.085 6.57737 87.5076 2.48993 85.0177 75.6093
internal_count=11996 1534 10462 146 10316 9745
is_linear=0
shrinkage=0.03


Tree=267
num_leaves=12
num_cat=0
split_feature=1 2 8 8 11 2 1 11 8 2 1
split_gain=0.0354417 0.119736 0.345653 0.0191887 0.0922065 0.149685 0.248597 0.151935 0.0666311 0.0333097 0.017542
threshold=6.9006568144499187 94.670786142953872 95.275297619047635 64.747307373653697 22.009470748899187 78.987668298832219 39.93013872215554 90.135406523855906 66.06451612903227 4.3891202009933119 42.690047279254046
decision_type=2 2 2 2 2 2 2 2 2 2 2
left_child=1 2 -1 -2 -5 6 -6 -7 -8 -10 -11
right_child=3 -3 -4 4 5 7 8 -9 9 10 -12
leaf_value=-0.0089883458215694184 -5.1805467320531911e-05 -5.1805467320531911e-05 -5.1805467320531911e-05 -5.1805467320531911e-05 -5.1805467320531911e-05 0.0035901426980553355 -5.1805467320531911e-05 0.0092461174785481472 -5.1805467320531911e-05 -5.1805467320531911e-05 0.0035901426980553355
leaf_weight=4.6916320074815285 45.850149489589967 3.6846615790855139 0.66480755154043425 6.6386268517235285 5.8002328622387749 6.8993644046131504 0.52394844545051178 3.9165899399667978 0.49188183399382879 0.62954699876718123 14.324689985485746
leaf_count=576 7642 196 21 722 735 406 37 84 113 70 1394
internal_value=-0.000251372 -0.00193707 -0.0048024 -5.18055e-05 0.000603481 0.00167596 0.000191484 0.00439483 0.00359014 0.00359014 0.00359014
internal_weight=94.1161 9.0411 5.35644 85.075 39.2249 32.5863 21.7703 10.816 15.9701 15.4461 14.9542
internal_count=11996 793 597 11203 3561 2839 2349 490 1614 1577 1464
is_linear=0
shrinkage=0.03


Tree=268
num_leaves=7
num_cat=0
split_feature=8 2 1 8 2 8
split_gain=0.0277481 0.0530845 0.0398896 0.0936309 0.00804122 0.0103011
threshold=16.428133306072379 94.42601548224961 98.601368203133077 77.346041055718487 2.0563183320620397 95.904389152921439
decision_type=2 2 2 2 2 2
left_child=1 -1 4 -4 -2 -6
right_child=2 -3 3 -5 5 -7
leaf_value=-0.0033693048057442379 -0.00244956411139432 -0.00012555935137214611 -0.00012555935137214611 0.0074094571781842342 -0.00012555935137214611 0.00085152614597246905
leaf_weight=6.1253023796016342 0.60715913400053878 0.40990278613753606 1.3826108933426433 1.1170745173003522 75.123846692265943 9.3670422310242412
leaf_count=1476 168 58 111 35 9595 553
internal_value=-0.000277311 -0.00202478 -0.000125559 0.00307799 -0.000125559 -0.000125559
internal_weight=94.1329 6.53521 87.5977 2.49969 85.098 84.4909
internal_count=11996 1534 10462 146 10316 10148
is_linear=0
shrinkage=0.03


Tree=269
num_leaves=11
num_cat=0
split_feature=1 2 8 4 8 11 2 4 11 1
split_gain=0.0249842 0.102173 0.304866 0.0978113 0.0146847 0.0838707 0.155581 0.539438 0.186561 0.0156787
threshold=6.9006568144499187 94.670786142953872 95.275297619047635 98.247741143150762 64.747307373653697 22.009470748899187 78.987668298832219 72.748281456812279 89.837038494327501 39.93013872215554
decision_type=2 2 2 2 2 2 2 2 2 2
left_child=1 2 3 -1 -2 -6 9 -8 -9 -7
right_child=4 -3 -4 -5 5 6 7 8 -10 -11
leaf_value=-0.010732587378217957 -0.00010985538201721986 -0.00010985538201721986 -0.00010985538201721986 -0.00086870687954701238 -0.00010985538201721986 -0.00010985538201721986 1.5277129559757931e-05 0.0037962799901442271 0.013393469001010952 1.5277129559757931e-05
leaf_weight=3.2377270763972756 45.821311119943857 3.6850464002927765 0.64667730638757337 1.3897492357064036 6.6404240378178647 5.8002767949365177 2.302070634905248 5.1346486797556263 3.3653360812459141 16.088476412231103
leaf_count=516 7642 196 21 60 722 735 241 191 58 1614
internal_value=-0.000277474 -0.00169961 -0.00443072 -0.00845099 -0.000109855 0.000462849 0.00151294 0.00428931 0.00860589 1.52771e-05
internal_weight=94.1117 8.9592 5.27415 4.62748 85.1525 39.3312 32.6908 10.8021 8.49998 21.8888
internal_count=11996 793 597 576 11203 3561 2839 490 249 2349
is_linear=0
shrinkage=0.03


Tree=270
num_leaves=8
num_cat=0
split_feature=4 1 11 2 1 2 11
split_gain=0.0180602 0.0274268 0.0185274 0.704584 0.12972 0.015104 0.0087706
threshold=6.5266353309831571 66.035495002913123 90.135406523855906 84.920557383792683 10.138322284548702 32.448939334162851 80.565690112847136
decision_type=2 2 2 2 2 2 2
left_child=1 -1 4 -4 -2 6 -3
right_child=2 5 3 -5 -6 -7 -8
leaf_value=-0.0037324432915821068 -0.0030236377286540161 -0.0020843450111239902 0.00087711316367866817 0.0084421182164290225 0.00087711316367866817 0.00087711316367866817 0.00087711316367866817
leaf_weight=0.8928458013106132 6.7627833030419415 1.6254484858363869 15.430546528426932 10.46135700936429 59.666028543841094 0.4350929190404712 0.21788274822756637
leaf_count=250 954 385 918 254 9182 82 54
internal_value=0.000994476 -0.00100434 0.00107316 0.00176145 0.000877113 0.000877113 -0.00137043
internal_weight=95.492 3.17127 92.3207 25.8919 66.4288 2.27842 1.84333
internal_count=12079 771 11308 1172 10136 521 439
is_linear=0
shrinkage=0.03


Tree=271
num_leaves=8
num_cat=0
split_feature=4 1 1 11 2 2 11
split_gain=0.0072297 0.0188822 0.0140081 0.0122971 0.28802 0.00902905 0.00325627
threshold=6.5266353309831571 90.20806366556404 99.029103334511618 90.135406523855906 84.920557383792683 32.448939334162851 23.644879710453484
decision_type=2 2 2 2 2 2 2
left_child=1 -1 3 -2 -5 6 -3
right_child=2 5 -4 4 -6 -7 -8
leaf_value=-0.0019997334122399471 0.0010157369976673744 -0.0019997334122399471 0.0031177380765535054 0.0010157369976673744 0.0031177380765535054 0.0010157369976673744 0.00022550575639587118
leaf_weight=1.8360302203800523 64.576002972549759 0.41383165749721162 2.086857628542929 15.193832367425786 10.448524070437996 0.27306289062835287 0.61013306002132595
leaf_count=508 10075 91 69 911 253 38 134
internal_value=0.000967536 -0.00035472 0.00101574 0.00101574 0.00170661 0.00101574 -0.00128177
internal_weight=95.4383 3.13306 92.3052 90.2184 25.6424 1.29703 1.02396
internal_count=12079 771 11308 11239 1164 263 225
is_linear=0
shrinkage=0.03


Tree=272
num_leaves=8
num_cat=0
split_feature=4 1 1 11 2 2 11
split_gain=0.00654491 0.0185285 0.00911356 0.0123274 0.239347 0.00851361 0.00332061
threshold=6.5266353309831571 90.20806366556404 99.029103334511618 90.135406523855906 84.920557383792683 32.448939334162851 23.644879710453484
decision_type=2 2 2 2 2 2 2
left_child=1 -1 3 -2 -5 6 -3
right_child=2 5 -4 4 -6 -7 -8
leaf_value=-0.00194970760372111 0.0010112649773037915 -0.00194970760372111 0.0027370905502169481 0.0010112649773037915 0.0027370905502169481 0.0010112649773037915 0.00024863929965823203
leaf_weight=1.8301372532732778 64.570522425114177 0.4127592907752835 2.0971764682326457 15.180084693478422 10.438238638220353 0.27306658029556286 0.60986776952631772
leaf_count=508 10075 91 69 911 253 38 134
internal_value=0.000965559 -0.00030189 0.00101126 0.00101126 0.00169819 0.00101126 -0.00125004
internal_weight=95.4119 3.12583 92.286 90.1888 25.6183 1.29569 1.02263
internal_count=12079 771 11308 11239 1164 263 225
is_linear=0
shrinkage=0.03


Tree=273
num_leaves=7
num_cat=0
split_feature=4 1 1 11 11 1
split_gain=0.00548087 0.0179252 0.00970636 0.0118391 0.0021514 0.00188207
threshold=6.5266353309831571 90.20806366556404 99.029103334511618 90.135406523855906 23.644879710453484 49.417236751305452
decision_type=2 2 2 2 2 2
left_child=1 5 3 -2 -3 -1
right_child=2 4 -4 -5 -6 -7
leaf_value=-0.0027522496907085052 0.0010084386424259522 -0.0007918586649703211 0.0027796691307106695 0.0016835840916986395 0.0010084386424259522 -0.0007918586649703211
leaf_weight=0.44486425269860719 64.49334856972564 0.49272553622722604 2.1086629845667622 25.628610927378759 0.80108923185616732 1.3798974649980662
leaf_count=128 10075 109 69 1164 154 380
internal_value=0.000966812 -0.000210227 0.00100844 0.00100844 0.00100844 -0.0018615
internal_weight=95.3492 3.11858 92.2306 90.122 1.29381 1.82476
internal_count=12079 771 11308 11239 263 508
is_linear=0
shrinkage=0.03


Tree=274
num_leaves=8
num_cat=0
split_feature=4 1 1 11 2 2 11
split_gain=0.00525936 0.0177404 0.00945807 0.0121285 0.238984 0.00773444 0.00329937
threshold=6.5266353309831571 90.20806366556404 99.029103334511618 90.135406523855906 84.920557383792683 32.448939334162851 23.644879710453484
decision_type=2 2 2 2 2 2 2
left_child=1 -1 3 -2 -5 6 -3
right_child=2 5 -4 4 -6 -7 -8
leaf_value=-0.0018406684846579684 0.0010079928880193185 -0.0018406684846579684 0.0027573751659201924 0.0010079928880193185 0.0027573751659201924 0.0010079928880193185 0.0002708088240867803
leaf_weight=1.8209484351100393 64.477938541327603 0.41135880653746359 2.1134840736631295 15.179516616044568 10.449563363566993 0.27286611008457851 0.60909696388989687
leaf_count=508 10075 91 69 911 253 38 134
internal_value=0.000967273 -0.000190452 0.00100799 0.00100799 0.00169008 0.00100799 -0.00120501
internal_weight=95.3348 3.11427 92.2205 90.107 25.6291 1.29332 1.02046
internal_count=12079 771 11308 11239 1164 263 225
is_linear=0
shrinkage=0.03


Tree=275
num_leaves=7
num_cat=0
split_feature=9 11 8 1 11 9
split_gain=0.0140201 0.0561416 0.120389 0.0149044 0.0273403 0.0188605
threshold=83.431372549019628 79.925273451282848 27.33499377334994 0.48544833274419702 5.8890222755768979 67.455869991594298
decision_type=2 2 2 2 2 2
left_child=3 -2 -3 -1 5 -5
right_child=1 2 -4 4 -6 -7
leaf_value=-0.0035207757550346649 -0.00048626341033192546 -0.00048626341033192546 0.004448360726388721 -0.0035207757550346649 -0.00048626341033192546 -0.00048626341033192546
leaf_weight=0.48240462737157841 11.83839371148497 1.2672076157759864 6.2045778399333358 0.86937570443842449 73.441124864504673 0.6699532326310873
leaf_count=42 1784 117 191 194 9596 123
internal_value=-0.000302621 0.000403645 0.00232278 -0.000486263 -0.000486263 -0.00352078
internal_weight=94.773 19.3102 7.47179 75.4629 74.9805 1.53933
internal_count=12047 2092 308 9955 9913 317
is_linear=0
shrinkage=0.03


Tree=276
num_leaves=4
num_cat=0
split_feature=8 11 1
split_gain=0.00575464 0.00231985 0.0012171
threshold=3.9344685242518063 1.2336199836199839 6.9006568144499187
decision_type=2 2 2
left_child=-1 -2 -3
right_child=1 2 -4
leaf_value=-0.0019911359771657023 -0.0014443393279185029 -0.00053286854600711152 -0.00018124615914670035
leaf_weight=0.75117415632121165 0.4581172785256048 9.3816827910486591 84.137291018036194
leaf_count=227 119 803 10898
internal_value=-0.000277407 -0.000242889 -0.000221785
internal_weight=94.7283 93.9771 93.519
internal_count=12047 11820 11701
is_linear=0
shrinkage=0.03


Tree=277
num_leaves=7
num_cat=0
split_feature=9 1 11 11 9 8
split_gain=0.0100083 0.169174 0.0154135 0.00534934 0.00411384 0.0157666
threshold=35.355392156862756 5.6933428283770846 4.8451264563796537 2.4272416637209857 83.431372549019628 27.33499377334994
decision_type=2 2 2 2 2 2
left_child=1 -1 -3 -2 -5 -6
right_child=3 2 -4 4 5 -7
leaf_value=-0.0070805460204041446 -0.001617734974018493 -0.003274781613632973 -7.5934907155332103e-05 -7.5934907155332103e-05 -7.5934907155332103e-05 0.00096022173985461738
leaf_weight=2.3658032759558436 0.96725166065152635 0.43156200833618896 24.714634303818457 47.687299819313921 2.7556812179973376 15.810056406538932
leaf_count=271 249 96 3727 5811 489 1404
internal_value=-0.000276902 -0.000748043 -7.59349e-05 -7.59349e-05 -2.97059e-05 0.000367768
internal_weight=94.7323 27.512 25.1462 67.2203 66.253 18.5657
internal_count=12047 4094 3823 7953 7704 1893
is_linear=0
shrinkage=0.03


Tree=278
num_leaves=7
num_cat=0
split_feature=9 11 8 1 11 9
split_gain=0.00774485 0.0446188 0.109078 0.0177361 0.0255824 0.0209315
threshold=83.431372549019628 79.925273451282848 27.33499377334994 0.48544833274419702 5.8890222755768979 67.455869991594298
decision_type=2 2 2 2 2 2
left_child=3 -2 -3 -1 5 -5
right_child=1 2 -4 4 -6 -7
leaf_value=-0.003709489361214356 -0.00040789158751163094 -0.00040789158751163094 0.0041126156390503136 -0.003709489361214356 -0.00040789158751163094 -0.00040789158751163094
leaf_weight=0.47963813273236056 11.840447073802354 1.2699674712494005 6.2218047466594726 0.86225298442877718 73.374265800579451 0.66969799576327205
leaf_count=42 1784 117 191 194 9596 123
internal_value=-0.000271472 0.000254391 0.00200016 -0.000407892 -0.000407892 -0.00345829
internal_weight=94.7181 19.3322 7.49177 75.3859 74.9062 1.53195
internal_count=12047 2092 308 9955 9913 317
is_linear=0
shrinkage=0.03


Tree=279
num_leaves=4
num_cat=0
split_feature=8 11 1
split_gain=0.00566734 0.00174106 0.00123539
threshold=3.9344685242518063 1.2336199836199839 0.48544833274419702
decision_type=2 2 2
left_child=-1 -2 -3
right_child=1 2 -4
leaf_value=-0.0019745620574682615 -0.0012850952614191767 -0.0010643398356010652 -0.00020363174588073474
leaf_weight=0.74930804828181763 0.45386619586497445 0.59220198250841249 92.909711971529759
leaf_count=227 119 47 11654
internal_value=-0.000273132 -0.000238911 -0.000220288
internal_weight=94.7051 93.9558 93.5019
internal_count=12047 11820 11701
is_linear=0
shrinkage=0.03


Tree=280
num_leaves=3
num_cat=0
split_feature=1 8
split_gain=0.00666727 0.00701107
threshold=0.94563176249664682 3.9344685242518063
decision_type=2 2
left_child=-1 -2
right_child=1 -3
leaf_value=-0.001326636367882487 -0.001326636367882487 0.0002312580446714622
leaf_weight=1.6651170966215421 0.71194061310961743 93.459546380443498
leaf_count=93 220 11762
internal_value=0.000157945 0.000197859
internal_weight=95.8366 94.1715
internal_count=12075 11982
is_linear=0
shrinkage=0.03


Tree=281
num_leaves=6
num_cat=0
split_feature=11 1 8 11 2
split_gain=0.0489827 0.0228908 0.0068176 0.00526057 0.000290423
threshold=99.762751742072041 0.94563176249664682 3.9344685242518063 1.2336199836199839 1.5483504331264977
decision_type=2 2 2 2 2
left_child=1 -1 -3 -4 -5
right_child=-2 2 3 4 -6
leaf_value=-0.0027280602870395306 0.0048207443039015177 -0.0017441408834778787 -0.0016191017827851203 -0.00025622508526388228 0.00020115928687685654
leaf_weight=1.5791806424967934 0.98753089969977637 0.71081622084602614 0.4682275615632524 0.4539013960165893 91.6353646813659
leaf_count=92 30 220 124 141 11468
internal_value=0.000159509 6.11874e-05 0.000136852 0.000169786 0.000196177
internal_weight=95.835 94.8475 93.2683 92.5575 92.0893
internal_count=12075 12045 11953 11733 11609
is_linear=0
shrinkage=0.03


Tree=282
num_leaves=6
num_cat=0
split_feature=11 1 8 11 2
split_gain=0.0460418 0.0052715 0.00616544 0.00490859 0.000284443
threshold=99.762751742072041 0.94563176249664682 3.9344685242518063 1.2336199836199839 1.5483504331264977
decision_type=2 2 2 2 2
left_child=1 -1 -3 -4 -5
right_child=-2 2 3 4 -6
leaf_value=-0.0012781370685369295 0.004681446519997033 -0.0012781370685369295 -0.0012781370685369295 -0.00027463233654570859 0.00016984526727182819
leaf_weight=1.546171931317075 0.99057696620002289 0.70966163324192066 0.46759802161250164 0.45415541098918666 91.699492128333077
leaf_count=92 30 220 124 141 11468
internal_value=0.000165744 7.02609e-05 0.000105912 0.00013849 0.00016473
internal_weight=95.8677 94.8771 93.3309 92.6212 92.1536
internal_count=12075 12045 11953 11733 11609
is_linear=0
shrinkage=0.03


Tree=283
num_leaves=7
num_cat=0
split_feature=11 11 8 7 7 2
split_gain=0.0409412 0.0049467 0.0033262 0.00462937 0.00133385 0.000516994
threshold=99.762751742072041 1.2336199836199839 3.9344685242518063 62.258652094717675 8.421985815602838 59.430780933062891
decision_type=2 2 2 2 2 2
left_child=1 -1 3 5 -4 -3
right_child=-2 2 4 -5 -6 -7
leaf_value=-0.0016556614143783017 0.0044268334521154655 -0.0016556614143783017 -0.00043341029178968005 0.00012248895948254129 0.00014410992188576555 -0.00043341029178968005
leaf_weight=0.46882443246431549 0.98634218005463381 0.32972123834770073 2.7942476018797597 0.23381243040785193 90.889084513997659 0.15645243914332241
leaf_count=125 30 113 585 56 11112 54
internal_value=0.000163912 7.38803e-05 9.97339e-05 -0.00121089 0.000122489 -0.00165566
internal_weight=95.8585 94.8721 94.4033 0.719986 93.6833 0.486174
internal_count=12075 12045 11920 223 11697 167
is_linear=0
shrinkage=0.03


Tree=284
num_leaves=6
num_cat=0
split_feature=11 11 8 0 0
split_gain=0.038009 0.00497196 0.00325112 0.00642407 0.000152341
threshold=99.762751742072041 1.2336199836199839 3.9344685242518063 43.574127383951065 99.759325764596866
decision_type=2 2 2 2 2
left_child=1 -1 3 -3 -4
right_child=-2 2 4 -5 -6
leaf_value=-0.0016546391149967565 0.0042783369686378355 -0.0016546391149967565 0.00012814734281553462 0.00012814734281553462 0.0003493195487386556
leaf_weight=0.46829261805396427 0.98236445081420143 0.37896989961154659 91.531612905440852 0.34010519459843636 2.1385479737073174
leaf_count=125 30 128 11651 95 46
internal_value=0.00016663 7.98603e-05 0.000105722 -0.00119077 0.000128147
internal_weight=95.8399 94.8575 94.3892 0.719075 93.6702
internal_count=12075 12045 11920 223 11697
is_linear=0
shrinkage=0.03


Tree=285
num_leaves=5
num_cat=0
split_feature=11 11 1 0
split_gain=0.00363527 0.0022485 0.00420033 0.00176664
threshold=1.2336199836199839 99.762751742072041 6.9006568144499187 99.759325764596866
decision_type=2 2 2 2
left_child=-1 2 -2 -4
right_child=1 -3 3 -5
leaf_value=-0.0022704786968303406 -0.001271944269329142 0.0003557303949341428 -0.00061627097690428732 0.0003557303949341428
leaf_weight=0.47947242041118343 9.6354896790580806 1.3348490735515941 83.016825235332362 0.67910915520042081
leaf_count=130 825 36 10944 15
internal_value=-0.000697169 -0.00066555 -0.000683773 -0.000601842
internal_weight=95.1457 94.6663 93.3314 83.6959
internal_count=11950 11820 11784 10959
is_linear=0
shrinkage=0.03


Tree=286
num_leaves=4
num_cat=0
split_feature=11 11 0
split_gain=0.00356658 0.00209096 0.000282172
threshold=1.2336199836199839 99.762751742072041 99.759325764596866
decision_type=2 2 2
left_child=-1 2 -2
right_child=1 -3 -4
leaf_value=-0.0022589163827702805 -0.0006925928229721311 0.00032590852585866745 -0.00019676869213548157
leaf_weight=0.47878742450848122 91.320130029926077 1.3321322882547963 2.0118450578302136
leaf_count=130 11741 36 43
internal_value=-0.000698058 -0.000666633 -0.000684104
internal_weight=95.1429 94.6641 93.332
internal_count=11950 11820 11784
is_linear=0
shrinkage=0.03


Tree=287
num_leaves=3
num_cat=0
split_feature=11 11
split_gain=0.00357658 0.00193812
threshold=1.2336199836199839 99.762751742072041
decision_type=2 2
left_child=-1 -2
right_child=1 -3
leaf_value=-0.002261140209242746 -0.0006834415943924347 0.00029661665639854943
leaf_weight=0.47846534277778019 93.331545306951739 1.3301754910498846
leaf_count=130 11784 36
internal_value=-0.000698167 -0.000666713
internal_weight=95.1402 94.6617
internal_count=11950 11820
is_linear=0
shrinkage=0.03


Tree=288
num_leaves=4
num_cat=0
split_feature=11 11 0
split_gain=0.00355744 0.00178895 0.00023913
threshold=1.2336199836199839 99.762751742072041 99.759325764596866
decision_type=2 2 2
left_child=-1 2 -2
right_child=1 -3 -4
leaf_value=-0.0022581159535638201 -0.00069106133947172837 0.00026689494093916881 -0.00020922996779416112
leaf_weight=0.47790481068659474 91.321539154276252 1.3284261543303717 2.0103902851697049
leaf_count=130 11741 36 43
internal_value=-0.000698427 -0.000667029 -0.000683011
internal_weight=95.1383 94.6604 93.3319
internal_count=11950 11820 11784
is_linear=0
shrinkage=0.03


Tree=289
num_leaves=4
num_cat=0
split_feature=11 11 0
split_gain=0.00354665 0.00167642 0.000191682
threshold=1.2336199836199839 99.762751742072041 99.759325764596866
decision_type=2 2 2
left_child=-1 2 -2
right_child=1 -3 -4
leaf_value=-0.0022564648390053501 -0.00069013195365040818 0.00024397833623905065 -0.00022385435241749054
leaf_weight=0.47739764000289042 91.322638364974409 1.3265866101719428 2.0089143039658657
leaf_count=130 11741 36 43
internal_value=-0.000698539 -0.000667175 -0.000682575
internal_weight=95.1355 94.6581 93.3316
internal_count=11950 11820 11784
is_linear=0
shrinkage=0.03


Tree=290
num_leaves=6
num_cat=0
split_feature=11 2 2 9 9
split_gain=0.0486843 0.148612 0.00884671 0.0038495 0.00143166
threshold=98.861024196101042 67.484177215189888 2.0563183320620397 49.705882352941181 3.7268518518518521
decision_type=2 2 2 2 2
left_child=2 -2 3 -1 -4
right_child=1 -3 4 -5 -6
leaf_value=-0.0031178317037333474 -0.0002128523445790832 0.0078903455140296123 -0.0010238407633837753 -0.0002128523445790832 -0.0002128523445790832
leaf_weight=0.36477469408418883 1.5377144869416945 1.73625385412015 1.2840231568552543 0.33911777962930501 88.33778307819739
leaf_count=90 75 58 276 105 11362
internal_value=-6.70909e-05 0.00306322 -0.000212852 -0.00238067 -0.000212852
internal_weight=93.5997 3.27397 90.3257 0.703892 89.6218
internal_count=11966 133 11833 195 11638
is_linear=0
shrinkage=0.03


Tree=291
num_leaves=6
num_cat=0
split_feature=11 2 2 9 9
split_gain=0.045525 0.144259 0.00872465 0.00377346 0.00164881
threshold=98.861024196101042 67.484177215189888 2.0563183320620397 49.705882352941181 3.7268518518518521
decision_type=2 2 2 2 2
left_child=2 -2 3 -1 -4
right_child=1 -3 4 -5 -6
leaf_value=-0.0030153822023341 -0.0001366510604791077 0.0077844478035769609 -0.00098978340734984281 -0.0001366510604791077 -0.0001366510604791077
leaf_weight=0.36183369334321369 1.5373185370117419 1.7532969238236544 1.2831823269370932 0.33897651918232441 88.215330671169795
leaf_count=90 75 58 276 105 11362
internal_value=5.48597e-06 0.00302541 -0.000136651 -0.00228786 -0.000136651
internal_weight=93.4899 3.29062 90.1993 0.70081 89.4985
internal_count=11966 133 11833 195 11638
is_linear=0
shrinkage=0.03


Tree=292
num_leaves=6
num_cat=0
split_feature=11 2 2 9 9
split_gain=0.0337629 0.123979 0.0087477 0.00375618 0.00174561
threshold=98.861024196101042 67.484177215189888 2.0563183320620397 49.705882352941181 3.7268518518518521
decision_type=2 2 2 2 2
left_child=2 -2 3 -1 -4
right_child=1 -3 4 -5 -6
leaf_value=-0.0029926126279597024 -0.00011372561775958176 0.0070440664344696754 -0.00098726699389214034 -0.00011372561775958176 -0.00011372561775958176
leaf_weight=0.36092719447333266 1.5372873502783471 1.7994371405802665 1.2822136534377921 0.33902857382781804 88.191869890317321
leaf_count=90 75 58 276 105 11362
internal_value=9.38849e-06 0.00259554 -0.000113726 -0.00226753 -0.000113726
internal_weight=93.5108 3.33672 90.174 0.699956 89.4741
internal_count=11966 133 11833 195 11638
is_linear=0
shrinkage=0.03


Tree=293
num_leaves=7
num_cat=0
split_feature=11 2 2 9 9 1
split_gain=0.0317131 0.116074 0.00856562 0.00370083 0.00166511 0.000119443
threshold=98.861024196101042 83.954788018886504 2.0563183320620397 49.705882352941181 3.7268518518518521 48.25113309331563
decision_type=2 2 2 2 2 2
left_child=2 5 3 -1 -4 -2
right_child=1 -3 4 -5 -6 -7
leaf_value=-0.0029704651946997141 -0.00011785038849014822 0.0074713167408509704 -0.00097270423995072229 -0.00011785038849014822 -0.00011785038849014822 0.0023335307608557216
leaf_weight=0.36008604906964947 0.87220287253148843 1.3332206180784849 1.2813301748828951 0.33893719175830483 88.176240300643258 1.1389345580246297
leaf_count=90 59 28 276 105 11362 46
internal_value=1.5107e-06 0.00250569 -0.00011785 -0.00224987 -0.00011785 -0.00011785
internal_weight=93.501 3.34436 90.1566 0.699023 89.4576 2.01114
internal_count=11966 133 11833 195 11638 105
is_linear=0
shrinkage=0.03


Tree=294
num_leaves=5
num_cat=0
split_feature=11 9 9 1
split_gain=0.0211314 0.0501167 0.00203644 0.00309707
threshold=98.861024196101042 31.612258494337112 3.7268518518518521 67.625948930296772
decision_type=2 2 2 2
left_child=2 -2 3 -1
right_child=1 -3 -4 -5
leaf_value=-0.0017309038490098219 -8.5317211504791352e-05 0.0044530098084267491 -8.5317211504791352e-05 -8.5317211504791352e-05
leaf_weight=0.71151937881950178 1.2163132999557995 2.1580544034950435 88.743394627352245 0.58619088504929096
leaf_count=172 56 77 11552 109
internal_value=1.26783e-05 0.0020493 -8.53172e-05 -0.000980209
internal_weight=93.4155 3.37437 90.0411 1.29771
internal_count=11966 133 11833 281
is_linear=0
shrinkage=0.03


Tree=295
num_leaves=6
num_cat=0
split_feature=0 7 2 7 2
split_gain=0.00339551 0.00214108 0.0015835 0.00193906 0.00120987
threshold=99.759325764596866 9.6006144393241186 1.5483504331264977 60.685011709601874 1.2145890073127321
decision_type=2 2 2 2 2
left_child=1 -1 4 -4 -3
right_child=-2 2 3 -5 -6
leaf_value=-0.00064405578331234818 0.0010667481108801104 -0.00064405578331234818 -3.8969582152679672e-05 0.00024078718173426713 -3.8969582152679672e-05
leaf_weight=3.0790525884367517 1.9282987911719818 0.27517524594440956 54.709001552546397 36.374071311671287 0.17229638993740082
leaf_count=705 41 87 7602 3495 53
internal_value=6.04938e-05 2.90418e-05 5.84003e-05 7.41531e-05 -0.000644056
internal_weight=96.5379 94.6096 91.5305 91.0831 0.447472
internal_count=11983 11942 11237 11097 140
is_linear=0
shrinkage=0.03


Tree=296
num_leaves=7
num_cat=0
split_feature=11 9 11 2 11 9
split_gain=0.00579983 0.00659149 0.00979171 0.00205991 0.000949064 0.000232519
threshold=2.4272416637209857 90.508365508365515 1.2336199836199839 99.067076634313807 99.762751742072041 83.431372549019628
decision_type=2 2 2 2 2 2
left_child=1 2 -1 4 5 -2
right_child=3 -3 -4 -5 -6 -7
leaf_value=-0.0039496555628996252 9.2963917830825676e-05 9.2963917830825676e-05 9.2963917830825676e-05 0.001242848911988514 0.00071643397451983607 0.00021981721249019205
leaf_weight=0.22976591170299687 74.334777536918409 0.54745895345695317 0.29542014305479825 0.40864444198086758 1.2981881026644249 19.42026099411305
leaf_count=59 9747 137 89 22 38 1891
internal_value=5.98216e-05 -0.0015115 -0.00262615 9.29639e-05 9.29639e-05 9.29639e-05
internal_weight=96.5345 1.07265 0.525186 95.4619 95.0532 93.755
internal_count=11983 285 148 11698 11676 11638
is_linear=0
shrinkage=0.03


Tree=297
num_leaves=7
num_cat=0
split_feature=11 9 11 2 11 9
split_gain=0.00589352 0.00666709 0.00987681 0.00243119 0.000870146 0.000178134
threshold=2.4272416637209857 90.508365508365515 1.2336199836199839 99.067076634313807 99.762751742072041 83.431372549019628
decision_type=2 2 2 2 2 2
left_child=1 2 -1 4 5 -2
right_child=3 -3 -4 -5 -6 -7
leaf_value=-0.0039731090348987582 9.2568786684767187e-05 9.2568786684767187e-05 9.2568786684767187e-05 0.0013403623200223963 0.00069266498724617203 0.00021081084063836238
leaf_weight=0.22980377497151383 74.330041678040288 0.54744053445756435 0.29539324052166194 0.41082578524947067 1.2977305462118227 19.42228503676597
leaf_count=59 9747 137 89 22 38 1891
internal_value=5.91483e-05 -0.00152479 -0.00264504 9.25688e-05 9.25688e-05 9.25688e-05
internal_weight=96.5335 1.07264 0.525197 95.4609 95.0501 93.7523
internal_count=11983 285 148 11698 11676 11638
is_linear=0
shrinkage=0.03


Tree=298
num_leaves=6
num_cat=0
split_feature=0 7 2 7 2
split_gain=0.00307607 0.00204489 0.00155458 0.00189557 0.00116323
threshold=99.759325764596866 9.6006144393241186 1.5483504331264977 60.685011709601874 1.2145890073127321
decision_type=2 2 2 2 2
left_child=1 -1 4 -4 -3
right_child=-2 2 3 -5 -6
leaf_value=-0.00062758252754910847 0.0010186190687727279 -0.00062758252754910847 -3.7071171456854992e-05 0.00023953629469009144 -3.7071171456854992e-05
leaf_weight=3.0764635973609975 1.9259369273204345 0.27490859478711982 54.705330912373029 36.380849251989275 0.17227908526547253
leaf_count=705 41 87 7602 3495 53
internal_value=6.04395e-05 3.04842e-05 5.91453e-05 7.48104e-05 -0.000627583
internal_weight=96.5358 94.6098 91.5334 91.0862 0.447188
internal_count=11983 11942 11237 11097 140
is_linear=0
shrinkage=0.03


Tree=299
num_leaves=5
num_cat=0
split_feature=2 7 2 2
split_gain=0.00247119 0.00181794 0.00142433 0.00128062
threshold=99.067076634313807 9.6006144393241186 1.5483504331264977 1.2145890073127321
decision_type=2 2 2 2
left_child=1 -1 3 -3
right_child=-2 2 -4 -5
leaf_value=-0.00056428368905189524 0.0013148167640343311 -0.00056428368905189524 9.0148586024492149e-05 9.0148586024492149e-05
leaf_weight=3.182531460421159 0.41021357662975688 0.2741757855983441 92.430242441478185 0.17207435099408031
leaf_count=707 22 87 11114 53
internal_value=6.74324e-05 4.86138e-05 7.54028e-05 -0.000564284
internal_weight=96.4692 96.059 92.8765 0.44625
internal_count=11983 11961 11254 140
is_linear=0
shrinkage=0.03


Tree=300
num_leaves=11
num_cat=0
split_feature=1 0 10 1 9 1 1 1 9 1
split_gain=0.0188403 0.0169103 0.0240369 0.0993164 0.034328 0.0537134 0.0136078 0.0080039 0.0071194 0.00244055
threshold=99.320497429741138 99.759325764596866 57.93287566742945 74.312743302038015 54.353476283300857 65.222332015810295 98.601368203133077 9.3315171035378288 97.515432098765444 36.777332396822331
decision_type=2 2 2 2 2 2 2 2 2 2
left_child=1 2 3 4 5 -1 -4 -6 9 -9
right_child=-2 -3 6 -5 7 -7 -8 8 -10 -11
leaf_value=-0.0035349844689232437 0.002155975374996873 0.001874270471581424 0.00014440406990793222 0.00014440406990793222 -0.0022176395516740202 -0.00081651641853543481 0.001874270471581424 -0.0012301709535650119 0.00014440406990793222 -0.000388761833665134
leaf_weight=14.50384230760392 1.9412573676090676 2.1766261700540772 43.187646445818245 11.244870247435754 2.1735902483342278 2.1751380015630266 0.57472803932614525 5.9683877911884329 1.7740366032812733 8.1480887259822321
leaf_count=2534 89 44 4631 1801 269 366 42 823 206 1203
internal_value=-0.000213301 -0.000285996 -0.000358462 -0.000829882 -0.00179188 -0.00274231 0.000144404 -0.000816516 -0.000504915 -0.000802352
internal_weight=93.8682 91.927 89.7503 45.988 34.7431 16.679 43.7624 18.0641 15.8905 14.1165
internal_count=12008 11919 11875 7202 5401 2900 4673 2501 2232 2026
is_linear=0
shrinkage=0.03


Tree=301
num_leaves=10
num_cat=0
split_feature=1 0 10 1 9 1 1 9 1
split_gain=0.0173963 0.0135304 0.023663 0.0910574 0.0397484 0.0555877 0.0118254 0.00613569 0.00511096
threshold=99.320497429741138 99.759325764596866 57.93287566742945 74.312743302038015 54.353476283300857 65.222332015810295 98.601368203133077 97.515432098765444 15.39345711759505
decision_type=2 2 2 2 2 2 2 2 2
left_child=1 2 3 4 5 -1 -4 8 -6
right_child=-2 -3 6 -5 7 -7 -8 -9 -10
leaf_value=-0.0034809079812471813 0.0021186728200601654 0.0017058692798204301 0.00020373411405472889 0.00020373411405472889 -0.0018027858018443432 -0.00064089525097221539 0.0017058692798204301 0.00020373411405472889 -0.00052851359432223171
leaf_weight=14.460385899757968 1.9381679175421584 2.1682887240312985 43.318957315059379 11.265693411114624 3.3255210558418318 2.1770275507587931 0.57462602737359603 1.976669972995295 12.68880218581762
leaf_count=2534 89 44 4631 1801 413 366 42 235 1853
internal_value=-0.000157513 -0.000227765 -0.000292735 -0.000761783 -0.00167465 -0.0026928 0.000203734 -0.000640895 -0.000640895
internal_weight=93.8941 91.956 89.7877 45.8941 34.6284 16.6374 43.8936 17.991 16.0143
internal_count=12008 11919 11875 7202 5401 2900 4673 2501 2266
is_linear=0
shrinkage=0.03


Tree=302
num_leaves=5
num_cat=0
split_feature=1 0 1 1
split_gain=0.0146899 0.0111181 0.000420141 0.000240371
threshold=99.320497429741138 99.759325764596866 0.94563176249664682 99.029103334511618
decision_type=2 2 2 2
left_child=1 2 -1 -4
right_child=-2 -3 3 -5
leaf_value=-0.00065176403280858537 0.0019966051142343852 0.0015922477054988425 -0.00021192741670735338 0.00017538269309350909
leaf_weight=1.2029108221177001 1.932896481361239 2.1616820993367574 87.857376240659505 0.75789658934809168
leaf_count=86 89 44 11744 45
internal_value=-9.55485e-05 -0.000160514 -0.000219766 -0.000206695
internal_weight=93.9128 91.9799 89.8182 88.6153
internal_count=12008 11919 11875 11789
is_linear=0
shrinkage=0.03


Tree=303
num_leaves=7
num_cat=0
split_feature=0 1 10 1 1 1
split_gain=0.00823096 0.0380775 0.035288 0.0590136 0.0226094 0.0040544
threshold=99.759325764596866 0.48544833274419702 57.93287566742945 74.312743302038015 98.601368203133077 35.185298154643895
decision_type=2 2 2 2 2 2
left_child=1 -1 3 5 -4 -3
right_child=-2 2 4 -5 -6 -7
leaf_value=-0.0050659175151605441 0.0013888725572407355 -0.0016930326141663047 0.00050398134601902509 0.00050398134601902509 0.0013888725572407355 -0.00092467037826432941
leaf_weight=0.40739418601151456 2.165025596972554 16.158218137454242 43.091486424440518 12.173497521202078 1.6625061372760672 18.222198252566159
leaf_count=40 44 2458 4613 1853 79 2921
internal_value=-0.000118182 -0.000168354 -9.18579e-05 -0.000663213 0.000503981 -0.00132343
internal_weight=93.8803 91.7153 91.3079 46.5539 44.754 34.3804
internal_count=12008 11964 11924 7232 4692 5379
is_linear=0
shrinkage=0.03


Tree=304
num_leaves=6
num_cat=0
split_feature=0 10 1 1 1
split_gain=0.00658673 0.0358669 0.0593038 0.0204695 0.00595775
threshold=99.759325764596866 57.93287566742945 74.312743302038015 98.601368203133077 35.185298154643895
decision_type=2 2 2 2 2
left_child=1 2 4 -3 -1
right_child=-2 3 -4 -5 -6
leaf_value=-0.0018345129832344472 0.0012285663717524816 0.00043503162572225711 0.00043503162572225711 0.0012285663717524816 -0.00093930498468688961
leaf_weight=16.181002302910201 2.1709644696675232 43.405826282105409 12.200034169713033 1.6748126705642779 18.214962593163364
leaf_count=2480 44 4631 1853 79 2921
internal_value=-0.000118735 -0.000163552 -0.000739642 0.000435032 -0.00140037
internal_weight=93.8476 91.6766 46.596 45.0806 34.396
internal_count=12008 11964 7254 4710 5401
is_linear=0
shrinkage=0.03


Tree=305
num_leaves=6
num_cat=0
split_feature=1 2 1 1 2
split_gain=0.034252 0.0217816 0.0217934 0.000889717 0.000374278
threshold=9.7336120634988905 94.42601548224961 8.9391872691105441 6.9006568144499187 2.0563183320620397
decision_type=2 2 2 2 2
left_child=1 2 -1 -3 -2
right_child=4 3 -4 -5 -6
leaf_value=-0.0024811845295684256 0.00055092776718675346 0.00013049639983851935 0.00055092776718675346 0.00066446626521539463 0.00069514071349737741
leaf_weight=6.7264350443147105 0.65575197048019518 3.6162816650466993 0.84287998627405603 1.1203905217116696 81.063392970478162
leaf_count=796 193 214 93 52 10633
internal_value=0.000441108 -0.000980595 -0.00189143 0.000550928 0.000664466
internal_weight=94.0251 12.306 7.56932 4.73667 81.7191
internal_count=11981 1155 889 266 10826
is_linear=0
shrinkage=0.03


Tree=306
num_leaves=4
num_cat=0
split_feature=2 2 2
split_gain=0.00597985 0.00155427 0.000662085
threshold=2.0563183320620397 98.988620381025456 1.2145890073127321
decision_type=2 2 2
left_child=2 -2 -1
right_child=1 -3 -4
leaf_value=-0.0016968899509446245 0.00045410040741335732 0.0014964214476038604 -6.3039326642642341e-05
leaf_weight=0.2933093219762658 92.864401369122788 0.5177890311460932 0.36674641398712993
leaf_count=92 11761 26 102
internal_value=0.000448373 0.000475674 -0.00137391
internal_weight=94.0422 93.3822 0.660056
internal_count=11981 11787 194
is_linear=0
shrinkage=0.03


Tree=307
num_leaves=4
num_cat=0
split_feature=1 2 2
split_gain=0.020412 0.0135641 0.00618295
threshold=9.7336120634988905 94.42601548224961 2.0563183320620397
decision_type=2 2 2
left_child=1 -1 -2
right_child=2 -3 -4
leaf_value=-0.0013772215029100347 -0.0012639892203823817 0.00053922046283995037 0.00065014667327641139
leaf_weight=7.5524296130752173 0.65504687023349006 4.7327084428397939 81.101003604591824
leaf_count=889 193 266 10633
internal_value=0.000448209 -0.000653918 0.000619722
internal_weight=94.0412 12.2851 81.7561
internal_count=11981 1155 10826
is_linear=0
shrinkage=0.03


Tree=308
num_leaves=4
num_cat=0
split_feature=2 2 2
split_gain=0.00574459 0.00150884 0.000655319
threshold=2.0563183320620397 98.988620381025456 1.2145890073127321
decision_type=2 2 2
left_child=2 -2 -1
right_child=1 -3 -4
leaf_value=-0.0016618411259164041 0.0004526302094556594 0.0014814479635168779 -5.6155671751270257e-05
leaf_weight=0.29184263525530596 92.861396595952101 0.51709037250839074 0.36603650567121804
leaf_count=92 11761 26 102
internal_value=0.000447286 0.000473964 -0.0013412
internal_weight=94.0364 93.3785 0.657879
internal_count=11981 11787 194
is_linear=0
shrinkage=0.03


Tree=309
num_leaves=4
num_cat=0
split_feature=1 2 2
split_gain=0.016267 0.0113959 0.0058422
threshold=9.7336120634988905 94.42601548224961 2.0563183320620397
decision_type=2 2 2
left_child=1 -1 -2
right_child=2 -3 -4
leaf_value=-0.0012053011151312186 -0.0012053011151312186 0.0005467060030976828 0.00062948867507004998
leaf_weight=7.5359015121357498 0.65285663749091227 4.7325494359247386 81.114092460251413
leaf_count=889 193 266 10633
internal_value=0.000447193 -0.000539197 0.000599919
internal_weight=94.0354 12.2685 81.7669
internal_count=11981 1155 10826
is_linear=0
shrinkage=0.03


Tree=310
num_leaves=6
num_cat=0
split_feature=9 7 1 9 7
split_gain=0.0176479 0.159521 0.128241 2.5516e-05 0.00037557
threshold=96.178188899707905 49.626865671641802 10.138322284548702 83.431372549019628 88.975694444444457
decision_type=2 2 2 2 2
left_child=3 -2 -3 -1 -5
right_child=1 2 -4 4 -6
leaf_value=-0.00031609843109368018 -0.00027957036862608613 -0.00027957036862608613 0.007514916267629854 -0.00031609843109368018 -0.00027957036862608613
leaf_weight=74.788115943432786 2.0973280339967451 0.83755426667630661 3.549181665526703 9.2020012004068104 4.6015842095948747
leaf_count=9995 309 42 280 1175 305
internal_value=-0.000164256 0.00123813 0.00518551 -0.00027957 -0.00027957
internal_weight=95.0758 6.48406 4.38674 88.5917 13.8036
internal_count=12106 631 322 11475 1480
is_linear=0
shrinkage=0.03


Tree=311
num_leaves=6
num_cat=0
split_feature=1 9 7 8 8
split_gain=0.0112382 0.00638577 0.0689518 0.0382466 0.00557249
threshold=99.320497429741138 83.431372549019628 88.029850746268679 39.863013698630148 3.9344685242518063
decision_type=2 2 2 2 2
left_child=1 4 -3 -4 -1
right_child=-2 2 3 -5 -6
leaf_value=-0.0021073085054558517 0.0015908978423018732 -0.00035158991607939563 -0.00035158991607939563 0.0015908978423018732 -0.00035158991607939563
leaf_weight=0.66707961750216682 2.1904335035942486 13.158718637307176 1.0010497132316221 5.8824200469534844 72.175106932409108
leaf_count=207 93 1686 99 319 9702
internal_value=-0.000164103 -0.000221995 0.000243335 0.0015909 -0.00035159
internal_weight=95.0748 92.8844 20.0422 6.88347 72.8422
internal_count=12106 12013 2104 418 9909
is_linear=0
shrinkage=0.03


Tree=312
num_leaves=6
num_cat=0
split_feature=1 9 7 8 8
split_gain=0.0106874 0.00559809 0.0646098 0.0383121 0.00544591
threshold=99.320497429741138 83.431372549019628 88.029850746268679 39.863013698630148 3.9344685242518063
decision_type=2 2 2 2 2
left_child=1 4 -3 -4 -1
right_child=-2 2 3 -5 -6
leaf_value=-0.0020814745915812686 0.0015453062189585861 -0.00034533935193380676 -0.00034533935193380676 0.0015453062189585861 -0.00034533935193380676
leaf_weight=0.66566241253167291 2.1858135079964987 13.157771050464364 1.0011053720954795 5.8760975645855069 72.162507339031436
leaf_count=207 93 1686 99 319 9702
internal_value=-0.000167728 -0.000224083 0.000212153 0.00154531 -0.000345339
internal_weight=95.049 92.8631 20.035 6.8772 72.8282
internal_count=12106 12013 2104 418 9909
is_linear=0
shrinkage=0.03


Tree=313
num_leaves=6
num_cat=0
split_feature=1 9 7 8 8
split_gain=0.0123381 0.00367775 0.0574203 0.0491955 0.00562135
threshold=99.320497429741138 83.431372549019628 88.029850746268679 39.863013698630148 5.0641025641025648
decision_type=2 2 2 2 2
left_child=1 4 -3 -4 -1
right_child=-2 2 3 -5 -6
leaf_value=-0.0018711247545548408 0.0016874551146882817 -0.00030534600792872019 -0.00030534600792872019 0.0016874551146882817 -0.00030534600792872019
leaf_weight=1.1016151432413597 2.2052674973383537 13.131361151929015 1.000515374355017 5.8917188467457891 71.685386859229766
leaf_count=319 93 1686 99 319 9590
internal_value=-0.000146069 -0.000207158 0.000147307 0.00168746 -0.000305346
internal_weight=95.0159 92.8106 20.0236 6.89223 72.787
internal_count=12106 12013 2104 418 9909
is_linear=0
shrinkage=0.03


Tree=314
num_leaves=5
num_cat=0
split_feature=1 8 9 9
split_gain=0.0117095 0.00313276 0.00513663 0.00106644
threshold=99.320497429741138 3.9344685242518063 73.634558093346584 83.431372549019628
decision_type=2 2 2 2
left_child=1 2 -1 -3
right_child=-2 3 -4 -5
leaf_value=-0.0023683945079321237 0.0016348027917318206 -0.00018606442446554501 -0.00018606442446554501 3.179055934318715e-05
leaf_weight=0.59072719211690028 2.201532728271558 72.051006719586439 0.17261200002394617 19.952381593175232
leaf_count=185 93 9702 49 2077
internal_value=-0.000152835 -0.000212242 -0.00147254 -0.000186064
internal_weight=94.9683 92.7667 0.763339 92.0034
internal_count=12106 12013 234 11779
is_linear=0
shrinkage=0.03


Tree=315
num_leaves=7
num_cat=0
split_feature=9 2 1 2 2 1
split_gain=0.0263293 0.0210716 0.00245611 0.00197769 0.00689979 0.00258374
threshold=98.742088607594951 58.591571826865952 71.192427790788471 1.5483504331264977 0.83739725713762403 99.320497429741138
decision_type=2 2 2 2 2 2
left_child=3 2 -2 4 -1 -5
right_child=1 -3 -4 5 -6 -7
leaf_value=-0.00240835751234982 0.00023541436073472549 0.0045758043107666608 0.0015234627891143172 0.00023541436073472549 0.00023541436073472549 0.0011088000174976128
leaf_weight=0.15895853959955175 0.50829400354996257 1.3204721196088938 0.6588868850376457 89.85650157474447 0.30500546179246157 2.1488799089565864
leaf_count=49 109 132 96 11474 97 85
internal_value=0.000334584 0.0028964 0.000235414 0.000235414 -0.000884264 0.000235414
internal_weight=94.957 2.48765 1.16718 92.4693 0.463964 92.0054
internal_count=12042 337 205 11705 146 11559
is_linear=0
shrinkage=0.03


Tree=316
num_leaves=5
num_cat=0
split_feature=9 10 1 1
split_gain=0.0196727 0.0193764 0.0247095 0.00139485
threshold=98.742088607594951 77.84992784992788 71.192427790788471 99.320497429741138
decision_type=2 2 2 2
left_child=3 2 -2 -1
right_child=1 -3 -4 -5
leaf_value=0.00020266704756475155 0.00022708664315595806 0.0046803050480533591 0.0039161508394070614 0.00085284753020830348
leaf_weight=90.26551695750095 1.0628324304707342 0.81344220810569812 0.63948768679983903 2.1986345164477816
leaf_count=11611 159 89 89 94
internal_value=0.000313416 0.00251928 0.000227087 0.000227087
internal_weight=94.9799 2.51576 1.70232 92.4642
internal_count=12042 337 248 11705
is_linear=0
shrinkage=0.03


Tree=317
num_leaves=7
num_cat=0
split_feature=9 10 1 2 1 1
split_gain=0.0181633 0.0189508 0.0237351 0.00192701 0.00385315 0.002291
threshold=98.742088607594951 77.84992784992788 71.192427790788471 1.5483504331264977 77.790490719552523 99.320497429741138
decision_type=2 2 2 2 2 2
left_child=3 2 -2 4 -1 -5
right_child=1 -3 -4 5 -6 -7
leaf_value=-0.0019003230881161801 0.00023175150836885353 0.0045722595398440483 0.0038484743033794719 0.00023175150836885353 0.00023175150836885353 0.001055260473697142
leaf_weight=0.16802941751666267 1.0630600685253733 0.81388307688757766 0.64077633013948787 89.847748168045655 0.29539626010227948 2.1500472647603592
leaf_count=59 159 89 89 11474 87 85
internal_value=0.000314889 0.00243423 0.000231752 0.000231752 -0.000873601 0.000231752
internal_weight=94.9789 2.51772 1.70384 92.4612 0.463426 91.9978
internal_count=12042 337 248 11705 146 11559
is_linear=0
shrinkage=0.03


Tree=318
num_leaves=6
num_cat=0
split_feature=9 10 1 2 2
split_gain=0.00932343 0.0276137 0.00712281 0.0018884 0.00347565
threshold=98.742088607594951 77.84992784992788 71.192427790788471 1.5483504331264977 1.2145890073127321
decision_type=2 2 2 2 2
left_child=3 2 -2 4 -1
right_child=1 -3 -4 -5 -6
leaf_value=-0.0017162114668338184 0.00023273091375987389 0.0045375525912258585 0.0025147874310527882 0.00023273091375987389 0.00023273091375987389
leaf_weight=0.29949477617628772 1.0628210096620017 0.8187949308194219 0.67056638537906099 91.982768347719684 0.16341293882578611
leaf_count=96 159 89 89 11559 50
internal_value=0.000293391 0.00180656 0.000232731 0.000232731 -0.000862162
internal_weight=94.9979 2.55218 1.73339 92.4457 0.462908
internal_count=12042 337 248 11705 146
is_linear=0
shrinkage=0.03


Tree=319
num_leaves=4
num_cat=0
split_feature=9 10 1
split_gain=0.00541361 0.0200187 0.006625
threshold=98.742088607594951 77.84992784992788 71.192427790788471
decision_type=2 2 2
left_child=-1 2 -2
right_child=1 -3 -4
leaf_value=0.00026288238620249916 0.00026288238620249916 0.0038156026335428427 0.0024962220404522359
leaf_weight=92.438287550117821 1.0621856977231794 0.84154356899671245 0.67169165541417886
leaf_count=11705 159 89 89
internal_value=0.000310346 0.00146394 0.000262882
internal_weight=95.0137 2.57542 1.73388
internal_count=12042 337 248
is_linear=0
shrinkage=0.03


Tree=320
num_leaves=8
num_cat=0
split_feature=11 1 7 1 11 11 11
split_gain=0.0106169 0.0031015 0.00235757 0.0551812 0.0188094 0.0140002 0.000163203
threshold=0.77223274982441736 0.94563176249664682 15.849282296650719 99.320497429741138 90.135406523855906 6.8839839623687604 99.762751742072041
decision_type=2 2 2 2 2 2 2
left_child=-1 -2 4 5 -3 -4 -7
right_child=1 2 3 -5 -6 6 -8
leaf_value=-0.0024344739892904295 -0.00084428644892105536 -0.00084428644892105536 -0.00084428644892105536 0.0044682589440702232 0.00019784100560910534 0.00027966147145286227 0.00063068771059014977
leaf_weight=0.3299258683109646 1.2543896420393128 4.1733988460618994 3.1643336021807036 1.819448840105905 2.2842986022587866 80.451697106822394 0.91611680621281166
leaf_count=83 87 1025 633 79 168 9906 25
internal_value=0.000237654 0.000272537 0.000296471 0.000337942 -0.000229032 0.000197841 0.000291223
internal_weight=94.3936 94.0637 92.8093 86.3516 6.4577 84.5321 81.3678
internal_count=12006 11923 11836 10643 1193 10564 9931
is_linear=0
shrinkage=0.03


Tree=321
num_leaves=10
num_cat=0
split_feature=11 1 8 11 2 2 11 2 11
split_gain=0.0106241 0.00300599 0.00189594 0.0495709 0.00823 0.0052401 0.0180318 0.000362401 0.000661741
threshold=0.77223274982441736 0.94563176249664682 49.675324675324681 98.861024196101042 96.597566737538401 32.448939334162851 90.135406523855906 2.0563183320620397 3.1602869838163961
decision_type=2 2 2 2 2 2 2 2 2
left_child=-1 -2 4 5 7 -4 -7 -3 -9
right_child=1 2 3 -5 -6 6 -8 8 -10
leaf_value=-0.0024218364223001325 -0.00081349603876812763 -0.00081349603876812763 -0.000300031196181294 0.0041171743675653726 0.00021616906520648222 0.00021616906520648222 0.0012538155420677697 -0.00081349603876812763 -0.000300031196181294
leaf_weight=0.32905074465088446 1.2555671525187779 0.27014913409950025 13.385860492591744 2.0717511805705717 1.1832764818100248 39.943795847939327 14.979087807703761 0.42963569774292665 20.457639963598922
leaf_count=83 87 90 2294 62 97 4174 471 126 4522
internal_value=0.000253276 0.000288043 0.000311481 0.000387071 6.6964e-05 0.000216169 0.000345093 -0.000383706 -0.00033169
internal_weight=94.3058 93.9768 92.7212 70.3805 22.3407 68.3087 54.9229 21.1574 20.8873
internal_count=12006 11923 11836 7001 4835 6939 4645 4738 4648
is_linear=0
shrinkage=0.03


Tree=322
num_leaves=7
num_cat=0
split_feature=11 1 7 1 1 8
split_gain=0.00910602 0.00288797 0.00806177 0.0426583 0.0178203 0.00260291
threshold=1.2336199836199839 0.48544833274419702 10.102040816326532 99.320497429741138 57.314196962724345 49.675324675324681
decision_type=2 2 2 2 2 2
left_child=-1 -2 4 5 -3 -4
right_child=1 2 3 -5 -6 -7
leaf_value=-0.0021346651387920868 -0.0010218612042230597 -0.0010218612042230597 0.00023718165487141265 0.0039932968355379092 0.00023718165487141265 0.00042287320800716568
leaf_weight=0.43879981082864006 0.56328006368130346 1.8313411346171045 19.425928817829117 1.8165519055910397 1.7189356634626163 68.570309091242962
leaf_count=118 44 419 4210 79 332 6804
internal_value=0.000245211 0.0002787 0.000297292 0.000356289 -0.000945486 0.000237182
internal_weight=94.3651 93.9263 93.3631 89.8128 3.55028 87.9962
internal_count=12006 11888 11844 11093 751 11014
is_linear=0
shrinkage=0.03


Tree=323
num_leaves=8
num_cat=0
split_feature=11 2 1 7 1 1 7
split_gain=0.00874489 0.00722176 0.00300759 0.00238061 0.0651882 0.000733158 0.000153573
threshold=1.2336199836199839 1.5483504331264977 0.94563176249664682 15.849282296650719 99.320497429741138 6.9006568144499187 10.102040816326532
decision_type=2 2 2 2 2 2 2
left_child=-1 -2 -3 6 5 -5 -4
right_child=1 2 3 4 -6 -7 -8
leaf_value=-0.0020906735337061014 -0.0018125266764500768 -0.00079791868522613126 -0.00032079061318773691 -7.3464068559305558e-05 0.004826887228267164 0.00024214966252999591 -7.3464068559305558e-05
leaf_weight=0.43771122710313548 0.4888162073912089 1.2580636607017357 3.434146918472833 6.794148994726128 1.8591144050005812 77.137226632214151 2.9350971033563837
leaf_count=118 148 87 735 627 74 9775 442
internal_value=0.000242612 0.000275402 0.000305409 0.000328873 0.00037042 0.000216037 -0.000205065
internal_weight=94.3443 93.9066 93.4178 92.1597 85.7905 83.9314 6.36924
internal_count=12006 11888 11740 11653 10476 10402 1177
is_linear=0
shrinkage=0.03


Tree=324
num_leaves=7
num_cat=0
split_feature=11 1 11 1 2 8
split_gain=0.00805517 0.00368672 0.00239056 0.0147378 0.00740844 0.00255907
threshold=1.2336199836199839 0.94563176249664682 6.8839839623687604 98.601368203133077 92.771059845739259 49.675324675324681
decision_type=2 2 2 2 2 2
left_child=-1 -2 3 4 -3 -4
right_child=1 2 5 -5 -6 -7
leaf_value=-0.0019932228186379233 -0.00093543019075434386 -0.00093543019075434386 0.00033878425927437049 0.00033878425927437049 0.00033878425927437049 0.00052622807649850285
leaf_weight=0.43529193347785522 1.2529736894648511 2.7639276377158239 21.209130953880958 0.31735637481324364 0.58026844332925964 67.818143569747917
leaf_count=118 87 613 4520 24 61 6583
internal_value=0.000249465 0.000280741 0.00030699 -0.00037289 -0.00093543 0.000338784
internal_weight=94.3771 93.9418 92.6888 3.66155 3.3442 89.0273
internal_count=12006 11888 11801 698 674 11103
is_linear=0
shrinkage=0.03


Tree=325
num_leaves=7
num_cat=0
split_feature=1 2 2 9 2 2
split_gain=0.00992835 0.012839 0.00188744 0.000420714 0.00107614 6.50267e-05
threshold=99.029103334511618 32.448939334162851 99.067076634313807 97.515432098765444 1.5483504331264977 1.2145890073127321
decision_type=2 2 2 2 2 2
left_child=2 -2 3 4 5 -1
right_child=1 -3 -4 -5 -6 -7
leaf_value=-0.00085897088810717756 0.00011045582512818174 0.0030105419960476231 0.0012009569942336804 0.00011045582512818174 5.4031335288316112e-05 -2.3807757753569074e-05
leaf_weight=0.24788439809344609 1.6056150035001331 1.48868415155448 0.41374246496707101 4.0832159380661315 86.460569863789715 0.1527532828040421
leaf_count=83 99 41 23 479 11208 50
internal_value=0.000176481 0.00162275 0.000110456 9.24869e-05 4.12727e-05 -0.000784886
internal_weight=94.4525 3.0943 91.3582 90.9444 86.8612 0.400638
internal_count=11983 140 11843 11820 11341 133
is_linear=0
shrinkage=0.03


Tree=326
num_leaves=7
num_cat=0
split_feature=11 9 1 2 1 1
split_gain=0.011763 0.0101737 0.0364913 0.00138154 0.00135428 0.00104389
threshold=99.762751742072041 96.178188899707905 95.220689260361823 1.5483504331264977 0.48544833274419702 90.583972719522606
decision_type=2 2 2 2 2 2
left_child=1 3 -3 5 -5 -1
right_child=-2 2 -4 4 -6 -7
leaf_value=-0.0012806884703269758 0.002306928143428756 2.8359223260272185e-05 0.002306928143428756 -0.00086356206237186517 2.8359223260272185e-05 2.8359223260272185e-05
leaf_weight=0.2747954479418685 1.2712547003757197 5.794800965464673 0.49374571722000826 0.55803702340926875 85.84425549779553 0.17688865261152387
leaf_count=94 34 618 28 43 11116 50
internal_value=0.000172362 0.000119033 0.00119565 2.83592e-05 2.83592e-05 -0.00089742
internal_weight=94.4138 93.1425 6.28855 86.854 86.4023 0.451684
internal_count=11983 11949 646 11303 11159 144
is_linear=0
shrinkage=0.03


Tree=327
num_leaves=5
num_cat=0
split_feature=11 9 1 1
split_gain=0.00867439 0.00997571 0.0306604 0.00145678
threshold=99.762751742072041 96.178188899707905 95.220689260361823 0.48544833274419702
decision_type=2 2 2 2
left_child=1 3 -3 -1
right_child=-2 2 -4 -5
leaf_value=-0.0008502923512444066 0.0020391428937531404 6.8521305934292619e-05 0.0020391428937531404 6.8521305934292619e-05
leaf_weight=0.55859590019099314 1.273516820045187 5.7950727210845789 0.49190997285768379 86.260474822134711
leaf_count=43 34 618 28 11260
internal_value=0.000205305 0.000158819 0.00122525 6.85213e-05
internal_weight=94.3796 93.1061 6.28698 86.8191
internal_count=11983 11949 646 11303
is_linear=0
shrinkage=0.03


Tree=328
num_leaves=6
num_cat=0
split_feature=1 2 11 2 2
split_gain=0.00840215 0.0110692 0.000207794 0.000133646 0.00127509
threshold=99.029103334511618 32.448939334162851 99.762751742072041 1.5483504331264977 1.2145890073127321
decision_type=2 2 2 2 2
left_child=2 -2 3 4 -1
right_child=1 -3 -4 -5 -6
leaf_value=-0.00091545640760160366 0.00014358022487432706 0.0028240490167075185 0.00014358022487432706 9.9458165583498866e-05 9.9458165583498866e-05
leaf_weight=0.25125238217878987 1.6049964975100004 1.4946963991969822 1.2704513170756389 89.597062090993859 0.16198698384687304
leaf_count=84 99 41 34 11673 52
internal_value=0.000204908 0.00153536 0.00014358 9.58164e-05 -0.000205442
internal_weight=94.3804 3.09969 91.2808 90.0103 0.413239
internal_count=11983 140 11843 11809 136
is_linear=0
shrinkage=0.03


Tree=329
num_leaves=7
num_cat=0
split_feature=11 1 2 1 2 2
split_gain=0.00822466 0.00806354 0.00890741 0.000773453 0.000114857 0.00109961
threshold=99.762751742072041 99.029103334511618 32.448939334162851 0.48544833274419702 1.5483504331264977 1.2145890073127321
decision_type=2 2 2 2 2 2
left_child=1 3 -3 -1 5 -5
right_child=-2 2 -4 4 -6 -7
leaf_value=-0.00057201676027529807 0.0019916999612430812 9.8979423828394583e-05 0.0019916999612430812 -0.00057201676027529807 9.8979423828394583e-05 9.8979423828394583e-05
leaf_weight=0.56785560643765975 1.2705586033407588 1.6048666122369462 1.4923375374637542 0.25089893431868304 89.025359750376083 0.16197734582237899
leaf_count=45 34 99 41 84 11628 52
internal_value=0.000204663 0.00015937 0.00146185 9.89794e-05 9.89794e-05 -0.000196327
internal_weight=94.3739 93.1033 3.0972 90.0061 89.4382 0.412876
internal_count=11983 11949 140 11809 11764 136
is_linear=0
shrinkage=0.03


Tree=330
num_leaves=4
num_cat=0
split_feature=11 2 9
split_gain=0.0327036 0.0616853 0.00402654
threshold=98.861024196101042 60.493037794828084 83.431372549019628
decision_type=2 2 2
left_child=2 -2 -1
right_child=1 -3 -4
leaf_value=-0.00074959614796064173 -0.00051801118520729348 0.0047956834882968901 -0.00051801118520729348
leaf_weight=71.573225934174843 1.1589023070409887 2.0719914825167507 19.537722220877185
leaf_count=9749 65 65 2098
internal_value=-0.000403415 0.00218682 -0.000518011
internal_weight=94.3418 3.23089 91.1109
internal_count=11977 130 11847
is_linear=0
shrinkage=0.03


Tree=331
num_leaves=6
num_cat=0
split_feature=11 2 11 9 9
split_gain=0.0288358 0.0572555 0.00346627 0.0073097 0.00151716
threshold=98.861024196101042 60.493037794828084 1.2336199836199839 90.061728395061735 83.431372549019628
decision_type=2 2 2 2 2
left_child=2 -2 3 -1 -4
right_child=1 -3 4 -5 -6
leaf_value=-0.0033864700275763196 -0.00050285616376304857 0.0045317822653870785 -0.00065610413857802971 -0.00050285616376304857 -0.00050285616376304857
leaf_weight=0.22715854889247467 1.1606144527904683 2.1207376488018781 71.345029881224036 0.22946582187432796 19.273842623806559
leaf_count=62 65 65 9700 63 2022
internal_value=-0.000394712 0.00202326 -0.000502856 -0.00202446 -0.000502856
internal_weight=94.3568 3.28135 91.0755 0.456624 90.6189
internal_count=11977 130 11847 125 11722
is_linear=0
shrinkage=0.03


Tree=332
num_leaves=6
num_cat=0
split_feature=11 2 11 9 9
split_gain=0.0192241 0.0466323 0.003016 0.00689092 0.00136056
threshold=98.861024196101042 60.493037794828084 1.2336199836199839 90.061728395061735 83.431372549019628
decision_type=2 2 2 2 2
left_child=2 -2 3 -1 -4
right_child=1 -3 4 -5 -6
leaf_value=-0.0032485364627724092 -0.00048126777875468694 0.0039086663740005145 -0.00062660215502178694 -0.00048126777875468694 -0.00048126777875468694
leaf_weight=0.2248297561891367 1.1605218513868742 2.1378243423532695 71.302900315378793 0.22944171167910099 19.279128302703612
leaf_count=62 65 65 9700 63 2022
internal_value=-0.000393362 0.0015804 -0.000481268 -0.00190456 -0.000481268
internal_weight=94.3346 3.29835 91.0363 0.454271 90.582
internal_count=11977 130 11847 125 11722
is_linear=0
shrinkage=0.03


Tree=333
num_leaves=6
num_cat=0
split_feature=11 2 11 9 9
split_gain=0.0161426 0.0430946 0.00308133 0.00690589 0.00119023
threshold=98.861024196101042 60.493037794828084 1.2336199836199839 90.061728395061735 83.431372549019628
decision_type=2 2 2 2 2
left_child=2 -2 3 -1 -4
right_child=1 -3 4 -5 -6
leaf_value=-0.0032469437770745293 -0.00047123162625782377 0.0036960398507991836 -0.00060864035324366655 -0.00047123162625782377 -0.00047123162625782377
leaf_weight=0.22428670746739854 1.1604698542505496 2.1308749702293426 71.278825115528889 0.22954773751553148 19.312675210181624
leaf_count=62 65 65 9700 63 2022
internal_value=-0.000391004 0.00142092 -0.000471232 -0.00190659 -0.000471232
internal_weight=94.3367 3.29134 91.0453 0.453834 90.5915
internal_count=11977 130 11847 125 11722
is_linear=0
shrinkage=0.03


Tree=334
num_leaves=6
num_cat=0
split_feature=11 2 11 9 9
split_gain=0.0334279 0.0604023 0.00299548 0.00670732 0.00121227
threshold=98.861024196101042 60.493037794828084 1.2336199836199839 90.061728395061735 83.431372549019628
decision_type=2 2 2 2 2
left_child=2 -2 3 -1 -4
right_child=1 -3 4 -5 -6
leaf_value=-0.0032479801377947623 -0.00050121038267726009 0.0046844243041002914 -0.00064115130331052303 -0.00050121038267726009 -0.00050121038267726009
leaf_weight=0.22402354178484429 1.1601599631831043 2.2085031564347446 71.227555438759737 0.2295817278791219 19.314222541404888
leaf_count=62 65 65 9700 63 2022
internal_value=-0.000383131 0.00219108 -0.00050121 -0.0019251 -0.00050121
internal_weight=94.364 3.36866 90.9954 0.453605 90.5418
internal_count=11977 130 11847 125 11722
is_linear=0
shrinkage=0.03


Tree=335
num_leaves=4
num_cat=0
split_feature=9 7 7
split_gain=0.00124234 0.0588317 0.0479973
threshold=96.178188899707905 49.626865671641802 98.142414860681114
decision_type=2 2 2
left_child=2 -2 -1
right_child=1 -3 -4
leaf_value=0.00011819132730634463 0.00025188230979334136 0.0034425152683419348 0.0034425152683419348
leaf_weight=85.961691270349547 1.8546218463452522 4.3347227314952761 2.0328186901751897
leaf_count=11112 290 329 254
internal_value=0.000286601 0.000676507 0.000251882
internal_weight=94.1839 6.18934 87.9945
internal_count=11985 619 11366
is_linear=0
shrinkage=0.03


Tree=336
num_leaves=4
num_cat=0
split_feature=2 2 7
split_gain=0.00783202 0.00564275 0.000596649
threshold=2.0563183320620397 98.855560200668904 7.7524038461538476
decision_type=2 2 2
left_child=-1 2 -2
right_child=1 -3 -4
leaf_value=-0.0017892464667087651 -0.0001815934929968704 0.0020468611156470094 0.0002746462658952736
leaf_weight=0.66421400266699393 2.0035491373855612 0.65185323706827958 90.877969437860884
leaf_count=187 489 35 11274
internal_value=0.000263577 0.000296928 0.000262975
internal_weight=94.1976 93.5334 92.8815
internal_count=11985 11798 11763
is_linear=0
shrinkage=0.03


Tree=337
num_leaves=3
num_cat=0
split_feature=2 2
split_gain=0.00730483 0.00442736
threshold=2.0563183320620397 99.067076634313807
decision_type=2 2
left_child=-1 -2
right_child=1 -3
leaf_value=-0.0017242568173779979 0.00026424580140257931 0.0019820853333818405
leaf_weight=0.66163037542719294 93.148400049190968 0.39945571147836645
leaf_count=187 11779 19
internal_value=0.000260343 0.000292467
internal_weight=94.2095 93.5479
internal_count=11985 11798
is_linear=0
shrinkage=0.03


Tree=338
num_leaves=3
num_cat=0
split_feature=2 2
split_gain=0.00724434 0.00464229
threshold=2.0563183320620397 99.067076634313807
decision_type=2 2
left_child=-1 -2
right_child=1 -3
leaf_value=-0.0017168021180899407 0.000263254746353786 0.0020207671865096577
leaf_weight=0.66086712409742077 93.146578041021712 0.40048387972637911
leaf_count=187 11779 19
internal_value=0.000260096 0.000292072
internal_weight=94.2079 93.5471
internal_count=11985 11798
is_linear=0
shrinkage=0.03


Tree=339
num_leaves=3
num_cat=0
split_feature=2 2
split_gain=0.00713696 0.00440909
threshold=2.0563183320620397 99.067076634313807
decision_type=2 2
left_child=-1 -2
right_child=1 -3
leaf_value=-0.001689748029148247 0.00027790128198013683 0.0019916235501100978
leaf_weight=0.65958377392962475 93.124594544293359 0.40339780319481988
leaf_count=187 11779 19
internal_value=0.000274701 0.000306284
internal_weight=94.1876 93.528
internal_count=11985 11798
is_linear=0
shrinkage=0.03


Tree=340
num_leaves=2
num_cat=0
split_feature=2
split_gain=0.00284591
threshold=2.0563183320620397
decision_type=2
left_child=-1
right_child=-2
leaf_value=-0.0023642864019462659 -0.00092468911138186328
leaf_weight=0.70594301412347604 94.250867089140229
leaf_count=201 11795
internal_value=-0.000959919
internal_weight=94.9568
internal_count=11996
is_linear=0
shrinkage=0.03


Tree=341
num_leaves=2
num_cat=0
split_feature=2
split_gain=0.00273999
threshold=2.0563183320620397
decision_type=2
left_child=-1
right_child=-2
leaf_value=-0.002343752526173071 -0.00092400655608540147
leaf_weight=0.70480770338326593 94.251944322953932
leaf_count=201 11795
internal_value=-0.00095886
internal_weight=94.9568
internal_count=11996
is_linear=0
shrinkage=0.03


Tree=342
num_leaves=2
num_cat=0
split_feature=2
split_gain=0.00261937
threshold=2.0563183320620397
decision_type=2
left_child=-1
right_child=-2
leaf_value=-0.0023221389578547131 -0.00092484289997149874
leaf_weight=0.70384288323111732 94.251843033824116
leaf_count=201 11795
internal_value=-0.000959292
internal_weight=94.9557
internal_count=11996
is_linear=0
shrinkage=0.03


Tree=343
num_leaves=2
num_cat=0
split_feature=2
split_gain=0.00252127
threshold=2.0563183320620397
decision_type=2
left_child=-1
right_child=-2
leaf_value=-0.0022999309337800411 -0.00092243457038428285
leaf_weight=0.70295102894306083 94.254572675214149
leaf_count=201 11795
internal_value=-0.000956494
internal_weight=94.9575
internal_count=11996
is_linear=0
shrinkage=0.03


Tree=344
num_leaves=2
num_cat=0
split_feature=2
split_gain=0.00243298
threshold=2.0563183320620397
decision_type=2
left_child=-1
right_child=-2
leaf_value=-0.0022833355294469377 -0.00092280762089183284
leaf_weight=0.70204867783468117 94.254616608144715
leaf_count=201 11795
internal_value=-0.000956557
internal_weight=94.9567
internal_count=11996
is_linear=0
shrinkage=0.03


Tree=345
num_leaves=2
num_cat=0
split_feature=1
split_gain=0.0112412
threshold=99.029103334511618
decision_type=2
left_child=-1
right_child=-2
leaf_value=-0.00029226385786306283 0.001380809265253197
leaf_weight=93.227802420500666 2.7787255528382948
leaf_count=12010 131
internal_value=-0.000230105
internal_weight=96.0065
internal_count=12141
is_linear=0
shrinkage=0.03


Tree=346
num_leaves=2
num_cat=0
split_feature=1
split_gain=0.0105302
threshold=99.029103334511618
decision_type=2
left_child=-1
right_child=-2
leaf_value=-0.00029169749256337133 0.0013286522738222254
leaf_weight=93.22643463278655 2.775291090598329
leaf_count=12010 131
internal_value=-0.000231641
internal_weight=96.0017
internal_count=12141
is_linear=0
shrinkage=0.03


Tree=347
num_leaves=2
num_cat=0
split_feature=1
split_gain=0.00959434
threshold=99.029103334511618
decision_type=2
left_child=-1
right_child=-2
leaf_value=-0.0002891270583646153 0.0012581299527201434
leaf_weight=93.224776728427969 2.7745013022795311
leaf_count=12010 131
internal_value=-0.0002319
internal_weight=95.9993
internal_count=12141
is_linear=0
shrinkage=0.03


Tree=348
num_leaves=2
num_cat=0
split_feature=1
split_gain=0.00735401
threshold=99.029103334511618
decision_type=2
left_child=-1
right_child=-2
leaf_value=-0.00030145936090484053 0.0010490909372556873
leaf_weight=93.226908522075973 2.8111358038149765
leaf_count=12010 131
internal_value=-0.000251524
internal_weight=96.038
internal_count=12141
is_linear=0
shrinkage=0.03


Tree=349
num_leaves=2
num_cat=0
split_feature=1
split_gain=0.00198718
threshold=99.029103334511618
decision_type=2
left_child=-1
right_child=-2
leaf_value=-0.00027923090083677328 0.00042939692584558972
leaf_weight=93.184696999262087 2.8391869214829049
leaf_count=12010 131
internal_value=-0.000254069
internal_weight=96.0239
internal_count=12141
is_linear=0
shrinkage=0.03


Tree=350
num_leaves=3
num_cat=0
split_feature=10 11
split_gain=0.00352337 0.00130335
threshold=17.262664963814391 1.2336199836199839
decision_type=2 2
left_child=-1 -2
right_child=1 -3
leaf_value=-0.00067882811353443828 -0.00067882811353443828 -0.00013876641493224819
leaf_weight=12.939040467725134 0.43882280879188229 81.400460442178883
leaf_count=1709 118 10235
internal_value=-0.000236165 -0.000158829
internal_weight=94.7783 81.8393
internal_count=12062 10353
is_linear=0
shrinkage=0.03


Tree=351
num_leaves=3
num_cat=0
split_feature=10 11
split_gain=0.00216574 0.00108807
threshold=17.262664963814391 1.2336199836199839
decision_type=2 2
left_child=-1 -2
right_child=1 -3
leaf_value=-0.00057293125138717848 -0.00057293125138717848 -0.00014332038563723764
leaf_weight=12.913550696219316 0.43857632344588537 81.408340941881761
leaf_count=1709 118 10235
internal_value=-0.000224514 -0.00016329
internal_weight=94.7605 81.8469
internal_count=12062 10353
is_linear=0
shrinkage=0.03


Tree=352
num_leaves=2
num_cat=0
split_feature=11
split_gain=0.00218792
threshold=1.2336199836199839
decision_type=2
left_child=-1
right_child=-2
leaf_value=-0.0013656861536831206 -0.0001802189603274497
leaf_weight=0.45114371960516919 94.28268252115231
leaf_count=123 11939
internal_value=-0.000200071
internal_weight=94.7338
internal_count=12062
is_linear=0
shrinkage=0.03


Tree=353
num_leaves=3
num_cat=0
split_feature=11 10
split_gain=0.00215735 3.27335e-05
threshold=1.2336199836199839 17.262664963814391
decision_type=2 2
left_child=-1 -2
right_child=1 -3
leaf_value=-0.0013579093913903123 -0.00024021810933626942 -0.00016810016578157816
leaf_weight=0.45052356156520446 12.842868336476384 81.439969686442055
leaf_count=123 1704 10235
internal_value=-0.000200068 -0.000180342
internal_weight=94.7334 94.2828
internal_count=12062 11939
is_linear=0
shrinkage=0.03


Tree=354
num_leaves=3
num_cat=0
split_feature=11 10
split_gain=0.00213065 2.26726e-05
threshold=1.2336199836199839 17.262664963814391
decision_type=2 2
left_child=-1 -2
right_child=1 -3
leaf_value=-0.0013511144070743389 -0.00023566176415339141 -0.00016902139515192753
leaf_weight=0.44994797464460035 12.843602987006305 81.439327968400903
leaf_count=123 1704 10235
internal_value=-0.000200093 -0.000180477
internal_weight=94.7329 94.2829
internal_count=12062 11939
is_linear=0
shrinkage=0.03


Tree=355
num_leaves=4
num_cat=0
split_feature=11 2 10
split_gain=0.0133676 0.00944361 0.00800498
threshold=6.8839839623687604 2.0563183320620397 99.382716049382722
decision_type=2 2 2
left_child=-1 -2 -3
right_child=1 2 -4
leaf_value=-0.0017568922408481957 -0.0017568922408481957 -0.00019840327431522084 0.0011803208703171195
leaf_weight=4.1803980441763988 0.6401325399056067 87.37526705104392 2.9711360305082044
leaf_count=812 184 10802 273
internal_value=-0.00027242 -0.000185858 -0.000140637
internal_weight=95.1669 90.9865 90.3464
internal_count=12071 11259 11075
is_linear=0
shrinkage=0.03


Tree=356
num_leaves=5
num_cat=0
split_feature=11 2 7 7
split_gain=0.011864 0.00902982 0.000421804 0.000114793
threshold=6.8839839623687604 2.0563183320620397 13.383084577114429 2.2474747474747478
decision_type=2 2 2 2
left_child=2 -2 -1 -3
right_child=1 3 -4 -5
leaf_value=-0.0031479504187601009 -0.0016695899133432621 -0.0004357439063378631 -0.0016695899133432621 -0.00013730299436048304
leaf_weight=0.44913388520944764 0.6391434227116396 0.40989630273543198 3.7251224024221301 89.939902096288279
leaf_count=79 184 78 733 10997
internal_value=-0.000269908 -0.000188244 -0.00166959 -0.000143412
internal_weight=95.1632 90.9889 4.17426 90.3498
internal_count=12071 11259 812 11075
is_linear=0
shrinkage=0.03


Tree=357
num_leaves=3
num_cat=0
split_feature=11 2
split_gain=0.0101054 0.00850737
threshold=6.8839839623687604 2.0563183320620397
decision_type=2 2
left_child=-1 -2
right_child=1 -3
leaf_value=-0.0015648308749279067 -0.0015648308749279067 -0.00015051912488139795
leaf_weight=4.1591344053158528 0.63825721654575218 90.356825078488328
leaf_count=812 184 11075
internal_value=-0.000270485 -0.000194957
internal_weight=95.1542 90.9951
internal_count=12071 11259
is_linear=0
shrinkage=0.03


Tree=358
num_leaves=3
num_cat=0
split_feature=11 2
split_gain=0.0118478 0.00904637
threshold=6.8839839623687604 2.0563183320620397
decision_type=2 2
left_child=-1 -2
right_child=1 -3
leaf_value=-0.0016502821656119093 -0.0016502821656119093 -0.00011245644553603913
leaf_weight=4.0706416229950255 0.63756333466153492 90.350138938287273
leaf_count=812 184 11075
internal_value=-0.000237297 -0.000156829
internal_weight=95.0583 90.9877
internal_count=12071 11259
is_linear=0
shrinkage=0.03


Tree=359
num_leaves=3
num_cat=0
split_feature=11 2
split_gain=0.0107559 0.0084914
threshold=6.8839839623687604 2.0563183320620397
decision_type=2 2
left_child=-1 -2
right_child=1 -3
leaf_value=-0.001585313923195962 -0.001585313923195962 -0.00011812095755508323
leaf_weight=4.0669318266445762 0.63537216477561642 90.36444937356282
leaf_count=812 184 11075
internal_value=-0.000238226 -0.000161445
internal_weight=95.0668 90.9998
internal_count=12071 11259
is_linear=0
shrinkage=0.03


Tree=360
num_leaves=4
num_cat=0
split_feature=1 10 10
split_gain=0.00442945 0.127397 0.000309943
threshold=6.5266353309831571 75.154320987654344 95.932156646442365
decision_type=2 2 2
left_child=1 -1 -2
right_child=2 -3 -4
leaf_value=-0.0052681885500193305 -0.0008911856173270988 -0.0008911856173270988 -0.00044668443127562484
leaf_weight=5.3126768697984499 82.90631310956087 3.6794358966872096 4.4314866747008628
leaf_count=540 10749 223 520
internal_value=-0.000976424 -0.00163228 -0.000891186
internal_weight=96.3299 8.99211 87.3378
internal_count=12032 763 11269
is_linear=0
shrinkage=0.03


Tree=361
num_leaves=5
num_cat=0
split_feature=10 2 2 2
split_gain=0.00223367 0.171133 0.0058017 0.000141183
threshold=74.637376497792744 79.514157014157021 93.058273205332043 1.5483504331264977
decision_type=2 2 2 2
left_child=3 -2 -3 -1
right_child=1 2 -4 -5
leaf_value=-0.0020520236167137248 -0.0010748200518919343 0.0014145831861275592 0.0032878252071813917 -0.0010748200518919343
leaf_weight=0.34282878774683823 17.149409980047498 5.2885318701155466 5.6603909775149077 67.91033705859445
leaf_count=110 2349 318 246 9009
internal_value=-0.000972513 -0.000695603 0.00257712 -0.00107482
internal_weight=96.3515 28.0983 10.9489 68.2532
internal_count=12032 2913 564 9119
is_linear=0
shrinkage=0.03


Tree=362
num_leaves=2
num_cat=0
split_feature=2
split_gain=4.73735e-05
threshold=99.067076634313807
decision_type=2
left_child=-1
right_child=-2
leaf_value=-0.00097771741728309189 -0.00014222231108968421
leaf_weight=95.868098214035854 0.43120571621693571
leaf_count=12011 21
internal_value=-0.000975476
internal_weight=96.2993
internal_count=12032
is_linear=0
shrinkage=0.03


Tree=363
num_leaves=2
num_cat=0
split_feature=1
split_gain=0.000656292
threshold=6.5266353309831571
decision_type=2
left_child=-1
right_child=-2
leaf_value=-0.0013390692922412891 -0.00092472207319106595
leaf_weight=8.9451463542645779 87.349739884026349
leaf_count=763 11269
internal_value=-0.00097658
internal_weight=96.2949
internal_count=12032
is_linear=0
shrinkage=0.03


Tree=364
num_leaves=2
num_cat=0
split_feature=2
split_gain=4.93431e-05
threshold=99.067076634313807
decision_type=2
left_child=-1
right_child=-2
leaf_value=-0.00097798834447789342 -0.00014146954709075131
leaf_weight=95.869165930314921 0.43100194400176306
leaf_count=12011 21
internal_value=-0.000975737
internal_weight=96.3002
internal_count=12032
is_linear=0
shrinkage=0.03


Tree=365
num_leaves=6
num_cat=0
split_feature=0 8 10 9 1
split_gain=0.00702468 0.00366085 0.00988618 0.0072217 0.000698779
threshold=99.759325764596866 4.1381278538812785 90.331196581196608 76.975051975051997 77.790490719552523
decision_type=2 2 2 2 2
left_child=1 2 3 -1 -3
right_child=-2 4 -4 -5 -6
leaf_value=-0.0037959330863776052 0.0011334657338376651 -0.00030481717648761785 -0.00030481717648761785 -0.00030481717648761785 -0.00011650855803008976
leaf_weight=0.56388793746009369 2.0650946015957734 71.80729214369785 0.18491335585713387 0.17726792057510465 19.355652941856533
leaf_count=182 44 9124 52 50 2625
internal_value=-0.000292093 -0.000335894 -0.00164852 -0.00298078 -0.000304817
internal_weight=94.1541 92.089 0.926069 0.741156 91.1629
internal_count=12077 12033 284 232 11749
is_linear=0
shrinkage=0.03


Tree=366
num_leaves=6
num_cat=0
split_feature=0 8 10 9 1
split_gain=0.00636222 0.00349601 0.0097301 0.00712875 0.000872348
threshold=99.759325764596866 4.1381278538812785 90.331196581196608 76.975051975051997 77.790490719552523
decision_type=2 2 2 2 2
left_child=1 2 3 -1 -3
right_child=-2 4 -4 -5 -6
leaf_value=-0.0037618317648896865 0.0010664982906661632 -0.00030322545126613358 -0.00030322545126613358 -0.00030322545126613358 -9.5729351759849985e-05
leaf_weight=0.56173317111097176 2.0613507046364239 71.794040612061508 0.18491080543026328 0.17726151458919048 19.37083073600661
leaf_count=182 44 9124 52 50 2625
internal_value=-0.000292109 -0.000333651 -0.00161776 -0.00294904 -0.000303225
internal_weight=94.1501 92.0888 0.923905 0.738995 91.1649
internal_count=12077 12033 284 232 11749
is_linear=0
shrinkage=0.03


Tree=367
num_leaves=5
num_cat=0
split_feature=0 8 10 9
split_gain=0.00572698 0.00334392 0.009576 0.00703906
threshold=99.759325764596866 4.1381278538812785 90.331196581196608 76.975051975051997
decision_type=2 2 2 2
left_child=1 2 3 -1
right_child=-2 -3 -4 -5
leaf_value=-0.0037290133481677513 0.00099850499850615525 -0.00030169699631387977 -0.00030169699631387977 -0.00030169699631387977
leaf_weight=0.55951776611618598 2.0588709637522689 91.165972918039188 0.18490111059509218 0.17725240590516478
leaf_count=182 44 11749 52 50
internal_value=-0.000292233 -0.000331508 -0.00158875 -0.00291849
internal_weight=94.1465 92.0876 0.921671 0.73677
internal_count=12077 12033 284 232
is_linear=0
shrinkage=0.03


Tree=368
num_leaves=5
num_cat=0
split_feature=0 8 10 9
split_gain=0.00555911 0.00325325 0.00948175 0.00705472
threshold=99.759325764596866 4.1381278538812785 89.82549541555754 76.975051975051997
decision_type=2 2 2 2
left_child=1 2 3 -1
right_child=-2 -3 -4 -5
leaf_value=-0.003736260777349453 0.00098721806960166535 -0.00029384738585203182 -0.00029384738585203182 -0.00029384738585203182
leaf_weight=0.53161238285247137 2.0575172579847267 91.159056984353811 0.21067652048077434 0.17724943766370416
leaf_count=175 44 11749 59 50
internal_value=-0.000284471 -0.000323188 -0.00156352 -0.00291206
internal_weight=94.1361 92.0786 0.919538 0.708862
internal_count=12077 12033 284 225
is_linear=0
shrinkage=0.03


Tree=369
num_leaves=6
num_cat=0
split_feature=0 8 10 9 1
split_gain=0.00516511 0.00313726 0.0099464 0.00208531 0.000556908
threshold=99.759325764596866 3.9344685242518063 89.82549541555754 70.441595441595453 77.790490719552523
decision_type=2 2 2 2 2
left_child=1 2 3 -1 -3
right_child=-2 4 -4 -5 -6
leaf_value=-0.003450424873692421 0.00094279890520140353 -0.00029378076036113256 -0.00029378076036113256 -0.00029378076036113256 -0.00012413601449633201
leaf_weight=0.40333644673228164 2.0545249527785918 71.885268355370499 0.21068100607953966 0.16357797710224986 19.414809998474084
leaf_count=137 44 9153 59 46 2638
internal_value=-0.000284455 -0.000321674 -0.00158904 -0.0030635 -0.000293781
internal_weight=94.1322 92.0777 0.777595 0.566914 91.3001
internal_count=12077 12033 242 183 11791
is_linear=0
shrinkage=0.03


Tree=370
num_leaves=5
num_cat=0
split_feature=2 0 1 1
split_gain=0.0122591 0.00764635 0.0131145 0.0064523
threshold=2.0563183320620397 99.759325764596866 0.48544833274419702 41.91547831253714
decision_type=2 2 2 2
left_child=-1 2 -2 -4
right_child=1 -3 3 -5
leaf_value=-0.002107010417430668 -0.002107010417430668 0.002119640403325196 0.00024071862610904618 0.00075331804617384339
leaf_weight=0.63405961310490866 0.50162647408433159 1.7835461786016811 40.729897748446092 51.052992715034634
leaf_count=194 43 39 4927 6763
internal_value=0.00050377 0.000543346 0.000490486 0.000530891
internal_weight=94.7021 94.0681 92.2845 91.7829
internal_count=11966 11772 11733 11690
is_linear=0
shrinkage=0.03


Tree=371
num_leaves=7
num_cat=0
split_feature=2 0 7 3 7 10
split_gain=0.0120078 0.00559538 0.00120187 0.0207682 0.000637432 0.000108167
threshold=2.0563183320620397 99.759325764596866 8.421985815602838 98.601368203133077 1.9803921568627454 48.999599839935975
decision_type=2 2 2 2 2 2
left_child=5 2 4 -4 -2 -1
right_child=1 -3 3 -5 -6 -7
leaf_value=-0.0024145763593016139 -0.00065703282872291429 0.0018985408590747601 0.00037924893591039177 0.0018985408590747601 0.00013569389704653928 -0.00065703282872291429
leaf_weight=0.24586498562712122 0.24107844429090608 1.7867165710777033 83.707881480455399 5.746248642448335 2.5890680205775425 0.38647232810035348
leaf_count=82 40 39 10983 146 564 112
internal_value=0.000502754 0.000541863 0.000495526 0.000514661 -8.57447e-05 -0.00208305
internal_weight=94.7033 94.071 92.2843 89.4541 2.83015 0.632337
internal_count=11966 11772 11733 11129 604 194
is_linear=0
shrinkage=0.03


Tree=372
num_leaves=4
num_cat=0
split_feature=2 0 10
split_gain=0.0114879 0.00323884 0.000388821
threshold=2.0563183320620397 99.759325764596866 48.999599839935975
decision_type=2 2 2
left_child=2 -2 -1
right_child=1 -3 -4
leaf_value=-0.0023869013919009048 0.00048228449302733161 0.0015650229077100234 -0.00026600825482132889
leaf_weight=0.24496602010913093 92.286298687104136 1.7953506659250695 0.38600559672340751
leaf_count=82 11733 39 112
internal_value=0.000480867 0.000519189 -0.00204804
internal_weight=94.7126 94.0816 0.630972
internal_count=11966 11772 194
is_linear=0
shrinkage=0.03


Tree=373
num_leaves=6
num_cat=0
split_feature=2 11 0 10 10
split_gain=0.0113185 0.0066111 0.00986738 0.00621294 0.000387795
threshold=2.0563183320620397 6.8839839623687604 99.759325764596866 29.198717948717952 48.999599839935975
decision_type=2 2 2 2 2
left_child=4 3 -3 -2 -1
right_child=1 2 -4 -5 -6
leaf_value=-0.0023676548666473284 -0.0020306707332807422 0.00051295685055979389 0.0024050314408193421 0.00010040078596656801 -0.00026270202538381502
leaf_weight=0.2440885592950498 0.53372787218540807 88.339266185997985 1.6478041938971717 3.5597682653460652 0.38571957033127546
leaf_count=82 122 10939 34 677 112
internal_value=0.00048088 0.000518873 0.000573656 -0.000561591 -0.00203067
internal_weight=94.7104 94.0806 89.9871 4.0935 0.629808
internal_count=11966 11772 10973 799 194
is_linear=0
shrinkage=0.03


Tree=374
num_leaves=7
num_cat=0
split_feature=2 11 1 10 10 10
split_gain=0.010766 0.00606388 0.0204876 0.00605876 0.00525701 0.000506211
threshold=2.0563183320620397 6.8839839623687604 41.91547831253714 29.198717948717952 3.8711288711288714 48.999599839935975
decision_type=2 2 2 2 2 2
left_child=5 3 -3 -2 -4 -1
right_child=1 2 4 -5 -6 -7
leaf_value=-0.0023136799981488356 -0.0019626948574509467 8.5827027716289553e-05 8.5827027716289553e-05 8.5827027716289553e-05 0.0010516794311135036 -0.00023084442383482047
leaf_weight=0.24297124531585623 0.53274516516830672 41.450972461607307 0.82553181366529216 3.5570560183841735 47.657911987742409 0.38520004285965115
leaf_count=82 122 4726 128 677 6119 112
internal_value=0.000490812 0.000527686 0.000579998 -0.000510609 0.000992218 -0.00196269
internal_weight=94.6524 94.0242 89.9344 4.0898 48.4834 0.628171
internal_count=11966 11772 10973 799 6247 194
is_linear=0
shrinkage=0.03


Tree=375
num_leaves=4
num_cat=0
split_feature=11 11 9
split_gain=0.00708382 0.00781132 0.00505175
threshold=1.5277179376705445 0.77223274982441736 96.178188899707905
decision_type=2 2 2
left_child=1 -1 -2
right_child=2 -3 -4
leaf_value=-0.0028870799247702273 0.00038544606692066504 0.00038544606692066504 0.0011996970563320068
leaf_weight=0.28729174053296347 88.553078184369951 0.2797974708955735 6.0816168974852181
leaf_count=76 11313 84 585
internal_value=0.000356004 -0.00166793 0.000385446
internal_weight=95.2018 0.567089 94.6347
internal_count=12058 160 11898
is_linear=0
shrinkage=0.03


Tree=376
num_leaves=4
num_cat=0
split_feature=11 11 9
split_gain=0.0068853 0.00770126 0.00491508
threshold=1.5277179376705445 0.77223274982441736 96.178188899707905
decision_type=2 2 2
left_child=1 -1 -2
right_child=2 -3 -4
leaf_value=-0.0028556131655502262 0.00038481712070029511 0.00038481712070029511 0.0011883691004697574
leaf_weight=0.28612609917763521 88.554279295611195 0.27978452714160085 6.080198068288154
leaf_count=76 11313 84 585
internal_value=0.000355844 -0.00164088 0.000384817
internal_weight=95.2004 0.565911 94.6345
internal_count=12058 160 11898
is_linear=0
shrinkage=0.03


Tree=377
num_leaves=4
num_cat=0
split_feature=11 11 9
split_gain=0.00677216 0.00763781 0.00478112
threshold=1.5277179376705445 0.77223274982441736 96.178188899707905
decision_type=2 2 2
left_child=1 -1 -2
right_child=2 -3 -4
leaf_value=-0.0028381427630114323 0.00038417447549465243 0.00038417447549465243 0.0011770063405852399
leaf_weight=0.28507930238265444 88.555156073067337 0.2797666909173131 6.0803709466708815
leaf_count=76 11313 84 585
internal_value=0.000355473 -0.00162577 0.000384174
internal_weight=95.2004 0.564846 94.6355
internal_count=12058 160 11898
is_linear=0
shrinkage=0.03


Tree=378
num_leaves=4
num_cat=0
split_feature=11 11 9
split_gain=0.00661073 0.00759935 0.000461753
threshold=1.5277179376705445 0.77223274982441736 96.178188899707905
decision_type=2 2 2
left_child=1 -1 -2
right_child=2 -3 -4
leaf_value=-0.002821767496072118 0.00037881201497173573 0.00037881201497173573 0.00065879723489849955
leaf_weight=0.28404877032153208 88.465018763206899 0.27961878618225455 6.1318313514348111
leaf_count=76 11313 84 585
internal_value=0.000350449 -0.00160769 0.000378812
internal_weight=95.1605 0.563668 94.5969
internal_count=12058 160 11898
is_linear=0
shrinkage=0.03


Tree=379
num_leaves=4
num_cat=0
split_feature=11 11 9
split_gain=0.00605431 0.0072613 0.00044796
threshold=1.5277179376705445 0.77223274982441736 96.178188899707905
decision_type=2 2 2
left_child=1 -1 -2
right_child=2 -3 -4
leaf_value=-0.0027247539642513475 0.00037755596201451683 0.00037755596201451683 0.00065418681133189681
leaf_weight=0.28208742802962561 88.468015435850248 0.27961138135287911 6.1312062062788746
leaf_count=76 11313 84 585
internal_value=0.00035056 -0.00152645 0.000377556
internal_weight=95.1609 0.561699 94.5992
internal_count=12058 160 11898
is_linear=0
shrinkage=0.03


Tree=380
num_leaves=2
num_cat=0
split_feature=2
split_gain=0.00247949
threshold=98.988620381025456
decision_type=2
left_child=-1
right_child=-2
leaf_value=-0.00067389542547227632 0.000689571689115059
leaf_weight=95.297872871975414 0.45418097171932359
leaf_count=12073 26
internal_value=-0.000660368
internal_weight=95.7521
internal_count=12099
is_linear=0
shrinkage=0.03


Tree=381
num_leaves=2
num_cat=0
split_feature=2
split_gain=0.00247135
threshold=98.988620381025456
decision_type=2
left_child=-1
right_child=-2
leaf_value=-0.00067404221134564077 0.00068781005800059268
leaf_weight=95.298260916490108 0.45374303054995735
leaf_count=12073 26
internal_value=-0.000660546
internal_weight=95.752
internal_count=12099
is_linear=0
shrinkage=0.03


Tree=382
num_leaves=2
num_cat=0
split_feature=2
split_gain=0.00276407
threshold=98.988620381025456
decision_type=2
left_child=-1
right_child=-2
leaf_value=-0.00067392732104335569 0.00075271322446023741
leaf_weight=95.296234989771619 0.45539613370783527
leaf_count=12073 26
internal_value=-0.000659432
internal_weight=95.7516
internal_count=12099
is_linear=0
shrinkage=0.03


Tree=383
num_leaves=2
num_cat=0
split_feature=2
split_gain=0.0030708
threshold=98.988620381025456
decision_type=2
left_child=-1
right_child=-2
leaf_value=-0.00067494141009658232 0.00081670733036690198
leaf_weight=95.296896249055862 0.45728528220206399
leaf_count=12073 26
internal_value=-0.00065945
internal_weight=95.7542
internal_count=12099
is_linear=0
shrinkage=0.03


Tree=384
num_leaves=2
num_cat=0
split_feature=2
split_gain=0.00302578
threshold=98.988620381025456
decision_type=2
left_child=-1
right_child=-2
leaf_value=-0.00067501644968774512 0.00080757299205481286
leaf_weight=95.29760539077688 0.45656243828125198
leaf_count=12073 26
internal_value=-0.000659674
internal_weight=95.7542
internal_count=12099
is_linear=0
shrinkage=0.03


Tree=385
num_leaves=7
num_cat=0
split_feature=11 10 1 10 1 11
split_gain=0.0381716 0.0268528 0.0194421 0.113422 0.00712726 0.0115527
threshold=99.762751742072041 2.0620748299319733 99.029103334511618 52.255766621438269 0.94563176249664682 6.8839839623687604
decision_type=2 2 2 2 2 2
left_child=1 -1 4 -4 -3 -6
right_child=-2 2 3 -5 5 -7
leaf_value=-0.0037402417332851631 0.0039279566450695861 -0.0017361730142957852 -0.00014324951494814424 0.0039279566450695861 -0.0016955489400351234 -0.00014324951494814424
leaf_weight=0.81259654171299089 1.1401596835348744 1.5360784479416896 1.2383259581401937 1.8430368993431328 3.405103314202278 84.530921925208531
leaf_count=94 34 87 77 60 805 10904
internal_value=-3.43212e-05 -0.000123819 -5.24277e-05 0.00197368 -0.00014325 -0.00014325
internal_weight=94.5062 93.3661 92.5535 3.08136 89.4721 87.936
internal_count=12061 12027 11933 137 11796 11709
is_linear=0
shrinkage=0.03


Tree=386
num_leaves=8
num_cat=0
split_feature=11 1 2 7 11 1 1
split_gain=0.0368664 0.0158306 0.023609 0.00632005 0.00153292 0.00590303 0.0107763
threshold=99.762751742072041 99.029103334511618 32.448939334162851 2.2474747474747478 6.8839839623687604 92.154380739637645 0.94563176249664682
decision_type=2 2 2 2 2 2 2
left_child=1 3 -3 -1 5 -5 -6
right_child=-2 2 -4 4 6 -7 -8
leaf_value=-0.0021999221803830778 0.0038693984376187689 -0.00019763609658373556 0.0036592844123602749 -0.0014911821715988093 -0.0014911821715988093 -0.00019763609658373556 -0.00019763609658373556
leaf_weight=0.42850889870896836 1.1351172549184401 1.6511508431285613 1.4325466374866662 3.1077748996904115 1.3127390457084391 0.50297890487126995 84.938813998596743
leaf_count=77 34 99 39 727 83 87 10915
internal_value=-2.91869e-05 -0.000117079 0.00171245 -0.000197636 -0.000197636 -0.000772102 -0.000197636
internal_weight=94.5096 93.3745 3.0837 90.2908 89.8623 3.61075 86.2516
internal_count=12061 12027 138 11889 11812 814 10998
is_linear=0
shrinkage=0.03


Tree=387
num_leaves=10
num_cat=0
split_feature=11 10 1 2 1 2 1 2 2
split_gain=0.0334824 0.0245377 0.0363064 0.0358854 0.0120738 0.0197698 0.000346454 0.000239932 0.000424091
threshold=99.762751742072041 3.8711288711288714 34.389692086966129 75.03204180222815 99.029103334511618 32.448939334162851 0.94563176249664682 2.0563183320620397 1.2145890073127321
decision_type=2 2 2 2 2 2 2 2 2
left_child=1 2 -1 -4 6 -6 -3 8 -8
right_child=-2 4 3 -5 5 -7 7 -9 -10
leaf_value=-0.0064120002059672894 0.0037044653610019242 -0.00058741215775061308 -0.0046839040507990325 -2.204004788602427e-05 -2.204004788602427e-05 0.0034043575308415411 -0.00058741215775061308 -2.204004788602427e-05 -2.204004788602427e-05
leaf_weight=0.35427838563918956 1.1318546659313131 1.5079661026829843 0.54744444135576487 0.32428874005563557 1.6432732921093696 1.4412056806031612 0.2348275959957381 86.969762680470012 0.38894199719652534
leaf_count=62 34 87 122 25 97 39 82 11413 100
internal_value=-1.36233e-05 -9.74347e-05 -0.00320986 -2.204e-05 -2.204e-05 0.00160908 -2.204e-05 -2.204e-05 -0.000587412
internal_weight=94.5438 93.412 1.22601 0.871733 92.186 3.08448 89.1015 87.5935 0.62377
internal_count=12061 12027 209 147 11818 136 11682 11595 182
is_linear=0
shrinkage=0.03


Tree=388
num_leaves=7
num_cat=0
split_feature=11 10 1 1 11 1
split_gain=0.0324169 0.0227649 0.0353532 0.0124677 0.00128189 0.000271262
threshold=99.762751742072041 3.8711288711288714 34.389692086966129 99.029103334511618 64.928749915580482 0.94563176249664682
decision_type=2 2 2 2 2 2
left_child=1 2 -1 5 -5 -3
right_child=-2 3 -4 4 -6 -7
leaf_value=-0.0062763051663423143 0.0036457175444114549 -0.00056986825999603009 -2.3238168200765944e-05 0.00058170557838486622 0.0022004252840022768 -2.3238168200765944e-05
leaf_weight=0.35046479548327514 1.1311666169203807 1.5095828407211218 0.86991912126541138 1.7876662956550711 1.2965231339912859 87.586899753077887
leaf_count=62 34 87 147 102 34 11595
internal_value=-1.33305e-05 -9.57948e-05 -0.00309756 -2.32382e-05 0.00163433 -2.32382e-05
internal_weight=94.5322 93.4011 1.22038 92.1807 3.08419 89.0965
internal_count=12061 12027 209 11818 136 11682
is_linear=0
shrinkage=0.03


Tree=389
num_leaves=7
num_cat=0
split_feature=11 10 1 2 1 2
split_gain=0.0321067 0.0221352 0.0344954 0.035421 0.0154137 0.0261465
threshold=99.762751742072041 3.8711288711288714 34.389692086966129 75.03204180222815 99.029103334511618 32.448939334162851
decision_type=2 2 2 2 2 2
left_child=1 2 -1 -4 -3 -6
right_child=-2 4 3 -5 5 -7
leaf_value=-0.0061990634259512113 0.0036340561956379087 -2.1250850045552033e-05 -0.0046620086340280762 -2.1250850045552033e-05 -2.1250850045552033e-05 0.0036340561956379087
leaf_weight=0.34810148563701548 1.1273940354585636 89.085987785481848 0.54558404558338225 0.32431165338493884 1.645027672639116 1.4654932529665528
leaf_count=62 34 11682 122 25 97 39
internal_value=-1.07169e-05 -9.27292e-05 -0.00305432 -2.12509e-05 -2.12509e-05 0.00181585
internal_weight=94.5419 93.4145 1.218 0.869896 92.1965 3.11052
internal_count=12061 12027 209 147 11818 136
is_linear=0
shrinkage=0.03


Tree=390
num_leaves=2
num_cat=0
split_feature=11
split_gain=0.0113953
threshold=6.8839839623687604
decision_type=2
left_child=-1
right_child=-2
leaf_value=-0.0022901929223026088 -0.00074824913043433465
leaf_weight=3.8485203252639613 90.135932581615634
leaf_count=791 11212
internal_value=-0.000834836
internal_weight=93.9845
internal_count=12003
is_linear=0
shrinkage=0.03


Tree=391
num_leaves=2
num_cat=0
split_feature=11
split_gain=0.0103559
threshold=6.8839839623687604
decision_type=2
left_child=-1
right_child=-2
leaf_value=-0.002227608189103579 -0.00075199580161398817
leaf_weight=3.8416081971954545 90.138715052977204
leaf_count=791 11212
internal_value=-0.000835132
internal_weight=93.9803
internal_count=12003
is_linear=0
shrinkage=0.03


Tree=392
num_leaves=2
num_cat=0
split_feature=11
split_gain=0.00535538
threshold=6.8839839623687604
decision_type=2
left_child=-1
right_child=-2
leaf_value=-0.0018880047398298543 -0.00078775413647571592
leaf_weight=3.8164566960185757 90.14851857337635
leaf_count=791 11212
internal_value=-0.000851852
internal_weight=93.965
internal_count=12003
is_linear=0
shrinkage=0.03


Tree=393
num_leaves=2
num_cat=0
split_feature=11
split_gain=0.00471205
threshold=6.8839839623687604
decision_type=2
left_child=-1
right_child=-2
leaf_value=-0.0018327346758953101 -0.00079107347727119879
leaf_weight=3.8120201706187791 90.150907172006555
leaf_count=791 11212
internal_value=-0.000852188
internal_weight=93.9629
internal_count=12003
is_linear=0
shrinkage=0.03


Tree=394
num_leaves=2
num_cat=0
split_feature=11
split_gain=0.00456581
threshold=6.8839839623687604
decision_type=2
left_child=-1
right_child=-2
leaf_value=-0.0018200916383477549 -0.000792112049120203
leaf_weight=3.810325290542095 90.150116703240201
leaf_count=791 11212
internal_value=-0.000852527
internal_weight=93.9604
internal_count=12003
is_linear=0
shrinkage=0.03


Tree=395
num_leaves=4
num_cat=0
split_feature=1 2 4
split_gain=0.0078628 0.000594864 0.00273823
threshold=99.320497429741138 2.0563183320620397 5.3085199824330269
decision_type=2 2 2
left_child=1 -1 -3
right_child=-2 2 -4
leaf_value=-0.00070120270035745936 0.0013654592139755266 -0.00070120270035745936 -8.5015668759383739e-05
leaf_weight=0.65773166925646265 2.2754904672037801 2.2024097108514971 90.092836645198986
leaf_count=192 92 537 11271
internal_value=-8.0909e-05 -0.000130473 -0.000118933
internal_weight=95.2285 92.953 92.2952
internal_count=12092 12000 11808
is_linear=0
shrinkage=0.03


Tree=396
num_leaves=4
num_cat=0
split_feature=1 2 4
split_gain=0.00725019 0.000595508 0.0024972
threshold=99.320497429741138 2.0563183320620397 5.3085199824330269
decision_type=2 2 2
left_child=1 -1 -3
right_child=-2 2 -4
leaf_value=-0.00069960582155734554 0.0013082531579017482 -0.00069960582155734554 -8.5238723212990213e-05
leaf_weight=0.65725239901803334 2.2734796600416294 2.1995511589338994 90.095878691296093
leaf_count=192 92 537 11271
internal_value=-8.11616e-05 -0.000128707 -0.000117187
internal_weight=95.2262 92.9527 92.2954
internal_count=12092 12000 11808
is_linear=0
shrinkage=0.03


Tree=397
num_leaves=4
num_cat=0
split_feature=1 2 4
split_gain=0.0065473 0.000602494 0.00250178
threshold=99.320497429741138 2.0563183320620397 5.3085199824330269
decision_type=2 2 2
left_child=1 -1 -3
right_child=-2 2 -4
leaf_value=-0.00070061683512010072 0.0012393656143209581 -0.00070061683512010072 -8.3174327195274035e-05
leaf_weight=0.65673486876767029 2.2715787570923558 2.1985885305330148 90.096945421188138
leaf_count=192 92 537 11271
internal_value=-8.15008e-05 -0.000126628 -0.000115078
internal_weight=95.2238 92.9523 92.2955
internal_count=12092 12000 11808
is_linear=0
shrinkage=0.03


Tree=398
num_leaves=4
num_cat=0
split_feature=1 2 4
split_gain=0.00612716 0.000601117 0.0024703
threshold=99.320497429741138 2.0563183320620397 5.3085199824330269
decision_type=2 2 2
left_child=1 -1 -3
right_child=-2 2 -4
leaf_value=-0.0006988501410233024 0.0011965474405276437 -0.0006988501410233024 -8.237777002650873e-05
leaf_weight=0.6562758075306182 2.2685201005078843 2.1975255629513404 90.099095995305106
leaf_count=192 92 537 11271
internal_value=-8.19421e-05 -0.000125547 -0.000114024
internal_weight=95.2214 92.9529 92.2966
internal_count=12092 12000 11808
is_linear=0
shrinkage=0.03


end of trees

feature_importances:
Column_1=534
Column_11=517
Column_2=487
Column_9=358
Column_8=284
Column_7=208
Column_10=190
Column_3=161
Column_4=126
Column_5=97
Column_0=82

parameters:
[boosting: gbdt]
[objective: lambdarank]
[metric: ndcg]
[tree_learner: serial]
[device_type: cpu]
[data_sample_strategy: bagging]
[data: ]
[valid: ]
[num_iterations: 400]
[learning_rate: 0.03]
[num_leaves: 15]
[num_threads: 8]
[seed: 0]
[deterministic: 0]
[force_col_wise: 0]
[force_row_wise: 0]
[histogram_pool_size: -1]
[max_depth: -1]
[min_data_in_leaf: 50]
[min_sum_hessian_in_leaf: 0.001]
[bagging_fraction: 0.8]
[pos_bagging_fraction: 1]
[neg_bagging_fraction: 1]
[bagging_freq: 5]
[bagging_seed: 3]
[bagging_by_query: 0]
[feature_fraction: 0.9]
[feature_fraction_bynode: 1]
[feature_fraction_seed: 2]
[extra_trees: 0]
[extra_seed: 6]
[early_stopping_round: 0]
[early_stopping_min_delta: 0]
[first_metric_only: 0]
[max_delta_step: 0]
[lambda_l1: 0]
[lambda_l2: 1]
[linear_lambda: 0]
[min_gain_to_split: 0]
[drop_rate: 0.1]
[max_drop: 50]
[skip_drop: 0.5]
[xgboost_dart_mode: 0]
[uniform_drop: 0]
[drop_seed: 4]
[top_rate: 0.2]
[other_rate: 0.1]
[min_data_per_group: 100]
[max_cat_threshold: 32]
[cat_l2: 10]
[cat_smooth: 10]
[max_cat_to_onehot: 4]
[top_k: 20]
[monotone_constraints: 1,1,1,1,1,1,1,1,1,1,1,1]
[monotone_constraints_method: advanced]
[monotone_penalty: 0]
[feature_contri: ]
[forcedsplits_filename: ]
[refit_decay_rate: 0.9]
[cegb_tradeoff: 1]
[cegb_penalty_split: 0]
[cegb_penalty_feature_lazy: ]
[cegb_penalty_feature_coupled: ]
[path_smooth: 0]
[interaction_constraints: ]
[verbosity: -1]
[saved_feature_importance_type: 0]
[use_quantized_grad: 0]
[num_grad_quant_bins: 4]
[quant_train_renew_leaf: 0]
[stochastic_rounding: 1]
[linear_tree: 0]
[max_bin: 255]
[max_bin_by_feature: ]
[min_data_in_bin: 3]
[bin_construct_sample_cnt: 200000]
[data_random_seed: 1]
[is_enable_sparse: 1]
[enable_bundle: 1]
[use_missing: 1]
[zero_as_missing: 0]
[feature_pre_filter: 1]
[pre_partition: 0]
[two_round: 0]
[header: 0]
[label_column: ]
[weight_column: ]
[group_column: ]
[ignore_column: ]
[categorical_feature: ]
[forcedbins_filename: ]
[precise_float_parser: 0]
[parser_config_file: ]
[objective_seed: 5]
[num_class: 1]
[is_unbalance: 0]
[scale_pos_weight: 1]
[sigmoid: 1]
[boost_from_average: 1]
[reg_sqrt: 0]
[alpha: 0.9]
[fair_c: 1]
[poisson_max_delta_step: 0.7]
[tweedie_variance_power: 1.5]
[lambdarank_truncation_level: 30]
[lambdarank_norm: 1]
[label_gain: 0,1,3,7,15]
[lambdarank_position_bias_regularization: 0]
[eval_at: 10,25,50]
[multi_error_top_k: 1]
[auc_mu_weights: ]
[num_machines: 1]
[local_listen_port: 12400]
[time_out: 120]
[machine_list_filename: ]
[machines: ]
[gpu_platform_id: -1]
[gpu_device_id: -1]
[gpu_use_dp: 0]
[num_gpu: 1]

end of parameters

pandas_categorical:null
