tree
version=v4
num_class=1
num_tree_per_iteration=1
label_index=0
max_feature_idx=11
objective=lambdarank
feature_names=Column_0 Column_1 Column_2 Column_3 Column_4 Column_5 Column_6 Column_7 Column_8 Column_9 Column_10 Column_11
monotone_constraints=1 1 1 1 1 1 1 1 1 1 1 1
feature_infos=[0.23696682464454977:100] [0.23696682464454977:100] none [0.23696682464454977:100] [0.23696682464454977:100] [0.23696682464454977:100] none none none [1.2195121951219512:100] [1.3333333333333335:100] [0.24154589371980675:100]
tree_sizes=1767 1634 1734 1735 1732 1642 1212 1739 1750 1540 1437 1110 1537 1221 1435 1537 1537 1539 1540 1317 1211 998 999 1007 1426 1641 1441 1220 1759 1107 1312 1657 1446 1433 1652 1113 1433 1225 1014 1328 1018 910 1428 911 1020 794 688 1336 906 909 1336 1774 1340 1553 1559 581 799 1214 692 687 1662 1023 1021 1232 800 1788 1787 1567 1350 1793 1448 1239 913 810 1455 1451 916 1674 1110 1454 1358 1237 1247 1352 1550 812 1244 1354 1354 1235 1563 1455 691 1343 1130 1674 1349 1677 1457 1785 1009 1008 799 1010 1009 797 802 1129 1233 691 1119 1231 1125 1124 1678 1237 1116 1347 1779 1343 711 375 374 373 373 923 1021 1134 1136 909 1373 1124 909 1125 1463 1116 1339 909 907 906 800 1019 1027 806 806 585 704 909 801 689 1127 1462 1133 1027 810 817 814 822 707 487 913 1028 811 813 810 1032 812 811 914 810 809 489 488 486 594 1133 809 924 1031 1146 913 806 916 914 703 1129 1340 1448 1445 1454 918 696 692 691 691 1018 1134 805 1023 905 374 373 374 372 375 1032 820 815 588 590 706 593 821 821 484 589 589 372 590 590 815 1141 1353 1355 1130 809 1244 1030 1124 711 819 596 487 818 598 371 372 372 373 375 699 1026 1342 481 594 696 695 1016 588 690 373 372 372 372 373 1128 909 798 808 806 485 485 485 485 486 478 371 372 372 372 804 809 924 928 926 481 691 583 583 699 377 376 377 377 376 1462 808 1233 1127 1133 486 485 484 486 487 373 373 373 371 373 373 372 373 373 373 479 480 376 373 479 489 490 491 491 490 1017 588 1022 923 591 376 376 377 376 376 485 485 375 370 484 927 481 482 482 483 374 374 375 375 373 372 373 373 374 374 370 369 371 370 370 480 485 372 371 371 599 597 485 599 598 376 377 376 376 377 592 480 481 482 370 367 705 370 369 591 484 483 482 483 483 598 707 707 600 707 371

Tree=0
num_leaves=15
num_cat=0
split_feature=5 10 10 0 1 1 11 1 1 0 9 9 10 10
split_gain=2.47785 1.30708 1.26835 0.731045 0.814718 0.717444 0.455025 0.367811 0.233371 0.157578 0.147799 0.102732 0.0644866 0.0625859
threshold=55.568751649511746 49.300665101721449 85.814889336016108 97.146250424160186 85.301521044809178 82.613871635610778 74.14441083724823 86.043552036199102 43.64357864357865 30.123532103095933 81.762749445676292 79.610733182161766 49.666666666666679 78.619047619047635
decision_type=2 2 2 2 2 2 2 2 2 2 2 2 2 2
left_child=2 7 5 4 10 6 8 11 13 -8 -3 -2 -7 -1
right_child=1 3 -4 -5 -6 12 9 -9 -10 -11 -12 -13 -14 -15
leaf_value=-0.015543019619093766 -0.0019483475094039173 0.0053484885857713301 0.0053484885857713301 0.019974413548481163 0.018387232754319197 -0.0019483475094039173 -0.0073771483343263453 0.0089019488542652399 -0.0073771483343263453 -0.0019483475094039173 0.012227420879475067 0.0041034130767525967 0.0043242331707293528 -0.0073771483343263453
leaf_weight=9.4785725447582045 9.8726990615250383 19.863000605255397 8.6618378183338773 3.6998954613227388 3.6977438302710643 2.9164996849140143 2.2491378928534678 1.8440386191941804 13.096586924511938 4.1812921492382884 3.449764529359526 3.2447422231780374 4.2309898778330535 0.79495134670287448
leaf_count=1378 1445 2065 861 201 322 539 377 238 2018 506 370 483 578 100
internal_value=0.000360528 0.00524301 -0.00453618 0.00869745 0.00649478 -0.00693336 -0.00913891 -0.00194835 -0.0110207 -0.00194835 0.00534849 -0.00194835 -0.00194835 -0.014599
internal_weight=91.2818 45.6719 45.6099 30.7104 27.0105 36.948 29.8005 14.9615 23.3701 6.43043 23.3128 13.1174 7.14749 10.2735
internal_count=11481 5124 6357 2958 2757 5496 4379 2166 3496 883 2435 1928 1117 1478
is_linear=0
shrinkage=0.03


Tree=1
num_leaves=14
num_cat=0
split_feature=3 10 5 4 1 10 5 5 11 11 11 3 1
split_gain=14.8435 4.33089 3.51997 3.15321 1.5416 0.853464 0.712931 0.591645 1.29228 0.515033 0.449168 0.417831 0.0857722
threshold=85.731252120800818 56.7874692874693 55.963359492035572 72.945578492804898 11.786228973728976 57.238095238095248 91.095053290083413 95.657412257726577 79.349160996027436 87.044098458264202 81.997831357594535 80.686213632423915 88.79024390243903
decision_type=2 2 2 2 2 2 2 2 2 2 2 2 2
left_child=2 6 12 10 9 -6 -2 -5 -9 11 -3 -4 -1
right_child=1 3 4 7 5 -7 -8 8 -10 -11 -12 -13 -14
leaf_value=-0.012215608146293277 -0.0031252216865705843 0.0030487144051850991 -0.011517750682594542 0.011917263405883298 -0.0031252216865705843 0.0030487144051850991 0.0030487144051850991 0.016747841907956525 0.032152342548611275 -0.0031252216865705843 0.011917263405883298 -0.0031252216865705843 -0.0065540825595712055
leaf_weight=37.644808088662103 6.1077517780941006 8.6075799767859156 9.0552041018381697 7.5782982194796196 19.54471078235656 26.137029143050313 10.426333213225005 15.824420953635128 11.878105606883762 6.4122947799041858 1.9534995770081867 1.7252303175628192 6.7536042875144622
leaf_count=5568 460 271 507 233 1603 1116 458 97 73 158 66 59 812
internal_value=0.0016078 0.0131305 -0.00515172 0.0177898 -0.000546454 -6.55273e-05 -6.55273e-05 0.0219968 0.024243 -0.00884481 0.00304871 -0.0115178 -0.0115178
internal_weight=169.649 62.376 107.273 45.8419 62.8745 45.6817 16.5341 35.2808 27.7025 17.1927 10.5611 10.7804 44.3984
internal_count=11481 1658 9823 740 3443 2719 918 403 170 724 337 566 6380
is_linear=0
shrinkage=0.03


Tree=2
num_leaves=15
num_cat=0
split_feature=3 10 4 1 10 0 3 1 1 11 3 4 4 11
split_gain=19.7147 2.55524 2.50073 2.04761 1.9372 1.52885 1.2773 0.751043 0.728714 0.675277 0.543175 0.508588 0.451106 0.333369
threshold=87.641432329578848 56.7874692874693 74.878637916813958 85.301521044809178 85.450268817204304 96.802948402948417 61.125662527512468 86.043552036199102 81.852088661551591 91.457095918109459 97.880790984239283 97.880790984239283 70.222674562052802 87.044098458264202
decision_type=2 2 2 2 2 2 2 2 2 2 2 2 2 2
left_child=4 9 7 5 8 -4 12 -3 11 10 -2 -1 -6 -7
right_child=1 2 3 -5 6 13 -8 -9 -10 -11 -12 -13 -14 -15
leaf_value=-0.013369252387190105 -0.0079027728815438958 0.0042034785707913387 0.0083580829203567172 0.034208042094250317 -0.0079027728815438958 0.014538451643053004 0.0042034785707913387 0.013789096768541675 -0.0079027728815438958 0.0042034785707913387 0.0042034785707913387 -0.0079027728815438958 0.0037292438865849141 0.025774859902926481
leaf_weight=50.966557196341455 6.3162270183674938 7.0621525794267637 17.104750513564795 6.755524367094039 5.9262388460338133 10.419794209301473 9.8396640894934517 6.5487270429730415 17.413609425770119 2.2624489660374829 2.6555313710123301 2.6354235033504656 2.4622021708637476 10.603333737701176
leaf_count=7033 557 233 199 34 770 65 450 81 1515 119 108 93 184 40
internal_value=0.00152433 0.0133747 0.0158526 0.0192166 -0.00778032 0.015754 0.000908629 0.00420348 -0.00999222 0.000231737 -0.00485593 -0.0122517 -0.00790277 0.0211187
internal_weight=158.972 69.7285 58.4943 44.8834 89.2437 38.1279 18.2281 13.6109 71.0156 11.2342 8.97176 53.602 8.38844 21.0231
internal_count=11481 1436 652 338 10045 304 1404 314 8641 784 665 7126 954 105
is_linear=0
shrinkage=0.03


Tree=3
num_leaves=15
num_cat=0
split_feature=3 5 5 10 1 4 5 10 11 11 1 11 4 9
split_gain=21.0876 3.34425 2.90591 2.07144 1.39802 2.70618 1.54893 0.999429 0.415271 0.303298 0.246383 0.167899 0.140249 0.127832
threshold=86.043552036199102 55.963359492035572 79.898070339246829 49.666666666666679 85.301521044809178 73.703378087264369 96.020560328331825 57.762128325508613 44.282160625444213 76.91391941391943 94.479671411265912 92.07802198543753 96.389886468952753 84.561213434452881
decision_type=2 2 2 2 2 2 2 2 2 2 2 2 2 2
left_child=1 -1 -2 10 5 11 8 12 -7 -6 -4 -5 13 -3
right_child=2 7 3 4 9 6 -8 -9 -10 -11 -12 -13 -14 -15
leaf_value=-0.015015778169309602 -0.0025593195053763358 -0.012249269083054503 -0.0025593195053763358 -0.0025593195053763358 0.02074668887690511 0.00087786439987177145 0.02074668887690511 -0.0025593195053763358 0.01129934372235562 0.031256191965981908 0.0084045687923421306 0.0059009604525007897 -0.0025593195053763358 -0.0031530730019768628
leaf_weight=40.07874307828024 5.8469233249779782 11.345339776482421 4.4928449799772343 5.3700455292128018 9.1329775475896913 5.4554002154618475 24.701806221622974 22.846581540303305 9.2356732250191254 7.2480617468245319 0.89942692779004563 1.3881411603651939 0.9724955365527429 2.5222642009612182
leaf_count=6381 219 1589 543 229 83 94 187 1428 153 45 41 21 119 349
internal_value=0.00175656 -0.00908826 0.0131572 0.0149336 0.0164518 0.0132457 0.0162046 -0.00255932 0.007732 0.0242027 -0.00249137 -0.00249137 -0.0101223 -0.0109182
internal_weight=151.537 77.7654 73.7713 67.9244 62.5321 46.1511 39.3929 37.6867 14.6911 16.381 5.39227 6.75819 14.8401 13.8676
internal_count=11481 9866 1615 1396 812 684 434 3485 247 128 584 250 2057 1938
is_linear=0
shrinkage=0.03


Tree=4
num_leaves=15
num_cat=0
split_feature=3 5 5 1 0 3 11 4 11 0 1 9 11 4
split_gain=20.2199 2.8112 2.32929 1.46002 2.36573 1.16327 1.00897 0.583333 0.511934 0.444127 0.316761 0.436359 0.123669 0.0763411
threshold=86.043552036199102 55.963359492035572 79.898070339246829 86.043552036199102 96.802948402948417 89.936689936689945 76.91391941391943 84.557892777364131 87.044098458264202 65.936700767263446 27.030573880967584 81.881313131313149 15.313005362158483 90.715233042819264
decision_type=2 2 2 2 2 2 2 2 2 2 2 2 2 2
left_child=1 -1 -2 4 5 -4 -5 9 -6 -7 11 13 -11 -3
right_child=2 10 3 6 8 7 -8 -9 -10 12 -12 -13 -14 -15
leaf_value=-0.01503099844055855 -0.0031367111210311182 -0.013501158045289573 -0.0031367111210311182 0.018514827673226299 0.012735428275957254 -0.0031367111210311182 0.030434751269775726 0.012735428275957254 0.023640993206998667 -0.0014903229412280691 -0.0031367111210311182 -0.0031367111210311182 0.0071484749890489306 -0.0047725526539465109
leaf_weight=38.252108561107889 4.6209634493570766 6.1292657903395575 6.7785943541675833 10.060478808358313 10.45339525351301 1.3068191381171352 8.815524142701177 12.16502813156694 10.365509415976701 1.4137000339105679 21.832064099144191 3.2908370851073405 8.1774843775201571 2.8094214394222945
leaf_count=6381 219 860 260 138 157 77 74 241 77 78 2034 284 294 307
internal_value=0.00167386 -0.00954769 0.0125978 0.0139997 0.0109568 0.00525455 0.0212042 0.00844631 0.0185148 0.00299054 -0.00313671 -0.00785824 0.00585466 -0.011514
internal_weight=146.471 72.3137 74.1575 69.5365 50.6605 29.8416 18.876 23.063 20.8189 10.898 34.0616 12.2295 9.59118 8.93869
internal_count=11481 9866 1615 1396 1184 950 212 690 234 449 3485 1451 372 1167
is_linear=0
shrinkage=0.03


Tree=5
num_leaves=14
num_cat=0
split_feature=5 10 3 10 11 3 5 11 9 9 4 10 10
split_gain=12.9341 1.70225 1.80906 0.791035 0.9674 0.538876 0.530779 0.428393 0.327293 0.184794 0.0933468 0.0321939 0.0282887
threshold=79.898070339246829 97.202660406885769 88.79024390243903 56.079083518107915 92.992293535771807 96.020560328331825 61.529325781107268 98.48675673612702 74.374609130706702 65.358974358974379 99.018403430168163 97.498436522826779 81.364341085271334
decision_type=2 2 2 2 2 2 2 2 2 2 2 2 2
left_child=6 2 7 4 5 -4 11 10 -5 -7 -2 -1 -8
right_child=1 -3 3 8 -6 9 12 -9 -10 -11 -12 -13 -14
leaf_value=-0.01291005740075476 -0.0059151035302776774 0.01920321002860188 -0.0043197289548189324 0.010264737583599508 0.010264737583599508 0.00088319245397827867 -0.0080526435889980014 0.010264737583599508 0.017259135277589283 0.010264737583599508 -0.0043197289548189324 -0.0059151035302776774 -0.0059151035302776774
leaf_weight=39.960883782245219 10.698711428558441 9.0585054135881347 6.4410326655488479 33.646736199501902 4.6765435719862571 5.7627120590768754 12.229857661528515 0.61597568448633033 7.1748941112309685 1.8507233685813842 1.1588249206542975 1.6949870551470656 5.4982786767650387
leaf_count=6802 1010 128 354 386 92 154 1696 40 71 51 42 257 398
internal_value=-0.00023996 0.00751456 0.00580168 0.00795797 0.00266526 -0.00158959 -0.0107773 -0.00431973 0.0102647 0.00413603 -0.00589318 -0.0126594 -0.0059151
internal_weight=140.469 81.0847 72.0262 59.5526 18.731 14.0545 59.384 12.4735 40.8216 7.61344 11.8575 41.6559 17.7281
internal_count=11481 2328 2200 1108 651 559 9153 1092 457 205 1052 7059 2094
is_linear=0
shrinkage=0.03


Tree=6
num_leaves=10
num_cat=0
split_feature=3 0 1 10 10 11 0 10 1
split_gain=15.2117 1.49331 0.775423 0.632667 0.523714 0.439037 0.426632 0.414105 0.179618
threshold=88.79024390243903 95.243750706933611 99.018403430168163 72.029411764705898 54.110360360360367 72.229047229047239 99.463086280953632 97.202660406885769 88.398149210355271
decision_type=2 2 2 2 2 2 2 2 2
left_child=1 5 4 -3 -2 8 -6 -7 -1
right_child=2 3 -4 -5 6 7 -8 -9 -10
leaf_value=-0.014074985006287564 0.0032374161074909579 -0.0079232755408932508 0.023064736339373351 0.0083942486939040523 0.0084124993694884593 -0.0081360763007872119 0.016835064335261482 0.0060622520225061156 -0.0081360763007872119
leaf_weight=40.186801641015336 15.330482450081034 1.462762447074055 2.8420050959102801 2.2633236353285611 45.572357196826488 15.869038230972366 6.8872815743088713 1.3505256469361473 5.8554674440529189
leaf_count=6592 655 149 29 65 580 2431 35 106 839
internal_value=-0.0003514 -0.0105132 0.00929829 0.00656145 0.00839425 -0.0116053 0.0098125 -0.00792328 -0.0132387
internal_weight=137.62 66.9879 70.6321 3.72609 67.7901 63.2618 52.4596 17.2196 46.0423
internal_count=11481 10182 1299 214 1270 9968 615 2537 7431
is_linear=0
shrinkage=0.03


Tree=7
num_leaves=15
num_cat=0
split_feature=5 10 1 4 3 5 3 1 1 0 0 1 3 4
split_gain=14.4678 1.42048 1.41361 1.03863 0.793757 0.22353 0.211589 0.172501 0.168192 0.153272 0.12468 0.0757493 0.0856728 0.017134
threshold=79.898070339246829 54.110360360360367 86.828612640965133 77.976979077851396 89.936689936689945 91.095053290083413 87.641432329578848 26.240242696935614 89.550466196334256 77.176841621587769 71.010931880497111 88.398149210355271 96.802948402948417 85.731252120800818
decision_type=2 2 2 2 2 2 2 2 2 2 2 2 2 2
left_child=8 4 6 -4 -2 10 -3 12 9 -1 -6 -12 -7 -8
right_child=1 2 3 -5 5 7 13 -9 -10 -11 11 -13 -14 -15
leaf_value=-0.013567135771047779 -0.0084372646766826976 0.0010405976286694586 0.0076325858215842528 0.02615115841907012 -0.0076313465896267587 -0.0023153420986906812 0.0076325858215842528 0.0076325858215842528 -0.0084372646766826976 -0.0084372646766826976 -0.0023153420986906812 0.0061845538115710324 0.00412276639770515 0.0093526802764244445
leaf_weight=42.930513115599751 5.0463019809685674 4.768468605587258 5.9285070011392218 6.8498787293210626 1.1765270568430417 1.9001426373142725 15.691345731262116 8.2580404779873771 6.9620613846927872 4.4092966767493627 1.0691077909432354 0.94996641296893347 1.8911281051114199 27.166802846360952
leaf_count=7466 675 450 68 43 67 96 284 225 1010 677 91 20 53 256
internal_value=-0.00020855 0.00781408 0.0100888 0.018737 0.000886614 0.00430235 0.00743087 0.00607175 -0.0120564 -0.0128632 -0.00222634 0.000477389 0.000477389 0.00763259
internal_weight=134.998 80.6962 60.405 12.7784 20.2912 15.2449 47.6266 12.0493 54.3019 47.3398 3.1956 2.01907 3.79127 42.8581
internal_count=11481 2328 1101 111 1227 552 990 374 9153 8143 178 111 149 540
is_linear=0
shrinkage=0.03


Tree=8
num_leaves=15
num_cat=0
split_feature=3 4 10 11 11 0 10 3 9 3 10 3 11 11
split_gain=13.4206 0.84719 0.797565 0.752839 0.380874 0.227621 0.178581 0.152725 0.131411 0.0988369 0.278644 0.0317328 0.0252738 0.0129294
threshold=86.828612640965133 91.845220068645276 56.079083518107915 91.457095918109459 10.656428879177696 99.463086280953632 72.029411764705898 94.110420581008825 74.374609130706702 62.703125589111345 92.990501146413365 83.042328865113689 83.502375102375126 63.572802215833768
decision_type=2 2 2 2 2 2 2 2 2 2 2 2 2 2
left_child=1 9 3 -2 -4 8 11 -5 -6 13 -11 12 -3 -1
right_child=2 6 4 7 5 -7 -8 -9 -10 10 -12 -13 -14 -15
leaf_value=-0.013904691651050568 0.0010789552441640099 -0.0068747637468853347 0.0028293557953922763 0.0011948109120017935 0.010157087980144124 0.017263590422226669 0.0028293557953922763 0.010157087980144124 0.0155114448248509 -0.0097195548791091987 0.0023599150188508456 0.0010789552441640099 -0.00031410390940751396 -0.0097195548791091987
leaf_weight=26.951661772327498 12.797953756526114 1.4692189602646992 6.5411281345877788 2.1898389523848882 35.785728166811168 5.9116087034344664 2.1839859215542674 3.4811930230353028 6.8842898104339829 14.008014991646631 1.5501239891163994 0.43201860552653659 0.79923800099641074 11.662397482199593
leaf_count=4905 704 234 94 80 463 27 150 56 91 2280 185 50 123 2039
internal_value=-0.000132009 -0.0106864 0.00836747 0.00277881 0.0101571 0.0110667 0.00107896 0.0101571 0.0101571 -0.0117475 -0.00844619 -0.00427476 -0.00536658 -0.0128309
internal_weight=132.648 59.0567 73.5917 18.469 55.1228 48.5816 4.88446 5.67103 42.67 54.1722 15.5581 2.70048 2.26846 38.6141
internal_count=11481 9966 1515 840 675 581 557 136 554 9409 2465 407 357 6944
is_linear=0
shrinkage=0.03


Tree=9
num_leaves=13
num_cat=0
split_feature=3 0 1 0 1 10 1 10 10 9 5 5
split_gain=12.1697 1.34757 1.13514 0.59346 0.327506 0.283981 0.148008 0.124048 0.0964842 0.041712 0.0174554 0.0139724
threshold=88.79024390243903 95.243750706933611 99.018403430168163 99.754600857542044 90.330372448184519 72.029411764705898 85.301521044809178 96.850198412698418 95.803990610328654 43.534002229654412 46.027921208644109 82.227802431267051
decision_type=2 2 2 2 2 2 2 2 2 2 2 2
left_child=1 4 3 6 8 -3 -2 11 10 -10 -1 -6
right_child=2 5 -4 -5 7 -7 -8 -9 9 -11 -12 -13
leaf_value=-0.013683616274497622 0.0069466913613252315 -0.0036679393237943163 0.023931838128336734 0.017560517881338739 -0.0051249191931147589 0.0069466913613252315 0.010460886781800419 0.0046541955928978097 -0.010399724850114046 -0.0051249191931147589 -0.010399724850114046 -0.0036679393237943163
leaf_weight=23.46610775240697 46.292730488581583 1.1703200137708329 3.1847152367699882 4.2402814188972107 5.2015443840064099 2.2328128102235496 15.692470078123732 0.60280477418564249 1.3803611285984509 1.6740959875751285 24.975239252205938 0.43603411363437761
leaf_count=4449 1016 149 29 31 844 65 223 66 217 178 4189 25
internal_value=-0.000157347 -0.00983243 0.00838346 0.00729089 -0.0109229 0.00694669 0.00694669 -0.00366794 -0.0117154 -0.00512492 -0.0120823 -0.00512492
internal_weight=130.55 61.1393 69.4102 66.2255 57.7362 3.40313 61.9852 6.24038 51.4958 3.05446 48.4413 5.63758
internal_count=11481 10182 1299 1270 9968 214 1239 935 9033 395 8638 869
is_linear=0
shrinkage=0.03


Tree=10
num_leaves=12
num_cat=0
split_feature=5 3 5 11 3 1 0 4 5 0 11
split_gain=11.9545 1.3541 1.0567 0.381107 0.150385 0.0647344 0.0782764 0.0308309 0.0306032 0.0361189 0.0310803
threshold=80.30889309992979 89.550466196334256 93.365511138022995 87.044098458264202 92.206046641530534 89.550466196334256 77.96838442618035 78.759958772076445 92.615592411106931 95.243750706933611 97.595180722891584
decision_type=2 2 2 2 2 2 2 2 2 2 2
left_child=4 2 8 -3 5 6 -1 -5 9 10 -2
right_child=1 3 -4 7 -6 -7 -8 -9 -10 -11 -12
leaf_value=-0.011893510818673375 -0.0067886430477131429 0.0092969141156345886 0.0092969141156345886 0.0092969141156345886 0.00052253198621365882 -0.0067886430477131429 -0.0067886430477131429 0.014664020377134476 -0.00012437419281090533 -0.00012437419281090533 -0.00012437419281090533
leaf_weight=40.35094611113891 6.929263294441613 45.645386281656101 2.9390430655330411 5.2465766614768787 0.97393237799405952 6.2857429482974103 3.9312451875302932 17.871488238219172 0.65783419692888934 0.7982412502169608 0.46606381982564915
leaf_count=7526 866 861 127 83 41 996 663 180 41 75 34
internal_value=0.000520076 0.00770598 -0.00157402 0.00929691 -0.0106436 -0.0108646 -0.0113956 0.0135165 -0.00678864 -0.00678864 -0.00678864
internal_weight=132.096 80.5539 11.7904 68.7635 51.5419 50.5679 44.2822 23.1181 8.8514 8.19357 7.39533
internal_count=11493 2267 1143 1124 9226 9185 8189 263 1016 975 900
is_linear=0
shrinkage=0.03


Tree=11
num_leaves=9
num_cat=0
split_feature=3 10 11 4 4 11 11 5
split_gain=11.4239 1.71802 1.60947 1.47081 0.506661 0.393724 0.223605 0.0754015
threshold=89.550466196334256 97.315315315315345 15.679096776557225 94.479671411265912 99.754600857542044 87.044098458264202 99.055636243184026 38.501720049430553
decision_type=2 2 2 2 2 2 2 2
left_child=4 2 3 -2 6 -4 7 -1
right_child=1 -3 5 -5 -6 -7 -8 -9
leaf_value=-0.011705534079200667 -0.0090378964091983854 0.020210155187840244 0.0086510439187001999 0.0086510439187001999 0.0086510439187001999 0.012967534931987001 0.0027886317067022676 -0.0090378964091983854
leaf_weight=22.534766111290082 6.3929922021925432 9.2213277793489379 30.794666367117316 2.954442844260484 0.42808334622532029 22.03507970739156 0.93610701151192088 35.308000219520181
leaf_count=4369 170 83 670 36 13 260 98 5794
internal_value=0.000622803 0.00864809 0.00664059 -0.00446001 -0.0090379 0.00865104 -0.00934949 -0.00958998
internal_weight=130.605 71.3985 62.1772 9.34744 59.207 52.8297 58.7789 57.8428
internal_count=11493 1219 1136 206 10274 930 10261 10163
is_linear=0
shrinkage=0.03


Tree=12
num_leaves=13
num_cat=0
split_feature=3 10 11 1 11 4 10 1 1 9 11 9
split_gain=9.47667 1.61562 1.99235 0.678436 0.41075 0.29846 0.516408 0.168817 0.125951 0.123495 0.0481953 0.0107011
threshold=89.550466196334256 56.079083518107915 91.180174840717157 89.550466196334256 87.044098458264202 76.818895338225104 86.715686274509821 33.37282780410743 89.550466196334256 60.128205128205131 98.48675673612702 82.167318982387485
decision_type=2 2 2 2 2 2 2 2 2 2 2 2
left_child=5 2 7 4 -3 8 10 -2 -1 -9 -7 -11
right_child=1 3 -4 -5 -6 6 -8 9 -10 11 -12 -13
leaf_value=-0.010525961652694083 -0.0065435819107231884 0.0054067856680211565 0.010722098874123677 0.017989561091394976 0.01202882175816977 -0.0065435819107231884 0.0054067856680211565 -0.0047236085203589432 -0.0065435819107231884 6.0394559095147774e-05 0.0012900262110317029 0.0030180511739408013
leaf_weight=37.829491607611999 3.4072459142189482 25.670566556975245 6.4873099308460942 12.737413738854228 14.674388063605873 10.360880004009223 3.1693469122983506 5.2849748991429788 5.4766578020062289 1.8915217069443317 0.48927847808227021 1.7808935786597428
leaf_count=7280 180 362 114 93 110 1714 282 206 945 82 53 72
internal_value=0.000883552 0.00808568 0.000496027 0.0107221 0.0107221 -0.00813762 -0.00654358 -0.00654358 -0.00976447 -0.00212106 -0.00654358 0.00183364
internal_weight=129.26 71.9343 18.8519 53.0824 40.345 57.3257 14.0195 12.3646 43.3061 8.95739 10.8502 3.67242
internal_count=11493 1219 654 565 472 10274 2049 540 8225 360 1767 154
is_linear=0
shrinkage=0.03


Tree=13
num_leaves=10
num_cat=0
split_feature=3 10 11 4 4 4 10 10 4
split_gain=9.49369 1.52646 0.991591 0.914257 0.502494 0.466947 0.0660635 0.0382277 0.00127675
threshold=89.550466196334256 91.751700680272123 15.313005362158483 94.479671411265912 85.731252120800818 94.88869180210655 97.162977867203224 51.492869875222823 76.818895338225104
decision_type=2 2 2 2 2 2 2 2 2
left_child=5 2 3 -2 -3 6 8 -4 -1
right_child=1 4 7 -5 -6 -7 -8 -9 -10
leaf_value=-0.0099408324997555149 -0.0082687003983340987 0.0077133777708045161 0.0070666844739907184 0.0070666844739907184 0.020616495598941666 0.0015755195310845609 -0.0026904402252202943 0.0077133777708045161 -0.0082687003983340987
leaf_weight=40.958233991172165 4.6677974034100762 6.174548189621416 14.828585965326054 2.3693954981863499 9.1487019471824151 3.7574224520940325 2.4585949289612463 34.363592709414661 9.4905050881206972
leaf_count=7885 161 78 498 33 61 363 411 388 1615
internal_value=0.000824047 0.0080396 0.00556922 -0.00447533 0.0162082 -0.0082687 -0.00898408 0.00706668 -0.00923255
internal_weight=128.217 71.5526 56.2294 7.03719 15.3233 56.6648 52.9073 49.1922 50.4487
internal_count=11493 1219 1080 194 139 10274 9911 886 9500
is_linear=0
shrinkage=0.03


Tree=14
num_leaves=12
num_cat=0
split_feature=3 10 11 11 1 11 1 3 5 10 11
split_gain=8.85104 1.2539 1.56222 0.668487 0.784658 0.427875 0.203945 0.357428 0.0523334 0.0907671 0.0356804
threshold=87.995098039215705 51.492869875222823 93.274400330851961 15.679096776557225 86.043552036199102 87.044098458264202 43.253745973953237 96.020560328331825 38.501720049430553 87.119815668202776 78.128839066339083
decision_type=2 2 2 2 2 2 2 2 2 2 2
left_child=8 2 6 -3 5 -5 -2 10 -1 -10 -8
right_child=1 3 -4 4 -6 -7 7 -9 9 -11 -12
leaf_value=-0.010544751522689827 -0.0082988305084859201 0.0010030356383054163 0.0097835068591984459 0.0050407380733512091 0.017828423000453876 0.011947680536241964 -0.0082988305084859201 0.0010030356383054163 -0.0082988305084859201 -0.00149693015986097 -0.0020136616479284773
leaf_weight=21.991066581336781 4.2429262024816135 7.0769997751340261 5.1688727661967269 20.828731329413131 12.543660661205648 15.699378243647514 2.039898399263619 4.5771531795617193 26.520634985994551 4.6664823880419126 1.5567670180462299
leaf_count=4400 262 127 90 337 100 130 169 123 4972 720 63
internal_value=0.000941469 0.00762756 0.000587866 0.00978351 0.0110045 0.00978351 -0.00535141 -0.00195686 -0.00829883 -0.00829883 -0.00829883
internal_weight=126.913 73.7344 17.5856 56.1488 49.0718 36.5281 12.4167 8.17382 53.1782 31.1871 3.59667
internal_count=11493 1401 707 694 567 467 617 355 10092 5692 232
is_linear=0
shrinkage=0.03


Tree=15
num_leaves=13
num_cat=0
split_feature=5 1 4 3 3 11 11 11 1 4 4 3
split_gain=7.45609 1.0988 1.17511 0.630419 0.573932 0.520741 0.121271 0.0850385 0.0718063 0.063854 0.0196857 0.00956939
threshold=80.30889309992979 85.301521044809178 86.828612640965133 91.845220068645276 85.731252120800818 90.585553997194964 92.07802198543753 87.943732032688402 85.301521044809178 53.210009220304222 89.155032829731638 81.070417732310332
decision_type=2 2 2 2 2 2 2 2 2 2 2 2
left_child=8 2 3 -2 11 9 -5 -6 10 -3 -1 -4
right_child=1 5 4 6 7 -7 -8 -9 -10 -11 -12 -13
leaf_value=-0.010561736509596215 -0.0096524552727434414 0.0036637060942891178 -0.0050837419665126218 -0.00015719220839399977 0.0051296953088517264 0.019774426531092158 0.0063583013145839451 0.0078420976877322766 -0.0058402654113511188 0.0092677549649407345 -0.0058402654113511188 -0.0004037759093116004
leaf_weight=37.777803824748844 5.8979720335919437 4.794251485262067 2.5293885741848516 13.598433234263206 17.761829334311198 4.7119552064687005 2.1575550511479387 13.380291999317704 8.6181780276820046 8.1501558572053892 1.7264318338129658 0.64901123312301923
leaf_count=7418 601 86 378 386 377 38 32 138 1440 133 322 102
internal_value=-0.000580434 0.0053986 0.00322813 -0.00218646 0.00660957 0.0117376 0.00106123 0.0078421 -0.00965246 0.0078421 -0.0103194 -0.00445346
internal_weight=121.753 73.6308 55.9745 21.654 34.3205 17.6564 15.756 31.1421 48.1224 12.9444 39.5042 3.1784
internal_count=11451 2271 2014 1019 995 257 418 515 9180 219 7740 480
is_linear=0
shrinkage=0.03


Tree=16
num_leaves=13
num_cat=0
split_feature=5 1 4 3 11 3 11 11 3 4 1 4
split_gain=7.03872 1.04421 0.732382 0.748042 0.516044 0.47821 0.17955 0.123478 0.0932136 0.0634932 0.0324295 0.0211271
threshold=80.30889309992979 86.043552036199102 86.828612640965133 91.845220068645276 90.585553997194964 81.070417732310332 87.943732032688402 92.07802198543753 94.88869180210655 53.210009220304222 89.550466196334256 89.155032829731638
decision_type=2 2 2 2 2 2 2 2 2 2 2 2
left_child=8 2 3 -2 9 -4 -7 -5 10 -3 11 -1
right_child=1 4 5 7 -6 6 -8 -9 -10 -11 -12 -13
leaf_value=-0.010225656129278327 -0.0094333525662671017 0.0034432884174852483 -0.0053589305379828974 0.00086979923132926671 0.019465225697817275 0.0039437977599472629 0.0073482322065931789 0.0073482322065931789 0.00086979923132926671 0.0090024968106655213 -0.0055911667100463011 -0.0055911667100463011
leaf_weight=39.20427747676149 5.4605076077859875 4.6796598278451729 2.4720949693582943 13.563314544968302 4.6978145216125986 18.548263812670484 13.808541929582132 2.2607984319329271 0.27108789375051756 7.9650229630060494 6.1535626945551476 1.7451484089251597
leaf_count=7816 606 83 378 393 36 454 166 32 15 123 1021 328
internal_value=-0.000527837 0.00526517 0.0031665 -0.00119016 0.0115128 0.00578785 0.00677459 0.00219893 -0.00943335 0.00734823 -0.00954715 -0.00999417
internal_weight=120.83 73.456 56.1135 21.2846 17.3425 34.8289 32.3568 15.8241 47.3741 12.6447 47.103 40.9494
internal_count=11451 2271 2029 1031 242 998 620 425 9180 206 9165 8144
is_linear=0
shrinkage=0.03


Tree=17
num_leaves=13
num_cat=0
split_feature=5 10 11 1 4 1 3 3 11 1 3 3
split_gain=6.31649 1.38014 1.36789 0.808867 1.75848 0.167245 0.146236 0.135658 0.125456 0.0314848 0.0187443 0.00236224
threshold=79.898070339246829 56.079083518107915 93.542003574772338 85.301521044809178 80.686213632423915 23.42016342077779 94.110420581008825 90.715233042819264 60.617786199859545 81.852088661551591 96.020560328331825 90.330372448184519
decision_type=2 2 2 2 2 2 2 2 2 2 2 2
left_child=9 2 5 8 -5 -2 7 -4 -3 -1 11 -7
right_child=1 3 6 4 -6 10 -8 -9 -10 -11 -12 -13
leaf_value=-0.0097145430255306132 -0.0090917326760965242 0.0022409896710985449 -0.0034459494147607117 0.0075097670881128916 0.026690284567014073 -0.0061190266479575709 0.0075097670881128916 0.0048757542284892505 0.0075097670881128916 -0.0061190266479575709 -0.0017041802808696407 -0.0034459494147607117
leaf_weight=36.497390588279814 4.4794426420703539 15.449676402844487 1.0907764653675251 6.4422940721269679 5.5872763469815254 1.9887697158846949 2.9443371072411537 1.078580494970083 24.599356044316664 9.9144649030640704 5.505976578919217 3.9157771221362054
leaf_count=7346 446 493 86 76 37 321 31 19 460 1786 149 201
internal_value=-0.000545427 0.00493148 -0.00151215 0.00750977 0.0152686 -0.00599086 0.00750977 -0.00167174 0.00750977 -0.00909173 -0.00344595 -0.00458809
internal_weight=119.494 73.0823 21.0037 52.0786 12.0296 15.89 5.11369 2.16936 40.049 46.4119 11.4105 5.90455
internal_count=11451 2319 1253 1066 113 1117 136 105 953 9132 671 522
is_linear=0
shrinkage=0.03


Tree=18
num_leaves=13
num_cat=0
split_feature=5 0 1 4 3 1 3 11 11 4 0 4
split_gain=5.88192 0.657955 0.53074 0.697449 0.492053 0.411288 0.343484 0.352559 0.193227 0.161361 0.0434444 0.0125157
threshold=83.374698995522678 99.754600857542044 22.235805487639229 84.927849927849948 90.715233042819264 89.550466196334256 89.936689936689945 91.789242194823004 92.385871913430989 18.999868387242341 88.79024390243903 89.155032829731638
decision_type=2 2 2 2 2 2 2 2 2 2 2 2
left_child=5 2 3 10 -5 11 -4 9 -6 -8 -2 -1
right_child=1 -3 6 4 8 -7 7 -9 -10 -11 -12 -13
leaf_value=-0.0095362872912334341 -0.0093386362927635556 0.015182466032438252 -0.0016973997249318479 -0.0047090599564886841 0.0030264895845044035 -0.0016973997249318479 -0.0016973997249318479 0.012292753477616492 0.011092141722961333 0.0056196619804175551 -0.0047090599564886841 -0.0047090599564886841
leaf_weight=40.561399078927934 2.1982463577296611 4.6115754386410108 3.8920960570685557 4.2675010722596225 8.3416805576998687 8.0069525197613967 2.2505532274954083 9.1227251216769201 3.943089710548521 27.216811825986952 2.6167908029165119 2.0643419527914366
leaf_count=8062 135 40 398 369 133 1071 54 93 28 546 127 395
internal_value=-0.000521846 0.00518309 0.0042379 0.000349431 0.00332133 -0.00818654 0.00614067 0.00698339 0.00614067 0.00614067 -0.00818654 -0.00933864
internal_weight=119.094 68.4611 63.8495 21.3673 16.5523 50.6327 42.4822 38.5901 12.2848 29.4674 4.81504 42.6257
internal_count=11451 1923 1883 792 530 9528 1091 693 161 600 262 8457
is_linear=0
shrinkage=0.03


Tree=19
num_leaves=11
num_cat=0
split_feature=5 10 4 10 4 3 4 5 5 1
split_gain=5.49147 1.20221 1.22248 0.320117 0.427774 0.322237 0.124483 0.0652316 0.0582523 0.0313853
threshold=80.30889309992979 91.366459627329206 81.852088661551591 51.492869875222823 97.880790984239283 96.020560328331825 40.869710302550921 83.042328865113689 94.479671411265912 4.5285714285714294
decision_type=2 2 2 2 2 2 2 2 2 2
left_child=-1 3 -3 5 -5 7 -7 -2 -4 -9
right_child=1 2 8 4 -6 6 -8 9 -10 -11
leaf_value=-0.0085076732045513467 -0.0085076732045513467 0.0024476520230565235 0.010457221780847412 0.0024476520230565235 0.010457221780847412 -0.0039063987224234277 0.0024476520230565235 -0.0085076732045513467 0.01856585649859735 -0.0039063987224234277
leaf_weight=45.91751897172071 0.98779361229389984 4.1959990921895978 3.7293100426904831 30.108683435013518 7.3030064501799634 1.9448337242938558 6.541681740200147 0.91969686443917176 8.4213532097637636 8.3586247963830811
leaf_count=9180 164 106 104 776 85 55 159 106 62 654
internal_value=-0.000492766 0.00462936 0.0115521 0.00244765 0.00244765 -0.00141097 0.00244765 -0.00478964 0.0163566 -0.0039064
internal_weight=118.429 72.511 16.3467 56.1643 37.4117 18.7526 8.48652 10.2661 12.1507 9.27832
internal_count=11451 2271 272 1999 861 1138 214 924 166 760
is_linear=0
shrinkage=0.03


Tree=20
num_leaves=10
num_cat=0
split_feature=5 10 1 11 11 1 11 1 1
split_gain=4.24342 0.915069 0.6441 1.58303 0.462301 0.277319 0.0682082 0.060161 0.013649
threshold=80.30889309992979 97.315315315315345 22.235805487639229 87.044098458264202 97.595180722891584 18.999868387242341 79.03827430935867 89.550466196334256 98.663092046470084
decision_type=2 2 2 2 2 2 2 2 2
left_child=7 2 3 5 8 -2 -3 -1 -4
right_child=1 6 4 -5 -6 -7 -8 -9 -10
leaf_value=-0.0080334575354650481 -0.007566502789267091 0.0075623056510579264 0.0047864681984271015 0.0047864681984271015 0.012675646450855933 0.0047864681984271015 0.016394527896095083 -0.0036899092024071365 0.0075623056510579264
leaf_weight=39.460974261164665 10.430635731201617 4.9607124137692136 37.030754989478737 8.5467725945636612 2.5736075299791983 1.0397833774331964 3.7873286074027419 5.8255663544405243 2.0015201999340198
leaf_count=8115 604 79 1186 206 43 61 42 1006 27
internal_value=-0.000495874 0.00409661 0.00269576 -0.00167076 0.00478647 -0.0075665 0.0126756 -0.0075665 0.00478647
internal_weight=115.658 70.3711 61.6231 20.0172 41.6059 11.4704 8.74804 45.2865 39.0323
internal_count=11369 2248 2127 871 1256 665 121 9121 1213
is_linear=0
shrinkage=0.03


Tree=21
num_leaves=8
num_cat=0
split_feature=5 11 3 1 0 5 1
split_gain=4.02257 0.866997 2.54202 0.918456 0.727655 0.132351 0.03613
threshold=80.30889309992979 88.24967639867684 95.657412257726577 11.358146684233644 98.663092046470084 97.880790984239283 85.301521044809178
decision_type=2 2 2 2 2 2 2
left_child=6 3 5 4 -2 -3 -1
right_child=1 2 -4 -5 -6 -7 -8
leaf_value=-0.0079055154541830906 -0.007413647434395253 0.0015194821451568505 0.018279289902450483 0.0015194821451568505 0.0015194821451568505 0.010354623126348859 -0.0044174422801699946
leaf_weight=37.041278737829998 5.5946295156609249 10.611014846479518 11.483651926741002 37.596046916907653 3.0040120629128069 1.8327455376274873 7.7193414778448632
leaf_count=7700 393 324 97 1362 52 20 1421
internal_value=-0.000479211 0.00398921 0.00850507 0.00151948 -0.00741365 0.00151948 -0.00741365
internal_weight=114.883 70.1221 23.9274 46.1947 8.59864 12.4438 44.7606
internal_count=11369 2248 441 1807 445 344 9121
is_linear=0
shrinkage=0.03


Tree=22
num_leaves=8
num_cat=0
split_feature=5 11 3 1 0 5 1
split_gain=3.77744 0.787872 2.51591 0.87676 0.607108 0.0635735 0.0205868
threshold=80.30889309992979 88.24967639867684 95.657412257726577 11.358146684233644 98.663092046470084 97.880790984239283 81.852088661551591
decision_type=2 2 2 2 2 2 2
left_child=6 3 5 4 -2 -3 -1
right_child=1 2 -4 -5 -6 -7 -8
leaf_value=-0.0075903144862166016 -0.0071013424975429618 0.0015683354385298248 0.017502984704511615 0.0015683354385298248 0.0015683354385298248 0.010103513390741259 -0.0046681920825428396
leaf_weight=35.168282471830025 5.316644565202294 10.427115040598435 12.356471511535345 37.251612653490156 2.9164327753242105 1.8684005318209518 9.1870477681513858
leaf_count=7368 393 324 97 1362 52 20 1753
internal_value=-0.000338565 0.00397801 0.00818956 0.00156834 -0.00710134 0.00156834 -0.00710134
internal_weight=114.492 70.1367 24.652 45.4847 8.23308 12.2955 44.3553
internal_count=11369 2248 441 1807 445 344 9121
is_linear=0
shrinkage=0.03


Tree=23
num_leaves=8
num_cat=0
split_feature=5 11 3 1 0 1 11
split_gain=3.50412 0.702405 2.26512 0.76255 0.499338 0.0260889 0.0523791
threshold=80.30889309992979 88.24967639867684 95.657412257726577 11.358146684233644 98.663092046470084 81.852088661551591 49.043026221146938
decision_type=2 2 2 2 2 2 2
left_child=5 3 -3 4 -2 6 -1
right_child=1 2 -4 -5 -6 -7 -8
leaf_value=-0.008966514508001646 -0.0067613254940327413 0.0016133188007012712 0.016444292629088586 0.0016133188007012712 0.0016133188007012712 -0.0043226583936943124 -0.0067613254940327413
leaf_weight=19.936516215559095 4.8195180145557961 12.248501946683975 12.905366260558365 37.115798523882404 2.8363537103869021 9.1294647394679469 15.009424047078936
leaf_count=4222 393 344 97 1362 52 1753 3146
internal_value=-0.000222687 0.00393596 0.00785031 0.00161332 -0.00676133 -0.00676133 -0.00726044
internal_weight=114.001 69.9255 25.1539 44.7717 7.65587 44.0754 34.9459
internal_count=11369 2248 441 1807 445 9121 7368
is_linear=0
shrinkage=0.03


Tree=24
num_leaves=12
num_cat=0
split_feature=5 3 10 1 10 10 1 5 9 10 10
split_gain=3.52646 0.76414 0.9029 0.663604 0.473533 0.32038 0.0982323 0.0671743 0.100736 0.0303336 0.0361155
threshold=80.30889309992979 95.243750706933611 72.564832384566742 19.40665224247314 97.202660406885769 94.405320813771525 93.742469879518083 93.365511138022995 59.476565172767714 51.250781738586618 15.438786565547131
decision_type=2 2 2 2 2 2 2 2 2 2 2
left_child=-1 2 6 4 -4 9 7 8 -2 10 -3
right_child=1 5 3 -5 -6 -7 -8 -9 -10 -11 -12
leaf_value=-0.0067806131169564606 -0.0067806131169564606 0.0020887201458565929 -0.004050787150166134 0.0069597146510133739 0.0069597146510133739 0.013257120099777293 0.0020887201458565929 -0.004050787150166134 -0.004050787150166134 0.0069597146510133739 0.0069597146510133739
leaf_weight=43.833630960201845 5.949968277942391 2.7514136056415763 3.3136496229562935 12.523780812975017 1.1053553977981208 7.4922434687614432 1.5616987794637669 4.9894468775019041 4.5705742929130793 17.369067238643765 8.287435860373078
leaf_count=9121 519 92 173 290 36 60 45 225 417 207 184
internal_value=-0.000196608 0.0039687 0.000703266 0.00545228 -0.00405079 0.00695971 -0.00405079 -0.00475804 -0.00676904 0.00695971 0.00288432
internal_weight=113.748 69.9146 34.0145 16.9428 4.41901 35.9002 17.0717 15.51 10.5205 28.4079 11.0388
internal_count=11369 2248 1705 499 209 543 1206 1161 936 483 276
is_linear=0
shrinkage=0.03


Tree=25
num_leaves=14
num_cat=0
split_feature=3 1 11 4 1 0 11 4 11 11 4 5 11
split_gain=3.20984 1.05797 1.11141 0.58242 0.371695 0.299058 0.202214 0.184941 0.172714 0.139338 0.0401397 0.0296272 0.099953
threshold=89.550466196334256 94.110420581008825 91.180174840717157 59.173724058915944 18.999868387242341 61.612533169561651 10.656428879177696 91.457095918109459 49.043026221146938 28.276776246023331 89.936689936689945 87.226251443118926 44.327678422196229
decision_type=2 2 2 2 2 2 2 2 2 2 2 2 2
left_child=8 2 4 -3 9 -6 -7 11 -1 -2 -4 -8 -13
right_child=1 3 10 -5 5 6 7 -9 -10 -11 -12 12 -14
leaf_value=-0.008066568159989556 -0.008066568159989556 0.0079587985602592153 0.0045514435449329951 0.019787105680574985 -0.0053337777587829241 -0.0041424968662425645 -0.0015108661789822388 0.006831532909628314 -0.0053337777587829241 -0.0053337777587829241 0.0091267803100513502 -0.0015108661789822388 0.0034349947313569245
leaf_weight=28.122721791849472 2.5458880350925002 3.9279354955069703 5.9766097418032613 4.868710677139461 2.2809667484834817 3.2052372479811337 2.3949604774825284 6.9307435648515812 24.68162829882931 8.0260485119651985 12.538728354498742 4.7666067488025865 8.8000085251405817
leaf_count=5784 76 67 89 50 125 89 72 99 4558 192 93 109 185
internal_value=-0.000667425 0.00370733 0.00211337 0.0128415 -0.000794951 0.00101991 0.00206555 0.00307177 -0.00612403 -0.00533378 0.0079588 0.00113271 0.00167107
internal_weight=119.067 66.2624 57.4658 8.79665 38.9505 28.3785 26.0976 22.8923 52.8044 10.5719 18.5153 15.9616 13.5666
internal_count=11588 1246 1129 117 947 679 554 465 10342 268 182 366 294
is_linear=0
shrinkage=0.03


Tree=26
num_leaves=12
num_cat=0
split_feature=3 11 0 11 3 10 11 4 10 4 10
split_gain=2.91743 0.829924 0.663568 0.535241 1.87822 0.427653 0.274393 0.324913 0.18746 0.071872 0.00451124
threshold=89.550466196334256 15.679096776557225 69.434138469943989 91.180174840717157 95.657412257726577 56.079083518107915 49.043026221146938 55.176568342334868 85.814889336016108 96.802948402948417 49.666666666666679
decision_type=2 2 2 2 2 2 2 2 2 2 2
left_child=6 7 8 5 -5 10 9 -2 -3 -1 -4
right_child=1 2 3 4 -6 -7 -8 -9 -10 -11 -12
leaf_value=-0.0083275969451938534 -0.0079300380500912926 -0.0041073272512242567 -0.0035642895359074525 0.0033506757227003518 0.016973341900197052 0.0033506757227003518 -0.0041073272512242567 -0.0041073272512242567 0.0033506757227003518 -0.0041073272512242567 -0.0013487644448160257
leaf_weight=27.311655072495348 1.7369187255389977 4.0642316397279492 5.7550755040720087 7.0405007861554649 12.641036864370106 24.142889580689371 24.350876234238967 5.7776704449206591 1.9976079291664062 0.61405043234117229 3.0025811614468694
leaf_count=5708 80 164 265 92 79 317 4558 142 33 76 74
internal_value=-0.000596412 0.00356757 0.00477646 0.00585815 0.00968507 0.00335068 -0.00583418 -0.00531959 -0.00410733 -0.00793004 -0.00302076
internal_weight=118.435 66.1585 58.6439 52.5821 19.6815 32.9005 52.2766 7.51459 6.06184 27.9257 8.75766
internal_count=11588 1246 1024 827 171 656 10342 222 197 5784 339
is_linear=0
shrinkage=0.03


Tree=27
num_leaves=10
num_cat=0
split_feature=3 1 10 0 11 10 10 11 4
split_gain=3.22119 0.92627 0.983414 0.777016 0.349934 0.31741 0.0944678 0.0723385 0.0119363
threshold=89.550466196334256 94.110420581008825 66.206699657403888 74.101263953330957 13.216794539657235 89.347517730496463 77.113095238095255 49.043026221146938 70.624512568240462
decision_type=2 2 2 2 2 2 2 2 2
left_child=7 3 -3 -2 6 -6 -5 8 -1
right_child=1 2 -4 4 5 -7 -8 -9 -10
leaf_value=-0.008798299278149695 -0.0061756138001056813 0.0021987958072747821 0.020352936349676345 -0.0061756138001056813 0.0021987958072747821 0.0092175543869143714 0.00042470935362363824 -0.0061756138001056813 -0.0061756138001056813
leaf_weight=21.115892731235366 5.9716510861180714 4.2435808165464532 4.7140895577613264 2.6389321386814109 35.829783763037995 10.505017901305107 1.8384691588580606 24.314313950599171 6.7563410033471873
leaf_count=4494 236 77 40 107 655 100 31 4558 1290
internal_value=-0.00067315 0.00372187 0.0121864 0.0021988 0.0021988 0.0021988 -0.00617561 -0.00617561 -0.00806661
internal_weight=117.928 65.7415 8.95767 56.7839 50.8122 46.3348 4.4774 52.1865 27.8722
internal_count=11588 1246 117 1129 893 755 138 10342 5784
is_linear=0
shrinkage=0.03


Tree=28
num_leaves=15
num_cat=0
split_feature=3 1 11 1 4 4 4 0 11 4 11 4 11 4
split_gain=3.0224 1.24238 0.987789 0.457063 0.419121 0.318355 0.159086 0.101936 0.121164 0.209662 0.0965858 0.0937137 0.0409969 0.0242165
threshold=89.550466196334256 94.110420581008825 91.180174840717157 20.990915643316608 59.173724058915944 84.557892777364131 89.155032829731638 74.880371820408925 10.656428879177696 91.457095918109459 49.043026221146938 54.005274930724809 53.280801530774966 89.936689936689945
decision_type=2 2 2 2 2 2 2 2 2 2 2 2 2 2
left_child=6 2 3 5 -3 -2 10 11 -9 -10 -1 -5 -7 -4
right_child=1 4 13 7 -6 12 -8 8 9 -11 -12 -13 -14 -15
leaf_value=-0.0082623727234239688 -0.0059547890670422991 0.0073212240200156613 0.0043700653786826645 -0.0059547890670422991 0.018806732738251869 -0.0013419093778084322 -0.0013419093778084322 -0.00022492158218068232 0.00096236248898710138 0.0073212240200156613 -0.0059547890670422991 -0.00022492158218068232 -0.00022492158218068232 0.0083232845682326678
leaf_weight=25.377777728252113 2.4211431017611149 4.342319648480041 6.0913229922298369 3.0858362936414911 5.0086760218255222 3.3649898446165007 6.5457430974347508 2.590330469422045 12.804161455715077 6.3241770039312533 19.683642175979912 1.4955528783611951 5.4570896727964282 12.578416125848888
leaf_count=5409 113 67 89 151 50 82 886 78 286 93 4047 48 96 93
internal_value=-0.000585228 0.00366726 0.00187241 -0.00095686 0.0132336 -0.00575411 -0.00595479 0.00122961 0.00234076 0.00335977 -0.00658119 -0.000224922 -0.000224922 0.00732122
internal_weight=117.171 65.564 56.213 37.5433 9.351 11.2432 51.6072 26.3001 21.7187 19.1283 45.0614 4.58139 8.82208 18.6697
internal_count=11588 1246 1129 947 117 291 10342 656 457 379 9456 199 178 182
is_linear=0
shrinkage=0.03


Tree=29
num_leaves=9
num_cat=0
split_feature=3 1 10 0 10 0 5 10
split_gain=2.57717 1.04586 1.34548 0.450966 0.242792 0.156175 0.0350163 0.0191005
threshold=89.550466196334256 93.000175214637935 66.206699657403888 67.898333073282373 90.976933514246966 95.243750706933611 42.048272537734711 51.250781738586618
decision_type=2 2 2 2 2 2 2 2
left_child=5 3 -3 -2 7 6 -1 -5
right_child=1 2 -4 4 -6 -7 -8 -9
leaf_value=-0.0073013102290385217 -0.0055736047121380892 0.0015540141348710864 0.020113287254695349 0.001213670477218376 0.0062364712493406839 0.001213670477218376 -0.0055736047121380892 0.0015540141348710864
leaf_weight=22.318162464187481 3.8082276666536918 4.911025532288475 5.876952902181074 13.468953350093214 10.651600878685711 2.5730129147414109 26.345061389263719 26.340690517798066
leaf_count=4858 181 90 45 446 111 236 5248 373
internal_value=-0.000598771 0.00334424 0.0114543 0.00155401 0.00155401 -0.0055736 -0.00594969 0.00126267
internal_weight=116.294 65.0575 10.788 54.2695 50.4612 51.2362 48.6632 39.8096
internal_count=11588 1246 135 1111 930 10342 10106 819
is_linear=0
shrinkage=0.03


Tree=30
num_leaves=11
num_cat=0
split_feature=5 10 11 11 3 11 10 11 9 10
split_gain=2.05454 0.5561 1.15115 0.55871 0.37497 0.627445 0.0757269 0.0764401 0.0486558 0.0241126
threshold=83.042328865113689 56.079083518107915 93.542003574772338 45.750896461796941 95.657412257726577 88.24967639867684 93.798076923076934 10.963995354239259 91.945945945945965 89.347517730496463
decision_type=2 2 2 2 2 2 2 2 2 2
left_child=6 2 8 7 -5 9 -1 -3 -2 -6
right_child=1 3 -4 4 5 -7 -8 -9 -10 -11
leaf_value=-0.0058108365292986975 -0.0058108365292986975 -0.0012696243760387158 0.00452826964879795 0.00452826964879795 0.00452826964879795 0.014498367970284297 -0.0012696243760387158 0.0014845145526211259 -0.0012696243760387158 0.0079720303047099948
leaf_weight=42.458388060797006 13.85111434699501 4.0625473249237958 6.1462737887632093 14.1016584103927 4.4673940446227807 9.8855269029736501 4.276879893615841 8.797408818267284 0.92701773904264051 4.3056095838546753
leaf_count=8825 848 113 134 387 70 56 665 241 68 40
internal_value=-0.000671747 0.00270136 -0.0013066 0.00452827 0.00655641 0.00955558 -0.00543056 -0.000738616 -0.00543056 0.00452827
internal_weight=113.28 66.5446 20.9244 45.6201 32.7602 18.6585 46.7353 12.86 14.7781 8.773
internal_count=11447 1957 1050 907 553 166 9490 354 916 110
is_linear=0
shrinkage=0.03


Tree=31
num_leaves=14
num_cat=0
split_feature=5 1 3 10 4 1 3 4 1 5 4 4 10
split_gain=2.028 0.985757 0.465628 0.500775 0.643567 0.736667 0.185715 0.0744647 0.0434626 0.0189909 0.012555 0.00192118 0.00109202
threshold=83.042328865113689 99.018403430168163 95.243750706933611 89.347517730496463 97.570810385523217 90.330372448184519 92.615592411106931 81.457513768686084 93.742469879518083 68.665707606545595 58.344044558697526 93.000175214637935 88.029850746268679
decision_type=2 2 2 2 2 2 2 2 2 2 2 2 2
left_child=6 2 8 4 5 -4 7 10 -2 11 -1 12 -9
right_child=1 -3 3 -5 -6 -7 -8 9 -10 -11 -12 -13 -14
leaf_value=-0.0067743199848330745 -0.0010813859083086412 0.017073871458818588 -0.0010813859083086412 0.0096549511182466383 0.0091296868208695925 0.0091296868208695925 -0.0010813859083086412 -0.0041672502600253822 0.0029190456534331525 -0.0010813859083086412 -0.0043449819151062082 -0.0010813859083086412 -0.0010813859083086412
leaf_weight=29.58918946410995 26.453843909781433 3.0724711460061362 16.235684390878312 9.3014517091214639 6.5974684641696504 2.8986742929555467 1.643693999852984 1.8064548552501949 1.5173124852590252 2.5812872151145712 10.560580120654775 0.23102413839660574 0.26465796143747855
leaf_count=6251 1360 29 339 81 79 36 54 385 33 491 2207 47 55
internal_value=-0.000625044 0.00274308 0.00178839 0.00404608 0.00173327 -0.00108139 -0.00535057 -0.00582829 -0.00108139 -0.001843 -0.00625645 -0.00364334 -0.00391002
internal_weight=112.754 66.0769 63.0044 35.0333 25.7318 19.1344 46.6769 45.0332 27.9712 4.88342 40.1498 2.30214 2.07111
internal_count=11447 1957 1928 535 454 375 9490 9436 1393 978 8458 487 440
is_linear=0
shrinkage=0.03


Tree=32
num_leaves=12
num_cat=0
split_feature=5 1 11 4 11 11 1 1 10 5 11
split_gain=1.76697 0.967916 0.508202 0.282423 1.16183 0.235437 0.116639 0.110151 0.428231 0.0416926 0.0223726
threshold=83.042328865113689 99.018403430168163 97.872641331539853 97.880790984239283 87.665801158233251 4.4998620828004716 99.754600857542044 20.990915643316608 97.202660406885769 38.501720049430553 64.303487976231011
decision_type=2 2 2 2 2 2 2 2 2 2 2
left_child=6 2 3 5 -5 -2 9 8 -7 10 -1
right_child=1 -3 -4 4 -6 7 -8 -9 -10 -11 -12
leaf_value=-0.0075678790987213675 -0.0049457859940248601 0.016355452174227441 0.0092986243110480069 -0.00033606708935962908 0.0092986243110480069 -0.0049457859940248601 0.0049072342335648158 -0.00033606708935962908 -0.00033606708935962908 -0.0049457859940248601 -0.0049457859940248601
leaf_weight=14.701981168705972 1.3368288313504297 3.3320004818961015 5.9656279904302201 4.4928957766387594 5.9775467892177403 10.970781111158429 0.31908051518257607 32.24048234988004 1.935777483973651 26.220231451676227 5.1624153500888488
leaf_count=3261 72 29 89 134 74 563 34 956 40 5069 1126
internal_value=-0.000513981 0.0026175 0.0016455 0.00069726 0.00491411 -0.000336067 -0.00494579 -0.000336067 -0.00323812 -0.00511678 -0.00668843
internal_weight=112.656 66.2519 62.9199 56.9543 10.4704 46.4839 46.4037 45.147 12.9066 46.0846 19.8644
internal_count=11447 1957 1928 1839 208 1631 9490 1559 603 9456 4387
is_linear=0
shrinkage=0.03


Tree=33
num_leaves=12
num_cat=0
split_feature=3 1 11 3 11 10 10 10 1 5 4
split_gain=1.48911 0.903813 0.568822 0.61699 1.7514 0.3936 0.221202 0.423643 0.28488 0.0760068 0.000142721
threshold=89.936689936689945 99.018403430168163 13.216794539657235 95.657412257726577 91.180174840717157 97.498436522826779 69.282051282051299 51.250781738586618 64.684280021692501 38.501720049430553 70.222674562052802
decision_type=2 2 2 2 2 2 2 2 2 2 2
left_child=9 2 -2 6 5 7 -4 -5 -9 10 -1
right_child=1 -3 3 4 -6 -7 -8 8 -10 -11 -12
leaf_value=-0.0065542883035924673 -0.0042528747196853402 0.015454558848887386 -0.0042528747196853402 -0.0042528747196853402 0.013929993549666252 0.0080923150026795017 -0.0011944407854255956 -0.0011944407854255956 0.0072781602822834333 -0.0042528747196853402 -0.0042528747196853402
leaf_weight=18.769354945980016 5.429366778349503 3.5912098798435172 9.6149906632490474 4.2344433530233845 11.673555754125116 3.2151144593954077 12.056057076901196 6.7432821569964272 4.0723784398287535 31.4510991522111 1.1041019555414084
leaf_count=4175 193 32 359 144 82 29 181 100 51 5865 236
internal_value=-0.00053529 0.00262965 0.00156982 0.0026375 0.00536019 -0.000555651 -0.00119444 -0.00119444 0.00180501 -0.00425287 -0.00628848
internal_weight=111.955 60.6304 57.0392 51.6098 29.9388 18.2652 21.671 15.0501 10.8157 51.3246 19.8735
internal_count=11447 1171 1139 946 406 324 540 295 151 10276 4411
is_linear=0
shrinkage=0.03


Tree=34
num_leaves=14
num_cat=0
split_feature=3 1 11 5 10 11 10 3 5 1 10 11 4
split_gain=1.45019 0.838621 0.57293 0.541372 0.454095 0.228922 0.621749 0.299208 0.0736695 0.0683768 0.0342217 0.0327098 0.00169732
threshold=89.936689936689945 99.018403430168163 13.216794539657235 87.226251443118926 89.347517730496463 89.375109509148714 56.079083518107915 97.146250424160186 38.501720049430553 36.53091537132989 80.461293743372238 83.818026883993909 70.222674562052802
decision_type=2 2 2 2 2 2 2 2 2 2 2 2 2
left_child=8 2 -2 10 5 6 -5 -7 12 -8 -4 -6 -1
right_child=1 -3 3 4 11 7 9 -9 -10 -11 -12 -13 -14
leaf_value=-0.0063747059635232374 -0.0041059507583678448 0.015083292314349061 -0.0041059507583678448 -0.0041059507583678448 0.0054867098544139651 0.0039317166945992783 0.00077592193696573346 0.008702140346822318 -0.0041059507583678448 0.0039317166945992783 0.00039924888258226649 0.010915582629030772 -0.0041059507583678448
leaf_weight=18.728547499980785 5.3840842838399103 3.5683275423943988 2.0979391145519903 7.4679933069273856 6.1280131679959577 7.0393701731227321 6.731415907153858 7.2025883086025715 31.397307639010251 6.7297980710864067 2.6899046790786088 5.423248827457428 1.1037737102014933
leaf_count=4175 193 32 126 306 73 96 114 52 5865 95 49 35 236
internal_value=-0.000434019 0.00269337 0.00166918 0.00274333 0.00377963 0.00196704 -6.65085e-05 0.00476373 -0.00410595 0.00393172 -0.00410595 0.00870214 -0.00610393
internal_weight=111.692 60.4627 56.8944 51.5103 46.7224 35.1712 20.9292 14.242 51.2296 13.4612 4.78784 11.5513 19.8323
internal_count=11447 1171 1139 946 771 663 515 148 10276 209 175 108 4411
is_linear=0
shrinkage=0.03


Tree=35
num_leaves=9
num_cat=0
split_feature=3 11 3 4 1 1 4 5
split_gain=2.35427 1.35591 2.1056 0.518085 0.480573 0.0744826 0.0866308 0.0147227
threshold=88.79024390243903 87.044098458264202 95.657412257726577 94.479671411265912 20.990915643316608 89.155032829731638 84.927849927849948 33.37282780410743
decision_type=2 2 2 2 2 2 2 2
left_child=5 4 -3 -4 6 7 -2 -1
right_child=1 2 3 -5 -6 -7 -8 -9
leaf_value=-0.0064946479343209193 -0.0049320843768369295 0.00062104508525724915 0.0082184889548086604 0.020987190561128327 0.00062104508525724915 -0.00093879788142691399 -0.00093019691677284795 -0.0049320843768369295
leaf_weight=14.389826900442129 2.232353473082183 8.5883990915026533 7.0461901724338523 8.4516234919428808 29.815360315144062 5.22882880445104 6.4858005084097385 29.293268461362459
leaf_count=3223 115 157 61 52 765 1059 162 5928
internal_value=0.000348012 0.00417152 0.00960044 0.0160319 0.000621045 -0.00453255 -0.00453255 -0.00493208
internal_weight=111.532 62.6197 24.0862 15.4978 38.5335 48.9119 8.71815 43.6831
internal_count=11522 1312 270 113 1042 10210 277 9151
is_linear=0
shrinkage=0.03


Tree=36
num_leaves=12
num_cat=0
split_feature=5 11 4 1 1 4 11 4 1 9 4
split_gain=2.02552 2.5679 0.606097 0.886659 0.375104 0.248354 0.167204 0.11738 0.0951638 0.0867621 0.0371591
threshold=90.330372448184519 87.044098458264202 92.206046641530534 60.345036907536915 80.30889309992979 87.641432329578848 64.303487976231011 73.703378087264369 86.828612640965133 27.055180180180184 84.927849927849948
decision_type=2 2 2 2 2 2 2 2 2 2 2
left_child=4 8 3 -3 5 6 10 -8 -2 -4 -1
right_child=1 2 9 -5 -6 -7 7 -9 -10 -11 -12
leaf_value=-0.0074398066865973833 -0.0012114546489199189 -0.0012114546489199189 0.013996514477273481 0.013996514477273481 -0.0012114546489199189 -0.0012114546489199189 -0.0048485279878315137 -0.0012114546489199189 0.002328510625676431 0.019128224767370267 -0.0012114546489199189
leaf_weight=24.967166915652353 23.230497562442917 3.0611957274377373 5.7096838266588721 3.132684847805649 17.038202665746212 4.7155243942979714 9.4356279795756546 3.1125285911839446 5.9517645412124685 10.207254441687835 0.7101143856998523
leaf_count=5150 759 67 54 33 2149 725 1774 489 83 117 122
internal_value=0.000335836 0.00466508 0.0121379 0.00345059 -0.00338225 -0.00498715 -0.00587035 -0.00272254 -0.00121145 0.0151146 -0.00724893
internal_weight=111.272 51.2931 22.1108 6.19388 59.9792 42.941 38.2254 12.5482 29.1823 15.9169 25.6773
internal_count=11522 1113 271 100 10409 8260 7535 2263 842 171 5272
is_linear=0
shrinkage=0.03


Tree=37
num_leaves=10
num_cat=0
split_feature=5 11 5 10 11 1 11 5 10
split_gain=1.83657 1.10756 1.7356 0.417943 0.0853816 0.0603978 0.0268867 0.0344223 0.0255824
threshold=80.30889309992979 87.044098458264202 93.742469879518083 55.63492063492064 76.91391941391943 38.911111111111119 49.043026221146938 41.282252274209384 51.492869875222823
decision_type=2 2 2 2 2 2 2 2 2
left_child=6 3 -3 4 -2 -6 7 -1 -4
right_child=1 2 8 -5 5 -7 -8 -9 -10
leaf_value=-0.0069988223949618844 -0.0043977281177060542 0.00036550305965649691 0.0084388723477445953 0.00036550305965649691 -0.0043977281177060542 0.00036550305965649691 -0.0043977281177060542 -0.0043977281177060542 0.014596868464558635
leaf_weight=12.872658023610713 10.076231191516852 7.0741481350269195 6.5699649481102851 28.583526431117207 0.79629673319868688 2.1979601379716769 18.502854047343135 11.641113065881653 12.545166461495681
leaf_count=2887 786 283 88 839 89 87 3922 2440 101
internal_value=0.000392026 0.00344878 0.00815891 0.000365503 -0.00439773 0.000365503 -0.00439773 -0.00570404 0.0130051
internal_weight=110.86 67.8433 26.1893 41.654 13.0705 2.99426 43.0166 24.5138 19.1151
internal_count=11522 2273 472 1801 962 176 9249 5327 189
is_linear=0
shrinkage=0.03


Tree=38
num_leaves=8
num_cat=0
split_feature=3 11 3 1 10 1 11
split_gain=2.19847 1.10867 1.86683 0.375603 0.278724 0.0692526 0.00567539
threshold=88.79024390243903 87.044098458264202 95.657412257726577 20.990915643316608 97.498436522826779 89.155032829731638 49.043026221146938
decision_type=2 2 2 2 2 2 2
left_child=5 3 -3 4 -2 6 -1
right_child=1 2 -4 -5 -6 -7 -8
leaf_value=-0.0053266788804636755 -0.0042275196034347899 0.00091018860677931812 0.01505231389702932 0.00091018860677931812 0.00091018860677931812 -0.00078200556455079848 -0.0042275196034347899
leaf_weight=23.47143203637097 6.4983564722351712 8.3764396295882779 15.826344970613716 28.873415027512237 1.8828000798821447 5.2008536643115795 20.126790798967704
leaf_count=5107 255 157 113 765 22 1059 4044
internal_value=0.000478738 0.00422351 0.00908512 0.000910189 -0.00422752 -0.00422752 -0.00461179
internal_weight=110.256 61.4574 24.2028 37.2546 8.38116 48.7991 43.5982
internal_count=11522 1312 270 1042 277 10210 9151
is_linear=0
shrinkage=0.03


Tree=39
num_leaves=11
num_cat=0
split_feature=3 11 3 4 1 4 11 1 5 11
split_gain=2.00707 1.17813 1.78515 0.601488 0.3171 0.118542 0.117205 0.0626137 0.0293278 0.0473523
threshold=88.79024390243903 87.044098458264202 95.657412257726577 94.479671411265912 20.990915643316608 84.927849927849948 31.089591723920083 89.155032829731638 33.37282780410743 75.708805261234943
decision_type=2 2 2 2 2 2 2 2 2 2
left_child=7 4 -3 -4 5 -2 -7 8 9 -1
right_child=1 2 3 -5 -6 6 -8 -9 -10 -11
leaf_value=-0.0069614280049798217 -0.0040260125751848258 0.00064147462742843977 0.0070852332589902544 0.020084444565850658 0.00064147462742843977 -0.0040260125751848258 0.00064147462742843977 -0.00074884275851234115 -0.0040260125751848258 -0.0040260125751848258
leaf_weight=11.466183815500697 2.10379755287431 8.4418679752852785 7.3144699316471806 8.5100248046219331 28.844884923426434 1.7447180259041486 4.3555500351358205 5.1987743698991826 29.135052760830149 2.711724344524554
leaf_count=2624 115 157 61 52 765 53 109 1059 5928 599
internal_value=0.000487564 0.00406594 0.00906196 0.0148541 0.000641475 -0.00402601 0.000285138 -0.00402601 -0.00439359 -0.00581527
internal_weight=109.827 61.3153 24.2664 15.8245 37.049 8.20407 6.10027 48.5117 43.313 14.1779
internal_count=11522 1312 270 113 1042 277 162 10210 9151 3223
is_linear=0
shrinkage=0.03


Tree=40
num_leaves=8
num_cat=0
split_feature=5 11 3 10 10 5 1
split_gain=1.22152 1.07268 2.73103 0.377212 0.0591613 0.0105887 0.0369153
threshold=83.042328865113689 92.07802198543753 95.657412257726577 51.250781738586618 68.819444444444457 38.501720049430553 81.852088661551591
decision_type=2 2 2 2 2 2 2
left_child=4 3 -3 -2 5 6 -1
right_child=1 2 -4 -5 -6 -7 -8
leaf_value=-0.0071776577177858434 -0.0042798942429635393 -0.00049376914360792278 0.016923007445442225 -0.00049376914360792278 -0.002411066044529191 -0.0042798942429635393 -0.0042798942429635393
leaf_weight=10.622129542753102 12.712285447982138 7.8982882234267917 11.709484227001665 33.015584510168992 14.278325541177763 17.162265199003741 3.5822056580800554
leaf_count=2436 829 224 76 870 2767 3593 774
internal_value=-0.000564378 0.00205675 0.00774023 -0.000493769 -0.00427989 -0.00502982 -0.00602023
internal_weight=110.981 65.3356 19.6078 45.7279 45.6449 31.3666 14.2043
internal_count=11569 1999 300 1699 9570 6803 3210
is_linear=0
shrinkage=0.03


Tree=41
num_leaves=7
num_cat=0
split_feature=3 11 4 3 1 11
split_gain=0.973315 3.54291 0.0949971 0.0825869 0.0684148 0.0137053
threshold=95.657412257726577 91.789242194823004 72.945578492804898 93.365511138022995 89.550466196334256 80.83219818971115
decision_type=2 2 2 2 2 2
left_child=2 5 3 4 -1 -2
right_child=1 -3 -4 -5 -6 -7
leaf_value=-0.0051887908562514582 -0.0025852667669808795 0.015762341955989995 -0.0025852667669808795 -0.0025852667669808795 -0.0025852667669808795 -0.00010848983500424887
leaf_weight=34.620788534870371 16.887199906865145 12.343542877584694 30.060585291590542 3.8054444282315663 6.5910695642232886 6.2439926397055379
leaf_count=7099 382 79 2804 125 1003 77
internal_value=-0.000658959 0.00337694 -0.00258527 -0.0040006 -0.00461084 -0.00258527
internal_weight=110.553 35.4747 75.0779 45.0173 41.2119 23.1312
internal_count=11569 538 11031 8227 8102 459
is_linear=0
shrinkage=0.03


Tree=42
num_leaves=12
num_cat=0
split_feature=5 11 10 4 1 5 11 9 11 5 1
split_gain=0.86141 0.892379 0.432746 0.451926 0.385977 0.31777 0.267999 0.333724 0.0777348 0.02948 0.0608825
threshold=83.374698995522678 92.07802198543753 51.250781738586618 69.847105508870229 86.043552036199102 97.880790984239283 30.671497584541061 35.948717948717956 10.963995354239259 38.501720049430553 57.160849226340417
decision_type=2 2 2 2 2 2 2 2 2 2 2
left_child=9 2 -2 6 5 -3 -4 -8 -5 10 -1
right_child=1 4 3 8 -6 -7 7 -9 -10 -11 -12
leaf_value=-0.0070852610307561535 -0.003713173321026499 0.0033727292814633449 -0.003713173321026499 -0.0014502183117935574 0.014596123557317608 0.0097766068936883891 -0.003713173321026499 0.0033727292814633449 0.0033727292814633449 -0.003713173321026499 -0.003713173321026499
leaf_weight=8.577150583383629 12.445170506020075 8.9517463115043956 2.6746994170825911 2.4967205789871683 3.6887023504823437 6.5493040061555794 2.8983448804356158 3.2816434330306947 21.014752086834051 26.663258774438873 11.012829268584026
leaf_count=1963 814 212 78 82 30 48 54 87 545 5187 2469
internal_value=-0.000635781 0.00161114 -0.000732741 0.00121451 0.00684971 0.00423349 -0.00371317 0.00228262 0.00337273 -0.00371317 -0.00511254
internal_weight=110.254 64.0011 44.8113 32.3662 19.1898 15.5011 8.85469 6.17999 23.5115 46.2532 19.59
internal_count=11569 1950 1660 846 290 260 219 141 627 9619 4432
is_linear=0
shrinkage=0.03


Tree=43
num_leaves=7
num_cat=0
split_feature=3 11 5 11 1 9
split_gain=0.619157 3.05806 0.133453 0.0995294 0.0608742 0.0502531
threshold=95.657412257726577 91.789242194823004 38.501720049430553 51.921252371916516 81.852088661551591 93.920916481892093
decision_type=2 2 2 2 2 2
left_child=2 -2 3 4 5 -1
right_child=1 -3 -4 -5 -6 -7
leaf_value=-0.0081998431773484641 -0.0022120510774578592 0.014343650546517551 -0.0022120510774578592 -0.0022120510774578592 -0.0022120510774578592 -0.0022120510774578592
leaf_weight=8.1837664452614263 22.831505732843652 12.055680956691502 55.482213397976011 7.3573914105072609 3.1761955221882081 0.72939276264514852
leaf_count=1916 459 79 6601 1655 692 167
internal_value=-0.000682779 0.00257183 -0.00221205 -0.0046846 -0.00630682 -0.00751861
internal_weight=109.816 34.8872 74.929 19.4467 12.0894 8.91316
internal_count=11569 538 11031 4430 2775 2083
is_linear=0
shrinkage=0.03


Tree=44
num_leaves=8
num_cat=0
split_feature=5 11 3 10 10 11 3
split_gain=0.564082 0.606837 2.22891 0.231941 0.0457029 0.0175797 0.034962
threshold=83.042328865113689 92.07802198543753 95.657412257726577 52.098004694835687 58.898944193061851 51.921252371916516 60.345036907536915
decision_type=2 2 2 2 2 2 2
left_child=4 3 -3 -2 5 6 -1
right_child=1 2 -4 -5 -6 -7 -8
leaf_value=-0.0058465575722253093 -0.0032235768989590371 -0.00080811717582643622 0.014224300670116954 -0.00080811717582643622 -0.0018946839611879739 -0.0032235768989590371 -0.0032235768989590371
leaf_weight=11.464852361590603 12.479824833571909 7.9203280319925424 11.365804951637982 32.726799774449319 18.160139329149388 11.447806231211869 4.0461442141095167
leaf_count=2635 839 224 76 860 3610 2465 860
internal_value=-0.000687036 0.00110965 0.00542312 -0.000808117 -0.00322358 -0.00401897 -0.00485419
internal_weight=109.612 64.4928 19.2861 45.2066 45.1189 26.9588 15.511
internal_count=11569 1999 300 1699 9570 5960 3495
is_linear=0
shrinkage=0.03


Tree=45
num_leaves=6
num_cat=0
split_feature=11 3 1 10 1
split_gain=0.786693 2.14592 0.226837 0.07539 0.00584726
threshold=92.07802198543753 95.657412257726577 20.990915643316608 97.498436522826779 12.14003015454203
decision_type=2 2 2 2 2
left_child=2 -2 3 -1 -5
right_child=1 -3 -4 4 -6
leaf_value=-0.005691438770008086 -0.0016304376158386702 0.014100683208989545 -0.0016304376158386702 -0.0048181237519216887 -0.0016304376158386702
leaf_weight=15.815765987732449 10.645413127262147 10.409771103411911 66.886737414170057 1.168900795746594 1.2126601894851772
leaf_count=1981 828 71 8429 61 42
internal_value=-0.000338294 0.00472044 -0.00163044 -0.00491265 -0.00163044
internal_weight=106.139 21.0552 85.0841 18.1973 2.38156
internal_count=11412 899 10513 2084 103
is_linear=0
shrinkage=0.03


Tree=46
num_leaves=5
num_cat=0
split_feature=11 3 1 10
split_gain=0.654396 1.86828 0.209127 0.0764678
threshold=92.07802198543753 95.657412257726577 20.990915643316608 97.498436522826779
decision_type=2 2 2 2
left_child=2 -2 3 -1
right_child=1 -3 -4 -5
leaf_value=-0.0054734818615218925 -0.001503318655567067 0.012947161307691182 -0.001503318655567067 -0.001503318655567067
leaf_weight=15.593814056017438 10.615877461736092 10.614927373826502 66.839664031984285 2.3710367262829086
leaf_count=1981 828 71 8429 103
internal_value=-0.000317708 0.0042727 -0.00150332 -0.00467247
internal_weight=106.035 21.2308 84.8045 17.9649
internal_count=11412 899 10513 2084
is_linear=0
shrinkage=0.03


Tree=47
num_leaves=11
num_cat=0
split_feature=3 4 1 1 9 10 1 4 5 4
split_gain=0.487491 0.306082 1.01609 0.30473 0.0918211 0.214652 0.0277598 0.0324945 0.0225383 0.00161695
threshold=89.936689936689945 86.828612640965133 54.392271594924985 89.155032829731638 70.980861244019152 57.238095238095248 6.1518217916322193 97.880790984239283 33.37282780410743 71.393936900507825
decision_type=2 2 2 2 2 2 2 2 2 2
left_child=3 2 -2 6 -3 -6 -1 8 9 -8
right_child=1 4 -4 -5 5 -7 7 -9 -10 -11
leaf_value=-0.0059185167512749853 -0.0024064611112522127 0.0037283845660949582 0.0037283845660949582 0.0035220700820101859 0.0037283845660949582 0.01167796093998006 -0.0042977458324871005 0.0015913443499452433 -0.0024064611112522127 -0.0024064611112522127
leaf_weight=3.3749047551536924 9.7137653953395802 21.780652967281647 17.632914653047919 5.995584263233467 3.3912696992047122 3.8045511785894632 13.046167070860971 0.82068222714587946 25.848751868936233 0.5740112510975458
leaf_count=559 323 324 415 1087 69 38 3031 64 5379 123
internal_value=-0.000264576 0.00163296 -0.000640549 -0.00240646 0.00372838 0.00716046 -0.00328114 -0.00292223 -0.00305308 -0.00412136
internal_weight=105.983 56.3232 27.3467 49.6601 28.9765 7.19582 43.6645 40.2896 39.4689 13.6202
internal_count=11412 1169 738 10243 431 107 9156 8597 8533 3154
is_linear=0
shrinkage=0.03


Tree=48
num_leaves=7
num_cat=0
split_feature=11 0 1 9 10 11
split_gain=0.659648 1.17061 0.180183 0.17761 0.0718507 0.00274669
threshold=92.07802198543753 91.457095918109459 20.990915643316608 28.024390243902445 97.498436522826779 28.276776246023331
decision_type=2 2 2 2 2 2
left_child=2 -2 4 -3 5 -1
right_child=1 3 -4 -5 -6 -7
leaf_value=-0.0071116040208071864 -0.0015041332713404993 0.0031253014913379209 -0.0015041332713404993 0.011553402474501337 -0.0015041332713404993 -0.0041961682092391053
leaf_weight=3.5407586420187753 7.4166175344726097 4.0230957397725406 66.750475262175314 9.9044104835484159 2.347676870180293 11.875739755691027
leaf_count=491 719 50 8429 130 103 1490
internal_value=-0.000307637 0.00428532 -0.00150413 0.00949132 -0.00446434 -0.00525818
internal_weight=105.859 21.3441 84.5147 13.9275 17.7642 15.4165
internal_count=11412 899 10513 180 2084 1981
is_linear=0
shrinkage=0.03


Tree=49
num_leaves=7
num_cat=0
split_feature=11 3 1 10 3 11
split_gain=0.589508 2.10606 0.168144 0.0699775 0.0201823 0.046474
threshold=92.07802198543753 95.657412257726577 20.990915643316608 97.498436522826779 99.018403430168163 27.599073597529596
decision_type=2 2 2 2 2 2
left_child=2 -2 3 4 5 -1
right_child=1 -3 -4 -5 -6 -7
leaf_value=-0.0086307485394845809 -0.0014493893909843711 0.013338321647797026 -0.0014493893909843711 -0.0014493893909843711 -0.0014493893909843711 -0.0038811242057515409
leaf_weight=3.0587658004369596 10.733009905554356 10.74357735365629 66.645110785146244 2.3496155466418704 0.83107244689017612 11.409980804310178
leaf_count=475 828 71 8429 103 21 1485
internal_value=-0.000313203 0.00401235 -0.00144939 -0.00431767 -0.00511077 -0.00537826
internal_weight=105.771 21.4766 84.2945 17.6494 15.2998 14.4687
internal_count=11412 899 10513 2084 1981 1960
is_linear=0
shrinkage=0.03


Tree=50
num_leaves=11
num_cat=0
split_feature=5 3 3 11 10 4 3 10 10 1
split_gain=0.598574 0.176222 0.114994 0.147418 0.12188 0.0444061 0.0285646 0.0168545 0.00744259 0.00593011
threshold=83.042328865113689 92.615592411106931 86.479958219088658 92.385871913430989 52.098004694835687 58.774130158363199 88.79024390243903 95.803990610328654 97.315315315315345 81.852088661551591
decision_type=2 2 2 2 2 2 2 2 2 2
left_child=1 5 -2 4 -4 7 -7 9 -6 -1
right_child=2 -3 3 -5 8 6 -8 -9 -10 -11
leaf_value=-0.0041938967056426284 -0.0021036898042787722 0.002229448390990576 0.002229448390990576 0.0052121833147096971 0.0037178963090335661 -0.0021036898042787722 0.002229448390990576 -0.0021036898042787722 0.0052121833147096971 -0.0023450991314104309
leaf_weight=20.065065932460143 4.3681451578158876 1.3569748615846027 10.660675691789946 15.33403943129815 25.943038071971401 14.382309894659553 0.32585094694513905 1.6279836634639639 4.712673053611069 6.808364102151244
leaf_count=4574 679 50 551 169 486 3132 20 304 62 1395
internal_value=0.000314117 -0.00229965 0.00222945 0.00259426 0.00222945 -0.00275475 -0.00210369 -0.00356653 0.00430077 -0.00382644
internal_weight=105.585 44.5665 61.0186 56.6504 41.3164 43.2096 14.7082 28.5014 30.6557 26.8734
internal_count=11422 9475 1947 1268 1099 9425 3152 6273 548 5969
is_linear=0
shrinkage=0.03


Tree=51
num_leaves=15
num_cat=0
split_feature=1 5 11 11 10 3 1 9 9 11 3 1 4 10
split_gain=0.554681 0.568399 0.193501 0.113295 0.83339 0.32772 0.277479 0.185506 0.0865152 0.030904 0.0547615 0.0373026 0.0183708 0.00324079
threshold=0.50891903266535021 83.042328865113689 10.963995354239259 92.385871913430989 52.098004694835687 95.657412257726577 42.464180623160914 81.881313131313149 8.1356867071152816 49.043026221146938 50.059382422802862 81.457513768686084 91.095053290083413 98.581488933601634
decision_type=2 2 2 2 2 2 2 2 2 2 2 2 2 2
left_child=-1 9 -3 4 -4 -5 7 8 -6 10 11 12 13 -2
right_child=1 2 3 5 6 -7 -8 -9 -10 -11 -12 -13 -14 -15
leaf_value=-0.015806830569085283 -0.0054883093937557548 -0.0019495154368271315 -0.0019495154368271315 0.0049171769066571258 -0.0019495154368271315 0.010522012054912891 0.0049171769066571258 0.0049171769066571258 0.00089522511817917286 -0.0019495154368271315 -0.0019495154368271315 -0.0019495154368271315 -0.0019495154368271315 -0.0019495154368271315
leaf_weight=0.88722663256339629 10.908012563479131 5.211158618098124 10.354736884939483 6.8142218745779219 1.7320260340347911 9.1780328042805177 14.404583085328339 1.7707304207142431 10.664471573894842 19.96225608617533 10.01734133006539 2.7628687142860135 0.34881365136243481 0.30011841561645347
leaf_count=49 2567 243 698 194 44 64 274 71 320 4068 2072 617 75 66
internal_value=0.00031825 0.000603876 0.00248615 0.00301949 0.00205573 0.00510631 0.00491718 0.000667549 -0.000974669 -0.00194952 -0.00306654 -0.00430086 -0.00506746 -0.00536492
internal_weight=105.317 104.429 60.13 54.9188 38.9265 15.9923 28.5718 14.1672 12.3965 44.2994 24.3372 14.3198 11.5569 11.2081
internal_count=11422 11373 1908 1665 1407 258 709 435 364 9465 5397 3325 2708 2633
is_linear=0
shrinkage=0.03


Tree=52
num_leaves=11
num_cat=0
split_feature=5 3 3 11 10 4 3 10 1 10
split_gain=0.451329 0.158572 0.0748707 0.116749 0.103438 0.0473736 0.0240651 0.0227329 0.0054747 0.00356581
threshold=83.042328865113689 92.615592411106931 86.479958219088658 92.385871913430989 52.098004694835687 58.774130158363199 88.79024390243903 95.803990610328654 81.852088661551591 97.315315315315345
decision_type=2 2 2 2 2 2 2 2 2 2
left_child=1 5 -2 4 -4 7 -7 8 -1 -6
right_child=2 -3 3 -5 9 6 -8 -9 -10 -11
leaf_value=-0.0038244047884765354 -0.0015686704888774059 0.0019626165845639536 0.0019626165845639536 0.0046108050723845115 0.0033702346521688035 -0.0015686704888774059 0.0019626165845639536 -0.0015686704888774059 -0.0021117186709667421 0.0046108050723845115
leaf_weight=19.886635550879884 4.3177946640644214 1.2723823336418707 10.574555337429045 15.234210604336111 26.027539581293258 14.303487246041183 0.31171492708381343 1.6111669531092037 6.77708126802463 4.6086306767538181
leaf_count=4574 679 50 551 169 486 3132 20 304 1395 62
internal_value=0.000298543 -0.0019838 0.00196262 0.00225535 0.00196262 -0.00243796 -0.00156867 -0.00320372 -0.00348116 0.00387502
internal_weight=104.925 44.1625 60.7627 56.4449 41.2107 42.8901 14.6152 28.2749 26.6637 30.6362
internal_count=11422 9475 1947 1268 1099 9425 3152 6273 5969 548
is_linear=0
shrinkage=0.03


Tree=53
num_leaves=13
num_cat=0
split_feature=5 11 1 10 5 0 11 1 5 10 11 4
split_gain=0.351501 0.123266 0.14438 1.03406 0.136535 0.0910771 0.0207595 0.0217799 0.023318 0.0461003 0.0169626 0.00949078
threshold=73.316684934236761 10.963995354239259 86.828612640965133 59.861111111111121 83.374698995522678 65.1330909943715 49.043026221146938 69.434138469943989 57.55221936543041 32.413399314807776 72.900708990255438 74.878637916813958
decision_type=2 2 2 2 2 2 2 2 2 2 2 2
left_child=6 -2 4 -4 -3 -6 7 8 9 11 -5 -1
right_child=1 2 3 10 5 -7 -8 -9 -10 -11 -12 -13
leaf_value=-0.007933770253570633 -0.0020405300079542987 -0.0020405300079542987 0.0011957138316830195 0.0069536276543819458 -0.0020405300079542987 0.0011957138316830195 -0.0020405300079542987 -0.0020405300079542987 -0.0020405300079542987 -0.0026527592916657469 0.015707952849218311 -0.0026527592916657469
leaf_weight=2.7710230726515896 5.6894691712222984 4.6818257630802682 5.1017433507367951 3.1090415911749005 1.9448348958976556 43.475363358738832 15.921716797864063 7.3373017620760939 3.3681955728679887 7.3515614334028214 3.6527792373672128 0.23392247245647002
leaf_count=674 348 941 155 67 81 1432 3513 1635 742 1725 53 56
internal_value=0.000277962 0.00155663 0.00195156 0.00480254 0.00119571 0.00119571 -0.00204053 -0.00305817 -0.00381975 -0.00455431 0.0130972 -0.00738248
internal_weight=104.639 67.6551 61.9656 11.8636 50.102 45.4202 36.9837 21.062 13.7247 10.3565 6.76182 3.00495
internal_count=11422 3077 2729 275 2454 1513 8345 4832 3197 2455 120 730
is_linear=0
shrinkage=0.03


Tree=54
num_leaves=13
num_cat=0
split_feature=3 11 5 11 1 1 5 1 1 4 0 0
split_gain=0.33022 0.214016 0.107961 0.223336 0.271877 0.040843 0.0396706 0.0895331 0.0277823 0.0211302 0.00967192 0.00320921
threshold=89.550466196334256 11.601850789644757 83.8129744651484 92.385871913430989 42.874069058903189 92.615592411106931 34.143063204825602 79.898070339246829 20.990915643316608 69.434138469943989 98.663092046470084 43.633085664335674
decision_type=2 2 2 2 2 2 2 2 2 2 2 2
left_child=6 -2 5 4 8 -3 7 9 10 11 -4 -1
right_child=1 2 3 -5 -6 -7 -8 -9 -10 -11 -12 -13
leaf_value=-0.0051325631173961168 -0.0014957548789929175 -0.0014957548789929175 -0.0014957548789929175 0.0058713362930773259 0.0037502991716360026 0.0025219891162462623 -0.0014957548789929175 -0.0014957548789929175 0.00046006042024277936 -0.0014957548789929175 0.00046006042024277936 -0.0014957548789929175
leaf_weight=10.124590875115244 4.9506563376635304 1.2241714582778507 6.0398696814663655 14.426063116639851 18.846083555370569 1.703182836063206 31.913261701003648 4.8162963854847467 6.1335713928565392 0.75744836544618088 2.5869043550919741 0.89966856897808689
leaf_count=2423 176 86 193 139 364 43 6360 1071 141 167 44 215
internal_value=0.000298965 0.00185509 0.00251024 0.00286697 0.00144491 -0.00149575 -0.00149575 -0.00296408 -0.00149575 -0.00456947 -0.00149575 -0.00493239
internal_weight=104.422 55.9105 50.9598 48.0325 33.6064 2.92735 48.5113 16.598 14.7603 11.7817 8.62677 11.0243
internal_count=11422 1186 1010 881 742 129 10236 3876 378 2805 237 2638
is_linear=0
shrinkage=0.03


Tree=55
num_leaves=4
num_cat=0
split_feature=11 3 10
split_gain=0.228329 1.78012 0.149304
threshold=92.07802198543753 95.657412257726577 57.238095238095248
decision_type=2 2 2
left_child=2 -2 -1
right_child=1 -3 -4
leaf_value=-0.0032041709617526915 -0.0013322665889548791 0.010692842785480751 -0.0013322665889548791
leaf_weight=37.854784329188988 10.380472033168191 11.9090772382915 45.334924866561778
leaf_count=6277 848 82 4256
internal_value=-0.000610028 0.00202699 -0.00133227
internal_weight=105.479 22.2895 83.1897
internal_count=11463 930 10533
is_linear=0
shrinkage=0.03


Tree=56
num_leaves=6
num_cat=0
split_feature=11 3 10 1 1
split_gain=0.196314 1.67986 0.125468 0.0594987 0.00327245
threshold=92.07802198543753 95.657412257726577 57.238095238095248 1.6990691646046898 43.253745973953237
decision_type=2 2 2 2 2
left_child=2 -2 3 -1 -5
right_child=1 -3 -4 4 -6
leaf_value=-0.009149150049789629 -0.0012495003395216467 0.010435649466539255 -0.0012495003395216467 -0.0032285887116869139 -0.0021951284398820888
leaf_weight=0.52675129880662908 10.377742927172223 11.737038236111401 45.256896662176587 13.46866584732197 23.772807996836491
leaf_count=68 848 82 4256 2565 3644
internal_value=-0.000580746 0.00187538 -0.0012495 -0.00296793 -0.00264354
internal_weight=105.14 22.1148 83.0251 37.7682 37.2415
internal_count=11463 930 10533 6277 6209
is_linear=0
shrinkage=0.03


Tree=57
num_leaves=10
num_cat=0
split_feature=10 4 1 10 1 1 0 3 5
split_gain=0.168068 0.500542 0.447058 0.336877 0.144845 0.124528 0.183855 0.028615 0.0118887
threshold=56.079083518107915 84.927849927849948 1.3157985858627832 97.937925170068027 90.715233042819264 80.30889309992979 72.186799820754132 97.146250424160186 99.018403430168163
decision_type=2 2 2 2 2 2 2 2 2
left_child=2 5 -1 4 8 -2 -7 -4 -3
right_child=1 3 7 -5 -6 6 -8 -9 -10
leaf_value=-0.017214759118298648 -0.0018444042248360554 0.0014620398030925866 -0.0029070962474428749 0.013758804741805207 0.0090414544137557961 -0.0018444042248360554 0.0014620398030925866 -0.0018444042248360554 0.0029715225647978316
leaf_weight=0.71772100229281832 22.819163764128461 15.8429835928837 37.887852314743213 1.7435178257292125 1.6576445854734618 6.112032207194714 4.4063955756137148 9.1551809373777342 4.6340431179851285
leaf_count=71 3100 626 6463 60 34 792 100 173 44
internal_value=-0.000582263 0.000512651 -0.00187755 0.00374532 0.00239594 -0.0018444 0.00132189 -0.0018444 0.00146204
internal_weight=104.977 57.2158 47.7608 23.8782 22.1347 33.3376 10.5184 47.043 20.477
internal_count=11463 4756 6707 764 704 3992 892 6636 670
is_linear=0
shrinkage=0.03


Tree=58
num_leaves=5
num_cat=0
split_feature=11 3 10 1
split_gain=0.191666 1.65836 0.117717 0.0229419
threshold=92.07802198543753 95.657412257726577 57.238095238095248 20.990915643316608
decision_type=2 2 2 2
left_child=2 -2 3 -1
right_child=1 -3 -4 -5
leaf_value=-0.0045940163665683011 -0.0012058199896901631 0.010506068684621974 -0.0012058199896901631 -0.0023972841261061611
leaf_weight=6.2958279703743747 10.470251464517789 11.495735906064509 45.471266664913855 31.224713529460132
leaf_count=1234 848 82 4256 5043
internal_value=-0.000546292 0.00188954 -0.00120582 -0.00287558
internal_weight=104.958 21.966 82.9918 37.5205
internal_count=11463 930 10533 6277
is_linear=0
shrinkage=0.03


Tree=59
num_leaves=5
num_cat=0
split_feature=11 3 10 1
split_gain=0.147599 1.54506 0.0882181 0.0174006
threshold=92.07802198543753 95.657412257726577 57.238095238095248 19.40665224247314
decision_type=2 2 2 2
left_child=2 -2 3 -1
right_child=1 -3 -4 -5
leaf_value=-0.0041175882816169712 -0.001096083468145669 0.010147615989453958 -0.001096083468145669 -0.00213999038645549
leaf_weight=5.7960457636509082 10.496061855577866 11.349294546991585 45.361308192834258 31.49871758709196
leaf_count=1138 848 82 4256 5139
internal_value=-0.000516728 0.0016274 -0.00109608 -0.00254683
internal_weight=104.501 21.8454 82.6561 37.2948
internal_count=11463 930 10533 6277
is_linear=0
shrinkage=0.03


Tree=60
num_leaves=14
num_cat=0
split_feature=1 0 11 3 11 1 9 11 4 9 1 1 1
split_gain=0.324009 0.2728 0.200576 0.317055 0.503272 0.374455 0.10549 0.042941 0.0852268 0.0831571 0.0309686 0.0148396 0.00971581
threshold=0.50891903266535021 99.754600857542044 65.306042758126992 91.845220068645276 92.385871913430989 81.070417732310332 16.024691358024693 10.656428879177696 53.602884615384617 12.579113924050635 48.010280164165913 19.40665224247314 89.550466196334256
decision_type=2 2 2 2 2 2 2 2 2 2 2 2 2
left_child=-1 2 7 -4 5 6 -5 8 9 -2 -6 -8 -10
right_child=1 -3 3 4 10 -7 11 -9 12 -11 -12 -13 -14
leaf_value=-0.013548396492363845 -0.012603439470550346 0.0078770385416208014 -0.0017959378898768029 -0.0017959378898768029 0.0040908722134034396 0.0061392394111231029 -2.1251828487428384e-05 -0.0017959378898768029 -0.0028694748754417502 -0.0028694748754417502 0.0078770385416208014 0.0026562535921300762 -0.0017959378898768029
leaf_weight=0.66765888780355354 0.66975909529719357 2.6223919703625134 20.880484980298206 3.0735543360933724 5.3665419779717904 4.9039809061214319 2.5070331355091167 42.863206742913462 3.6181557927047834 3.19729253067635 5.8470430974848568 6.0781039497815073 0.92629346763715137
leaf_count=45 93 32 3229 57 50 77 62 6545 435 603 58 125 51
internal_value=-0.000430075 -0.000214661 -0.000502942 0.000868351 0.00292395 -0.000456249 -0.00179594 -0.00179594 -0.00390522 -0.00679852 0.00754516 0.00195372 -0.00179594
internal_weight=103.222 102.554 99.9315 48.6567 27.7763 16.5627 11.6587 51.2747 8.4115 3.86705 11.2136 8.58514 4.54445
internal_count=11462 11417 11385 3658 429 321 244 7727 1182 696 108 187 486
is_linear=0
shrinkage=0.03


Tree=61
num_leaves=8
num_cat=0
split_feature=1 11 3 1 4 4 11
split_gain=0.248744 0.234914 1.57747 0.122917 0.377733 0.0542701 0.00702026
threshold=0.50891903266535021 92.385871913430989 95.657412257726577 20.990915643316608 60.727299441669118 84.927849927849948 81.715321942124504
decision_type=2 2 2 2 2 2 2
left_child=-1 3 -3 4 -2 6 -6
right_child=1 2 -4 -5 5 -7 -8
leaf_value=-0.012051845928576953 -0.010657052205704636 -0.00091305756502728732 0.012134139038740161 -0.00091305756502728732 -0.0044282460430045256 -0.00091305756502728732 -0.00091305756502728732
leaf_weight=0.62428498780354758 3.7632890180684653 10.446368605480531 8.8873431310057622 65.429215725511312 3.613494054414331 9.7149624602170643 0.64032133342698205
leaf_count=45 697 825 63 8426 619 696 91
internal_value=-0.000402598 -0.000215881 0.00268035 -0.000913058 -0.00335236 -0.000913058 -0.00399353
internal_weight=103.119 102.495 19.3337 83.1613 17.7321 13.9688 4.25382
internal_count=11462 11417 888 10529 2103 1406 710
is_linear=0
shrinkage=0.03


Tree=62
num_leaves=8
num_cat=0
split_feature=10 1 3 3 9 1 11
split_gain=0.207068 0.698223 0.577951 0.133551 0.116988 0.0995593 0.0394167
threshold=89.347517730496463 80.686213632423915 92.615592411106931 95.243750706933611 4.1960093896713619 0.50891903266535021 3.8753723311056048
decision_type=2 2 2 2 2 2 2
left_child=4 3 -3 -2 -1 -6 -7
right_child=1 2 -4 -5 5 6 -8
leaf_value=-0.0074412035049400641 -0.00098843842070972954 -0.00098843842070972954 0.01654692108970169 0.0035639526420698855 -0.0074412035049400641 -0.0046717300359867212 -0.00098843842070972954
leaf_weight=1.5521246258867893 8.7175052170641703 1.5741966802161176 3.4877113583497703 4.8990276036784062 0.39123885147273441 2.4933556417236096 80.052821516990662
leaf_count=189 943 225 36 56 39 349 9625
internal_value=-0.000352915 0.00242594 0.0109141 -0.000988438 -0.000988438 -0.000988438 -0.000988438
internal_weight=103.168 18.6784 5.06191 13.6165 84.4895 82.9374 82.5462
internal_count=11462 1260 261 999 10202 10013 9974
is_linear=0
shrinkage=0.03


Tree=63
num_leaves=10
num_cat=0
split_feature=0 10 1 3 9 4 1 1 1
split_gain=0.190775 0.164586 0.493953 0.192917 0.028955 0.043376 0.153214 0.0742265 0.00813026
threshold=99.754600857542044 89.347517730496463 89.550466196334256 94.88869180210655 4.1960093896713619 54.392271594924985 26.614909324346012 99.463086280953632 91.457095918109459
decision_type=2 2 2 2 2 2 2 2 2
left_child=1 4 3 -3 8 6 -6 -7 -1
right_child=-2 2 -4 -5 5 7 -8 -9 -10
leaf_value=-0.0053630110997637832 0.0064288527936136241 -0.0011462082666445546 0.0064288527936136241 0.0039698645273684649 -0.0045179636870452122 -0.0011462082666445546 -0.0011556110458507114 0.006248100163931387 -0.0011556110458507114
leaf_weight=1.0264954665908574 2.6301977308467022 9.0139857426984253 3.5676573041127986 5.6908607506193212 3.8346515943994772 48.874555378803052 27.067657748702914 1.031206126557662 0.38127023167908203
leaf_count=165 38 1030 157 69 761 4523 4680 19 20
internal_value=-0.000333991 -0.000572604 0.00193384 -0.00103666 -0.00114621 -0.00114621 -0.0022854 -0.00114621 -0.00451796
internal_weight=103.119 100.488 18.2725 14.7048 82.2158 80.8081 30.9023 49.9058 1.40777
internal_count=11462 11424 1256 1099 10168 9983 5441 4542 185
is_linear=0
shrinkage=0.03


Tree=64
num_leaves=6
num_cat=0
split_feature=10 5 9 11 4
split_gain=0.219976 0.756424 0.224741 0.0823677 0.10936
threshold=97.202660406885769 93.365511138022995 4.1960093896713619 3.5587238689196341 97.880790984239283
decision_type=2 2 2 2 2
left_child=2 -2 -1 4 -4
right_child=1 -3 3 -5 -6
leaf_value=-0.0089461823141700758 -0.0007349493852574062 0.011885224012502344 -0.0083311291605995264 -0.0007349493852574062 -0.0007349493852574062
leaf_weight=2.0079266462707883 4.254107478191143 4.6507333456538618 2.1294186844024803 89.700645123259164 0.39670912688598026
leaf_count=287 432 51 329 10351 12
internal_value=-0.000295121 0.00396361 -0.000734949 -0.000734949 -0.0055458
internal_weight=103.14 8.90484 94.2347 92.2268 2.52613
internal_count=11462 483 10979 10692 341
is_linear=0
shrinkage=0.03


Tree=65
num_leaves=15
num_cat=0
split_feature=1 11 0 1 9 1 11 9 0 5 9 11 1 1
split_gain=0.385877 0.347221 0.11585 0.143798 0.125088 0.0862226 0.0865866 0.121785 0.255655 0.0638244 0.0370274 0.0341889 0.00872501 0.00521842
threshold=85.301521044809178 96.737514956861276 74.478657543173696 25.030120481927714 85.160160160160174 89.550466196334256 15.679096776557225 7.4537037037037042 67.125805229253515 93.742469879518083 80.795574288724993 97.872641331539853 23.038595184909411 20.990915643316608
decision_type=2 2 2 2 2 2 2 2 2 2 2 2 2 2
left_child=2 5 3 4 12 -2 -7 -8 -9 10 -5 13 -1 -4
right_child=1 -3 11 9 -6 6 7 8 -10 -11 -12 -13 -14 -15
leaf_value=-0.0077269603842793277 0.00041500226330256897 0.013047957978379966 -0.00025105992709218187 -0.0022400186667277579 -0.00079368957697623684 0.00041500226330256897 0.00041500226330256897 0.00041697485967764463 0.0091885067535418061 0.00041500226330256897 0.00041500226330256897 0.0028977756160532683 -0.0022400186667277579 0.00041500226330256897
leaf_weight=5.0752130661858237 3.9832309354096784 2.232213099137879 18.084270049119368 20.889307342586118 0.92382800567429502 2.6130570404930067 1.9406700872350473 5.200419419212265 6.3682352385949343 0.94651302741840382 5.5693501353962338 4.019702496007084 0.59144741867203254 27.010848823236302
leaf_count=1096 478 63 1218 4478 213 252 63 706 160 20 1154 105 132 1375
internal_value=0.000434137 0.00384405 -0.000517161 -0.00183727 -0.00550051 0.00225239 0.00336517 0.00437148 0.00559236 -0.00079369 -0.00079369 0.000415002 -0.00729027 0.000415002
internal_weight=105.448 22.3378 83.1105 33.9957 6.59049 20.1056 16.1224 13.5093 11.5687 27.4052 26.4587 49.1148 5.66666 45.0951
internal_count=11513 1722 9791 7093 1441 1659 1181 929 866 5652 5632 2698 1228 2593
is_linear=0
shrinkage=0.03


Tree=66
num_leaves=15
num_cat=0
split_feature=10 11 3 9 4 11 9 11 9 11 9 9 9 9
split_gain=0.213803 0.802399 0.422819 0.124483 0.154384 0.125235 0.0994974 0.0647617 0.0671725 0.0338396 0.0167572 0.0123605 0.00229037 0.00171751
threshold=51.492869875222823 97.872641331539853 95.657412257726577 5.9411764705882364 11.786228973728976 93.274400330851961 70.064935064935085 10.963995354239259 5.9411764705882364 4.1615729421352894 60.128205128205131 85.805860805860817 53.00120048019209 72.783389450056134
decision_type=2 2 2 2 2 2 2 2 2 2 2 2 2 2
left_child=3 7 6 -1 -5 9 -3 8 -2 10 -6 12 -11 -9
right_child=1 2 -4 4 5 -7 -8 13 -10 11 -12 -13 -14 -15
leaf_value=-0.0073089372156046961 -0.0073089372156046961 0.00054298742601162624 0.019074865620766344 -0.0057528858338790432 -0.0057528858338790432 0.00054298742601162624 0.0073537828896303925 0.00054298742601162624 0.00054298742601162624 -0.0016911777781588025 -0.0011663506004906449 0.00034283176210628193 -0.00087605296832994248 0.0014416796934268823
leaf_weight=1.7977948195766646 0.5146481585688879 0.90567553986329474 2.4032362103462219 3.8676571513060471 0.63863920792938234 6.7521236847387618 0.94062586314976215 41.60910637199413 5.3835258994949982 15.680779218440884 0.47967279085423797 4.4815130409551776 8.6956515173660573 11.315642015310003
leaf_count=238 49 66 15 707 95 369 39 3448 546 2461 76 842 1459 1103
internal_value=0.000457805 0.00155535 0.0127958 -0.00117331 -0.00073241 -6.52637e-05 0.000792521 0.000542987 -0.00148155 -0.00148155 -0.00522497 -0.00116635 -0.00116635 0.000542987
internal_weight=105.466 63.0725 4.24954 42.3938 40.596 36.7284 1.8463 58.8229 5.89817 29.9763 1.11831 28.8579 24.3764 52.9247
internal_count=11513 5266 120 6247 6009 5302 105 5146 595 4933 171 4762 3920 4551
is_linear=0
shrinkage=0.03


Tree=67
num_leaves=13
num_cat=0
split_feature=1 10 4 1 0 10 0 1 11 4 10 11
split_gain=0.435858 0.709312 0.967101 0.160922 0.196639 0.0910329 0.0638665 0.123996 0.0867235 0.08133 0.0384 6.29381e-05
threshold=85.301521044809178 66.904761904761912 74.478657543173696 90.330372448184519 60.434400363310324 93.798076923076934 74.478657543173696 25.030120481927714 46.101323964778985 71.771001787386169 35.173201370384476 18.929156429156432
decision_type=2 2 2 2 2 2 2 2 2 2 2 2
left_child=6 -2 3 -3 5 -5 7 10 9 11 -1 -9
right_child=1 2 -4 4 -6 -7 -8 8 -10 -11 -12 -13
leaf_value=-0.0085836527322926681 -0.00059034472996638586 -0.00059034472996638586 0.019704713862221727 -0.00059034472996638586 0.0094705220464978545 0.006078355229821069 -0.00059034472996638586 -0.0039034566209009726 -0.00059034472996638586 -0.00059034472996638586 -0.0039034566209009726 -0.0026759216810652285
leaf_weight=1.9455448806984339 11.921763790422121 1.4110708645312096 3.7819610799197108 1.8053943489212545 2.5958254253491759 0.86206960468552996 49.081899477401748 3.9486120193032557 12.819962531211784 1.5039128211792547 4.5730518099153414 9.1494500065455195
leaf_count=446 1139 162 71 206 60 84 2698 856 2451 290 995 2055
internal_value=0.000421896 0.00404191 0.00938667 0.00173428 0.00486865 -0.000590345 -0.000590345 -0.00187683 -0.000904506 -0.00287174 -0.00530281 -0.00390346
internal_weight=105.401 22.3781 10.4563 6.67436 5.26329 2.66746 83.0224 33.9405 27.4219 14.602 6.5186 13.0981
internal_count=11513 1722 583 512 350 290 9791 7093 5652 3201 1441 2911
is_linear=0
shrinkage=0.03


Tree=68
num_leaves=11
num_cat=0
split_feature=1 10 0 10 10 9 0 9 10 1
split_gain=0.372607 0.966263 0.58371 0.117951 0.0698301 0.0858833 0.135641 0.0351538 0.00625837 0.00560119
threshold=89.550466196334256 66.904761904761912 62.012253907042833 93.798076923076934 10.717948717948721 41.213235294117652 64.303487976231011 2.0204081632653064 97.315315315315345 69.434138469943989
decision_type=2 2 2 2 2 2 2 2 2 2
left_child=4 -2 3 -3 5 -1 9 -6 -9 -7
right_child=1 2 -4 -5 7 6 -8 8 -10 -11
leaf_value=-0.007379442269551382 -0.00038472813342390857 -0.00038472813342390857 0.016097098777983595 0.0070691114096334048 -0.0054499483197756752 -0.007379442269551382 -0.00038472813342390857 -0.00038472813342390857 0.00095957326443497025 -0.00078301835962250931
leaf_weight=1.8704174427548412 9.1936540042515862 1.9204260944388791 5.6304286560043693 0.91822521621361364 0.42985334061086078 1.0162268816493449 1.9863134834449736 74.617477757157758 7.3675209576031184 0.36890598165337007
leaf_count=361 801 227 102 94 70 212 164 9000 395 87
internal_value=0.00043054 0.00428037 0.0112234 -0.000118639 -0.000384728 -0.00356158 -0.000384728 -0.000384728 -0.000384728 -0.00737944
internal_weight=105.319 17.6627 8.46908 2.83865 87.6567 5.24186 3.37145 82.4149 81.985 1.38513
internal_count=11513 1224 423 321 10289 824 463 9465 9395 299
is_linear=0
shrinkage=0.03


Tree=69
num_leaves=15
num_cat=0
split_feature=1 10 0 11 11 0 1 5 4 9 1 9 1 9
split_gain=0.332542 0.916104 0.396198 0.104587 0.102152 0.0646143 0.120417 0.0776851 0.080805 0.0491675 0.0566206 0.0242453 0.00622829 0.000543982
threshold=89.550466196334256 77.376344086021518 72.945578492804898 97.046974545244908 78.750219018297429 74.880371820408925 4.1096953665412377 93.365511138022995 69.847105508870229 84.073170731707322 23.038595184909411 75.154320987654344 43.64357864357865 31.311274509803926
decision_type=2 2 2 2 2 2 2 2 2 2 2 2 2 2
left_child=5 3 4 -2 -3 6 -1 8 9 10 -8 13 -13 -12
right_child=1 2 -4 -5 -6 -7 7 -9 -10 -11 11 12 -14 -15
leaf_value=-0.0096949793895153777 -0.00031616674278853299 -0.00031616674278853299 0.017834481172206901 0.0027874251746746828 0.0079227051772971929 -0.00031616674278853299 -0.00666370356556576 -0.00031616674278853299 -0.00031616674278853299 -0.00031616674278853299 -0.0035491962079740838 -0.0025270274194520519 -0.00031616674278853299 -0.0025270274194520519
leaf_weight=0.58990156860090692 10.163850658223962 2.1344759649364278 3.5692123384214938 1.0339720690390102 0.93309544352814544 51.098332629422657 3.0913534518331351 1.2969267251901317 5.4967356856213874 5.0348291796399272 7.0293099263217362 0.58882653177715782 1.5826944961445404 11.716110933339221
leaf_count=109 889 202 52 33 48 2730 716 34 1100 1090 1535 134 351 2490
internal_value=0.000458511 0.00407525 0.0121553 -0.000316167 0.00278743 -0.000316167 -0.00156374 -0.00117034 -0.00196733 -0.00269296 -0.0032419 -0.00245521 -0.000316167 -0.00280391
internal_weight=105.36 17.8346 6.63678 11.1978 3.06757 87.525 36.4267 35.8368 34.5399 29.0431 24.0083 20.9169 2.17152 18.7454
internal_count=11513 1224 302 922 250 10289 7559 7450 7416 6316 5226 4510 485 4025
is_linear=0
shrinkage=0.03


Tree=70
num_leaves=12
num_cat=0
split_feature=4 10 1 9 0 9 1 1 4 0 1
split_gain=0.086461 0.40617 0.505776 0.42447 0.146991 0.132215 0.0866871 0.0601471 0.14042 0.115564 0.0104602
threshold=72.186799820754132 57.238095238095248 87.641432329578848 93.920916481892093 99.754600857542044 74.374609130706702 31.414768806073159 26.614909324346012 60.345036907536915 90.715233042819264 46.437670580150801
decision_type=2 2 2 2 2 2 2 2 2 2 2
left_child=7 -2 3 4 5 10 -7 8 9 -1 -3
right_child=1 2 -4 -5 -6 6 -8 -9 -10 -11 -12
leaf_value=-0.0077728401477160881 -0.00085945639716200227 -0.00085945639716200227 0.012278846839310143 0.012147458394541387 0.0064316038474115638 -0.00085945639716200227 0.0064316038474115638 -0.00085945639716200227 -0.00085945639716200227 -0.00085945639716200227 0.00053730933231173621
leaf_weight=4.9992528922157344 19.44040149950888 14.112528849393142 3.6692080441862336 2.0465683031361541 2.1304217241704455 1.3644616132369258 1.6375977603020144 44.765048907720484 2.3609177704202011 0.72902425401844073 7.1678578387945882
leaf_count=999 1828 736 79 74 26 94 82 6820 422 29 293
internal_value=-1.47662e-05 0.000850856 0.00310266 0.00154295 0.000308115 -0.00046227 0.00470061 -0.000859456 -0.00331648 -0.00606024 -0.000859456
internal_weight=104.423 51.569 32.1286 28.4594 26.4129 24.2824 3.00206 52.8542 8.08919 5.72828 21.2804
internal_count=11482 3212 1384 1305 1231 1205 176 8270 1450 1028 1029
is_linear=0
shrinkage=0.03


Tree=71
num_leaves=10
num_cat=0
split_feature=11 5 5 1 11 4 10 9 10
split_gain=0.225279 0.474912 0.127269 0.822611 0.0700067 0.140569 0.0427214 0.0889561 0.0368137
threshold=88.24967639867684 90.330372448184519 97.880790984239283 73.703378087264369 10.656428879177696 42.464180623160914 75.192307692307708 84.668803418803421 95.875850340136068
decision_type=2 2 2 2 2 2 2 2 2
left_child=4 -2 3 -3 5 8 7 -7 -1
right_child=1 2 -4 -5 -6 6 -8 -9 -10
leaf_value=-0.0082181213770158908 -0.00079703890270665684 -0.00079703890270665684 0.0079503863835921618 0.0079503863835921618 -0.00079703890270665684 -0.0060647080959383374 -0.00079703890270665684 -0.00079703890270665684 -0.00079703890270665684
leaf_weight=3.0774717601016159 8.0061416231328639 7.3995530847460049 7.9019752643071106 2.9727080035954714 68.648809278500266 3.3989522394258533 2.1791584165766835 0.49813326774165023 0.35656387801282097
leaf_count=553 1093 153 66 28 8904 414 147 72 52
internal_value=1.33111e-05 0.0023642 0.00523233 0.00264459 -0.000797039 -0.00325776 -0.000797039 -0.00370349 -0.00735663
internal_weight=104.439 26.2804 18.2742 10.3723 78.1591 9.51028 6.07624 3.89709 3.43404
internal_count=11482 1340 247 181 10142 1238 633 486 605
is_linear=0
shrinkage=0.03


Tree=72
num_leaves=7
num_cat=0
split_feature=11 3 1 11 4 4
split_gain=0.188632 0.89279 0.0608833 0.0692549 0.0515317 0.0228101
threshold=88.24967639867684 95.657412257726577 12.14003015454203 10.963995354239259 94.88869180210655 84.557892777364131
decision_type=2 2 2 2 2 2
left_child=2 -2 5 4 -4 -1
right_child=1 -3 3 -5 -6 -7
leaf_value=-0.0056353852885540389 -0.00071766369121900445 0.0083018807020808529 -0.003018538727885114 -0.00071766369121900445 -0.00071766369121900445 -0.003018538727885114
leaf_weight=3.3284412057837454 14.525069777388127 11.688347199931739 7.4068038322729972 60.228116669342853 0.98645045002922405 6.1191841205582023
leaf_count=622 1246 94 1088 7904 42 486
internal_value=2.40212e-05 0.00217812 -0.000717664 -0.000717664 -0.00301854 -0.00301854
internal_weight=104.282 26.2134 78.069 68.6214 8.39325 9.44763
internal_count=11482 1340 10142 9034 1130 1108
is_linear=0
shrinkage=0.03


Tree=73
num_leaves=6
num_cat=0
split_feature=11 3 1 10 10
split_gain=0.204726 0.910966 0.0523537 0.103884 0.00986918
threshold=88.24967639867684 95.657412257726577 5.7178393745557932 95.875850340136068 52.098004694835687
decision_type=2 2 2 2 2
left_child=2 -2 3 -1 -4
right_child=1 -3 4 -5 -6
leaf_value=-0.0060370766032109228 -0.00073169781826723339 0.0084231903296107455 -0.0013972378209355907 -0.00073169781826723339 -0.00073169781826723339
leaf_weight=4.0337308224989092 14.499913273728454 11.745717089623211 29.375715765287168 0.73104306613095094 43.812381890136749
leaf_count=461 1246 94 5274 36 4371
internal_value=4.24772e-05 0.00228434 -0.000731698 -0.00360683 -0.000731698
internal_weight=104.199 26.2456 77.9529 4.76477 73.1881
internal_count=11482 1340 10142 497 9645
is_linear=0
shrinkage=0.03


Tree=74
num_leaves=12
num_cat=0
split_feature=4 10 1 9 10 1 4 9 1 10 1
split_gain=0.0934809 0.399827 0.661313 0.489382 0.0419341 0.11744 0.119911 0.0239474 0.0330342 0.00634183 0.0243336
threshold=72.186799820754132 57.238095238095248 87.641432329578848 93.920916481892093 6.4172958133150315 93.742469879518083 42.874069058903189 74.374609130706702 31.414768806073159 91.366459627329206 49.598927613941022
decision_type=2 2 2 2 2 2 2 2 2 2 2
left_child=4 -2 3 7 5 6 -1 9 -9 10 -3
right_child=1 2 -4 -5 -6 -7 -8 8 -10 -11 -12
leaf_value=-0.012044539853057985 -0.00082978759389286969 -0.00082978759389286969 0.013402894921439689 0.012609860184341739 -0.00082978759389286969 -0.00082978759389286969 -0.00082978759389286969 -0.00034807119004804391 0.0041080864845219247 -0.00034807119004804391 -0.00034807119004804391
leaf_weight=1.0149512195494019 19.321372008416802 11.40522651001813 3.8543165677692732 2.1066742520779362 50.305278957006522 0.70306806033477176 0.64595619728788722 1.3896811978192993 1.7768116971710695 7.0287610860541454 4.6071989180054507
leaf_count=193 1828 622 79 74 7907 47 123 95 84 232 198
internal_value=5.1106e-05 0.000950816 0.00315608 0.00135159 -0.000829788 -0.00420969 -0.00820696 1.64056e-05 0.00211555 -0.000348071 -0.000829788
internal_weight=104.159 51.49 32.1687 28.3144 52.6693 2.36398 1.66091 26.2077 3.16649 23.0412 16.0124
internal_count=11482 3212 1384 1305 8270 363 316 1231 179 1052 820
is_linear=0
shrinkage=0.03


Tree=75
num_leaves=12
num_cat=0
split_feature=1 10 4 3 4 1 4 3 11 10 1
split_gain=0.425221 0.678246 0.595288 0.1857 0.163788 0.163855 0.222448 0.153304 0.0242503 0.00562841 0.00432236
threshold=81.070417732310332 63.733075435203098 75.282864659157681 92.615592411106931 84.927849927849948 26.614909324346012 60.727299441669118 97.146250424160186 97.872641331539853 99.333333333333357 4.9181423533755142
decision_type=2 2 2 2 2 2 2 2 2 2 2
left_child=4 7 3 9 5 6 -1 -2 -7 -3 -8
right_child=1 2 -4 -5 -6 8 10 -9 -10 -11 -12
leaf_value=-0.009399479876876126 -0.00084115895209575385 -0.00084115895209575385 0.01607965060797531 0.0065583664748251136 -0.00084115895209575385 -0.0014732016217162941 -0.0034214815051584941 0.0051886146253325152 -0.00084115895209575385 0.0017400331519231611 -0.0014732016217162941
leaf_weight=5.5842782174004224 9.2061024521244672 3.7021303683286515 4.3235793210333204 4.4412693805061281 33.711364207789302 33.041766360518523 0.67637640028260637 2.9741401602514097 0.75976875622291018 0.38857723912224162 5.6234395703068003
leaf_count=1044 1344 576 90 63 1628 5568 136 53 65 54 892
internal_value=0.000240265 0.00357041 0.00814092 0.00285311 -0.000841159 -0.00262235 -0.0055228 -0.000841159 -0.0014732 -0.000841159 -0.0014732
internal_weight=104.433 25.0358 12.8556 8.53198 79.397 45.6856 11.8841 12.1802 33.8015 4.09071 6.29982
internal_count=11513 2180 783 693 9333 7705 2072 1397 5633 630 1028
is_linear=0
shrinkage=0.03


Tree=76
num_leaves=7
num_cat=0
split_feature=10 4 11 11 10 3
split_gain=0.183375 0.820135 0.651466 0.0841916 0.0322339 0.168421
threshold=91.751700680272123 82.613871635610778 65.306042758126992 1.3829434846863375 50.333333333333343 97.146250424160186
decision_type=2 2 2 2 2 2
left_child=3 -2 -3 -1 5 -5
right_child=1 2 -4 4 -6 -7
leaf_value=-0.006631305138604709 -0.00030122264754175722 -0.00030122264754175722 0.014437530275168173 -0.0025997265626773458 -0.00030122264754175722 -0.00030122264754175722
leaf_weight=0.89326965576037665 7.1750443605706122 2.8676942918682453 6.0028257684316486 33.539903534925543 46.77872486168053 7.0970338827464721
leaf_count=120 775 110 95 5921 4338 154
internal_value=0.000245399 0.00309498 0.00943059 -0.000301223 -0.000301223 -0.00116141
internal_weight=104.354 16.0456 8.87052 88.3089 87.4157 40.6369
internal_count=11513 980 205 10533 10413 6075
is_linear=0
shrinkage=0.03


Tree=77
num_leaves=14
num_cat=0
split_feature=1 10 11 4 3 1 0 0 10 5 10 4 4
split_gain=0.381618 0.764839 0.761022 0.689425 0.168564 0.113562 0.0663197 0.046407 0.0384257 0.018078 0.0191419 0.012575 0.0033771
threshold=85.301521044809178 59.861111111111121 10.656428879177696 77.976979077851396 92.615592411106931 0.95695970695970711 42.496594569133443 62.012253907042833 4.8003072196620593 33.37282780410743 22.259759759759763 39.322801853070253 73.316684934236761
decision_type=2 2 2 2 2 2 2 2 2 2 2 2 2
left_child=5 -2 -3 4 7 -1 8 -4 -7 10 -10 -11 -12
right_child=1 2 3 -5 -6 6 -8 -9 9 11 12 -13 -14
leaf_value=-0.0074185257161351664 -0.00069513458333550179 -0.00069513458333550179 -0.00069513458333550179 0.020717528036190605 0.0088980610970206334 -0.0073888616553873772 -0.00069513458333550179 0.0036990123755234142 -0.0050385786451510872 -0.0017462327047140086 -0.0019109685997127669 -0.00069513458333550179 -0.00069513458333550179
leaf_weight=1.2716747573576856 9.6231499507557619 0.98225310957059164 2.2778340175282197 3.7787510720081627 3.2170222699642181 0.54364160541445272 65.264294855762273 1.318432593019679 1.7641735777724523 2.6337686759652561 9.1433114662067911 2.1464092613896355 0.24019569403026331
leaf_count=95 1015 107 413 61 39 118 5872 62 445 576 2205 454 51
internal_value=0.000231509 0.00372801 0.0087557 0.0117954 0.00482882 -0.000695135 -0.000695135 4.47383e-05 -0.00259786 -0.0020075 -0.00263915 -0.000695135 -0.00174623
internal_weight=104.205 21.1974 11.5743 10.592 6.81329 83.0075 81.7358 3.59627 16.4715 15.9279 11.1477 4.78018 9.38351
internal_count=11513 1697 682 575 514 9816 9721 475 3849 3731 2701 1030 2256
is_linear=0
shrinkage=0.03


Tree=78
num_leaves=9
num_cat=0
split_feature=1 10 4 9 3 10 3 3
split_gain=0.369761 0.663825 0.587346 0.29907 0.401964 0.260979 0.0628174 0.0277965
threshold=85.301521044809178 59.861111111111121 74.478657543173696 7.4537037037037042 97.880790984239283 95.488466757123476 97.146250424160186 92.615592411106931
decision_type=2 2 2 2 2 2 2 2
left_child=3 6 7 4 -1 -5 -2 -3
right_child=1 2 -4 5 -6 -7 -8 -9
leaf_value=-0.01153095540399723 -0.00069997966123074744 0.0024402044128808207 0.015942430025774505 -0.00069997966123074744 -0.00069997966123074744 0.0024402044128808207 0.0024402044128808207 0.0050500228619489804
leaf_weight=4.3866665621753773 7.0158475561765972 3.8522812079172564 4.2922865215223283 69.264190923655406 1.7589609096758065 7.1240388096775851 2.5699357658158988 3.5471645095385611
leaf_count=506 972 553 79 8872 24 414 43 50
internal_value=0.000217982 0.00365027 0.00826272 -0.00069998 -0.006843 -0.00069998 -0.00069998 0.0024402
internal_weight=103.811 21.2775 11.6917 82.5339 6.14563 76.3882 9.58578 7.39945
internal_count=11513 1697 682 9816 530 9286 1015 603
is_linear=0
shrinkage=0.03


Tree=79
num_leaves=12
num_cat=0
split_feature=1 10 11 5 1 0 1 10 4 4 0
split_gain=0.42109 0.7372 0.750474 0.621047 0.105606 0.0525858 0.058582 0.0285322 0.0203262 0.0103163 0.00913368
threshold=85.301521044809178 59.861111111111121 15.679096776557225 79.13119927337938 0.95695970695970711 42.496594569133443 26.614909324346012 24.80769230769231 8.1222955238703296 71.771001787386169 38.077595355515335
decision_type=2 2 2 2 2 2 2 2 2 2 2
left_child=4 -2 -3 9 -1 6 -6 -8 -9 10 -4
right_child=1 2 3 -5 5 -7 7 8 -10 -11 -12
leaf_value=-0.0071728161825603837 -0.00068142848239227639 -0.00068142848239227639 -0.00068142848239227639 0.016061849199169045 -0.0059217696544610187 -0.00068142848239227639 -0.0037009969504952609 -0.0034286100919174271 -0.00068142848239227639 0.0021030365102969462 0.001639887929863155
leaf_weight=1.2665829310426477 9.623387526720764 1.6918044682824973 1.6082351448712882 7.4907786236144602 2.5044717813143533 64.611819728976116 2.7043013049988067 1.5009905187180255 9.7150416803779063 0.31180060561746348 0.77457179455086578
leaf_count=95 1015 150 283 89 596 5872 666 340 2247 36 124
internal_value=0.000305188 0.00394434 0.00874982 0.012079 -0.000681428 -0.000681428 -0.00238687 -0.00139662 -0.000681428 -0.000343588 -0.000681428
internal_weight=103.804 21.5006 11.8772 10.1854 82.3032 81.0366 16.4248 13.9203 11.216 2.69461 2.38281
internal_count=11513 1697 682 532 9816 9721 3849 3253 2587 443 407
is_linear=0
shrinkage=0.03


Tree=80
num_leaves=11
num_cat=0
split_feature=11 9 1 10 0 11 1 1 0 9
split_gain=0.12617 0.125861 0.0824707 0.073051 0.0720715 0.0414805 0.228067 0.00701918 0.00499929 0.00282496
threshold=10.656428879177696 34.161778326644033 99.018403430168163 80.461293743372238 99.754600857542044 98.48675673612702 22.611735111735118 85.301521044809178 93.365511138022995 3.7268518518518521
decision_type=2 2 2 2 2 2 2 2 2 2
left_child=1 3 4 -1 5 7 -7 9 -3 -2
right_child=2 8 -4 -5 -6 6 -8 -9 -10 -11
leaf_value=-0.010364358314985431 -0.0010810537505810962 -0.0010810537505810962 0.0041393597026339228 -0.0010810537505810962 0.0038758294689380068 -0.00079308618765687336 0.0038758294689380068 -0.00014756428609570882 -0.00079308618765687336 -0.00079308618765687336
leaf_weight=2.0173979427199797 0.87004972749855269 4.6115820655832067 2.562777114333584 1.3651350424624977 2.2655442026443771 1.2778450752375641 2.5112255150452256 15.777670486946588 1.0762773735914377 68.142789140576497
leaf_count=275 160 760 89 127 28 74 114 1305 56 8546
internal_value=-0.000693984 -0.00388607 -0.000346137 -0.00771933 -0.000516365 -0.000670715 0.00207166 -0.000793086 -0.000793086 -0.000793086
internal_weight=102.478 9.07039 93.4079 3.38253 90.8451 88.5796 3.78907 84.7905 5.68786 69.0128
internal_count=11534 1218 10316 402 10227 10199 188 10011 816 8706
is_linear=0
shrinkage=0.03


Tree=81
num_leaves=10
num_cat=0
split_feature=11 4 9 10 9 1 1 10 4
split_gain=0.0766519 0.175516 0.0515188 0.0409351 0.219862 0.0550375 0.0312982 0.0153386 0.00663329
threshold=10.656428879177696 53.602884615384617 12.220009955201595 95.875850340136068 16.345083487940634 79.898070339246829 19.40665224247314 27.308238636363637 5.3152326790191404
decision_type=2 2 2 2 2 2 2 2 2
left_child=1 2 -1 8 5 -5 -6 -3 -2
right_child=3 7 -4 4 6 -7 -8 -9 -10
leaf_value=-0.012530582566205307 -0.0021963418277559897 -0.0037574497551537047 -0.0037574497551537047 -0.00049992003139048022 0.0004908518859722521 0.0049682475346419968 0.007648325552717607 -0.00049992003139048022 -0.00049992003139048022
leaf_weight=0.62400355644058247 2.6163330961717284 0.62242377188522358 3.4012351458659396 3.7767846317728964 0.80626579653471786 1.621224893024191 2.9440687253372744 4.3289816426113248 81.704410846927203
leaf_count=89 447 108 627 168 66 48 205 394 9382
internal_value=-0.000772556 -0.00327671 -0.00734037 -0.00049992 0.00141187 -0.00049992 0.00653683 -0.00049992 -0.00049992
internal_weight=102.446 8.97664 4.02524 93.4691 9.14834 5.39801 3.75033 4.95141 84.3207
internal_count=11534 1218 716 10316 487 216 271 502 9829
is_linear=0
shrinkage=0.03


Tree=82
num_leaves=10
num_cat=0
split_feature=11 4 0 9 4 11 10 10 9
split_gain=0.0649406 0.156029 0.0512688 0.0347059 0.123642 0.0279159 0.19193 0.00158872 0.000657719
threshold=10.656428879177696 53.602884615384617 99.754600857542044 58.123821495914527 21.419575386829795 98.48675673612702 70.074626865671661 97.315315315315345 33.541666666666671
decision_type=2 2 2 2 2 2 2 2 2
left_child=1 3 5 -1 -5 7 -7 -2 -3
right_child=2 8 -4 4 -6 6 -8 -9 -10
leaf_value=-0.009010662125363415 -0.00049548054282421588 -0.002260874841616222 0.0032686308785246361 -0.0084744893547973495 -0.00049548054282421588 -0.00049548054282421588 0.0032686308785246361 0.00046988673039162075 -0.00049548054282421588
leaf_weight=2.1747648578602807 80.405221403809264 1.9593917875317854 2.2739770216867319 0.86401249386835821 0.93637972895521671 1.7714269927237176 2.0218452112749219 7.040967031614854 2.9894570253090933
leaf_count=423 9703 156 28 151 142 134 57 394 346
internal_value=-0.000746175 -0.00305853 -0.000495481 -0.00692808 -0.00209313 -0.000495481 0.0018729 -0.000495481 -0.000495481
internal_weight=102.437 8.92401 93.5134 3.97516 1.80039 91.2395 3.79327 87.4462 4.94885
internal_count=11534 1218 10316 716 293 10288 191 10097 502
is_linear=0
shrinkage=0.03


Tree=83
num_leaves=11
num_cat=0
split_feature=11 1 0 1 11 10 11 11 11 1
split_gain=0.0489494 0.166396 0.108368 0.0765173 0.158473 0.0496003 0.0170835 0.012327 0.00318943 0.0088709
threshold=49.043026221146938 98.290595742143253 99.754600857542044 93.000175214637935 82.894714248919684 6.4172958133150315 16.426846100759146 98.48675673612702 10.656428879177696 99.754600857542044
decision_type=2 2 2 2 2 2 2 2 2 2
left_child=5 2 3 7 -5 6 -1 -2 -7 -10
right_child=1 -3 -4 4 -6 8 -8 -9 9 -11
leaf_value=-0.0076741684872734719 -0.0012190900125782383 0.0059997274895174932 0.0050248833175693536 -0.0012083631805210489 0.0050248833175693536 -0.0018989022214296141 -0.0012190900125782383 0.00046902409774501761 -0.0012190900125782383 0.0015858254084255027
leaf_weight=0.59405290009453782 46.928274288540706 2.6982251232257104 1.9852080973796535 2.4768106001429251 2.3997672072146088 8.4270639539463428 0.84503846324514598 3.4167093094438306 32.159420131938532 0.42388242133892973
leaf_count=103 4632 87 21 166 95 1143 169 178 4928 12
internal_value=-0.000733321 -0.000174197 -0.000563471 -0.000850175 0.00242407 -0.00150019 -0.00572674 -0.00120836 -0.00121909 -0.00121909
internal_weight=102.354 59.905 57.2068 55.2216 4.87658 42.4495 1.43909 50.345 41.0104 32.5833
internal_count=11534 5179 5092 5071 261 6355 272 4810 6083 4940
is_linear=0
shrinkage=0.03


Tree=84
num_leaves=13
num_cat=0
split_feature=9 10 4 11 4 0 11 9 10 11 11 9
split_gain=0.0597314 0.116784 0.10999 0.207475 0.114566 0.286619 0.11141 0.110834 0.0859057 0.0217742 0.0522388 0.00685379
threshold=6.3560463237274449 95.875850340136068 56.760020890455678 76.91391941391943 91.457095918109459 94.110420581008825 18.929156429156432 16.345083487940634 57.238095238095248 97.872641331539853 98.786379168139518 94.630630630630648
decision_type=2 2 2 2 2 2 2 2 2 2 2 2
left_child=8 2 10 -4 5 9 -3 -8 -1 -5 11 -2
right_child=1 6 3 4 -6 -7 7 -9 -10 -11 -12 -13
leaf_value=-0.00738877796677582 -0.0020883991578966575 -0.0016519459938735075 -0.0016519459938735075 -0.0016519459938735075 0.0029721326913651229 0.0029721326913651229 0.0029721326913651229 0.0082716323373309072 -0.0020883991578966575 0.0029721326913651229 0.0029721326913651229 -0.0016519459938735075
leaf_weight=2.2556157922372213 32.091039805905893 1.102351736743002 28.676725731464103 8.194266258855345 13.728094965685157 1.7680981210432936 2.4269327778602019 3.5528741199523211 4.8094792030751705 1.1645536937285221 0.3736532578477626 2.216011627810075
leaf_count=274 5585 94 3179 844 366 44 91 245 273 93 43 403
internal_value=-0.000705391 -0.000489971 -0.000798126 6.0749e-05 0.00202425 -0.000366509 0.00297213 0.0046342 -0.00318998 -0.00165195 -0.0020884 -0.0020884
internal_weight=102.36 95.2946 88.2124 53.5317 24.855 11.1269 7.08216 5.97981 7.06509 9.35882 34.6807 34.3071
internal_count=11534 10987 10557 4526 1347 981 430 336 547 937 6031 5988
is_linear=0
shrinkage=0.03


Tree=85
num_leaves=6
num_cat=0
split_feature=10 1 0 3 10
split_gain=0.189859 0.832866 0.00687951 0.0162813 0.0115179
threshold=96.039215686274517 80.30889309992979 67.125805229253515 89.936689936689945 2.8991596638655466
decision_type=2 2 2 2 2
left_child=2 -2 4 -4 -1
right_child=1 -3 3 -5 -6
leaf_value=-0.0037363487197348746 -0.00054790256038683488 0.014534115732486317 -0.00097110414778935603 -0.00054790256038683488 -0.00097110414778935603
leaf_weight=0.47898120759054919 7.6437319719698262 3.1429070081794634 16.830548741505481 40.108492596773431 34.767640851438046
leaf_count=113 431 135 2716 875 7256
internal_value=-9.50427e-05 0.00349335 -0.000547903 -0.000547903 -0.000971104
internal_weight=102.972 10.7866 92.1857 56.939 35.2466
internal_count=11526 566 10960 3591 7369
is_linear=0
shrinkage=0.03


Tree=86
num_leaves=10
num_cat=0
split_feature=10 1 11 11 11 11 10 11 11
split_gain=0.179002 0.775298 0.109629 0.09663 0.0963843 0.0219608 0.0843705 0.0639886 0.047869
threshold=96.039215686274517 80.30889309992979 79.349160996027436 89.676566880597122 98.786379168139518 64.294446384910955 48.267622461170852 53.247350205494278 10.349181469871127
decision_type=2 2 2 2 2 2 2 2 2
left_child=4 3 -3 -2 5 6 7 -1 -8
right_child=1 2 -4 -5 -6 -7 8 -9 -10
leaf_value=-0.0038322862055026278 -0.00056250617487001826 0.0045789950544529168 0.018733464572888488 0.0052803083500044786 0.0036053393683704231 -0.00056250617487001826 -0.0031924762630408804 -0.00056250617487001826 -0.00056250617487001826
leaf_weight=13.817134879063817 5.4608153941808251 1.7049961469601842 1.4361519403755663 2.1791210439987481 3.771337292622774 39.562467234907672 5.5255264188162974 2.5694320083130142 26.864205361809582
leaf_count=2787 367 107 28 64 154 3421 614 525 3459
internal_value=-0.000122823 0.00336258 0.0140115 -0.000562506 -0.000562506 -0.000778803 -0.00126064 -0.00296686 -0.000562506
internal_weight=102.891 10.7811 3.14115 7.63994 92.1101 88.3388 48.7763 16.3866 32.3897
internal_count=11526 566 135 431 10960 10806 7385 3312 4073
is_linear=0
shrinkage=0.03


Tree=87
num_leaves=11
num_cat=0
split_feature=10 1 11 11 11 11 10 11 1 1
split_gain=0.168851 0.693087 0.131707 0.0935271 0.0509593 0.0262087 0.0933469 0.0703834 0.0559662 0.0495828
threshold=96.039215686274517 80.30889309992979 89.676566880597122 79.349160996027436 98.786379168139518 64.294446384910955 48.267622461170852 53.247350205494278 93.000175214637935 96.802948402948417
decision_type=2 2 2 2 2 2 2 2 2 2
left_child=4 2 -2 -3 5 6 7 9 -7 -1
right_child=1 3 -4 -5 -6 8 -8 -9 -10 -11
leaf_value=-0.004466708520436625 -0.00049329396438472974 0.0043611213775716934 0.0059909612569479659 0.01756279023974034 0.0025001297194298219 -0.00049329396438472974 -0.00049329396438472974 -0.00049329396438472974 0.0025001297194298219 -0.00049329396438472974
leaf_weight=12.85826567863114 5.4410843021469173 1.6979263224639001 2.2331878470722586 1.5036855770740656 3.8942135841352856 34.540286490810104 32.303918480291031 2.5684955574106416 4.9163319068029514 0.82481080852449018
leaf_count=2707 367 107 64 28 154 3183 4073 525 238 80
internal_value=-6.33273e-05 0.00330568 -0.000493294 0.0132658 -0.000493294 -0.000652342 -0.00121878 -0.00302229 -0.000493294 -0.00393501
internal_weight=102.782 10.8759 7.67427 3.20161 91.9063 88.0121 48.5555 16.2516 39.4566 13.6831
internal_count=11526 566 431 135 10960 10806 7385 3312 3421 2787
is_linear=0
shrinkage=0.03


Tree=88
num_leaves=11
num_cat=0
split_feature=10 1 9 5 0 1 10 1 9 10
split_gain=0.169446 0.694841 0.0182071 0.109804 0.00629536 0.0330558 0.0331486 0.0184064 0.00325212 0.0131105
threshold=96.039215686274517 80.30889309992979 8.1356867071152816 94.110420581008825 67.125805229253515 4.1096953665412377 4.8003072196620593 98.663092046470084 82.167318982387485 85.239651416122015
decision_type=2 2 2 2 2 2 2 2 2 2
left_child=4 2 -2 -4 5 -1 -7 -6 9 -8
right_child=1 -3 3 -5 7 6 8 -9 -10 -11
leaf_value=-0.0054348041782866768 -0.00049208518160503631 0.013294115036049818 -0.00049208518160503631 0.0059274785544543972 -0.00049208518160503631 -0.0043753782693386756 -0.0012804059802095941 0.002157001224813175 -0.00049208518160503631 -0.00049208518160503631
leaf_weight=0.41100962157361109 2.4171921757515502 3.1969018703093752 3.0712376940064132 2.2164711747318506 54.724694395670667 1.0891720333602268 23.575389125500809 1.958494963357224 6.3398622270906335 3.7135841308627269
leaf_count=78 108 135 297 26 3550 228 5077 41 1373 613
internal_value=-6.05044e-05 0.00331012 -0.000492085 0.00181569 -0.000492085 -0.000896467 -0.000692085 -0.000492085 -0.000492085 -0.000830027
internal_weight=102.714 10.9018 7.7049 5.28771 91.8122 35.129 34.718 56.6832 33.6288 27.289
internal_count=11526 566 431 323 10960 7369 7291 3591 7063 5690
is_linear=0
shrinkage=0.03


Tree=89
num_leaves=10
num_cat=0
split_feature=11 10 3 3 10 5 1 9 3
split_gain=0.123559 0.5851 0.492905 0.0990401 0.0327908 0.0142909 0.0402253 0.01152 0.00153456
threshold=65.306042758126992 91.751700680272123 92.615592411106931 95.657412257726577 48.267622461170852 27.45852964591953 90.330372448184519 41.987654320987659 98.663092046470084
decision_type=2 2 2 2 2 2 2 2 2
left_child=4 3 7 -2 5 6 -1 -3 -7
right_child=1 2 -4 -5 -6 8 -8 -9 -10
leaf_value=-0.0053404267728398595 -0.0010519368514806298 -0.0010519368514806298 0.011829497981643193 0.0015486214818145718 -0.0010519368514806298 -0.0016153382753136276 -0.0016153382753136276 0.001462753439175369 -0.0010519368514806298
leaf_weight=3.6431970201665562 26.564706716686487 1.3729540291242286 6.1298249212559313 13.584985553519799 36.983878199476749 11.484793194802473 0.66357425355818112 1.6354589171241967 0.57585870521143157
leaf_count=922 3134 149 59 199 4501 2276 146 117 23
internal_value=-6.0899e-05 0.00101143 0.00745337 -0.000600282 -0.00105194 -0.00237971 -0.00381249 -0.000600282 -0.00161534
internal_weight=102.639 49.2879 9.13824 40.1497 53.3513 16.3674 4.30677 3.00841 12.0607
internal_count=11526 3658 325 3333 7868 3367 1068 266 2299
is_linear=0
shrinkage=0.03


Tree=90
num_leaves=13
num_cat=0
split_feature=11 1 10 1 11 9 9 5 1 1 1 10
split_gain=0.146608 0.398834 0.40338 0.479625 0.478829 0.080932 0.175052 0.0636029 0.0169377 0.0135608 0.0194044 0.00533838
threshold=49.043026221146938 98.290595742143253 89.347517730496463 90.330372448184519 97.872641331539853 6.3560463237274449 4.7646057855927406 46.027921208644109 79.536660350105365 84.137200165425995 6.9371036846615262 11.834733893557424
decision_type=2 2 2 2 2 2 2 2 2 2 2 2
left_child=5 2 6 4 -4 8 -2 9 -1 -7 -9 -11
right_child=1 -3 3 -5 -6 7 -8 10 -10 11 -12 -13
leaf_value=-0.0095986954346592296 -0.0055015858057740237 0.010596189406464984 -0.00069159489049710468 0.010596189406464984 0.010596189406464984 -0.0032366469249119319 -0.00069159489049710468 -0.0032366469249119319 -0.0055015858057740237 -0.0026773295632732379 -0.00069159489049710468 -0.00069159489049710468
leaf_weight=1.7112190240295597 1.0848169848322857 2.8644395049195728 8.7818865665467438 2.3061128796543917 2.1103011015802613 9.9041508613154239 45.770063442643732 2.291606272687214 0.64605876267887641 0.34413596440572458 25.282765321200714 2.4626113523263484
leaf_count=211 107 96 478 49 31 2473 4472 285 80 80 2705 535
internal_value=0.000336529 0.001249 0.000636896 0.00506967 0.00152952 -0.00100756 -0.000691595 -0.000691595 -0.00550159 -0.00274739 -0.000691595 -0.000691595
internal_weight=105.56 62.9176 60.0532 13.1983 10.8922 42.6425 46.8549 40.2853 2.35728 12.7109 27.5744 2.80675
internal_count=11602 5233 5137 558 509 6369 4579 6078 291 3088 2990 615
is_linear=0
shrinkage=0.03


Tree=91
num_leaves=12
num_cat=0
split_feature=1 0 1 9 10 10 5 1 5 1 1
split_gain=0.117385 0.188617 0.126132 0.227376 0.209425 0.0727435 0.294043 0.0481188 0.0300395 0.0267354 0.0189852
threshold=0.95695970695970711 99.754600857542044 93.742469879518083 6.3560463237274449 97.202660406885769 91.751700680272123 94.479671411265912 45.241155588199298 33.37282780410743 81.852088661551591 3.7086157775812949
decision_type=2 2 2 2 2 2 2 2 2 2 2
left_child=-1 2 3 7 8 -4 -6 -2 9 -5 -10
right_child=1 -3 5 4 6 -7 -8 -9 10 -11 -12
leaf_value=-0.0061375342951024703 -0.0061375342951024703 0.0077434399948118696 0.0017258712527082202 -0.0015592434087644271 -0.00017624424419869345 0.0076675000753812011 0.0076675000753812011 -0.0015592434087644271 -0.0015592434087644271 -0.00017624424419869345 -0.00017624424419869345
leaf_weight=1.440170680056325 2.5805336791090658 2.1594884837977579 9.4566065617836994 10.821364877629092 3.3278977969894177 1.6553327850997437 2.7609943668358028 3.008370210765861 3.1713499112520358 2.5473528825677922 62.366028319695033
leaf_count=88 228 26 648 2684 302 87 26 256 277 581 6399
internal_value=0.000374864 0.000522844 0.000295607 -8.78852e-05 0.000324596 0.00317096 0.00317096 -0.00545804 -0.000176244 -0.00154873 -0.000176244
internal_weight=105.295 103.855 101.696 90.5839 84.995 11.1119 6.08889 5.5889 78.9061 13.3687 65.5374
internal_count=11602 11514 11488 10753 10269 735 328 484 9941 3265 6676
is_linear=0
shrinkage=0.03


Tree=92
num_leaves=5
num_cat=0
split_feature=11 3 9 1
split_gain=0.198502 0.879194 0.0493064 0.190394
threshold=97.872641331539853 92.615592411106931 2.7973395931142417 93.365511138022995
decision_type=2 2 2 2
left_child=2 -2 3 -1
right_child=1 -3 -4 -5
leaf_value=-0.010591973512941095 4.6064720847598604e-05 0.014417045384830946 4.6064720847598604e-05 4.6064720847598604e-05
leaf_weight=0.90632374305277952 2.7361170205986118 3.7622739262878895 97.388290649396367 0.47529493295587599
leaf_count=162 230 31 11155 24
internal_value=0.000403784 0.00510958 4.60647e-05 -0.00427059
internal_weight=105.268 6.49839 98.7699 1.38162
internal_count=11602 261 11341 186
is_linear=0
shrinkage=0.03


Tree=93
num_leaves=11
num_cat=0
split_feature=0 1 9 10 3 10 10 3 10 9
split_gain=0.139218 0.134895 0.180466 0.137284 0.127827 0.117697 0.038725 0.0305717 0.00112336 0.0046527
threshold=99.754600857542044 93.000175214637935 4.1960093896713619 87.119815668202776 89.550466196334256 67.626346313173173 51.492869875222823 91.845220068645276 99.333333333333357 2.7973395931142417
decision_type=2 2 2 2 2 2 2 2 2 2
left_child=1 2 3 -1 -3 -6 -4 -8 9 -5
right_child=-2 4 6 8 5 -7 7 -9 -10 -11
leaf_value=-0.012049544102708285 0.0064431903400461012 2.7043725295997911e-05 -0.00095891569236281212 -0.0020852439551049592 0.00070303571180963778 0.0064431903400461012 2.7043725295997911e-05 0.00070303571180963778 2.7043725295997911e-05 2.7043725295997911e-05
leaf_weight=1.0000237124040716 2.3142662993632248 4.3548263098346043 34.85297161503695 0.33347252535168059 4.0069397855550033 4.2031047283671796 26.899315502145328 26.433338062604889 0.44860537257045507 0.32832640933338553
leaf_count=162 37 693 5705 75 82 50 4319 426 8 45
internal_value=0.000390425 0.000193519 -0.000223148 -0.00732518 0.00298356 0.00506344 2.70437e-05 2.70437e-05 2.70437e-05 -0.00100251
internal_weight=105.175 102.861 90.2961 2.11043 12.5649 8.21004 88.1856 53.3327 1.1104 0.661799
internal_count=11602 11565 10740 290 825 132 10450 4745 128 120
is_linear=0
shrinkage=0.03


Tree=94
num_leaves=9
num_cat=0
split_feature=11 3 5 11 1 1 0 0
split_gain=0.177127 0.850865 0.0335791 0.0684538 0.0504011 0.00937729 0.0271472 0.000396483
threshold=97.872641331539853 95.657412257726577 38.501720049430553 46.101323964778985 81.852088661551591 38.911111111111119 31.735684298908485 6.9193520886615518
decision_type=2 2 2 2 2 2 2 2
left_child=2 -2 3 4 5 -1 -7 -6
right_child=1 -3 -4 -5 7 6 -8 -9
leaf_value=-0.0054320768341409899 8.6772142504359457e-05 0.015290565201858073 8.6772142504359457e-05 8.6772142504359457e-05 -0.00069907821734995217 -0.0034231266413255325 8.6772142504359457e-05 8.6772142504359457e-05
leaf_weight=2.5619713928317669 3.3976479213451958 3.0548938438296318 80.474940824089572 7.371977135189808 0.94929958658758673 4.0011222059838474 1.303034685202874 2.0181000498123467
leaf_count=661 237 24 6964 1727 211 1007 321 450
internal_value=0.000424462 0.00488423 8.67721e-05 -0.0011678 -0.00269916 -0.0038472 -0.00234144 8.67721e-05
internal_weight=105.133 6.45254 98.6804 18.2055 10.8335 7.86613 5.30416 2.9674
internal_count=11602 261 11341 4377 2650 1989 1328 661
is_linear=0
shrinkage=0.03


Tree=95
num_leaves=14
num_cat=0
split_feature=0 1 11 0 10 4 1 4 11 4 1 1 10
split_gain=0.185221 0.137479 0.150802 0.1048 0.175891 0.0791671 0.0486185 0.0385033 0.0244457 0.0175616 0.0188008 0.00883577 0.00759323
threshold=99.754600857542044 1.6990691646046898 10.656428879177696 67.125805229253515 83.457711442786078 77.203977445900648 93.742469879518083 98.290595742143253 98.172273920305429 12.14003015454203 79.13119927337938 26.614909324346012 52.985739750445639
decision_type=2 2 2 2 2 2 2 2 2 2 2 2 2
left_child=1 12 7 4 5 8 -5 -3 9 10 -4 -11 -1
right_child=-2 2 3 6 -6 -7 -8 -9 -10 11 -12 -13 -14
leaf_value=-0.0084570993807687143 0.0073799550208577544 -0.0038886142369845091 -0.0038886142369845091 0.0015743305335691332 0.0015743305335691332 0.0015743305335691332 0.0042971631880878193 0.0015743305335691332 0.0015743305335691332 -0.0032547228783846543 -0.0018578771010217604 -0.0014400321782335221 -0.0038886142369845091
leaf_weight=0.72277167753782068 2.396208935417234 7.2847464313963419 2.2749909118283709 51.577658894588239 6.5513718446018165 1.8617165640462179 5.2363529771100721 0.42786161368712772 0.39484421676024695 3.1926061264239314 2.1922308277571574 17.462115593953058 1.3188330371631307
leaf_count=81 40 1147 502 3138 987 337 114 17 72 782 418 3738 80
internal_value=0.000488096 0.000252679 0.000442403 0.000796451 -0.000513853 -0.00174723 0.00157433 -0.00333651 -0.00224507 -0.00239372 -0.00388861 -0.00185788 -0.0060341
internal_weight=102.894 100.498 98.4565 90.7439 33.9299 27.3785 56.814 7.71261 25.5168 25.1219 4.46722 20.6547 2.0416
internal_count=11453 11413 11252 10088 6836 5849 3252 1164 5512 5440 920 4520 161
is_linear=0
shrinkage=0.03


Tree=96
num_leaves=11
num_cat=0
split_feature=0 11 10 4 0 4 4 10 4 10
split_gain=0.17948 0.0858466 0.0918946 0.239666 0.0944812 0.0999993 0.0281548 0.0205029 0.0126453 0.00132549
threshold=99.754600857542044 10.656428879177696 97.315315315315345 82.613871635610778 67.125805229253515 77.203977445900648 98.290595742143253 95.803990610328654 12.559814089795546 94.174208144796395
decision_type=2 2 2 2 2 2 2 2 2 2
left_child=1 6 4 -4 5 7 -1 8 -3 -10
right_child=-2 2 3 -5 -6 -7 -8 -9 9 -11
leaf_value=-0.0031542490476765563 0.0072732760991120636 -0.0031542490476765563 0.0002102033052512576 0.0072732760991120636 0.0002102033052512576 0.0002102033052512576 0.0002102033052512576 0.0002102033052512576 -0.0018651278575127184 -6.2101861968788964e-06
leaf_weight=7.2955373127479097 2.3967296448536208 5.6426627435721555 3.540899805724619 4.530218536616303 52.351438503246754 2.3653457807376972 0.44198103598318983 0.46269222116097708 23.430727144121196 0.35695957415737112
leaf_count=1152 40 1086 302 100 3229 380 20 49 5015 80
internal_value=0.000489599 0.000257571 0.000520423 0.00339079 0.000210203 -0.00138919 -0.00259012 -0.00217068 -0.00231223 -0.00183861
internal_weight=102.815 100.418 92.6809 8.07112 84.6098 32.2584 7.73752 29.893 29.4303 23.7877
internal_count=11453 11413 10241 402 9839 6610 1172 6230 6181 5095
is_linear=0
shrinkage=0.03


Tree=97
num_leaves=14
num_cat=0
split_feature=1 0 11 3 1 11 1 1 10 10 5 5 3
split_gain=0.163431 0.206542 0.0903618 0.109613 0.13565 0.0633988 0.0551874 0.0607846 0.0591473 0.0403669 0.0363952 0.0211485 0.00691223
threshold=0.50891903266535021 99.754600857542044 10.656428879177696 89.936689936689945 89.155032829731638 98.48675673612702 98.663092046470084 3.3251119305514218 95.803990610328654 97.937925170068027 33.37282780410743 94.110420581008825 14.180016786483232
decision_type=2 2 2 2 2 2 2 2 2 2 2 2 2
left_child=-1 2 6 4 7 9 -2 -4 10 -5 -9 12 -12
right_child=1 -3 3 5 -6 -7 -8 8 -10 -11 11 -13 -14
leaf_value=-0.0092988868917720964 -0.0033764200779948786 0.0079849722641085284 -0.0033764200779948786 0.0016697617323907449 0.0016697617323907449 0.0057363082278174176 0.0016697617323907449 -0.0024641319744908492 0.0016697617323907449 0.0051834514955486771 -0.0024641319744908492 0.0016697617323907449 -0.00051172573168383926
leaf_weight=0.51241091452538867 7.1040377836907274 2.3399803205393246 1.6162725649774063 41.364600611967035 6.1112703948747358 2.6190215530805281 0.58739322412293393 11.184433850226922 2.3833552373107514 2.6516521330922833 0.3807994828093858 0.74038693681359191 23.067175190895796
leaf_count=43 1123 30 239 932 884 29 48 2745 350 37 90 50 4853
internal_value=0.000504563 0.000643411 0.000393794 0.000663235 -0.000382496 0.00166976 -0.00253827 -0.00114845 -0.000754104 0.00166976 -0.00112314 -0.000429863 -0.000661441
internal_weight=102.663 102.15 99.8104 92.119 45.4837 46.6353 7.69143 39.3724 37.7562 44.0163 35.3728 24.1884 23.448
internal_count=11453 11410 11380 10209 9211 998 1171 8327 8088 969 7738 4993 4943
is_linear=0
shrinkage=0.03


Tree=98
num_leaves=12
num_cat=0
split_feature=1 0 1 4 1 10 1 5 4 5 10
split_gain=0.157683 0.203806 0.0426873 0.223005 0.0912488 0.047941 0.379568 0.0360437 0.0310841 0.0175705 0.00283958
threshold=0.50891903266535021 99.754600857542044 20.990915643316608 84.557892777364131 15.365546476623459 95.488466757123476 80.30889309992979 98.290595742143253 54.392271594924985 87.226251443118926 26.794915836482314
decision_type=2 2 2 2 2 2 2 2 2 2 2
left_child=-1 2 3 4 7 8 -7 -2 -4 -6 -5
right_child=1 -3 5 10 9 6 -8 -9 -10 -11 -12
leaf_value=-0.0090894127963151404 -0.0068410177271255356 0.007972422611540228 0.00018405603480626691 0.00018405603480626691 -0.0021340372529393874 0.00076471104847847065 0.007972422611540228 0.00018405603480626691 0.00076471104847847065 0.00018405603480626691 0.00076471104847847065
leaf_weight=0.51013397984206577 5.3390396186150628 2.3459213278256348 30.568835163372569 1.5980429867049561 1.9491364086279661 4.8366145087638852 3.3845344816800207 0.27207178203389037 38.98323554568924 0.71135892008896906 12.031794823589733
leaf_count=43 1015 30 5302 189 474 326 151 11 3251 40 621
internal_value=0.000549776 0.000685736 0.000436752 -0.000710388 -0.00443961 0.000764711 0.00294245 -0.00632814 0.000764711 0.000184056 0.000764711
internal_weight=102.531 102.021 99.6747 21.9014 8.27161 77.7732 8.22115 5.61111 69.5521 2.6605 13.6298
internal_count=11453 11410 11380 2350 1540 9030 477 1026 8553 514 810
is_linear=0
shrinkage=0.03


Tree=99
num_leaves=15
num_cat=0
split_feature=0 1 11 0 4 10 4 11 1 10 3 10 4 1
split_gain=0.134166 0.124905 0.133037 0.0684921 0.107785 0.115097 0.0378698 0.0286761 0.0260376 0.326472 0.0317624 0.0120957 0.0143813 0.0532822
threshold=99.754600857542044 1.6990691646046898 10.050964830376596 42.496594569133443 76.818895338225104 95.803990610328654 98.290595742143253 98.786379168139518 86.043552036199102 54.110360360360367 88.79024390243903 96.039215686274517 1.6990691646046898 81.852088661551591
decision_type=2 2 2 2 2 2 2 2 2 2 2 2 2 2
left_child=1 -1 6 4 5 7 11 12 -5 -10 -11 -3 -4 -14
right_child=-2 2 3 8 -6 -7 -8 -9 9 10 -12 -13 13 -15
leaf_value=-0.0056876640848488738 0.0063801027597470208 -0.0041813898966436757 -0.0041813898966436757 0.0012789926165090025 0.0012789926165090025 0.0012789926165090025 0.0012789926165090025 0.0012789926165090025 0.0012789926165090025 0.0015294324654695933 0.0063801027597470208 -5.4623393239466599e-05 -0.0032701200025499178 0.00034755248665903766
leaf_weight=1.9999104398302723 2.442362231668084 5.8783941247966132 0.64729140792045115 57.300901802955195 1.0340987173840392 0.98560952092520793 0.42726554884575296 0.22694546112324943 5.4803487875033161 2.2071156871970725 6.1346629685722291 0.73414371570106585 12.115105660050178 4.8365019978955379
leaf_count=161 40 1013 107 5341 113 171 17 37 270 162 73 70 2931 947
internal_value=0.000553873 0.000349832 0.000529232 0.000847827 -0.000684623 -0.00172701 -0.00318106 -0.00260668 0.00127899 0.00257952 0.0063801 -0.00379059 -0.00281469 -0.00227609
internal_weight=102.451 100.008 98.0084 90.9686 19.8456 18.8115 7.0398 17.8258 71.123 13.8221 8.34178 6.61254 17.5989 16.9516
internal_count=11453 11413 11252 10152 4306 4193 1100 4022 5846 505 235 1083 3985 3878
is_linear=0
shrinkage=0.03


Tree=100
num_leaves=8
num_cat=0
split_feature=1 10 11 10 11 1 11
split_gain=0.181703 0.558126 0.395541 0.195511 0.189222 0.05874 0.00462799
threshold=85.301521044809178 85.239651416122015 78.750219018297429 97.849213691026833 97.046974545244908 0.95695970695970711 17.256884036234933
decision_type=2 2 2 2 2 2 2
left_child=5 4 3 6 -2 -1 -3
right_child=1 2 -4 -5 -6 -7 -8
leaf_value=-0.0064295173710511499 -0.0012882301153820815 -0.0012882301153820815 0.016359710620534918 0.0090941476933121667 0.0069567830480538511 -0.0012882301153820815 0.00035863727701235997
leaf_weight=1.0627942748833437 14.640077637159271 1.2509801196865731 2.248339454876259 1.2296701273880897 1.5329166359733779 78.209280826849863 2.0476783382473513
leaf_count=90 1385 67 51 64 50 9621 104
internal_value=-0.000609094 0.0016926 0.00831228 0.00208018 -0.00128823 -0.00128823 -0.00128823
internal_weight=102.222 22.9497 6.77667 4.52833 16.173 79.2721 3.29866
internal_count=11432 1721 286 235 1435 9711 171
is_linear=0
shrinkage=0.03


Tree=101
num_leaves=8
num_cat=0
split_feature=1 10 11 11 10 11 1
split_gain=0.181497 0.668869 0.37191 0.231812 0.177008 0.0825965 0.0513375
threshold=81.070417732310332 85.239651416122015 78.750219018297429 97.046974545244908 97.315315315315345 17.256884036234933 0.95695970695970711
decision_type=2 2 2 2 2 2 2
left_child=6 3 4 -2 5 -3 -1
right_child=1 2 -4 -5 -6 -7 -8
leaf_value=-0.0061327022492498173 -0.0013116121597628934 -0.0013116121597628934 0.016195973604300272 0.0075134765624698899 0.0082981878475085116 0.0036436578629255268 -0.0013116121597628934
leaf_weight=1.0618812388274808 17.560560586396615 1.0739718964323395 2.4799662572331727 1.7095019877888251 1.7878381701884789 2.1183295607334003 74.488206920563243
leaf_count=90 1792 77 64 64 89 121 9135
internal_value=-0.000563005 0.00152386 0.0085733 -0.00131161 0.00270388 -0.00131161 -0.00131161
internal_weight=102.28 26.7302 7.46011 19.2701 4.98014 3.1923 75.5501
internal_count=11432 2207 351 1856 287 198 9225
is_linear=0
shrinkage=0.03


Tree=102
num_leaves=6
num_cat=0
split_feature=1 10 3 1 10
split_gain=0.199162 0.652577 0.0552624 0.0541303 0.0247801
threshold=81.070417732310332 85.239651416122015 96.020560328331825 0.95695970695970711 97.315315315315345
decision_type=2 2 2 2 2
left_child=3 2 -2 -1 -3
right_child=1 4 -4 -5 -6
leaf_value=-0.0063451478187336301 -0.0013623404192139273 0.0051706759952365204 0.0014514792418349369 -0.0013623404192139273 0.011317497431673052
leaf_weight=1.0369137296220277 13.693489807890733 4.8125071899266905 5.520375548163428 74.417034514364786 2.7951391120441258
leaf_count=90 1764 243 92 9135 108
internal_value=-0.000576236 0.0016047 -0.00136234 -0.00136234 0.00848154
internal_weight=102.275 26.8215 19.2139 75.4539 7.60765
internal_count=11432 2207 1856 9225 351
is_linear=0
shrinkage=0.03


Tree=103
num_leaves=8
num_cat=0
split_feature=1 10 11 11 10 1 11
split_gain=0.143119 0.508357 0.429695 0.223588 0.168317 0.0487179 0.0369729
threshold=81.070417732310332 85.239651416122015 78.750219018297429 97.046974545244908 97.315315315315345 0.95695970695970711 17.256884036234933
decision_type=2 2 2 2 2 2 2
left_child=5 3 4 -2 6 -1 -3
right_child=1 2 -4 -5 -6 -7 -8
leaf_value=-0.0059757309418325532 -0.0012471163170082653 -0.0012471163170082653 0.015187610471909089 0.0074097056668018749 0.0070700169047825129 -0.0012471163170082653 0.0025033316288550645
leaf_weight=1.0304918914334837 17.508944608038302 1.0853208682965481 2.6388235236518085 1.7113967615878198 1.8031942965462802 74.275868204422295 2.1533382128691301
leaf_count=90 1792 77 64 64 89 9135 121
internal_value=-0.00057953 0.00126702 0.00730865 -0.00124712 0.00135373 -0.00124712 -0.00124712
internal_weight=102.207 26.901 7.68068 19.2203 5.04185 75.3064 3.23866
internal_count=11432 2207 351 1856 287 9225 198
is_linear=0
shrinkage=0.03


Tree=104
num_leaves=8
num_cat=0
split_feature=1 10 11 11 10 1 11
split_gain=0.128284 0.46386 0.380263 0.21974 0.170967 0.0446469 0.0319243
threshold=81.070417732310332 85.239651416122015 78.750219018297429 97.046974545244908 97.315315315315345 0.95695970695970711 17.256884036234933
decision_type=2 2 2 2 2 2 2
left_child=5 3 4 -2 6 -1 -3
right_child=1 2 -4 -5 -6 -7 -8
leaf_value=-0.0057525410824326387 -0.0012210938907553108 -0.0012210938907553108 0.014371144291440175 0.0073710241889456867 0.0070907316374881034 -0.0012210938907553108 0.0023825008676916586
leaf_weight=1.0294738007942204 17.511698129936132 1.0842226287350052 2.6245196459349245 1.7057027728296805 1.8227425806690005 74.27093719295226 2.1529290607431903
leaf_count=90 1792 77 64 64 89 9135 121
internal_value=-0.000589268 0.00115965 0.00693081 -0.00122109 0.00133691 -0.00122109 -0.00122109
internal_weight=102.202 26.9018 7.68441 19.2174 5.05989 75.3004 3.23715
internal_count=11432 2207 351 1856 287 9225 198
is_linear=0
shrinkage=0.03


Tree=105
num_leaves=6
num_cat=0
split_feature=11 3 9 10 10
split_gain=0.325935 1.1301 0.150233 0.109714 0.007674
threshold=97.872641331539853 92.615592411106931 4.7646057855927406 81.016731016731029 99.333333333333357
decision_type=2 2 2 2 2
left_child=2 -2 3 -1 -5
right_child=1 -3 -4 4 -6
leaf_value=-0.0097152581741792015 0.00047540488334966416 0.018396598415433417 0.00047540488334966416 -0.0014350100949877362 0.00047540488334966416
leaf_weight=1.2552220994839438 2.6434496508445582 3.1469964161515236 94.002713243011385 1.0091873799683524 0.72582804923877109
leaf_count=185 237 25 10844 159 12
internal_value=0.000925317 0.00728174 0.000475405 -0.00535055 0.000204787
internal_weight=102.783 5.79045 96.993 2.99024 1.73502
internal_count=11462 262 11200 356 171
is_linear=0
shrinkage=0.03


Tree=106
num_leaves=6
num_cat=0
split_feature=11 3 11 3 3
split_gain=0.333884 1.13489 0.0445959 0.014699 0.00215198
threshold=97.872641331539853 92.615592411106931 10.656428879177696 98.663092046470084 3.3251119305514218
decision_type=2 2 2 2 2
left_child=2 -2 3 -1 -4
right_child=1 -3 4 -5 -6
leaf_value=-0.0021176020681388029 0.00043546118952843174 0.0183550251702282 -0.0012094795366637506 0.00043546118952843174 0.00043546118952843174
leaf_weight=7.2454070865642262 2.6437383982120073 3.1851373687386513 1.2206026968779031 0.81048682471737254 87.608940857928246
leaf_count=1158 237 25 288 27 9727
internal_value=0.000892002 0.00730546 0.000435461 -0.00167475 0.000435461
internal_weight=102.714 5.82888 96.8854 8.05589 88.8295
internal_count=11462 262 11200 1185 10015
is_linear=0
shrinkage=0.03


Tree=107
num_leaves=9
num_cat=0
split_feature=9 10 3 1 9 5 1 1
split_gain=0.203653 0.0608613 0.0197698 0.0952603 0.0630661 0.0227515 0.0485977 0.00868773
threshold=4.7646057855927406 81.016731016731029 89.550466196334256 20.990915643316608 20.126582278481017 83.374698995522678 89.550466196334256 29.854283086934995
decision_type=2 2 2 2 2 2 2 2
left_child=1 -1 4 -4 -2 6 -5 -3
right_child=2 7 3 5 -6 -7 -8 -9
leaf_value=-0.0090570278952443583 -0.00097265154615232741 -0.0033720453683074654 0.00069855194306093821 0.00069855194306093821 0.00069855194306093821 0.0027071855571646772 0.0027071855571646772 -0.00097265154615232741
leaf_weight=1.2498671092325815 7.0550123498542225 0.52247228869236972 13.261153244413434 1.0777954768855118 40.669261098955758 35.457283087307587 2.1162691590143368 1.2480891000013796
leaf_count=189 1432 47 330 85 8474 718 59 128
internal_value=0.000905649 -0.00573867 0.00116209 0.00156697 0.000698552 0.00248206 0.000698552 -0.000972652
internal_weight=102.657 3.02043 99.6368 51.9125 47.7243 38.6513 3.19406 1.77056
internal_count=11462 364 11098 1192 9906 862 144 175
is_linear=0
shrinkage=0.03


Tree=108
num_leaves=10
num_cat=0
split_feature=9 10 3 1 9 5 1 5 1
split_gain=0.194543 0.0671295 0.0269293 0.105203 0.0515082 0.0146674 0.0776764 0.0129423 0.00917379
threshold=4.7646057855927406 81.016731016731029 89.550466196334256 20.990915643316608 20.126582278481017 87.226251443118926 93.000175214637935 99.754600857542044 29.854283086934995
decision_type=2 2 2 2 2 2 2 2 2
left_child=1 -1 4 7 -2 6 -5 -4 -3
right_child=2 8 3 5 -6 -7 -8 -9 -10
leaf_value=-0.0090782664376736523 -0.00075742730347974261 -0.0031690295790059485 0.00060200113772303893 0.00060200113772303893 0.00060200113772303893 0.0027908660717655071 0.0027908660717655071 0.0027908660717655071 -0.00075742730347974261
leaf_weight=1.2498561318498098 7.023071128409355 0.51829025824554231 11.068693708279165 3.4948715926147988 40.675571949686855 32.582380227511749 2.5782242557033896 2.1677569020539531 1.2347078861203042
leaf_count=189 1432 47 310 176 8474 629 57 20 128
internal_value=0.000885237 -0.00562348 0.00113544 0.00160512 0.000602001 0.00253563 0.000965278 0.000602001 -0.000757427
internal_weight=102.593 3.00285 99.5906 51.8919 47.6986 38.6555 6.0731 13.2365 1.753
internal_count=11462 364 11098 1192 9906 862 233 330 175
is_linear=0
shrinkage=0.03


Tree=109
num_leaves=5
num_cat=0
split_feature=11 3 9 11
split_gain=0.297104 1.0746 0.133395 0.0346302
threshold=97.872641331539853 92.615592411106931 4.7646057855927406 10.656428879177696
decision_type=2 2 2 2
left_child=2 -2 -1 -4
right_child=1 -3 3 -5
leaf_value=-0.0051328203246789189 0.00044556962329217069 0.017882081780576743 -0.0015798204911014852 0.00044556962329217069
leaf_weight=2.8644009424606329 2.6308680523652574 3.1246793828904629 7.7916438011452547 86.049505740054883
leaf_count=356 237 25 1127 9717
internal_value=0.000875241 0.00696003 0.00044557 0.00044557
internal_weight=102.461 5.75555 96.7056 93.8411
internal_count=11462 262 11200 10844
is_linear=0
shrinkage=0.03


Tree=110
num_leaves=9
num_cat=0
split_feature=11 4 9 4 1 10 4 10
split_gain=0.0904149 0.0886301 0.187055 0.152685 0.0686245 0.23394 0.53695 0.017121
threshold=10.349181469871127 22.235805487639229 34.161778326644033 98.290595742143253 89.936689936689945 66.206699657403888 76.068439839077456 97.937925170068027
decision_type=2 2 2 2 2 2 2 2
left_child=1 -1 3 -3 -2 -6 7 -7
right_child=4 2 -4 -5 5 6 -8 -9
leaf_value=-0.0070776815634018683 0.00054104152316715763 -0.0070776815634018683 0.00054104152316715763 0.00054104152316715763 0.00054104152316715763 0.00054104152316715763 0.013921155888670367 0.0040773124933279233
leaf_weight=1.7823993123602111 78.671696684090421 1.5760663109831514 3.6964112175628543 0.67484507244080294 7.4133662024978539 4.0513541016262007 3.2252810196951032 0.9124952577985822
leaf_count=370 9402 237 542 16 638 264 44 38
internal_value=0.00027582 -0.00265034 -0.000495705 -0.00681914 0.000541042 0.00247435 0.00599058 0.000541042
internal_weight=102.004 7.72972 5.94732 2.25091 94.2742 15.6025 8.18913 4.96385
internal_count=11551 1165 795 253 10386 984 346 302
is_linear=0
shrinkage=0.03


Tree=111
num_leaves=10
num_cat=0
split_feature=11 1 10 4 4 9 4 3 4
split_gain=0.0810307 0.0809118 0.241993 0.524387 0.0806774 0.16771 0.138859 0.0399716 0.00321307
threshold=10.349181469871127 89.936689936689945 66.206699657403888 76.068439839077456 22.235805487639229 34.161778326644033 98.290595742143253 92.615592411106931 4.5285714285714294
decision_type=2 2 2 2 2 2 2 2 2
left_child=4 8 -3 7 -1 6 -6 -4 -2
right_child=1 2 3 -5 5 -7 -8 -9 -10
leaf_value=-0.0067410932505870391 -0.001000815940278266 0.00012370750759902878 0.00012370750759902878 0.013704749023455292 -0.0067410932505870391 0.00012370750759902878 0.00012370750759902878 0.0035398798854054522 0.00012370750759902878
leaf_weight=1.7629656924400467 1.2988855922594655 7.4109146972186855 2.6079330766806361 3.2186012086458504 1.5601835753768685 3.6967673117760569 0.67500080564059306 2.3600206673145294 77.35602618532721
leaf_count=370 243 638 275 44 237 542 16 27 9159
internal_value=0.000276434 0.000526973 0.00243058 0.00589642 -0.00249999 -0.000448908 -0.00674109 0.000123708 0.000123708
internal_weight=101.947 94.2524 15.5975 8.18655 7.69492 5.93195 2.23518 4.96795 78.6549
internal_count=11551 10386 984 346 1165 795 253 302 9402
is_linear=0
shrinkage=0.03


Tree=112
num_leaves=9
num_cat=0
split_feature=11 1 10 4 4 9 4 4
split_gain=0.0743057 0.0819183 0.286191 0.504907 0.0754392 0.164429 0.133705 0.00316952
threshold=10.349181469871127 89.936689936689945 89.347517730496463 73.703378087264369 22.235805487639229 34.161778326644033 98.290595742143253 4.5285714285714294
decision_type=2 2 2 2 2 2 2 2
left_child=4 7 -3 -4 -1 6 -6 -2
right_child=1 2 3 -5 5 -7 -8 -9
leaf_value=-0.0064507630926001359 -0.00095952967753369222 0.00015943119205178753 0.00015943119205178753 0.017723930219750283 -0.0064507630926001359 0.00015943119205178753 0.00015943119205178753 0.00015943119205178753
leaf_weight=1.7473938107723359 1.2985745086334635 11.900410077534614 2.1017779237590726 1.5980152040719984 1.5527242466341706 3.6954540312290192 0.67841526260599483 77.328474489040673
leaf_count=370 243 862 105 17 237 542 16 9159
internal_value=0.000326649 0.000565828 0.00248112 0.00875299 -0.00233683 -0.00036769 -0.00645076 0.000159431
internal_weight=101.901 94.2273 15.6002 3.69979 7.67399 5.92659 2.23114 78.627
internal_count=11551 10386 984 122 1165 795 253 9402
is_linear=0
shrinkage=0.03


Tree=113
num_leaves=9
num_cat=0
split_feature=11 1 10 4 9 10 4 10
split_gain=0.0593774 0.078794 0.265998 0.488219 0.0679542 0.165731 0.00625028 0.000146742
threshold=10.349181469871127 89.936689936689945 89.347517730496463 73.703378087264369 34.161778326644033 87.411971830985934 98.290595742143253 10.102040816326532
decision_type=2 2 2 2 2 2 2 2
left_child=4 -2 -3 -4 5 6 -1 -6
right_child=1 2 3 -5 7 -7 -8 -9
leaf_value=-0.010023530471748723 0.00014602670513009228 0.00014602670513009228 0.00014602670513009228 0.017329112074916567 -0.00022332778778550922 0.00014602670513009228 -0.0011229946154473341 0.00014602670513009228
leaf_weight=1.4724772833287709 78.629861416528001 11.89933840325102 2.1041897241957481 1.590560163836926 0.3097071723314001 0.87575383961666364 0.35830680932849635 4.6136887840693817
leaf_count=284 9402 862 105 17 70 81 12 718
internal_value=0.000331407 0.000544384 0.00242317 0.00847223 -0.00205702 -0.00512713 -0.00929365 0.000146027
internal_weight=101.854 94.2239 15.5941 3.69475 7.62993 2.70654 1.83078 4.9234
internal_count=11551 10386 984 122 1165 377 296 788
is_linear=0
shrinkage=0.03


Tree=114
num_leaves=14
num_cat=0
split_feature=11 1 4 3 1 3 1 4 11 9 4 3 4
split_gain=0.056497 0.0811387 0.0992555 0.127131 0.0771728 0.143874 0.0731025 0.0656626 0.0482081 0.0292855 0.0816892 0.00619776 0.00125154
threshold=10.349181469871127 89.936689936689945 84.557892777364131 89.936689936689945 26.614909324346012 97.880790984239283 98.663092046470084 99.754600857542044 97.046974545244908 30.717948717948719 22.235805487639229 3.3251119305514218 98.290595742143253
decision_type=2 2 2 2 2 2 2 2 2 2 2 2 2
left_child=6 2 4 -4 -2 11 7 9 -3 12 -11 -6 -1
right_child=1 8 3 -5 5 -7 -8 -9 -10 10 -12 -13 -14
leaf_value=-0.0074748955685978178 -0.0020000292730499459 0.002447063376944743 -0.00072531616906944447 0.002447063376944743 -0.0020000292730499459 0.002447063376944743 0.002447063376944743 -0.00072531616906944447 0.0071274658555077787 -0.0069640390794026355 -0.0020000292730499459 -0.00072531616906944447 -0.0020000292730499459
leaf_weight=1.6286612427793428 10.477993990411049 14.317935010185453 8.7221678537316638 22.503894162597135 0.73442967282608052 3.5369560765102497 0.60868464969098557 0.3100551739335059 1.2539497637189914 1.2450470160692928 3.4661150649189949 32.658044931478798 0.36083725071512174
leaf_count=296 1881 945 1159 402 177 65 43 6 39 250 558 5718 12
internal_value=0.000331468 0.000539068 0.000135241 0.0014237 -0.000725316 -0.000725316 -0.00200003 -0.00305202 0.00244706 -0.00438237 -0.00226366 -0.000725316 -0.00696404
internal_weight=101.825 94.2054 78.6335 31.2261 47.4074 36.9294 7.6194 7.01072 15.5719 6.70066 4.71116 33.3925 1.9895
internal_count=11551 10386 9402 1561 7841 5960 1165 1122 984 1116 808 5895 308
is_linear=0
shrinkage=0.03


Tree=115
num_leaves=10
num_cat=0
split_feature=1 11 10 9 1 10 10 11 10
split_gain=0.0655592 0.167158 0.0782621 0.0607871 0.0525347 0.121635 0.0327146 0.0260632 0.00708763
threshold=93.742469879518083 76.91391941391943 97.752525252525274 4.1960093896713619 11.786228973728976 81.016731016731029 8.3920187793427239 97.872641331539853 83.457711442786078
decision_type=2 2 2 2 2 2 2 2 2
left_child=3 2 -2 4 -1 -6 -5 -8 -3
right_child=1 8 -4 6 5 -7 7 -9 -10
leaf_value=-0.008277319528277571 0.00025415099715201246 0.003551373483951866 0.006502083131619334 -0.0022166374216421713 -0.0076887353082085337 0.00025415099715201246 0.00025415099715201246 0.0024551208633139757 0.0092849219324023513
leaf_weight=0.38645709119737093 6.1351201293291506 2.6708366298116748 0.87729766475968052 4.1472426506225011 0.75529137044213701 1.1600434462307019 80.327115401159972 5.4220461833756408 1.2551076025702057
leaf_count=49 515 142 40 664 115 120 9555 222 31
internal_value=0.000527919 0.0026209 0.000254151 0.000254151 -0.00381879 -0.000388536 0.000254151 0.000254151 0.00689716
internal_weight=103.137 10.9384 7.01242 92.1982 2.30179 1.91533 89.8964 85.7492 3.92594
internal_count=11453 728 555 10725 284 235 10441 9777 173
is_linear=0
shrinkage=0.03


Tree=116
num_leaves=9
num_cat=0
split_feature=11 4 9 4 3 10 9 9
split_gain=0.0315229 0.0964842 0.0823389 0.0382128 0.0267728 0.105431 0.217841 0.0320918
threshold=15.679096776557225 95.657412257726577 82.78659611992947 22.235805487639229 89.936689936689945 51.250781738586618 74.374609130706702 8.1356867071152816
decision_type=2 2 2 2 2 2 2 2
left_child=1 2 -1 -4 -2 -6 7 -7
right_child=4 -3 3 -5 5 6 -8 -9
leaf_value=-0.0039743184504505589 0.0007176730887389919 0.0007176730887389919 -0.0039743184504505589 0.0007176730887389919 0.0007176730887389919 0.0007176730887389919 0.0074715261908670279 0.0020433028977027232
leaf_weight=7.8304803728824464 44.12078293284867 1.682844042778014 0.49828077084384848 1.2366833081468938 15.722909608855842 4.6346051706932512 5.7103980449028304 21.700604026671499
leaf_count=1367 8769 77 88 191 478 68 76 339
internal_value=0.000533181 -0.000909513 -0.00264938 0.000717673 0.000717673 0.00142805 0.00262339 0.00133727
internal_weight=103.138 11.2483 9.56544 1.73496 91.8893 47.7685 32.0456 26.3352
internal_count=11453 1723 1646 279 9730 961 483 407
is_linear=0
shrinkage=0.03


Tree=117
num_leaves=11
num_cat=0
split_feature=1 11 10 9 1 10 10 11 10 1
split_gain=0.0738784 0.125853 0.123946 0.0705342 0.0438681 0.120837 0.0275445 0.0269111 0.00727117 0.00573104
threshold=93.742469879518083 76.91391941391943 97.752525252525274 4.1960093896713619 11.786228973728976 81.016731016731029 8.3920187793427239 97.872641331539853 83.457711442786078 8.5501458407689572
decision_type=2 2 2 2 2 2 2 2 2 2
left_child=3 2 -2 4 -1 -6 9 -8 -3 -5
right_child=1 8 -4 6 5 -7 7 -9 -10 -11
leaf_value=-0.0081968603169671993 0.00030722604143313412 0.0033166449946526581 0.0064882929674301409 -0.0046091836575636383 -0.0076777888378092322 0.00030722604143313412 0.00030722604143313412 0.0025296732172231237 0.0087583673880119884 0.00030722604143313412
leaf_weight=0.3834213782101864 6.1174257342936453 2.6717113796621565 0.98677489906549443 0.33815782319288601 0.75579746137373138 1.1495887557975946 80.141201412421651 5.4569416627055025 1.2717682467773554 3.7770787432091311
leaf_count=49 515 142 40 55 115 120 9555 222 31 609
internal_value=0.000600048 0.00281069 0.000307226 0.000307226 -0.00408945 -0.000726134 0.000307226 0.000307226 0.00648829 -0.00199417
internal_weight=103.05 11.0477 7.1042 92.0022 2.28881 1.90539 89.7134 85.5981 3.94348 4.11524
internal_count=11453 728 555 10725 284 235 10441 9777 173 664
is_linear=0
shrinkage=0.03


Tree=118
num_leaves=15
num_cat=0
split_feature=1 4 9 4 1 10 11 10 11 1 4 10 4 1
split_gain=0.056944 0.130683 0.0773882 0.0935255 0.0983945 0.10262 0.0577289 0.257451 0.0420302 0.04473 0.0829676 0.0225182 0.00468057 0.00415922
threshold=93.742469879518083 57.55221936543041 4.1960093896713619 86.828612640965133 6.5354287591720519 4.8003072196620593 74.14441083724823 83.457711442786078 16.426846100759146 26.614909324346012 60.345036907536915 50.887021475256773 70.624512568240462 11.786228973728976
decision_type=2 2 2 2 2 2 2 2 2 2 2 2 2 2
left_child=2 6 13 4 -4 12 -2 -8 -7 10 -10 -3 -6 -1
right_child=1 11 3 -5 5 8 7 -9 9 -11 -12 -13 -14 -15
leaf_value=-0.0082644943427800568 0.00034221011832439273 0.0018437672513418669 -0.0042760088061955795 0.0017510916757290968 -0.0042760088061955795 -0.0019315200145161914 0.00034221011832439273 0.0059759361514379892 -0.0019315200145161914 0.00034221011832439273 0.00034221011832439273 0.0074602384486465133 -0.0019315200145161914 -0.0042760088061955795
leaf_weight=0.38468224229291026 3.7137499855598417 1.7941974671557543 2.0527979378821319 32.940273190033622 1.0619735164800643 6.3400938399136058 1.6051506592193621 1.2231341088190673 3.8322215566877258 38.076797805260867 4.9312928122235462 2.7527124586049467 0.41489187080878775 1.8864491828717289
leaf_count=49 430 86 313 1484 226 1226 111 28 732 5670 740 73 50 235
internal_value=0.000600788 0.00253865 0.00034221 0.00034221 -0.000236466 6.44231e-05 0.00034221 0.0041477 0.00034221 0.00034221 -0.00183384 0.00597594 -0.00427601 -0.00427601
internal_weight=103.01 11.0889 91.9215 89.6503 56.7101 54.6573 6.54203 2.82828 53.1804 46.8403 8.76351 4.54691 1.47687 2.27113
internal_count=11453 728 10725 10441 8957 8644 569 139 8368 7142 1472 159 276 284
is_linear=0
shrinkage=0.03


Tree=119
num_leaves=11
num_cat=0
split_feature=1 10 11 5 9 10 1 10 1 1
split_gain=0.0538859 0.113867 0.120932 0.134359 0.070319 0.039545 0.0409044 0.0264111 0.0970237 0.0128653
threshold=93.742469879518083 99.333333333333357 79.349160996027436 84.557892777364131 4.1960093896713619 85.814889336016108 34.143063204825602 8.3920187793427239 33.37282780410743 0.50891903266535021
decision_type=2 2 2 2 2 2 2 2 2 2
left_child=4 2 -2 -4 5 -1 -7 8 -6 -9
right_child=1 -3 3 -5 7 6 -8 9 -10 -11
leaf_value=-0.0069147114279418396 0.00036838340476396368 0.0087632285348418475 0.00036838340476396368 0.0087632285348418475 -0.0046908146331376766 -0.0046908146331376766 0.00036838340476396368 -0.0031403645559343945 0.00036838340476396368 0.00036838340476396368
leaf_weight=0.85815236333291922 6.6841994241112808 1.1715100677683956 1.6156825093785303 1.6529307696036992 1.4565190462162707 0.46650366229005136 0.9211427690461278 0.54587780265137453 2.6504701576195657 84.884530790382996
leaf_count=146 547 33 127 21 238 44 94 43 426 9734
internal_value=0.000621051 0.00250341 0.00103377 0.00553222 0.000368383 -0.00405202 -0.000127096 0.000368383 -0.00189074 0.000368383
internal_weight=102.908 11.1243 9.95281 3.26861 91.7832 2.2458 1.38765 89.5374 4.10699 85.4304
internal_count=11453 728 695 148 10725 284 138 10441 664 9777
is_linear=0
shrinkage=0.03


Tree=120
num_leaves=5
num_cat=0
split_feature=1 11 10 10
split_gain=0.00965488 0.00982982 0.0430253 0.000847092
threshold=0.95695970695970711 15.679096776557225 97.315315315315345 91.366459627329206
decision_type=2 2 2 2
left_child=-1 2 -2 -3
right_child=1 3 -4 -5
leaf_value=-0.0025836157612383203 -0.0024602212104578554 -0.00041796261755180247 -0.00037765415933891749 -0.00014891841150525324
leaf_weight=1.1008282465627406 10.352932807058094 74.485518179484643 1.2827657505404193 13.953320794622412
leaf_count=93 1638 8845 90 826
internal_value=-0.000542453 -0.00049466 -0.00128371 -0.000377654
internal_weight=101.175 100.075 11.6357 88.4388
internal_count=11492 11399 1728 9671
is_linear=0
shrinkage=0.03


Tree=121
num_leaves=2
num_cat=0
split_feature=1
split_gain=0.00969526
threshold=0.95695970695970711
decision_type=2
left_child=-1
right_child=-2
leaf_value=-0.0025811733973960141 -0.00048928733504629706
leaf_weight=1.1020657534245391 100.16968372813426
leaf_count=93 11399
internal_value=-0.000537068
internal_weight=101.272
internal_count=11492
is_linear=0
shrinkage=0.03


Tree=122
num_leaves=2
num_cat=0
split_feature=1
split_gain=0.0094988
threshold=0.95695970695970711
decision_type=2
left_child=-1
right_child=-2
leaf_value=-0.0025629674662921891 -0.00049220993504002508
leaf_weight=1.1037719920277584 100.16949168301653
leaf_count=93 11399
internal_value=-0.000539618
internal_weight=101.273
internal_count=11492
is_linear=0
shrinkage=0.03


Tree=123
num_leaves=2
num_cat=0
split_feature=1
split_gain=0.00944931
threshold=0.95695970695970711
decision_type=2
left_child=-1
right_child=-2
leaf_value=-0.0025585317250765216 -0.00049203230580307004
leaf_weight=1.1016838083742175 100.1695042704232
leaf_count=93 11399
internal_value=-0.00053931
internal_weight=101.271
internal_count=11492
is_linear=0
shrinkage=0.03


Tree=124
num_leaves=2
num_cat=0
split_feature=1
split_gain=0.00776736
threshold=0.95695970695970711
decision_type=2
left_child=-1
right_child=-2
leaf_value=-0.0023738610509206476 -0.00049286681416456227
leaf_weight=1.0989532022504125 100.1707435939461
leaf_count=93 11399
internal_value=-0.000536291
internal_weight=101.27
internal_count=11492
is_linear=0
shrinkage=0.03


Tree=125
num_leaves=7
num_cat=0
split_feature=10 5 11 10 10 10
split_gain=0.19773 0.339412 0.015204 0.0377917 0.0127706 0.00258821
threshold=97.315315315315345 94.479671411265912 11.601850789644757 5.9262510974539078 51.492869875222823 81.016731016731029
decision_type=2 2 2 2 2 2
left_child=2 -2 3 -1 -4 -5
right_child=1 -3 4 5 -6 -7
leaf_value=-0.0059225034147602895 -0.00012423536742204984 0.0096193504178682093 -0.00044152907066569359 -0.0008289161736215302 -0.00012423536742204984 -0.00012423536742204984
leaf_weight=0.39537418412510206 5.5608540523098764 4.3174781538546085 36.345782356918789 5.3623936745570973 46.229540540603921 1.7287797131575642
leaf_count=71 408 46 5515 949 4264 215
internal_value=0.000335868 0.00415649 -0.000124235 -0.00139475 -0.000124235 -0.000441529
internal_weight=99.9402 9.87833 90.0619 7.48655 82.5753 7.09117
internal_count=11468 454 11014 1235 9779 1164
is_linear=0
shrinkage=0.03


Tree=126
num_leaves=8
num_cat=0
split_feature=10 4 5 11 4 10 4
split_gain=0.124136 0.265973 0.0335502 0.01637 0.072405 0.020759 0.0120605
threshold=97.315315315315345 74.878637916813958 93.742469879518083 11.601850789644757 40.869710302550921 81.016731016731029 4.5285714285714294
decision_type=2 2 2 2 2 2 2
left_child=3 2 -2 4 -1 -6 -5
right_child=1 -3 -4 6 5 -7 -8
leaf_value=-0.0047033572745241118 -1.4766085790146531e-05 0.0072128323108118552 0.0058954066699562551 -0.0019838923422995538 -0.0022750075331305856 -1.4766085790146531e-05 -1.4766085790146531e-05
leaf_weight=2.6345512043917543 2.9968777621397735 5.9799676422262564 0.92280595004558552 2.1864299932494751 3.8134768492309377 1.0335736289853228 80.307284270529635
leaf_count=593 308 135 11 359 550 92 9420
internal_value=0.000351359 0.00337503 -1.47661e-05 -1.47661e-05 -0.00133275 -1.47661e-05 -1.47661e-05
internal_weight=99.875 9.89965 3.91968 89.9753 7.4816 4.84705 82.4937
internal_count=11468 454 319 11014 1235 642 9779
is_linear=0
shrinkage=0.03


Tree=127
num_leaves=9
num_cat=0
split_feature=11 1 5 5 11 4 11 1
split_gain=0.0319069 0.197346 0.0187958 0.0434919 0.00369393 0.00723363 0.0758114 0.0758134
threshold=97.872641331539853 22.611735111735118 92.206046641530534 85.731252120800818 1.3829434846863375 77.203977445900648 17.654375182908989 25.030120481927714
decision_type=2 2 2 2 2 2 2 2
left_child=4 -2 3 -3 -1 6 -6 -8
right_child=1 2 -4 -5 5 -7 7 -9
leaf_value=-0.0011624557202642965 0.00019630585634579183 0.00019630585634579183 0.0086129969323162758 0.0055617456242383892 -0.0011624557202642965 0.00019630585634579183 -0.0011624557202642965 0.00019630585634579183
leaf_weight=0.82158703682944079 1.9868657435290504 0.71481247257906966 2.068814180791378 0.63798989495262504 7.4063335343962526 40.336732094641775 7.0471520869759834 38.808400939102285
leaf_count=144 103 113 18 16 1410 2482 1290 5892
internal_value=0.000337512 0.00238736 0.00706184 0.00203717 0.000196306 0.000196306 -0.00015255 0.000196306
internal_weight=99.8287 5.40848 3.42162 1.3528 94.4202 93.5986 53.2619 45.8556
internal_count=11468 250 147 129 11218 11074 8592 7182
is_linear=0
shrinkage=0.03


Tree=128
num_leaves=9
num_cat=0
split_feature=11 1 5 5 11 4 11 1
split_gain=0.0247154 0.180914 0.0196794 0.0400404 0.00367339 0.00612309 0.0745046 0.0735777
threshold=97.872641331539853 22.611735111735118 92.206046641530534 85.731252120800818 1.3829434846863375 77.203977445900648 17.654375182908989 25.030120481927714
decision_type=2 2 2 2 2 2 2 2
left_child=4 -2 3 -3 -1 6 -6 -8
right_child=1 2 -4 -5 5 -7 7 -9
leaf_value=-0.0011496097188004168 0.00020612119103489054 0.00020612119103489054 0.0082615778444608701 0.0052966585802933838 -0.0011496097188004168 0.00020612119103489054 -0.0011496097188004168 0.00020612119103489054
leaf_weight=0.82183194567914952 1.9876547220628697 0.71504270320292584 2.0514304130338132 0.64162942068651319 7.3828534539788953 40.307650892180391 7.0421944622648871 38.830659840255976
leaf_count=144 103 113 18 16 1410 2482 1290 5892
internal_value=0.000330718 0.00213723 0.00671439 0.00186198 0.000206121 0.000206121 -0.000115363 0.000206121
internal_weight=99.7809 5.39576 3.4081 1.35667 94.3852 93.5634 53.2557 45.8729
internal_count=11468 250 147 129 11218 11074 8592 7182
is_linear=0
shrinkage=0.03


Tree=129
num_leaves=7
num_cat=0
split_feature=10 1 5 4 11 11
split_gain=0.0995479 0.321852 0.112598 0.0119128 0.0214174 0.00535539
threshold=97.315315315315345 89.155032829731638 94.88869180210655 4.5285714285714294 67.658012485598718 1.3829434846863375
decision_type=2 2 2 2 2 2
left_child=3 2 -2 4 -1 -5
right_child=1 -3 -4 5 -6 -7
leaf_value=-0.0032039273792280804 2.3641668787921245e-06 0.01045357146370254 0.004782835474837494 -0.0017652707491094262 2.3641668787921245e-06 2.3641668787921245e-06
leaf_weight=1.9179281820543104 3.7796325490344298 2.5715118163498119 3.5303442999720573 0.68612199125345696 0.77383768721483637 86.503092421567999
leaf_count=351 338 77 39 113 123 10427
internal_value=0.000330484 0.00304054 2.36417e-06 2.36417e-06 -0.0017018 2.36417e-06
internal_weight=99.7625 9.88149 7.30998 89.881 2.69177 87.1892
internal_count=11468 454 377 11014 474 10540
is_linear=0
shrinkage=0.03


Tree=130
num_leaves=11
num_cat=0
split_feature=1 3 9 11 1 0 1 11 11 11
split_gain=0.0467834 0.0855295 0.0151119 0.000900572 0.0059427 0.00194698 0.0227049 0.0129674 0.00726364 0.00199726
threshold=99.018403430168163 94.110420581008825 2.0204081632653064 64.303487976231011 87.641432329578848 99.463086280953632 20.990915643316608 11.601850789644757 1.3829434846863375 49.021999043519848
decision_type=2 2 2 2 2 2 2 2 2 2
left_child=2 -2 -1 5 -5 6 7 -4 -8 -9
right_child=1 -3 3 4 -6 -7 8 9 -10 -11
leaf_value=-0.0027571268822242714 -7.0598161371038159e-06 0.0066779546132875343 -0.0027571268822242714 -0.00015294520432516452 -7.0598161371038159e-06 -0.00015294520432516452 -0.0023426429100092787 -0.0011135027206976174 -0.00015294520432516452 -0.00015294520432516452
leaf_weight=0.79836179269477625 1.3119442893657827 1.7031836374662814 1.2136655309004689 39.760039126616903 8.6961680557578784 1.2893533308524627 0.52669231570325692 5.4104871897725388 38.366219811490737 2.007727678399533
leaf_count=89 97 24 234 3243 428 27 114 887 6011 300
internal_value=0.000122817 0.0032968 -7.05982e-06 -7.05982e-06 -7.05982e-06 -0.000152945 -0.000344238 -0.00167226 -0.000152945 -0.000850303
internal_weight=101.084 3.01513 98.0687 97.2704 48.4562 48.8141 47.5248 8.63188 38.8929 7.41821
internal_count=11454 121 11333 11244 3671 7573 7546 1421 6125 1187
is_linear=0
shrinkage=0.03


Tree=131
num_leaves=9
num_cat=0
split_feature=10 3 1 11 11 1 11 3
split_gain=0.0660272 0.120676 0.101896 0.0493007 0.0551305 0.0349564 0.0173806 0.00904575
threshold=50.333333333333343 97.146250424160186 99.463086280953632 92.07802198543753 64.303487976231011 4.1096953665412377 15.679096776557225 95.657412257726577
decision_type=2 2 2 2 2 2 2 2
left_child=1 5 4 -3 6 -1 -2 -6
right_child=2 3 -4 -5 7 -7 -8 -9
leaf_value=-0.0055491211923348318 -0.0015462967072410112 -0.0017055811348742121 0.0074778183209739824 0.00075789968493395832 0.00094142720099448754 -0.0017055811348742121 4.9581573953912702e-05 0.0021121863120898724
leaf_weight=1.326557328691705 7.3306096030864927 3.5693263111170372 1.0435352267231781 3.1722581908106804 18.770549912820574 31.931789519032463 23.15604130923748 10.750166258774696
leaf_count=205 819 138 44 28 1564 5794 2739 123
internal_value=0.000141904 -0.000793829 0.0007579 0.0007579 0.0007579 -0.00170558 -0.000371075 0.001423
internal_weight=101.051 39.9999 61.0509 6.74158 60.0074 33.2583 30.4867 29.5207
internal_count=11454 6165 5289 166 5245 5999 3558 1687
is_linear=0
shrinkage=0.03


Tree=132
num_leaves=7
num_cat=0
split_feature=1 0 0 1 3 10
split_gain=0.0482302 0.155795 0.0266646 0.017635 0.0341013 0.0175025
threshold=99.018403430168163 72.186799820754132 99.754600857542044 22.235805487639229 90.715233042819264 89.347517730496463
decision_type=2 2 2 2 2 2
left_child=2 -2 3 4 -1 -6
right_child=1 -3 -4 -5 5 -7
leaf_value=-0.0019752519918030346 6.0530876947697109e-06 0.0081701760621569076 0.0024590421857978344 6.0530876947697109e-06 -0.0014064978118040316 6.0530876947697109e-06
leaf_weight=11.095984824001791 1.2272266978397959 1.7815507226623593 2.8352481939364216 73.204374975292012 7.669486429775132 3.2631034888327122
leaf_count=2206 91 30 43 8791 248 45
internal_value=0.000137958 0.0033633 6.05309e-06 -9.17707e-05 -0.000847878 6.05309e-06
internal_weight=101.077 3.00878 98.0682 95.2329 22.0286 10.9326
internal_count=11454 121 11333 11290 2499 293
is_linear=0
shrinkage=0.03


Tree=133
num_leaves=9
num_cat=0
split_feature=10 3 1 11 11 1 3 1
split_gain=0.0457351 0.0885127 0.0706538 0.0605288 0.0683732 0.329992 0.0630193 0.0120655
threshold=50.333333333333343 97.146250424160186 99.463086280953632 92.07802198543753 64.303487976231011 87.641432329578848 91.845220068645276 4.1096953665412377
decision_type=2 2 2 2 2 2 2 2
left_child=1 7 4 -3 -2 6 -6 -1
right_child=2 3 -4 -5 5 -7 -8 -9
leaf_value=-0.0038209393775152506 -0.00053115074156837039 -0.0014290950042649218 0.0062426190363878897 0.00065737036350207588 -0.00053115074156837039 0.0062426190363878897 0.0014579748378382895 -0.0014290950042649218
leaf_weight=1.2550953367026512 30.502825532108545 3.5911060827784231 1.0522681614384044 3.167266208678484 10.119145842618314 5.617091961670666 13.878210677765308 31.815953056444414
leaf_count=205 3558 138 44 28 1290 205 192 5794
internal_value=0.000146356 -0.000635332 0.00065737 0.00065737 0.00065737 0.00146302 0.00065737 -0.0014291
internal_weight=100.999 39.8294 61.1695 6.75837 60.1173 29.6144 23.9974 33.071
internal_count=11454 6165 5289 166 5245 1687 1482 5999
is_linear=0
shrinkage=0.03


Tree=134
num_leaves=12
num_cat=0
split_feature=10 0 1 1 11 1 9 10 9 11 10
split_gain=0.0385283 0.100413 0.0766222 0.0695885 0.0432619 0.122335 0.16697 0.200504 0.0321646 0.0356686 0.00539859
threshold=50.333333333333343 99.754600857542044 99.463086280953632 0.95695970695970711 15.679096776557225 86.479958219088658 74.374609130706702 98.581488933601634 4.7646057855927406 92.07802198543753 49.666666666666679
decision_type=2 2 2 2 2 2 2 2 2 2 2
left_child=3 2 4 -1 -2 -6 7 -7 -5 10 -10
right_child=1 -3 -4 8 5 6 -8 -9 9 -11 -12
leaf_value=-0.007113496656364118 -0.00033909817721738305 0.0059204866927013225 0.0059204866927013225 -0.0039737008429231672 -8.6740981308301029e-05 -8.6740981308301029e-05 0.0059204866927013225 0.0059204866927013225 -0.0012857277035453448 -8.6740981308301029e-05 -0.00033909817721738305
leaf_weight=0.42027128697372873 6.7439906725194296 2.0439335834234944 1.0488651071209449 1.2000298559432838 41.496181228663772 6.2548782863887009 2.2184358951635659 1.3981435233727095 24.883773516630757 8.2026314795948547 5.0356061210623002
leaf_count=44 811 24 44 195 3851 383 141 35 4601 484 841
internal_value=0.000135044 0.000603551 0.000324498 -0.000583576 0.000121321 0.000653367 0.00348633 0.000548193 -0.000339098 -0.000339098 -0.00110676
internal_weight=100.947 61.2044 59.1605 39.7423 58.1116 51.3676 9.87146 7.65302 39.322 38.122 29.9194
internal_count=11454 5289 5265 6165 5221 4410 559 418 6121 5926 5442
is_linear=0
shrinkage=0.03


Tree=135
num_leaves=9
num_cat=0
split_feature=1 10 9 10 4 9 9 5
split_gain=0.186548 0.415349 0.024159 0.0127548 0.0944335 0.267293 0.0303392 0.0812837
threshold=5.7178393745557932 88.975694444444457 54.226190476190482 49.666666666666679 84.557892777364131 6.896879756468798 72.783389450056134 89.155032829731638
decision_type=2 2 2 2 2 2 2 2
left_child=1 2 -1 -2 -5 -6 7 -7
right_child=3 -3 -4 4 5 6 -8 -9
leaf_value=-0.010678219207705066 -0.00020653407494260889 0.00029943899835587802 -0.0034059525719736029 0.00029943899835587802 0.00029943899835587802 0.00029943899835587802 0.0064518229405261373 0.004202487130610809
leaf_weight=3.4826830292586228 29.699943410931155 2.4912974017206579 1.8806166504509745 39.735441669123247 2.014139122329655 2.2468973069917437 4.8378007785649961 12.72681545652449
leaf_count=318 4748 95 222 5200 73 309 190 245
internal_value=-0.000100763 -0.00425931 -0.00906421 0.000299439 0.000542943 0.00227172 0.00427811 0.00321588
internal_weight=99.1156 7.8546 5.3633 91.261 61.5611 21.8257 19.8115 14.9737
internal_count=11400 635 540 10765 6017 817 744 554
is_linear=0
shrinkage=0.03


Tree=136
num_leaves=11
num_cat=0
split_feature=1 10 4 9 10 4 1 9 9 1
split_gain=0.0965958 0.313577 0.0709894 0.0597656 0.0168557 0.101154 0.323107 0.214763 0.0879143 0.010837
threshold=5.7178393745557932 88.975694444444457 98.290595742143253 55.195681511471001 49.666666666666679 74.878637916813958 93.742469879518083 93.920916481892093 7.4537037037037042 87.641432329578848
decision_type=2 2 2 2 2 2 2 2 2 2
left_child=1 2 3 -1 -2 -6 7 8 -7 -10
right_child=4 -3 -4 -5 5 6 -8 -9 9 -11
leaf_value=-0.011020315008517335 -0.00037877108488886533 0.00020102625535962446 -0.00042688886674139583 -0.0016413064397319103 0.00020102625535962446 0.00020102625535962446 0.011230934110942647 0.0083869152758608203 0.0017089044445188289 0.0040937590603836657
leaf_weight=2.8662697385298079 29.639047834207304 2.4956937348470092 1.135633351979777 1.1991738688666371 32.753844601335004 2.7655079440446668 2.0656184994149944 2.0920453181024632 20.391558322357017 1.746700633317231
leaf_count=279 4748 95 66 195 4610 127 48 70 1119 43
internal_value=-8.41522e-05 -0.00310617 -0.00760008 -0.00912398 0.000201026 0.00048063 0.00198796 0.000904818 0.000201026 0.00206586
internal_weight=99.1511 7.69677 5.20108 4.06544 91.4543 61.8153 29.0614 26.9958 24.9038 22.1383
internal_count=11400 635 540 474 10765 6017 1407 1359 1289 1162
is_linear=0
shrinkage=0.03


Tree=137
num_leaves=7
num_cat=0
split_feature=1 10 11 9 11 10
split_gain=0.0526376 0.246653 0.117875 0.0457694 0.0286654 0.727192
threshold=5.7178393745557932 88.975694444444457 93.832057175544648 72.122460994995592 97.872641331539853 89.64460784313728
decision_type=2 2 2 2 2 2
left_child=1 2 3 -1 -2 -6
right_child=4 -3 -4 -5 5 -7
leaf_value=-0.009956085149174029 0.00014419434623837369 0.00014419434623837369 0.00014419434623837369 -0.00082980908078588583 0.00014419434623837369 0.016515804009182566
leaf_weight=3.111299423850141 87.120084194815718 2.4962371429428458 1.1993778871838001 0.78239458519965399 2.8299545558402306 1.5382022731937466
leaf_count=345 10556 95 85 110 186 23
internal_value=-6.50893e-05 -0.00231104 -0.00655909 -0.00866656 0.000144194 0.00233732
internal_weight=99.0776 7.58931 5.09307 3.89369 91.4882 4.36816
internal_count=11400 635 540 455 10765 209
is_linear=0
shrinkage=0.03


Tree=138
num_leaves=7
num_cat=0
split_feature=1 10 11 9 11 10
split_gain=0.0707306 0.276903 0.132838 0.0574728 0.0229484 0.691158
threshold=5.7178393745557932 88.975694444444457 93.832057175544648 72.122460994995592 97.872641331539853 89.64460784313728
decision_type=2 2 2 2 2 2
left_child=1 2 3 -1 -2 -6
right_child=4 -3 -4 -5 5 -7
leaf_value=-0.010768558834262646 0.00023739320046719698 0.00023739320046719698 0.00023739320046719698 -0.00077241749732144646 0.00023739320046719698 0.016148558851919528
leaf_weight=3.0316268755123015 87.228346643270925 2.4985520872287452 1.2003324716351924 0.78109820513054717 2.829816137906163 1.5390853909775613
leaf_count=345 10556 95 85 110 186 23
internal_value=-3.20617e-06 -0.00262029 -0.0070437 -0.00930669 0.000237393 0.00220141
internal_weight=99.1089 7.51161 5.01306 3.81273 91.5972 4.3689
internal_count=11400 635 540 455 10765 209
is_linear=0
shrinkage=0.03


Tree=139
num_leaves=7
num_cat=0
split_feature=1 10 11 9 11 10
split_gain=0.0567464 0.252304 0.121589 0.0412785 0.0189475 0.663355
threshold=5.7178393745557932 88.975694444444457 93.832057175544648 72.122460994995592 97.872641331539853 89.64460784313728
decision_type=2 2 2 2 2 2
left_child=1 2 3 -1 -2 -6
right_child=4 -3 -4 -5 5 -7
leaf_value=-0.010115968267925702 0.00022883794325377968 0.00022883794325377968 0.00022883794325377968 -0.0010034321651250129 0.00022883794325377968 0.015863253990811513
leaf_weight=2.9887871207902204 87.263708327664062 2.4981259815394878 1.2039240865269674 0.77168880635872472 2.8309615149628362 1.5126413935795424
leaf_count=345 10556 95 85 110 186 23
internal_value=1.40915e-05 -0.00233759 -0.00665778 -0.00884958 0.000228838 0.00201799
internal_weight=99.0698 7.46253 4.9644 3.76048 91.6073 4.3436
internal_count=11400 635 540 455 10765 209
is_linear=0
shrinkage=0.03


Tree=140
num_leaves=6
num_cat=0
split_feature=10 1 9 9 9
split_gain=0.101242 0.435003 0.112989 0.0234338 0.0110727
threshold=97.162977867203224 89.550466196334256 8.1356867071152816 4.7646057855927406 95.972972972972983
decision_type=2 2 2 2 2
left_child=3 2 -2 -1 -5
right_child=1 -3 -4 4 -6
leaf_value=-0.0029812364630581742 -0.00034245992925714967 0.010700040373018286 0.0040314385110066329 -0.00034245992925714967 0.0010763498449425104
leaf_weight=2.0457109939306966 2.6266276608221215 3.0536004020832479 4.9217744626803324 84.12270338460803 4.3983907649526364
leaf_count=325 114 79 331 10065 584
internal_value=-8.01522e-06 0.00263222 -0.00034246 -0.00034246 -0.00034246
internal_weight=101.169 10.602 7.5484 90.5668 88.5211
internal_count=11498 524 445 10974 10649
is_linear=0
shrinkage=0.03


Tree=141
num_leaves=8
num_cat=0
split_feature=10 1 9 11 9 9 9
split_gain=0.130577 0.567332 0.0837368 0.0467659 0.0254536 0.012508 0.000632333
threshold=97.162977867203224 89.550466196334256 8.1356867071152816 2.6413765983357016 4.7646057855927406 95.972972972972983 42.482876712328775
decision_type=2 2 2 2 2 2 2
left_child=3 2 -2 6 -5 -6 -1
right_child=1 -3 -4 4 5 -7 -8
leaf_value=-0.0054485484358466237 -0.00037630364744237855 0.011983202314011419 0.0035556712741462038 -0.0032334700172880061 -0.00037630364744237855 0.0013401043092322632 -0.0014637902240722529
leaf_weight=0.57199342665262398 2.6247386835748312 3.212243853835389 4.9809596864506602 1.98942764638923 82.33901121490635 4.4073746647918588 1.1121493858518077
leaf_count=92 114 79 331 311 9827 574 170
internal_value=7.37344e-06 0.00297476 -0.000376304 -0.000376304 -0.000376304 -0.000376304 -0.00434285
internal_weight=101.238 10.8179 7.6057 90.42 88.7358 86.7464 1.68414
internal_count=11498 524 445 10974 10712 10401 262
is_linear=0
shrinkage=0.03


Tree=142
num_leaves=8
num_cat=0
split_feature=1 11 9 11 9 11 9
split_gain=0.0455246 0.0718426 0.0464683 0.0537222 0.0252246 0.0154136 0.000640272
threshold=85.731252120800818 11.294199751861044 95.972972972972983 96.737514956861276 3.7268518518518521 46.101323964778985 4.1960093896713619
decision_type=2 2 2 2 2 2 2
left_child=4 -2 3 6 5 -1 -3
right_child=1 2 -4 -5 -6 -7 -8
leaf_value=-0.0053321222326301555 -0.00033954678922456968 3.2226326533949314e-05 0.0063882154187331463 0.0051352697833732461 -0.00033954678922456968 -0.00033954678922456968 0.00080361769745887761
leaf_weight=0.47658109175972541 2.3089493671432164 1.1179797541117391 1.0821871631778766 2.079053161898627 77.818048660061322 0.39721615868620574 15.901655334862879
leaf_count=106 266 52 87 66 9641 83 1197
internal_value=2.59653e-06 0.00116325 0.00201899 0.00146589 -0.000339547 -0.00382912 0.000757547
internal_weight=101.182 22.4898 20.1809 19.0987 78.6918 0.873797 17.0196
internal_count=11498 1668 1402 1315 9830 189 1249
is_linear=0
shrinkage=0.03


Tree=143
num_leaves=6
num_cat=0
split_feature=10 1 0 11 9
split_gain=0.114724 0.514625 0.141556 0.0449278 0.0249341
threshold=97.162977867203224 89.550466196334256 98.663092046470084 2.6413765983357016 4.7646057855927406
decision_type=2 2 2 2 2
left_child=3 2 -2 -1 -5
right_child=1 -3 -4 4 -6
leaf_value=-0.0042502885425626464 -0.00035907911996319291 0.011327434038889382 0.0081532609948325105 -0.0031863637612455165 -0.00035907911996319291
leaf_weight=1.6789897513808671 6.6113471557619032 3.2463571394328028 0.99414345994591702 1.9857904989039514 86.643644521012902
leaf_count=262 434 79 11 311 10401
internal_value=1.37089e-06 0.00277822 -0.000359079 -0.000359079 -0.000359079
internal_weight=101.16 10.8518 7.60549 90.3084 88.6294
internal_count=11498 524 445 10974 10712
is_linear=0
shrinkage=0.03


Tree=144
num_leaves=6
num_cat=0
split_feature=10 1 0 11 9
split_gain=0.0798129 0.42636 0.126574 0.0445934 0.0258257
threshold=97.162977867203224 89.550466196334256 98.663092046470084 2.6413765983357016 4.7646057855927406
decision_type=2 2 2 2 2
left_child=3 2 -2 -1 -5
right_child=1 -3 -4 4 -6
leaf_value=-0.0041933930569954458 -0.00031940594785439494 0.0099780731555708015 0.0079464488477436063 -0.003191198400040366 -0.00031940594785439494
leaf_weight=1.6810144176706661 6.608509235433301 3.3861780958250165 0.98574803117662657 1.986050865263677 86.455523822456598
leaf_count=262 434 79 11 311 10401
internal_value=-1.69161e-05 0.00228522 -0.000319406 -0.000319406 -0.000319406
internal_weight=101.103 10.9804 7.59426 90.1226 88.4416
internal_count=11498 524 445 10974 10712
is_linear=0
shrinkage=0.03


Tree=145
num_leaves=4
num_cat=0
split_feature=10 1 1
split_gain=0.115222 0.437138 0.0571077
threshold=97.202660406885769 79.898070339246829 0.95695970695970711
decision_type=2 2 2
left_child=2 -2 -1
right_child=1 -3 -4
leaf_value=-0.0066536109300053929 -0.0013324971857213417 0.0081295044979625142 -0.0013324971857213417
leaf_weight=0.87794112344272335 6.4486660906113666 4.7415636265650392 87.87707172613591
leaf_count=81 371 133 10797
internal_value=-0.000968646 0.0017898 -0.0013325
internal_weight=99.9452 11.1902 88.755
internal_count=11382 504 10878
is_linear=0
shrinkage=0.03


Tree=146
num_leaves=5
num_cat=0
split_feature=1 9 9 1
split_gain=0.0340928 0.211712 0.0211225 0.00350952
threshold=20.990915643316608 59.122919334186946 3.7268518518518521 80.686213632423915
decision_type=2 2 2 2
left_child=1 -1 -2 -4
right_child=2 -3 3 -5
leaf_value=-0.0045579834176718318 -0.0035942411442245648 -0.00065435968636133341 -0.00065435968636133341 -0.00026898889133081049
leaf_weight=14.213097590603867 1.1750509256962676 7.8559432573383665 49.215013952692971 27.458677539136261
leaf_count=1410 186 959 6633 2194
internal_value=-0.000965043 -0.00198511 -0.00065436 -0.000563611
internal_weight=99.9178 22.069 77.8487 76.6737
internal_count=11382 2369 9013 8827
is_linear=0
shrinkage=0.03


Tree=147
num_leaves=7
num_cat=0
split_feature=10 1 9 1 9 9
split_gain=0.10194 0.387235 0.0879509 0.0547751 0.0411589 0.00390836
threshold=97.202660406885769 79.898070339246829 8.1356867071152816 0.95695970695970711 4.7646057855927406 14.879240943070732
decision_type=2 2 2 2 2 2
left_child=3 2 -2 -1 -5 -3
right_child=1 5 -4 4 -6 -7
leaf_value=-0.0065176012826830432 -0.0013036926879531356 0.0039091377097471031 0.0033251775520447883 -0.0051045320435637231 -0.0013036926879531356 0.0094184421619802321
leaf_weight=0.87594211101531883 2.4061296836007369 2.7436333736404777 4.0597870491910726 1.7776739835971955 85.953982115490362 2.1236769240349531
leaf_count=81 99 57 272 316 10481 76
internal_value=-0.000959406 0.00161981 -0.00130369 -0.00130369 -0.00130369 0.00750847
internal_weight=99.9408 11.3332 6.46592 88.6076 87.7317 4.86731
internal_count=11382 504 371 10878 10797 133
is_linear=0
shrinkage=0.03


Tree=148
num_leaves=6
num_cat=0
split_feature=10 1 1 9 9
split_gain=0.0719047 0.360188 0.054134 0.0502117 0.0408226
threshold=97.202660406885769 79.898070339246829 0.95695970695970711 8.1356867071152816 4.7646057855927406
decision_type=2 2 2 2 2
left_child=2 3 -1 -2 -4
right_child=1 -3 4 -5 -6
leaf_value=-0.0064937993301407643 -0.0012706360503727564 0.0069436492250169969 -0.0050529722925244519 0.0028549130800956555 -0.0012706360503727564
leaf_weight=0.84503299614880134 2.409698471426962 4.9362201180774719 1.7748393536312495 4.043502299929969 85.865691547398455
leaf_count=81 99 133 316 272 10481
internal_value=-0.000981531 0.00118582 -0.00127064 -0.00127064 -0.00127064
internal_weight=99.875 11.3894 88.4856 6.4532 87.6405
internal_count=11382 504 10878 371 10797
is_linear=0
shrinkage=0.03


Tree=149
num_leaves=5
num_cat=0
split_feature=10 1 3 1
split_gain=0.087984 0.383628 0.0949793 0.015829
threshold=97.202660406885769 79.898070339246829 81.457513768686084 0.95695970695970711
decision_type=2 2 2 2
left_child=3 -2 -3 -1
right_child=1 2 -4 -5
leaf_value=-0.0042539676716509024 -0.001269081164851386 0.0011083279146191396 0.0097522195602752926 -0.001269081164851386
leaf_weight=0.77974327723495562 6.4269263134337944 1.9657957479357717 3.1865662953350693 87.660505151376128
leaf_count=81 371 96 37 10797
internal_value=-0.000946109 0.00142548 0.00717048 -0.00126908
internal_weight=100.02 11.5793 5.15236 88.4402
internal_count=11382 504 133 10878
is_linear=0
shrinkage=0.03


Tree=150
num_leaves=9
num_cat=0
split_feature=0 1 10 3 10 3 1 3
split_gain=0.409398 0.185858 0.551237 0.105001 0.0259677 0.113463 0.0223475 0.00782177
threshold=99.754600857542044 80.30889309992979 97.752525252525274 96.020560328331825 49.666666666666679 93.000175214637935 10.13913043478261 8.1222955238703296
decision_type=2 2 2 2 2 2 2 2
left_child=1 6 3 4 -3 -6 -1 -8
right_child=-2 2 -4 -5 5 -7 7 -9
leaf_value=-0.0026722742685686496 0.010265786473847415 -0.0012697287226814929 0.010119081773391886 0.0028720436549574814 -0.0012697287226814929 0.0028720436549574814 -0.0026722742685686496 -0.0012697287226814929
leaf_weight=10.043979304609818 2.3187424649950108 5.3158183998894044 4.5190692585892966 5.5653722123242906 9.0230832957895455 2.7923777857795349 2.4398914388148105 56.870867370860651
leaf_count=1101 40 921 106 100 1109 53 612 7349
internal_value=-9.73296e-05 -0.000448821 0.00161399 -0.000435005 -0.00126973 0.000183484 -0.00126973 -0.00126973
internal_weight=98.8892 96.5705 27.2157 22.6967 17.1313 11.8155 69.3547 59.3108
internal_count=11391 11351 2289 2183 2083 1162 9062 7961
is_linear=0
shrinkage=0.03


Tree=151
num_leaves=12
num_cat=0
split_feature=0 1 11 3 1 11 3 3 3 3 11
split_gain=0.349431 0.140546 0.128585 0.508773 0.0165171 0.0622117 0.0671957 0.0649891 0.0228485 0.0135898 0.011938
threshold=99.754600857542044 80.30889309992979 81.117881661480723 92.615592411106931 10.13913043478261 87.044098458264202 91.457095918109459 99.018403430168163 8.1222955238703296 4.5285714285714294 63.572802215833768
decision_type=2 2 2 2 2 2 2 2 2 2 2
left_child=1 4 9 -4 5 7 -7 -1 -6 -3 -10
right_child=-2 2 3 -5 8 6 -8 -9 10 -11 -12
leaf_value=-0.005441003541372935 0.0094635834570384117 -0.0027565324205741314 -4.9042327034618593e-05 0.0094635834570384117 -0.0033514773923990736 -0.004227702009884809 -0.00094034439465798811 -0.00094034439465798811 -0.00094034439465798811 -4.9042327034618593e-05 -0.00026756555142962472
leaf_weight=5.6840641162125376 2.3121882909908882 0.66881517670118995 3.9773558452725393 4.162069302983582 2.4360007735667741 1.5306433408986779 2.4087456255219877 0.35021495399996627 28.850830883020535 18.457831144449301 27.943802563706413
leaf_count=869 40 121 362 55 612 195 28 9 4919 1751 2430
internal_value=-0.000120539 -0.000444985 0.0013471 0.00427427 -0.00116019 -0.00226111 -0.000940344 -0.0042277 -0.000940344 -4.90423e-05 -0.000780728
internal_weight=98.7826 96.4704 27.2661 8.13943 69.2043 9.97367 3.93939 6.03428 59.2306 19.1266 56.7946
internal_count=11391 11351 2289 417 9062 1101 223 878 7961 1872 7349
is_linear=0
shrinkage=0.03


Tree=152
num_leaves=9
num_cat=0
split_feature=0 1 10 11 1 11 11 11
split_gain=0.301318 0.117563 0.499789 0.149086 0.0100815 0.0588389 0.00165036 0.0169909
threshold=99.754600857542044 80.30889309992979 97.315315315315345 97.318054011639319 10.13913043478261 87.044098458264202 15.313005362158483 63.572802215833768
decision_type=2 2 2 2 2 2 2 2
left_child=1 4 3 6 5 -1 -3 -6
right_child=-2 2 -4 -5 7 -7 -8 -9
leaf_value=-0.0041188096274886879 0.0087632574499621717 -0.0010866118544933729 0.0087632574499621717 0.0068500575485610088 -0.0013943443892388636 -0.0010866118544933729 -0.00052388622187444383 -0.00052388622187444383
leaf_weight=6.0032884211977926 2.317431366769596 2.8435995528707414 4.7583450856618574 1.1853336798958469 30.361039480660111 3.8958946166094393 18.56672118359711 28.825035364716314
leaf_count=878 40 419 116 60 5330 223 1694 2631
internal_value=-0.000129554 -0.000430991 0.00120477 -0.000774545 -0.00108661 -0.00205657 -0.00108661 -0.00108661
internal_weight=98.7567 96.4393 27.354 22.5957 69.0853 9.89918 21.4103 59.1861
internal_count=11391 11351 2289 2173 9062 1101 2113 7961
is_linear=0
shrinkage=0.03


Tree=153
num_leaves=8
num_cat=0
split_feature=0 1 10 11 1 11 11
split_gain=0.290975 0.109745 0.478212 0.170328 0.0091765 0.0529261 0.00128134
threshold=99.754600857542044 80.30889309992979 97.315315315315345 97.318054011639319 10.13913043478261 87.044098458264202 49.043026221146938
decision_type=2 2 2 2 2 2 2
left_child=1 4 3 -3 5 -1 -6
right_child=-2 2 -4 -5 6 -7 -8
leaf_value=-0.0038773860806046397 0.0086821455129951243 -0.00098870109100693596 0.0086821455129951243 0.0073839853062776092 -0.0013884622875221762 -0.00098870109100693596 -0.00098870109100693596
leaf_weight=5.932393175782634 2.3171439315192393 21.37398697575555 4.8149450749624512 1.2248857398517419 24.920090904575773 3.9089343199739233 34.183316489099525
leaf_count=878 40 2113 116 60 4435 223 3526
internal_value=-5.60493e-05 -0.000353196 0.00122362 -0.000720611 -0.000988701 -0.00191172 -0.000988701
internal_weight=98.6757 96.3586 27.4138 22.5989 68.9447 9.84133 59.1034
internal_count=11391 11351 2289 2173 9062 1101 7961
is_linear=0
shrinkage=0.03


Tree=154
num_leaves=6
num_cat=0
split_feature=1 10 11 4 11
split_gain=0.0848119 0.456569 0.364412 0.0717809 0.00946755
threshold=80.30889309992979 97.849213691026833 97.318054011639319 21.792862385092864 49.043026221146938
decision_type=2 2 2 2 2
left_child=3 2 -2 -1 -5
right_child=1 -3 -4 4 -6
leaf_value=-0.0033786131927575382 -0.00055508071990421318 0.0097767967013669375 0.0097767967013669375 -0.0013706145783939998 -0.00055508071990421318
leaf_weight=7.1420181596186003 22.46497699001339 3.8400677575264117 1.5091311912983645 25.141390812117606 38.63553730759304
leaf_count=1502 2131 98 62 4083 3515
internal_value=-4.13011e-06 0.00137116 -0.000312782 -0.000555081 -0.000555081
internal_weight=98.7331 27.8142 23.9741 70.9189 63.7769
internal_count=11391 2291 2193 9100 7598
is_linear=0
shrinkage=0.03


Tree=155
num_leaves=6
num_cat=0
split_feature=9 1 3 1 1
split_gain=0.00867467 0.0511551 0.00443487 0.00325763 0.000310813
threshold=4.1960093896713619 12.14003015454203 45.241155588199298 0.95695970695970711 81.070417732310332
decision_type=2 2 2 2 2
left_child=1 -1 -3 -2 -5
right_child=3 2 -4 4 -6
leaf_value=-0.0068119433110560464 -0.0016779765386673779 -0.0025838390790862793 -0.00040731026878713217 -0.00040731026878713217 -0.00026913862410322931
leaf_weight=0.32928531605284606 0.86940024862997134 0.61056611046660725 1.7213378006126729 69.958305026870221 26.503687030868605
leaf_count=46 90 132 140 9036 2077
internal_value=-0.000465995 -0.00191487 -0.00040731 -0.00040731 -0.000378759
internal_weight=99.9926 2.66119 2.3319 97.3314 96.462
internal_count=11521 318 272 11203 11113
is_linear=0
shrinkage=0.03


Tree=156
num_leaves=6
num_cat=0
split_feature=9 1 0 1 3
split_gain=0.00808506 0.0497933 0.0213165 0.00489921 0.00420029
threshold=4.1960093896713619 12.14003015454203 99.754600857542044 0.95695970695970711 45.241155588199298
decision_type=2 2 2 2 2
left_child=1 -1 3 -2 -3
right_child=2 4 -4 -5 -6
leaf_value=-0.0067165729165187928 -0.00218451765472204 -0.0025695332165677127 0.0018872850506489274 -0.00040967648579160197 -0.00040967648579160197
leaf_weight=0.32620733906514887 0.66624035802669723 0.60932776413392309 2.6680364343337706 93.997421956737526 1.7214153391541911
leaf_count=46 78 132 42 11083 140
internal_value=-0.000466519 -0.00186738 -0.000409676 -0.000409676 -0.000409676
internal_weight=99.9886 2.65695 97.3317 94.6637 2.33074
internal_count=11521 318 11203 11161 272
is_linear=0
shrinkage=0.03


Tree=157
num_leaves=6
num_cat=0
split_feature=1 9 0 3 0
split_gain=0.00284168 0.0169657 0.00732984 0.00289325 0.000467977
threshold=0.95695970695970711 10.23024594453166 99.463086280953632 95.657412257726577 2.4722823230285922
decision_type=2 2 2 2 2
left_child=-1 -2 3 4 -3
right_child=1 2 -4 -5 -6
leaf_value=-0.0016587069600801101 -0.0014252385156678896 -0.00095900628906953696 0.00084141393242605906 -2.0069541584196201e-06 -0.00041013021391313041
leaf_weight=0.88651930587366123 12.551273117773233 1.077741565182804 4.0536167342215768 17.753763844259083 63.673994725104421
leaf_count=94 955 221 59 363 9829
internal_value=-0.000462843 -0.000435685 -0.000277559 -0.000341953 -0.000433712
internal_weight=99.9969 99.1104 86.5591 82.5055 64.7517
internal_count=11521 11427 10472 10413 10050
is_linear=0
shrinkage=0.03


Tree=158
num_leaves=5
num_cat=0
split_feature=9 1 1 1
split_gain=0.00292459 0.054984 0.00285075 0.000482721
threshold=4.1960093896713619 12.14003015454203 0.95695970695970711 81.070417732310332
decision_type=2 2 2 2
left_child=1 -1 -2 -4
right_child=2 -3 3 -5
leaf_value=-0.0067217748092929146 -0.001616729472330266 -0.00042171643529624912 -0.00042171643529624912 -0.00026385469140509865
leaf_weight=0.32544152485206668 0.87046676082536478 2.2873499939450994 70.050372519879602 26.474698787205853
leaf_count=46 90 272 9036 2077
internal_value=-0.00045818 -0.00132447 -0.000421716 -0.000394473
internal_weight=100.008 2.61279 97.3955 96.5251
internal_count=11521 318 11203 11113
is_linear=0
shrinkage=0.03


Tree=159
num_leaves=3
num_cat=0
split_feature=0 1
split_gain=0.00316099 0.00298269
threshold=99.754600857542044 0.95695970695970711
decision_type=2 2
left_child=1 -1
right_child=-2 -3
leaf_value=-0.0017883123401068292 0.00043281463206719275 -0.00045694541768593428
leaf_weight=0.67365257767960329 2.7650921405293039 96.569118169369176
leaf_count=81 45 11395
internal_value=-0.000454887 -0.000484278
internal_weight=100.008 97.2428
internal_count=11521 11476
is_linear=0
shrinkage=0.03


Tree=160
num_leaves=7
num_cat=0
split_feature=1 10 3 10 5 3
split_gain=0.0328345 0.317889 0.229378 0.15042 0.0176024 0.00887983
threshold=84.557892777364131 89.347517730496463 92.615592411106931 96.850198412698418 20.625517189498236 29.461140372015105
decision_type=2 2 2 2 2 2
left_child=4 -2 3 -3 5 -1
right_child=1 2 -4 -5 -6 -7
leaf_value=-0.0024421841048868796 -0.00060003733581960258 -0.00060003733581960258 0.010421102125065031 0.0055572002285590207 -0.00060003733581960258 -0.00060003733581960258
leaf_weight=6.2356235343031576 17.33542949019466 1.0682554105296724 3.3588275536894798 2.6658447347581387 69.015270714648068 0.72655044542625535
leaf_count=1585 1556 105 32 83 7901 182
internal_value=-0.000293713 0.00064515 0.00574568 0.000227197 -0.000600037 -0.00202654
internal_weight=100.406 24.4284 7.09293 3.7341 75.9774 6.96217
internal_count=11444 1776 220 188 9668 1767
is_linear=0
shrinkage=0.03


Tree=161
num_leaves=8
num_cat=0
split_feature=3 11 10 1 0 9 9
split_gain=0.0200645 0.0798659 0.0569188 0.460389 0.0152317 0.0179299 0.00035901
threshold=6.1518217916322193 76.614909324346016 97.162977867203224 89.550466196334256 41.687363263796883 75.735930735930751 89.769754055468368
decision_type=2 2 2 2 2 2 2
left_child=1 4 -2 -4 5 -1 -7
right_child=2 -3 3 -5 -6 6 -8
leaf_value=-0.0070289654424154843 -0.00017017031728902964 -0.00017017031728902964 -0.00017017031728902964 0.0096402366449134073 -0.00017017031728902964 -0.00074947703770109498 -0.00017017031728902964
leaf_weight=1.5636655041016649 85.731460114358924 0.69400600099470455 7.4019388103624788 3.8380649276077747 0.28508993331342924 0.33938237512484182 0.24724135641008615
leaf_count=347 10312 133 372 62 70 88 60
internal_value=-0.000259208 -0.0023089 -0.00017017 0.00187618 -0.00531117 -0.00593059 -0.000417969
internal_weight=100.101 3.12939 96.9715 11.24 2.43538 2.15029 0.586624
internal_count=11444 698 10746 434 565 495 148
is_linear=0
shrinkage=0.03


Tree=162
num_leaves=6
num_cat=0
split_feature=3 10 1 11 0
split_gain=0.0216223 0.0672318 0.468551 0.0450674 0.0111571
threshold=6.1518217916322193 97.162977867203224 89.550466196334256 76.614909324346016 41.687363263796883
decision_type=2 2 2 2 2
left_child=3 -2 -3 4 -1
right_child=1 2 -4 -5 -6
leaf_value=-0.0050999643969005127 -0.00047493574905462665 -0.00047493574905462665 0.0095322198569322801 -0.00047493574905462665 -0.00047493574905462665
leaf_weight=2.1057550588157037 85.686595842591487 7.4142128758830932 3.9036345635540783 0.63241954881232221 0.28535450901836146
leaf_count=495 10312 372 62 133 70
internal_value=-0.000273336 -0.000181999 0.00189431 -0.00243017 -0.00454474
internal_weight=100.028 97.0044 11.3178 3.02353 2.39111
internal_count=11444 10746 434 698 565
is_linear=0
shrinkage=0.03


Tree=163
num_leaves=6
num_cat=0
split_feature=3 10 1 11 11
split_gain=0.0192724 0.0576078 0.419478 0.0429551 0.00167433
threshold=6.1518217916322193 97.162977867203224 89.550466196334256 76.614909324346016 65.85693679517442
decision_type=2 2 2 2 2
left_child=3 4 -3 -1 -2
right_child=1 2 -4 -5 -6
leaf_value=-0.0044257087029166888 -0.00067212049395887707 -0.00047637460216023195 0.0089131402003122129 -0.00047637460216023195 -0.00047637460216023195
leaf_weight=2.3781229316955437 44.250211131642573 7.4255760466912744 3.9574691979214549 0.63228631182573725 41.34462046995759
leaf_count=565 7049 372 62 133 3263
internal_value=-0.000291132 -0.000204642 0.00171212 -0.00233157 -0.000476375
internal_weight=99.9883 96.9779 11.383 3.01041 85.5948
internal_count=11444 10746 434 698 10312
is_linear=0
shrinkage=0.03


Tree=164
num_leaves=6
num_cat=0
split_feature=3 11 10 1 0
split_gain=0.0155163 0.0435827 0.0161296 0.302704 0.0107976
threshold=6.1518217916322193 76.614909324346016 97.162977867203224 89.550466196334256 41.687363263796883
decision_type=2 2 2 2 2
left_child=1 4 -2 -4 -1
right_child=2 -3 3 -5 -6
leaf_value=-0.0047856584473974931 -0.00023591874446979367 -0.00023591874446979367 -0.00023591874446979367 0.007311983309334128 -0.00023591874446979367
leaf_weight=2.0767602176638329 85.520298035233282 0.6315142128150909 7.3355506572406721 4.0387478859629482 0.28397180698811997
leaf_count=495 10312 133 372 62 70
internal_value=-0.000314025 -0.00215061 -0.000235919 0.000849267 -0.00424128
internal_weight=99.8868 2.99225 96.8946 11.3743 2.36073
internal_count=11444 698 10746 434 565
is_linear=0
shrinkage=0.03


Tree=165
num_leaves=8
num_cat=0
split_feature=3 11 11 11 10 10 3
split_gain=0.149471 1.56126 0.0992737 0.030097 0.040841 0.000688329 0.00190145
threshold=95.657412257726577 91.180174840717157 99.759325764596866 1.3829434846863375 75.192307692307708 72.564832384566742 89.936689936689945
decision_type=2 2 2 2 2 2 2
left_child=2 -2 3 4 -1 -5 -7
right_child=1 -3 -4 5 -6 6 -8
leaf_value=-0.0067941471615860236 -0.00016770200084500152 0.01251565489910819 0.0076316712813431185 -0.00030247208148675633 -0.00021755321815879853 -0.00021755321815879853 -0.00016770200084500152
leaf_weight=0.4948812312213694 17.158153387252245 8.872724521905182 0.44235889706760545 44.817933388869278 0.32573984982445836 17.218757749069486 11.232514643575994
leaf_count=94 413 83 25 8046 42 2656 206
internal_value=0.000523213 0.00243447 -0.000167702 -0.000315282 -0.00412881 -0.000217553 -0.000167702
internal_weight=100.563 26.0309 74.5322 74.0898 0.820621 73.2692 28.4513
internal_count=11565 496 11069 11044 136 10908 2862
is_linear=0
shrinkage=0.03


Tree=166
num_leaves=6
num_cat=0
split_feature=3 11 11 11 3
split_gain=0.147104 1.50824 0.0980018 0.0265813 0.00340348
threshold=95.657412257726577 91.180174840717157 99.759325764596866 1.3829434846863375 4.5285714285714294
decision_type=2 2 2 2 2
left_child=2 -2 3 -1 -5
right_child=1 -3 -4 4 -6
leaf_value=-0.0039189619889678793 -0.00018116421461093372 0.012280912448850097 0.0075676944823559649 -0.0012059176246774473 -0.00018981752952659244
leaf_weight=0.81436071428470214 17.102320644073192 8.9003139249980432 0.44263058295473356 2.1519299061037591 71.062965716584586
leaf_count=136 413 83 25 480 10428
internal_value=0.000504289 0.00240144 -0.000181164 -0.000327741 -0.000235529
internal_weight=100.475 26.0026 74.4719 74.0293 73.2149
internal_count=11565 496 11069 11044 10908
is_linear=0
shrinkage=0.03


Tree=167
num_leaves=6
num_cat=0
split_feature=3 11 11 11 3
split_gain=0.131555 1.42665 0.092964 0.00951599 0.00312529
threshold=95.657412257726577 91.180174840717157 99.759325764596866 1.3829434846863375 4.5285714285714294
decision_type=2 2 2 2 2
left_child=2 -2 3 -1 -5
right_child=1 -3 -4 4 -6
leaf_value=-0.0024708831209610069 -0.00015262126502439547 0.012005903479687111 0.0074004154595872593 -0.0011705592009666806 -0.00019546144668184799
leaf_weight=0.77891411120071907 17.111418069107462 8.7741443924605829 0.44015102414414187 2.149547546170651 71.119608331588097
leaf_count=136 413 83 25 480 10428
internal_value=0.000494669 0.00229371 -0.000152621 -0.000295528 -0.000239444
internal_weight=100.374 25.8856 74.4882 74.0481 73.2692
internal_count=11565 496 11069 11044 10908
is_linear=0
shrinkage=0.03


Tree=168
num_leaves=7
num_cat=0
split_feature=3 11 11 11 10 10
split_gain=0.126035 1.40119 0.0907402 0.00971982 0.0551359 0.00101895
threshold=95.657412257726577 91.180174840717157 99.759325764596866 1.3829434846863375 75.192307692307708 72.564832384566742
decision_type=2 2 2 2 2 2
left_child=2 -2 3 4 -1 -5
right_child=1 -3 -4 5 -6 -7
leaf_value=-0.0064946749267844033 -0.000125774739225396 0.011938201354698228 0.0073315563046254554 -0.00030512432460995576 -0.0002111504644260077 -0.000125774739225396
leaf_weight=0.4866434590658163 17.076718035619709 8.7234345301985723 0.44172939704731007 44.826701948419213 0.29319736710749567 28.421686167013831
leaf_count=94 413 83 25 8046 42 2862
internal_value=0.000507479 0.0022718 -0.000125775 -0.000267397 -0.00246356 -0.00021115
internal_weight=100.27 25.8002 74.47 74.0282 0.779841 73.2484
internal_count=11565 496 11069 11044 136 10908
is_linear=0
shrinkage=0.03


Tree=169
num_leaves=6
num_cat=0
split_feature=3 11 11 10 11
split_gain=0.145239 1.48321 0.0856133 0.00766737 0.025256
threshold=95.657412257726577 91.180174840717157 99.759325764596866 72.564832384566742 1.6887841219952275
decision_type=2 2 2 2 2
left_child=2 -2 3 4 -1
right_child=1 -3 -4 -5 -6
leaf_value=-0.0044180883232015815 -0.00016635848041282616 0.012242767745494562 0.0070548346469713613 -0.00016635848041282616 -0.00045155597463420274
leaf_weight=0.51511126582045008 17.106247596209872 8.82349696010351 0.45095078484155138 28.726215106551535 44.689812595490366
leaf_count=115 413 83 25 2906 8023
internal_value=0.000514941 0.00240292 -0.000166358 -0.000303968 -0.000591396
internal_weight=100.312 25.9297 74.3821 73.9311 45.2049
internal_count=11565 496 11069 11044 8138
is_linear=0
shrinkage=0.03


Tree=170
num_leaves=6
num_cat=0
split_feature=4 5 3 5 0
split_gain=0.00424634 0.0999688 0.00209573 0.00599907 0.00101108
threshold=97.880790984239283 97.880790984239283 4.5285714285714294 14.180016786483232 99.463086280953632
decision_type=2 2 2 2 2
left_child=2 -2 3 -1 -3
right_child=1 4 -4 -5 -6
leaf_value=-0.0016746231625722711 -9.0792527561407138e-05 0.0018882379054336372 -9.0792527561407138e-05 -9.0792527561407138e-05 0.0042884509742819885
leaf_weight=1.91080158133991 3.2642123890109342 3.0795901485253125 88.742187625728548 0.25776369660161425 3.1286493323277682
leaf_count=448 149 55 10730 64 55
internal_value=-2.58229e-05 0.000546844 -9.07925e-05 -0.000864014 0.00352496
internal_weight=100.383 9.47245 90.9108 2.16857 6.20824
internal_count=11501 259 11242 512 110
is_linear=0
shrinkage=0.03


Tree=171
num_leaves=3
num_cat=0
split_feature=5 5
split_gain=0.00182607 2.93528e-05
threshold=0.95695970695970711 23.42016342077779
decision_type=2 2
left_child=-1 -2
right_child=1 -3
leaf_value=-0.0010934077968362229 -6.7996672489954501e-05 -1.7671484505719694e-05
leaf_weight=0.45891259738709678 11.090129845775662 88.686402957187966
leaf_count=91 2581 8829
internal_value=-3.95333e-05 -2.38843e-05
internal_weight=100.235 99.7765
internal_count=11501 11410
is_linear=0
shrinkage=0.03


Tree=172
num_leaves=3
num_cat=0
split_feature=5 5
split_gain=0.00182266 2.78549e-05
threshold=0.95695970695970711 23.42016342077779
decision_type=2 2
left_child=-1 -2
right_child=1 -3
leaf_value=-0.001092626301855582 -6.6931161451539516e-05 -1.7876090874056442e-05
leaf_weight=0.45846879202872415 11.089725910453124 88.686399093130603
leaf_count=91 2581 8829
internal_value=-3.95713e-05 -2.39384e-05
internal_weight=100.235 99.7761
internal_count=11501 11410
is_linear=0
shrinkage=0.03


Tree=173
num_leaves=3
num_cat=0
split_feature=5 5
split_gain=0.00181933 2.27812e-05
threshold=0.95695970695970711 23.42016342077779
decision_type=2 2
left_child=-1 -2
right_child=1 -3
leaf_value=-0.0010917844154771502 -6.2836294973500737e-05 -1.8367228495650849e-05
leaf_weight=0.45794180512893845 11.090028585400431 88.685714002815075
leaf_count=91 2581 8829
internal_value=-3.95e-05 -2.38844e-05
internal_weight=100.234 99.7757
internal_count=11501 11410
is_linear=0
shrinkage=0.03


Tree=174
num_leaves=4
num_cat=0
split_feature=5 3 5
split_gain=0.00181732 0.00252867 0.0091796
threshold=0.95695970695970711 4.5285714285714294 16.94440041214235
decision_type=2 2 2
left_child=-1 2 -2
right_child=1 -3 -4
leaf_value=-0.0010913166033147653 -0.0010913166033147653 1.6837108718225876e-06 1.6837108718225876e-06
leaf_weight=0.45767411845736106 1.5948623806470994 97.931397022213787 0.24904179107397784
leaf_count=91 384 10973 53
internal_value=-3.95138e-05 -2.39078e-05 -0.000905757
internal_weight=100.233 99.7753 1.8439
internal_count=11501 11410 437
is_linear=0
shrinkage=0.03


Tree=175
num_leaves=9
num_cat=0
split_feature=4 9 11 9 4 11 9 11
split_gain=0.0622719 0.117528 0.097952 0.0608274 0.0531407 0.00944493 0.00753649 0.00382162
threshold=76.818895338225104 95.972972972972983 42.439090785354573 9.1507177033492848 4.5285714285714294 81.117881661480723 4.7646057855927406 16.86603897776379
decision_type=2 2 2 2 2 2 2 2
left_child=2 6 7 -4 -5 -3 -2 -1
right_child=1 5 3 4 -6 -7 -8 -9
leaf_value=-0.0033428174749803074 -0.0014116817622713883 0.0013714651599885097 -0.0023380975862248637 -0.0023380975862248637 0.00034592176619056115 0.0070761430083114462 0.00042752356657462366 -0.0023380975862248637
leaf_weight=7.8226773048518252 1.1440143621293817 0.93169315613340531 3.5484135787701225 1.1540614685509343 30.876008936204016 1.6920801480300722 40.940317807369865 11.764969834010115
leaf_count=1473 95 90 350 197 4585 45 2478 2171
internal_value=-2.16222e-05 0.00080079 -0.000690518 0.000255675 0.000345922 0.0059879 0.000345922 -0.0023381
internal_weight=99.8742 44.7081 55.1661 35.5785 32.0301 2.62377 42.0843 19.5876
internal_count=11484 2708 8776 5132 4782 135 2573 3644
is_linear=0
shrinkage=0.03


Tree=176
num_leaves=6
num_cat=0
split_feature=4 10 9 4 9
split_gain=0.0641374 0.781383 0.196248 0.0129243 0.0149122
threshold=76.818895338225104 97.202660406885769 96.026315789473699 1.6990691646046898 9.1507177033492848
decision_type=2 2 2 2 2
left_child=3 2 -2 -1 -5
right_child=1 -3 -4 4 -6
leaf_value=-0.0030766570903590106 -0.00069335091722068744 0.010472521396954348 0.0066649056154217462 -0.0022588818305551532 -0.00069335091722068744
leaf_weight=1.1324527056422073 36.946447279886343 5.4842098271474233 2.2739335115766144 4.9194641333306199 49.104580157087184
leaf_count=188 2452 137 119 585 8003
internal_value=-1.43612e-05 0.000820217 -0.000693351 -0.000693351 -0.000693351
internal_weight=99.8611 44.7046 39.2204 55.1565 54.024
internal_count=11484 2708 2571 8776 8588
is_linear=0
shrinkage=0.03


Tree=177
num_leaves=7
num_cat=0
split_feature=10 0 11 11 9 10
split_gain=0.0258155 0.0981645 0.00466034 0.00200952 0.0117566 0.00446102
threshold=97.937925170068027 59.217269217269227 49.043026221146938 65.306042758126992 10.23024594453166 95.875850340136068
decision_type=2 2 2 2 2 2
left_child=3 -2 -3 5 -5 -1
right_child=1 2 -4 4 -6 -7
leaf_value=-0.00063196840164776995 -0.00014258706433189152 0.0016906139201855411 0.0052849910839563802 -0.00033597653947280246 -0.00014258706433189152 -0.00033597653947280246
leaf_weight=46.11499836074654 2.6618436386343083 1.8162016943097112 2.6788781315553933 5.2914852257817975 39.544067667797208 1.7866895543411363
leaf_count=7461 228 75 74 344 3191 111
internal_value=-1.74208e-06 0.00161703 0.00440466 -0.000142587 -0.000142587 -0.000335977
internal_weight=99.8942 7.15692 4.49508 92.7372 44.8356 47.9017
internal_count=11484 377 149 11107 3535 7572
is_linear=0
shrinkage=0.03


Tree=178
num_leaves=8
num_cat=0
split_feature=4 10 9 11 9 4 4
split_gain=0.0454681 0.663364 0.198522 0.0626706 0.0384631 0.0507507 0.000196517
threshold=76.818895338225104 97.202660406885769 96.026315789473699 16.86603897776379 72.783389450056134 22.235805487639229 55.176568342334868
decision_type=2 2 2 2 2 2 2
left_child=3 2 -2 4 6 -6 -1
right_child=1 -3 -4 -5 5 -7 -8
leaf_value=-0.0047814118369499826 -0.00057776111696715351 0.0095054113618131819 0.0068255106543653786 -0.00057776111696715351 -0.0043350162425038006 -0.00057776111696715351 -0.0016133415005207888
leaf_weight=4.0704727723496026 36.910560329561122 5.6069119779858729 2.2927133904304347 47.276224225526676 0.74649483885150436 1.5337251415476201 1.4244090772699562
leaf_count=819 2452 137 119 7303 146 265 243
internal_value=-4.80438e-06 0.000696345 -0.000577761 -0.000577761 -0.00312054 -0.000577761 -0.00433502
internal_weight=99.8615 44.8102 39.2033 55.0513 7.7751 2.28022 5.49488
internal_count=11484 2708 2571 8776 1473 411 1062
is_linear=0
shrinkage=0.03


Tree=179
num_leaves=9
num_cat=0
split_feature=4 10 11 11 11 4 4 4
split_gain=0.0243161 0.491891 0.0626463 0.0344528 0.00877061 0.0204441 0.0122028 0.000820141
threshold=76.818895338225104 97.202660406885769 42.439090785354573 76.614909324346016 16.86603897776379 12.559814089795546 72.186799820754132 30.223915236509701
decision_type=2 2 2 2 2 2 2 2
left_child=2 3 4 -2 6 -6 -1 -7
right_child=1 -3 -4 -5 5 7 -8 -9
leaf_value=-0.0032564646630840665 -0.00042562753528084529 0.0080232718795593596 -0.00042562753528084529 0.00087454889971978777 -0.0028945681675429471 -0.0010312392763526716 -0.00063216026151647633 -0.00042562753528084529
leaf_weight=7.1510302781825912 18.756051962380297 5.7621409702114752 35.461974371457472 20.331940756645054 1.7117512573022384 2.7871747417375428 0.59251670259982336 7.2246991546126083
leaf_count=1380 1633 137 5132 938 326 537 93 1308
internal_value=-5.8387e-06 0.000506358 -0.000425628 -0.000425628 -0.00208803 -0.00136968 -0.00289457 -0.00063216
internal_weight=99.7793 44.8501 54.9291 39.088 19.4672 11.7236 7.74355 10.0119
internal_count=11484 2708 8776 2571 3644 2171 1473 1845
is_linear=0
shrinkage=0.03


Tree=180
num_leaves=7
num_cat=0
split_feature=9 10 1 1 5 11
split_gain=0.0542897 0.0505264 0.0294718 0.0189717 0.000945729 0.00444456
threshold=4.1960093896713619 81.016731016731029 83.8129744651484 34.143063204825602 38.501720049430553 10.656428879177696
decision_type=2 2 2 2 2 2
left_child=1 -1 3 -3 -2 -6
right_child=4 2 -4 -5 5 -7
leaf_value=-0.0070650320026205094 0.00021356043229865432 -0.0054017601576627607 0.00021356043229865432 0.00021356043229865432 0.00021356043229865432 0.0004711994668031506
leaf_weight=0.81243800208903794 18.416044371668249 0.38568652863614239 0.43249430740252126 0.66159421601332724 5.7362645202083504 73.459722585161217
leaf_count=153 4301 48 45 88 662 6170
internal_value=8.7892e-05 -0.00370297 0.00021356 -0.00338918 0.00021356 0.000319306
internal_weight=99.9042 2.29221 1.47978 1.04728 97.612 79.196
internal_count=11467 334 181 136 11133 6832
is_linear=0
shrinkage=0.03


Tree=181
num_leaves=6
num_cat=0
split_feature=9 10 1 1 5
split_gain=0.0497233 0.0563023 0.0245719 0.0165189 0.000922767
threshold=4.1960093896713619 81.016731016731029 83.8129744651484 34.143063204825602 38.501720049430553
decision_type=2 2 2 2 2
left_child=1 -1 3 -3 -2
right_child=4 2 -4 -5 -6
leaf_value=-0.0071167764998970439 0.00020854911253273648 -0.0049899743312095211 0.00020854911253273648 0.00020854911253273648 0.00031293826395548981
leaf_weight=0.8069784670369694 18.415580311440863 0.37922242912463822 0.43254339019767929 0.66175289626698941 79.203314666519873
leaf_count=153 4301 48 45 88 6832
internal_value=8.85412e-05 -0.00354615 0.000208549 -0.00310156 0.000208549
internal_weight=99.8994 2.2805 1.47352 1.04098 97.6189
internal_count=11467 334 181 136 11133
is_linear=0
shrinkage=0.03


Tree=182
num_leaves=7
num_cat=0
split_feature=9 10 1 1 5 11
split_gain=0.0464548 0.059617 0.0213329 0.0149137 0.000906781 0.00435355
threshold=4.1960093896713619 81.016731016731029 83.8129744651484 34.143063204825602 38.501720049430553 10.656428879177696
decision_type=2 2 2 2 2 2
left_child=1 -1 3 -3 -2 -6
right_child=4 2 -4 -5 5 -7
leaf_value=-0.0071205737947613651 0.00020687178051507113 -0.00470772019650642 0.00020687178051507113 0.00020687178051507113 0.00020687178051507113 0.00046127309128543077
leaf_weight=0.80483202356845085 18.415942204650491 0.37532876990735509 0.43253134097903956 0.66182369762100279 5.7373726795194662 73.472994591807947
leaf_count=153 4301 48 45 88 662 6170
internal_value=9.10392e-05 -0.00342557 0.000206872 -0.00290707 0.000206872 0.000310352
internal_weight=99.9008 2.27452 1.46968 1.03715 97.6263 79.2104
internal_count=11467 334 181 136 11133 6832
is_linear=0
shrinkage=0.03


Tree=183
num_leaves=7
num_cat=0
split_feature=9 10 1 1 5 11
split_gain=0.045291 0.0608309 0.0201685 0.01444 0.000876563 0.00428913
threshold=4.1960093896713619 81.016731016731029 83.8129744651484 34.143063204825602 38.501720049430553 10.656428879177696
decision_type=2 2 2 2 2 2
left_child=1 -1 3 -3 -2 -6
right_child=4 2 -4 -5 5 -7
leaf_value=-0.0071252224584411475 0.00020585667957264799 -0.0046185985395590769 0.00020585667957264799 0.00020585667957264799 0.00020585667957264799 0.00045797695061076927
leaf_weight=0.80317900620866511 18.41442550253123 0.3704587041866032 0.43248619651421893 0.66192065901122987 5.7383584217168382 73.473435575142503
leaf_count=153 4301 48 45 88 662 6170
internal_value=9.16109e-05 -0.00338424 0.000205857 -0.00284038 0.000205857 0.000307658
internal_weight=99.8943 2.26804 1.46487 1.03238 97.6262 79.2118
internal_count=11467 334 181 136 11133 6832
is_linear=0
shrinkage=0.03


Tree=184
num_leaves=5
num_cat=0
split_feature=9 1 5 11
split_gain=0.0448064 0.0397152 0.000842199 0.00417654
threshold=4.1960093896713619 93.000175214637935 38.501720049430553 10.656428879177696
decision_type=2 2 2 2
left_child=1 -1 -2 -4
right_child=2 -3 3 -5
leaf_value=-0.0050238067524478814 0.00020219594206900623 0.00020219594206900623 0.00020219594206900623 0.00045069399450846489
leaf_weight=1.8359973299084225 18.410587143269368 0.43111450574360777 5.7382368773687622 73.470244433148764
leaf_count=297 4301 37 662 6170
internal_value=8.85462e-05 -0.00336912 0.000202196 0.000301995
internal_weight=99.8862 2.26711 97.6191 79.2085
internal_count=11467 334 11133 6832
is_linear=0
shrinkage=0.03


Tree=185
num_leaves=9
num_cat=0
split_feature=4 10 9 1 9 10 1 1
split_gain=0.0106825 0.209832 0.198795 0.0932834 0.0869245 0.0162707 0.0866103 0.000426819
threshold=77.203977445900648 56.079083518107915 8.1356867071152816 3.3251119305514218 74.374609130706702 4.8003072196620593 94.479671411265912 20.625517189498236
decision_type=2 2 2 2 2 2 2 2
left_child=3 -2 -3 -1 -4 6 -5 -7
right_child=1 2 4 5 -6 7 -8 -9
leaf_value=-0.007300818244235046 0.00027425355989699126 0.00027425355989699126 0.0028678268319655567 -0.0064232748016161507 0.0071342192869417037 -0.00067549366647139423 0.00027425355989699126 0.00027425355989699126
leaf_weight=0.46440825238823791 14.960944227757862 3.5663192800711867 20.238577826297849 1.1143218205543224 5.8282332420349112 5.3553535455139345 0.30951612466014911 47.99260116496589
leaf_count=83 1444 106 821 239 242 1088 28 7384
internal_value=0.00056088 0.000902107 0.0028731 0.000274254 0.00405008 0.000274254 -0.00235982 0.000274254
internal_weight=99.8303 44.5941 29.6331 55.2362 26.0668 54.7718 1.42384 53.348
internal_count=11435 2613 1169 8822 1063 8739 267 8472
is_linear=0
shrinkage=0.03


Tree=186
num_leaves=11
num_cat=0
split_feature=4 10 9 11 1 9 11 11 1 11
split_gain=0.00641847 0.183428 0.184578 0.371855 0.0949061 0.0588261 0.23718 0.030047 0.0238228 0.0005597
threshold=77.203977445900648 56.079083518107915 74.374609130706702 61.316017316017316 3.3251119305514218 8.1356867071152816 86.479958219088658 16.86603897776379 93.365511138022995 11.887609368892631
decision_type=2 2 2 2 2 2 2 2 2 2
left_child=4 -2 5 -4 -1 -3 9 8 -6 -7
right_child=1 2 3 -5 7 6 -8 -9 -10 -11
leaf_value=-0.0072601874197367137 0.00038737745098750526 0.00038737745098750526 0.0014655608247953649 0.011883439527764685 -0.0023443841197783883 0.00038737745098750526 0.0069598367532533343 0.00038737745098750526 0.00038737745098750526 0.00062289048378479474
leaf_weight=0.46302820206619699 14.929518079967236 3.5757713366765662 1.7299066290725011 4.1450073115993291 5.8179036082001394 1.9708469505421806 6.6095602030400178 47.189679775037803 1.6585645800223572 11.72882095351815
leaf_count=83 1444 106 109 133 1276 95 174 7279 184 552
internal_value=0.00061518 0.000881571 0.00278207 0.00714274 0.000387377 0.00146556 0.00146556 0.000387377 -0.00147145 0.000387377
internal_weight=99.8186 44.6894 29.7599 5.87491 55.1292 23.885 20.3092 54.6661 7.47647 13.6997
internal_count=11435 2613 1169 242 8822 927 821 8739 1460 647
is_linear=0
shrinkage=0.03


Tree=187
num_leaves=12
num_cat=0
split_feature=4 1 9 11 9 1 11 9 1 11 9
split_gain=0.0110123 0.0953932 0.0766966 0.134266 0.0933493 0.0768599 0.0409319 0.0694184 0.11731 0.0106254 0.000908106
threshold=77.203977445900648 3.3251119305514218 7.4537037037037042 83.818026883993909 81.881313131313149 10.929849564528903 16.86603897776379 72.783389450056134 93.365511138022995 65.306042758126992 11.180555555555557
decision_type=2 2 2 2 2 2 2 2 2 2 2
left_child=1 -1 -2 5 10 -4 7 8 -3 -7 -5
right_child=2 6 3 4 -6 9 -8 -9 -10 -11 -12
leaf_value=-0.0071916399046158871 0.00058294487254569884 -0.0058036746251264636 0.00058294487254569884 0.0025432613921453828 0.0081784185693498327 0.0014642822021579194 0.00058294487254569884 0.00058294487254569884 0.00058294487254569884 0.0025432613921453828 0.0032781537354080468
leaf_weight=0.46025788853876193 4.0240513226017347 4.0482853500870979 4.9550504959188464 1.1727902262937249 2.9486834609415373 12.94324802211486 47.0991506887367 2.1764105721376836 1.2404928561300037 6.2221400861162683 12.48995024897158
leaf_count=83 181 921 486 37 129 965 7279 402 137 347 468
internal_value=0.00068601 0.000390709 0.00103259 0.00195549 0.00395114 0.000582945 0.000582945 -0.00151275 -0.0034046 0.00244326 0.00254326
internal_weight=99.7805 55.0246 44.7559 40.7319 16.6114 24.1204 54.5643 7.46519 5.28878 19.1654 13.6627
internal_count=11435 8822 2613 2432 634 1798 8739 1460 1058 1312 505
is_linear=0
shrinkage=0.03


Tree=188
num_leaves=12
num_cat=0
split_feature=1 10 9 4 4 10 4 9 4 9 4
split_gain=0.0180482 0.091785 0.15755 0.0340714 0.0190505 0.0056004 0.274659 0.24782 0.0900607 0.188743 0.023982
threshold=6.5354287591720519 88.975694444444457 54.226190476190482 93.000175214637935 98.663092046470084 55.63492063492064 73.316684934236761 8.1356867071152816 91.457095918109459 16.774891774891778 77.203977445900648
decision_type=2 2 2 2 2 2 2 2 2 2 2
left_child=1 2 4 -4 -1 -2 -7 -8 10 -10 -9
right_child=5 -3 3 -5 -6 6 7 8 9 -11 -12
leaf_value=-0.0074576950573259438 0.00076824233060645273 0.00076824233060645273 -0.0040743652418174557 0.00076824233060645273 -0.00075347558820059314 0.00076824233060645273 0.00076824233060645273 0.00076824233060645273 0.0029604174752473427 0.0090383332375408541 0.0029604174752473427
leaf_weight=2.8084318295586845 37.855520062148571 2.5265649480279535 0.90138452895917032 1.2160649660509077 0.69400219968520094 26.637802176177502 3.1822259540203985 1.5864630877040333 2.1428827331401399 9.5012068229261768 10.541887841303831
leaf_count=303 6248 110 182 92 40 3340 98 165 37 229 591
internal_value=0.000647246 -0.000646489 -0.0031475 0.000768242 -0.00659166 0.000768242 0.00108939 0.00377909 0.00515652 0.00702891 0.00296042
internal_weight=99.5944 8.14645 5.61988 2.11745 3.50243 91.448 53.5925 26.9547 23.7724 11.6441 12.1284
internal_count=11435 727 617 274 343 10708 4460 1120 1022 266 756
is_linear=0
shrinkage=0.03


Tree=189
num_leaves=12
num_cat=0
split_feature=1 11 9 10 9 11 9 11 11 11 10
split_gain=0.00953589 0.103593 0.0111687 0.00467047 0.0762543 0.182032 0.0745248 0.0723771 0.0563738 0.0202169 0.00138502
threshold=6.5354287591720519 49.021999043519848 75.735930735930751 55.63492063492064 10.23024594453166 15.679096776557225 74.374609130706702 83.502375102375126 65.306042758126992 97.872641331539853 88.975694444444457
decision_type=2 2 2 2 2 2 2 2 2 2 2
left_child=1 2 -1 -2 -5 -6 7 -7 -8 -9 -3
right_child=3 10 -4 4 5 6 8 9 -10 -11 -12
leaf_value=-0.0056184683526609583 0.00073821797379233518 1.7414652225827938e-05 1.7414652225827938e-05 0.00073821797379233518 0.00073821797379233518 0.0012037172763122276 0.0019979022122477196 0.002993485580351883 0.0069859806369634092 0.0069859806369634092 0.00073821797379233518
leaf_weight=1.8103351240279137 37.847845212556422 3.8515809960663319 0.34967271995265026 7.7453069172333917 5.3595507050631559 21.408113044570204 4.3707410760689509 7.147132931975646 6.1341628194786608 1.4700608802959321 2.046776608331129
leaf_count=249 6248 340 74 437 620 2137 468 396 351 51 64
internal_value=0.000651447 -0.000306375 -0.00498932 0.000738218 0.00103302 0.00199381 0.00313361 0.00224236 0.00526465 0.00442925 0.000738218
internal_weight=99.5413 8.05837 2.16001 91.4829 53.6351 45.8898 40.5302 30.0253 10.5049 8.61719 5.89836
internal_count=11435 727 323 10708 4460 4023 3403 2584 819 447 404
is_linear=0
shrinkage=0.03


Tree=190
num_leaves=7
num_cat=0
split_feature=9 1 1 1 5 5
split_gain=0.00880136 0.061137 0.00680428 0.00539328 0.0425977 0.000514654
threshold=3.7268518518518521 93.365511138022995 0.50891903266535021 87.995098039215705 93.742469879518083 41.282252274209384
decision_type=2 2 2 2 2 2
left_child=1 -1 -2 -4 5 -5
right_child=2 -3 3 4 -6 -7
leaf_value=-0.0053739470424888375 -0.0017340898648250606 0.00027647521038048683 0.0001866720638792051 0.00027647521038048683 0.0031789903869241364 0.00071323017266416544
leaf_weight=0.98183487844653317 0.51450723619200189 0.48237478523515165 77.389433947275393 4.3888624198734787 4.0792555687949053 11.292098254896699
leaf_count=198 46 34 9875 742 57 556
internal_value=0.000234411 -0.0015449 0.000276475 0.000304683 0.000735607 0.000276475
internal_weight=99.1284 1.46421 97.6642 97.1497 19.7602 15.681
internal_count=11508 232 11276 11230 1355 1298
is_linear=0
shrinkage=0.03


Tree=191
num_leaves=5
num_cat=0
split_feature=10 3 1 1
split_gain=0.0432219 0.217294 0.602996 0.00173476
threshold=96.850198412698418 77.976979077851396 89.550466196334256 8.5501458407689572
decision_type=2 2 2 2
left_child=3 -2 -3 -1
right_child=1 2 -4 -5
leaf_value=-0.00043078140431555828 -2.1483182212246533e-05 -2.1483182212246533e-05 0.014732032850779864 -2.1483182212246533e-05
leaf_weight=8.322464897297321 4.4064583574654526 5.8559746507089567 2.5990935154259205 77.921782166115008
leaf_count=926 380 139 26 10037
internal_value=0.00022818 0.00178309 0.00502408 -2.14832e-05
internal_weight=99.1058 12.8615 8.45507 86.2442
internal_count=11508 545 165 10963
is_linear=0
shrinkage=0.03


Tree=192
num_leaves=5
num_cat=0
split_feature=10 3 1 1
split_gain=0.0359725 0.204488 0.571811 0.000982225
threshold=96.850198412698418 77.976979077851396 89.550466196334256 8.5501458407689572
decision_type=2 2 2 2
left_child=3 -2 -3 -1
right_child=1 2 -4 -5
leaf_value=-0.00028095776581426668 2.7626953092971664e-05 2.7626953092971664e-05 0.014417826287878067 2.7626953092971664e-05
leaf_weight=8.2913681284990144 4.4074844323331481 5.8614511950872821 2.555442979093641 77.920205485424958
leaf_count=926 380 139 26 10037
internal_value=0.000255758 0.00167643 0.00487887 2.7627e-05
internal_weight=99.036 12.8244 8.41689 86.2116
internal_count=11508 545 165 10963
is_linear=0
shrinkage=0.03


Tree=193
num_leaves=5
num_cat=0
split_feature=10 3 1 1
split_gain=0.0342834 0.201989 0.559144 0.00134967
threshold=96.850198412698418 77.976979077851396 89.550466196334256 8.5501458407689572
decision_type=2 2 2 2
left_child=3 -2 -3 -1
right_child=1 2 -4 -5
leaf_value=-0.00031603148160900732 4.6075369866589039e-05 4.6075369866589039e-05 0.014294611239959365 4.6075369866589039e-05
leaf_weight=8.2801170779857767 4.4085057959891847 5.8652822370640916 2.5506463563069701 77.900022311951034
leaf_count=926 380 139 26 10037
internal_value=0.000269089 0.001656 0.0048536 4.60754e-05
internal_weight=99.0046 12.8244 8.41593 86.1801
internal_count=11508 545 165 10963
is_linear=0
shrinkage=0.03


Tree=194
num_leaves=5
num_cat=0
split_feature=10 3 1 1
split_gain=0.0290965 0.186772 0.486755 0.000878352
threshold=96.850198412698418 77.976979077851396 89.550466196334256 8.5501458407689572
decision_type=2 2 2 2
left_child=3 -2 -3 -1
right_child=1 2 -4 -5
leaf_value=-0.00019767220043867597 9.5803618938614557e-05 9.5803618938614557e-05 0.01350979304420857 9.5803618938614557e-05
leaf_weight=8.2849586845841241 4.4036485317628822 5.8821341269649547 2.5382109163329005 77.663024140754715
leaf_count=926 380 139 26 10037
internal_value=0.000302419 0.00158008 0.00468685 9.58036e-05
internal_weight=98.772 12.824 8.42035 85.948
internal_count=11508 545 165 10963
is_linear=0
shrinkage=0.03


Tree=195
num_leaves=8
num_cat=0
split_feature=1 10 11 1 11 1 1
split_gain=0.018075 0.374575 0.220436 0.0126959 0.0110548 0.0699636 0.0038706
threshold=81.070417732310332 97.849213691026833 98.48675673612702 0.95695970695970711 49.021999043519848 18.590470453444837 48.799038461538466
decision_type=2 2 2 2 2 2 2
left_child=3 2 -2 -1 5 -5 -7
right_child=1 -3 -4 4 -6 6 -8
leaf_value=-0.0021722560774958479 9.827321999605753e-05 0.0084789950133156589 0.0084789950133156589 -0.0021722560774958479 9.827321999605753e-05 -0.000549083285747442 9.827321999605753e-05
leaf_weight=1.2182877677259956 23.101851092535078 4.1278647147119036 1.1160792314913113 5.9128566368017372 41.859052568208426 11.635663462104278 10.800363059272057
leaf_count=95 2061 103 37 969 4243 1911 2046
internal_value=0.000357261 0.000984275 9.82732e-05 9.82732e-05 9.82732e-05 -0.00049418 9.82732e-05
internal_weight=99.772 28.3458 24.2179 71.4262 70.2079 28.3489 22.436
internal_count=11465 2201 2098 9264 9169 4926 3957
is_linear=0
shrinkage=0.03


Tree=196
num_leaves=9
num_cat=0
split_feature=1 11 1 11 1 1 11 1
split_gain=0.016981 0.109627 0.0118238 0.0210816 0.0544172 0.0172726 0.00181181 0.00164654
threshold=81.070417732310332 98.48675673612702 0.95695970695970711 49.021999043519848 10.929849564528903 70.624512568240462 10.050964830376596 48.799038461538466
decision_type=2 2 2 2 2 2 2 2
left_child=2 6 -1 4 -4 7 -2 -6
right_child=1 -3 3 -5 5 -7 -8 -9
leaf_value=-0.0020546126618619038 0.0004056355904399574 0.0071618776696783671 -0.0020546126618619038 0.0004056355904399574 -0.00065574621463823808 0.0004056355904399574 0.00067202557838605978 -9.4087396908170239e-05
leaf_weight=1.2192211529472832 2.7517452406464349 1.3650183170102526 3.4430618884507593 41.848067171638831 14.048505801823927 3.4194530195090911 24.296973442309536 7.3799787728348738
leaf_count=95 325 41 531 4243 2349 670 1835 1376
internal_value=0.000355876 0.000962663 0.000104298 0.00017018 -0.000482069 0.000150011 0.000405636 -0.00047513
internal_weight=99.772 28.4137 71.3583 70.1391 28.291 24.8479 27.0487 21.4285
internal_count=11465 2201 9264 9169 4926 4395 2160 3725
is_linear=0
shrinkage=0.03


Tree=197
num_leaves=6
num_cat=0
split_feature=1 10 11 1 11
split_gain=0.0207989 0.353476 0.217887 0.0111735 0.0094782
threshold=81.070417732310332 97.849213691026833 98.48675673612702 0.95695970695970711 49.021999043519848
decision_type=2 2 2 2 2
left_child=3 2 -2 -1 -5
right_child=1 -3 -4 4 -6
leaf_value=-0.0020551308210854328 7.5352304434343138e-05 0.0082951446257529433 0.0082951446257529433 -0.00047490537389654596 7.5352304434343138e-05
leaf_weight=1.2167716649128113 23.170531522831887 4.1010747451800844 1.1849954344797868 28.195485027972609 41.886486928910017
leaf_count=95 2061 103 37 4926 4243
internal_value=0.000353501 0.00102419 7.53523e-05 7.53523e-05 7.53523e-05
internal_weight=99.7553 28.4566 24.3555 71.2987 70.082
internal_count=11465 2201 2098 9264 9169
is_linear=0
shrinkage=0.03


Tree=198
num_leaves=8
num_cat=0
split_feature=1 10 11 11 1 1 1
split_gain=0.0237735 0.407216 0.203744 0.00324506 0.02819 0.0192103 0.00839648
threshold=81.070417732310332 97.849213691026833 98.48675673612702 49.021999043519848 48.799038461538466 0.95695970695970711 10.929849564528903
decision_type=2 2 2 2 2 2 2
left_child=3 2 -2 4 6 -5 -1
right_child=1 -3 -4 5 -6 -7 -8
leaf_value=-0.0023102559497583976 5.9554734952570725e-05 0.0087665925225703951 0.0087665925225703951 -0.0011724065620348926 5.9554734952570725e-05 5.9554734952570725e-05 -0.00073606291765004211
leaf_weight=3.7006597962463337 23.158579747308984 4.2344741807319215 1.1741027019452293 0.928194371284916 10.794146094005553 41.79605093668215 13.944756310782394
leaf_count=563 2061 103 37 63 2046 4243 2349
internal_value=0.000357488 0.00107256 5.95547e-05 5.95547e-05 -0.000255605 5.95547e-05 -0.00117241
internal_weight=99.731 28.5672 24.3327 71.1638 28.4396 42.7242 17.6454
internal_count=11465 2201 2098 9264 4958 4306 2912
is_linear=0
shrinkage=0.03


Tree=199
num_leaves=7
num_cat=0
split_feature=1 10 11 11 1 11
split_gain=0.0112364 0.308309 0.185043 0.0140974 0.0103474 0.00516268
threshold=81.070417732310332 97.849213691026833 98.48675673612702 67.658012485598718 0.50891903266535021 49.021999043519848
decision_type=2 2 2 2 2 2
left_child=4 2 -2 -3 -1 -6
right_child=1 3 -4 -5 5 -7
leaf_value=-0.0024203353052816589 0.000156425167025461 0.0032021918984538548 0.007592768683506142 0.0094448138574130709 -0.00024988799327198188 0.000156425167025461
leaf_weight=0.40625349339097638 23.181088871671825 2.0793105165939769 1.1707789322827 2.2003434193320572 28.309526031836867 42.312510729418136
leaf_count=48 2061 71 37 32 4945 4271
internal_value=0.000363602 0.000854937 0.000156425 0.00759277 0.000156425 0.000156425
internal_weight=99.6598 28.6315 24.3519 4.27965 71.0283 70.622
internal_count=11465 2201 2098 103 9264 9216
is_linear=0
shrinkage=0.03


Tree=200
num_leaves=2
num_cat=0
split_feature=11
split_gain=0.0355565
threshold=1.3829434846863375
decision_type=2
left_child=-1
right_child=-2
leaf_value=-0.0040014248130305951 0.00023286073540189426
leaf_weight=0.81937865121289988 96.990018973941915
leaf_count=143 11207
internal_value=0.000157251
internal_weight=97.8094
internal_count=11350
is_linear=0
shrinkage=0.03


Tree=201
num_leaves=2
num_cat=0
split_feature=11
split_gain=0.0358033
threshold=1.3829434846863375
decision_type=2
left_child=-1
right_child=-2
leaf_value=-0.0040155133296836364 0.00023289835807600233
leaf_weight=0.81983966322149981 96.98753461567685
leaf_count=143 11207
internal_value=0.000157008
internal_weight=97.8074
internal_count=11350
is_linear=0
shrinkage=0.03


Tree=202
num_leaves=2
num_cat=0
split_feature=11
split_gain=0.0116067
threshold=1.3829434846863375
decision_type=2
left_child=-1
right_child=-2
leaf_value=-0.0022482380029281873 0.00020232170069632211
leaf_weight=0.77529162273276497 97.038098349585198
leaf_count=143 11207
internal_value=0.000160342
internal_weight=97.8134
internal_count=11350
is_linear=0
shrinkage=0.03


Tree=203
num_leaves=2
num_cat=0
split_feature=11
split_gain=0.0112721
threshold=1.3829434846863375
decision_type=2
left_child=-1
right_child=-2
leaf_value=-0.0022144868476149096 0.00020150190803052147
leaf_weight=0.7739062609616657 97.03761322714854
leaf_count=143 11207
internal_value=0.000160168
internal_weight=97.8115
internal_count=11350
is_linear=0
shrinkage=0.03


Tree=204
num_leaves=2
num_cat=0
split_feature=11
split_gain=0.00957057
threshold=1.3829434846863375
decision_type=2
left_child=-1
right_child=-2
leaf_value=-0.0020307374074886981 0.00019836549170545222
leaf_weight=0.77000148175284167 97.045452192542143
leaf_count=143 11207
internal_value=0.000160445
internal_weight=97.8155
internal_count=11350
is_linear=0
shrinkage=0.03


Tree=205
num_leaves=8
num_cat=0
split_feature=11 1 11 1 11 1 1
split_gain=0.0251031 0.00375486 0.0377517 0.0410023 0.0104358 0.00946621 0.00624056
threshold=1.6887841219952275 8.5501458407689572 97.872641331539853 55.176568342334868 81.117881661480723 3.7086157775812949 5.7178393745557932
decision_type=2 2 2 2 2 2 2
left_child=-1 4 -3 -4 6 -6 -2
right_child=1 2 3 -5 5 -7 -8
leaf_value=-0.0034820943048768098 -0.0021743116222674563 -0.00011285140830304341 -0.00011285140830304341 0.0044036451461989005 -0.0015229258655762728 -0.00011285140830304341 -0.00011285140830304341
leaf_weight=0.92744127125479181 3.0323852798901481 83.917119414662011 1.6008978500030924 2.5769186120014638 2.488483852124773 2.3108769692480564 1.754872200777754
leaf_count=175 440 10166 96 88 154 133 244
internal_value=-9.16434e-05 -2.44926e-05 3.92278e-05 0.00252578 -0.000558438 -0.000112851 -0.00152293
internal_weight=98.609 97.6816 88.0949 4.17782 9.58662 4.79936 4.78726
internal_count=11496 11321 10350 184 971 287 684
is_linear=0
shrinkage=0.03


Tree=206
num_leaves=6
num_cat=0
split_feature=11 1 11 11 11
split_gain=0.0228586 0.0028651 0.0370332 0.00918407 0.00267638
threshold=1.6887841219952275 8.5501458407689572 97.872641331539853 81.117881661480723 6.9530240826714769
decision_type=2 2 2 2 2
left_child=-1 3 4 -2 -3
right_child=1 2 -4 -5 -6
leaf_value=-0.0033343096860135239 -0.0014250642890677849 -0.00083775614411467011 0.0024855616305326164 -0.00012641008598244849 -8.5358506614633116e-05
leaf_weight=0.92367981339339067 4.7776949860854057 3.5206662350101388 4.1836143836844704 4.7948283079313114 80.41387600323651
leaf_count=175 684 533 184 287 9633
internal_value=-9.57208e-05 -3.16243e-05 2.40985e-05 -0.000498333 -0.00012641
internal_weight=98.6144 97.6907 88.1182 9.57252 83.9345
internal_count=11496 11321 10350 971 10166
is_linear=0
shrinkage=0.03


Tree=207
num_leaves=6
num_cat=0
split_feature=11 11 1 1 11
split_gain=0.020456 0.00212569 0.200228 0.00969501 5.4637e-05
threshold=1.6887841219952275 98.48675673612702 22.611735111735118 0.50891903266535021 6.9530240826714769
decision_type=2 2 2 2 2
left_child=-1 3 -3 -2 -5
right_child=1 2 -4 4 -6
leaf_value=-0.003156015295655035 -0.0025946443600161706 -5.9413029733864434e-05 0.0068991204367146175 -0.00025226251369577662 -5.9413029733864434e-05
leaf_weight=0.91907981049734999 0.3580984827131023 1.1708270201925182 2.7632813255768269 3.9140162672847501 89.412905503995717
leaf_count=175 41 77 112 587 10504
internal_value=-8.86419e-05 -2.80535e-05 0.000579418 -5.9413e-05 -5.9413e-05
internal_weight=98.5382 97.6191 3.93411 93.685 93.3269
internal_count=11496 11321 189 11132 11091
is_linear=0
shrinkage=0.03


Tree=208
num_leaves=4
num_cat=0
split_feature=11 1 11
split_gain=0.0448532 0.346526 0.0171694
threshold=98.48675673612702 22.611735111735118 1.6887841219952275
decision_type=2 2 2
left_child=2 -2 -1
right_child=1 -3 -4
leaf_value=-0.003070739899355255 -0.0002265562105480086 0.0091719208627944349 -0.0002265562105480086
leaf_weight=0.91656594211235543 1.1713898025918741 3.0132147702388465 93.499257977702655
leaf_count=175 77 112 11132
internal_value=-7.96757e-05 0.00263883 -0.000226556
internal_weight=98.6004 4.1846 94.4158
internal_count=11496 189 11307
is_linear=0
shrinkage=0.03


Tree=209
num_leaves=4
num_cat=0
split_feature=11 1 11
split_gain=0.0616739 0.378293 0.0168578
threshold=98.48675673612702 22.611735111735118 1.6887841219952275
decision_type=2 2 2
left_child=2 -2 -1
right_child=1 -3 -4
leaf_value=-0.0030662930008854851 -0.00024741177781871661 0.0096271660825792329 -0.00024741177781871661
leaf_weight=0.91707675252109666 1.170438939006998 3.0930302222259343 93.444420800660737
leaf_count=175 77 112 11132
internal_value=-7.36461e-05 0.00308857 -0.000247412
internal_weight=98.625 4.26347 94.3615
internal_count=11496 189 11307
is_linear=0
shrinkage=0.03


Tree=210
num_leaves=5
num_cat=0
split_feature=4 3 5 5
split_gain=0.0103623 0.00127022 0.00103433 0.000324886
threshold=71.393936900507825 6.1518217916322193 43.253745973953237 13.750344792998822
decision_type=2 2 2 2
left_child=1 3 -2 -1
right_child=2 -3 -4 -5
leaf_value=-0.00076847376985557608 -9.6692202883005889e-05 -9.6692202883005889e-05 0.00049433664634101343 -9.6692202883005889e-05
leaf_weight=2.4428373186383396 1.2732175693381567 47.131905305199325 47.110824230709113 0.25384999043308187
leaf_count=555 303 7592 2960 65
internal_value=0.000161808 -0.000140919 0.000470114 -0.00067865
internal_weight=98.2126 49.8286 48.384 2.69669
internal_count=11475 8212 3263 620
is_linear=0
shrinkage=0.03


Tree=211
num_leaves=4
num_cat=0
split_feature=3 5 5
split_gain=0.00169073 0.00383766 0.00011359
threshold=6.1518217916322193 16.94440041214235 3.3251119305514218
decision_type=2 2 2
left_child=1 -1 -2
right_child=2 -3 -4
leaf_value=-0.00098846988840026553 -0.00011758350507371846 0.00018935999831907999 0.00019205907199879707
leaf_weight=2.6792507863137867 0.45828306942712416 0.39730671071447421 94.681165686575696
leaf_count=610 94 89 10682
internal_value=0.000165412 -0.000439945 0.00018936
internal_weight=98.216 3.07656 95.1394
internal_count=11475 699 10776
is_linear=0
shrinkage=0.03


Tree=212
num_leaves=6
num_cat=0
split_feature=4 3 5 5 5
split_gain=0.00924636 0.00124157 0.00098762 0.000321295 1.13942e-05
threshold=71.393936900507825 6.1518217916322193 43.253745973953237 13.750344792998822 2.9062137901188039
decision_type=2 2 2 2 2
left_child=1 3 -2 -1 -3
right_child=2 4 -4 -5 -6
leaf_value=-0.00074094237184471753 -7.7553844050843115e-05 -0.00018652006705920134 0.00048042852086743379 -7.7553844050843115e-05 -7.7553844050843115e-05
leaf_weight=2.4397613488836214 1.2728865823009972 0.37021149788051744 47.128567681065761 0.25368594285100687 46.74861651903484
leaf_count=555 303 73 2960 65 7519
internal_value=0.000165418 -0.000120832 0.000456495 -0.000651955 -7.75538e-05
internal_weight=98.2137 49.8123 48.4015 2.69345 47.1188
internal_count=11475 8212 3263 620 7592
is_linear=0
shrinkage=0.03


Tree=213
num_leaves=6
num_cat=0
split_feature=4 3 5 5 5
split_gain=0.00887836 0.00123708 0.000949524 0.000324696 1.33341e-05
threshold=71.393936900507825 6.1518217916322193 43.253745973953237 13.750344792998822 2.9062137901188039
decision_type=2 2 2 2 2
left_child=1 3 -2 -1 -3
right_child=2 4 -4 -5 -6
leaf_value=-0.00073865097284498641 -7.5196852639190985e-05 -0.00018871165575216152 0.00047096114741336731 -7.5196852639190985e-05 -7.5196852639190985e-05
leaf_weight=2.4335933089023456 1.2726048622280348 0.37015079078264435 47.12086445686873 0.25361087871715415 46.735960348043591
leaf_count=555 303 73 2960 65 7519
internal_value=0.000162244 -0.000118322 0.000447477 -0.000648876 -7.51969e-05
internal_weight=98.1868 49.7933 48.3935 2.6872 47.1061
internal_count=11475 8212 3263 620 7592
is_linear=0
shrinkage=0.03


Tree=214
num_leaves=3
num_cat=0
split_feature=4 3
split_gain=0.00845018 0.00116577
threshold=71.393936900507825 6.1518217916322193
decision_type=2 2
left_child=1 -1
right_child=-2 -3
leaf_value=-0.00062837902824984971 0.00043877036800765484 -7.1457554728114467e-05
leaf_weight=2.6856462938012546 48.389564973651432 47.095361633808352
leaf_count=620 3263 7592
internal_value=0.00016051 -0.000113286
internal_weight=98.1706 49.781
internal_count=11475 8212
is_linear=0
shrinkage=0.03


Tree=215
num_leaves=4
num_cat=0
split_feature=9 0 0
split_gain=0.0449245 0.0263442 0.00486336
threshold=6.3560463237274449 99.754600857542044 72.186799820754132
decision_type=2 2 2
left_child=-1 2 -2
right_child=1 -3 -4
leaf_value=-0.0018848541145126821 0.00017771262113251097 0.003157109966201587 0.00062612461401027615
leaf_weight=6.4873191034421316 39.802745168330148 2.3490735017694524 50.089269982883707
leaf_count=529 7936 36 2985
internal_value=0.000357975 0.000534237 0.000431715
internal_weight=98.7284 92.2411 89.892
internal_count=11486 10957 10921
is_linear=0
shrinkage=0.03


Tree=216
num_leaves=4
num_cat=0
split_feature=9 0 0
split_gain=0.0396976 0.0150919 0.00428037
threshold=6.3560463237274449 99.754600857542044 72.186799820754132
decision_type=2 2 2
left_child=-1 2 -2
right_child=1 -3 -4
leaf_value=-0.001752343684280141 0.00020481100136633169 0.0025066790392299326 0.00062730324693744874
leaf_weight=6.4744890012079841 39.801420353818685 2.3788950419984749 50.047043224330992
leaf_count=529 7936 36 2985
internal_value=0.000358574 0.00052397 0.000444461
internal_weight=98.7018 92.2274 89.8485
internal_count=11486 10957 10921
is_linear=0
shrinkage=0.03


Tree=217
num_leaves=2
num_cat=0
split_feature=9
split_gain=0.0273579
threshold=6.3560463237274449
decision_type=2
left_child=-1
right_child=-2
leaf_value=-0.0013771267330606604 0.00051926259512176289
leaf_weight=6.4358132357010609 92.295743659255095
leaf_count=529 10957
internal_value=0.000383078
internal_weight=98.7316
internal_count=11486
is_linear=0
shrinkage=0.03


Tree=218
num_leaves=4
num_cat=0
split_feature=9 0 0
split_gain=0.0202301 0.0142855 0.00548202
threshold=6.3560463237274449 99.754600857542044 72.186799820754132
decision_type=2 2 2
left_child=-1 2 -2
right_child=1 -3 -4
leaf_value=-0.0011405965323256538 0.00015212971123119423 0.002428434568977129 0.00062655324183109732
leaf_weight=6.3791915308684102 39.816494566970505 2.3701418121345332 50.131309857824817
leaf_count=529 7936 36 2985
internal_value=0.000381289 0.000497547 0.000420526
internal_weight=98.6971 92.3179 89.9478
internal_count=11486 10957 10921
is_linear=0
shrinkage=0.03


Tree=219
num_leaves=4
num_cat=0
split_feature=9 0 0
split_gain=0.0203371 0.0133621 0.0057673
threshold=6.3560463237274449 99.754600857542044 72.186799820754132
decision_type=2 2 2
left_child=-1 2 -2
right_child=1 -3 -4
leaf_value=-0.0011650966784086606 0.00012865326351494666 0.0023466725621525695 0.00061425027333889709
leaf_weight=6.3709208142245179 39.798071711906232 2.3634334588423362 50.141336532775313
leaf_count=529 7936 36 2985
internal_value=0.000360851 0.000477534 0.000403152
internal_weight=98.6738 92.3028 89.9394
internal_count=11486 10957 10921
is_linear=0
shrinkage=0.03


Tree=220
num_leaves=6
num_cat=0
split_feature=1 3 3 1 1
split_gain=0.00942638 0.00330306 0.00234684 0.00320217 0.000163609
threshold=8.5501458407689572 4.5285714285714294 32.592551946151609 52.820283115189291 22.235805487639229
decision_type=2 2 2 2 2
left_child=2 3 -1 -2 -3
right_child=1 4 -4 -5 -6
leaf_value=-0.0019352059126865313 -0.0018271564092316058 -6.3194670347317076e-05 -0.00062880404526386986 3.409403106025556e-05 5.0787778573033701e-05
leaf_weight=1.0665763093857066 0.72108587215188835 12.43463706562761 8.8015478781890106 1.3904379233717916 75.25276241672691
leaf_count=244 197 1512 713 279 8582
internal_value=-0.000100609 3.79893e-07 -0.000935074 -0.000935074 3.4094e-05
internal_weight=99.667 89.7989 9.86812 2.11152 87.6874
internal_count=11527 10570 957 476 10094
is_linear=0
shrinkage=0.03


Tree=221
num_leaves=9
num_cat=0
split_feature=1 11 3 11 3 3 11 1
split_gain=0.00893209 0.119986 0.0291312 0.00603311 0.00309995 0.00264283 0.00213852 0.0615542
threshold=8.5501458407689572 49.021999043519848 87.226251443118926 16.86603897776379 4.5285714285714294 19.40665224247314 97.872641331539853 55.176568342334868
decision_type=2 2 2 2 2 2 2 2
left_child=1 -1 -3 5 -5 -2 -6 -8
right_child=3 2 -4 4 6 -7 7 -9
leaf_value=-0.0057030702736981529 -0.001745091520085391 -0.0033853030592020249 -3.2083835563362993e-06 -0.00064019177405103293 7.9021362804826005e-05 -3.2083835563362993e-06 7.9021362804826005e-05 0.0039462415344541837
leaf_weight=2.601273531210607 1.3456557580502675 2.4885816602036357 4.7749550903681666 1.7170483167283226 72.528503258246928 9.3328588134609145 2.0320487698772913 2.8447758934926242
leaf_count=423 370 417 117 364 8369 1278 99 90
internal_value=-0.000101538 -0.000913969 -3.20838e-06 -3.20838e-06 8.96774e-05 -0.000640192 0.000124783 0.000676099
internal_weight=99.6657 9.86481 7.26354 89.8009 79.1224 10.6785 77.4053 4.87682
internal_count=11527 957 534 10570 8922 1648 8558 189
is_linear=0
shrinkage=0.03


Tree=222
num_leaves=11
num_cat=0
split_feature=11 3 1 9 9 1 5 9 5 9
split_gain=0.00780093 0.0170723 0.0280924 0.0243334 0.00246352 0.0944169 0.166797 0.000318726 0.000211754 0.0298742
threshold=16.86603897776379 98.663092046470084 48.799038461538466 92.131062951496403 74.374609130706702 88.398149210355271 75.282864659157681 84.668803418803421 20.625517189498236 54.226190476190482
decision_type=2 2 2 2 2 2 2 2 2 2
left_child=1 2 3 7 -2 -6 -7 -1 9 -4
right_child=4 -3 8 -5 5 6 -8 -9 -10 -11
leaf_value=-0.0037779366634434824 2.2397799191952033e-05 2.2397799191952033e-05 -0.0037779366634434824 6.4208440732931756e-06 2.2397799191952033e-05 2.2397799191952033e-05 0.0085826570720573779 -0.00056776612403820488 2.2397799191952033e-05 2.2397799191952033e-05
leaf_weight=3.8784972236026043 66.813104251516052 0.88938759616576213 0.63409386028069981 0.30796733964234579 17.509578150813471 1.4858046518638723 2.2385012991726398 0.42440138524398197 5.0043634918984026 0.55627758090849966
leaf_count=662 7143 35 155 54 2310 229 49 68 678 144
internal_value=-7.75931e-05 -0.000772851 -0.0013853 -0.00292299 2.23978e-05 0.000338219 0.00431848 -0.00362809 6.42084e-06 6.42084e-06
internal_weight=99.742 11.695 10.8056 4.61087 88.047 21.2339 3.72431 4.3029 6.19473 1.19037
internal_count=11527 1796 1761 784 9731 2588 278 730 977 299
is_linear=0
shrinkage=0.03


Tree=223
num_leaves=11
num_cat=0
split_feature=11 3 1 9 9 1 3 3 3 9
split_gain=0.00800482 0.0171173 0.0270638 0.0246362 0.0016666 0.0911094 0.0749784 0.00480145 0.00328824 0.000131466
threshold=16.86603897776379 98.663092046470084 48.799038461538466 84.668803418803421 74.374609130706702 88.398149210355271 47.601603371439644 91.457095918109459 92.615592411106931 78.404875463699014
decision_type=2 2 2 2 2 2 2 2 2 2
left_child=1 2 3 -1 8 -6 -7 -8 -2 -4
right_child=4 -3 9 -5 5 6 7 -9 -10 -11
leaf_value=-0.0038102893552549779 -2.3135666824525672e-05 3.6166778971588241e-05 -0.00012402810588325354 -2.3135666824525672e-05 3.6166778971588241e-05 3.6166778971588241e-05 0.0025995694569896067 0.007892437927914624 3.6166778971588241e-05 3.6166778971588241e-05
leaf_weight=3.757381993462328 38.204298227559775 0.88870646408759135 4.6475294748088345 0.73141792858950783 17.543678713846024 0.69994997198227737 1.8092911682324486 1.2171637206338344 28.703156173462048 1.5469780467683447
leaf_count=662 6556 35 753 122 2310 120 137 21 587 224
internal_value=-6.44039e-05 -0.000772663 -0.00138604 -0.00291996 3.61668e-05 0.000295803 0.00423937 0.00615971 3.61668e-05 -2.31357e-05
internal_weight=99.7496 11.572 10.6833 4.4888 88.1775 21.2701 3.7264 3.02645 66.9075 6.19451
internal_count=11527 1796 1761 784 9731 2588 278 158 7143 977
is_linear=0
shrinkage=0.03


Tree=224
num_leaves=9
num_cat=0
split_feature=11 5 1 3 3 5 1 1
split_gain=0.00681128 0.0185959 0.00923009 0.0206829 0.0009163 0.0645068 0.0599827 0.0055088
threshold=16.86603897776379 20.625517189498236 93.365511138022995 98.663092046470084 90.330372448184519 83.8129744651484 22.235805487639229 45.241155588199298
decision_type=2 2 2 2 2 2 2 2
left_child=1 -1 3 -3 -2 -6 -7 -8
right_child=4 2 -4 -5 5 6 7 -9
leaf_value=-0.0029691926584528784 2.8071284503040582e-05 -0.001758574059928623 2.8071284503040582e-05 2.8071284503040582e-05 2.8071284503040582e-05 2.8071284503040582e-05 0.0010564962974984324 0.0022575437346394676
leaf_weight=1.6173546689096827 46.885299786808901 7.5040925652720016 1.7251013277564187 0.72046569664962579 2.4652588132303199 10.471185840899123 7.4340875609777894 20.910228277556598
leaf_count=429 8809 1219 117 31 109 269 151 393
internal_value=-6.47518e-05 -0.000718202 -0.000114545 -0.000933577 2.80713e-05 0.000167797 0.00124416 0.00198927
internal_weight=99.7331 11.567 9.94966 8.22456 88.1661 41.2808 38.8155 28.3443
internal_count=11527 1796 1367 1250 9731 922 813 544
is_linear=0
shrinkage=0.03


Tree=225
num_leaves=6
num_cat=0
split_feature=1 10 10 1 10
split_gain=0.0533019 0.0232636 0.0182583 0.250859 0.000257481
threshold=22.235805487639229 97.315315315315345 99.333333333333357 90.330372448184519 2.8991596638655466
decision_type=2 2 2 2 2
left_child=1 -1 4 -4 -2
right_child=2 -3 3 -5 -6
leaf_value=-0.0013143820760664481 -0.00046906846181799894 0.00071093815893891155 0.00071093815893891155 0.0086465723402128058 0.00071093815893891155
leaf_weight=19.333951707463715 0.66262399021070351 2.536818604450672 2.1742328085238105 2.8621600368060172 72.567015193519183
leaf_count=2433 129 129 185 47 8600
internal_value=0.000345742 -0.000935081 0.000710938 0.00238604 0.000710938
internal_weight=100.137 21.8708 78.266 5.03639 73.2296
internal_count=11523 2562 8961 232 8729
is_linear=0
shrinkage=0.03


Tree=226
num_leaves=10
num_cat=0
split_feature=1 11 10 11 11 10 11 11 10
split_gain=0.0454514 0.178857 0.0259547 0.36411 0.0256188 0.0341097 0.0144314 0.00293869 1.11204e-05
threshold=22.235805487639229 99.517490250858515 99.333333333333357 68.669859213900665 29.232691189212932 97.315315315315345 98.48675673612702 49.021999043519848 2.8991596638655466
decision_type=2 2 2 2 2 2 2 2 2
left_child=4 2 6 -4 -1 7 8 -6 -2
right_child=1 -3 3 -5 5 -7 -8 -9 -10
leaf_value=-0.0028695922225336072 -0.00036643348684286593 0.0093547969611182755 0.00028908765078193268 0.0093547969611182755 -0.0019791725885659698 0.00028908765078193268 0.0023498322891616795 -0.00087050740715010223 0.00028908765078193268
leaf_weight=3.4772509133909031 0.65671767515595902 1.0909637506119896 2.500403639394789 2.5276062570046633 3.2286939532496097 2.1014582449570289 2.0781441354192784 12.984960603062062 69.484146552276798
leaf_count=614 128 28 150 81 620 93 81 1235 8493
internal_value=0.000355322 0.000691573 0.000451231 0.00234584 -0.000830725 -0.000315106 0.000289088 -0.00119343 0.000289088
internal_weight=100.13 78.338 77.247 5.02801 21.7924 18.3151 72.219 16.2137 70.1409
internal_count=11523 8961 8933 231 2562 1948 8702 1855 8621
is_linear=0
shrinkage=0.03


Tree=227
num_leaves=8
num_cat=0
split_feature=1 11 10 1 10 1 10
split_gain=0.0246774 0.163435 0.180232 0.0118713 0.0045339 0.00227187 0.000891
threshold=46.027921208644109 98.48675673612702 99.333333333333357 0.50891903266535021 4.8003072196620593 22.611735111735118 50.333333333333343
decision_type=2 2 2 2 2 2 2
left_child=3 2 6 -1 5 -5 -2
right_child=1 -3 -4 4 -6 -7 -8
leaf_value=-0.0029949893075873523 -0.00022041775051156632 0.0070256072343902708 0.0056427598978699405 -0.0023546213008283578 -0.00022041775051156632 -0.00022041775051156632 -5.0926722304942861e-05
leaf_weight=0.3941758070141067 21.36976812616922 2.4820245367009184 4.1788558859843752 0.44971830444410343 42.176655597169884 0.26771283894777298 28.838021171744913
leaf_count=47 3320 72 165 88 5082 65 2684
internal_value=0.00031686 0.000722575 0.000313273 -0.000220418 -0.000220418 -0.00184091 -0.000220418
internal_weight=100.157 56.8687 54.3866 43.2883 42.8941 0.717431 50.2078
internal_count=11523 6241 6169 5282 5235 153 6004
is_linear=0
shrinkage=0.03


Tree=228
num_leaves=9
num_cat=0
split_feature=1 11 11 10 11 10 11 11
split_gain=0.0147283 0.172018 0.036254 0.0218416 0.364199 0.0184232 0.011566 0.0106601
threshold=22.235805487639229 99.759325764596866 29.232691189212932 99.333333333333357 68.669859213900665 97.315315315315345 98.48675673612702 49.021999043519848
decision_type=2 2 2 2 2 2 2 2
left_child=2 3 -1 6 -5 7 -2 -4
right_child=1 -3 5 4 -6 -7 -8 -9
leaf_value=-0.0027627845774988759 0.00024441452654659336 0.00997042621469456 -0.0020581787220083441 0.00024441452654659336 0.00997042621469456 0.00024441452654659336 0.0020230337032818742 -0.00028921261173191508
leaf_weight=3.4639190156012836 70.254653588868678 0.7022320837713768 3.214347465662299 2.4936200396623454 2.6080702911131084 2.0666299366857848 2.425122373038902 12.872226836276239
leaf_count=614 8621 15 620 150 81 93 94 1235
internal_value=0.000343493 0.000533178 -0.000338307 0.000322499 0.0020638 0.000244415 0.000244415 -0.000742449
internal_weight=100.101 78.4837 21.6171 77.7815 5.10169 18.1532 72.6798 16.0866
internal_count=11523 8961 2562 8946 231 1948 8715 1855
is_linear=0
shrinkage=0.03


Tree=229
num_leaves=5
num_cat=0
split_feature=11 10 10 10
split_gain=0.00202201 0.00029225 5.5924e-05 7.63252e-06
threshold=99.759325764596866 2.6846846846846852 99.333333333333357 2.1054964539007095
decision_type=2 2 2 2
left_child=1 3 -3 -1
right_child=-2 2 -4 -5
leaf_value=-0.00019132240597076434 0.0013056868224467408 0.00028903414658617579 0.00043398173126145455 -6.3146491281430478e-06
leaf_weight=0.35067767510190506 0.92762143793515761 92.198485335800797 6.2271099381614468 0.31859720801003277
leaf_count=89 28 11052 307 47
internal_value=0.000319969 0.00029779 0.000302477 -0.000159795
internal_weight=100.022 99.0949 98.4256 0.669275
internal_count=11523 11495 11359 136
is_linear=0
shrinkage=0.03


Tree=230
num_leaves=6
num_cat=0
split_feature=9 11 10 11 11
split_gain=0.0467157 0.019863 0.00322112 0.0443454 0.000600965
threshold=3.7268518518518521 99.759325764596866 11.189358372456967 11.887609368892631 99.517490250858515
decision_type=2 2 2 2 2
left_child=-1 2 3 -2 -4
right_child=1 -3 4 -5 -6
leaf_value=-0.0044478083363602696 -0.0044478083363602696 0.0028689261813966607 -8.7905156433925607e-05 -8.7905156433925607e-05 0.00050344247387716396
leaf_weight=1.2533304085955013 0.60134633828420092 1.0194936071056862 88.508673365577124 5.4732077181106433 0.56879813363775511
leaf_count=231 137 34 10219 859 26
internal_value=-0.00017767 -7.6821e-05 -0.000137892 -0.000754862 -8.79052e-05
internal_weight=97.4248 96.1715 95.152 6.07455 89.0775
internal_count=11506 11275 11241 996 10245
is_linear=0
shrinkage=0.03


Tree=231
num_leaves=4
num_cat=0
split_feature=9 11 11
split_gain=0.0450958 0.0195213 0.000580329
threshold=3.7268518518518521 99.759325764596866 99.517490250858515
decision_type=2 2 2
left_child=-1 2 -2
right_child=1 -3 -4
leaf_value=-0.004375644418191168 -0.00014775252481142478 0.0028324361509628245 0.00044157075942839622
leaf_weight=1.2509903780883167 94.549338721903041 1.0318249533884216 0.58525167731568117
leaf_count=231 11212 34 29
internal_value=-0.000177938 -7.8861e-05 -0.000139572
internal_weight=97.4174 96.1664 95.1346
internal_count=11506 11275 11241
is_linear=0
shrinkage=0.03


Tree=232
num_leaves=3
num_cat=0
split_feature=9 10
split_gain=0.0453307 0.00402484
threshold=3.7268518518518521 11.189358372456967
decision_type=2 2
left_child=-1 -2
right_child=1 -3
leaf_value=-0.0043882190244433255 -0.00076966551435982209 -2.6302443376799146e-05
leaf_weight=1.2515188872348506 6.0771802398376158 90.082700365106575
leaf_count=231 997 10278
internal_value=-0.00018009 -8.07201e-05
internal_weight=97.4114 96.1599
internal_count=11506 11275
is_linear=0
shrinkage=0.03


Tree=233
num_leaves=6
num_cat=0
split_feature=9 11 10 11 11
split_gain=0.0481648 0.0181125 0.00235579 0.0432812 0.000578398
threshold=3.7268518518518521 99.759325764596866 11.189358372456967 11.887609368892631 99.517490250858515
decision_type=2 2 2 2 2
left_child=-1 2 3 -2 -4
right_child=1 -3 4 -5 -6
leaf_value=-0.0045212778143621296 -0.0045212778143621296 0.0027332530326259243 -9.030193586110232e-05 -9.030193586110232e-05 0.00049038301830846287
leaf_weight=1.2447696526069183 0.59703695692587544 1.0264281493145961 88.501222150633112 5.4679395999992266 0.56797417812049289
leaf_count=231 137 34 10219 859 26
internal_value=-0.000177 -7.48092e-05 -0.000133223 -0.000661549 -9.03019e-05
internal_weight=97.4054 96.1606 95.1342 6.06498 89.0692
internal_count=11506 11275 11241 996 10245
is_linear=0
shrinkage=0.03


Tree=234
num_leaves=4
num_cat=0
split_feature=9 11 11
split_gain=0.0339932 0.0171335 0.000569146
threshold=3.7268518518518521 99.759325764596866 99.517490250858515
decision_type=2 2 2
left_child=-1 2 -2
right_child=1 -3 -4
leaf_value=-0.0038476808799644147 -0.00016234608089165151 0.0026338290231412644 0.00042397017607218344
leaf_weight=1.2280328796477977 94.561569972196594 1.0265933440532524 0.58450932870618899
leaf_count=231 11212 34 29
internal_value=-0.000183711 -9.78111e-05 -0.000154372
internal_weight=97.4007 96.1727 95.1461
internal_count=11506 11275 11241
is_linear=0
shrinkage=0.03


Tree=235
num_leaves=2
num_cat=0
split_feature=0
split_gain=0.011541
threshold=99.754600857542044
decision_type=2
left_child=-1
right_child=-2
leaf_value=-0.00030443458425596345 0.0015970747320613655
leaf_weight=96.065423252177425 1.9785246509127308
leaf_count=11438 38
internal_value=-0.000250325
internal_weight=98.0439
internal_count=11476
is_linear=0
shrinkage=0.03


Tree=236
num_leaves=2
num_cat=0
split_feature=0
split_gain=0.00949826
threshold=99.754600857542044
decision_type=2
left_child=-1
right_child=-2
leaf_value=-0.00030086126743312402 0.0014260090527290846
leaf_weight=96.065496692899615 1.976224430836736
leaf_count=11438 38
internal_value=-0.000252006
internal_weight=98.0417
internal_count=11476
is_linear=0
shrinkage=0.03


Tree=237
num_leaves=2
num_cat=0
split_feature=0
split_gain=0.00898481
threshold=99.754600857542044
decision_type=2
left_child=-1
right_child=-2
leaf_value=-0.00030003682739080257 0.0013813619780488119
leaf_weight=96.068290501250885 1.9708643357735116
leaf_count=11438 38
internal_value=-0.00025263
internal_weight=98.0392
internal_count=11476
is_linear=0
shrinkage=0.03


Tree=238
num_leaves=2
num_cat=0
split_feature=0
split_gain=0.00656601
threshold=99.754600857542044
decision_type=2
left_child=-1
right_child=-2
leaf_value=-0.00029688412881848135 0.0011424168885927021
leaf_weight=96.057086102082394 1.9724097871221591
leaf_count=11438 38
internal_value=-0.000256681
internal_weight=98.0295
internal_count=11476
is_linear=0
shrinkage=0.03


Tree=239
num_leaves=2
num_cat=0
split_feature=9
split_gain=4.19182e-06
threshold=2.7973395931142417
decision_type=2
left_child=-1
right_child=-2
leaf_value=-0.00043487559359177527 -0.00025178250324180959
leaf_weight=1.1274974454427127 96.9001196147874
leaf_count=187 11289
internal_value=-0.000258259
internal_weight=98.0276
internal_count=11476
is_linear=0
shrinkage=0.03


Tree=240
num_leaves=5
num_cat=0
split_feature=9 11 11 3
split_gain=0.00875946 0.0337521 0.0152545 0.0113537
threshold=6.3560463237274449 64.294446384910955 98.48675673612702 97.880790984239283
decision_type=2 2 2 2
left_child=3 -2 -3 -1
right_child=1 2 -4 -5
leaf_value=-0.0017406256576985382 -0.00029857418637322969 0.00063396313236794319 0.002412103409296134 -0.00029857418637322969
leaf_weight=4.870303939911536 46.017407720675692 40.939190807868727 4.120605297619476 1.5180427655577657
leaf_count=505 7357 3402 168 28
internal_value=0.000192439 0.000270438 0.000845408 -0.000805666
internal_weight=97.4656 91.0772 45.0598 6.38835
internal_count=11460 10927 3570 533
is_linear=0
shrinkage=0.03


Tree=241
num_leaves=8
num_cat=0
split_feature=9 11 0 0 3 11 11
split_gain=0.00812251 0.0317689 0.0204075 0.0202363 0.00926699 0.00512994 0.00351177
threshold=6.3560463237274449 64.294446384910955 37.309566158843097 99.463086280953632 97.880790984239283 98.48675673612702 98.48675673612702
decision_type=2 2 2 2 2 2 2
left_child=4 3 5 -2 -1 -3 -4
right_child=1 2 6 -5 -6 -7 -8
leaf_value=-0.0017110669541471706 -0.00045141229895946086 -0.00045141229895946086 0.0010843966851183597 0.0010843966851183597 -0.00045141229895946086 0.0010843966851183597 0.0020516552615447684
leaf_weight=4.8678797842003396 44.831253951764666 5.7534523003268978 35.208950390224345 1.1617361065000285 1.5203978247009216 0.48836166108958412 3.6350537012331179
leaf_count=505 7332 1031 2371 25 28 43 125
internal_value=0.000187673 0.000262761 0.000820274 -0.00028958 -0.000773544 -0.00028958 0.0010844
internal_weight=97.4671 91.0788 45.0858 45.993 6.38828 6.24181 38.844
internal_count=11460 10927 3570 7357 533 1074 2496
is_linear=0
shrinkage=0.03


Tree=242
num_leaves=11
num_cat=0
split_feature=9 11 1 0 1 11 11 3 1 11
split_gain=0.0091932 0.0261546 0.0201417 0.0229445 0.0600651 0.651091 0.0205918 0.0123232 0.0224562 0.0030392
threshold=6.3560463237274449 64.303487976231011 0.95695970695970711 37.309566158843097 87.995098039215705 79.349160996027436 97.872641331539853 97.880790984239283 83.8129744651484 98.48675673612702
decision_type=2 2 2 2 2 2 2 2 2 2
left_child=7 -2 -3 9 6 -6 -5 8 -1 -4
right_child=1 2 3 4 5 -7 -8 -9 -10 -11
leaf_value=-0.0030817387769710423 -0.000207577870307659 -0.000207577870307659 -0.000207577870307659 0.00032398724265131346 0.0006650021050097376 0.011586688287356988 0.0024239559162212731 -0.000207577870307659 -0.000207577870307659 0.0015085774251878147
leaf_weight=3.1236316513968623 46.091143535100855 0.81045631133019824 5.7164453135337672 27.130171008524492 2.2222747961059204 4.4944859035313129 4.075633159140124 1.5187157820910213 1.7491612351732326 0.48775585833936919
leaf_count=402 7403 43 1020 2079 75 121 143 28 103 43
internal_value=0.000213461 0.000293293 0.000800361 0.000991107 0.00127483 0.00365472 0.000665002 -0.000809374 -0.00174109 -0.000207578
internal_weight=97.4199 91.0284 44.9372 44.1268 37.9226 6.71676 31.2058 6.39151 4.87279 6.2042
internal_count=11460 10927 3524 3481 2418 196 2222 533 505 1063
is_linear=0
shrinkage=0.03


Tree=243
num_leaves=3
num_cat=0
split_feature=9 1
split_gain=0.00145577 0.0507521
threshold=4.1960093896713619 12.14003015454203
decision_type=2 2
left_child=1 -1
right_child=-2 -3
leaf_value=-0.0058259895938661023 0.00023235065219740693 0.00023235065219740693
leaf_weight=0.28410813282243852 95.177301057614386 1.9243864179588852
leaf_count=43 11140 277
internal_value=0.000213167 -0.000428303
internal_weight=97.3858 2.20849
internal_count=11460 320
is_linear=0
shrinkage=0.03


Tree=244
num_leaves=4
num_cat=0
split_feature=0 3 11
split_gain=0.000898861 0.0220244 0.0131179
threshold=2.1352343213517808 21.792862385092864 45.750896461796941
decision_type=2 2 2
left_child=1 2 -1
right_child=-2 -3 -4
leaf_value=-0.0045207612254973238 0.00024760181735448191 0.00024760181735448191 0.00024760181735448191
leaf_weight=0.43523420265409984 96.286314608179964 0.34279626351781189 0.28912319266237319
leaf_count=102 11237 64 57
internal_value=0.000236385 -0.000405843 -0.00322266
internal_weight=97.3535 1.06715 0.724357
internal_count=11460 223 159
is_linear=0
shrinkage=0.03


Tree=245
num_leaves=5
num_cat=0
split_feature=10 3 9 10
split_gain=0.0300716 0.0566807 0.0281861 0.0895456
threshold=98.581488933601634 97.880790984239283 4.7646057855927406 81.016731016731029
decision_type=2 2 2 2
left_child=2 -2 3 -1
right_child=1 -3 -4 -5
leaf_value=-0.0066852992182618561 0.00078698510003247983 0.0065937927953358035 0.00071182343653313027 0.00071182343653313027
leaf_weight=0.9679879811592389 5.5159738422371438 1.2793231159448621 90.134100931230932 0.97726409742608666
leaf_count=186 302 15 10793 178
internal_value=0.000783747 0.00258584 0.000624404 -0.0022926
internal_weight=98.8746 6.7953 92.0794 1.94525
internal_count=11474 317 11157 364
is_linear=0
shrinkage=0.03


Tree=246
num_leaves=5
num_cat=0
split_feature=10 1 9 10
split_gain=0.0254217 0.136371 0.0272452 0.0884569
threshold=98.581488933601634 89.936689936689945 4.7646057855927406 81.016731016731029
decision_type=2 2 2 2
left_child=2 -2 3 -1
right_child=1 -3 -4 -5
leaf_value=-0.0066830703371208219 0.00063336378846172989 0.0066882692471768824 0.00063336378846172989 0.00063336378846172989
leaf_weight=0.96027991001028457 3.7431795543525359 3.0528674693778157 90.121487177792005 0.9773160646436736
leaf_count=186 267 50 10793 178
internal_value=0.00078077 0.00244016 0.000633364 -0.00227932
internal_weight=98.8551 6.79605 92.0591 1.9376
internal_count=11474 317 11157 364
is_linear=0
shrinkage=0.03


Tree=247
num_leaves=8
num_cat=0
split_feature=9 10 10 1 1 1 1
split_gain=0.0250708 0.0647756 0.0312564 0.132282 0.00661525 0.00321348 0.0027575
threshold=4.1960093896713619 81.016731016731029 98.581488933601634 52.019602197749471 83.8129744651484 29.854283086934995 89.936689936689945
decision_type=2 2 2 2 2 2 2
left_child=1 -1 -2 -4 5 -3 -5
right_child=2 4 3 6 -6 -7 -8
leaf_value=-0.0060237023770124938 0.00086816000298501022 -0.0020003575456971935 0.00086816000298501022 0.0021461725376332222 0.00086816000298501022 0.00025770693619464992 0.00714630016766206
leaf_weight=0.74856261082459186 90.304554013069719 0.37287973426282384 1.9858111718203861 1.2880719313398001 0.72445570561103523 0.62607425136957318 2.7597334450110793
leaf_count=147 10832 46 147 111 53 91 47
internal_value=0.000785399 -0.00176106 0.00086816 0.00289464 0.00086816 -0.00116421 0.00629556
internal_weight=98.8101 2.47197 96.3382 6.03362 1.72341 0.998954 4.04781
internal_count=11474 337 11137 305 190 137 158
is_linear=0
shrinkage=0.03


Tree=248
num_leaves=4
num_cat=0
split_feature=9 10 10
split_gain=0.0253694 0.0699469 0.0292278
threshold=4.1960093896713619 81.016731016731029 98.581488933601634
decision_type=2 2 2
left_child=1 -1 -2
right_child=2 -3 -4
leaf_value=-0.00620046070609014 0.0009151453555345917 0.0009151453555345917 0.0028738576609118206
leaf_weight=0.74091425654478316 90.127127559157088 1.7221735542407257 6.0747050023637703
leaf_count=147 10832 190 305
internal_value=0.000832178 -0.00173684 0.000915145
internal_weight=98.6649 2.46309 96.2018
internal_count=11474 337 11137
is_linear=0
shrinkage=0.03


Tree=249
num_leaves=5
num_cat=0
split_feature=10 1 3 9
split_gain=0.013339 0.137177 0.0231373 0.0144805
threshold=98.581488933601634 89.936689936689945 98.290595742143253 4.7646057855927406
decision_type=2 2 2 2
left_child=3 2 -2 -1
right_child=1 -3 -4 -5
leaf_value=-0.0014641336248485078 0.00069805390354453131 0.006457343159996254 0.006457343159996254 0.00069805390354453131
leaf_weight=1.891894754837266 2.9424252228345718 3.1509801088832319 0.85111154988408078 89.794189850217663
leaf_count=364 257 50 10 10793
internal_value=0.000809923 0.00201312 0.000698054 0.000698054
internal_weight=98.6306 6.94452 3.79354 91.6861
internal_count=11474 317 267 11157
is_linear=0
shrinkage=0.03


Tree=250
num_leaves=2
num_cat=0
split_feature=0
split_gain=0.00950432
threshold=99.754600857542044
decision_type=2
left_child=-1
right_child=-2
leaf_value=-0.00047360536045595484 0.0011185421585696322
leaf_weight=95.281049837241881 2.5713134098332366
leaf_count=11424 42
internal_value=-0.000420876
internal_weight=97.8524
internal_count=11466
is_linear=0
shrinkage=0.03


Tree=251
num_leaves=2
num_cat=0
split_feature=4
split_gain=0.0014448
threshold=77.203977445900648
decision_type=2
left_child=-1
right_child=-2
leaf_value=-0.00052165263006051 -0.00027699116079699538
leaf_weight=54.817480632918887 43.023679368314333
leaf_count=8775 2691
internal_value=-0.000417959
internal_weight=97.8412
internal_count=11466
is_linear=0
shrinkage=0.03


Tree=252
num_leaves=2
num_cat=0
split_feature=0
split_gain=0.00821595
threshold=99.754600857542044
decision_type=2
left_child=-1
right_child=-2
leaf_value=-0.00047372292321923526 0.0010101959003690475
leaf_weight=95.252847741707228 2.566622521961107
leaf_count=11424 42
internal_value=-0.000424959
internal_weight=97.8195
internal_count=11466
is_linear=0
shrinkage=0.03


Tree=253
num_leaves=2
num_cat=0
split_feature=0
split_gain=0.00827638
threshold=99.754600857542044
decision_type=2
left_child=-1
right_child=-2
leaf_value=-0.00047455951537002128 0.0010149081578520976
leaf_weight=95.25470835051965 2.5657453571911892
leaf_count=11424 42
internal_value=-0.000425617
internal_weight=97.8205
internal_count=11466
is_linear=0
shrinkage=0.03


Tree=254
num_leaves=2
num_cat=0
split_feature=0
split_gain=0.00701785
threshold=99.754600857542044
decision_type=2
left_child=-1
right_child=-2
leaf_value=-0.00047293232097490303 0.00090230395833246603
leaf_weight=95.255531500093639 2.562689055223017
leaf_count=11424 42
internal_value=-0.000428137
internal_weight=97.8182
internal_count=11466
is_linear=0
shrinkage=0.03


Tree=255
num_leaves=9
num_cat=0
split_feature=10 5 1 1 0 9 9 9
split_gain=0.092528 0.197706 0.222439 0.0104007 0.00905841 0.0195437 0.00824434 0.00112276
threshold=98.581488933601634 37.315253003276311 83.8129744651484 12.960699085393463 72.945578492804898 82.78659611992947 4.7646057855927406 8.480671261612228
decision_type=2 2 2 2 2 2 2 2
left_child=4 -2 3 -3 5 7 -6 -1
right_child=1 2 -4 -5 6 -7 -8 -9
leaf_value=-0.00077041728222787976 0.00065959780750743575 0.00065959780750743575 0.012909180528728567 0.0024896166122867652 -0.00023835135611842518 0.00065959780750743575 0.00065959780750743575 -0.00017320953070761101
leaf_weight=2.3100168512901282 1.5845433687791217 0.86674088821746442 2.1238487218506634 2.4307947077322751 0.89675258460920204 7.2733315726509309 51.276833321317099 29.694542637211271
leaf_count=483 120 40 31 138 90 1502 2930 6113
internal_value=0.000938263 0.00403906 0.00714161 0.00128741 0.000659598 0.000197851 0.000659598 -0.000238351
internal_weight=98.4574 7.00593 5.42138 3.29754 91.4515 39.2779 52.1736 32.0046
internal_count=11447 329 209 178 11118 8098 3020 6596
is_linear=0
shrinkage=0.03


Tree=256
num_leaves=7
num_cat=0
split_feature=10 4 4 9 9 4
split_gain=0.0854528 0.354089 0.0133144 0.0158862 0.0109589 0.0104574
threshold=98.581488933601634 74.878637916813958 1.6990691646046898 74.374609130706702 2.0204081632653064 77.203977445900648
decision_type=2 2 2 2 2 2
left_child=2 -2 3 -1 -4 -6
right_child=1 -3 4 -5 5 -7
leaf_value=-0.0033052666296907712 0.00066120242013631739 0.010487367805903815 -0.0018917958967285 0.00066120242013631739 0.00066120242013631739 0.0011690309872616723
leaf_weight=0.72599595319479593 3.8253815297503015 3.1802179901860654 0.6122822801116844 0.30696741049177945 49.994570405455306 39.800959023763426
leaf_count=125 247 82 87 45 8350 2511
internal_value=0.000929386 0.00391001 0.000661202 -0.00181051 0.000661202 0.000661202
internal_weight=98.4464 7.0056 91.4408 1.03296 90.4078 89.7955
internal_count=11447 329 11118 170 10948 10861
is_linear=0
shrinkage=0.03


Tree=257
num_leaves=6
num_cat=0
split_feature=10 4 4 9 9
split_gain=0.0735587 0.321633 0.0133143 0.0149795 0.0103899
threshold=98.581488933601634 81.070417732310332 1.6990691646046898 74.374609130706702 2.0204081632653064
decision_type=2 2 2 2 2
left_child=2 -2 3 -1 -4
right_child=1 -3 4 -5 -6
leaf_value=-0.0031818345746213663 0.00074508950056907045 0.010425788964139468 -0.0017606182822626584 0.00074508950056907045 0.00074508950056907045
leaf_weight=0.72331500845029839 4.1357488601934156 2.873855201760307 0.60998202953487535 0.3038550722412765 89.631056167767383
leaf_count=125 263 66 87 45 10861
internal_value=0.000996189 0.0037644 0.00074509 -0.00174188 0.00074509
internal_weight=98.2778 7.0096 91.2682 1.02717 90.241
internal_count=11447 329 11118 170 10948
is_linear=0
shrinkage=0.03


Tree=258
num_leaves=6
num_cat=0
split_feature=10 4 4 0 4
split_gain=0.0475207 0.251151 0.0136661 0.00660993 0.00925829
threshold=98.581488933601634 74.878637916813958 1.6990691646046898 2.1352343213517808 4.5285714285714294
decision_type=2 2 2 2 2
left_child=2 -2 -1 -4 -5
right_child=1 -3 3 4 -6
leaf_value=-0.0017482779830323896 0.00077358083900254794 0.0087336920178162341 -0.0012229891939099255 -0.0012229891939099255 0.00077358083900254794
leaf_weight=1.0280420596245665 3.8227888359688214 3.3277177615091205 0.6943277275422578 1.2918030866421748 88.165228722500615
leaf_count=170 247 82 144 257 10547
internal_value=0.000979633 0.00318982 0.000773581 0.000773581 0.000773581
internal_weight=98.3299 7.15051 91.1794 90.1514 89.457
internal_count=11447 329 11118 10948 10804
is_linear=0
shrinkage=0.03


Tree=259
num_leaves=6
num_cat=0
split_feature=1 10 4 4 0
split_gain=0.0452734 0.0828622 0.344625 0.0138536 0.00630031
threshold=0.95695970695970711 98.581488933601634 81.070417732310332 1.6990691646046898 2.1352343213517808
decision_type=2 2 2 2 2
left_child=-1 3 -3 -2 -5
right_child=1 2 -4 4 -6
leaf_value=-0.0035218295668994599 -0.0017469934985321145 0.00079692718965788261 0.010694079224893226 -0.0011656155070730847 0.00079692718965788261
leaf_weight=1.0200449470430601 1.0247642965987314 4.1219883502926669 3.014763584593311 0.69169144926126946 88.446464059874415
leaf_count=88 170 262 63 143 10721
internal_value=0.000985944 0.00106855 0.00398043 0.000796927 0.000796927
internal_weight=98.3197 97.2997 7.13675 90.1629 89.1382
internal_count=11447 11359 325 11034 10864
is_linear=0
shrinkage=0.03


Tree=260
num_leaves=3
num_cat=0
split_feature=11 9
split_gain=0.0165734 0.0180964
threshold=1.3829434846863375 70.980861244019152
decision_type=2 2
left_child=-1 -2
right_child=1 -3
leaf_value=-0.0033041987354766617 -0.0005941196466455888 0.00031162021461174361
leaf_weight=0.74324259627610345 68.651388828642666 27.037733632023446
leaf_count=145 7978 3316
internal_value=-0.000394162 -0.00033762
internal_weight=96.4324 95.6891
internal_count=11439 11294
is_linear=0
shrinkage=0.03


Tree=261
num_leaves=3
num_cat=0
split_feature=11 9
split_gain=0.0146229 0.0142612
threshold=1.3829434846863375 70.980861244019152
decision_type=2 2
left_child=-1 -2
right_child=1 -3
leaf_value=-0.0031348044478446231 -0.00056796091576743579 0.00023638793010001175
leaf_weight=0.73532991681713511 68.618815339286812 27.092196502024308
leaf_count=145 7978 3316
internal_value=-0.000393448 -0.00034019
internal_weight=96.4463 95.711
internal_count=11439 11294
is_linear=0
shrinkage=0.03


Tree=262
num_leaves=3
num_cat=0
split_feature=11 9
split_gain=0.014939 0.0140866
threshold=1.3829434846863375 70.980861244019152
decision_type=2 2
left_child=-1 -2
right_child=1 -3
leaf_value=-0.0031159099426529397 -0.00052069332140828662 0.00027756109966180594
leaf_weight=0.73383551777806033 68.58706350059947 27.126244220300578
leaf_count=145 7978 3316
internal_value=-0.000347155 -0.000293928
internal_weight=96.4471 95.7133
internal_count=11439 11294
is_linear=0
shrinkage=0.03


Tree=263
num_leaves=3
num_cat=0
split_feature=11 9
split_gain=0.0147141 0.011572
threshold=1.3829434846863375 70.980861244019152
decision_type=2 2
left_child=-1 -2
right_child=1 -3
leaf_value=-0.0030856881324195099 -0.00049009859837565589 0.00023358553242995301
leaf_weight=0.73253337049391021 68.553016611025669 27.149497613310814
leaf_count=145 7978 3316
internal_value=-0.000337236 -0.000284507
internal_weight=96.435 95.7025
internal_count=11439 11294
is_linear=0
shrinkage=0.03


Tree=264
num_leaves=3
num_cat=0
split_feature=11 9
split_gain=0.00534941 0.0104257
threshold=1.3829434846863375 70.980861244019152
decision_type=2 2
left_child=-1 -2
right_child=1 -3
leaf_value=-0.0020116848671396198 -0.00049213562587023714 0.00019529432539521115
leaf_weight=0.70390137739013781 68.55472010927042 27.152363803354092
leaf_count=145 7978 3316
internal_value=-0.000330148 -0.000297107
internal_weight=96.411 95.7071
internal_count=11439 11294
is_linear=0
shrinkage=0.03


Tree=265
num_leaves=3
num_cat=0
split_feature=1 9
split_gain=0.0109929 0.0059849
threshold=0.95695970695970711 95.972972972972983
decision_type=2 2
left_child=-1 -2
right_child=1 -3
leaf_value=-0.0020675590945048996 0.00010292506325086232 0.0010437945304555207
leaf_weight=1.024407734745181 90.00444722850807 5.5569134796969584
leaf_count=94 10812 610
internal_value=0.000123226 0.00016788
internal_weight=96.5858 95.5614
internal_count=11516 11422
is_linear=0
shrinkage=0.03


Tree=266
num_leaves=2
num_cat=0
split_feature=1
split_gain=0.00866857
threshold=0.95695970695970711
decision_type=2
left_child=-1
right_child=-2
leaf_value=-0.0018253674338050373 0.00016154350860707214
leaf_weight=1.0213898132788006 95.5682832011953
leaf_count=94 11422
internal_value=0.000122044
internal_weight=96.5897
internal_count=11516
is_linear=0
shrinkage=0.03


Tree=267
num_leaves=2
num_cat=0
split_feature=1
split_gain=0.00985091
threshold=0.95695970695970711
decision_type=2
left_child=-1
right_child=-2
leaf_value=-0.0019566265247866672 0.00016287050219501676
leaf_weight=1.0180937603581686 95.568956217844971
leaf_count=94 11422
internal_value=0.000120708
internal_weight=96.587
internal_count=11516
is_linear=0
shrinkage=0.03


Tree=268
num_leaves=2
num_cat=0
split_feature=1
split_gain=0.0082858
threshold=0.95695970695970711
decision_type=2
left_child=-1
right_child=-2
leaf_value=-0.0017889154263796901 0.00015818958755380995
leaf_weight=1.0117637597722922 95.571306052268483
leaf_count=94 11422
internal_value=0.000119669
internal_weight=96.5831
internal_count=11516
is_linear=0
shrinkage=0.03


Tree=269
num_leaves=2
num_cat=0
split_feature=1
split_gain=0.00805923
threshold=0.95695970695970711
decision_type=2
left_child=-1
right_child=-2
leaf_value=-0.0017624744243757184 0.00015689159694535186
leaf_weight=1.0138205194380123 95.569896882632747
leaf_count=94 11422
internal_value=0.00011889
internal_weight=96.5837
internal_count=11516
is_linear=0
shrinkage=0.03


Tree=270
num_leaves=6
num_cat=0
split_feature=1 9 3 3 1
split_gain=0.014358 0.14708 0.0402895 0.00891272 0.00173005
threshold=98.663092046470084 33.130081300813011 94.110420581008825 4.5285714285714294 0.95695970695970711
decision_type=2 2 2 2 2
left_child=3 -2 -3 -1 -5
right_child=1 2 -4 4 -6
leaf_value=-0.0017209044085396258 -0.00011810837492674605 0.00087222166213625073 0.0089318596109244086 -0.0010962731003255758 -0.00011810837492674605
leaf_weight=2.1278837183490387 1.3664945783093565 1.06850773235783 1.1999445236288009 0.93505566602107038 91.946719239291269
leaf_count=486 56 96 17 85 10762
internal_value=-3.97693e-05 0.00159155 0.0065639 -0.000118108 -0.000118108
internal_weight=98.6446 3.63495 2.26845 95.0097 92.8818
internal_count=11502 169 113 11333 10847
is_linear=0
shrinkage=0.03


Tree=271
num_leaves=6
num_cat=0
split_feature=1 9 3 3 1
split_gain=0.0119775 0.138456 0.0379582 0.00814594 0.00119146
threshold=98.663092046470084 33.130081300813011 94.110420581008825 4.5285714285714294 0.95695970695970711
decision_type=2 2 2 2 2
left_child=3 -2 -3 -1 -5
right_child=1 2 -4 4 -6
leaf_value=-0.0016429196317889981 -0.00010958233190192463 0.00081488538973247448 0.0085918679934885306 -0.00094225173725850399 -0.00010958233190192463
leaf_weight=2.1233374099247149 1.3673229098785662 1.0665553612634542 1.2232684597838668 0.93271169776562501 91.916131602250971
leaf_count=486 56 96 17 85 10762
internal_value=-3.78546e-05 0.0014484 0.00631828 -0.000109582 -0.000109582
internal_weight=98.6293 3.65715 2.28982 94.9722 92.8488
internal_count=11502 169 113 11333 10847
is_linear=0
shrinkage=0.03


Tree=272
num_leaves=7
num_cat=0
split_feature=1 3 3 9 9 9
split_gain=0.00539365 0.132585 0.00469351 0.0112534 0.000360108 0.000276765
threshold=98.663092046470084 93.000175214637935 4.5285714285714294 12.220009955201595 73.123827392120077 6.3560463237274449
decision_type=2 2 2 2 2 2
left_child=2 -2 3 -1 -5 -4
right_child=1 -3 5 4 -6 -7
leaf_value=-0.0032234526542429449 -7.1415379904497556e-05 0.006394352432039496 -0.00032548226256644264 -0.00065373495743932541 -7.1415379904497556e-05 -7.1415379904497556e-05
leaf_weight=0.4455897969892243 1.6923728173132979 1.9761826423928139 5.1857826532796016 1.1055934497853739 0.5442277252441271 87.631197411683388
leaf_count=74 140 29 476 281 131 10371
internal_value=-2.31747e-05 0.000972862 -7.14154e-05 -0.0012403 -7.14154e-05 -7.14154e-05
internal_weight=98.5809 3.66856 94.9124 2.09541 1.64982 92.817
internal_count=11502 169 11333 486 412 10847
is_linear=0
shrinkage=0.03


Tree=273
num_leaves=7
num_cat=0
split_feature=1 11 3 9 9 9
split_gain=0.00372324 0.12369 0.00458312 0.0112961 0.000334136 0.000302918
threshold=98.663092046470084 76.91391941391943 4.5285714285714294 12.220009955201595 73.123827392120077 6.3560463237274449
decision_type=2 2 2 2 2 2
left_child=2 -2 3 -1 -5 -4
right_child=1 -3 5 4 -6 -7
leaf_value=-0.0032022944965016177 -5.7228745322974496e-05 0.0069059846606152045 -0.00031668421441945785 -0.00063553341003918097 -5.7228745322974496e-05 -5.7228745322974496e-05
leaf_weight=0.44547724328003768 2.2964172861538823 1.3684703933540729 5.1866680168895973 1.1047563418978823 0.54422922839876253 87.622549711610191
leaf_count=74 126 43 476 281 131 10371
internal_value=-1.71393e-05 0.000810719 -5.72287e-05 -0.00121223 -5.72287e-05 -5.72287e-05
internal_weight=98.5686 3.66489 94.9037 2.09446 1.64899 92.8092
internal_count=11502 169 11333 486 412 10847
is_linear=0
shrinkage=0.03


Tree=274
num_leaves=7
num_cat=0
split_feature=1 3 3 9 9 9
split_gain=0.00281171 0.124436 0.00459686 0.0108662 0.000736061 0.000454919
threshold=98.663092046470084 93.000175214637935 4.5285714285714294 12.220009955201595 6.3560463237274449 73.123827392120077
decision_type=2 2 2 2 2 2
left_child=2 -2 3 -1 -4 -5
right_child=1 -3 4 5 -6 -7
leaf_value=-0.0031463360597104488 -4.2691353935137554e-05 0.0061597275055138637 -0.00040418833579164567 -0.0006404286609134086 -4.2691353935137554e-05 -4.2691353935137554e-05
leaf_weight=0.44513228652067427 1.6968285911716514 1.980206483742222 5.1526747988536945 1.1039469295646989 87.665314631187357 0.54445959336590033
leaf_count=74 140 29 476 281 10371 131
internal_value=-7.74257e-06 0.000710604 -4.26914e-05 -0.00119939 -4.26914e-05 -4.26914e-05
internal_weight=98.5886 3.67704 94.9115 2.09354 92.818 1.64841
internal_count=11502 169 11333 486 10847 412
is_linear=0
shrinkage=0.03


Tree=275
num_leaves=3
num_cat=0
split_feature=11 4
split_gain=0.0413147 0.0116951
threshold=98.48675673612702 72.186799820754132
decision_type=2 2
left_child=1 -1
right_child=-2 -3
leaf_value=0.00023171698728408126 0.0032579017145613347 0.00089692863025892379
leaf_weight=50.506555504864082 4.4391053776489562 45.621734502026811
leaf_count=8178 193 3150
internal_value=0.000703684 0.000553405
internal_weight=100.567 96.1283
internal_count=11521 11328
is_linear=0
shrinkage=0.03


Tree=276
num_leaves=5
num_cat=0
split_feature=11 5 5 4
split_gain=0.0362946 0.0562552 0.00591527 0.0230421
threshold=98.48675673612702 85.731252120800818 36.94791786164965 63.130643303057106
decision_type=2 2 2 2
left_child=2 -2 3 -1
right_child=1 -3 -4 -5
leaf_value=-0.00068724395150748037 0.000566308927860535 0.0052184518469638929 0.000566308927860535 0.000566308927860535
leaf_weight=15.993204212049024 1.4584392461692903 2.9721021412406117 78.522788234404288 1.5927428971044708
leaf_count=3789 137 56 7183 356
internal_value=0.000707692 0.00310558 0.000566309 1.52241e-05
internal_weight=100.539 4.43054 96.1087 17.5859
internal_count=11521 193 11328 4145
is_linear=0
shrinkage=0.03


Tree=277
num_leaves=4
num_cat=0
split_feature=11 1 5
split_gain=0.0329217 0.286168 0.002358
threshold=98.48675673612702 22.611735111735118 36.94791786164965
decision_type=2 2 2
left_child=2 -2 -1
right_child=1 -3 -4
leaf_value=0.00021956097173562647 0.00058412123866049225 0.009046279568204375 0.00058412123866049225
leaf_weight=17.535130759351887 1.3836184745887283 3.0459324074909091 78.491780546377413
leaf_count=4145 77 116 7183
internal_value=0.000719451 0.00300531 0.000584121
internal_weight=100.456 4.42955 96.0269
internal_count=11521 193 11328
is_linear=0
shrinkage=0.03


Tree=278
num_leaves=4
num_cat=0
split_feature=11 1 4
split_gain=0.0167908 0.236261 0.0029293
threshold=98.48675673612702 22.611735111735118 72.186799820754132
decision_type=2 2 2
left_child=2 -2 -1
right_child=1 -3 -4
leaf_value=0.00037669127067701467 0.00061900437614247582 0.008107684912893794 0.00061900437614247582
leaf_weight=50.426475852029398 1.3837721897289146 3.092769986949861 45.510758311080281
leaf_count=8178 77 116 3150
internal_value=0.00071886 0.00235508 0.000619004
internal_weight=100.414 4.47654 95.9372
internal_count=11521 193 11328
is_linear=0
shrinkage=0.03


Tree=279
num_leaves=5
num_cat=0
split_feature=4 1 5 5
split_gain=0.00312294 0.0620743 0.0204025 0.00195803
threshold=72.186799820754132 3.3251119305514218 93.742469879518083 36.94791786164965
decision_type=2 2 2 2
left_child=1 -1 3 -3
right_child=-2 2 -4 -5
leaf_value=-0.005873967022403284 0.00089039390751447737 -3.8948845524842477e-05 0.00089039390751447737 0.00036172448103775071
leaf_weight=0.33884608978405495 48.544299976842012 17.129401740268804 5.7475868051405987 28.696570256259292
leaf_count=62 3251 4003 147 4058
internal_value=0.000711534 0.000530612 0.00068362 0.000214322
internal_weight=100.457 51.9124 51.5736 45.826
internal_count=11521 8270 8208 8061
is_linear=0
shrinkage=0.03


Tree=280
num_leaves=2
num_cat=0
split_feature=10
split_gain=0.00292279
threshold=2.6846846846846852
decision_type=2
left_child=-1
right_child=-2
leaf_value=-0.0014620459655844077 -0.00016057754266824326
leaf_weight=0.59835600387304921 96.797887578024529
leaf_count=130 11255
internal_value=-0.000183351
internal_weight=97.3962
internal_count=11385
is_linear=0
shrinkage=0.03


Tree=281
num_leaves=2
num_cat=0
split_feature=10
split_gain=0.00287946
threshold=2.6846846846846852
decision_type=2
left_child=-1
right_child=-2
leaf_value=-0.0014533413805179025 -0.00016119055126994353
leaf_weight=0.59784347657114167 96.79724763793638
leaf_count=130 11255
internal_value=-0.000183812
internal_weight=97.3951
internal_count=11385
is_linear=0
shrinkage=0.03


Tree=282
num_leaves=2
num_cat=0
split_feature=10
split_gain=0.00286862
threshold=2.6846846846846852
decision_type=2
left_child=-1
right_child=-2
leaf_value=-0.0014483377847603071 -0.00015860551184403339
leaf_weight=0.59728504135273297 96.799367013212759
leaf_count=130 11255
internal_value=-0.000181154
internal_weight=97.3967
internal_count=11385
is_linear=0
shrinkage=0.03


Tree=283
num_leaves=2
num_cat=0
split_feature=10
split_gain=0.00278036
threshold=2.6846846846846852
decision_type=2
left_child=-1
right_child=-2
leaf_value=-0.0014294231158357073 -0.00015930680974692835
leaf_weight=0.59704635757952829 96.798502749530599
leaf_count=130 11255
internal_value=-0.000181541
internal_weight=97.3955
internal_count=11385
is_linear=0
shrinkage=0.03


Tree=284
num_leaves=2
num_cat=0
split_feature=10
split_gain=0.00274015
threshold=2.6846846846846852
decision_type=2
left_child=-1
right_child=-2
leaf_value=-0.0014210869826457606 -0.00015982620474417104
leaf_weight=0.59650401375256379 96.79826602776302
leaf_count=130 11255
internal_value=-0.000181915
internal_weight=97.3948
internal_count=11385
is_linear=0
shrinkage=0.03


Tree=285
num_leaves=12
num_cat=0
split_feature=4 5 1 4 0 4 4 1 4 1 4
split_gain=0.0346641 0.0255833 0.0194386 0.0189085 0.0173343 0.0282713 0.00972773 0.00541958 0.0247731 0.0108966 0.00266943
threshold=54.392271594924985 20.191165722638413 97.880790984239283 91.845220068645276 94.110420581008825 84.557892777364131 71.771001787386169 22.611735111735118 12.559814089795546 4.5285714285714294 1.6990691646046898
decision_type=2 2 2 2 2 2 2 2 2 2 2
left_child=7 -2 3 4 6 -6 -3 8 -1 -10 -9
right_child=1 2 -4 -5 5 -7 -8 10 9 -11 -12
leaf_value=-0.0046740857653710718 -0.00017692822600708224 -0.00017692822600708224 0.0037053455709967968 0.001679686112770636 0.00024939431997449867 0.001679686112770636 0.00024939431997449867 -0.001387300938930035 -0.0031644614089322786 -0.00017692822600708224 -0.00017692822600708224
leaf_weight=0.34668833471368943 0.77784709387924422 11.611099805799315 1.7235902266111214 22.650311814970337 1.7153637076262374 3.1820022887550294 18.712446583551355 1.0937992339022446 0.20166558434721116 2.4539389717392623 31.438183196703903
leaf_count=78 196 1827 48 907 68 90 2073 175 44 588 5305
internal_value=0.000564149 0.000996109 0.00115505 0.00101745 0.000556954 0.00167969 0.000249394 -0.000176928 -0.00128442 -0.000176928 -0.000176928
internal_weight=95.9069 60.3727 59.5948 57.8712 35.2209 4.89737 30.3235 35.5343 3.00229 2.6556 32.532
internal_count=11399 5209 5013 4965 4058 158 3900 6190 710 632 5480
is_linear=0
shrinkage=0.03


Tree=286
num_leaves=6
num_cat=0
split_feature=4 5 4 0 4
split_gain=0.0326868 0.024735 0.0024419 0.0107353 0.00236352
threshold=54.392271594924985 20.191165722638413 91.845220068645276 94.110420581008825 1.6990691646046898
decision_type=2 2 2 2 2
left_child=4 -2 3 -3 -1
right_child=1 2 -4 -5 -6
leaf_value=-0.0011742288020705628 -0.00016304200620474276 0.00061457675103958386 0.0014105033357742827 0.0014105033357742827 -0.00016304200620474276
leaf_weight=1.1063565668882791 0.77666451153345306 31.29477323644096 23.240208859439008 5.1001512003131202 34.355934414081275
leaf_count=181 196 3932 920 161 6009
internal_value=0.000557878 0.000976829 0.00113447 0.000925194 -0.000163042
internal_weight=95.8741 60.4118 59.6351 36.3949 35.4623
internal_count=11399 5209 5013 4093 6190
is_linear=0
shrinkage=0.03


Tree=287
num_leaves=10
num_cat=0
split_feature=4 9 9 4 5 5 4 9 9
split_gain=0.0307568 0.0512212 0.0462657 0.0403539 0.0476985 0.0508491 0.018448 0.0148028 0.00136675
threshold=54.392271594924985 64.126753749395263 4.1960093896713619 91.845220068645276 94.479671411265912 99.018403430168163 8.9443023586246095 7.4537037037037042 9.1507177033492848
decision_type=2 2 2 2 2 2 2 2 2
left_child=1 8 -2 5 -5 7 -3 -4 -1
right_child=2 6 3 4 -6 -7 -8 -9 -10
leaf_value=-0.0017142779696843616 -0.0010057192956460092 -0.0010057192956460092 -0.0010057192956460092 0.0009658304614864827 0.0032201835825391703 0.0032201835825391703 0.0009658304614864827 0.0009658304614864827 -0.0010057192956460092
leaf_weight=3.4647373065818305 1.2256568940356363 2.1625444671371925 1.8837000362109382 7.420184092596176 15.390582423191516 0.84109651623293658 10.692396886413915 33.657212117686868 19.107220850652084
leaf_count=464 141 387 122 571 323 19 1861 4033 3478
internal_value=0.000559641 -0.000140588 0.00096583 0.00115639 0.00225279 0.00096583 0.00096583 0.00096583 -0.00100572
internal_weight=95.8453 35.4269 60.4184 59.1928 22.8108 36.382 12.8549 35.5409 22.572
internal_count=11399 6190 5209 5068 894 4174 2248 4155 3942
is_linear=0
shrinkage=0.03


Tree=288
num_leaves=9
num_cat=0
split_feature=4 9 9 4 4 5 5 9
split_gain=0.0234013 0.0514058 0.0462053 0.0223588 0.012938 0.0294765 0.0128189 0.000982803
threshold=54.392271594924985 64.126753749395263 7.4537037037037042 8.9443023586246095 91.845220068645276 94.479671411265912 99.754600857542044 9.1507177033492848
decision_type=2 2 2 2 2 2 2 2
left_child=1 7 -2 -3 6 -6 -4 -1
right_child=2 3 4 -5 5 -7 -8 -9
leaf_value=-0.0015859625916210195 -0.0009518806762364567 -0.0009518806762364567 0.0011693942952882305 0.0011693942952882305 0.0011693942952882305 0.0027964061586385081 0.0027964061586385081 -0.0009518806762364567
leaf_weight=3.4535641843686049 4.867321456084027 2.1562372375046808 33.906625635339878 10.700708307675084 6.8571560082491514 14.453514076070858 0.42412076517939468 19.025363733642735
leaf_count=464 314 387 4044 1861 545 301 5 3478
internal_value=0.000552828 -6.0776e-05 0.000906322 0.000906322 0.00116939 0.00193307 0.00116939 -0.000951881
internal_weight=95.8446 35.3359 60.5087 12.8569 55.6414 21.3107 34.3307 22.4789
internal_count=11399 6190 5209 2248 4895 846 4049 3942
is_linear=0
shrinkage=0.03


Tree=289
num_leaves=9
num_cat=0
split_feature=4 9 9 4 5 5 9 4
split_gain=0.0303772 0.0496634 0.0444194 0.0313955 0.0484477 0.0518213 0.0200007 0.0199199
threshold=54.392271594924985 64.126753749395263 4.1960093896713619 91.845220068645276 94.479671411265912 99.018403430168163 7.4537037037037042 8.9443023586246095
decision_type=2 2 2 2 2 2 2 2
left_child=1 -1 -2 5 -5 6 -4 -3
right_child=2 7 3 4 -6 -7 -8 -9
leaf_value=-0.00097081343464274763 -0.00097081343464274763 -0.00097081343464274763 -0.00097081343464274763 0.00098544200013814297 0.0031253971186666635 0.0031253971186666635 0.00098544200013814297 0.00098544200013814297
leaf_weight=22.424368951818906 1.2244825254310843 2.1539268217748004 1.7894419942749653 7.4719861606135991 15.563927025534211 0.84321882016956706 33.726879729074426 10.710751896724103
leaf_count=3942 141 387 122 571 323 19 4033 1861
internal_value=0.000583391 -0.00011538 0.000985442 0.00116976 0.00212621 0.000985442 0.000985442 0.000985442
internal_weight=95.909 35.289 60.6199 59.3955 23.0359 36.3595 35.5163 12.8647
internal_count=11399 6190 5209 5068 894 4174 4155 2248
is_linear=0
shrinkage=0.03


Tree=290
num_leaves=3
num_cat=0
split_feature=1 10
split_gain=0.0311916 0.00286535
threshold=0.95695970695970711 2.8991596638655466
decision_type=2 2
left_child=-1 -2
right_child=1 -3
leaf_value=-0.0030078559848770755 -0.00056414880168189274 0.00077507074370119675
leaf_weight=1.0539914066903282 0.78768723376560856 96.458875764277764
leaf_count=97 176 11183
internal_value=0.000688323 0.000758591
internal_weight=98.3006 97.2466
internal_count=11456 11359
is_linear=0
shrinkage=0.03


Tree=291
num_leaves=3
num_cat=0
split_feature=1 10
split_gain=0.0130829 0.00270002
threshold=0.95695970695970711 2.8991596638655466
decision_type=2 2
left_child=-1 -2
right_child=1 -3
leaf_value=-0.0017504301589462913 -0.00054909907588469452 0.00075061346068541496
leaf_weight=1.0241467322921369 0.78693053952883829 96.495396595681086
leaf_count=97 176 11183
internal_value=0.000691365 0.00073462
internal_weight=98.3065 97.2823
internal_count=11456 11359
is_linear=0
shrinkage=0.03


Tree=292
num_leaves=3
num_cat=0
split_feature=1 10
split_gain=0.0110853 0.00262754
threshold=0.95695970695970711 2.8991596638655466
decision_type=2 2
left_child=-1 -2
right_child=1 -3
leaf_value=-0.0015645627470522077 -0.00053512867807692746 0.0007507660873518864
leaf_weight=1.0178227185970161 0.7857195035321628 96.507924807374366
leaf_count=97 176 11183
internal_value=0.000695721 0.000735043
internal_weight=98.3115 97.2936
internal_count=11456 11359
is_linear=0
shrinkage=0.03


Tree=293
num_leaves=3
num_cat=0
split_feature=10 1
split_gain=0.00259165 0.0013945
threshold=2.8991596638655466 0.95695970695970711
decision_type=2 2
left_child=-1 -2
right_child=1 -3
leaf_value=-0.00054253629811930749 -0.00021634425408214266 0.0007404869943635681
leaf_weight=0.7866947480943044 0.98464758531190355 96.515852040378377
leaf_count=177 96 11183
internal_value=0.000713189 0.000728726
internal_weight=98.2872 97.5005
internal_count=11456 11279
is_linear=0
shrinkage=0.03


Tree=294
num_leaves=3
num_cat=0
split_feature=10 1
split_gain=0.00249428 0.00163262
threshold=2.8991596638655466 0.95695970695970711
decision_type=2 2
left_child=-1 -2
right_child=1 -3
leaf_value=-0.00052382947676663048 -0.00027227586342072369 0.00074061373968079913
leaf_weight=0.7858030206989487 0.98274052690248836 96.515505858929828
leaf_count=177 96 11183
internal_value=0.000712562 0.000727744
internal_weight=98.284 97.4982
internal_count=11456 11279
is_linear=0
shrinkage=0.03


Tree=295
num_leaves=2
num_cat=0
split_feature=11
split_gain=0.0224408
threshold=99.759325764596866
decision_type=2
left_child=-1
right_child=-2
leaf_value=-0.00096480187085129867 0.0022764784439359073
leaf_weight=97.286629831127357 1.0416421259287734
leaf_count=11404 28
internal_value=-0.000907892
internal_weight=98.3283
internal_count=11432
is_linear=0
shrinkage=0.03


Tree=296
num_leaves=2
num_cat=0
split_feature=11
split_gain=0.0226821
threshold=99.759325764596866
decision_type=2
left_child=-1
right_child=-2
leaf_value=-0.00096545521496547494 0.0022920452797211654
leaf_weight=97.283966061368119 1.0423122774809588
leaf_count=11404 28
internal_value=-0.000908196
internal_weight=98.3263
internal_count=11432
is_linear=0
shrinkage=0.03


Tree=297
num_leaves=2
num_cat=0
split_feature=11
split_gain=0.0210311
threshold=99.759325764596866
decision_type=2
left_child=-1
right_child=-2
leaf_value=-0.00096436423728029133 0.0021800546312048304
leaf_weight=97.284171399252955 1.0386227976996441
leaf_count=11404 28
internal_value=-0.000909534
internal_weight=98.3228
internal_count=11432
is_linear=0
shrinkage=0.03


Tree=298
num_leaves=2
num_cat=0
split_feature=11
split_gain=0.0194627
threshold=99.759325764596866
decision_type=2
left_child=-1
right_child=-2
leaf_value=-0.000962751568887975 0.0020703202132160178
leaf_weight=97.285942950285971 1.0344931625295419
leaf_count=11404 28
internal_value=-0.000910315
internal_weight=98.3204
internal_count=11432
is_linear=0
shrinkage=0.03


Tree=299
num_leaves=2
num_cat=0
split_feature=11
split_gain=0.0173955
threshold=99.759325764596866
decision_type=2
left_child=-1
right_child=-2
leaf_value=-0.00096167276991396017 0.0019139445662807912
leaf_weight=97.281286833051126 1.0342261595651496
leaf_count=11404 28
internal_value=-0.000912456
internal_weight=98.3155
internal_count=11432
is_linear=0
shrinkage=0.03


Tree=300
num_leaves=2
num_cat=0
split_feature=1
split_gain=0.0193913
threshold=98.663092046470084
decision_type=2
left_child=-1
right_child=-2
leaf_value=-0.00073118644232890841 0.0012827247617307473
leaf_weight=92.136158325360157 3.6222850736230603
leaf_count=11324 159
internal_value=-0.000642536
internal_weight=95.7584
internal_count=11483
is_linear=0
shrinkage=0.03


Tree=301
num_leaves=2
num_cat=0
split_feature=1
split_gain=0.0160573
threshold=98.663092046470084
decision_type=2
left_child=-1
right_child=-2
leaf_value=-0.0007223219663913793 0.0011137249501945101
leaf_weight=92.124708485323936 3.6269709104672065
leaf_count=11324 159
internal_value=-0.000641982
internal_weight=95.7517
internal_count=11483
is_linear=0
shrinkage=0.03


Tree=302
num_leaves=2
num_cat=0
split_feature=1
split_gain=0.0169486
threshold=98.663092046470084
decision_type=2
left_child=-1
right_child=-2
leaf_value=-0.00071476735669641497 0.0011694657129786743
leaf_weight=92.119285272608977 3.6268105385825029
leaf_count=11324 159
internal_value=-0.000632043
internal_weight=95.7461
internal_count=11483
is_linear=0
shrinkage=0.03


Tree=303
num_leaves=2
num_cat=0
split_feature=1
split_gain=0.0159869
threshold=98.663092046470084
decision_type=2
left_child=-1
right_child=-2
leaf_value=-0.00071019182078052763 0.0011227424528469489
leaf_weight=92.119325315346941 3.6177852165419599
leaf_count=11324 159
internal_value=-0.000630037
internal_weight=95.7371
internal_count=11483
is_linear=0
shrinkage=0.03


Tree=304
num_leaves=2
num_cat=0
split_feature=1
split_gain=0.0126869
threshold=98.663092046470084
decision_type=2
left_child=-1
right_child=-2
leaf_value=-0.0006981469846489666 0.00094025071147667261
leaf_weight=92.067705952445976 3.6168323946185401
leaf_count=11324 159
internal_value=-0.000627132
internal_weight=95.6845
internal_count=11483
is_linear=0
shrinkage=0.03


Tree=305
num_leaves=3
num_cat=0
split_feature=10 1
split_gain=0.0454987 0.127284
threshold=98.581488933601634 89.936689936689945
decision_type=2 2
left_child=-1 -2
right_child=1 -3
leaf_value=-0.00022428633266440804 -0.00022428633266440804 0.0059751422571990443
leaf_weight=88.919725415995345 3.875966247636824 3.1424663700163364
leaf_count=11096 285 53
internal_value=-3.15147e-05 0.00213418
internal_weight=95.9382 7.01843
internal_count=11434 338
is_linear=0
shrinkage=0.03


Tree=306
num_leaves=3
num_cat=0
split_feature=10 1
split_gain=0.0166636 0.0591515
threshold=98.581488933601634 89.936689936689945
decision_type=2 2
left_child=-1 -2
right_child=1 -3
leaf_value=-0.00013749980147009945 -0.00013749980147009945 0.0039080032067908685
leaf_weight=88.833253253134899 3.8515367389190933 3.2530598044395447
leaf_count=11096 285 53
internal_value=-2.01664e-05 0.00128287
internal_weight=95.9378 7.1046
internal_count=11434 338
is_linear=0
shrinkage=0.03


Tree=307
num_leaves=2
num_cat=0
split_feature=1
split_gain=5.2407e-05
threshold=0.95695970695970711
decision_type=2
left_child=-1
right_child=-2
leaf_value=-0.00017201968630138175 -1.8044567195373573e-05
leaf_weight=1.0517071767244477 94.869967745500617
leaf_count=90 11344
internal_value=-2.14902e-05
internal_weight=95.9217
internal_count=11434
is_linear=0
shrinkage=0.03


Tree=308
num_leaves=2
num_cat=0
split_feature=10
split_gain=0.0149381
threshold=98.581488933601634
decision_type=2
left_child=-1
right_child=-2
leaf_value=-0.00013244665400223747 0.001213899853903535
leaf_weight=88.837083904072642 7.0846765637397757
leaf_count=11096 338
internal_value=-2.15084e-05
internal_weight=95.9218
internal_count=11434
is_linear=0
shrinkage=0.03


Tree=309
num_leaves=3
num_cat=0
split_feature=10 1
split_gain=0.0120283 0.0545847
threshold=98.581488933601634 89.936689936689945
decision_type=2 2
left_child=-1 -2
right_child=1 -3
leaf_value=-0.0001206112824981868 -0.0001206112824981868 0.0036748187399182767
leaf_weight=88.820625319960527 3.8629501352552316 3.2305409070104361
leaf_count=11096 285 53
internal_value=-2.10124e-05 0.00108692
internal_weight=95.9141 7.09349
internal_count=11434 338
is_linear=0
shrinkage=0.03


Tree=310
num_leaves=3
num_cat=0
split_feature=11 11
split_gain=0.00346395 0.0011024
threshold=99.759325764596866 10.656428879177696
decision_type=2 2
left_child=1 -1
right_child=-2 -3
leaf_value=-0.00068240118963814309 0.00096101363596238284 -0.0002985268310151275
leaf_weight=7.1519467293983316 0.95583131141029198 89.775702394079417
leaf_count=1188 30 10218
internal_value=-0.000311299 -0.000333531
internal_weight=97.8835 96.9276
internal_count=11436 11406
is_linear=0
shrinkage=0.03


Tree=311
num_leaves=3
num_cat=0
split_feature=11 11
split_gain=0.00341213 0.00104468
threshold=99.759325764596866 10.656428879177696
decision_type=2 2
left_child=1 -1
right_child=-2 -3
leaf_value=-0.0006737411263254121 0.00095243073562821122 -0.00029905863995908285
leaf_weight=7.1524385465891092 0.95389778423122962 89.775773658417165
leaf_count=1188 30 10218
internal_value=-0.000311269 -0.000333304
internal_weight=97.8821 96.9282
internal_count=11436 11406
is_linear=0
shrinkage=0.03


Tree=312
num_leaves=3
num_cat=0
split_feature=11 11
split_gain=0.00320068 0.000768489
threshold=99.759325764596866 10.656428879177696
decision_type=2 2
left_child=1 -1
right_child=-2 -3
leaf_value=-0.00062956173090534205 0.00091412697866980136 -0.0003021795644874195
leaf_weight=7.1447186017176127 0.95351474452763696 89.783610134734772
leaf_count=1188 30 10218
internal_value=-0.000311228 -0.000332494
internal_weight=97.8818 96.9283
internal_count=11436 11406
is_linear=0
shrinkage=0.03


Tree=313
num_leaves=3
num_cat=0
split_feature=11 11
split_gain=0.00342016 0.000697745
threshold=99.759325764596866 10.656428879177696
decision_type=2 2
left_child=1 -1
right_child=-2 -3
leaf_value=-0.00061903423961162814 0.0009523413343134388 -0.00030469707673182954
leaf_weight=7.1430163350887588 0.95696058799512584 89.782240802654997
leaf_count=1188 30 10218
internal_value=-0.000311868 -0.000333947
internal_weight=97.8822 96.9253
internal_count=11436 11406
is_linear=0
shrinkage=0.03


Tree=314
num_leaves=3
num_cat=0
split_feature=11 11
split_gain=0.00373732 0.000661371
threshold=99.759325764596866 10.656428879177696
decision_type=2 2
left_child=1 -1
right_child=-2 -3
leaf_value=-0.00061396379342321442 0.0010071067462922637 -0.0003064940960263726
leaf_weight=7.1430206208024165 0.95872162678278883 89.779155259602703
leaf_count=1188 30 10218
internal_value=-0.000311993 -0.000335193
internal_weight=97.8809 96.9222
internal_count=11436 11406
is_linear=0
shrinkage=0.03


Tree=315
num_leaves=8
num_cat=0
split_feature=4 1 5 3 1 1 0
split_gain=0.0185877 0.0777545 0.0467773 0.0214244 0.00827279 0.0027137 0.00186392
threshold=71.771001787386169 3.3251119305514218 93.742469879518083 95.243750706933611 91.845220068645276 81.457513768686084 91.845220068645276
decision_type=2 2 2 2 2 2 2
left_child=1 -1 6 4 -2 -5 -3
right_child=3 2 -4 5 -6 -7 -8
leaf_value=-0.0069313770759881427 0.0010439585141861795 -0.00018999284320168661 0.0010439585141861795 0.0016948980270163427 0.0020807799156359729 0.00314330829728726 0.00092851881804621587
leaf_weight=0.33866751519963045 26.455508415005173 42.680383559898473 5.2772438507527104 15.071951164631175 3.1290302865672848 2.8785739983431986 0.4042916763573875
leaf_count=73 2797 7943 145 288 111 44 19
internal_value=0.000627915 0.000208994 0.000398403 0.00104396 0.00104396 0.00208078 -0.000158673
internal_weight=96.2357 48.7006 48.3619 47.5351 29.5845 17.9505 43.0847
internal_count=11420 8180 8107 3240 2908 332 7962
is_linear=0
shrinkage=0.03


Tree=316
num_leaves=4
num_cat=0
split_feature=10 4 0
split_gain=0.0322414 0.110954 0.00481418
threshold=7.0925553319919521 70.624512568240462 99.754600857542044
decision_type=2 2 2
left_child=1 -1 -2
right_child=2 -3 -4
leaf_value=-0.0059827702902894939 0.00073355143788622482 0.00073355143788622482 0.0019757388168791454
leaf_weight=1.9061657534912222 90.86422809708165 1.2294545799959449 2.1566836275160304
leaf_count=393 10809 178 40
internal_value=0.000625131 -0.00199091 0.000733551
internal_weight=96.1565 3.13562 93.0209
internal_count=11420 571 10849
is_linear=0
shrinkage=0.03


Tree=317
num_leaves=8
num_cat=0
split_feature=4 1 3 1 5 0 1
split_gain=0.0110278 0.0797673 0.0403151 0.0335054 0.0143524 0.00118246 0.000738064
threshold=71.771001787386169 3.3251119305514218 95.243750706933611 91.845220068645276 93.742469879518083 91.845220068645276 81.457513768686084
decision_type=2 2 2 2 2 2 2
left_child=1 -1 3 -2 5 -3 -4
right_child=2 4 6 -5 -6 -7 -8
leaf_value=-0.0069411670043178541 0.00048749425434850617 -8.8391319865874864e-05 0.0017156466584204901 0.0020561763133040614 0.00048749425434850617 0.00048749425434850617 0.0029394530870931503
leaf_weight=0.3378384062089016 26.417978070967369 42.59090319625102 15.096974713727834 3.1567704726476213 5.2774133339989922 0.40438720025122066 2.8779701134189954
leaf_count=73 2797 7943 288 111 145 19 44
internal_value=0.000623958 0.000296993 0.000945216 0.000487494 0.000487494 -5.9319e-05 0.00205618
internal_weight=96.1602 48.6105 47.5497 29.5747 48.2727 42.9953 17.9749
internal_count=11420 8180 3240 2908 8107 7962 332
is_linear=0
shrinkage=0.03


Tree=318
num_leaves=7
num_cat=0
split_feature=10 4 1 1 5 10
split_gain=0.0397289 0.0888722 0.00233649 0.000902651 0.000416439 0.00782166
threshold=7.0925553319919521 70.624512568240462 47.601603371439644 93.365511138022995 36.94791786164965 51.492869875222823
decision_type=2 2 2 2 2 2
left_child=1 3 -3 -1 -2 -6
right_child=4 2 -4 -5 5 -7
leaf_value=-0.006061421527450519 0.00076709084230852252 -0.0021462099862837656 0.00076709084230852252 -0.00083781341124364664 0.00076709084230852252 0.0011758691148902119
leaf_weight=1.4908413981320325 16.875799879780971 0.73206237773410954 0.52460998110473156 0.39541531598661106 25.651543810847215 50.413318007835187
leaf_count=347 3980 125 53 46 3458 3411
internal_value=0.000646153 -0.00225208 0.000767091 -0.00563607 0.000767091 0.000878889
internal_weight=96.0836 3.14293 1.25667 1.88626 92.9407 76.0649
internal_count=11420 571 178 393 10849 6869
is_linear=0
shrinkage=0.03


Tree=319
num_leaves=4
num_cat=0
split_feature=10 4 5
split_gain=0.0241468 0.0984537 0.000323252
threshold=7.0925553319919521 70.624512568240462 36.94791786164965
decision_type=2 2 2
left_child=1 -1 -2
right_child=2 -3 -4
leaf_value=-0.0055105794640919522 0.00073937245797035551 0.00073937245797035551 0.0008436128407901017
leaf_weight=1.8741023511392989 16.875597759266384 1.2278867042623458 76.083940121519845
leaf_count=393 3980 178 6869
internal_value=0.000646672 -0.00163435 0.000739372
internal_weight=96.0615 3.10199 92.9595
internal_count=11420 571 10849
is_linear=0
shrinkage=0.03


Tree=320
num_leaves=2
num_cat=0
split_feature=9
split_gain=0.000465144
threshold=2.0204081632653064
decision_type=2
left_child=-1
right_child=-2
leaf_value=-0.00064539125293556045 -0.00012009678756562938
leaf_weight=0.60363473783945565 96.480890133185312
leaf_count=91 11340
internal_value=-0.00012991
internal_weight=97.0845
internal_count=11431
is_linear=0
shrinkage=0.03


Tree=321
num_leaves=2
num_cat=0
split_feature=9
split_gain=0.00046513
threshold=2.0204081632653064
decision_type=2
left_child=-1
right_child=-2
leaf_value=-0.00064550018021796189 -0.00012023241362913524
leaf_weight=0.60388401604723085 96.480657862615772
leaf_count=91 11340
internal_value=-0.000130047
internal_weight=97.0845
internal_count=11431
is_linear=0
shrinkage=0.03


Tree=322
num_leaves=2
num_cat=0
split_feature=9
split_gain=0.000467378
threshold=2.0204081632653064
decision_type=2
left_child=-1
right_child=-2
leaf_value=-0.00064679826670504918 -0.00012033159261906352
leaf_weight=0.60412526311119918 96.480387062998489
leaf_count=91 11340
internal_value=-0.000130169
internal_weight=97.0845
internal_count=11431
is_linear=0
shrinkage=0.03


Tree=323
num_leaves=2
num_cat=0
split_feature=9
split_gain=0.000460959
threshold=2.0204081632653064
decision_type=2
left_child=-1
right_child=-2
leaf_value=-0.0006434785603705173 -0.00012050573559706445
leaf_weight=0.60427949280710791 96.480192388291471
leaf_count=91 11340
internal_value=-0.000130288
internal_weight=97.0845
internal_count=11431
is_linear=0
shrinkage=0.03


Tree=324
num_leaves=2
num_cat=0
split_feature=9
split_gain=0.000458384
threshold=2.0204081632653064
decision_type=2
left_child=-1
right_child=-2
leaf_value=-0.00064217082001004691 -0.00012060932711864215
leaf_weight=0.60439486603718151 96.479960961034521
leaf_count=91 11340
internal_value=-0.00013037
internal_weight=97.0844
internal_count=11431
is_linear=0
shrinkage=0.03


Tree=325
num_leaves=3
num_cat=0
split_feature=1 11
split_gain=0.0148621 0.0487463
threshold=0.95695970695970711 97.872641331539853
decision_type=2 2
left_child=-1 -2
right_child=1 -3
leaf_value=-0.0034686010488103078 -0.00083770110014597771 0.0018591900747628462
leaf_weight=0.79724813147913565 89.241908429306932 5.5326449904823667
leaf_count=90 11103 236
internal_value=-0.00072158 -0.000662497
internal_weight=95.5718 94.7746
internal_count=11429 11339
is_linear=0
shrinkage=0.03


Tree=326
num_leaves=3
num_cat=0
split_feature=1 11
split_gain=0.0151604 0.0442334
threshold=0.95695970695970711 97.872641331539853
decision_type=2 2
left_child=-1 -2
right_child=1 -3
leaf_value=-0.0034655479431267532 -0.00080427643914992512 0.0017645571758046145
leaf_weight=0.7990158157190298 89.199358609039336 5.5352479494176796
leaf_count=90 11103 236
internal_value=-0.000696627 -0.000637318
internal_weight=95.5336 94.7346
internal_count=11429 11339
is_linear=0
shrinkage=0.03


Tree=327
num_leaves=2
num_cat=0
split_feature=11
split_gain=0.00229311
threshold=99.271827500883717
decision_type=2
left_child=-1
right_child=-2
leaf_value=-0.00071567924545091577 0.00020745765810969405
leaf_weight=93.444101799628697 2.0777512619970357
leaf_count=11342 87
internal_value=-0.000693658
internal_weight=95.5219
internal_count=11429
is_linear=0
shrinkage=0.03


Tree=328
num_leaves=2
num_cat=0
split_feature=11
split_gain=0.01176
threshold=99.271827500883717
decision_type=2
left_child=-1
right_child=-2
leaf_value=-0.00074806831964728895 0.0011604616071489693
leaf_weight=93.38328806811478 2.1374368091346687
leaf_count=11342 87
internal_value=-0.000693781
internal_weight=95.5207
internal_count=11429
is_linear=0
shrinkage=0.03


Tree=329
num_leaves=3
num_cat=0
split_feature=1 11
split_gain=0.0135619 0.0457129
threshold=0.95695970695970711 97.872641331539853
decision_type=2 2
left_child=-1 -2
right_child=1 -3
leaf_value=-0.0033159864806760423 -0.00080678267265048569 0.0017894841542923905
leaf_weight=0.7983406373532479 89.109148288262077 5.6153462284710249
leaf_count=90 11103 236
internal_value=-0.00069231 -0.000635788
internal_weight=95.5228 94.7245
internal_count=11429 11339
is_linear=0
shrinkage=0.03


Tree=330
num_leaves=7
num_cat=0
split_feature=1 11 9 9 9 9
split_gain=0.00991852 0.0333448 0.0197066 0.00446004 0.00173063 0.00012166
threshold=80.30889309992979 97.318054011639319 96.026315789473699 4.1960093896713619 2.7973395931142417 75.154320987654344
decision_type=2 2 2 2 2 2
left_child=4 2 3 -2 -1 -6
right_child=1 -3 -4 -5 5 -7
leaf_value=-0.0015998665303219293 -0.00049853131152212708 0.002962271832312778 0.0025520347621415876 -6.8796742007042896e-05 -0.00050052698097722594 -0.00034441562555733644
leaf_weight=0.48902776668546621 1.0722473779460511 2.3916960796341291 1.1647475080098946 22.593859107815661 52.505052070599049 16.803247769363225
leaf_count=138 95 72 119 1998 6729 2410
internal_value=-0.000311087 0.000170147 -0.000203057 -0.000436618 -0.000498531 -0.000498531
internal_weight=97.0199 27.2226 24.8309 23.6661 69.7973 69.3083
internal_count=11561 2284 2212 2093 9277 9139
is_linear=0
shrinkage=0.03


Tree=331
num_leaves=3
num_cat=0
split_feature=1 11
split_gain=0.00686522 0.0309601
threshold=80.30889309992979 97.318054011639319
decision_type=2 2
left_child=-1 -2
right_child=1 -3
leaf_value=-0.00048843230581852113 -0.00028599826036288428 0.0027646355304391098
leaf_weight=69.782525174960028 24.85971520817839 2.3867916371673337
leaf_count=9277 2212 72
internal_value=-0.000332606 6.96515e-05
internal_weight=97.029 27.2465
internal_count=11561 2284
is_linear=0
shrinkage=0.03


Tree=332
num_leaves=3
num_cat=0
split_feature=1 11
split_gain=0.00622232 0.0286123
threshold=80.30889309992979 97.318054011639319
decision_type=2 2
left_child=-1 -2
right_child=1 -3
leaf_value=-0.0004811034627801493 -0.00029037455880850938 0.0026444774445456027
leaf_weight=69.778809407784138 24.853730207192715 2.3809542998205862
leaf_count=9277 2212 72
internal_value=-0.000332794 5.07741e-05
internal_weight=97.0135 27.2347
internal_count=11561 2284
is_linear=0
shrinkage=0.03


Tree=333
num_leaves=3
num_cat=0
split_feature=1 11
split_gain=0.00412717 0.0292756
threshold=80.30889309992979 97.318054011639319
decision_type=2 2
left_child=-1 -2
right_child=1 -3
leaf_value=-0.00045831997924339747 -0.0003647502512522787 0.0026058852322110816
leaf_weight=69.754290817712899 24.898091341718104 2.3748749773949376
leaf_count=9277 2212 72
internal_value=-0.000337456 -2.30538e-05
internal_weight=97.0273 27.273
internal_count=11561 2284
is_linear=0
shrinkage=0.03


Tree=334
num_leaves=3
num_cat=0
split_feature=1 11
split_gain=0.00240758 0.0153916
threshold=80.30889309992979 97.318054011639319
decision_type=2 2
left_child=-1 -2
right_child=1 -3
leaf_value=-0.00043239889729610717 -0.00034214485341330856 0.0018072324181210011
leaf_weight=69.74302234291099 24.899709092802372 2.3935675586108109
leaf_count=9277 2212 72
internal_value=-0.000339851 -9.64359e-05
internal_weight=97.0363 27.2933
internal_count=11561 2284
is_linear=0
shrinkage=0.03


Tree=335
num_leaves=2
num_cat=0
split_feature=1
split_gain=0.00373789
threshold=0.95695970695970711
decision_type=2
left_child=-1
right_child=-2
leaf_value=-0.00086460958762104602 0.00050378777995986786
leaf_weight=0.95757017668802191 97.275699034449644
leaf_count=91 11417
internal_value=0.00048187
internal_weight=98.2333
internal_count=11508
is_linear=0
shrinkage=0.03


Tree=336
num_leaves=2
num_cat=0
split_feature=1
split_gain=0.00366204
threshold=0.95695970695970711
decision_type=2
left_child=-1
right_child=-2
leaf_value=-0.00085157134603394658 0.00050408951618964646
leaf_weight=0.95692816097289224 97.27668153506238
leaf_count=91 11417
internal_value=0.000482435
internal_weight=98.2336
internal_count=11508
is_linear=0
shrinkage=0.03


Tree=337
num_leaves=2
num_cat=0
split_feature=1
split_gain=0.00387473
threshold=0.95695970695970711
decision_type=2
left_child=-1
right_child=-2
leaf_value=-0.00088801196880278069 0.00050456570418509251
leaf_weight=0.95507208770140906 97.277575239248108
leaf_count=91 11417
internal_value=0.000482214
internal_weight=98.2326
internal_count=11508
is_linear=0
shrinkage=0.03


Tree=338
num_leaves=2
num_cat=0
split_feature=1
split_gain=0.00374104
threshold=0.95695970695970711
decision_type=2
left_child=-1
right_child=-2
leaf_value=-0.00086500893509688589 0.00050439417160925374
leaf_weight=0.95653077331371505 97.276854978466872
leaf_count=91 11417
internal_value=0.000482477
internal_weight=98.2334
internal_count=11508
is_linear=0
shrinkage=0.03


Tree=339
num_leaves=2
num_cat=0
split_feature=1
split_gain=0.00433885
threshold=0.95695970695970711
decision_type=2
left_child=-1
right_child=-2
leaf_value=-0.00096488373850565066 0.0005049950932432966
leaf_weight=0.95149090758059074 97.27614402299514
leaf_count=91 11417
internal_value=0.000481177
internal_weight=98.2276
internal_count=11508
is_linear=0
shrinkage=0.03


Tree=340
num_leaves=2
num_cat=0
split_feature=9
split_gain=0.00370467
threshold=4.1960093896713619
decision_type=2
left_child=-1
right_child=-2
leaf_value=-0.00083555734563297234 0.00019867818274387994
leaf_weight=2.2502931261551558 93.89480584685225
leaf_count=322 11143
internal_value=0.00016612
internal_weight=96.1451
internal_count=11465
is_linear=0
shrinkage=0.03


Tree=341
num_leaves=2
num_cat=0
split_feature=9
split_gain=0.00357614
threshold=4.1960093896713619
decision_type=2
left_child=-1
right_child=-2
leaf_value=-0.00081829089735976359 0.0001978847805140707
leaf_weight=2.2509494676487511 93.894141059601679
leaf_count=322 11143
internal_value=0.000165916
internal_weight=96.1451
internal_count=11465
is_linear=0
shrinkage=0.03


Tree=342
num_leaves=2
num_cat=0
split_feature=9
split_gain=0.00387226
threshold=4.1960093896713619
decision_type=2
left_child=-1
right_child=-2
leaf_value=-0.0008583909734065935 0.00019906709535477479
leaf_weight=2.2484333639149545 93.896362496074289
leaf_count=322 11143
internal_value=0.000165756
internal_weight=96.1448
internal_count=11465
is_linear=0
shrinkage=0.03


Tree=343
num_leaves=2
num_cat=0
split_feature=9
split_gain=0.00418979
threshold=4.1960093896713619
decision_type=2
left_child=-1
right_child=-2
leaf_value=-0.00089928684229240911 0.00020082255159918378
leaf_weight=2.2456697646994135 93.894567316048779
leaf_count=322 11143
internal_value=0.000166133
internal_weight=96.1402
internal_count=11465
is_linear=0
shrinkage=0.03


Tree=344
num_leaves=2
num_cat=0
split_feature=9
split_gain=0.00409418
threshold=4.1960093896713619
decision_type=2
left_child=-1
right_child=-2
leaf_value=-0.00088735446420637248 0.00020009311684374788
leaf_weight=2.2463680054061106 93.893882218166254
leaf_count=322 11143
internal_value=0.000165811
internal_weight=96.1403
internal_count=11465
is_linear=0
shrinkage=0.03


Tree=345
num_leaves=2
num_cat=0
split_feature=11
split_gain=0.0181382
threshold=99.759325764596866
decision_type=2
left_child=-1
right_child=-2
leaf_value=1.4278717491715959e-05 0.002866794629617074
leaf_weight=97.254524452844635 1.0487306900322426
leaf_count=11500 29
internal_value=7.32729e-05
internal_weight=98.3033
internal_count=11529
is_linear=0
shrinkage=0.03


Tree=346
num_leaves=2
num_cat=0
split_feature=11
split_gain=0.0188769
threshold=99.759325764596866
decision_type=2
left_child=-1
right_child=-2
leaf_value=1.3276725588975301e-05 0.002922544031778598
leaf_weight=97.252988793421537 1.049786039860918
leaf_count=11500 29
internal_value=7.34629e-05
internal_weight=98.3028
internal_count=11529
is_linear=0
shrinkage=0.03


Tree=347
num_leaves=2
num_cat=0
split_feature=11
split_gain=0.0177786
threshold=99.759325764596866
decision_type=2
left_child=-1
right_child=-2
leaf_value=1.4671367113091097e-05 0.0028407979548010758
leaf_weight=97.254352899733931 1.0457354455720622
leaf_count=11500 29
internal_value=7.30417e-05
internal_weight=98.3001
internal_count=11529
is_linear=0
shrinkage=0.03


Tree=348
num_leaves=2
num_cat=0
split_feature=11
split_gain=0.0168017
threshold=99.759325764596866
decision_type=2
left_child=-1
right_child=-2
leaf_value=1.6065158590514313e-05 0.0027658362645273183
leaf_weight=97.255648049176671 1.042150828288867
leaf_count=11500 29
internal_value=7.27785e-05
internal_weight=98.2978
internal_count=11529
is_linear=0
shrinkage=0.03


Tree=349
num_leaves=2
num_cat=0
split_feature=11
split_gain=0.0167918
threshold=99.759325764596866
decision_type=2
left_child=-1
right_child=-2
leaf_value=1.7409536753224355e-05 0.0027656621604204286
leaf_weight=97.255734989070334 1.0432543368078757
leaf_count=11500 29
internal_value=7.41351e-05
internal_weight=98.299
internal_count=11529
is_linear=0
shrinkage=0.03


Tree=350
num_leaves=3
num_cat=0
split_feature=11 10
split_gain=0.133272 0.0012354
threshold=99.759325764596866 13.921188630490958
decision_type=2 2
left_child=1 -1
right_child=-2 -3
leaf_value=0.00014308313695266482 0.0086865695269250642 0.0005574304449369416
leaf_weight=7.861891445121727 0.84183676913380523 89.260472206282429
leaf_count=1299 28 10082
internal_value=0.000682885 0.00052569
internal_weight=97.9642 97.1224
internal_count=11409 11381
is_linear=0
shrinkage=0.03


Tree=351
num_leaves=3
num_cat=0
split_feature=11 10
split_gain=0.0985752 0.000390957
threshold=99.759325764596866 13.921188630490958
decision_type=2 2
left_child=1 -1
right_child=-2 -3
leaf_value=0.00027839144653520802 0.0074873731417638527 0.00056068040387314709
leaf_weight=7.8394022516440591 0.88354596053250034 89.23184589255834
leaf_count=1299 28 10082
internal_value=0.000678642 0.000540954
internal_weight=97.9548 97.0712
internal_count=11409 11381
is_linear=0
shrinkage=0.03


Tree=352
num_leaves=2
num_cat=0
split_feature=11
split_gain=0.0934677
threshold=99.759325764596866
decision_type=2
left_child=-1
right_child=-2
leaf_value=0.00054289426157531873 0.0073058535346904388
leaf_weight=97.068791179684922 0.88466883171349664
leaf_count=11381 28
internal_value=0.000677188
internal_weight=97.9535
internal_count=11409
is_linear=0
shrinkage=0.03


Tree=353
num_leaves=2
num_cat=0
split_feature=11
split_gain=0.0883131
threshold=99.759325764596866
decision_type=2
left_child=-1
right_child=-2
leaf_value=0.00054370225792128358 0.0071104918922887091
leaf_weight=97.065485056431498 0.8893102235160758
leaf_count=11381 28
internal_value=0.000674574
internal_weight=97.9548
internal_count=11409
is_linear=0
shrinkage=0.03


Tree=354
num_leaves=2
num_cat=0
split_feature=11
split_gain=0.0847227
threshold=99.759325764596866
decision_type=2
left_child=-1
right_child=-2
leaf_value=0.00054295382999130354 0.006951750943883863
leaf_weight=97.036488524579909 0.90361009235493739
leaf_count=11381 28
internal_value=0.000671747
internal_weight=97.9401
internal_count=11409
is_linear=0
shrinkage=0.03


Tree=355
num_leaves=4
num_cat=0
split_feature=1 9 3
split_gain=0.0307078 0.00132785 0.000356783
threshold=0.95695970695970711 2.0204081632653064 1.3157985858627832
decision_type=2 2 2
left_child=-1 -2 -3
right_child=1 2 -4
leaf_value=-0.0032338766800453444 -0.00035816926803141339 -4.8754694629531989e-05 0.00067315310016437203
leaf_weight=0.88155838614329596 0.56533241958822955 0.48880778788588841 96.044483989360742
leaf_count=92 80 131 11223
internal_value=0.000592117 0.000659464 0.000669035
internal_weight=97.9802 97.0986 96.5333
internal_count=11526 11434 11354
is_linear=0
shrinkage=0.03


Tree=356
num_leaves=4
num_cat=0
split_feature=1 9 3
split_gain=0.0136262 0.00130882 0.000331719
threshold=0.95695970695970711 2.0204081632653064 1.3157985858627832
decision_type=2 2 2
left_child=-1 -2 -3
right_child=1 2 -4
leaf_value=-0.0019689929310233284 -0.00034604857078945867 -3.4050777956579603e-05 0.00068415701624485151
leaf_weight=0.85019186779390921 0.56605036673135956 0.48915386328007926 96.142039473867044
leaf_count=92 80 131 11223
internal_value=0.000628232 0.00067077 0.00068021
internal_weight=98.0474 97.1972 96.6312
internal_count=11526 11434 11354
is_linear=0
shrinkage=0.03


Tree=357
num_leaves=3
num_cat=0
split_feature=1 3
split_gain=0.0131594 0.000124165
threshold=0.95695970695970711 1.3157985858627832
decision_type=2 2
left_child=-1 -2
right_child=1 -3
leaf_value=-0.0019248819581285327 7.0014002977903796e-05 0.00067216566245590064
leaf_weight=0.85186869883909722 0.55623587686568399 96.638334405201022
leaf_count=92 139 11295
internal_value=0.00062772 0.000669468
internal_weight=98.0464 97.1946
internal_count=11526 11434
is_linear=0
shrinkage=0.03


Tree=358
num_leaves=4
num_cat=0
split_feature=1 9 3
split_gain=0.0133963 0.00127944 0.000301142
threshold=0.95695970695970711 2.0204081632653064 1.3157985858627832
decision_type=2 2 2
left_child=-1 -2 -3
right_child=1 2 -4
leaf_value=-0.0019468019424342695 -0.00033764437306920504 -2.1285205402907502e-05 0.00068381434119471716
leaf_weight=0.85102780081797291 0.56651558942394231 0.48843754583503951 96.141222041100264
leaf_count=92 80 131 11223
internal_value=0.000628613 0.000670759 0.000680069
internal_weight=98.0472 97.1962 96.6297
internal_count=11526 11434 11354
is_linear=0
shrinkage=0.03


Tree=359
num_leaves=4
num_cat=0
split_feature=1 9 3
split_gain=0.0361917 0.00131494 0.000239137
threshold=0.95695970695970711 2.0204081632653064 1.3157985858627832
decision_type=2 2 2
left_child=-1 -2 -3
right_child=1 2 -4
leaf_value=-0.0036186168537756676 -0.00032274925288190725 1.9818443065405791e-05 0.00072818881985856239
leaf_weight=0.78783405630383541 0.56484944402472947 0.48781662608962406 96.139444639207795
leaf_count=92 80 131 11223
internal_value=0.000644482 0.000715539 0.000724852
internal_weight=97.9799 97.1921 96.6273
internal_count=11526 11434 11354
is_linear=0
shrinkage=0.03


Tree=360
num_leaves=2
num_cat=0
split_feature=1
split_gain=9.30003e-05
threshold=10.13913043478261
decision_type=2
left_child=-1
right_child=-2
leaf_value=-0.0002495845538853689 -0.00014689623369293459
leaf_weight=10.730227609165011 87.449951348011382
leaf_count=1146 10345
internal_value=-0.000160522
internal_weight=98.1802
internal_count=11491
is_linear=0
shrinkage=0.03


Tree=361
num_leaves=2
num_cat=0
split_feature=1
split_gain=0.000114322
threshold=10.13913043478261
decision_type=2
left_child=-1
right_child=-2
leaf_value=-0.00025793171173895855 -0.00014649046642875647
leaf_weight=10.727843033848329 87.450512337614782
leaf_count=1146 10345
internal_value=-0.000161145
internal_weight=98.1784
internal_count=11491
is_linear=0
shrinkage=0.03


Tree=362
num_leaves=2
num_cat=0
split_feature=1
split_gain=0.00012369
threshold=10.13913043478261
decision_type=2
left_child=-1
right_child=-2
leaf_value=-0.00026086605202609465 -0.00014585500953472904
leaf_weight=10.726798330084419 87.453082701074891
leaf_count=1146 10345
internal_value=-0.000160924
internal_weight=98.1799
internal_count=11491
is_linear=0
shrinkage=0.03


Tree=363
num_leaves=2
num_cat=0
split_feature=1
split_gain=0.00011945
threshold=10.13913043478261
decision_type=2
left_child=-1
right_child=-2
leaf_value=-0.00025948551452570703 -0.00014608386855591689
leaf_weight=10.727165302319916 87.452654532389715
leaf_count=1146 10345
internal_value=-0.000160966
internal_weight=98.1798
internal_count=11491
is_linear=0
shrinkage=0.03


Tree=364
num_leaves=2
num_cat=0
split_feature=1
split_gain=0.000113579
threshold=10.13913043478261
decision_type=2
left_child=-1
right_child=-2
leaf_value=-0.00025759824203247088 -0.00014645592244395429
leaf_weight=10.727512712532187 87.452330903266557
leaf_count=1146 10345
internal_value=-0.000161075
internal_weight=98.1798
internal_count=11491
is_linear=0
shrinkage=0.03


Tree=365
num_leaves=4
num_cat=0
split_feature=4 3 3
split_gain=0.00216064 0.00511632 0.00104135
threshold=72.536096718480152 6.1518217916322193 99.754600857542044
decision_type=2 2 2
left_child=1 -1 -3
right_child=-2 2 -4
leaf_value=-0.00086356783501853444 0.00057622633239792331 0.00030150245788390894 0.00057622633239792331
leaf_weight=2.359658138244412 47.563006514392328 46.839717925642617 0.94100285042077203
leaf_count=610 3151 7663 15
internal_value=0.00043062 0.000283932 0.000357142
internal_weight=97.7034 50.1404 47.7807
internal_count=11439 8288 7678
is_linear=0
shrinkage=0.03


Tree=366
num_leaves=3
num_cat=0
split_feature=0 3
split_gain=0.0110495 0.00130501
threshold=99.754600857542044 4.5285714285714294
decision_type=2 2
left_child=1 -1
right_child=-2 -3
leaf_value=-0.00026708911172999004 0.0022128843975167175 0.00040367826914851032
leaf_weight=2.0338993693003422 2.1409782140981397 93.489108425274026
leaf_count=513 39 10887
internal_value=0.000448831 0.000386777
internal_weight=97.664 95.523
internal_count=11439 11400
is_linear=0
shrinkage=0.03


Tree=367
num_leaves=3
num_cat=0
split_feature=0 3
split_gain=0.0111898 0.00130498
threshold=99.754600857542044 4.5285714285714294
decision_type=2 2
left_child=1 -1
right_child=-2 -3
leaf_value=-0.00025838367773485396 0.0022372866124772358 0.00041471598057886118
leaf_weight=2.032432574662379 2.1372652279678723 93.467369148740545
leaf_count=513 39 10887
internal_value=0.000460401 0.000397862
internal_weight=97.6371 95.4998
internal_count=11439 11400
is_linear=0
shrinkage=0.03


Tree=368
num_leaves=3
num_cat=0
split_feature=0 3
split_gain=0.0126258 0.00129127
threshold=99.754600857542044 4.5285714285714294
decision_type=2 2
left_child=1 -1
right_child=-2 -3
leaf_value=-0.00025750775191993119 0.0023451996922150575 0.00041211099763363866
leaf_weight=2.0310526584507889 2.1434403865132472 93.462049984838814
leaf_count=513 39 10887
internal_value=0.000461496 0.000395348
internal_weight=97.6365 95.4931
internal_count=11439 11400
is_linear=0
shrinkage=0.03


Tree=369
num_leaves=2
num_cat=0
split_feature=0
split_gain=0.0121128
threshold=99.754600857542044
decision_type=2
left_child=-1
right_child=-2
leaf_value=0.00039997875916014225 0.0023128102460538186
leaf_weight=95.484579708310775 2.1366658480837932
leaf_count=11400 39
internal_value=0.000464872
internal_weight=97.6212
internal_count=11439
is_linear=0
shrinkage=0.03


Tree=370
num_leaves=2
num_cat=0
split_feature=0
split_gain=0.0151479
threshold=99.754600857542044
decision_type=2
left_child=-1
right_child=-2
leaf_value=0.00062245636005116322 0.0029393084446131135
leaf_weight=94.34703862934839 1.7029703850857902
leaf_count=11494 34
internal_value=0.000693398
internal_weight=96.05
internal_count=11528
is_linear=0
shrinkage=0.03


Tree=371
num_leaves=5
num_cat=0
split_feature=11 4 9 9
split_gain=0.00695863 0.00869223 0.0327131 0.0229795
threshold=1.3829434846863375 72.536096718480152 30.816714150047485 4.1960093896713619
decision_type=2 2 2 2
left_child=-1 2 -2 -3
right_child=1 3 -4 -5
leaf_value=-0.0013127390473478366 -0.00070610124069118117 -0.00070610124069118117 0.00093211627690193539 0.0011611636291619857
leaf_weight=0.65941466786898573 15.036458206013775 0.97099160612560709 34.411787110147998 44.967857760027982
leaf_count=134 2331 83 5951 3029
internal_value=0.000692086 0.000719421 0.000429837 0.00101533
internal_weight=96.0465 95.3871 49.4482 45.9388
internal_count=11528 11394 8282 3112
is_linear=0
shrinkage=0.03


Tree=372
num_leaves=2
num_cat=0
split_feature=0
split_gain=0.0144747
threshold=99.754600857542044
decision_type=2
left_child=-1
right_child=-2
leaf_value=0.00063556506773135367 0.0029057994850791246
leaf_weight=94.312482729728799 1.6973688073921938
leaf_count=11494 34
internal_value=0.000705241
internal_weight=96.0099
internal_count=11528
is_linear=0
shrinkage=0.03


Tree=373
num_leaves=2
num_cat=0
split_feature=0
split_gain=0.0133046
threshold=99.754600857542044
decision_type=2
left_child=-1
right_child=-2
leaf_value=0.00063427272747712689 0.0028155532199939043
leaf_weight=94.313000016554724 1.6929653640836466
leaf_count=11494 34
internal_value=0.000701365
internal_weight=96.006
internal_count=11528
is_linear=0
shrinkage=0.03


Tree=374
num_leaves=4
num_cat=0
split_feature=11 9 4
split_gain=0.0073683 0.00735573 0.029226
threshold=1.3829434846863375 2.0204081632653064 72.536096718480152
decision_type=2 2 2
left_child=-1 -2 -3
right_child=1 2 -4
leaf_value=-0.0013808816865028672 -0.0013695970010061055 0.00021696649248915075 0.0012708440526247326
leaf_weight=0.65540433046407898 0.63523922383319487 49.006852915626951 45.752461935393512
leaf_count=134 93 8214 3087
internal_value=0.000677377 0.000705696 0.000733766
internal_weight=96.05 95.3946 94.7593
internal_count=11528 11394 11301
is_linear=0
shrinkage=0.03


Tree=375
num_leaves=3
num_cat=0
split_feature=0 11
split_gain=0.0416386 5.56339e-05
threshold=99.754600857542044 99.759325764596866
decision_type=2 2
left_child=1 -1
right_child=-2 -3
leaf_value=-0.00010461358873898262 0.0033218889645778502 7.4597382681628415e-05
leaf_weight=93.513772213365883 2.3072706619277588 0.91845035017467935
leaf_count=11428 42 25
internal_value=1.2708e-05 -0.000102107
internal_weight=96.7395 94.4322
internal_count=11495 11453
is_linear=0
shrinkage=0.03


Tree=376
num_leaves=3
num_cat=0
split_feature=0 11
split_gain=0.0315655 6.42435e-05
threshold=99.754600857542044 99.759325764596866
decision_type=2 2
left_child=1 -1
right_child=-2 -3
leaf_value=-9.5327980292117938e-05 0.002877767715813502 9.2496656379420451e-05
leaf_weight=93.441895161056891 2.3324855857063076 0.91739182709716161
leaf_count=11428 42 25
internal_value=7.8258e-06 -9.25511e-05
internal_weight=96.6918 94.3593
internal_count=11495 11453
is_linear=0
shrinkage=0.03


Tree=377
num_leaves=3
num_cat=0
split_feature=0 11
split_gain=0.030848 6.33566e-05
threshold=99.754600857542044 99.759325764596866
decision_type=2 2
left_child=1 -1
right_child=-2 -3
leaf_value=-9.1595974761780047e-05 0.0028468694719716381 9.4179018730617203e-05
leaf_weight=93.433457978186198 2.3340858330484471 0.91653661080635984
leaf_count=11428 42 25
internal_value=1.04672e-05 -8.88225e-05
internal_weight=96.6841 94.35
internal_count=11495 11453
is_linear=0
shrinkage=0.03


Tree=378
num_leaves=3
num_cat=0
split_feature=0 11
split_gain=0.0303633 6.52291e-05
threshold=99.754600857542044 99.759325764596866
decision_type=2 2
left_child=1 -1
right_child=-2 -3
leaf_value=-9.2754740518114913e-05 0.0028261901988656524 9.5729435982613921e-05
leaf_weight=93.432816473185085 2.32558046770282 0.91590420715510745
leaf_count=11428 42 25
internal_value=8.42637e-06 -8.99402e-05
internal_weight=96.6743 94.3487
internal_count=11495 11453
is_linear=0
shrinkage=0.03


Tree=379
num_leaves=3
num_cat=0
split_feature=0 11
split_gain=0.032993 7.23498e-05
threshold=99.754600857542044 99.759325764596866
decision_type=2 2
left_child=1 -1
right_child=-2 -3
leaf_value=-0.00010484593153896106 0.0029370297143052259 9.5555295138781093e-05
leaf_weight=93.441822615335695 2.3274692497216156 0.91540241427719493
leaf_count=11428 42 25
internal_value=5.53434e-07 -0.00010192
internal_weight=96.6847 94.3572
internal_count=11495 11453
is_linear=0
shrinkage=0.03


Tree=380
num_leaves=4
num_cat=0
split_feature=11 9 1
split_gain=0.0782609 0.370357 0.000299118
threshold=10.656428879177696 29.532322137955944 0.95695970695970711
decision_type=2 2 2
left_child=1 -1 -2
right_child=2 -3 -4
leaf_value=-0.012009255335495801 -0.00024268822954638769 -0.00024268822954638769 -0.00018234172734574275
leaf_weight=1.9624527840060171 0.62524594692513247 4.8654676080914214 89.096343817771412
leaf_count=347 82 876 10245
internal_value=-0.000496489 -0.00337448 -0.000242688
internal_weight=96.5495 6.82792 89.7216
internal_count=11550 1223 10327
is_linear=0
shrinkage=0.03


Tree=381
num_leaves=5
num_cat=0
split_feature=11 9 9 1
split_gain=0.060175 0.0874867 0.00530485 0.00370155
threshold=6.9530240826714769 30.341388569236674 10.23024594453166 0.95695970695970711
decision_type=2 2 2 2
left_child=1 -1 -2 -4
right_child=2 -3 3 -5
leaf_value=-0.0080904567647724236 -0.00091949024982663846 -0.00033240359141642559 -0.00033240359141642559 -0.00010738846805875391
leaf_weight=1.2668079114519049 11.188213138433637 3.1478700541192666 0.49278742435853828 80.486882797908038
leaf_count=232 886 557 71 9804
internal_value=-0.000516764 -0.00359353 -0.000332404 -0.000241065
internal_weight=96.5826 4.41468 92.1679 80.9797
internal_count=11550 789 10761 9875
is_linear=0
shrinkage=0.03


Tree=382
num_leaves=5
num_cat=0
split_feature=11 9 9 1
split_gain=0.0530001 0.0795116 0.00510269 0.00366666
threshold=6.9530240826714769 30.341388569236674 10.23024594453166 0.95695970695970711
decision_type=2 2 2 2
left_child=1 -1 -2 -4
right_child=2 -3 3 -5
leaf_value=-0.0076394725140387339 -0.00084817139334479846 -0.00027369535757773794 -0.00027369535757773794 -5.170733164403664e-05
leaf_weight=1.2543153130682174 11.188090654439291 3.1483137179166079 0.49264636100269754 80.574573657358997
leaf_count=232 886 557 71 9804
internal_value=-0.000445923 -0.00333623 -0.000273695 -0.000185043
internal_weight=96.6579 4.40263 92.2553 81.0672
internal_count=11550 789 10761 9875
is_linear=0
shrinkage=0.03


Tree=383
num_leaves=4
num_cat=0
split_feature=11 1 11
split_gain=0.0382638 0.0176254 0.00109925
threshold=6.9530240826714769 0.95695970695970711 10.656428879177696
decision_type=2 2 2
left_child=-1 -2 -3
right_child=1 2 -4
leaf_value=-0.0029615521091731264 -0.0029615521091731264 -0.00084199644536113037 -0.00026542745511278485
leaf_weight=4.369997364585287 0.62807034910656412 2.3441509915282941 89.323398263892159
leaf_count=789 83 433 10245
internal_value=-0.000495405 -0.000348147 -0.000289099
internal_weight=96.6656 92.2956 91.6675
internal_count=11550 10761 10678
is_linear=0
shrinkage=0.03


Tree=384
num_leaves=5
num_cat=0
split_feature=11 9 9 1
split_gain=0.0294221 0.0784703 0.00336474 0.00324575
threshold=6.9530240826714769 30.341388569236674 10.23024594453166 0.95695970695970711
decision_type=2 2 2 2
left_child=1 -1 -2 -4
right_child=2 -3 3 -5
leaf_value=-0.0070446620223608737 -0.00084239229099366381 -0.00037081529257236529 -0.00037081529257236529 -0.00016334099500297464
leaf_weight=1.2231060352642078 11.186556198575998 3.1161482278257608 0.49292815057560702 80.642512780264951
leaf_count=232 886 557 71 9804
internal_value=-0.000500383 -0.00267131 -0.000370815 -0.000296332
internal_weight=96.6613 4.33925 92.322 81.1354
internal_count=11550 789 10761 9875
is_linear=0
shrinkage=0.03


Tree=385
num_leaves=2
num_cat=0
split_feature=1
split_gain=0.0656436
threshold=6.1518217916322193
decision_type=2
left_child=-1
right_child=-2
leaf_value=-0.0023486914682127181 0.00051530670349986588
leaf_weight=6.844282744685187 88.565011476806831
leaf_count=689 10744
internal_value=0.000287624
internal_weight=95.4093
internal_count=11433
is_linear=0
shrinkage=0.03


end of trees

feature_importances:
Column_1=462
Column_11=432
Column_10=321
Column_9=235
Column_4=213
Column_3=208
Column_5=147
Column_0=124

parameters:
[boosting: gbdt]
[objective: lambdarank]
[metric: ndcg]
[tree_learner: serial]
[device_type: cpu]
[data_sample_strategy: bagging]
[data: ]
[valid: ]
[num_iterations: 400]
[learning_rate: 0.03]
[num_leaves: 15]
[num_threads: 8]
[seed: 0]
[deterministic: 0]
[force_col_wise: 0]
[force_row_wise: 0]
[histogram_pool_size: -1]
[max_depth: -1]
[min_data_in_leaf: 50]
[min_sum_hessian_in_leaf: 0.001]
[bagging_fraction: 0.8]
[pos_bagging_fraction: 1]
[neg_bagging_fraction: 1]
[bagging_freq: 5]
[bagging_seed: 3]
[bagging_by_query: 0]
[feature_fraction: 0.9]
[feature_fraction_bynode: 1]
[feature_fraction_seed: 2]
[extra_trees: 0]
[extra_seed: 6]
[early_stopping_round: 0]
[early_stopping_min_delta: 0]
[first_metric_only: 0]
[max_delta_step: 0]
[lambda_l1: 0]
[lambda_l2: 1]
[linear_lambda: 0]
[min_gain_to_split: 0]
[drop_rate: 0.1]
[max_drop: 50]
[skip_drop: 0.5]
[xgboost_dart_mode: 0]
[uniform_drop: 0]
[drop_seed: 4]
[top_rate: 0.2]
[other_rate: 0.1]
[min_data_per_group: 100]
[max_cat_threshold: 32]
[cat_l2: 10]
[cat_smooth: 10]
[max_cat_to_onehot: 4]
[top_k: 20]
[monotone_constraints: 1,1,1,1,1,1,1,1,1,1,1,1]
[monotone_constraints_method: advanced]
[monotone_penalty: 0]
[feature_contri: ]
[forcedsplits_filename: ]
[refit_decay_rate: 0.9]
[cegb_tradeoff: 1]
[cegb_penalty_split: 0]
[cegb_penalty_feature_lazy: ]
[cegb_penalty_feature_coupled: ]
[path_smooth: 0]
[interaction_constraints: ]
[verbosity: -1]
[saved_feature_importance_type: 0]
[use_quantized_grad: 0]
[num_grad_quant_bins: 4]
[quant_train_renew_leaf: 0]
[stochastic_rounding: 1]
[linear_tree: 0]
[max_bin: 255]
[max_bin_by_feature: ]
[min_data_in_bin: 3]
[bin_construct_sample_cnt: 200000]
[data_random_seed: 1]
[is_enable_sparse: 1]
[enable_bundle: 1]
[use_missing: 1]
[zero_as_missing: 0]
[feature_pre_filter: 1]
[pre_partition: 0]
[two_round: 0]
[header: 0]
[label_column: ]
[weight_column: ]
[group_column: ]
[ignore_column: ]
[categorical_feature: ]
[forcedbins_filename: ]
[precise_float_parser: 0]
[parser_config_file: ]
[objective_seed: 5]
[num_class: 1]
[is_unbalance: 0]
[scale_pos_weight: 1]
[sigmoid: 1]
[boost_from_average: 1]
[reg_sqrt: 0]
[alpha: 0.9]
[fair_c: 1]
[poisson_max_delta_step: 0.7]
[tweedie_variance_power: 1.5]
[lambdarank_truncation_level: 30]
[lambdarank_norm: 1]
[label_gain: 0,1,3,7,15]
[lambdarank_position_bias_regularization: 0]
[eval_at: 10,25,50]
[multi_error_top_k: 1]
[auc_mu_weights: ]
[num_machines: 1]
[local_listen_port: 12400]
[time_out: 120]
[machine_list_filename: ]
[machines: ]
[gpu_platform_id: -1]
[gpu_device_id: -1]
[gpu_use_dp: 0]
[num_gpu: 1]

end of parameters

pandas_categorical:null
