tree
version=v4
num_class=1
num_tree_per_iteration=1
label_index=0
max_feature_idx=11
objective=lambdarank
feature_names=Column_0 Column_1 Column_2 Column_3 Column_4 Column_5 Column_6 Column_7 Column_8 Column_9 Column_10 Column_11
monotone_constraints=1 1 1 1 1 1 1 1 1 1 1 1
feature_infos=[0.2288329519450801:100] [0.2288329519450801:100] [0.23696682464454977:100] [0.2288329519450801:100] [0.2288329519450801:100] [0.2288329519450801:100] none [1.5384615384615385:100] [1.2987012987012987:100] [1.1904761904761905:100] [1.2658227848101267:100] [0.2288329519450801:100]
tree_sizes=1750 1529 1398 1523 1618 1740 1739 1620 1737 1513 1747 1736 1630 1728 1734 1301 1525 1522 1646 1636 1529 1318 1758 1765 1755 1762 1764 1753 1746 1751 1781 1753 1427 1758 1740 1758 1761 1334 1749 1758 1768 1652 1431 1638 1775 1660 1760 1329 1445 1558 1435 1103 1549 1320 1338 1232 1454 1024 1556 1453 1768 1773 1758 1440 1655 1455 1357 1353 1791 1352 1778 1552 1334 1673 1657 1443 1439 1442 1218 1333 1442 1220 1217 1103 1322 1012 1016 1012 908 907 1762 1341 1232 1122 1228 1772 1671 1449 1225 1776 1021 1552 1229 1452 905 1003 1009 1119 1453 1788 1124 1237 1226 1126 1571 911 913 1016 916 918 1241 1014 1234 1228 1226 1787 1342 1014 1338 1566 1233 1340 1459 1233 1022 1351 1561 1446 1678 1029 1459 1017 1238 1019 1237 1447 1341 1344 1793 1788 1026 1026 916 1794 1142 1123 1231 1122 1349 1347 1132 1131 1128 1131 1134 801 805 1353 1338 1450 1465 1799 1352 1577 1354 1132 912 1565 1353 1239 1125 1124 1025 1243 1356 801 801 801 801 1133 1570 1462 1129 1461 1128 1471 1576 1133 1230 1469 1243 915 910 1685 917 1036 1463 1135 1023 1247 1140 913 916 909 1030 1551 1674 1564 1348 1448 816 929 708 1134 818 1240 1237 1023 1239 1005 1138 1133 1140 1352 1025 1138 1248 812 815 932 917 1025 1260 1138 1251 1795 912 1016 1017 1023 1454 900 1341 1449 1344 586 587 369 369 368 1133 1348 1023 1581 1363 1031 1814 1816 919 1813 374 593 593 594 594 1023 810 912 914 912 922 591 921 802 701 1130 1009 1673 1022 1026 1252 922 924 811 816 1134 1335 808 1246 1244 820 708 1044 823 1043 484 811 703 817 819 911 799 1225 1123 1239 808 484 487 488 487 475 475 474 474 475 373 486 486 486 484 703 810 810 808 479 1246 913 807 1353 1238 912 920 1028 1134 1034 491 490 491 488 489 595 594 595 593 602 591 910 593 594 376 915 915 813 1249 1248 916 809 915 921 1029 807 811 590 590 705 704 590 703 704 702 918 1032 696 482 484 590 374 484 484 373 818 708 710 710 707 489 598 602 488

Tree=0
num_leaves=15
num_cat=0
split_feature=5 1 11 1 0 2 2 9 10 10 9 8 8 5
split_gain=1.68606 1.06708 1.19035 0.60805 0.538919 0.401176 0.338488 0.233844 0.165912 0.164993 0.121993 0.261536 0.0975505 0.091337
threshold=87.052727826882062 80.049290986791007 67.720701578969312 11.642890630232403 38.470674218892761 16.582703610411421 76.19586533747345 76.50689905591868 22.886904761904763 49.683544303797476 75.154320987654344 54.870335230866552 17.929582854955992 69.516802850648162
decision_type=2 2 2 2 2 2 2 2 2 2 2 2 2 2
left_child=1 2 8 7 -3 -4 -5 -2 10 -6 11 -1 13 -7
right_child=3 4 5 6 9 12 -8 -9 -10 -11 -12 -13 -14 -15
leaf_value=-0.016788549116250585 0.0022359417105645061 0.0022359417105645061 -0.0069204321328106156 0.010408761619781329 0.0022359417105645061 -0.0069204321328106156 0.020528099058140129 0.010408761619781329 -0.0069204321328106156 0.010408761619781329 -0.0069204321328106156 -0.0069204321328106156 0.0022359417105645061 0.0022359417105645061
leaf_weight=5.5534467041725275 3.4228136258898259 10.239634781260976 2.2094457423081648 5.0272966130869445 2.5036676278104997 1.5003536485601099 3.7439532860880718 1.131836326094344 34.095636198413558 4.650994663243182 2.2609018088551238 1.3188044885173438 13.318082046462221 0.3739383746869861
leaf_count=445 333 1391 234 704 294 237 358 110 4786 442 442 256 1655 72
internal_value=-0.000721669 -0.00243086 -0.00429879 0.008757 0.00395983 0.00223594 0.0131384 0.00223594 -0.00692043 0.0104088 -0.011332 -0.0136348 0.00223594 -0.00517384
internal_weight=91.3508 78.0249 60.6306 13.3259 17.3943 17.4018 8.77125 4.55465 43.2288 7.15466 9.13315 6.87225 15.1924 1.87429
internal_count=11759 10254 8127 1505 2127 2198 1062 443 5929 736 1143 701 1964 309
is_linear=0
shrinkage=0.03


Tree=1
num_leaves=13
num_cat=0
split_feature=5 8 8 1 11 2 5 11 2 1 11 1
split_gain=13.1916 7.37563 2.98207 2.07067 0.878406 0.742661 0.516539 0.467849 0.723206 1.05664 0.279282 0.182437
threshold=80.437440204103339 93.166251556662516 32.705840957072489 48.63162911021854 15.795680238331679 76.480071652485449 44.209418427033278 15.795680238331679 96.886832073399248 36.707371556217431 62.929014348547121 81.607706509439595
decision_type=2 2 2 2 2 2 2 2 2 2 2 2
left_child=6 2 3 -2 -5 -3 10 -4 9 -9 11 -1
right_child=1 5 7 4 -6 -7 -8 8 -10 -11 -12 -13
leaf_value=-0.016595470585968351 -0.0091405213602044153 0.0111536362126828 -0.00051370829211314442 -0.0091405213602044153 0.0075897871379490556 0.035144328946593521 -0.0091405213602044153 0.0033655709150740725 0.019866587589885156 0.0111536362126828 -0.0091405213602044153 -0.0091986227541160769
leaf_weight=19.351224639685828 12.071611841209235 2.7750918883830291 5.7012759493663898 1.9451812002807845 4.7328326622955501 7.6332736709155142 37.459820124553517 30.435402912087739 3.9569380660541347 21.113579895813018 10.514093781588597 9.1567068747244758
leaf_count=2920 337 89 171 69 137 83 4299 743 73 575 1297 966
internal_value=-3.50098e-05 0.00768726 0.00440768 -0.00583848 0.00758979 0.0302862 -0.00914052 0.00758979 0.0084165 0.00758979 -0.0128423 -0.0146119
internal_weight=166.847 90.3652 79.9568 18.7496 6.67801 10.4084 76.4818 61.2072 55.5059 51.549 39.022 28.5079
internal_count=11759 2277 2105 543 206 172 9482 1562 1391 1318 5183 3886
is_linear=0
shrinkage=0.03


Tree=2
num_leaves=12
num_cat=0
split_feature=5 7 2 1 1 2 1 11 1 11 3
split_gain=25.4799 4.46648 2.93804 3.56009 2.21773 1.29638 2.80235 1.06943 0.673925 0.439522 0.024876
threshold=80.813247565165739 60.749299719887958 76.19586533747345 36.707371556217431 8.0845216874628658 88.257422958915512 5.7074991516796754 90.2038593215064 80.437440204103339 17.111674080183821 34.300154232470405
decision_type=2 2 2 2 2 2 2 2 2 2 2
left_child=10 4 8 5 7 -4 -7 -2 -3 -6 -1
right_child=1 2 3 -5 9 6 -8 -9 -10 -11 -12
leaf_value=-0.016796338933897398 -0.013950074665175392 0.0051398453587209111 0.0051398453587209111 0.036895903236483091 -0.0083112259904497502 0.0051398453587209111 0.029050918456319869 0.0051398453587209111 0.017108410093104414 0.0051398453587209111 -0.013950074665175392
leaf_weight=25.785223025362939 5.2125100428238502 6.7826561126857978 4.578202704200522 10.476654863916336 2.9381010301876804 3.5456013795919699 7.5306023522280157 1.7042739731259642 3.4569281870499253 46.783043071394786 37.485817703651264
leaf_count=3982 274 253 62 65 210 64 87 76 71 1068 5547
internal_value=0.0006113 0.01056 0.0186371 0.0238312 0.00513985 0.0133973 0.0190265 -0.0108431 0.00513985 0.00513985 -0.0139501
internal_weight=156.28 93.0086 36.3706 26.1311 56.6379 15.6544 11.0762 6.91678 10.2396 49.7211 63.271
internal_count=11759 2230 602 278 1628 213 151 350 324 1278 9529
is_linear=0
shrinkage=0.03


Tree=3
num_leaves=13
num_cat=0
split_feature=3 8 4 10 9 2 11 4 9 10 0 3
split_gain=20.5515 7.16401 4.76097 3.70553 3.41673 2.33692 1.46286 0.720603 0.44906 0.134172 0.0975004 0.105008
threshold=72.22875816993465 64.459064327485393 92.891576061704328 70.859704641350234 51.266025641025642 88.476257624450724 22.37299547068185 62.867086509777927 51.266025641025642 99.367088607594951 91.823751775928557 66.355124880578686
decision_type=2 2 2 2 2 2 2 2 2 2 2 2
left_child=2 7 10 4 -3 8 -6 -2 -5 -9 11 -1
right_child=1 3 -4 5 6 -7 -8 9 -10 -11 -12 -13
leaf_value=-0.017656513303461172 -0.0066112898053843567 0.00040601603825537666 0.00040601603825537666 0.0071315994629501918 0.00040601603825537666 0.037771874884477544 0.018519713439454612 0.00040601603825537666 0.021265027807378642 0.0071315994629501918 -0.0066112898053843567 -0.0088825072966414748
leaf_weight=46.497015608940274 12.173707786481826 12.437648638617249 5.3173601946327826 6.0783247067593056 2.7035680101253066 9.4656686242669803 13.148528855293987 30.799040424171835 4.0515544151421636 1.6100037479773153 0.32818449102342029 4.5128558091819277
leaf_count=7574 963 430 248 140 82 54 269 1232 57 40 31 639
internal_value=0.00042617 0.00911232 -0.0136628 0.017044 0.00955945 0.0268606 0.0185197 0.000406016 0.0185197 0.000406016 -0.0169119 -0.017066
internal_weight=149.123 92.468 56.6554 47.8853 28.2897 19.5955 15.8521 44.5828 10.1299 32.409 51.3381 51.0099
internal_count=11759 3267 8492 1032 781 251 351 2235 197 1272 8244 8213
is_linear=0
shrinkage=0.03


Tree=4
num_leaves=14
num_cat=0
split_feature=5 8 1 1 2 10 2 5 10 3 5 1 3
split_gain=26.1989 4.15096 3.56141 1.36919 1.976 2.37992 1.21582 0.790452 0.750457 0.451098 0.18616 0.0985258 0.054282
threshold=80.813247565165739 64.747307373653697 36.273275053094288 5.7074991516796754 78.987668298832219 66.877637130801702 36.362768145753755 85.508967606458057 70.859704641350234 90.174156295063113 53.799438863245548 36.707371556217431 91.336738645374268
decision_type=2 2 2 2 2 2 2 2 2 2 2 2 2
left_child=10 7 3 -3 -5 -6 -4 9 -8 -2 -1 -9 -12
right_child=1 2 6 4 5 -7 8 11 -10 -11 12 -13 -14
leaf_value=-0.016737734219923507 -0.012383460933748933 0.0024063533067378638 0.0087647868344760006 0.0024063533067378638 0.0034691714701397141 0.023449776835725467 0.023449776835725467 0.0024063533067378638 0.036735362656175753 0.0024063533067378638 -0.012383460933748933 0.0062362455969779398 0.0010772401227534948
leaf_weight=36.490253306226805 4.1613021753728381 6.4181220200844136 5.553025136701776 6.2841645330190685 7.2092703413218286 8.9988630260340852 14.683113800361754 12.84004549589009 7.2505550859495989 0.95049234060570587 19.277889996534217 15.046831575920804 0.3036111555993547
leaf_count=6328 351 117 81 153 99 54 168 648 52 58 3157 449 44
internal_value=0.000923258 0.0109645 0.0158429 0.00806834 0.0120768 0.0176166 0.0234498 0.00240635 0.0266233 -0.0084263 -0.0149973 0.00240635 -0.0123835
internal_weight=145.468 89.3958 56.3971 28.9104 22.4923 16.2081 27.4867 32.9987 21.9337 5.11179 56.0718 27.8869 19.5815
internal_count=11759 2230 724 423 306 153 301 1506 220 409 9529 1097 3201
is_linear=0
shrinkage=0.03


Tree=5
num_leaves=15
num_cat=0
split_feature=5 8 10 11 9 9 11 1 8 5 3 1 9 9
split_gain=21.2036 5.23684 2.22546 1.98705 1.44586 1.15923 0.503083 0.416842 0.344418 0.274709 0.214726 0.150336 0.11991 0.0844776
threshold=80.813247565165739 64.747307373653697 70.859704641350234 23.354318328133516 44.023809523809526 76.50689905591868 80.324117492591071 37.067807416009209 46.563533301842234 53.799438863245548 87.052727826882062 90.174156295063113 69.689849624060159 97.35087719298248
decision_type=2 2 2 2 2 2 2 2 2 2 2 2 2 2
left_child=9 6 3 -3 -5 -4 8 -6 -2 11 12 13 -10 -1
right_child=1 2 5 4 7 -7 -8 -9 10 -11 -12 -13 -14 -15
leaf_value=-0.018374244989771311 -0.0091077753718139254 -0.0011731018003800745 0.016127980610773595 0.00082695064541512165 0.0076983934727999437 0.030737455107095062 0.00082695064541512165 0.016127980610773595 -0.0091077753718139254 -0.010731877074753354 -0.0011731018003800745 -0.010731877074753354 -0.0011731018003800745 -0.010731877074753354
leaf_weight=29.133092571748428 7.6461998906452271 4.9059075377881518 15.85207529878244 7.6719003715552416 7.9401676305569735 8.0038494346663338 11.908693418372421 12.363743558060376 1.7029243195429429 18.550239863106981 7.8593518929556012 4.3970848589669904 1.0693450774997471 1.2208279971964646
leaf_count=5324 552 111 149 188 139 44 473 104 138 3185 305 760 56 215
internal_value=-0.000189151 0.00891526 0.01421 0.00872454 0.0121053 0.0211156 -0.0011731 0.016128 -0.00464969 -0.0149275 -0.0011731 -0.0168042 -0.00836811 -0.0178053
internal_weight=140.225 86.9242 56.7376 32.8817 27.9758 23.8559 30.1865 20.3039 18.2778 53.3012 10.6316 34.751 2.77227 30.3539
internal_count=11743 2259 735 542 431 193 1524 243 1051 9484 499 6299 194 5539
is_linear=0
shrinkage=0.03


Tree=6
num_leaves=15
num_cat=0
split_feature=5 8 10 2 9 9 7 1 7 4 5 5 1 9
split_gain=19.0477 4.04483 2.10595 1.18115 0.844339 0.59822 0.516846 0.513837 0.414952 0.379579 0.224917 0.134922 0.0802726 0.0381016
threshold=80.813247565165739 64.747307373653697 70.859704641350234 78.987668298832219 44.023809523809526 41.719409282700433 49.61538461538462 37.067807416009209 74.239631336405537 98.282206002794254 53.799438863245548 93.654665118079762 87.852622061482847 97.35087719298248
decision_type=2 2 2 2 2 2 2 2 2 2 2 2 2 2
left_child=10 6 4 5 -3 -4 9 8 11 12 13 -6 -2 -1
right_child=1 2 3 -5 7 -7 -8 -9 -10 -11 -12 -13 -14 -15
leaf_value=-0.016534832549945304 -0.010835292489498086 -0.00054161237166611522 0.0026829818699025407 0.024893930988623598 -0.00054161237166611522 0.016431871424458858 -0.00054161237166611522 0.013516408771001749 0.0098974534035032088 -0.00054161237166611522 -0.010835292489498086 0.0060362518308460103 -0.00054161237166611522 -0.010835292489498086
leaf_weight=32.613715652609244 6.019191723782586 8.6746977772563678 5.5320570273324865 14.494487935677169 2.4724609237164277 6.0959797017276287 19.699268610216677 15.11865467019379 4.2647588173858821 0.81534865871071804 18.220325225964189 2.2061756202019751 0.66263335570693005 1.3922479401808221
leaf_count=6052 470 226 62 83 62 48 977 146 61 41 3185 47 36 247
internal_value=-0.000112535 0.0085321 0.0128915 0.0191665 0.00746463 0.0106213 -0.00102526 0.0102574 0.00394293 -0.00799505 -0.0142494 -0.000541612 -0.0108353 -0.0160179
internal_weight=138.282 86.0557 58.8593 26.1225 32.7367 11.628 27.1964 24.0621 8.9434 7.49717 52.2263 4.67864 6.68183 34.006
internal_count=11743 2259 735 193 542 110 1524 316 170 547 9484 109 506 6299
is_linear=0
shrinkage=0.03


Tree=7
num_leaves=14
num_cat=0
split_feature=5 7 7 2 9 9 11 1 2 11 11 3 7
split_gain=17.5296 2.3599 1.57476 1.37045 1.68242 1.01427 0.644847 0.602887 1.49114 0.331818 0.314081 0.157319 0.00242287
threshold=83.136782613049135 14.400921658986176 73.385416666666671 72.391789957590092 76.50689905591868 5.9882386689615617 78.387801348731827 11.642890630232403 94.249411686901723 84.340391870512363 92.928061098792824 34.300154232470405 92.919799498746883
decision_type=2 2 2 2 2 2 2 2 2 2 2 2 2
left_child=11 -2 5 9 6 -3 -5 8 10 -4 -7 -1 -13
right_child=1 2 3 4 -6 7 -8 -9 -10 -11 -12 12 -14
leaf_value=-0.016277924838697316 -0.012602033927267732 -0.011264142635427618 0.006922971335057323 0.006922971335057323 0.030120777128289911 -0.011264142635427618 0.019214183108955916 0.006922971335057323 0.006922971335057323 0.015366519885918584 0.0041106220095362064 -0.012602033927267732 -0.0016683917551124632
leaf_weight=21.231665887404233 2.5158200727310023 1.9212562339380372 7.6274386500008404 4.4012344055809107 8.3098927619867009 3.4466717145405701 3.558077824767679 38.757110748207197 3.6198312151245773 3.8610896915197372 0.77753176307305683 33.476985019166023 2.3666789417620739
leaf_count=3987 208 67 147 74 70 226 42 947 106 49 40 5416 364
internal_value=-6.34377e-05 0.00906292 0.0100737 0.0157227 0.021176 0.00658987 0.00951763 0.00692297 -0.00137569 0.00692297 -0.0112641 -0.012602 -0.012602
internal_weight=135.871 78.796 76.2801 27.7577 16.2692 48.5224 7.95931 46.6011 7.84403 11.4885 4.2242 57.0753 35.8437
internal_count=11743 1976 1768 382 186 1386 116 1319 372 196 266 9767 5780
is_linear=0
shrinkage=0.03


Tree=8
num_leaves=15
num_cat=0
split_feature=0 8 10 4 9 2 11 8 1 8 3 3 10 9
split_gain=12.5888 5.59421 1.95655 1.82014 1.61557 1.59202 0.737659 0.510405 0.314013 0.264527 0.254541 0.366832 0.145922 0.131654
threshold=64.527657021171478 64.747307373653697 62.988330796549981 79.631748453258766 58.411949685534601 82.846689400397864 17.111674080183821 95.932156646442365 94.831912126029792 89.323708206686945 82.802607802607824 78.493555921793686 99.367088607594951 97.35087719298248
decision_type=2 2 2 2 2 2 2 2 2 2 2 2 2 2
left_child=3 12 4 8 -3 7 -6 -4 13 -7 11 -8 -2 -1
right_child=1 2 5 -5 6 9 10 -9 -10 -11 -12 -13 -14 -15
leaf_value=-0.016151004571645814 -0.0031747929746782926 -0.0031747929746782926 0.010924142088157559 -0.0031747929746782926 -0.0031747929746782926 0.01424115335324007 -0.0031747929746782926 0.020780168135170207 -0.0042197303805656733 0.027964530650558806 0.010924142088157559 0.010400962407031211 0.0046230304904286909 -0.0042197303805656733
leaf_weight=36.226504947990179 31.721711981343105 8.029440621845426 13.874689134303482 3.5070945995394132 1.7018800303339929 5.8470832286402556 1.3920016358606493 5.1280546276830128 3.1686478208284816 9.3207123239990306 10.041910696076227 0.96914940327405918 1.3255732432007779 1.4496312311384816
leaf_count=6534 2781 437 312 264 61 102 122 58 498 86 125 19 78 266
internal_value=9.62851e-05 0.00656918 0.0122439 -0.0128015 0.00498004 0.0166737 0.0109241 0.0109241 -0.0149997 0.0238823 0.0109241 -0.000576673 -0.00317479 -0.0157738
internal_weight=133.704 89.3522 56.3049 44.3519 22.1344 34.1705 14.1049 19.0027 40.8448 15.1678 12.4031 2.36115 33.0473 37.6761
internal_count=11743 4181 1322 7562 764 558 327 370 7298 188 266 141 2859 6800
is_linear=0
shrinkage=0.03


Tree=9
num_leaves=13
num_cat=0
split_feature=5 8 10 2 9 1 8 11 11 1 2 1
split_gain=17.6934 3.83541 1.51058 1.37353 1.23805 1.04888 0.568574 0.353356 0.351995 0.33214 0.104602 0.0143186
threshold=80.813247565165739 64.747307373653697 62.988330796549981 82.325611376663574 58.411949685534601 11.642890630232403 34.654631083202517 30.97898875714198 86.790008798514052 42.242598561190221 94.346440044135974 87.052727826882062
decision_type=2 2 2 2 2 2 2 2 2 2 2 2
left_child=-1 6 4 9 -3 -5 8 -6 10 -4 11 -2
right_child=1 2 3 5 7 -7 -8 -9 -10 -11 -12 -13
leaf_value=-0.013736834973804615 -0.013736834973804615 -0.0009960162325957189 0.01016709245107522 0.011051098095321963 0.00048763820214649278 0.028501514891459408 -0.0009960162325957189 0.01016709245107522 -0.0009960162325957189 0.015918471240721817 -0.0009960162325957189 -0.0026614049846102887
leaf_weight=49.729342842940241 3.5217495658435025 6.6391040473245111 7.9270686702802804 6.8505141460336771 3.653453568927941 10.70690695568919 18.538506065029651 10.148414687719194 1.7649423261173067 11.161898787599055 0.72672864561900485 0.6606452609412371
leaf_count=9484 376 189 108 64 74 61 926 132 124 107 51 47
internal_value=0.000232448 0.0087369 0.0129786 0.016593 0.00602694 0.0226552 -0.000996016 0.0101671 -0.00916979 0.0101671 -0.0128512 -0.0137368
internal_weight=132.029 82.2999 57.0874 36.6464 20.441 17.5574 25.2126 13.8019 6.67407 19.089 4.90912 4.18239
internal_count=11743 2259 735 340 395 125 1524 206 598 215 474 423
is_linear=0
shrinkage=0.03


Tree=10
num_leaves=15
num_cat=0
split_feature=5 8 1 2 8 1 8 2 5 1 8 11 10 1
split_gain=19.0395 3.61513 1.77907 1.47012 1.39827 0.77984 0.632495 0.541894 0.48958 0.387865 0.37565 0.287082 0.0925742 0.0325217
threshold=83.136782613049135 64.031250000000014 36.707371556217431 78.820172643531677 76.516544117647072 7.7111430797818148 34.654631083202517 78.820172643531677 54.591273916847356 76.942090825967696 88.964992389649936 95.036022716605672 86.132478632478652 37.067807416009209
decision_type=2 2 2 2 2 2 2 2 2 2 2 2 2 2
left_child=8 6 3 -3 -5 -6 11 -4 -1 13 -10 12 -2 -8
right_child=1 2 7 4 5 -7 9 -9 10 -11 -12 -13 -14 -15
leaf_value=-0.015348917731618304 -0.010162864961987277 -0.00014033502033287243 0.015070241089229528 -0.00014033502033287243 0.0056563870235767028 0.019613663020390467 -0.00014033502033287243 0.026509113744829362 -0.010162864961987277 0.011652875724464351 -0.00014033502033287243 -0.00014033502033287243 -0.00014033502033287243 0.0023913769398961763
leaf_weight=32.481258217711002 4.286165447905673 7.9276802614331272 18.388384957797836 5.3670532312244204 5.1497158911079159 10.083742028567938 7.3844926641322672 8.9305981788784248 17.968127020634718 3.143135687801986 3.1578215558547518 0.70627222396433342 0.84301406843587745 5.6816457803361118
leaf_count=6388 421 163 223 100 65 87 462 62 3035 107 341 52 60 196
internal_value=0.00074557 0.010166 0.0141651 0.00845994 0.0126019 0.0169935 -0.000140335 0.0196137 -0.0128779 -0.000140335 -0.00926619 -0.00926619 -0.0101629 -0.000140335
internal_weight=131.499 77.8919 55.8472 28.5282 20.6005 15.2335 22.0447 27.319 53.6072 16.2093 21.1259 5.83545 5.12918 13.0661
internal_count=11762 1998 700 415 252 152 1298 285 9764 765 3376 533 481 658
is_linear=0
shrinkage=0.03


Tree=11
num_leaves=15
num_cat=0
split_feature=5 8 1 10 0 9 3 2 10 1 8 4 1 8
split_gain=17.4078 2.87335 1.48963 1.34505 0.890015 0.81221 0.659385 0.486256 0.328714 0.291795 0.159772 0.434351 0.265756 0.31879
threshold=83.136782613049135 64.031250000000014 36.707371556217431 77.58148035333538 96.773889174815579 51.875293014533526 80.437440204103339 72.391789957590092 99.367088607594951 76.942090825967696 89.323708206686945 91.336738645374268 37.067807416009209 44.519519519519527
decision_type=2 2 2 2 2 2 2 2 2 2 2 2 2 2
left_child=6 8 3 4 -3 -4 -1 -7 9 11 -8 -2 13 -13
right_child=1 2 5 -5 -6 7 10 -9 -10 -11 -12 12 -14 -15
leaf_value=-0.013519978725296056 -0.0055011259613398167 0.00028740400693914891 0.015008571452669799 0.015008571452669799 0.012192202499735554 0.015524398792593526 -0.0055011259613398167 0.0303790790523197 0.010525606704399134 0.0049804062773108337 0.00028740400693914891 -0.0055011259613398167 0.0049804062773108337 0.00028740400693914891
leaf_weight=47.287346909521148 7.4320388694759654 10.737325707450511 12.891558825504037 12.013863349333404 4.930093965958803 8.6033408269286102 4.1881305631250134 7.0145121584646413 1.5093083106912661 4.9870990528725079 1.0458622027654199 1.6691725156269965 2.2382177878171206 3.1875993399880826
leaf_count=9089 592 229 160 105 81 83 615 42 48 196 60 170 97 195
internal_value=0.000769579 0.00978506 0.0132714 0.00786984 0.00182377 0.0180716 -0.0124197 0.0236228 0.000287404 -0.000978953 -0.00190489 -0.00190489 0.000287404 -0.0022254
internal_weight=129.735 77.2141 56.1907 27.6813 15.6674 28.5094 52.5213 15.6179 21.0234 19.5141 5.23399 14.527 7.09499 4.85677
internal_count=11762 1998 700 415 310 285 9764 125 1298 1250 675 1054 462 365
is_linear=0
shrinkage=0.03


Tree=12
num_leaves=14
num_cat=0
split_feature=5 8 1 10 2 0 8 1 1 10 7 5 1
split_gain=16.3882 2.40315 1.15407 1.64429 0.664539 0.583352 0.39917 0.474503 0.313283 0.176739 0.0970471 0.165675 0.0585892
threshold=80.813247565165739 64.459064327485393 36.273275053094288 77.58148035333538 82.325611376663574 96.773889174815579 40.129870129870135 33.093512767425814 81.218221706026597 99.367088607594951 69.504830917874401 91.716991245309998 9.6658235347734962
decision_type=2 2 2 2 2 2 2 2 2 2 2 2 2
left_child=-1 6 3 5 -4 -3 7 -2 9 12 11 -9 -8
right_child=1 2 4 -5 -6 -7 8 10 -10 -11 -12 -13 -14
leaf_value=-0.012851401301828725 -0.012851401301828725 0.0007657561681790818 0.015310297013435035 0.015310297013435035 0.025074108867430351 0.010124992039919142 -0.0040653396703416618 -0.0096297182017496333 0.010892963440889603 0.0089902517471930014 0.0007657561681790818 0.0007657561681790818 0.0007657561681790818
leaf_weight=47.886778746731579 2.8968346493784365 10.593260815832762 21.570694029796872 12.218471408821641 8.1614185464568418 5.002362748607994 1.9175559571012755 1.2062801565043635 3.3273093844763943 1.4199560089036829 1.3178659728728233 1.3014217703603206 9.0691471425816399
leaf_count=9483 371 256 253 100 61 81 196 167 104 41 70 103 476
internal_value=0.000872515 0.00914442 0.0123451 0.0075239 0.0164637 0.000868647 0.000765756 -0.00606043 0.000765756 0.000765756 0.000765756 -0.00426374 0.000765756
internal_weight=127.889 80.0026 57.5462 27.8141 29.7321 15.5956 22.4564 6.7224 15.734 12.4067 3.82557 2.5077 10.9867
internal_count=11762 2279 751 437 314 337 1528 711 817 713 340 270 672
is_linear=0
shrinkage=0.03


Tree=13
num_leaves=15
num_cat=0
split_feature=5 8 1 9 2 2 3 1 7 8 10 8 10 1
split_gain=14.1593 1.79376 1.07442 1.37825 0.786752 0.538429 0.500402 0.386618 0.235167 0.232187 0.214307 0.152938 0.218365 0.142091
threshold=83.136782613049135 64.459064327485393 36.273275053094288 51.875293014533526 76.480071652485449 72.391789957590092 76.546004249060317 37.067807416009209 89.897959183673478 76.516544117647072 65.247584541062821 88.964992389649936 99.367088607594951 93.270346243084077
decision_type=2 2 2 2 2 2 2 2 2 2 2 2 2 2
left_child=6 7 4 10 -3 -5 -1 8 12 -6 -4 13 -2 -8
right_child=1 2 3 5 9 -7 11 -9 -10 -11 -12 -13 -14 -15
leaf_value=-0.012415208575658613 -0.00537346610380985 0.0013522989562093852 0.0079196235088124477 0.013744990076741624 0.0013522989562093852 0.028557188984641168 -0.00735850330958233 0.0046611700602974052 0.0013522989562093852 0.0079196235088124477 0.013462165749376569 0.0013522989562093852 0.0013522989562093852 0.0013522989562093852
leaf_weight=43.881231663748622 5.9795699126552879 6.6327520706690875 5.8280626898631471 8.1448596417903847 4.6452479260042336 7.0342951752245435 4.7795590730383983 11.88420988130383 1.3426349451765416 15.161818579770623 7.3202561102807522 1.210981636540964 0.93620653357356776 1.0475587390828875
leaf_count=8739 657 153 88 79 94 40 793 556 75 155 72 96 29 136
internal_value=0.000846368 0.00909737 0.0118706 0.0159298 0.00709942 0.02195 -0.0112335 0.0013523 -0.00323784 0.00791962 0.00791962 -0.00323784 -0.00323784 -0.00537347
internal_weight=125.829 74.9099 54.7673 28.3275 26.4398 15.1792 50.9193 20.1426 8.25841 19.8071 13.1483 7.0381 6.91578 5.82712
internal_count=11762 1998 681 279 402 119 9764 1317 761 249 160 1025 686 929
is_linear=0
shrinkage=0.03


Tree=14
num_leaves=15
num_cat=0
split_feature=5 8 1 9 2 8 8 1 1 2 11 2 1 11
split_gain=13.137 1.9764 0.821068 1.58896 1.15421 0.961624 0.293409 0.31373 0.215812 0.139309 0.121962 0.0778142 0.074872 0.0497617
threshold=80.813247565165739 64.459064327485393 45.411196362603015 51.875293014533526 72.391789957590092 76.028169014084526 34.654631083202517 76.942090825967696 29.929567762095555 84.56764673304373 56.250325191501666 71.268853006888278 5.7074991516796754 86.790008798514052
decision_type=2 2 2 2 2 2 2 2 2 2 2 2 2 2
left_child=-1 6 5 10 -5 -3 8 12 -2 13 -4 -7 -8 -10
right_child=1 2 3 4 -6 11 7 -9 9 -11 -12 -13 -14 -15
leaf_value=-0.011386597582616014 -0.011386597582616014 0.00073575055314716747 0.007737034318290723 0.011996721935923542 0.031054851553769653 0.00073575055314716747 -0.004970672519716994 0.007737034318290723 -0.0077508284076619072 4.233222516261101e-05 0.011996721935923542 0.007737034318290723 0.00073575055314716747 4.233222516261101e-05
leaf_weight=46.593102618819103 1.8030030247755373 7.882355355191982 4.7140937484800833 8.1698290891945344 6.3876950098201624 4.671290740836425 1.2702238424681098 4.9566750596277407 1.8146888688206679 0.79645925620570768 6.4760232768021524 18.385609965305775 10.207674282602964 0.52673498354852188
leaf_count=9483 286 169 70 87 35 97 158 141 235 49 75 218 619 40
internal_value=0.00107539 0.00856351 0.0114513 0.0154583 0.0218178 0.00773703 0.000735751 0.000735751 -0.0059381 -0.000391397 0.00773703 0.00773703 4.23322e-05 -0.00610224
internal_weight=124.655 78.0624 56.6869 25.7476 14.5575 30.9393 21.3755 16.4346 4.94089 3.13788 11.1901 23.0569 11.4779 2.34142
internal_count=11762 2279 751 267 122 484 1528 918 610 324 145 315 777 275
is_linear=0
shrinkage=0.03


Tree=15
num_leaves=11
num_cat=0
split_feature=5 8 10 1 2 2 5 2 7 1
split_gain=8.45846 2.1696 2.08014 1.17486 1.21354 0.64681 0.463412 0.809305 0.401631 0.0265167
threshold=80.813247565165739 66.450216450216459 62.988330796549981 20.386133656275838 94.346440044135974 82.325611376663574 90.174156295063113 81.60943506694359 88.284313725490208 37.067807416009209
decision_type=2 2 2 2 2 2 2 2 2 2
left_child=-1 6 9 4 -4 -5 7 8 -2 -3
right_child=1 2 3 5 -6 -7 -8 -9 -10 -11
leaf_value=-0.010218699921766409 -0.010218699921766409 0.0013740402906261325 0.0013740402906261325 0.012355882717449853 0.01681360232979261 0.025048858543503017 0.0013740402906261325 0.0013740402906261325 0.0013740402906261325 0.002859241260656873
leaf_weight=46.019448195351288 5.7679417487233895 7.52532830834389 5.7380552012473363 13.453706253785642 4.1665773335844278 7.9701795466244212 15.343676504446192 2.8874198622070253 0.88366577588021744 10.67501845397055
leaf_count=9471 492 199 90 150 35 47 792 242 58 143
internal_value=-0.000234355 0.00599404 0.00956628 0.0141359 0.00492544 0.0179844 -0.00121137 -0.00612057 -0.0102187 0.00137404
internal_weight=120.431 74.4116 49.5289 31.3285 9.90463 21.4239 24.8827 9.53903 6.65161 18.2003
internal_count=11719 2248 664 322 125 197 1584 792 550 342
is_linear=0
shrinkage=0.03


Tree=16
num_leaves=13
num_cat=0
split_feature=5 8 10 4 1 9 8 5 2 7 2 10
split_gain=7.66771 1.8974 2.0334 1.02437 0.989641 0.57186 0.38708 0.220261 0.550047 0.319449 0.0533137 0.0172775
threshold=80.813247565165739 66.450216450216459 62.988330796549981 73.413199426111916 18.781778293973421 59.234892787524366 93.166251556662516 90.174156295063113 81.60943506694359 88.284313725490208 97.681696817477302 95.275297619047635
decision_type=2 2 2 2 2 2 2 2 2 2 2 2
left_child=10 7 5 -4 -5 -3 -6 8 9 -2 -1 -9
right_child=1 2 3 4 6 -7 -8 11 -10 -11 -12 -13
leaf_value=-0.0097846211588774878 -0.0096916334984072962 -0.0010003769800329861 0.0038724159512553641 0.0072223385246877663 0.013231842077375551 0.0038724159512553641 0.02668405532811733 -0.0010003769800329861 -0.0010003769800329861 -0.0010003769800329861 -0.0010003769800329861 0.0038724159512553641
leaf_weight=45.235884202178568 5.1610757452435845 7.4793621823191669 8.2418776969425398 8.4143153904005903 7.533390437718479 10.324632585048674 7.5125665366649628 13.240022033685813 2.9190042759291828 0.88209747755900014 0.34619068657047947 2.3428859347477564
leaf_count=9400 492 190 94 98 83 152 47 706 242 58 71 86
internal_value=-0.000131836 0.0058034 0.00912973 0.0135723 0.0166824 0.000918067 0.021193 -0.00100038 -0.00547243 -0.00969163 -0.00969163 -0.00100038
internal_weight=119.633 74.0512 49.5061 31.7022 23.4603 17.804 15.046 24.5451 8.96218 6.04317 45.5821 15.5829
internal_count=11719 2248 664 322 228 342 130 1584 792 550 9471 792
is_linear=0
shrinkage=0.03


Tree=17
num_leaves=13
num_cat=0
split_feature=5 8 4 7 1 8 2 5 7 11 4 3
split_gain=7.32722 1.53087 1.28773 1.0518 1.14617 0.727596 0.645388 0.415825 0.423909 0.176525 0.0871108 0.00382391
threshold=80.813247565165739 64.747307373653697 75.364086249558156 33.072916666666671 18.781778293973421 93.166251556662516 94.346440044135974 90.583972719522606 86.055555555555571 89.294598436389506 90.583972719522606 30.713408213408218
decision_type=2 2 2 2 2 2 2 2 2 2 2 2
left_child=11 7 -3 -4 6 -6 -5 8 9 -2 -11 -1
right_child=1 2 3 4 5 -7 -8 -9 -10 10 -12 -13
leaf_value=-0.011592634297805368 -0.0093498090650129782 0.0011867177135843324 0.0011867177135843324 0.0011867177135843324 0.011266355798318407 0.023951520383102713 0.011266355798318407 0.0011867177135843324 0.0011867177135843324 -0.0060917087521168822 0.0011867177135843324 -0.0093498090650129782
leaf_weight=17.062755354680121 4.9002498048357692 15.737263623159377 4.343188621569424 6.7615615716204029 13.312973536551 8.8029061742126924 4.1543844239786267 12.776135436026378 1.7365029798820613 0.51642434671521165 0.53329344978556037 28.187789949355647
leaf_count=3575 606 236 81 127 169 58 46 728 96 61 40 5896
internal_value=3.14587e-05 0.0058492 0.00849358 0.0114591 0.0133047 0.0171332 0.00476127 -0.00109043 -0.00630045 -0.00934981 0.00118672 -0.00934981
internal_weight=118.825 73.5749 53.1123 37.375 33.0318 22.1159 10.9159 20.4626 7.68647 5.94997 1.04972 45.2505
internal_count=11719 2248 717 481 400 227 173 1531 803 707 101 9471
is_linear=0
shrinkage=0.03


Tree=18
num_leaves=14
num_cat=0
split_feature=5 10 8 1 2 11 4 4 5 11 2 5 1
split_gain=6.95845 2.01429 1.73447 0.977151 1.29471 0.505099 0.454356 0.276831 0.198903 0.138325 0.111167 0.0977281 0.0886598
threshold=80.813247565165739 61.80340557275543 68.903903903903924 18.781778293973421 82.325611376663574 23.354318328133516 71.461990544149202 97.882975412387196 85.098581973581986 22.37299547068185 94.137682673381661 37.470995181566131 74.59388881410689
decision_type=2 2 2 2 2 2 2 2 2 2 2 2 2
left_child=11 5 7 10 6 -2 -5 9 12 -3 -4 -1 -7
right_child=1 2 3 4 -6 8 -8 -9 -10 -11 -12 -13 -14
leaf_value=-0.011157394289414254 -0.0080150150809428864 -0.0080150150809428864 0.0045220805351068299 0.0045220805351068299 0.025708348084415543 -0.0080150150809428864 0.014100944156249049 0.0045220805351068299 -5.4089687319961115e-05 -5.4089687319961115e-05 0.0093466394828829024 -0.0080150150809428864 -5.4089687319961115e-05
leaf_weight=20.548268767306581 6.1729042183142289 1.3806482832878728 4.8098974064923841 5.2322987616062173 8.4588704109191877 2.3794266413897391 8.0144230723381025 1.5024598333984602 22.107353747123852 8.0259980603586865 4.1769083477556705 24.358414359623566 0.79922165442258108
leaf_count=4354 337 103 71 61 47 190 81 61 781 429 37 5117 50
internal_value=1.33286e-05 0.00570164 0.0099532 0.0135059 0.0168625 -5.40897e-05 0.00980586 -5.40897e-05 -5.40897e-05 -5.40897e-05 0.00452208 -0.0091638 -0.00801502
internal_weight=117.967 73.0604 41.6015 30.6924 21.7056 31.4589 13.2467 10.9091 25.286 9.40665 8.98681 44.9067 3.17865
internal_count=11719 2248 890 297 189 1358 142 593 1021 532 108 9471 240
is_linear=0
shrinkage=0.03


Tree=19
num_leaves=14
num_cat=0
split_feature=5 10 8 4 1 11 5 11 4 3 5 8 1
split_gain=6.02243 1.55346 1.4073 1.2343 1.21912 0.503235 0.331463 0.187997 0.226639 0.117283 0.109239 0.0278561 0.0242686
threshold=80.813247565165739 61.80340557275543 70.064935064935085 70.654748674308593 18.781778293973421 23.354318328133516 85.098581973581986 23.354318328133516 95.597438463584893 76.546004249060317 37.470995181566131 64.747307373653697 55.802591128678095
decision_type=2 2 2 2 2 2 2 2 2 2 2 2 2
left_child=10 5 7 -4 -5 -2 9 -3 -9 -7 -1 12 -11
right_child=1 2 3 4 -6 6 -8 8 -10 11 -12 -13 -14
leaf_value=-0.010518126795166083 -0.0073873696969258022 -0.0063180646374959414 0.0010784340695648026 0.005481756968100401 0.02110283105755735 -0.0073873696969258022 0.0010784340695648026 0.0010784340695648026 0.005481756968100401 -0.0052743235994968862 -0.0073873696969258022 0.0010784340695648026 0.0009946122798933435
leaf_weight=20.3987848139368 5.6600499064661696 2.1139741959050236 6.389428858645263 7.6872324352152672 14.062215760350226 0.82894906378351541 22.252767284400761 9.1817912366241199 2.5060898123774669 0.35870419535785947 24.220728159416467 1.3230409584939478 0.49292026646435261
leaf_count=4354 337 131 69 86 104 73 781 406 94 62 5117 42 63
internal_value=6.69387e-05 0.0053599 0.00905174 0.0127913 0.0160653 0.000224925 0.00107843 0.00107843 0.00107843 -0.00738737 -0.00850374 -0.000250443 -0.00306832
internal_weight=117.477 72.8572 41.9407 28.1389 21.7494 30.9164 25.2564 13.8019 11.6879 3.00361 44.6195 2.17467 0.851624
internal_count=11719 2248 890 259 190 1358 1021 631 500 240 9471 167 125
is_linear=0
shrinkage=0.03


Tree=20
num_leaves=13
num_cat=0
split_feature=5 8 10 2 7 1 10 8 1 8 8 5
split_gain=6.92244 1.9928 1.70332 3.49595 0.766213 0.276728 0.257385 0.181467 0.142657 0.175765 0.129023 0.0896326
threshold=83.136782613049135 76.516544117647072 70.859704641350234 79.611092696939579 73.727351164797241 32.307679379733791 97.673160173160184 70.064935064935085 83.576655299801089 93.166251556662516 66.450216450216459 33.49515421097594
decision_type=2 2 2 2 2 2 2 2 2 2 2 2
left_child=8 4 -3 -4 5 6 7 -2 11 -10 -7 -1
right_child=1 2 3 -5 -6 10 -8 -9 9 -11 -12 -13
leaf_value=-0.011753306277111276 -0.0083007048021356365 0.0039636311481446203 0.0039636311481446203 0.027308048495975488 0.0039636311481446203 0.00025106006283252 0.00025106006283252 5.7865361469137536e-05 -0.0083007048021356365 0.0039636311481446203 0.0039636311481446203 -0.0083007048021356365
leaf_weight=13.796577177243305 5.7102662778925151 16.924819571897388 7.7694069445133236 11.231848929077385 8.835470899473874 9.4510304150171525 1.1115763741545386 2.3243775945156813 8.0411288558971101 0.77913680113852102 5.2339516379870483 24.88154505379498
leaf_count=2979 592 278 73 68 236 545 40 55 1573 104 71 5031
internal_value=0.000403653 0.00646382 0.0112401 0.0171992 0.00103313 -0.00236467 -0.00617526 -0.00823572 -0.0083007 -0.00413414 0.00025106 -0.00912272
internal_weight=116.091 68.5927 35.9261 19.0013 32.6667 23.8312 9.14622 8.03464 47.4984 8.82027 14.685 38.6781
internal_count=11645 1958 419 141 1539 1303 687 647 9687 1677 616 8010
is_linear=0
shrinkage=0.03


Tree=21
num_leaves=11
num_cat=0
split_feature=3 4 8 2 0 9 1 9 7 10
split_gain=4.25704 2.66934 1.33325 3.1771 0.299571 0.178049 0.0807556 0.063179 0.0611216 0.0106728
threshold=77.720863120613913 90.583972719522606 93.166251556662516 86.958600481027943 92.218330382971388 76.50689905591868 90.174156295063113 97.35087719298248 98.019607843137265 95.932156646442365
decision_type=2 2 2 2 2 2 2 2 2 2
left_child=1 4 -2 5 6 -4 7 8 -1 -8
right_child=2 -3 3 -5 -6 -7 9 -9 -10 -11
leaf_value=-0.010647591154460977 0.0052778832296388458 0.0052778832296388458 0.0052778832296388458 0.029618460424992062 0.0052778832296388458 0.01258029743178544 -0.0039967795210295335 -0.0039967795210295335 -0.0039967795210295335 0.00050323364805074649
leaf_weight=34.627688975771889 51.060086558107287 6.9354176395572713 5.8837283367756736 5.9456126913428298 0.60006638849154015 4.0880414901766926 3.6409177409950648 1.646755177527665 0.68506128038279612 0.26319265016354609
leaf_count=7255 2408 468 107 39 24 38 768 336 146 56
internal_value=0.000410913 -0.00629478 0.00527788 0.013797 -0.00931772 0.00527788 -0.0096617 -0.010139 -0.0104345 -0.00399678
internal_weight=115.377 48.3991 66.9775 15.9174 41.4637 9.97177 40.8636 36.9595 35.3128 3.90411
internal_count=11645 9053 2592 184 8585 145 8561 7737 7401 824
is_linear=0
shrinkage=0.03


Tree=22
num_leaves=15
num_cat=0
split_feature=5 8 10 2 7 3 8 1 10 10 4 1 9 1
split_gain=5.34451 1.61592 1.46003 3.54409 0.627725 0.279213 0.17014 0.176471 0.125759 0.0877928 0.0790654 0.0706151 0.0940178 0.0413834
threshold=83.136782613049135 76.516544117647072 70.859704641350234 79.611092696939579 73.727351164797241 76.546004249060317 92.907444668008068 81.218221706026597 99.367088607594951 72.071428571428584 91.716991245309998 90.174156295063113 97.35087719298248 32.307679379733791
decision_type=2 2 2 2 2 2 2 2 2 2 2 2 2 2
left_child=5 4 -3 -4 7 10 -7 8 13 -9 11 12 -1 -2
right_child=1 2 3 -5 -6 6 -8 9 -10 -11 -12 -13 -14 -15
leaf_value=-0.0093516034722479612 -0.0036120130703373309 0.0033609208473972716 0.0033609208473972716 0.025732760255646497 0.0033609208473972716 -0.0036120130703373309 0.0033609208473972716 -0.0012530293797599378 0.0023454441575149173 0.0033609208473972716 -0.0036120130703373309 -0.0036120130703373309 -0.0036120130703373309 -0.0012530293797599378
leaf_weight=33.552393272519112 7.687362922355546 16.938712653238326 7.5161871351301697 11.342044007033108 8.9042970899026823 5.4580206573009482 0.90317711094394315 3.5324897733516982 1.6362464814446855 1.461319859139621 1.2544969469308842 3.8246673704124978 1.5318747903220344 9.1185370972380024
leaf_count=7315 658 278 73 68 236 952 58 137 46 40 218 815 329 422
internal_value=0.00043818 0.00575824 0.010059 0.0156032 0.000838815 -0.00731047 -0.00231895 -0.00231895 -0.00361201 0.00234544 -0.00823511 -0.00852677 -0.0089821 -0.00361201
internal_weight=114.662 68.1372 35.7969 18.8582 32.3403 46.5246 6.3612 23.436 18.4421 4.99381 40.1634 38.9089 35.0843 16.8059
internal_count=11645 1958 419 141 1539 9687 1010 1303 1126 177 8677 8459 7644 1080
is_linear=0
shrinkage=0.03


Tree=23
num_leaves=15
num_cat=0
split_feature=5 8 10 2 7 3 8 11 1 10 4 1 9 7
split_gain=4.99886 1.60461 1.42471 2.99016 0.576203 0.257039 0.165735 0.175776 0.192078 0.0796063 0.0734433 0.0654503 0.0894832 0.0308166
threshold=83.136782613049135 76.516544117647072 70.859704641350234 79.611092696939579 73.727351164797241 76.546004249060317 92.907444668008068 98.097500282773453 89.009287925696611 99.367088607594951 91.716991245309998 90.174156295063113 97.35087719298248 98.019607843137265
decision_type=2 2 2 2 2 2 2 2 2 2 2 2 2 2
left_child=5 4 -3 -4 7 10 -7 8 9 -2 11 12 13 -1
right_child=1 2 3 -5 -6 6 -8 -9 -10 -11 -12 -13 -14 -15
leaf_value=-0.0092688593896196794 -0.0036133829235274985 0.0032675748938637448 0.0032675748938637448 0.024499287502386592 0.0032675748938637448 -0.0036133829235274985 0.0032675748938637448 0.0032675748938637448 0.0032675748938637448 0.0022670799350180174 -0.0036133829235274985 -0.0036133829235274985 -0.0036133829235274985 -0.0036133829235274985
leaf_weight=32.694000941002741 17.328852145001306 17.087418179027736 7.3311592489480999 11.372306309640406 9.0977464921306801 5.4350151396356514 0.9141057776287197 1.0372366961091746 2.8824258574750266 1.6613804432563473 1.2490993407554913 3.8174400324933222 1.5279762384016056 0.64367705583572288
leaf_count=7175 1106 278 73 68 236 952 58 52 99 46 218 815 329 140
internal_value=0.0003944 0.00555209 0.00982607 0.0153479 0.000620022 -0.00711883 -0.00237266 -0.00237266 -0.00310724 -0.00361338 -0.00801265 -0.00829926 -0.00874183 -0.00910855
internal_weight=114.08 67.7985 35.7909 18.7035 32.0076 46.2813 6.34912 22.9099 21.8727 18.9902 39.9322 38.6831 34.8657 33.3377
internal_count=11645 1958 419 141 1539 9687 1010 1303 1251 1152 8677 8459 7644 7315
is_linear=0
shrinkage=0.03


Tree=24
num_leaves=15
num_cat=0
split_feature=5 8 2 7 11 10 11 7 1 8 11 1 8 11
split_gain=4.50755 1.40613 1.11984 2.12426 0.454299 0.374639 0.315005 0.283652 0.253707 0.151937 0.0795101 0.0744222 0.0730995 0.0150347
threshold=83.136782613049135 60.685011709601874 82.325611376663574 58.397435897435905 21.712244395171229 70.859704641350234 35.542119691478497 77.113095238095255 56.998637827653383 91.723744292237456 60.815437286025528 86.707871554418873 57.795138888888893 80.324117492591071
decision_type=2 2 2 2 2 2 2 2 2 2 2 2 2 2
left_child=9 6 4 -4 -3 -5 11 8 -6 10 -1 12 -2 -8
right_child=1 2 3 5 7 -7 13 -9 -10 -11 -12 -13 -14 -15
leaf_value=-0.0082926328064853554 -0.0082926328064853554 -0.0021436901939529984 0.0036950807720548557 0.010993498331860351 0.00069735036984857864 0.023828989673415464 -0.0007905272246257856 0.01065786677568736 0.0036950807720548557 -0.0021436901939529984 -0.0047214180425721773 -0.0021436901939529984 -0.0021436901939529984 0.00069735036984857864
leaf_weight=28.198513163719326 3.5438293037004795 4.3581132758408847 7.1824742634780732 6.5247951787896428 9.6848216317594176 8.2898183390498144 5.3319419547915441 6.3721290240064254 8.4119847849942726 4.3176422633696339 13.453416502103208 0.85449673188850273 0.49847703240811814 6.3241993531119078
leaf_count=6120 397 84 131 88 188 50 383 77 108 780 2787 51 24 377
internal_value=0.00044209 0.00535359 0.00778963 0.0127615 0.00369508 0.0192285 -0.00214369 0.00369508 0.00333398 -0.00671735 -0.00727688 -0.00671735 -0.00829263 0.00069735
internal_weight=113.347 67.3771 50.8241 21.9971 28.827 14.8146 16.5529 24.4689 18.0968 45.9696 41.6519 4.8968 4.04231 11.6561
internal_count=11645 1958 726 269 457 138 1232 373 296 9687 8907 472 421 760
is_linear=0
shrinkage=0.03


Tree=25
num_leaves=15
num_cat=0
split_feature=5 7 11 2 1 11 11 2 1 3 11 4 11 2
split_gain=3.72156 1.52944 1.14645 0.722318 0.583039 0.394205 0.356156 0.172512 0.170299 0.153732 0.118292 0.0535086 0.0542499 0.0344871
threshold=80.813247565165739 75.192307692307708 83.755780553977516 93.812925891867692 85.098581973581986 98.94736113130979 26.335288669342393 76.19586533747345 46.625240920127162 32.710249761157371 45.220559523738011 74.173915651808755 62.435836689568042 95.027259684361567
decision_type=2 2 2 2 2 2 2 2 2 2 2 2 2 2
left_child=9 3 8 4 5 10 -6 -4 -3 11 -2 12 -1 -11
right_child=1 2 7 -5 6 -7 -8 -9 -10 13 -12 -13 -14 -15
leaf_value=-0.011405408165633136 -0.0052673175741818068 0.0047000949622886101 0.0095537346327516214 0.0047000949622886101 -0.0037574643073907941 0.0047000949622886101 0.0047000949622886101 0.023197340567415865 0.0095537346327516214 -0.0052673175741818068 -0.0023023216985087573 -0.0052673175741818068 -0.0052673175741818068 0.00080047136505340393
leaf_weight=11.389310522703456 9.1067045608069837 9.5482852850109321 3.7569007738493365 9.1289733892772329 1.8130057570524494 1.5913187018595625 6.1994115896522999 4.296326378826052 5.9586369567550728 25.424356322735562 22.79889996163547 1.9550579460337747 3.9028647015802553 0.59658169141039152
leaf_count=2555 538 194 59 275 72 37 134 51 101 5602 827 424 872 130
internal_value=-0.000197554 0.0038667 0.0100118 0.000869103 -0.00109997 -0.00286996 0.00470009 0.0185908 0.00470009 -0.00709705 -0.00375746 -0.00941763 -0.0101613 -0.00526732
internal_weight=117.467 74.1985 23.5601 50.6383 41.5093 33.4969 8.01242 8.05323 15.5069 43.2682 31.9056 17.2472 15.2922 26.0209
internal_count=11871 2288 405 1883 1608 1402 206 110 295 9583 1365 3851 3427 5732
is_linear=0
shrinkage=0.03


Tree=26
num_leaves=15
num_cat=0
split_feature=5 7 11 2 1 11 11 11 1 1 7 1 2 3
split_gain=3.74095 1.5886 1.26585 0.641479 0.530873 0.290908 0.26937 0.183042 0.157779 0.256581 0.0941697 0.231971 0.0583146 0.0562967
threshold=80.813247565165739 75.192307692307708 83.755780553977516 93.812925891867692 85.098581973581986 98.94736113130979 26.335288669342393 45.220559523738011 46.625240920127162 6.1150582482381717 21.294035577258459 31.522999721215502 97.681696817477302 32.710249761157371
decision_type=2 2 2 2 2 2 2 2 2 2 2 2 2 2
left_child=12 3 8 4 5 7 -6 -2 -3 -9 -11 -12 13 -1
right_child=1 2 -4 -5 6 -7 -8 9 -10 10 11 -13 -14 -15
leaf_value=-0.0093858628385681923 -0.0070157066335417764 0.0045096851913359361 0.018751178671033316 0.0045096851913359361 -0.0035488456887839991 0.0045096851913359361 0.0045096851913359361 -0.0070157066335417764 0.0092217798022585784 -0.0056643816868456494 -0.0044587777726234025 0.0023766539091660981 0.0018077165353943933 -0.0070157066335417764
leaf_weight=16.978517767973244 8.7503913796972501 9.5347833600826544 8.5518391607329232 9.1390113129746151 1.6877469066530455 1.6421453123912204 6.240626163315028 1.8936631078831911 6.3112692078575501 1.8575726035051072 5.5981772805098471 12.848991620820014 0.29402031539939244 25.779970017727464
leaf_count=3822 538 194 110 275 72 37 134 109 101 132 262 324 63 5698
internal_value=-0.000135252 0.00393906 0.0100433 0.000800908 -0.00107401 -0.00279548 0.00450969 -0.00354885 0.00450969 -0.00193873 -0.000595733 0.00017969 -0.00707396 -0.00717495
internal_weight=117.109 74.0562 24.3979 49.6583 40.5193 32.5909 7.92837 30.9488 15.8461 22.1984 20.3047 18.4472 43.0525 42.7585
internal_count=11871 2288 405 1883 1608 1402 206 1365 295 827 718 586 9583 9520
is_linear=0
shrinkage=0.03


Tree=27
num_leaves=15
num_cat=0
split_feature=5 7 11 2 1 11 1 7 11 1 2 2 11 5
split_gain=3.34356 1.36712 1.07277 0.614529 0.475164 0.372449 0.298929 0.3992 0.246883 0.201867 0.172925 0.170523 0.07063 0.105807
threshold=80.813247565165739 75.192307692307708 83.755780553977516 93.367055649664366 85.098581973581986 45.220559523738011 31.522999721215502 27.823315118397087 29.299420944665165 46.625240920127162 36.823593073593081 72.391789957590092 62.435836689568042 38.285108148702278
decision_type=2 2 2 2 2 2 2 2 2 2 2 2 2 2
left_child=12 3 9 4 5 -2 -7 -8 -6 -3 -9 -4 13 -1
right_child=1 2 11 -5 8 6 7 10 -10 -11 -12 -13 -14 -15
leaf_value=-0.0099070170943704235 -0.0066521436604359612 0.0041876983994409553 0.0093733585066153435 0.0041876983994409553 -0.0050454171999598941 -0.0048957649696473897 -0.0048957649696473897 -0.0031697674702815047 0.0041876983994409553 0.0093733585066153435 0.0041876983994409553 0.021177024314561099 -0.0048957649696473897 -0.0066521436604359612
leaf_weight=14.750015135155992 8.1023998991586286 9.5633843322284502 4.0771249313838762 9.6653486983850581 1.915452433284371 8.4714624087791908 2.2029169246088705 2.1999851046130035 5.7194030191749334 6.4082966702990243 10.319194585550575 5.0170871145091951 13.361603127792476 14.664368484867735
leaf_count=3358 532 194 52 291 76 450 102 69 129 101 234 58 2973 3252
internal_value=-6.99008e-05 0.00379035 0.00933474 0.000799996 -0.00115501 -0.0028178 -0.000709916 0.00185692 0.0041877 0.0041877 0.00412518 0.0170639 -0.00665214 -0.00760098
internal_weight=116.438 73.6621 25.0659 48.5962 38.9308 31.296 23.1936 14.7221 7.63486 15.9717 12.5192 9.09421 42.776 29.4144
internal_count=11871 2288 405 1883 1592 1387 855 405 205 295 303 110 9583 6610
is_linear=0
shrinkage=0.03


Tree=28
num_leaves=15
num_cat=0
split_feature=5 7 11 2 1 11 1 7 1 3 11 8 5 11
split_gain=3.32596 1.11653 1.11817 0.51816 0.418676 0.38552 0.304845 0.464089 0.212567 0.241237 0.133611 0.101406 0.223631 0.0638511
threshold=80.813247565165739 75.192307692307708 83.755780553977516 93.367055649664366 85.508967606458057 45.220559523738011 31.522999721215502 27.823315118397087 46.625240920127162 94.048981148523495 29.299420944665165 66.450216450216459 92.140224640224645 62.435836689568042
decision_type=2 2 2 2 2 2 2 2 2 2 2 2 2 2
left_child=13 3 8 4 5 -2 -7 -8 -3 -10 -6 12 -9 -1
right_child=1 2 -4 -5 10 6 7 11 9 -11 -12 -13 -14 -15
leaf_value=-0.0074398087043268382 -0.0065380733089467399 0.0036316377548823932 0.016562295816532496 0.0036316377548823932 -0.0038003487991198023 -0.00472365973024609 -0.00472365973024609 -0.00472365973024609 0.0036316377548823932 0.0138693024116038 0.0036316377548823932 0.0036316377548823932 0.0036316377548823932 -0.00472365973024609
leaf_weight=29.279162441380322 7.7434542926494059 9.6155242510139995 9.3947643879801017 9.7596520190127176 1.8194041936658312 8.0521383485756832 2.1786057006102046 1.5467455922625934 3.3635772152338168 3.1484774528071284 5.7125785588286817 8.6204912648536247 2.4306475999765098 13.341839322121812
leaf_count=6610 534 194 110 291 74 450 104 112 64 37 125 117 76 2973
internal_value=3.92018e-05 0.00389568 0.00883641 0.00113421 -0.000846843 -0.00246707 -0.000348274 0.00218428 0.00363164 0.00884918 0.00363164 0.00363164 -0.00128002 -0.00653807
internal_weight=116.007 73.3861 25.5223 47.8637 38.1041 30.5721 22.8286 14.7765 16.1276 6.51205 7.53198 12.5979 3.97739 42.621
internal_count=11871 2288 405 1883 1592 1393 859 409 295 101 199 305 188 9583
is_linear=0
shrinkage=0.03


Tree=29
num_leaves=15
num_cat=0
split_feature=5 7 11 2 1 11 1 7 1 2 2 11 8 2
split_gain=2.83533 0.924353 1.03728 0.442283 0.511462 0.295208 0.446034 0.489757 0.265116 0.401906 0.261475 0.140004 0.0476475 0.0384749
threshold=76.546004249060317 75.192307692307708 83.755780553977516 93.812925891867692 84.340391870512363 45.220559523738011 31.522999721215502 27.823315118397087 46.625240920127162 74.762751071992781 72.391789957590092 26.335288669342393 66.450216450216459 97.681696817477302
decision_type=2 2 2 2 2 2 2 2 2 2 2 2 2 2
left_child=13 3 8 4 5 -2 -7 -8 -3 -10 -4 -6 -9 -1
right_child=1 2 10 -5 11 6 7 12 9 -11 -12 -13 -14 -15
leaf_value=-0.0064594181132018955 -0.006377326754190925 0.0029563481562343303 0.0069810702515606515 0.0029563481562343303 -0.0058850775724526719 -0.006215127567459503 -0.006215127567459503 -0.0012186666926731712 0.0029563481562343303 0.015177693287600954 0.01943506924572876 0.0029563481562343303 0.0029563481562343303 0.0013320167897364361
leaf_weight=39.857237053569406 7.9282914362847832 9.8480003164149874 4.1949776860419643 9.5529672249685955 1.60118950367905 8.1701869941316563 2.0588234909810117 4.1313992177601877 4.0655875923112026 2.8057892685756087 5.4367302195169032 6.8389139620121568 8.6279667555354518 0.26228035031817754
leaf_count=9026 654 242 59 308 90 538 131 226 106 31 66 182 155 57
internal_value=-2.78796e-05 0.00339608 0.00781503 0.000906407 -0.000952226 -0.00287573 -0.000984305 0.00211036 0.00295635 0.00856199 0.0151777 0.00295635 0.00295635 -0.00637733
internal_weight=115.38 75.2608 26.3511 48.9097 39.3568 30.9167 22.9884 14.8182 16.7194 6.87138 9.63171 8.4401 12.7594 40.1195
internal_count=11871 2788 504 2284 1976 1704 1050 512 379 137 125 272 381 9083
is_linear=0
shrinkage=0.03


Tree=30
num_leaves=15
num_cat=0
split_feature=0 7 11 10 8 4 2 1 9 3 1 11 11 11
split_gain=2.24855 1.22802 1.07705 1.30638 1.09155 0.501193 0.265513 0.215961 0.155361 0.153563 0.0361926 0.0202205 0.00039341 7.74128e-05
threshold=72.760100734929125 54.870335230866552 79.351790929344006 77.58148035333538 94.014925373134346 77.720863120613913 82.534117961579113 98.614289143131472 81.191037735849065 43.819119587381557 56.998637827653383 62.435836689568042 86.790008798514052 79.645365010992961
decision_type=2 2 2 2 2 2 2 2 2 2 2 2 2 2
left_child=5 13 3 -3 -5 7 -4 8 10 11 -1 -10 -13 -2
right_child=1 2 6 4 -6 -7 -8 -9 9 -11 -12 12 -14 -15
leaf_value=-0.0091807432033454723 -0.00046293387057536826 -0.00046293387057536826 0.013230857575946494 -0.00046293387057536826 0.013230857575946494 -0.00046293387057536826 0.020516952736306226 -0.00046293387057536826 -0.0063126763014604405 -0.00046293387057536826 -0.0063126763014604405 -0.0011050526624083218 -0.00046293387057536826 -0.00032235973666130063
leaf_weight=14.599134359043093 19.799569753929973 15.14501366321929 8.6703157925512588 2.4148023368325076 4.592281199991703 4.717814185190945 6.7988191228359947 0.91114769922569294 3.0311593292281032 3.2637861846014857 15.504146782215683 0.56790411286056031 0.25517185404896736 13.370631294557823
leaf_count=3147 1535 578 165 120 41 550 109 133 702 648 3112 129 57 696
internal_value=0.000491984 0.0037573 0.00739388 0.00292242 0.0129536 -0.0048652 0.0132309 -0.00622911 -0.00671851 -0.00230976 -0.00765319 -0.00631268 -0.000669906 -0.000462934
internal_weight=113.642 70.7914 37.6212 22.1521 7.00708 42.8503 15.4691 38.1325 37.2213 7.11802 30.1033 3.85424 0.823076 33.1702
internal_count=11722 3244 1013 739 161 8478 274 7928 7795 1536 6259 888 186 2231
is_linear=0
shrinkage=0.03


Tree=31
num_leaves=15
num_cat=0
split_feature=5 7 1 2 8 11 4 7 9 10 1 5 4 11
split_gain=2.76561 0.876844 0.871629 0.954125 1.01034 1.03166 0.547587 0.446077 0.825706 0.0981305 0.194635 0.0785554 0.0677753 0.024131
threshold=83.136782613049135 17.595459236326111 6.8839839623687604 50.236689373907595 57.795138888888893 22.710970822161133 94.048981148523495 56.0701754385965 51.266025641025642 65.247584541062821 37.470995181566131 27.955752480956576 16.004640371229701 62.435836689568042
decision_type=2 2 2 2 2 2 2 2 2 2 2 2 2 2
left_child=11 -2 6 12 -5 -6 -3 9 -9 10 -7 13 -4 -1
right_child=1 2 3 4 5 7 -8 8 -10 -11 -12 -13 -14 -15
leaf_value=-0.0089210899309867218 -0.0053295883967815942 -0.0053295883967815942 -0.0053295883967815942 -0.00031681809057346281 -0.00031681809057346281 -0.00031681809057346281 -0.00031681809057346281 0.0074575148901616286 0.021681802707884747 0.0074575148901616286 0.0073452786711938629 -0.0053295883967815942 -0.00031681809057346281 -0.0053295883967815942
leaf_weight=10.568969289306546 2.599905028473585 3.4431841103360039 1.3971939529292132 8.6746240367647243 5.4363281377591184 2.544248243793847 6.5249701535794884 6.8283976549282697 9.944027057848869 5.3791724652983248 3.0782217243686318 30.661362374667078 12.767628050409256 3.2938019342254856
leaf_count=2461 274 150 37 513 87 84 197 83 91 78 49 6490 372 756
internal_value=0.000423926 0.00418014 0.00497296 0.00641186 0.00864172 0.010961 -0.00296478 0.013229 0.0163822 0.00745751 0.00279555 -0.00532959 -0.000316818 -0.00791183
internal_weight=113.142 68.6179 66.018 56.0498 41.885 33.2104 9.96815 27.7741 16.7724 11.0016 5.62247 44.5241 14.1648 13.8628
internal_count=11722 2015 1741 1394 985 472 347 385 174 211 133 9707 409 3217
is_linear=0
shrinkage=0.03


Tree=32
num_leaves=12
num_cat=0
split_feature=5 7 2 1 1 7 8 1 5 1 7
split_gain=2.73267 0.889021 1.16885 1.65485 0.857461 0.411604 0.367458 0.284397 0.0710227 0.0417138 0.0316121
threshold=83.136782613049135 54.870335230866552 82.325611376663574 10.074638412169902 47.407493401114486 17.595459236326111 93.166251556662516 6.8839839623687604 27.955752480956576 89.404677533664085 92.919799498746883
decision_type=2 2 2 2 2 2 2 2 2 2 2
left_child=8 5 4 -4 -3 -2 -5 -7 -1 -9 -10
right_child=1 2 3 6 -6 7 -8 9 10 -11 -12
leaf_value=-0.0077972052730624518 -0.0053034159876068051 0.00036080183734946185 0.0020772686266829999 0.011384259199731106 0.0086602169261509425 -0.0053034159876068051 0.025459808651441478 0.00036080183734946185 -0.0053034159876068051 0.0084094237246391361 0.00036080183734946185
leaf_weight=13.800918455002828 2.5732896020636096 9.0373810755554604 5.9862467492930618 6.6711578806862217 11.110157394548876 3.728391533251858 4.9168042987585068 20.82020168774762 28.416203964035965 3.7879627258516839 2.0268380579072973
leaf_count=3217 274 203 99 91 164 240 29 828 6083 87 407
internal_value=0.000440801 0.00416684 0.00719572 0.0126359 0.00207727 0.000360802 0.0189047 0.000360802 -0.00530342 0.000360802 -0.00530342
internal_weight=112.876 68.6316 37.7217 17.5742 20.1475 30.9098 11.588 28.3366 44.244 24.6082 30.443
internal_count=11722 2015 586 219 367 1429 120 1155 9707 915 6490
is_linear=0
shrinkage=0.03


Tree=33
num_leaves=15
num_cat=0
split_feature=0 8 7 2 11 10 3 1 3 11 10 3 11 10
split_gain=1.96988 0.961295 0.911965 1.39043 1.42919 1.09859 0.431985 0.356605 0.133788 0.113031 0.102555 0.0927605 0.0817943 0.0426053
threshold=72.760100734929125 47.434210526315795 54.870335230866552 82.534117961579113 79.351790929344006 77.58148035333538 92.508966047811398 90.974740745032179 34.300154232470405 80.023201856148503 86.132478632478652 96.773889174815579 60.815437286025528 81.380952380952394
decision_type=2 2 2 2 2 2 2 2 2 2 2 2 2 2
left_child=8 11 6 9 5 -5 7 10 12 -4 -3 -2 13 -1
right_child=1 2 3 4 -6 -7 -8 -9 -10 -11 -12 -13 -14 -15
leaf_value=-0.0097883632212855606 -0.0045674374571697506 -0.0045674374571697506 0.0021264550876776041 0.0021264550876776041 0.024989822826989503 0.01771795732052962 0.0021264550876776041 0.0021264550876776041 -0.0045674374571697506 0.0056278324240209964 0.0013392419221192958 0.0021264550876776041 -0.0045674374571697506 -0.0045674374571697506
leaf_weight=9.8207769277505594 8.6742347409017295 10.30868547526188 9.8726945675443876 6.2058337472844887 5.9201719337142995 3.9064066291321069 12.986886848928405 1.2096940779592831 26.00091438065283 7.6666256135795257 2.5018826096784332 1.1340266033075739 4.3999380315653971 1.977242444641887
leaf_count=2312 1092 820 308 143 67 44 360 34 4707 103 182 91 994 465
internal_value=0.000493702 0.00354946 0.00495971 0.00818781 0.0143047 0.00636325 0.000797879 -0.00330277 -0.00456744 0.00212646 -0.00456744 -0.00456744 -0.00743351 -0.00885936
internal_weight=112.586 70.3871 60.5789 33.5717 16.0324 10.1122 27.0071 14.0203 42.1989 17.5393 12.8106 9.80826 16.198 11.798
internal_count=11722 3244 2061 665 254 187 1396 1036 8478 411 1002 1183 3771 2777
is_linear=0
shrinkage=0.03


Tree=34
num_leaves=15
num_cat=0
split_feature=5 7 8 1 11 7 11 4 2 9 1 9 5 11
split_gain=2.52226 0.878653 0.907257 0.686423 1.02801 1.03339 0.50507 0.786407 0.422941 0.5824 0.116779 0.057533 0.0417937 0.00598079
threshold=80.437440204103339 17.694497153700194 24.66642946095001 36.707371556217431 22.710970822161133 54.870335230866552 66.587577800392452 95.597438463584893 78.820172643531677 51.266025641025642 26.335288669342393 69.282051282051299 27.955752480956576 76.220161977834621
decision_type=2 2 2 2 2 2 2 2 2 2 2 2 2 2
left_child=12 -2 -3 6 -5 11 7 10 9 -7 -4 -6 -1 -8
right_child=1 2 3 4 5 8 13 -9 -10 -11 -12 -13 -14 -15
leaf_value=-0.0074219757101458587 -0.0053040680046438325 -0.0053040680046438325 -0.0053040680046438325 0.0021904934131013023 0.0046114575017387593 0.0046114575017387593 0.0021904934131013023 0.0021904934131013023 0.023116852964542363 0.016393293922173383 0.0021904934131013023 0.0093944715211844373 -0.0053040680046438325 0.0046114575017387593
leaf_weight=13.657679088413714 2.7771806840319178 2.6161260048393151 7.2562116181943583 5.5163979225326321 12.03862787527032 4.0921523049473709 2.7480850776191827 4.6601333944126955 5.3310422496870169 5.7076083226129413 1.9805920254439113 2.1929255486465999 27.067981825210154 14.428964565042405
leaf_count=3217 322 230 363 167 346 71 62 121 40 72 83 65 6181 382
internal_value=0.000575391 0.00395842 0.00474531 0.00553807 0.00837629 0.0108995 0.00219049 -0.00206391 0.0161613 0.0105873 -0.00530407 0.00461146 -0.00530407 0.00461146
internal_weight=112.072 71.346 68.5689 65.9527 34.8788 29.3624 31.074 13.8969 15.1308 9.79976 9.2368 14.2316 40.7257 17.177
internal_count=11722 2324 2002 1772 761 594 1011 567 183 143 446 411 9398 444
is_linear=0
shrinkage=0.03


Tree=35
num_leaves=15
num_cat=0
split_feature=5 1 11 7 8 9 10 8 4 4 2 1 5 2
split_gain=1.69863 1.3487 1.19081 0.911855 0.885634 0.55264 0.512956 0.331024 0.323508 0.0962435 0.0948138 0.0402631 0.0581245 0.00570293
threshold=75.364086249558156 36.707371556217431 23.354318328133516 21.294035577258459 66.450216450216459 69.282051282051299 62.988330796549981 40.129870129870135 87.052727826882062 43.014255266478699 82.846689400397864 85.098581973581986 27.141110723017814 22.913018640636839
decision_type=2 2 2 2 2 2 2 2 2 2 2 2 2 2
left_child=11 7 -3 -4 9 6 -6 -2 -8 13 -9 12 -1 -5
right_child=1 2 3 4 5 -7 8 10 -10 -11 -12 -13 -14 -15
leaf_value=-0.0081363433326358953 -0.0053295012662071236 -0.0019546920826126108 -0.0019546920826126108 -0.0019546920826126108 0.0032405250166523993 0.021764737637852929 0.0065301832913065164 -0.0053295012662071236 0.019409547347816518 0.0032405250166523993 -0.0019546920826126108 -0.0025276121076313889 -0.0053295012662071236 0.00045253830862024947
leaf_weight=10.142004131572323 3.7248395392671219 6.7532172708306453 1.6635932736098755 0.8087646889034612 4.5871353500988361 5.3565339127089819 5.2769923033192736 12.049828614108266 3.8324971487745643 10.647730347933246 18.534702287986875 6.3338829092681399 21.642263625515625 0.89223338011652231
leaf_count=2421 491 327 149 55 125 54 81 592 33 433 527 1440 5002 58
internal_value=-0.000262218 0.00237974 0.00607085 0.00847368 0.00986818 0.0137879 0.0093996 -0.00195469 0.0133327 0.00324053 -0.00195469 -0.0053295 -0.00579372 -0.00195469
internal_weight=112.246 74.1281 39.8187 33.0655 31.4019 19.0532 13.6966 34.3094 9.10949 12.3487 30.5845 38.1182 31.7843 1.701
internal_count=11788 2925 1315 988 839 293 239 1610 114 546 1119 8863 7423 113
is_linear=0
shrinkage=0.03


Tree=36
num_leaves=15
num_cat=0
split_feature=5 7 8 7 11 4 8 9 5 10 11 7 3 9
split_gain=1.72374 0.756091 0.733202 0.267126 1.57951 0.24869 0.172102 0.0890666 0.0874441 0.116033 0.0327707 0.0327588 0.0139178 0.00731905
threshold=75.364086249558156 21.294035577258459 40.129870129870135 75.192307692307708 83.755780553977516 10.864075537988585 64.031250000000014 76.50689905591868 97.146250424160186 98.620624048706262 87.719386440614073 98.260738052026625 33.093512767425814 68.387741505662902
decision_type=2 2 2 2 2 2 2 2 2 2 2 2 2 2
left_child=12 -2 11 5 7 -4 8 -5 9 10 13 -3 -1 -7
right_child=1 2 3 4 -6 6 -8 -9 -10 -11 -12 -13 -14 -15
leaf_value=-0.0068952487095025302 -0.0053570453214097698 -0.0053570453214097698 -0.0053570453214097698 0.0027090825147486654 0.017345807582098412 -0.0053570453214097698 0.0027090825147486654 0.0069127002955802642 0.0027090825147486654 0.0027090825147486654 -0.00044241691041001306 -0.0003175696863437593 -0.0053570453214097698 -0.0018037073541941043
leaf_weight=16.422975993948057 4.0508455187082282 5.355204456485807 1.0252198709640641 7.2144800319802034 7.545102515956386 3.1762472675181872 29.697276223218068 7.4633829349186271 2.0742009733803579 1.1537265675142405 1.8799954708665607 1.3145764004439113 21.588602087227628 1.8008572091348467
leaf_count=3886 454 539 44 134 75 361 664 136 110 51 129 68 4977 160
internal_value=-0.000247378 0.0024226 0.00324652 0.00425991 0.00686837 0.00270908 0.00270908 0.00270908 -0.00122809 -0.00264049 -0.00414988 -0.00535705 -0.00535705 -0.00524198
internal_weight=111.763 73.7511 69.7003 63.0305 22.223 40.8075 39.7823 14.6779 10.085 8.01083 6.8571 6.66978 38.0116 4.9771
internal_count=11788 2925 2471 1864 345 1519 1475 270 811 701 650 607 8863 521
is_linear=0
shrinkage=0.03


Tree=37
num_leaves=11
num_cat=0
split_feature=5 8 10 2 8 3 11 9 3 2
split_gain=1.36728 0.633219 0.461943 1.65675 0.219071 0.1812 0.0903065 0.0673728 0.0185121 0.0078297
threshold=75.364086249558156 75.162337662337677 63.759057971014492 91.495983935742984 38.92496392496394 89.404677533664085 32.459140416911559 69.282051282051299 21.987780619494178 47.868817434034831
decision_type=2 2 2 2 2 2 2 2 2 2
left_child=8 4 7 9 5 -2 -7 -3 -1 -4
right_child=1 2 3 -5 -6 6 -8 -9 -10 -11
leaf_value=-0.0066503427870649333 -0.0048135386129785742 0.00021466884508020555 0.00094792043393419911 0.016788531839662581 0.00021466884508020555 -0.0048135386129785742 0.00021466884508020555 0.00094792043393419911 -0.0048135386129785742 0.0017673951944807778
leaf_weight=10.805827755481003 4.2294848626479489 7.3903217369224858 4.4233091063797483 8.8710502691101265 28.475643526297063 0.91232925537042353 2.8585959391202778 5.547457586042583 27.023246010765433 10.831456386018543
leaf_count=2574 567 264 74 74 1375 134 196 103 6289 138
internal_value=-0.000250865 0.00212928 0.00483719 0.00720887 -0.000677896 -0.00480812 0.000214669 0.000214669 -0.00481354 0.00094792
internal_weight=111.369 73.5396 37.0636 24.1258 36.4761 8.00041 3.77093 12.9378 37.8291 15.2548
internal_count=11788 2925 653 286 2272 897 330 367 8863 212
is_linear=0
shrinkage=0.03


Tree=38
num_leaves=15
num_cat=0
split_feature=3 1 8 2 10 1 8 1 10 7 9 1 8 3
split_gain=0.973072 1.01898 0.93564 0.952562 1.21222 0.566296 0.433268 0.300862 0.225696 0.18949 0.116589 0.106524 0.0907354 0.0692198
threshold=49.036138981791161 8.0845216874628658 64.031250000000014 82.325611376663574 61.25740618828177 48.25113309331563 88.673020527859251 81.218221706026597 64.031250000000014 74.239631336405537 81.87294633077768 27.955752480956576 81.605800214822793 64.015723398756833
decision_type=2 2 2 2 2 2 2 2 2 2 2 2 2 2
left_child=-1 12 7 5 9 -4 -6 10 -7 -5 11 -3 -2 -13
right_child=1 2 3 4 6 8 -8 -9 -10 -11 -12 13 -14 -15
leaf_value=-0.0053503526347973241 -0.0053503526347973241 -0.0053503526347973241 -0.0016902988204190142 0.0018779803810536808 0.0068774367113074641 0.0018779803810536808 0.021467466498421087 0.0018779803810536808 0.0068774367113074641 0.0068774367113074641 -0.0016902988204190142 -0.0053503526347973241 -0.0016902988204190142 -0.0016902988204190142
leaf_weight=25.077446683775634 6.1132846917025709 4.232721196720397 10.921014420222493 3.2459779714699861 4.2612765829544497 8.8303323434665817 6.0977689204737544 7.6596657175105056 10.481661249883471 2.5097161734011024 5.1479250343982121 2.3401808014605168 5.0856402856297791 9.0351037699729186
leaf_count=5782 515 653 593 129 75 488 61 825 323 40 614 532 101 1057
internal_value=-0.000269634 0.00125703 0.00256122 0.00514846 0.010816 0.00187798 0.0165996 -0.0016903 0.00187798 0.00187798 -0.00358312 -0.00503446 -0.00535035 -0.00215753
internal_weight=111.04 85.9623 74.7633 46.3477 16.1147 30.233 10.359 28.4156 19.312 5.75569 20.7559 15.608 11.1989 11.3753
internal_count=11788 6006 5390 1709 305 1404 136 3681 811 169 2856 2242 616 1589
is_linear=0
shrinkage=0.03


Tree=39
num_leaves=15
num_cat=0
split_feature=5 1 11 8 10 9 8 5 1 4 2 1 5 3
split_gain=1.26836 1.02818 0.951357 0.685907 0.82985 0.312277 0.263457 0.110715 0.141173 0.0945601 0.0670465 0.0369649 0.0629928 0.0198115
threshold=75.364086249558156 36.707371556217431 23.354318328133516 66.450216450216459 62.988330796549981 59.234892787524366 57.795138888888893 87.454394492187973 81.997831357594535 89.796089159769608 82.846689400397864 85.098581973581986 31.933576656531802 29.151464830729328
decision_type=2 2 2 2 2 2 2 2 2 2 2 2 2 2
left_child=11 6 -3 7 5 -5 -2 8 -4 -6 -8 12 13 -1
right_child=1 2 3 4 9 -7 10 -9 -10 -11 -12 -13 -14 -15
leaf_value=-0.0080982679440300617 -0.0046226496753181221 -0.0017735119817025489 -0.0017735119817025489 0.002013578746310158 0.01061624755080604 0.009835160389539261 -0.0046226496753181221 0.002013578746310158 0.002013578746310158 0.020286253445178936 -0.0017735119817025489 -0.0020411576072331969 -0.0046226496753181221 -0.0046226496753181221
leaf_weight=9.2191974434535968 7.4402897013351312 6.6507625016383818 2.2247532843612112 3.9833235763944712 7.349630775395779 3.7312998780980706 9.9610064139124059 9.7147893286310119 1.5639347054529933 4.5134225557558239 15.992542888736351 6.2705729042645535 19.399289274122566 2.7342341574840239
leaf_count=2249 947 327 269 116 101 59 353 293 116 34 310 1440 4518 656
internal_value=-0.000216426 0.00208236 0.00528712 0.00743497 0.0108947 0.00271959 -0.00177351 0.00201358 -0.00177351 0.0155864 -0.00177351 -0.00462265 -0.0050599 -0.00717292
internal_weight=110.749 73.1258 39.7319 33.0812 19.5777 7.71462 33.3938 13.5035 3.78869 11.8631 25.9535 37.6233 31.3527 11.9534
internal_count=11788 2925 1315 988 310 175 1610 678 385 135 663 8863 7423 2905
is_linear=0
shrinkage=0.03


Tree=40
num_leaves=15
num_cat=0
split_feature=5 1 8 10 9 8 11 0 10 1 5 11 1 9
split_gain=0.996103 0.911979 0.668667 0.815052 0.889696 0.316746 0.241558 0.234939 0.0792662 0.0664995 0.048974 0.0350021 0.0167031 0.0148176
threshold=68.335532102022867 28.745445049792881 64.031250000000014 61.25740618828177 59.234892787524366 88.673020527859251 67.720701578969312 96.381176881438805 98.620624048706262 80.049290986791007 27.141110723017814 71.52620817500447 6.8839839623687604 79.679679679679694
decision_type=2 2 2 2 2 2 2 2 2 2 2 2 2 2
left_child=9 6 8 4 -4 -5 7 -2 -3 10 11 -1 -9 -6
right_child=1 2 3 5 13 -7 -8 12 -10 -11 -12 -13 -14 -15
leaf_value=-0.0081736136470892031 -0.004275593490764131 -0.00038172128704871473 -0.00038172128704871473 0.0099443487942624219 0.005233586294468357 0.016872483504896722 -0.00038172128704871473 -0.004275593490764131 0.005240247751967967 -0.0015856355590782017 -0.004275593490764131 -0.004275593490764131 -0.00038172128704871473 0.0099443487942624219
leaf_weight=7.3034112676978129 9.0768864292185771 15.613597891759127 5.7805616378318536 9.428424179786818 4.0572060951963067 7.5354166086763135 14.527291174512355 2.2257095475215456 1.2617241868283606 7.8591259908862403 17.24299493804574 1.7158322639297692 2.3537778500467539 2.7276107480283827
leaf_count=1803 869 1381 230 181 70 104 669 91 55 1827 4045 400 58 65
internal_value=-0.000101819 0.00183883 0.00438862 0.00703797 0.00108555 0.0111412 -0.00236592 -0.00427559 -0.000381721 -0.00427559 -0.00499289 -0.0070367 -0.000381721 0.00994435
internal_weight=108.71 74.5882 46.4045 29.5292 12.5654 16.9638 28.1837 13.6564 16.8753 34.1214 26.2622 9.01924 4.57949 6.78482
internal_count=11848 3773 2086 650 365 285 1687 1018 1436 8075 6248 2203 149 135
is_linear=0
shrinkage=0.03


Tree=41
num_leaves=14
num_cat=0
split_feature=5 1 8 2 11 11 9 8 7 9 11 9 1
split_gain=0.852807 0.765556 0.703404 0.73699 0.238448 0.199083 0.290148 0.147205 0.115735 0.0295581 0.0116385 0.0303457 0.014215
threshold=54.591273916847356 28.745445049792881 92.907444668008068 52.510066592077166 17.111674080183821 67.720701578969312 80.795574288724993 94.014925373134346 72.06557377049181 5.429975429975431 81.569069069069073 96.214473369954632 80.049290986791007
decision_type=2 2 2 2 2 2 2 2 2 2 2 2 2
left_child=10 5 4 8 6 7 -3 11 -4 -6 12 -2 -1
right_child=1 2 3 -5 9 -7 -8 -9 -10 -11 -12 -13 -14
leaf_value=-0.006040837345309121 -0.0049330966250525415 -0.0046233643961327833 0.0019214625944397161 0.016532879639961341 0.00015284822182354748 0.00015284822182354748 0.0019214625944397161 0.00015284822182354748 0.0096409233654453762 0.0019214625944397161 -0.0021671007596357583 0.00015284822182354748 -0.0046233643961327833
leaf_weight=17.148210452403916 10.841592574724919 2.8958048173226407 1.546422619838266 5.842693395446986 0.82054362143389781 15.190980091923846 1.7439186184201387 3.6613470739685008 1.5259478671941904 36.912307949969545 3.8987488660495719 0.45102362544275898 5.7732727387920013
leaf_count=4176 1213 296 65 97 93 832 225 85 40 2384 906 80 1356
internal_value=-8.23658e-05 0.00145118 0.003655 0.0108696 0.00192146 -0.0022953 -0.0022953 -0.00462336 0.00192146 0.00192146 -0.00462336 -0.00462336 -0.0049331
internal_weight=108.253 81.4326 51.2876 8.91506 42.3726 30.1449 4.63972 14.954 3.07237 37.7329 26.8202 11.2926 22.9215
internal_count=11848 5410 3200 202 2998 2210 521 1378 105 2477 6438 1293 5532
is_linear=0
shrinkage=0.03


Tree=42
num_leaves=12
num_cat=0
split_feature=5 1 8 10 8 9 8 1 11 1 5
split_gain=0.85911 0.713326 0.624645 0.320388 0.460883 0.216618 0.183776 0.19021 0.183659 0.076436 0.0350423
threshold=65.196647104317393 29.929567762095555 92.907444668008068 77.58148035333538 77.84992784992788 75.937646507266777 64.459064327485393 42.648830616583986 22.710970822161133 80.049290986791007 27.141110723017814
decision_type=2 2 2 2 2 2 2 2 2 2 2
left_child=9 3 6 -2 -5 -4 -3 -8 -9 10 -1
right_child=1 2 5 4 -6 -7 7 8 -10 -11 -12
leaf_value=-0.0066500630094339149 -0.0040971676815332982 -0.00011476596348599337 0.0048717299825908255 -0.0040971676815332982 0.002127943766949698 0.015454583937889808 0.002127943766949698 0.002127943766949698 0.0048717299825908255 -0.0012566723874618598 -0.0040971676815332982
leaf_weight=8.8928479356691259 18.457130039576445 17.876316538546234 4.8287752997130138 2.9370558629743737 7.2490312953013927 3.9302257387898862 4.2294253492727902 2.3681066138669875 13.961023277370257 7.6051171857397994 15.739087771624325
leaf_count=2203 1440 1581 98 320 105 53 147 87 311 1778 3725
internal_value=-6.80326e-05 0.00167572 0.00391141 -0.0020156 0.00212794 0.0107174 0.00212794 0.00399292 0.00487173 -0.00409717 -0.00489093
internal_weight=108.074 75.8371 47.1939 28.6432 10.1861 8.759 38.4349 20.5586 16.3291 32.2371 24.6319
internal_count=11848 4142 2277 1865 425 151 2126 545 398 7706 5928
is_linear=0
shrinkage=0.03


Tree=43
num_leaves=14
num_cat=0
split_feature=5 1 2 8 10 9 2 8 9 3 9 1 10
split_gain=0.789408 0.602638 0.689063 1.10388 0.982968 0.478403 0.264094 0.316284 0.14489 0.0863857 0.0638594 0.0181393 0.041279
threshold=54.591273916847356 19.186752434834279 82.325611376663574 76.516544117647072 70.859704641350234 54.353476283300857 94.346440044135974 88.029850746268679 5.6470900876959886 87.052727826882062 97.35087719298248 52.625313283208023 62.583333333333343
decision_type=2 2 2 2 2 2 2 2 2 2 2 2 2
left_child=10 5 8 -4 9 6 -2 -8 -3 -5 11 12 -1
right_child=1 2 3 4 -6 -7 7 -9 -10 -11 -12 -13 -14
leaf_value=-0.0078693796420846104 -0.0044629669091419645 -0.0044629669091419645 0.00101885275044055 0.00101885275044055 0.022581733918028871 0.00101885275044055 -0.0044629669091419645 0.00101885275044055 0.00101885275044055 0.0064367598370111611 0.00101885275044055 -0.0044629669091419645 -0.0044629669091419645
leaf_weight=7.2561420747079328 7.0933797701727617 1.3747325551230449 6.4607899801339945 1.7219235033262505 4.8624970943201333 10.49305659229867 2.332779155112803 2.2013959810137749 42.820027969777584 1.8202637350186703 1.1003960603848089 14.691693150671197 3.5839395355433226
leaf_count=1759 715 123 448 76 50 717 157 26 3073 25 255 3553 871
internal_value=-7.71018e-05 0.00139852 0.00296885 0.00833654 0.0150218 -0.0027412 -0.00446297 0.00101885 0.00101885 0.00195728 -0.00446297 -0.00476924 -0.00627163
internal_weight=107.813 81.1808 59.0602 14.8655 8.40468 22.1206 11.6276 4.53418 44.1948 3.54219 26.6322 25.5318 10.8401
internal_count=11848 5410 3795 599 151 1615 898 183 3196 101 6438 6183 2630
is_linear=0
shrinkage=0.03


Tree=44
num_leaves=15
num_cat=0
split_feature=5 1 7 2 11 9 10 11 1 9 10 1 3 5
split_gain=0.770549 0.539912 0.520817 0.809474 0.632983 0.394922 0.246132 0.362491 0.0750762 0.0737742 0.0730655 0.0598805 0.0365353 0.0109301
threshold=65.196647104317393 28.745445049792881 54.870335230866552 76.19586533747345 91.716991245309998 85.805860805860817 77.58148035333538 77.037508647129769 6.8839839623687604 83.438818565400865 81.046869654464601 90.174156295063113 34.300154232470405 53.015210448091587
decision_type=2 2 2 2 2 2 2 2 2 2 2 2 2 2
left_child=10 6 -3 4 5 -4 7 -2 9 -9 11 12 13 -1
right_child=1 2 3 -5 -6 -7 -8 8 -10 -11 -12 -13 -14 -15
leaf_value=-0.0067432312158615315 -0.0038432751537123169 0.00042220785701621561 0.00042220785701621561 0.01288032889695556 0.01288032889695556 0.012753494991838988 0.00042220785701621561 -0.0038432751537123169 0.00042220785701621561 0.00042220785701621561 -0.00060123998052971086 -0.00060123998052971086 -0.0038432751537123169 -0.0038432751537123169
leaf_weight=11.33708033151925 9.9131766734644824 24.492695295950398 9.8755774793680775 9.609445847803725 2.3366398790385565 1.6832076085265715 9.8354032372590137 1.8107375835534179 4.9646086727734655 1.0139129343442617 5.5949697114992878 3.0450856448151162 11.496684589190407 0.55536659131757993
leaf_count=2816 947 1607 439 177 46 63 415 124 298 26 1339 698 2730 123
internal_value=-1.36652e-05 0.0016392 0.0035338 0.00662662 0.00172747 0.000422208 -0.00167115 -0.00384328 0.000422208 -0.00384328 -0.00384328 -0.00448254 -0.00497959 -0.00632093
internal_weight=107.565 75.5354 47.9976 23.5049 13.8954 11.5588 27.5378 17.7024 7.78926 2.82465 32.0292 26.4342 23.3891 11.8924
internal_count=11848 4142 2332 725 548 502 1810 1395 448 150 7706 6367 5669 2939
is_linear=0
shrinkage=0.03


Tree=45
num_leaves=14
num_cat=0
split_feature=8 10 2 7 3 4 7 10 0 9 8 7 8
split_gain=1.069 1.05196 1.7846 0.731172 0.500589 0.267027 0.236848 0.118229 0.051001 0.0223954 0.0152552 0.00746005 0.00247939
threshold=76.516544117647072 70.859704641350234 91.805200341005971 76.516544117647072 88.628341452150309 97.882975412387196 95.603864734299535 95.932156646442365 98.282206002794254 97.35087719298248 11.189358372456967 82.025641025641036 11.189358372456967
decision_type=2 2 2 2 2 2 2 2 2 2 2 2 2
left_child=4 6 3 -3 5 7 11 8 9 10 -1 -2 -11
right_child=1 2 -4 -5 -6 -7 -8 -9 -10 12 -12 -13 -14
leaf_value=-0.0079036828393256875 0.00013085410194055161 0.00013085410194055161 0.02005618116220104 0.011422099795414193 0.00013085410194055161 0.00013085410194055161 0.010847560047269385 0.00013085410194055161 0.00013085410194055161 -0.0017275879583423506 -0.0046327099389196786 0.0022006059004973178 6.1015813268065818e-05
leaf_weight=3.0875406509730956 17.688709415495428 7.6065437849611062 7.4490100662223986 4.4853854458779097 23.520149508258328 1.3373555596917857 0.85619547101668914 2.315051549114286 0.29352167481556435 0.48638294730335352 33.855318558868021 4.5914352477993807 1.1911587696522472
leaf_count=719 1498 425 88 146 1047 94 28 434 8 114 6533 301 253
internal_value=0.000877326 0.00452344 0.00946467 0.00190639 -0.00150959 -0.00367513 0.000130854 -0.00441179 -0.00481878 -0.00495238 -0.00510719 0.000130854 -0.000909103
internal_weight=108.764 42.6773 19.5409 12.0919 66.0865 42.5663 23.1363 41.229 38.9139 38.6204 36.9429 22.2801 1.67754
internal_count=11688 2486 659 571 9202 8155 1827 8061 7627 7619 7252 1799 367
is_linear=0
shrinkage=0.03


Tree=46
num_leaves=15
num_cat=0
split_feature=8 10 2 3 4 7 4 1 10 1 0 9 7 8
split_gain=1.04443 1.11179 1.79585 0.459699 0.42837 0.345475 0.250465 0.153484 0.13702 0.0861226 0.0396278 0.0600297 0.0148509 0.00907254
threshold=76.516544117647072 70.859704641350234 52.510066592077166 88.628341452150309 78.097750973740446 56.0701754385965 97.882975412387196 18.781778293973421 95.932156646442365 80.049290986791007 98.282206002794254 79.679679679679694 87.026647966339425 71.16161616161618
decision_type=2 2 2 2 2 2 2 2 2 2 2 2 2 2
left_child=3 -2 -3 6 5 -4 8 -6 9 10 11 -1 13 -11
right_child=1 2 4 -5 7 -7 -8 -9 -10 12 -12 -13 -14 -15
leaf_value=-0.0063840684642684446 9.5623001011409625e-07 9.5623001011409625e-07 9.5623001011409625e-07 9.5623001011409625e-07 0.010934505276956661 0.010934505276956661 9.5623001011409625e-07 0.020901721357112425 9.5623001011409625e-07 -0.001547291509834214 -0.001547291509834214 -0.0027204338878164705 9.5623001011409625e-07 9.5623001011409625e-07
leaf_weight=23.655349645297981 23.166735992999747 4.3760908995755043 0.77181211183778708 23.714156026020646 6.1619447304401529 1.7686814179178325 1.3377098087221373 6.4202214381657541 2.3695208886638275 5.7387909705284974 0.29390356410294671 7.4707438487093887 0.98525520111434151 0.48368651350028802
leaf_count=4733 1827 329 70 1047 81 105 94 74 434 1223 8 1399 175 89
internal_value=0.000899853 0.00450391 0.0095929 -0.0014607 0.0147395 0.00238053 -0.00358412 0.016876 -0.00431525 -0.00477979 -0.00545072 -0.00561679 -0.00154729 -0.00154729
internal_weight=108.715 42.6655 19.4988 66.0491 15.1227 2.54049 42.335 12.5822 40.9973 38.6277 31.42 31.1261 7.20773 6.22248
internal_count=11688 2486 659 9202 330 175 8155 155 8061 7627 6140 6132 1487 1312
is_linear=0
shrinkage=0.03


Tree=47
num_leaves=11
num_cat=0
split_feature=5 8 10 2 2 3 4 4 8 11
split_gain=0.932475 0.702377 0.888733 1.31917 0.52159 0.315029 0.2471 0.150093 0.0296703 0.0168514
threshold=68.335532102022867 76.516544117647072 70.859704641350234 91.805200341005971 52.510066592077166 88.628341452150309 97.882975412387196 19.186752434834279 11.189358372456967 85.856122197585634
decision_type=2 2 2 2 2 2 2 2 2 2
left_child=8 5 -3 4 -4 6 -2 -7 9 -1
right_child=1 2 3 -5 -6 7 -8 -9 -10 -11
leaf_value=-0.0075310046554270755 -0.0032539885798964397 0.00092173416225439135 0.00092173416225439135 0.019447687005566917 0.0088976197242288026 -0.0032539885798964397 0.00092173416225439135 0.00092173416225439135 -0.0032539885798964397 -0.0032539885798964397
leaf_weight=2.4464986550156023 14.997619797475638 17.903431817190722 3.2555010304786283 7.1219041706062844 7.1366562384646386 1.2321217763237715 1.3257568993140001 22.436136866919696 30.011737421154976 0.43447474017739285
leaf_count=612 1832 545 71 59 99 78 90 952 7248 102
internal_value=0.000897718 0.00272754 0.00574168 0.0103529 0.00296004 -1.68026e-05 -0.00325399 0.000921734 -0.00325399 -0.0063538
internal_weight=108.302 75.4091 35.4175 17.5141 10.3922 39.9916 16.3234 23.6683 32.8927 2.88097
internal_count=11688 3726 774 229 170 2952 1922 1030 7962 714
is_linear=0
shrinkage=0.03


Tree=48
num_leaves=12
num_cat=0
split_feature=5 8 2 10 11 9 11 5 1 9 10
split_gain=0.790567 0.615762 0.926148 1.08095 0.202732 0.151459 0.080331 0.0713209 0.0520069 0.011067 0.00390461
threshold=68.335532102022867 92.907444668008068 52.510066592077166 71.525096525096544 23.354318328133516 85.805860805860817 57.125930941096819 38.639024909516714 81.997831357594535 53.896761133603242 81.046869654464601
decision_type=2 2 2 2 2 2 2 2 2 2 2
left_child=6 4 -3 -4 5 -2 7 8 10 -6 -1
right_child=1 2 3 -5 9 -7 -8 -9 -10 -11 -12
leaf_value=-0.0071724438070863749 -0.0029583650285583902 0.001049921423176103 0.001049921423176103 0.016603539949882479 -0.00019868086670042222 0.001049921423176103 -0.00067724067440796184 -0.0029583650285583902 -0.0029583650285583902 0.001049921423176103 -0.0029583650285583902
leaf_weight=8.1778359734453243 6.2566957680974138 3.9533969382755485 3.3699932883027932 9.4888185884337855 27.503512049093843 2.3776446974370629 10.305910570314152 9.2828467399813217 3.3905274216085663 22.249063907889649 1.6100936022121466
leaf_count=2087 538 104 88 97 1556 238 2467 2193 811 1105 404
internal_value=0.000872695 0.00255896 0.0074465 0.0116712 0.00104992 -0.00295837 -0.00295837 -0.00393153 -0.00554904 0.00104992 -0.00669615
internal_weight=107.966 75.1991 16.8122 12.8588 58.3869 8.63434 32.7672 22.4613 13.1785 49.7526 9.78793
internal_count=11688 3726 289 185 3437 776 7962 5495 3302 2661 2491
is_linear=0
shrinkage=0.03


Tree=49
num_leaves=13
num_cat=0
split_feature=8 2 10 2 1 3 4 1 9 3 10 2
split_gain=0.718923 1.02728 1.19698 0.954442 0.37886 0.236647 0.113773 0.087825 0.119343 0.0346317 0.0145419 0.000733297
threshold=92.907444668008068 52.510066592077166 70.859704641350234 91.805200341005971 32.710249761157371 65.196647104317393 97.882975412387196 90.174156295063113 81.87294633077768 24.358960426435992 56.997863247863258 50.239246773316545
decision_type=2 2 2 2 2 2 2 2 2 2 2 2
left_child=5 -2 -3 4 -4 6 7 8 -1 10 -10 -12
right_child=1 2 3 -5 -6 -7 -8 -9 9 -11 11 -13
leaf_value=-0.0050617351356361581 -0.00026556324973018051 -0.00026556324973018051 -0.00026556324973018051 0.022972846940330107 0.011669562459825875 -0.00026556324973018051 -0.00026556324973018051 -0.00026556324973018051 -0.0047001538673811395 -0.00026556324973018051 -0.0011502959133687864 -0.00026556324973018051
leaf_weight=20.827818110818054 5.4479938442818847 3.3289349402766666 2.8067821424920094 5.495028187520802 2.4530666179489344 58.366305077448487 0.61518801050260563 2.8337555648758999 1.2715533007867623 3.4600280674640089 0.35099648754112411 0.30396032449789345
leaf_count=5030 480 230 56 56 66 3815 35 652 316 792 87 73
internal_value=0.000910513 0.00596584 0.0104187 0.015166 0.00464317 -0.000265563 -0.00290149 -0.003506 -0.00407356 -0.000265563 -0.00354706 -0.000265563
internal_weight=107.561 19.5318 14.0838 10.7549 5.25985 88.0296 29.6633 29.0481 26.2144 5.38654 1.92651 0.654957
internal_count=11688 888 408 178 122 10800 6985 6950 6298 1268 476 160
is_linear=0
shrinkage=0.03


Tree=50
num_leaves=12
num_cat=0
split_feature=11 9 8 2 7 3 3 3 5 3 10
split_gain=0.527699 1.42959 1.00736 0.61515 0.316216 0.206889 0.201373 0.091006 0.104916 0.0407743 0.00951618
threshold=90.2038593215064 46.453722334004034 88.2734912146677 80.955073490894534 21.294035577258459 95.597438463584893 87.454394492187973 76.546004249060317 87.052727826882062 74.941723675130561 81.661396953147474
decision_type=2 2 2 2 2 2 2 2 2 2 2
left_child=4 -2 3 5 10 -3 9 8 -6 -5 -1
right_child=1 2 -4 6 7 -7 -8 -9 -10 -11 -12
leaf_value=-0.0073253692910126228 -0.00086681577325944351 -0.00086681577325944351 0.022761778569724181 -0.00086681577325944351 -0.003462915742169807 0.0085296322126823115 0.018539399961697924 -0.00086681577325944351 -0.00086681577325944351 0.004966114175371638 -0.003462915742169807
leaf_weight=6.1949844474438569 8.8134644713718462 3.7804702303837967 3.5614223524462432 0.5964907880406829 30.044368262402713 1.2516318154521284 1.5301185203716157 46.633286564378068 2.4711011585313818 0.74189826101064682 1.3220944111235438
leaf_count=1239 599 344 50 93 6990 21 33 1963 77 29 245
internal_value=0.000163303 0.00440024 0.0114078 0.00430737 -0.000866816 -0.000866816 0.0134477 -0.000866816 -0.00271155 0.00218764 -0.00665497
internal_weight=106.941 20.2755 11.462 7.90061 86.6658 5.0321 2.86851 79.1488 32.5155 1.33839 7.51708
internal_count=11683 1169 570 520 10514 365 155 9030 7067 122 1484
is_linear=0
shrinkage=0.03


Tree=51
num_leaves=9
num_cat=0
split_feature=1 3 11 10 9 11 2 8
split_gain=0.655711 0.883566 0.412604 0.329709 0.314206 0.182229 0.0748913 0.0673778
threshold=80.049290986791007 89.009287925696611 22.039839016505208 45.512082853855013 6.6228070175438605 65.422286159563626 91.056680401980273 68.599439775910369
decision_type=2 2 2 2 2 2 2 2
left_child=4 -2 -3 -4 5 -1 -7 -5
right_child=1 2 3 7 -6 6 -8 -9
leaf_value=-0.014060923283613934 -0.001109926304514518 -0.0010818896782869274 0.0029207428970742947 0.0072160234932205558 -0.001109926304514518 -0.0070777974320800499 -0.001109926304514518 0.01857703796778773
leaf_weight=1.6784695126116269 10.502861467888581 2.4281827653758219 3.1538594223093224 2.6868517806287855 80.83612916781567 0.95983754028566159 0.46031224518083036 4.0610566264949739
leaf_count=278 2018 96 86 93 8908 142 17 45
internal_value=0.000125119 0.00452129 0.009681 0.0121775 -0.00110993 -0.00943434 -0.00110993 0.0155686
internal_weight=106.768 22.8328 12.33 9.90177 83.9347 3.09862 1.42015 6.74791
internal_count=11683 2338 320 224 9345 437 159 138
is_linear=0
shrinkage=0.03


Tree=52
num_leaves=13
num_cat=0
split_feature=1 3 11 10 9 8 4 11 8 10 11 11
split_gain=0.608201 0.850385 0.411146 0.349167 0.259535 0.156277 0.167766 0.116534 0.0367321 0.0143375 0.0444737 0.0148863
threshold=80.049290986791007 89.009287925696611 22.039839016505208 45.512082853855013 6.6228070175438605 64.747307373653697 97.882975412387196 65.422286159563626 68.599439775910369 98.213156230234048 56.016903481526128 96.863686630580304
decision_type=2 2 2 2 2 2 2 2 2 2 2 2
left_child=4 -2 -3 -4 7 6 9 -1 -5 11 -11 -6
right_child=1 2 3 8 5 -7 -8 -9 -10 10 -12 -13
leaf_value=-0.01287517769725806 -0.0009549290649773941 -0.0009549290649773941 0.0026227936555270606 0.007569471962375323 -0.0039839320915588021 -0.0009549290649773941 -0.0009549290649773941 -0.0039839320915588021 0.018125270738237439 -0.0039839320915588021 -0.0009549290649773941 -0.0009549290649773941
leaf_weight=1.6100852270610624 10.499555707210677 2.437090669758617 3.1997780601959658 2.7881874821614474 29.395170930307366 45.780903823208064 2.474209966370835 1.3950577680952845 4.1099817818030715 0.5636002484243352 0.94669194985181093 1.4142695951741178
leaf_count=278 2018 96 86 93 5492 2931 151 159 45 82 86 166
internal_value=0.000244083 0.00445336 0.00946392 0.011922 -0.000954929 -0.000954929 -0.00302782 -0.0086066 0.0153573 -0.00398393 -0.000954929 -0.00398393
internal_weight=106.615 23.0346 12.535 10.0979 83.58 80.5748 34.7939 3.00514 6.89817 32.3197 1.51029 30.8094
internal_count=11683 2338 320 224 9345 8908 5977 437 138 5826 168 5658
is_linear=0
shrinkage=0.03


Tree=53
num_leaves=11
num_cat=0
split_feature=5 8 11 7 3 3 4 4 3 11
split_gain=0.352115 0.361931 0.404275 1.18431 0.377176 0.20749 0.13582 0.0911026 0.0148981 0.0355354
threshold=53.799438863245548 64.747307373653697 90.2038593215064 78.989813242784393 95.597438463584893 88.628341452150309 97.882975412387196 33.49515421097594 31.933576656531802 60.815437286025528
decision_type=2 2 2 2 2 2 2 2 2 2
left_child=8 5 -3 4 -4 6 -2 -7 9 -1
right_child=1 2 3 -5 -6 7 -8 -9 -10 -11
leaf_value=-0.0051896862501697224 -0.002829442361320658 0.0010735834534070787 0.0010735834534070787 0.017468720124826323 0.011572202223072023 -0.002829442361320658 0.0010735834534070787 0.0010735834534070787 -0.002829442361320658 -0.002829442361320658
leaf_weight=10.022144882241284 15.73358592158184 37.349869745317847 5.6885436046868545 4.8475100575014949 2.2734694089740515 1.4598596391733707 1.228279880946501 12.816676030168308 11.268616122193633 3.8237265930511048
leaf_count=2574 2808 1428 168 55 27 146 93 699 2751 934
internal_value=0.000208257 0.00116847 0.00272656 0.00711952 0.00107358 -0.0013403 -0.00282944 0.00107358 -0.00282944 -0.00403045
internal_weight=106.512 81.3978 50.1594 12.8095 7.96201 31.2384 16.9619 14.2765 25.1145 13.8459
internal_count=11683 5424 1678 250 195 3746 2901 845 6259 3508
is_linear=0
shrinkage=0.03


Tree=54
num_leaves=11
num_cat=0
split_feature=1 3 11 10 8 4 7 5 0 5
split_gain=0.482897 0.768737 0.369883 0.412447 0.181361 0.147845 0.106641 0.0527758 0.01026 0.00324003
threshold=80.049290986791007 89.009287925696611 22.039839016505208 36.297760210803695 64.747307373653697 97.882975412387196 51.538825757575765 97.146250424160186 97.52771767697142 27.141110723017814
decision_type=2 2 2 2 2 2 2 2 2 2
left_child=4 -2 -3 -4 5 7 -5 8 9 -1
right_child=1 2 3 6 -6 -7 -8 -9 -10 -11
leaf_value=-0.0055702483083685372 -0.00082126191699634138 -0.00082126191699634138 0.00010479755918073348 0.0071269204447158615 -0.00082126191699634138 -0.00082126191699634138 0.017616287286776854 -0.00082126191699634138 -0.00082126191699634138 -0.0036368246080233303
leaf_weight=5.4744533589109841 10.413756006397309 2.4112899063620707 2.4736856766976398 3.7546662422828376 46.976610490470193 2.5675725566688916 4.1516169738024473 1.7631875437218685 0.28368376917205651 25.905216759885661
leaf_count=1440 2018 96 69 97 3004 164 58 104 28 4605
internal_value=0.000257347 0.00398857 0.00870864 0.0109844 -0.000821262 -0.00292612 0.0139944 -0.00376158 -0.00407503 -0.00413574
internal_weight=106.176 23.205 12.7913 10.38 82.9707 35.9941 7.90628 33.4265 31.6634 31.3797
internal_count=11683 2338 320 224 9345 6341 155 6177 6073 6045
is_linear=0
shrinkage=0.03


Tree=55
num_leaves=10
num_cat=0
split_feature=10 3 11 8 11 4 9 4 11
split_gain=0.370174 0.609326 0.721874 0.22463 0.189263 0.110487 0.097144 0.0763187 0.0244546
threshold=97.937925170068027 56.998637827653383 26.335288669342393 25.176056338028172 21.712244395171229 82.802607802607824 76.50689905591868 72.22875816993465 95.339962409834413
decision_type=2 2 2 2 2 2 2 2 2
left_child=3 -2 -3 8 6 -4 -5 -8 -1
right_child=1 2 5 4 -6 -7 7 -9 -10
leaf_value=-0.00530580007742322 -0.00089935875542905444 -0.00089935875542905444 0.0041536402090097194 -0.0049186215893668095 -0.00089935875542905444 0.020889082118067885 -0.0047165066704492669 -0.00089935875542905444 -0.00089935875542905444
leaf_weight=10.628817225806406 1.2812549313530315 0.90464037004858244 1.0623842726927253 8.4190637100255099 72.411857596947812 2.3760644341818988 3.7757909384090445 2.7565715359523892 0.93585040746256787
leaf_count=2270 221 52 97 966 7089 53 646 224 119
internal_value=-0.000448157 0.00642586 0.0121127 -0.000899359 -0.000899359 0.0178191 -0.00444951 -0.00100901 -0.00491862
internal_weight=104.552 5.62434 4.34309 98.928 87.3633 3.43845 14.9514 6.53236 11.5647
internal_count=11737 423 202 11314 8925 150 1836 870 2389
is_linear=0
shrinkage=0.03


Tree=56
num_leaves=12
num_cat=0
split_feature=10 1 5 8 11 9 1 1 3 9 11
split_gain=0.334917 0.58956 0.438887 0.189441 0.207622 0.0670727 0.0457468 0.0386887 0.0212723 0.0171407 0.00369628
threshold=97.937925170068027 22.773479232089098 87.852622061482847 25.176056338028172 21.712244395171229 76.50689905591868 38.285108148702278 49.417236751305452 47.831312709030108 98.418581665431205 51.067363628699106
decision_type=2 2 2 2 2 2 2 2 2 2 2
left_child=3 -2 8 7 5 -5 9 -1 -3 -7 -10
right_child=1 2 -4 4 -6 6 -8 -9 10 -11 -12
leaf_value=-0.0075915678293422073 -0.00087671855732416877 -0.00087671855732416877 0.018536612163323706 -0.0045838172103841958 -0.00087671855732416877 -0.0045838172103841958 -0.00087671855732416877 -0.0045838172103841958 -8.0704597965274008e-05 -0.00087671855732416877 0.0032944219000757458
leaf_weight=5.17153496830724 2.0204565064050248 0.754133439389989 2.314388410653919 8.3156813990790379 72.536595880636014 1.6589848769363 4.4828224815428257 6.2908356235129759 0.31422793213278055 0.33578974287956964 0.33211818034760654
leaf_count=1110 117 153 36 966 7089 222 574 1279 61 74 56
internal_value=-0.000443734 0.00603735 0.0125766 -0.000876719 -0.000876719 -0.00454672 -0.00128448 -0.00458382 -0.000876719 -0.00458382 0.00260121
internal_weight=104.528 5.73532 3.71487 98.7922 87.3299 14.7933 6.4776 11.4624 1.40048 1.99477 0.646346
internal_count=11737 423 306 11314 8925 1836 870 2389 270 296 117
is_linear=0
shrinkage=0.03


Tree=57
num_leaves=8
num_cat=0
split_feature=11 3 5 1 1 3 11
split_gain=0.292371 0.758196 0.182881 0.103922 0.104735 0.0134568 0.00326983
threshold=98.694481371646745 92.508966047811398 38.285108148702278 81.607706509439595 6.8839839623687604 29.151464830729328 59.157522809946933
decision_type=2 2 2 2 2 2 2
left_child=2 -2 3 5 -4 6 -1
right_child=1 -3 4 -5 -6 -7 -8
leaf_value=-0.0071572318866659186 -0.00073357904132989702 0.017873241420257775 -0.0043642352349944685 -0.00073357904132989702 -0.00073357904132989702 -0.0043642352349944685 -0.0043642352349944685
leaf_weight=6.6714413879672048 2.1311433883383866 1.7697294573299585 8.99811914260499 4.4977540993131688 74.104940699180588 3.7941522283945242 2.3847667349036783
leaf_count=1757 146 21 676 1087 6494 967 589
internal_value=-0.000391441 0.00677091 -0.000733579 -0.00373356 -0.000733579 -0.00505957 -0.00630441
internal_weight=104.352 3.90087 100.451 17.3481 83.1031 12.8504 9.05621
internal_count=11737 167 11570 4400 7170 3313 2346
is_linear=0
shrinkage=0.03


Tree=58
num_leaves=13
num_cat=0
split_feature=10 11 3 1 9 1 11 1 8 1 1 1
split_gain=0.302306 0.490395 0.933282 0.834176 0.197359 0.134833 0.2212 0.101957 0.106924 0.246501 0.101938 0.00738583
threshold=61.80340557275543 43.970848318674406 92.508966047811398 31.933576656531802 35.160160160160167 86.707871554418873 94.743749136621091 92.891576061704328 89.323708206686945 36.707371556217431 99.023197566939004 7.3198638164871364
decision_type=2 2 2 2 2 2 2 2 2 2 2 2
left_child=4 10 7 -4 5 6 -1 8 -3 11 -2 -10
right_child=1 2 3 -5 -6 -7 -8 -9 9 -11 -12 -13
leaf_value=-0.0083440833422812055 -0.0018949925945624571 -0.0018949925945624571 -0.0004890111831917643 0.015159532279438705 -0.0018949925945624571 -0.0018949925945624571 -0.0018949925945624571 0.0053525458598650414 -0.0018949925945624571 0.0053525458598650414 0.0053525458598650414 -0.0004890111831917643
leaf_weight=11.234103962080551 16.708422456402342 12.992808845127021 4.6554728869814408 7.6477085086517036 39.759901513461955 2.038858243264257 1.6450943583622564 1.3564594851341087 1.3421194029506289 2.3832280836068094 0.64489330491050978 1.9210426611825822
leaf_count=1997 1706 1791 99 121 5114 309 128 134 24 186 28 100
internal_value=-0.000372394 0.00130863 0.00348776 0.00964654 -0.00189499 -0.00526903 -0.00659164 -0.000580661 -0.00126301 -0.000489011 -0.00189499 -0.00189499
internal_weight=104.33 49.6522 32.2988 12.3032 54.678 14.9181 12.8792 19.9957 18.6392 5.64639 17.3533 3.26316
internal_count=11737 4189 2455 220 7548 2434 2125 2235 2101 310 1734 124
is_linear=0
shrinkage=0.03


Tree=59
num_leaves=12
num_cat=0
split_feature=9 10 4 8 11 10 11 10 11 1 11
split_gain=0.304224 0.460385 0.320016 0.193578 0.12913 0.200003 0.0570039 0.0517613 0.043796 0.0400584 0.0150055
threshold=95.079883805374024 70.859704641350234 73.795590185676417 25.176056338028172 21.712244395171229 77.8888888888889 18.75715102974829 85.239651416122015 54.409912579641436 49.417236751305452 92.928061098792824
decision_type=2 2 2 2 2 2 2 2 2 2 2
left_child=3 6 8 7 5 -5 -2 9 -3 -1 -11
right_child=1 2 -4 4 -6 -7 -8 -9 -10 10 -12
leaf_value=-0.0083431396298179993 -0.0048011271333651719 -0.00057775222751729174 0.0185632676158103 -0.0048011271333651719 -0.0008290128200257042 -0.0008290128200257042 -0.00057775222751729174 -0.0008290128200257042 0.0044439081996471277 -0.0048011271333651719 -0.0008290128200257042
leaf_weight=4.1477581288199818 1.5129786762408901 0.45663997763767861 1.6570454658940432 9.5003288135630992 74.188575904467143 3.6086721981409928 2.5751884549390525 1.079522768501193 0.5763215662445873 4.387130472343415 0.47134709591045965
leaf_count=894 239 91 60 1240 7210 385 306 256 28 963 65
internal_value=-0.000380925 0.00533574 0.0130485 -0.000829013 -0.000829013 -0.00397565 -0.000829013 -0.00480113 -0.000577752 -0.00554114 -0.00480113
internal_weight=104.162 6.77817 2.69001 97.3833 87.2976 13.109 4.08817 10.0858 1.03296 9.00624 4.85848
internal_count=11737 724 179 11013 8835 1625 545 2178 119 1922 1028
is_linear=0
shrinkage=0.03


Tree=60
num_leaves=15
num_cat=0
split_feature=5 8 2 11 1 8 7 3 1 11 1 4 1 9
split_gain=0.824682 0.492852 0.943556 0.699148 0.496442 0.288378 0.363306 0.116828 0.116453 0.110267 0.0812104 0.0467646 0.0315293 0.0142773
threshold=75.364086249558156 64.747307373653697 78.820172643531677 90.2038593215064 6.1150582482381717 94.014925373134346 74.239631336405537 31.933576656531802 45.411196362603015 60.815437286025528 81.218221706026597 74.59388881410689 97.146250424160186 97.35087719298248
decision_type=2 2 2 2 2 2 2 2 2 2 2 2 2 2
left_child=7 10 8 4 -4 6 -6 9 -3 11 -2 12 13 -1
right_child=1 2 3 -5 5 -7 -8 -9 -10 -11 -12 -13 -14 -15
leaf_value=-0.006874576611958675 -0.00074998274039483751 -0.00023880092739375199 0.00090881626572527252 0.017174668386663244 0.00090881626572527252 0.014602896777421439 0.01033252483246511 -0.00074998274039483751 0.00090881626572527252 -0.00074998274039483751 0.00090881626572527252 -0.00074998274039483751 -0.00074998274039483751 -0.00074998274039483751
leaf_weight=8.8978386939270298 17.379430087050437 8.2518583317287284 3.4160814268980202 6.4760500926058731 3.9530195209663344 3.9002854130230844 3.8983120271004736 21.548163740313612 15.767940832301973 4.076327614719049 5.9620501059107474 0.91585238883271891 0.31477071414701718 0.48566230223514217
leaf_count=2334 1677 273 79 77 115 37 47 5114 296 996 270 222 74 119
internal_value=0.00140214 0.0033103 0.00509071 0.0094866 0.00534482 0.00865821 0.00438892 -0.00222267 0.000908816 -0.00419735 -0.000238801 -0.00571473 -0.00629484 -0.00662063
internal_weight=105.244 69.005 45.6635 21.6437 15.1677 11.7516 7.85133 36.2386 24.0198 14.6905 23.3415 10.6141 9.69827 9.3835
internal_count=11730 2871 924 355 278 199 162 8859 569 3745 1947 2749 2527 2453
is_linear=0
shrinkage=0.03


Tree=61
num_leaves=15
num_cat=0
split_feature=5 8 2 1 7 10 3 1 10 10 10 1 1 10
split_gain=0.700467 0.433361 0.826757 0.588509 0.516418 0.277927 0.11128 0.110448 0.107542 0.0849091 0.0836992 0.0522507 0.0243926 0.0225367
threshold=75.364086249558156 64.747307373653697 78.820172643531677 6.1150582482381717 58.397435897435905 58.397435897435905 31.933576656531802 45.411196362603015 77.8888888888889 83.438818565400865 40.138888888888893 81.218221706026597 59.339236353302859 11.803405572755418
decision_type=2 2 2 2 2 2 2 2 2 2 2 2 2 2
left_child=6 11 7 8 5 -5 9 -3 -4 12 -8 13 -1 -2
right_child=1 2 3 4 -6 -7 10 -9 -10 -11 -12 -13 -14 -15
leaf_value=-0.0061735152739075486 -0.0032006247699768149 -0.00015035230746970088 -0.00015035230746970088 0.00094091678529143591 0.014911551819036216 0.010004763172541497 -0.0032006247699768149 0.00094091678529143591 0.0052002116118066849 -0.0005012124536780899 -0.00015035230746970088 0.00094091678529143591 -0.0032006247699768149 -0.00015035230746970088
leaf_weight=6.7980793316382844 1.9102244619280337 8.2375755405519175 2.7678736189845976 2.5632782392203834 11.481225046096368 2.2753260291647166 7.396706435596573 15.728554063709451 2.3901300244033337 2.3573909358819956 14.124755487777291 5.9439537739381185 5.448116954183206 15.419152063084764
leaf_count=1759 192 273 83 82 131 38 1793 296 21 591 3321 270 1395 1485
internal_value=0.00142247 0.00318456 0.00485894 0.00899452 0.0116558 0.00269961 -0.00192487 0.000940917 0.000940917 -0.00385635 -0.000501212 -0.000150352 -0.00486565 -0.000150352
internal_weight=104.842 68.7173 45.444 21.4778 16.3198 4.8386 36.125 23.9661 5.158 14.6036 21.5215 23.2733 12.2462 17.3294
internal_count=11730 2871 924 355 251 120 8859 569 104 3745 5114 1947 3154 1677
is_linear=0
shrinkage=0.03


Tree=62
num_leaves=15
num_cat=0
split_feature=5 11 1 7 2 11 3 2 4 3 11 10 11 3
split_gain=0.620381 0.332667 0.612773 0.402907 0.68086 0.61176 0.287995 0.241428 0.125657 0.0779142 0.0902619 0.0773404 0.0507203 0.0228411
threshold=75.364086249558156 23.354318328133516 6.5138816134101623 75.192307692307708 76.480071652485449 77.399087399087406 91.716991245309998 78.820172643531677 80.437440204103339 21.987780619494178 60.815437286025528 81.046869654464601 91.716991245309998 96.381176881438805
decision_type=2 2 2 2 2 2 2 2 2 2 2 2 2 2
left_child=9 -2 13 6 12 -6 7 -4 -9 10 11 -1 -5 -3
right_child=1 2 3 4 5 -7 -8 8 -10 -11 -12 -13 -14 -15
leaf_value=-0.007393367885349676 -0.0016327432137609506 -0.0016327432137609506 -0.0016327432137609506 0.0032191936786480535 0.0032191936786480535 0.021789403001727149 0.0032191936786480535 -0.0016327432137609506 0.0032191936786480535 -0.0016327432137609506 -0.0016327432137609506 -0.0016327432137609506 0.0071159204385825812 0.0032191936786480535
leaf_weight=5.9164430173113924 10.870884125120936 5.8195180823095134 8.5410614707507175 5.8822746407240611 2.8926409431733182 4.0789322664495558 19.684780611190945 1.3959188724402327 5.5449851432349533 26.035558657255024 2.6982127916999161 1.3672311820555476 2.7727583923842758 1.0296777896583078
leaf_count=1560 665 327 651 168 73 55 522 98 239 6281 666 352 36 37
internal_value=0.00140025 0.00306064 0.00395853 0.00515665 0.00906094 0.01544 0.00321919 -0.000824912 0.00321919 -0.00175556 -0.0042171 -0.00598969 0.00321919 -0.00163274
internal_weight=104.531 68.5134 57.6425 50.7934 15.6266 6.97157 35.1667 15.482 6.9409 36.0174 9.98189 7.28367 8.65503 6.8492
internal_count=11730 2871 2206 1842 332 128 1510 988 337 8859 2578 1912 204 364
is_linear=0
shrinkage=0.03


Tree=63
num_leaves=12
num_cat=0
split_feature=5 8 2 10 1 8 1 3 3 10 1
split_gain=0.548094 0.331405 0.559472 0.960311 0.703366 0.164962 0.0797121 0.0750573 0.0249492 0.0350655 0.0106112
threshold=53.799438863245548 72.029411764705898 78.987668298832219 64.031250000000014 18.781778293973421 25.176056338028172 8.4869282630838647 95.597438463584893 21.987780619494178 83.438818565400865 92.508966047811398
decision_type=2 2 2 2 2 2 2 2 2 2 2
left_child=8 5 -3 -4 -5 -2 7 -7 9 10 -1
right_child=1 2 3 4 -6 6 -8 -9 -10 -11 -12
leaf_value=-0.0055665481098707455 -0.0024418785388920874 0.0010644175390049379 0.0010644175390049379 0.005097727291721801 0.020306499283609922 -0.0024418785388920874 0.0010644175390049379 0.0010644175390049379 -0.0024418785388920874 -0.0024418785388920874 -0.0024418785388920874
leaf_weight=7.3424139160197424 5.8306863876059642 20.811777357943356 6.2986684178467867 6.3952828287146968 5.3749395171180367 3.5506013832055023 30.577218510909006 0.6724737628828733 15.347115624696015 1.6606343560852099 0.66028956323862065
leaf_count=1946 998 875 253 96 81 424 2610 45 3828 417 157
internal_value=0.00136402 0.00257663 0.00452081 0.0082373 0.0130892 0.000652306 0.00106442 -0.00244188 -0.00244188 -0.00407434 -0.00514823
internal_weight=104.522 79.5116 38.8807 18.0689 11.7702 40.631 34.8003 4.22308 25.0105 9.66334 8.0027
internal_count=11730 5382 1305 430 177 4077 3079 469 6348 2520 2103
is_linear=0
shrinkage=0.03


Tree=64
num_leaves=14
num_cat=0
split_feature=3 8 2 11 9 1 2 1 3 4 1 11 10
split_gain=0.43325 0.315267 0.77832 0.646917 1.36948 0.263281 0.131774 0.101015 0.0811841 0.156893 0.0389792 0.0119843 0.037067
threshold=33.093512767425814 76.516544117647072 72.391789957590092 85.26942981399246 46.453722334004034 26.335288669342393 9.6778713190950203 99.023197566939004 87.852622061482847 97.882975412387196 85.888279745147443 60.815437286025528 81.046869654464601
decision_type=2 2 2 2 2 2 2 2 2 2 2 2 2
left_child=11 6 7 5 -5 -4 -2 -3 9 10 -8 12 -1
right_child=1 2 3 4 -6 -7 8 -9 -10 -11 -12 -13 -14
leaf_value=-0.0057440760179256357 -0.0031885613275390362 0.00062571653288898479 0.00062571653288898479 0.0036899442987882933 0.025151669822390612 0.0036899442987882933 -0.0027121592017964893 0.0036899442987882933 0.00062571653288898479 0.00062571653288898479 0.00062571653288898479 -0.0031885613275390362 -0.0031885613275390362
leaf_weight=8.873435680288809 2.4294725207146248 16.27012426452713 6.8975714610423911 3.1040168784093103 3.9164581180084497 6.0224618357606232 22.305651821661748 0.81366453599184652 23.244281867984682 1.3553696912713338 2.7681444999761871 4.4115318942349413 1.9010491748340417
leaf_count=2355 447 1104 221 73 52 188 4073 21 1049 77 526 1053 491
internal_value=0.00135381 0.00215456 0.004233 0.00818207 0.0149583 0.00368994 0.000625717 0.000625717 0.000625717 -0.00110951 -0.00230654 -0.00318856 -0.00452254
internal_weight=104.313 89.1272 37.0243 19.9405 7.02047 12.92 52.1029 17.0838 49.6734 26.4292 25.0738 15.186 10.7745
internal_count=11730 7831 1659 534 125 409 6172 1125 5725 4676 4599 3899 2846
is_linear=0
shrinkage=0.03


Tree=65
num_leaves=12
num_cat=0
split_feature=1 10 8 11 10 9 1 10 3 9 10
split_gain=0.87578 0.325485 0.199767 0.253021 0.15181 0.203975 0.169435 0.107473 0.0735864 0.0418234 0.0178436
threshold=98.614289143131472 50.316455696202539 25.987012987012989 21.712244395171229 61.25740618828177 59.234892787524366 89.404677533664085 90.582770270270274 98.614289143131472 97.35087719298248 45.512082853855013
decision_type=2 2 2 2 2 2 2 2 2 2 2
left_child=2 10 -1 7 5 6 8 9 -5 -4 -2
right_child=1 -3 3 4 -6 -7 -8 -9 -10 -11 -12
leaf_value=-0.0040148941051706783 0.00038030602799905274 0.01988871095815865 -0.0040148941051706783 -0.0040148941051706783 0.0020952534628901746 0.00038030602799905274 0.00038030602799905274 0.0020952534628901746 0.00038030602799905274 0.00038030602799905274 0.0035837051036296708
leaf_weight=11.235759023227727 0.55469453544355862 1.6903691769111899 11.589808243210415 17.800886592827748 38.275821403833106 17.263936790055595 1.9418917074799527 1.8096957346424467 0.78083373233675857 0.92867405456490892 0.57905592233873904
leaf_count=2416 60 80 1518 2586 2762 1692 223 214 29 159 41
internal_value=0.000108935 0.0142044 -0.000417356 6.88592e-05 0.000380306 -0.000556649 -0.00280055 -0.00354958 -0.00354958 -0.00401489 0.000380306
internal_weight=104.451 2.82412 101.627 90.3915 76.0634 37.7875 20.5236 14.3282 18.5817 12.5185 1.13375
internal_count=11780 181 11599 9183 7292 4530 2838 1891 2615 1677 101
is_linear=0
shrinkage=0.03


Tree=66
num_leaves=11
num_cat=0
split_feature=1 10 8 11 2 10 9 11 10 10
split_gain=0.73103 0.309541 0.167093 0.153523 0.135198 0.0977713 0.0595536 0.0559172 0.0161836 0.00387562
threshold=98.614289143131472 50.316455696202539 25.987012987012989 21.712244395171229 97.793833475419163 61.25740618828177 97.35087719298248 97.815482502651122 44.91274770777877 46.954236239950532
decision_type=2 2 2 2 2 2 2 2 2 2
left_child=2 8 7 4 6 9 -4 -1 -2 -5
right_child=1 -3 3 5 -6 -7 -8 -9 -10 -11
leaf_value=-0.0044442510568513142 -0.00026106491732615756 0.018265754904463513 -0.0038050618798883057 -0.00026106491732615756 -0.00026106491732615756 0.0018181260676654661 -0.00026106491732615756 -0.00026106491732615756 0.0027998543582019452 0.00031733401158075909
leaf_weight=10.547869829111722 0.54703590506687694 1.7684837603010235 12.564241136074992 27.604332556249574 0.47887958399951536 38.522069558966905 1.2521168291568745 0.52888999483548182 0.56185676320455968 9.9493784240912628
leaf_count=2347 58 80 1661 3022 19 2762 211 69 43 1508
internal_value=0.000114333 0.0128999 -0.000370684 -0.000261065 -0.00338565 -0.000261065 -0.00380506 -0.00380506 -0.000261065 -0.000261065
internal_weight=104.325 2.87738 101.448 90.371 14.2952 76.0758 13.8164 11.0768 1.10889 37.5537
internal_count=11780 181 11599 9183 1891 7292 1872 2416 101 4530
is_linear=0
shrinkage=0.03


Tree=67
num_leaves=11
num_cat=0
split_feature=1 10 8 10 9 0 2 10 10 10
split_gain=0.691977 0.3099 0.142283 0.0762628 0.0677373 0.0749105 0.118788 0.0587099 0.0234079 0.0140872
threshold=98.614289143131472 50.316455696202539 25.987012987012989 97.673160173160184 5.6470900876959886 64.527657021171478 88.360777974109325 83.728626585769462 77.58148035333538 44.91274770777877
decision_type=2 2 2 2 2 2 2 2 2 2
left_child=2 9 -1 4 -4 6 7 -6 -7 -2
right_child=1 -3 3 -5 5 8 -8 -9 -10 -11
leaf_value=-0.0035979638350833597 -0.00033398574483933796 0.017899031616081591 -0.0035979638350833597 0.0033260621523158707 -0.0035979638350833597 -0.00033398574483933796 -0.00033398574483933796 -0.00033398574483933796 0.0024508280968010198 0.0025334920394641663
leaf_weight=11.030345850624142 0.54811136936768823 1.7839322034269569 2.3844148823991409 5.4137883633375159 19.089529854361906 43.994402443291619 1.7679982936242584 3.0787692989688358 14.602287125773726 0.55962236155755818
leaf_count=2416 58 80 212 411 4429 2554 321 656 600 43
internal_value=0.000139392 0.0125547 -0.000333986 -0.000333986 -0.000333986 -0.000333986 -0.00212411 -0.00317448 -0.000333986 -0.000333986
internal_weight=104.253 2.89167 101.362 90.3312 84.9174 82.533 23.9363 22.1683 58.5967 1.10773
internal_count=11780 181 11599 9183 8772 8560 5406 5085 3154 101
is_linear=0
shrinkage=0.03


Tree=68
num_leaves=15
num_cat=0
split_feature=1 10 10 2 1 8 10 10 1 9 10 9 10 10
split_gain=0.754669 0.327624 0.09468 0.0879347 0.180785 0.154066 0.143993 0.0790901 0.0621261 0.11892 0.182254 0.0801381 0.029623 0.014364
threshold=98.614289143131472 58.397435897435905 97.673160173160184 82.325611376663574 80.437440204103339 95.932156646442365 85.239651416122015 61.80340557275543 31.933576656531802 78.695035460992912 65.247584541062821 97.35087719298248 33.452380952380956 44.91274770777877
decision_type=2 2 2 2 2 2 2 2 2 2 2 2 2 2
left_child=2 13 3 4 5 6 8 -5 11 10 12 -1 -10 -2
right_child=1 -3 -4 7 -6 -7 -8 -9 9 -11 -12 -13 -14 -15
leaf_value=-0.0061263821504185974 -0.00030634715922047372 0.018508565938772373 0.003177430911330611 -0.00030634715922047372 -0.00030634715922047372 -0.00030634715922047372 -0.00030634715922047372 0.0028844657452654129 -0.0061263821504185974 -0.00030634715922047372 -0.00030634715922047372 -0.00030634715922047372 -0.0034461652526044583 0.0025610134200707824
leaf_weight=12.571822375524782 0.55321159423328869 1.8173804511316118 5.4892807183787218 12.955112505936997 17.74280333891511 3.587936569703742 5.5526849317830047 15.063792464439755 7.0455888413125694 5.9424553617136544 5.9862356540979809 0.36769912182353515 8.8302880953997356 0.58377393754199147
leaf_count=1825 58 75 430 1289 1988 331 788 663 1076 917 726 82 1484 48
internal_value=0.000163443 0.0130213 -0.000335973 -0.000568402 -0.00142495 -0.002517 -0.0031684 -0.000306347 -0.00382596 -0.00284489 -0.00388472 -0.00557877 -0.00550944 -0.000306347
internal_weight=104.09 2.95437 101.136 95.6464 67.6275 49.8847 46.2968 28.0189 40.7441 27.8046 21.8621 12.9395 15.8759 1.13699
internal_count=11780 181 11599 11169 9217 7229 6898 1952 6110 4203 3286 1907 2560 106
is_linear=0
shrinkage=0.03


Tree=69
num_leaves=11
num_cat=0
split_feature=1 10 11 2 10 10 2 10 10 9
split_gain=0.714693 0.290895 0.150954 0.12723 0.129182 0.0835766 0.0595801 0.0284172 0.0154066 0.0101193
threshold=98.614289143131472 58.397435897435905 21.712244395171229 95.027259684361567 32.373653686826849 61.25740618828177 78.611001877410203 97.12215320910974 44.91274770777877 97.35087719298248
decision_type=2 2 2 2 2 2 2 2 2 2
left_child=2 8 3 4 -1 6 -4 9 -2 -6
right_child=1 -3 5 -5 7 -7 -8 -9 -10 -11
leaf_value=-0.0088770295640094674 -0.00013262734795979023 0.017693438807278465 -0.0016114873190828567 -0.00013262734795979023 -0.0032302365656023801 0.0013304840997425378 -0.00013262734795979023 -0.00013262734795979023 0.0028318996125167167 -0.0016114873190828567
leaf_weight=2.9863671124912825 0.55318220215849512 1.8824211668688802 30.486126966658048 1.3736184185836453 10.329840106773181 40.923940712353215 12.962838374078272 0.87566232611425299 0.57974974764510989 1.1197743755765248
leaf_count=486 58 75 4658 99 1597 3214 1236 110 48 199
internal_value=0.000217591 0.0126308 -0.000272923 -0.00292487 -0.00406635 -0.000132627 -0.000132627 -0.00232204 -0.000132627 -0.00281337
internal_weight=104.074 3.01535 101.058 16.6853 15.3116 84.3729 43.449 12.3253 1.13293 11.4496
internal_count=11780 181 11599 2491 2392 9108 5894 1906 106 1796
is_linear=0
shrinkage=0.03


Tree=70
num_leaves=15
num_cat=0
split_feature=4 8 10 2 1 1 3 5 11 8 4 1 1 10
split_gain=0.456831 0.579525 0.82644 0.836941 0.431711 0.144803 0.152331 0.127101 0.116951 0.0487565 0.0277268 0.0192583 0.255608 0.0142021
threshold=72.635543510071145 76.516544117647072 64.031250000000014 91.805200341005971 39.070444597436897 32.710249761157371 89.404677533664085 95.226100515773069 53.295936368419426 95.932156646442365 70.654748674308593 66.751273940744866 83.922934905604208 95.932156646442365
decision_type=2 2 2 2 2 2 2 2 2 2 2 2 2 2
left_child=5 12 11 4 7 8 9 -4 10 13 -1 -3 -2 -7
right_child=1 2 3 -5 -6 6 -8 -9 -10 -11 -12 -13 -14 -15
leaf_value=-0.0087265733477497453 -0.00065904443428845721 -0.00065904443428845721 -0.00065904443428845721 0.016765212921994677 0.0093226166332752748 -0.0029203242424439557 -0.00065904443428845721 0.0062279215076514929 -0.0029203242424439557 -0.00065904443428845721 -0.0029203242424439557 0.0031167059566997155 0.0031167059566997155 -0.00065904443428845721
leaf_weight=4.4935648594982904 25.403072163928339 6.5898062053602207 2.655633077491073 6.6583021946717045 4.1873331593815237 23.529304632917071 12.550624825526027 2.2464925022795796 6.0355987790971994 1.5570589548442502 0.32575859315693367 1.6454345553647725 4.2436841202434143 1.2144171067047853
leaf_count=907 2316 340 90 86 86 5517 414 27 1068 306 51 55 200 285
internal_value=0.000255292 0.0021564 0.00552381 0.00941383 0.00290079 -0.00179795 -0.000886818 -0.000659044 -0.00470916 -0.00292032 -0.00802637 -0.000659044 -0.000659044 -0.00292032
internal_weight=103.336 53.6298 23.983 15.7478 9.08946 49.7063 38.8514 4.90213 10.8549 26.3008 4.81932 8.23524 29.6468 24.7437
internal_count=11748 3200 684 289 203 8548 6522 117 2026 6108 958 395 2516 5802
is_linear=0
shrinkage=0.03


Tree=71
num_leaves=13
num_cat=0
split_feature=4 9 11 3 10 9 9 1 11 11 1 10
split_gain=0.390987 0.648272 1.05198 0.534585 0.234552 0.121132 0.0684894 0.0620912 0.0669559 0.0443123 0.0190897 0.0266568
threshold=72.635543510071145 76.50689905591868 88.360416745214863 96.773889174815579 81.046869654464601 38.507877664504186 98.418581665431205 19.186752434834279 57.057484513995625 51.067363628699106 90.174156295063113 72.071428571428584
decision_type=2 2 2 2 2 2 2 2 2 2 2 2
left_child=5 4 3 6 -2 7 -3 8 -1 -9 11 -11
right_child=1 2 -4 -5 -6 -7 -8 9 -10 10 -12 -13
leaf_value=-0.011636562644415118 -0.00163319161469747 1.8272845127600545e-05 0.018775219154629222 0.013894228107204889 1.8272845127600545e-05 -0.00163319161469747 0.0075352154897949672 -0.0050543190216868344 -0.0030652803276825622 -0.0030652803276825622 -0.00163319161469747 -0.00163319161469747
leaf_weight=1.1125455527799228 26.965235262643546 7.684280075482091 3.8951129454653701 1.6499231630004931 12.597899462096391 32.499679527012631 0.75537858135066915 5.4299626329448047 0.88176702708005894 5.4507068168604729 1.9317978592589495 2.1361411942634732
leaf_count=222 1882 568 116 27 514 5433 93 1081 160 1147 200 305
internal_value=0.000273397 0.00203148 0.00734562 0.00163803 1.82728e-05 -0.00163319 1.82728e-05 -0.0041281 -0.00841032 -0.00306528 -0.00163319 -0.00306528
internal_weight=102.99 53.5478 13.9847 10.0896 39.5631 49.4426 8.43966 16.9429 1.99431 14.9486 9.51865 7.58685
internal_count=11748 3200 804 688 2396 8548 661 3115 382 2733 1652 1452
is_linear=0
shrinkage=0.03


Tree=72
num_leaves=11
num_cat=0
split_feature=4 9 10 11 3 5 9 11 1 0
split_gain=0.374903 0.557132 0.928421 0.533549 0.240952 0.207395 0.118834 0.0586448 0.0520105 0.058416
threshold=72.635543510071145 76.50689905591868 81.661396953147474 88.360416745214863 78.097750973740446 88.214350507982587 38.507877664504186 51.067363628699106 90.174156295063113 91.823751775928557
decision_type=2 2 2 2 2 2 2 2 2 2
left_child=6 2 -2 -3 5 -4 7 -1 9 -9
right_child=1 3 4 -5 -6 -7 -8 8 -10 -11
leaf_value=-0.0063186723504605538 -0.0016045024303368506 0.0068862047966946555 -0.0016045024303368506 0.017194118780983376 0.0068862047966946555 0.0068862047966946555 -0.0016045024303368506 -0.005067677561412842 -0.0016045024303368506 -0.0016045024303368506
leaf_weight=6.0970820295624462 27.530074924230576 10.134934698115098 2.0309066877234705 3.9656365138944247 9.1372364438138884 0.77678711665794242 32.473964095581323 8.3125483741750905 1.9110682397149492 0.55047944281250316
leaf_count=1224 1916 688 254 116 208 18 5433 1677 200 14
internal_value=0.000265331 0.00198536 0.000107885 0.0068862 0.0068862 -0.00144718 -0.0016045 -0.0040801 -0.00238422 -0.00399881
internal_weight=102.921 53.5756 39.475 14.1006 11.9449 2.80769 49.3451 16.8712 10.7741 8.86303
internal_count=11748 3200 2396 804 480 272 8548 3115 1891 1691
is_linear=0
shrinkage=0.03


Tree=73
num_leaves=14
num_cat=0
split_feature=8 2 10 1 1 5 9 2 9 0 2 7 11
split_gain=0.232869 0.623535 1.61984 1.00578 0.103596 0.110766 0.0897733 0.050945 0.0518872 0.039177 0.0315434 0.0178556 0.00108971
threshold=76.516544117647072 78.987668298832219 70.859704641350234 18.781778293973421 80.049290986791007 97.146250424160186 81.87294633077768 73.471996753246771 96.065531475748216 97.882975412387196 31.359722428564357 93.142633228840126 29.975120529276705
decision_type=2 2 2 2 2 2 2 2 2 2 2 2 2
left_child=4 -2 9 -4 5 6 10 8 11 -3 -1 -8 -12
right_child=1 2 3 -5 -6 -7 7 -9 -10 -11 12 -13 -14
leaf_value=-0.0059061626757996371 -0.00076394499567998195 -0.00076394499567998195 0.003609220980339617 0.023467689415932184 -0.00076394499567998195 -0.00076394499567998195 -0.0035781295517407271 -0.00076394499567998195 -0.00076394499567998195 0.003609220980339617 -0.0058404402837857906 -0.00076394499567998195 -0.0035781295517407271
leaf_weight=6.6003883184166616 21.734090531477705 6.4369589672423926 4.7636973964981717 4.3696343817282468 15.455510004190726 5.0755563585553309 3.3934954311698657 4.6875240625813603 1.2241549491882322 1.3481835396960375 4.8302590330131414 0.62427807692438353 22.352792567457072
leaf_count=1388 1962 363 76 74 1879 214 660 522 256 23 964 69 3298
internal_value=0.000341566 0.00215195 0.00631889 0.0144884 -0.000763945 -0.00213667 -0.00284742 -0.000763945 -0.00357132 -0.000763945 -0.00357813 -0.00357813 -0.00357813
internal_weight=102.897 38.6526 16.9185 9.13333 64.244 48.7884 43.7129 9.92945 5.24193 7.78514 33.7834 4.01777 27.1831
internal_count=11748 2498 536 150 9250 7371 7157 1507 985 386 5650 729 4262
is_linear=0
shrinkage=0.03


Tree=74
num_leaves=14
num_cat=0
split_feature=4 9 11 1 1 10 9 8 1 11 11 1 10
split_gain=0.300787 0.534558 0.992726 0.312465 0.289169 0.19187 0.11736 0.108628 0.0651403 0.067926 0.0367961 0.0241532 0.0243428
threshold=72.635543510071145 76.50689905591868 79.645365010992961 6.8839839623687604 85.508967606458057 81.046869654464601 38.507877664504186 56.550343249427918 19.186752434834279 57.057484513995625 51.067363628699106 90.174156295063113 72.071428571428584
decision_type=2 2 2 2 2 2 2 2 2 2 2 2 2
left_child=6 5 4 -4 -3 -2 8 -5 9 -1 -10 12 -12
right_child=1 2 3 7 -6 -7 -8 -9 10 -11 11 -13 -14
leaf_value=-0.011381067759817908 -0.001373442729219562 -1.4942477921262639e-05 0.00029309606365944736 0.011697127488198443 0.011697127488198443 -1.4942477921262639e-05 -0.001373442729219562 0.022226930246668421 -0.0046049462317017129 -0.0027762879436047574 -0.0027762879436047574 -0.001373442729219562 -0.001373442729219562
leaf_weight=1.094298019423152 26.511202747002244 7.7244756976142508 1.1030287798494089 1.5169726707972584 0.89861979894340027 12.665991526562719 32.367221898632124 3.1580875085201114 5.322669843793844 0.87799838231876481 5.4033227871404943 1.9127874544356016 2.1296598806511611
leaf_count=222 1882 576 33 99 40 514 5433 56 1081 160 1147 200 305
internal_value=0.000308066 0.0018462 0.00658151 0.0151734 -1.49425e-05 -1.49425e-05 -0.00137344 0.0180139 -0.00383517 -0.00816235 -0.00277629 -0.00140365 -0.00277629
internal_weight=102.686 53.5784 14.4012 5.77809 8.6231 39.1772 49.108 4.67506 16.7407 1.9723 14.7684 9.44577 7.53298
internal_count=11748 3200 804 188 616 2396 8548 155 3115 382 2733 1652 1452
is_linear=0
shrinkage=0.03


Tree=75
num_leaves=12
num_cat=0
split_feature=7 2 10 1 9 11 5 4 5 11 2
split_gain=0.345575 1.03125 0.535217 0.434273 0.723541 0.295485 0.249945 0.162474 0.0600949 0.0903237 0.00605857
threshold=75.192307692307708 72.391789957590092 49.683544303797476 5.7074991516796754 35.355392156862756 80.324117492591071 85.508967606458057 90.583972719522606 96.381176881438805 81.883205456095496 94.346440044135974
decision_type=2 2 2 2 2 2 2 2 2 2 2
left_child=3 -2 8 4 10 6 -4 -6 9 -3 -1
right_child=1 2 5 -5 7 -7 -8 -9 -10 -11 -12
leaf_value=-0.022209404677718387 -0.00091853896912447608 -0.00091853896912447608 -0.00022378123652590974 -0.00091853896912447608 -0.0097268697509785718 0.017762588352042842 0.0093011002572971468 -0.00091853896912447608 0.0043884654395047306 0.0043884654395047306 -0.0097268697509785718
leaf_weight=1.313908038195222 15.497571965795943 2.0136812007986005 1.2232523076236228 67.716713877744041 1.0508996394928547 4.2512104569468647 3.9582662875764072 2.6647019181400537 1.0398429851047692 1.1705130429472772 1.0550566050224004
leaf_count=144 1653 197 218 8931 172 97 62 169 15 49 69
internal_value=0.000176167 0.00288587 0.00873335 -0.000918539 -0.00835411 0.0123814 0.00580708 -0.000918539 -0.000223781 -0.000918539 -0.0185198
internal_weight=102.956 29.1543 13.6568 73.8013 6.08457 9.43273 5.18152 3.7156 4.22404 3.18419 2.36896
internal_count=11776 2291 638 9485 554 377 280 341 261 246 213
is_linear=0
shrinkage=0.03


Tree=76
num_leaves=12
num_cat=0
split_feature=11 7 2 11 0 2 9 9 8 4 3
split_gain=0.333495 0.584095 0.816072 0.64888 0.483009 0.170996 0.187329 0.15032 0.405068 0.342638 0.00200383
threshold=21.712244395171229 75.192307692307708 50.239246773316545 90.817452166305316 97.52771767697142 72.391789957590092 86.817279046673306 62.57530120481929 54.870335230866552 71.033614175280135 90.174156295063113
decision_type=2 2 2 2 2 2 2 2 2 2 2
left_child=5 -2 -3 4 7 6 -1 -4 -9 10 -10
right_child=1 2 3 -5 -6 -7 -8 8 9 -11 -12
leaf_value=-0.0080562059197983558 -0.00061816441814612172 -0.00061816441814612172 -0.00061816441814612172 0.017263670496132824 0.016013702227776015 -0.00061816441814612172 -0.00061816441814612172 -0.00061816441814612172 -0.00061816441814612172 0.013213826495739763 0.0027391569123759933
leaf_weight=7.6713266054866853 62.253739935462363 7.8303969191620153 4.0100488978205231 4.5329037888441226 1.4806388709694136 6.6052375287981695 2.6535980433691293 1.3009810266084967 0.56233924021944381 3.3927614474669099 0.59299631044268608
leaf_count=1322 7405 916 456 121 19 652 557 140 99 80 9
internal_value=0.000154603 0.000921308 0.00482593 0.00870628 0.00416378 -0.00357235 -0.00585651 0.00107337 0.0043159 0.00917121 -0.000618164
internal_weight=102.887 85.9568 23.7031 15.8727 11.3398 16.9302 10.3249 9.85913 5.84908 4.5481 1.15534
internal_count=11776 9245 1840 924 803 2531 1879 784 328 188 108
is_linear=0
shrinkage=0.03


Tree=77
num_leaves=12
num_cat=0
split_feature=11 7 2 8 4 1 9 1 0 2 2
split_gain=0.302289 0.559016 0.799332 0.572582 0.637601 0.437735 0.501883 0.278944 0.0903474 0.0567753 0.042573
threshold=21.712244395171229 75.192307692307708 50.239246773316545 56.909814323607435 67.540859583088462 7.3198638164871364 54.353476283300857 6.1150582482381717 91.457095918109459 10.325000942578141 72.391789957590092
decision_type=2 2 2 2 2 2 2 2 2 2 2
left_child=10 7 -3 -4 8 -6 -7 -2 -5 -9 -1
right_child=1 2 3 4 5 6 -8 9 -10 -11 -12
leaf_value=-0.0055599090304357477 -0.0034397945779555484 -0.00065579101690558985 -0.00065579101690558985 -0.00065579101690558985 0.0016218675531505524 0.0031933282053064533 0.022000346929474768 -0.0034397945779555484 0.0016218675531505524 -0.00065579101690558985 -0.0034397945779555484
leaf_weight=10.156660872511567 5.6518713171826667 7.8188328244723406 4.2082604049937826 1.6570989540778094 2.0926441641058755 2.0710607287473977 5.4224111447110772 3.6775527456775299 0.56653684191405762 52.881476023467258 6.6195401682052752
leaf_count=1879 472 916 485 218 44 56 114 688 7 6245 652
internal_value=0.000126534 0.000853368 0.00465989 0.00848406 0.0116423 0.0147474 0.0177904 -0.000655791 -0.000655791 -0.000655791 -0.00343979
internal_weight=102.824 86.0477 23.8368 16.018 11.8098 9.58612 7.49347 62.2109 2.22364 56.559 16.7762
internal_count=11776 9245 1840 924 439 214 170 7405 225 6933 2531
is_linear=0
shrinkage=0.03


Tree=78
num_leaves=10
num_cat=0
split_feature=1 4 9 2 8 2 10 5 4
split_gain=0.258787 0.439909 0.425005 0.402861 0.280527 1.47053 0.492353 0.0869035 0.00379025
threshold=5.7074991516796754 90.583972719522606 35.355392156862756 94.346440044135974 94.771018455228997 73.471996753246771 77.58148035333538 87.052727826882062 69.880935506732826
decision_type=2 2 2 2 2 2 2 2 2
left_child=1 -1 3 -3 8 -6 7 -7 -2
right_child=4 2 -4 -5 5 6 -8 -9 -10
leaf_value=-0.013387101725676682 -0.00032587893726351153 -0.013387101725676682 0.00062357716603494485 0.00062357716603494485 0.00062357716603494485 0.00062357716603494485 0.021095260625242019 0.0069830414964555778 0.00062357716603494485
leaf_weight=2.3150858706794661 41.257834759075195 1.0017216948326679 4.4196057789959013 1.072167797014117 4.5058133655693364 0.83663370693102468 3.8085542307235301 1.0675437152385709 42.409130319487303
leaf_count=337 7619 70 203 49 460 100 57 13 2868
internal_value=0.000145394 -0.00449525 3.83542e-05 -0.0105745 0.000623577 0.00537118 0.0159496 0.0019377 0.000623577
internal_weight=102.694 8.80858 6.4935 2.07389 93.8855 10.2185 5.71273 1.90418 83.667
internal_count=11776 659 322 119 11117 630 170 113 10487
is_linear=0
shrinkage=0.03


Tree=79
num_leaves=11
num_cat=0
split_feature=11 7 2 8 1 9 1 0 2 2
split_gain=0.268527 0.526177 0.75748 0.933354 0.636058 0.547813 0.240968 0.0688519 0.0559697 0.0401444
threshold=21.712244395171229 75.192307692307708 72.391789957590092 54.870335230866552 6.5138816134101623 54.353476283300857 6.1150582482381717 88.769635003141616 10.325000942578141 72.391789957590092
decision_type=2 2 2 2 2 2 2 2 2 2
left_child=9 6 -3 -4 -5 -6 -2 -7 -8 -1
right_child=1 2 3 4 5 7 8 -9 -10 -11
leaf_value=-0.0052742736208993887 -0.0032197878863755086 -0.00062939026781957323 -0.00062939026781957323 -0.00062939026781957323 0.0016600399453696364 0.0094731790395454867 -0.0032197878863755086 0.025849628009385284 -0.00062939026781957323 -0.0032197878863755086
leaf_weight=10.015854955650868 5.5225400216877452 12.541834787698464 2.4489551684819153 1.9856220213696341 1.6853126182686535 2.0771342825610191 3.6660059877904123 3.2580476440489292 52.812783995177597 6.5956940854666746
leaf_count=1879 472 1313 265 40 71 120 688 31 6245 652
internal_value=0.000160122 0.000842496 0.00451848 0.00976065 0.0141478 0.0179137 -0.00062939 0.0219756 -0.00062939 -0.00321979
internal_weight=102.61 85.9982 23.9969 11.4551 9.00612 7.02049 62.0013 5.33518 56.4788 16.6115
internal_count=11776 9245 1840 527 262 222 7405 151 6933 2531
is_linear=0
shrinkage=0.03


Tree=80
num_leaves=12
num_cat=0
split_feature=9 11 7 8 2 9 9 10 2 7 9
split_gain=0.300211 0.098939 0.447349 0.510766 0.673487 0.188725 0.149654 0.12019 0.0777274 0.0742894 0.0315547
threshold=97.35087719298248 21.712244395171229 75.192307692307708 54.870335230866552 72.391789957590092 54.353476283300857 92.052631578947384 77.58148035333538 97.246627118219834 42.462121212121218 80.12345679012347
decision_type=2 2 2 2 2 2 2 2 2 2 2
left_child=1 7 -3 -4 6 -6 -5 8 10 -2 -1
right_child=9 2 3 4 5 -7 -8 -9 -10 -11 -12
leaf_value=-0.007126592087275581 -3.0002404856314704e-05 -0.0017123393218503665 -0.0017123393218503665 -0.0017123393218503665 -0.0014345289673187509 0.0076734394159215834 0.005488958798791751 -0.0017123393218503665 -0.0017123393218503665 0.0098688230120857773 -0.002648324380540809
leaf_weight=6.9884133641607988 0.86988639528863432 60.26489354565274 6.2670512165641439 6.0814541464205858 2.8738349969498795 6.3617456483189017 1.6667899242602287 4.2263791405130187 0.5813009275589146 2.0660344066563994 3.8414517828496173
leaf_count=1111 180 7241 943 529 99 169 35 569 27 299 600
internal_value=-0.000461363 -0.000776445 -0.000351092 0.0031023 0.00583638 0.00767344 -0.00143453 -0.0028905 -0.00500059 0.00767344 -0.00589625
internal_weight=102.089 99.1533 83.5158 23.2509 16.9838 9.23558 7.74824 15.6375 11.4112 2.93592 10.8299
internal_count=11802 11323 9016 1775 832 268 564 2307 1738 479 1711
is_linear=0
shrinkage=0.03


Tree=81
num_leaves=10
num_cat=0
split_feature=1 11 7 5 1 1 4 9 4
split_gain=0.530598 0.627838 0.631289 0.645454 0.248878 0.0975587 0.332576 0.177401 0.0429004
threshold=80.437440204103339 31.348632337771669 70.473174366617002 79.275859916349347 89.404677533664085 5.7074991516796754 90.583972719522606 26.975051975051979 10.074638412169902
decision_type=2 2 2 2 2 2 2 2 2
left_child=5 -2 4 -4 -3 6 -1 -8 -7
right_child=1 2 3 -5 -6 8 7 -9 -10
leaf_value=-0.012685654669460311 -0.0015436342033087322 -0.0015436342033087322 0.0022139303670404261 0.020081748015722403 0.0022139303670404261 -0.0052955256186537018 -0.0096884211820042199 -0.0015436342033087322 -0.0015436342033087322
leaf_weight=2.156695807585491 6.709481404861438 4.5190522707998735 1.4166903437580902 3.7557724840007722 6.2697386520449072 2.8551632795715696 1.5535227232612667 4.8378743368666619 68.016333250445314
leaf_count=344 823 555 323 48 567 622 87 226 8207
internal_value=-0.000385107 0.00356717 0.00681746 0.0145052 0.00221393 -0.00154363 -0.00461697 -0.00154363 -0.00154363
internal_weight=102.09 22.6707 15.9613 5.17246 10.7888 79.4196 8.54809 6.3914 70.8715
internal_count=11802 2316 1493 371 1122 9486 657 313 8829
is_linear=0
shrinkage=0.03


Tree=82
num_leaves=10
num_cat=0
split_feature=1 11 7 5 1 1 4 9 4
split_gain=0.506981 0.579048 0.595908 0.605192 0.228559 0.12391 0.3034 0.255999 0.038453
threshold=80.437440204103339 31.348632337771669 70.473174366617002 79.275859916349347 89.404677533664085 5.7074991516796754 90.583972719522606 26.975051975051979 10.074638412169902
decision_type=2 2 2 2 2 2 2 2 2
left_child=5 -2 4 -4 -3 6 -1 -8 -7
right_child=1 2 3 -5 -6 8 7 -9 -10
leaf_value=-0.012568074533486139 -0.0014551098525095426 -0.0014551098525095426 0.0021481612186930081 0.019375755411979861 0.0021481612186930081 -0.0051704996880065496 -0.011148975488419401 -0.0014551098525095426 -0.0014551098525095426
leaf_weight=2.1483385240426269 6.6786108789965537 4.4985241910908389 1.4186851892154653 3.8266500271856785 6.3171247092541307 2.8445106900762758 1.4934246295597402 4.8356026103720069 68.017897922545671
leaf_count=344 823 555 323 48 567 622 87 226 8207
internal_value=-0.000319889 0.00353541 0.00662725 0.0140402 0.00214816 -0.00145511 -0.00491781 -0.00145511 -0.00145511
internal_weight=102.079 22.7396 16.061 5.24534 10.8156 79.3398 8.47737 6.32903 70.8624
internal_count=11802 2316 1493 371 1122 9486 657 313 8829
is_linear=0
shrinkage=0.03


Tree=83
num_leaves=9
num_cat=0
split_feature=1 11 7 5 1 2 1 9
split_gain=0.435077 0.566408 0.562036 0.580051 0.210248 0.163899 0.121915 0.0649487
threshold=80.437440204103339 31.348632337771669 70.473174366617002 79.275859916349347 89.404677533664085 14.87960682098784 59.339236353302859 83.115560834888868
decision_type=2 2 2 2 2 2 2 2
left_child=5 -2 4 -4 -3 6 7 -1
right_child=1 2 3 -5 -6 -7 -8 -9
leaf_value=-0.011801462301395902 -0.001366001383006334 -0.001366001383006334 0.0019906654696428033 0.01863911383986535 0.0019906654696428033 -0.001366001383006334 -0.001366001383006334 -0.001366001383006334
leaf_weight=1.9502976543735706 6.7017148078884956 4.4878253068309295 1.424554653931408 3.9088250496424735 6.3568776163738221 74.840090909507126 2.2398492996580899 0.27169007202610362
leaf_count=379 823 555 323 48 567 8532 505 70
internal_value=-0.000311654 0.00324691 0.00633884 0.0134699 0.00199067 -0.001366 -0.00659561 -0.0103657
internal_weight=102.182 22.8798 16.1781 5.33338 10.8447 79.3019 4.46184 2.22199
internal_count=11802 2316 1493 371 1122 9486 954 449
is_linear=0
shrinkage=0.03


Tree=84
num_leaves=11
num_cat=0
split_feature=1 11 7 5 1 5 2 1 9 9
split_gain=0.436911 0.551742 0.531809 0.569037 0.218589 0.294018 0.154668 0.115275 0.0629532 3.42679e-05
threshold=80.437440204103339 31.348632337771669 70.473174366617002 79.275859916349347 89.404677533664085 85.098581973581986 14.87960682098784 59.339236353302859 83.115560834888868 80.12345679012347
decision_type=2 2 2 2 2 2 2 2 2 2
left_child=6 -2 4 -4 -3 -6 7 8 -1 -9
right_child=1 2 3 -5 5 -7 -8 9 -10 -11
leaf_value=-0.011531836091881891 -0.0013364621074616182 -0.0013364621074616182 0.002084820948009547 0.018413454919755962 -0.00041558832740603907 0.01174419816392612 -0.0013364621074616182 -0.0023252922859111 -0.0013364621074616182 -0.0013364621074616182
leaf_weight=1.9338921038433903 6.6527881359215852 4.4866449898108858 1.4286124019417901 3.905067823594436 2.8311711456626654 3.5739606162533164 74.805903675151058 1.8167261427734049 0.27254342241212715 0.42267946992069472
leaf_count=379 823 555 323 48 510 57 8532 404 70 101
internal_value=-0.000279043 0.00328649 0.0063158 0.0132625 0.00208482 0.00208482 -0.00133646 -0.00642458 -0.0101048 -0.00133646
internal_weight=102.13 22.8782 16.2255 5.33368 10.8918 6.40513 79.2517 4.44584 2.20644 2.23941
internal_count=11802 2316 1493 371 1122 567 9486 954 449 505
is_linear=0
shrinkage=0.03


Tree=85
num_leaves=8
num_cat=0
split_feature=9 4 1 4 9 4 8
split_gain=0.338194 0.62155 0.126617 0.245528 0.281061 0.0599176 0.0505557
threshold=96.065531475748216 76.942090825967696 6.1150582482381717 90.583972719522606 26.975051975051979 97.882975412387196 58.387445887445899
decision_type=2 2 2 2 2 2 2
left_child=2 -2 3 -1 -5 -4 -3
right_child=1 6 5 4 -6 -7 -8
leaf_value=-0.010635838407619039 -0.00051891200760345493 0.0035147380916830582 -0.00051891200760345493 -0.010570335593294525 -0.00051891200760345493 0.0025289140788180729 0.017299225338921469
leaf_weight=2.2775931882206333 2.453489735024049 0.93850871128961477 82.98322561988607 1.5079677286557851 4.5313131054863334 6.1460473183542481 1.8269086133223025
leaf_count=342 451 101 10377 92 229 158 52
internal_value=-9.11688e-05 0.00669472 -0.000518912 -0.00402033 -0.000518912 -0.000518912 0.0147969
internal_weight=102.665 5.21891 97.4461 8.31687 6.03928 89.1293 2.76542
internal_count=11802 604 11198 663 321 10535 153
is_linear=0
shrinkage=0.03


Tree=86
num_leaves=8
num_cat=0
split_feature=9 4 1 2 9 4 2
split_gain=0.308816 0.582809 0.0963735 0.47372 0.194341 0.0572341 0.0270118
threshold=96.065531475748216 76.546004249060317 6.1150582482381717 94.346440044135974 59.476565172767714 97.52771767697142 4.2893217893217903
decision_type=2 2 2 2 2 2 2
left_child=2 -2 3 4 -1 6 -4
right_child=1 -3 5 -5 -6 -7 -8
leaf_value=-0.014682734237270279 -0.00048817286861058601 0.014195775598911907 -0.0016112784504180302 -0.00048817286861058601 -0.0016112784504180302 0.0022272094517667637 -0.00048817286861058601
leaf_weight=2.4002513841260207 2.4387793857604256 2.8046033577993512 2.0588238805066785 3.9743624068796635 1.857323076110333 7.2681937962770453 79.83650546555873
leaf_count=299 448 156 468 197 167 191 9876
internal_value=-7.83856e-05 0.0063924 -0.000488173 -0.00355754 -0.0103715 -0.000488173 -0.000488173
internal_weight=102.639 5.24338 97.3955 8.23194 4.25757 89.1635 81.8953
internal_count=11802 604 11198 663 466 10535 10344
is_linear=0
shrinkage=0.03


Tree=87
num_leaves=8
num_cat=0
split_feature=11 3 1 2 7 7 9
split_gain=0.314397 0.588386 0.173474 0.337153 0.269357 0.105356 0.00852903
threshold=98.94736113130979 92.140224640224645 6.5138816134101623 94.346440044135974 89.897959183673478 49.61538461538462 13.003220611916264
decision_type=2 2 2 2 2 2 2
left_child=2 -2 3 4 6 -5 -1
right_child=1 -3 -4 5 -6 -7 -8
leaf_value=-0.0181427181393654 -0.00040544936344828742 0.017037546700703593 -0.00040544936344828742 -0.0082420142887246646 -0.00040544936344828742 -0.00040544936344828742 -0.0082420142887246646
leaf_weight=0.67946807923726638 1.3340073560830199 1.7083696341142056 91.402601493755355 1.0780587990302595 0.69297252385877062 2.6921304259449244 3.0648656543344259
leaf_count=72 112 23 10960 73 44 132 386
internal_value=-7.65809e-05 0.00812752 -0.000405449 -0.00452544 -0.00960225 -0.000405449 -0.0125737
internal_weight=102.652 3.04238 99.6101 8.2075 4.43731 3.77019 3.74433
internal_count=11802 135 11667 707 502 205 458
is_linear=0
shrinkage=0.03


Tree=88
num_leaves=7
num_cat=0
split_feature=11 3 1 2 7 7
split_gain=0.336188 0.602391 0.112047 0.337495 0.252324 0.058002
threshold=98.94736113130979 92.140224640224645 6.5138816134101623 94.346440044135974 89.897959183673478 49.61538461538462
decision_type=2 2 2 2 2 2
left_child=2 -2 3 4 -1 -5
right_child=1 -3 -4 5 -6 -7
leaf_value=-0.012055288007879561 -0.00042387394326270298 0.017197841399340989 -0.00042387394326270298 -0.0080046233161409752 -0.00042387394326270298 -0.00042387394326270298
leaf_weight=3.6730635559651983 1.3335858089849346 1.7605658550746737 91.506429007044062 0.95287737227045033 0.69271890213713039 2.7481679557822645
leaf_count=458 112 23 10960 73 44 132
internal_value=-8.16081e-05 0.00834612 -0.000423874 -0.00376182 -0.00911112 -0.000423874
internal_weight=102.667 3.09415 99.5733 8.06683 4.36578 3.70105
internal_count=11802 135 11667 707 502 205
is_linear=0
shrinkage=0.03


Tree=89
num_leaves=7
num_cat=0
split_feature=11 3 1 2 7 7
split_gain=0.311008 0.579789 0.113788 0.320925 0.258163 0.0953354
threshold=98.94736113130979 92.140224640224645 6.5138816134101623 94.346440044135974 89.897959183673478 49.61538461538462
decision_type=2 2 2 2 2 2
left_child=2 -2 3 4 -1 -5
right_child=1 -3 -4 5 -6 -7
leaf_value=-0.012174629323369809 -0.00042742016580739968 0.016804250387228572 -0.00042742016580739968 -0.0090943610671891956 -0.00042742016580739968 -0.00042742016580739968
leaf_weight=3.5228307105135164 1.3345194333232933 1.7389033553190527 91.608142760815099 0.84721278445795212 0.69686109316535283 2.7463758850935847
leaf_count=458 112 23 10960 73 44 132
internal_value=-9.87299e-05 0.00802865 -0.00042742 -0.00383925 -0.00908911 -0.00042742
internal_weight=102.495 3.07342 99.4214 7.81328 4.21969 3.59359
internal_count=11802 135 11667 707 502 205
is_linear=0
shrinkage=0.03


Tree=90
num_leaves=15
num_cat=0
split_feature=1 5 2 7 9 10 4 9 2 0 1 2 1 4
split_gain=0.137848 0.272022 0.552783 0.241785 0.23162 0.21899 0.105171 0.131808 0.400603 0.0792145 0.0374023 0.0379583 0.0249975 0.0201878
threshold=5.7074991516796754 90.974740745032179 93.007877545792255 61.167800453514751 75.154320987654344 80.131578947368439 89.404677533664085 75.65835065835067 95.027259684361567 95.642178910544743 92.508966047811398 82.534117961579113 80.049290986791007 93.270346243084077
decision_type=2 2 2 2 2 2 2 2 2 2 2 2 2 2
left_child=6 4 10 -4 5 9 -1 8 -8 12 11 13 -2 -3
right_child=1 2 3 -5 -6 -7 7 -9 -10 -11 -12 -13 -14 -15
leaf_value=-0.010072064981174675 -0.0037935160849571006 2.9540035327328582e-05 0.0022789521170963017 0.014646487630669149 2.9540035327328582e-05 2.9540035327328582e-05 -0.010072064981174675 2.9540035327328582e-05 -0.0037935160849571006 2.9540035327328582e-05 0.0022789521170963017 0.0022789521170963017 -0.0018147279278237776 0.0022789521170963017
leaf_weight=1.7950065089389671 25.388955908245407 11.15257195010785 2.9415146331302813 2.8685391382314265 19.152450978988782 9.8610983900725824 1.7495812959969042 1.8101512982975689 2.3083254201337695 0.33565833629108865 2.4395348723046473 5.3552625130396327 9.1349204981233907 6.8732952310238025
leaf_count=317 4885 370 77 28 2744 1404 173 82 95 8 51 138 1307 191
internal_value=-0.000531351 -0.000200511 0.00203597 0.00963914 -0.00132236 -0.0026449 -0.00415547 -0.00379352 -0.00500233 -0.00379352 2.954e-05 2.954e-05 -0.00379352 2.954e-05
internal_weight=103.167 95.5038 31.6307 5.81005 63.8731 44.7206 7.66306 5.86806 4.05791 34.8595 25.8207 23.3811 34.5239 18.0259
internal_count=11870 11203 855 105 10348 7604 667 350 268 6200 750 699 6192 561
is_linear=0
shrinkage=0.03


Tree=91
num_leaves=11
num_cat=0
split_feature=1 7 9 5 2 11 2 9 2 11
split_gain=0.162134 0.208762 0.177561 0.128086 0.442281 0.667282 0.122808 0.0802263 0.039613 0.00670594
threshold=5.7074991516796754 76.393188854489182 33.534136546184747 90.974740745032179 93.007877545792255 76.220161977834621 94.249411686901723 73.481681829358266 95.510756713586929 30.97898875714198
decision_type=2 2 2 2 2 2 2 2 2 2
left_child=1 2 8 -2 9 -6 7 -4 -1 -5
right_child=3 -3 6 4 5 -7 -8 -9 -10 -11
leaf_value=-0.015632642482427492 -0.00022477029481222065 -0.00022477029481222065 -0.010165159211852586 -0.00022477029481222065 -0.00012887455028992318 0.016785428109849579 -0.00022477029481222065 -0.00022477029481222065 -0.0028694060340498533 -0.00012887455028992318
leaf_weight=1.1721925199963146 63.639215892879292 2.2555516802240163 0.99201113986782752 5.6869120271876659 2.9654226114507756 2.8535335320048034 1.6007012003101406 0.61187946004793048 0.84739953558892001 20.310712496750057
leaf_count=159 10348 98 158 246 66 39 108 91 53 504
internal_value=-0.000580343 -0.00455649 -0.0076919 -0.00022477 0.00164988 0.00845039 -0.00204961 -0.00714167 -0.0130011 -0.000128875
internal_weight=102.936 7.47974 5.22418 95.4558 31.8166 5.81896 3.20459 1.60389 2.01959 25.9976
internal_count=11870 667 569 11203 855 105 357 249 212 750
is_linear=0
shrinkage=0.03


Tree=92
num_leaves=10
num_cat=0
split_feature=1 7 9 7 5 2 11 7 7
split_gain=0.140621 0.192103 0.183834 0.133249 0.117875 0.404263 0.61169 0.0468891 0.0394018
threshold=5.7074991516796754 76.393188854489182 33.534136546184747 64.480286738351268 90.974740745032179 93.007877545792255 76.220161977834621 74.239631336405537 27.823315118397087
decision_type=2 2 2 2 2 2 2 2 2
left_child=1 2 3 -1 7 8 -7 -2 -6
right_child=4 -3 -4 -5 5 6 -8 -9 -10
leaf_value=-0.015809111155350938 -0.0016845582714119086 -0.00026465651942341573 -0.0017388532623529957 -0.0017388532623529957 -0.0016845582714119086 -0.00016330975132782777 0.016058912795023462 -0.00016330975132782777 -0.00016330975132782777
leaf_weight=1.4577659346396092 45.746418537106365 2.2567333746701479 3.1874177940189838 0.53534723515622307 2.7390788944903894 2.9706713336054227 2.8339522341266274 17.903637154959142 23.259586062980816
leaf_count=194 8214 98 357 18 156 66 39 2134 594
internal_value=-0.000595664 -0.00430908 -0.00735798 -0.0127609 -0.000264657 0.00153428 0.00804434 -0.000264657 -0.00016331
internal_weight=102.891 7.43726 5.18053 1.99311 95.4533 31.8033 5.80462 63.6501 25.9987
internal_count=11870 667 569 212 11203 855 105 10348 750
is_linear=0
shrinkage=0.03


Tree=93
num_leaves=9
num_cat=0
split_feature=1 7 2 7 5 2 11 11
split_gain=0.118288 0.172803 0.164766 0.17237 0.0867685 0.334528 0.515334 0.000319059
threshold=5.7074991516796754 76.393188854489182 94.249411686901723 66.410256410256423 90.974740745032179 93.007877545792255 76.220161977834621 30.97898875714198
decision_type=2 2 2 2 2 2 2 2
left_child=1 2 -1 -4 -2 7 -7 -6
right_child=4 -3 3 -5 5 6 -8 -9
leaf_value=-0.011223424865986044 -0.00031150509102557814 -0.00031150509102557814 -0.0084267846056097755 -0.00031150509102557814 -0.00031150509102557814 -0.00030575558235783676 0.014470722016879704 -0.00030575558235783676
leaf_weight=2.5176524436101309 63.562209032010287 2.2540439539588988 1.3766467818059029 1.2490186372306196 5.72681173030288 2.9677315719891331 2.8593609696254134 20.36776609858498
leaf_count=390 10348 98 156 23 246 66 39 504
internal_value=-0.000615118 -0.00403032 -0.00696247 -0.000908117 -0.000311505 0.0012296 0.00714282 -0.000305756
internal_weight=102.881 7.39736 5.14332 2.62567 95.4839 31.9217 5.82709 26.0946
internal_count=11870 667 569 179 11203 855 105 750
is_linear=0
shrinkage=0.03


Tree=94
num_leaves=10
num_cat=0
split_feature=9 3 2 2 1 7 1 9 9
split_gain=0.100682 0.284255 0.265139 0.0743469 0.0649036 0.0856829 0.0305228 0.134497 0.0104285
threshold=96.065531475748216 77.720863120613913 74.341212832326946 9.6778713190950203 5.7074991516796754 76.393188854489182 41.448280167301341 33.534136546184747 73.481681829358266
decision_type=2 2 2 2 2 2 2 2 2
left_child=3 -2 -3 6 5 7 -1 -5 -9
right_child=1 2 -4 4 -6 -7 -8 8 -10
leaf_value=-0.0082797458123536564 -0.0008111301870345161 -0.0008111301870345161 0.014232943571989187 -0.0082797458123536564 -0.0008111301870345161 -0.0008111301870345161 -0.0023104151735613993 -0.0026949210936038771 -0.0008111301870345161
leaf_weight=0.48486424935981531 2.4202005730476222 1.5671858314890417 1.61938194418326 1.915814364212564 85.032749626319855 2.0105258254334331 4.7265831184340641 1.8439328153617682 1.1951279933564363
leaf_count=85 495 87 47 211 9572 92 945 220 116
internal_value=-0.000575023 0.00302174 0.00837842 -0.00081113 -0.00081113 -0.00364456 -0.00410936 -0.00410936 -0.000920855
internal_weight=102.816 5.60677 3.18657 97.2096 91.9982 6.9654 5.21145 4.95488 3.03906
internal_count=11870 629 134 11241 10211 639 1030 547 336
is_linear=0
shrinkage=0.03


Tree=95
num_leaves=15
num_cat=0
split_feature=11 1 2 7 8 9 1 2 9 10 10 9 2 10
split_gain=0.513595 0.443444 0.4787 1.31771 1.13825 0.550809 0.159055 0.0998125 0.05437 0.0463945 0.0451686 0.0044506 0.0297018 0.056722
threshold=30.97898875714198 5.7074991516796754 82.534117961579113 58.397435897435905 57.795138888888893 44.511378848728249 45.411196362603015 31.867219435154222 11.180555555555557 1.4389233954451348 4.1381278538812785 55.62587904360057 75.03111246874613 94.630630630630648
decision_type=2 2 2 2 2 2 2 2 2 2 2 2 2 2
left_child=9 -2 6 -4 -5 -6 7 -3 -9 -1 -10 12 13 -12
right_child=1 2 3 4 5 -7 -8 8 10 -11 11 -13 -14 -15
leaf_value=-0.011193308007999871 -0.0044767400370260774 -0.0044767400370260774 -0.0003205025735334369 -0.0003205025735334369 0.004213966368155006 0.022492671250372912 -0.0003205025735334369 -0.0044767400370260774 -0.0044767400370260774 -0.0044767400370260774 -0.0040514465514617515 -0.0003205025735334369 -0.0003205025735334369 -0.0003205025735334369
leaf_weight=0.36983275646346925 4.5196181156206867 2.7661669976078 8.6204842219594884 1.8965511408168803 2.6698141780216247 5.1862283379305154 34.204610843677074 1.2363138061482448 0.44562931545078477 23.843406327068806 4.9331648151855898 6.1865962625015527 2.2893036990426481 0.44538632105104614
leaf_count=24 432 476 769 180 95 127 4054 190 37 3605 776 713 204 41
internal_value=-0.000769268 0.000464329 0.00116067 0.00519165 0.0125265 0.0174581 -0.000320503 -0.00304473 -0.00147042 -0.00447674 -0.000698333 -0.000320503 -0.00104919 -0.00254053
internal_weight=99.6131 75.3999 70.8802 18.3731 9.75259 7.85604 52.5072 18.3026 15.5364 24.2132 14.3001 13.8545 7.66785 5.37855
internal_count=11723 8094 7662 1171 402 222 6491 2437 1961 3629 1771 1734 1021 817
is_linear=0
shrinkage=0.03


Tree=96
num_leaves=14
num_cat=0
split_feature=11 1 2 7 8 8 1 9 3 9 10 8 7
split_gain=0.424084 0.440584 0.466423 1.09654 1.18289 0.432521 0.180819 0.0722185 0.11109 0.051102 0.187287 0.0417141 0.0295742
threshold=30.97898875714198 5.7074991516796754 78.820172643531677 74.239631336405537 57.795138888888893 96.747752511898483 49.036138981791161 81.87294633077768 99.023197566939004 76.975051975051997 77.8888888888889 76.516544117647072 84.463601532567068
decision_type=2 2 2 2 2 2 2 2 2 2 2 2 2
left_child=9 -2 6 5 -5 11 7 8 12 10 -1 -4 -3
right_child=1 2 3 4 -6 -7 -8 -9 -10 -11 -12 -13 -14
leaf_value=-0.0089213370990292931 -0.0041558556085707207 -0.0041558556085707207 -0.00058576174063868912 -0.0004436507357321084 0.019132016667868661 0.012098924916343594 -0.00058576174063868912 -0.00058576174063868912 -0.00058576174063868912 -0.0041558556085707207 -0.0041558556085707207 0.0033073864857076996 -0.00058576174063868912
leaf_weight=9.9684823246207142 4.45598933356814 12.732255704468111 7.9723537119571102 1.8310473372694094 5.8784243986010551 1.4233889912720776 30.934630316914991 2.6876842526253304 0.67993856268003661 9.4114968847716209 4.5893817918840787 5.1484428066760302 1.7369688539765764
leaf_count=1642 432 1932 881 158 161 40 3709 319 19 1412 575 194 249
internal_value=-0.000766184 0.000350485 0.00106991 0.00456765 0.0129871 -0.000443651 -0.000585762 -0.00352813 -0.00415586 -0.00415586 -0.00617236 -0.000585762 -0.00415586
internal_weight=99.4505 75.4811 71.0251 22.2537 7.70947 14.5442 48.7715 17.8368 15.1492 23.9694 14.5579 13.1208 14.4692
internal_count=11723 8094 7662 1434 319 1115 6228 2519 2200 3629 2217 1075 2181
is_linear=0
shrinkage=0.03


Tree=97
num_leaves=12
num_cat=0
split_feature=1 11 2 7 8 8 11 9 2 1 8
split_gain=0.357926 0.677181 0.424795 1.1675 1.3448 0.329281 0.30095 0.187786 0.138911 0.0828375 0.0148967
threshold=5.7074991516796754 22.039839016505208 78.820172643531677 74.239631336405537 57.795138888888893 93.582704186684978 96.863686630580304 97.35087719298248 93.812925891867692 22.384506041222462 99.350649350649363
decision_type=2 2 2 2 2 2 2 2 2 2 2
left_child=6 7 10 5 -5 -4 -1 8 9 -2 -3
right_child=1 2 3 4 -6 -7 -8 -9 -10 -11 -12
leaf_value=-0.010480136210108038 -0.010480136210108038 -0.00063552828597921221 -0.00063552828597921221 -0.00063552828597921221 0.018996095141128922 0.0078865536911098318 -0.00063552828597921221 -0.00063552828597921221 -0.00063552828597921221 -0.0057629125544945122 0.00159324726991129
leaf_weight=5.0339603064348912 1.6431980081833781 52.209270650171675 12.701105564134194 1.9280884945765118 6.3152921297587454 3.0942925715353349 1.1880544649902729 1.5757133236620582 1.4471593683119852 10.190354209858922 1.7802914346102614
leaf_count=583 293 6862 1148 170 179 84 64 259 89 1808 184
internal_value=-0.000790325 -0.000286972 0.000851366 0.00408284 0.0125564 -0.000635528 -0.00722439 -0.00594234 -0.00720307 -0.00823615 -0.000635528
internal_weight=99.1068 92.8848 78.0283 24.0388 8.24338 15.7954 6.22201 14.8564 13.2807 11.8336 53.9896
internal_count=11723 11076 8627 1581 349 1232 647 2449 2190 2101 7046
is_linear=0
shrinkage=0.03


Tree=98
num_leaves=10
num_cat=0
split_feature=11 9 9 2 7 8 11 9 11
split_gain=0.339444 0.243796 0.122156 0.519612 1.2351 0.520581 0.0418438 0.0350647 0.0835778
threshold=30.97898875714198 97.35087719298248 51.266025641025642 76.480071652485449 74.239631336405537 57.795138888888893 80.96916668996171 76.975051975051997 23.038595184909411
decision_type=2 2 2 2 2 2 2 2 2
left_child=1 7 -2 -4 -5 6 -6 -1 -9
right_child=2 -3 3 4 5 -7 -8 8 -10
leaf_value=-0.0059446118209780978 -0.00087527618978523996 0.00025538961316018578 0.00025538961316018578 0.00025538961316018578 0.00025538961316018578 0.017244317093503887 0.0050627551904822944 -0.0049566318303768137 -0.00087527618978523996
leaf_weight=14.090337563306099 39.929368228535168 1.9849229892715801 22.186986467102543 5.6858218633569759 0.66645943699404575 6.295467383461073 0.88452066783793271 5.2928934687515712 2.07937047095038
leaf_count=2217 4494 311 2752 568 86 155 39 863 238
internal_value=-0.000734489 -0.00380794 0.00025539 0.00150874 0.0062682 0.0138588 0.00025539 -0.00501155 -0.00273119
internal_weight=99.0961 23.4475 75.6486 35.7193 13.5323 7.84645 1.55098 21.4626 7.37226
internal_count=11723 3629 8094 3600 848 280 125 3318 1101
is_linear=0
shrinkage=0.03


Tree=99
num_leaves=15
num_cat=0
split_feature=1 11 2 7 9 11 11 9 2 1 9 9 7 7
split_gain=0.436785 0.54294 0.467149 1.12331 0.668708 0.30047 0.201413 0.156663 0.113799 0.118106 0.0419846 0.0270295 0.00219815 0.00170237
threshold=5.7074991516796754 22.039839016505208 78.820172643531677 74.239631336405537 51.266025641025642 96.863686630580304 79.351790929344006 97.35087719298248 93.812925891867692 22.384506041222462 92.356377799415796 95.079883805374024 57.795138888888893 95.603864734299535
decision_type=2 2 2 2 2 2 2 2 2 2 2 2 2 2
left_child=5 7 11 10 -5 -1 -6 8 9 -2 12 13 -4 -3
right_child=1 2 3 4 6 -7 -8 -9 -10 -11 -12 -13 -14 -15
leaf_value=-0.011182177330561854 -0.011182177330561854 -0.00072917972583836374 -0.00072917972583836374 -0.00061906840113006413 0.0073553017641752403 -0.00072917972583836374 0.02085957355771887 -0.00072917972583836374 -0.00072917972583836374 -0.0051075192803463993 0.003973336126857116 0.0019092605594020135 -0.00061906840113006413 -0.00061906840113006413
leaf_weight=4.819870773353613 1.585378881543863 49.469546471489593 11.033689670264708 1.4114537448622266 3.4119876981712878 1.1767078058328477 3.5546648364979774 1.5779990809969611 1.437850831542163 9.9643423347733897 0.74204099597409445 2.5708880641032001 4.1373448569793263 2.2713763208594164
leaf_count=583 293 6539 985 101 180 64 68 259 89 1808 65 263 182 244
internal_value=-0.000722024 -0.000177218 0.000826677 0.00419665 0.0124341 -0.00795149 0.0159992 -0.0052998 -0.00650547 -0.00746651 -0.000619068 -0.00072918 -0.00072918 -0.00072918
internal_weight=99.1651 93.1686 78.603 24.2912 8.37811 5.99658 6.96665 14.5656 12.9876 11.5497 15.9131 54.3118 15.171 51.7409
internal_count=11723 11076 8627 1581 349 647 248 2449 2190 2101 1232 7046 1167 6783
is_linear=0
shrinkage=0.03


Tree=100
num_leaves=8
num_cat=0
split_feature=9 5 3 11 7 5 8
split_gain=0.156866 0.186613 0.0105049 0.0368402 0.0286123 0.0425772 9.5501e-05
threshold=97.35087719298248 87.052727826882062 21.987780619494178 60.815437286025528 71.26984126984128 42.242598561190221 11.189358372456967
decision_type=2 2 2 2 2 2 2
left_child=2 6 3 4 5 -1 -2
right_child=1 -3 -4 -5 -6 -7 -8
leaf_value=-0.0055940694123360083 -0.0010914327137731465 0.01039249329232513 -0.0010914327137731465 -0.0010914327137731465 -0.0010914327137731465 -0.0010914327137731465 -0.00033473989791669593
leaf_weight=4.4970693982904759 0.56093555409461249 1.4072700263932345 89.086220951634459 2.6412826859159395 1.6962454228196291 0.26395023893564928 1.5288014477118848
leaf_count=1262 126 52 8784 654 456 64 313
internal_value=-0.000850537 0.00465174 -0.00109143 -0.00211816 -0.00354774 -0.00462507 -0.00109143
internal_weight=101.682 3.49701 98.1848 9.09855 6.45727 4.76102 2.08974
internal_count=11711 491 11220 2436 1782 1326 439
is_linear=0
shrinkage=0.03


Tree=101
num_leaves=13
num_cat=0
split_feature=1 11 7 3 1 10 2 8 2 8 8 2
split_gain=0.317816 0.331348 0.420585 0.290899 0.100497 0.0735137 0.0929382 0.036987 0.0329458 0.023647 0.00320243 0.00288494
threshold=80.437440204103339 31.701324384251219 88.548009367681502 95.597438463584893 0.4944564646057184 74.841772151898752 9.6778713190950203 36.088342440801462 15.142462198149405 56.550343249427918 5.5946791862284835 66.153097237434608
decision_type=2 2 2 2 2 2 2 2 2 2 2 2
left_child=4 -2 3 5 -1 11 -7 -4 -6 -8 -10 -3
right_child=1 2 7 -5 8 6 9 -9 10 -11 -12 -13
leaf_value=-0.0097104098015998973 -0.0017808718236822778 -0.0017808718236822778 0.0080365283895130462 0.0080365283895130462 -0.0042797535332680728 -0.0017808718236822778 0.00055197914449239415 0.017973441398542348 -0.0042797535332680728 0.0069839017605402851 -0.0017808718236822778 -9.3547936822942061e-05
leaf_weight=0.48891063500195642 6.2853733839001533 6.9446371805388463 0.749784034211188 4.0997434766031793 4.6315922799985847 0.43024088116362813 0.88650090829469297 1.3041511096525935 1.1165911790449161 1.4342535098548976 72.036852371995337 1.1957497748080639
leaf_count=51 861 875 84 68 978 70 135 57 270 92 8073 97
internal_value=-0.000867534 0.00214398 0.00434055 0.00211897 -0.00178087 -0.000597028 0.00300735 0.014552 -0.00178087 0.00543307 -0.00178087 -0.00178087
internal_weight=101.604 23.3304 17.0451 14.9911 78.2739 10.8914 2.751 2.05394 77.785 2.32075 73.1534 8.14039
internal_count=11711 2339 1478 1337 9372 1269 297 141 9321 227 8343 972
is_linear=0
shrinkage=0.03


Tree=102
num_leaves=10
num_cat=0
split_feature=1 11 5 10 9 1 2 10 8
split_gain=0.319601 0.322866 0.410424 0.153278 0.124841 0.102601 0.036197 0.0195616 0.00278137
threshold=80.437440204103339 31.701324384251219 79.275859916349347 69.592735277930672 44.023809523809526 0.4944564646057184 15.142462198149405 97.27878563495004 5.5946791862284835
decision_type=2 2 2 2 2 2 2 2 2
left_child=5 -2 7 4 -4 -1 -7 -3 -8
right_child=1 2 3 -5 -6 6 8 -9 -10
leaf_value=-0.0097691649785346148 -0.0017634380850156258 -0.0017634380850156258 -0.0014437034238088885 0.011380670540615773 0.0061720966343466578 -0.0043665918547101243 -0.0043665918547101243 0.0024448578282789913 -0.0017634380850156258
leaf_weight=0.48928856896236439 6.2703772974200573 5.2637299962807473 2.4006942133419198 4.3669743840582669 4.9161990806460381 4.6177607746794811 1.1129139848053444 0.23839360754936922 71.932615214842372
leaf_count=51 861 1197 70 69 89 978 270 53 8073
internal_value=-0.000844282 0.00216507 0.00431139 0.00730736 0.00380019 -0.00176344 -0.00176344 -0.00176344 -0.00176344
internal_weight=101.609 23.4564 17.186 11.6839 7.31689 78.1526 77.6633 5.50212 73.0455
internal_count=11711 2339 1478 228 159 9372 9321 1250 8343
is_linear=0
shrinkage=0.03


Tree=103
num_leaves=12
num_cat=0
split_feature=1 7 5 9 1 8 2 2 1 1 5
split_gain=0.333492 0.232551 0.327249 0.135704 0.0866827 0.128678 0.171036 0.101594 0.0767974 0.0276655 0.0023494
threshold=80.437440204103339 88.047619047619051 79.275859916349347 97.35087719298248 0.4944564646057184 94.771018455228997 72.391789957590092 96.886832073399248 1.6990691646046898 36.707371556217431 79.275859916349347
decision_type=2 2 2 2 2 2 2 2 2 2 2
left_child=3 10 -3 4 -1 7 -7 8 -6 -10 -2
right_child=1 2 -4 -5 5 6 -8 -9 9 -11 -12
leaf_value=-0.0094919186381470823 0.00089549194854169354 0.00089549194854169354 0.014475934519487827 0.00089549194854169354 -0.0092465832106708185 -0.002419527980820701 0.00089549194854169354 0.00089549194854169354 -0.0034472146361024976 -0.002419527980820701 0.0013494011657504681
leaf_weight=0.47893718583509226 7.4695630494970997 0.95067810919135753 1.9722030018456278 2.8644838142208746 0.72149101085960765 3.1889234629925323 6.0283226703759283 3.4510207048151633 28.442366799688898 32.782197942142375 13.154810013715176
leaf_count=50 1761 211 32 389 95 348 193 192 3524 4581 335
internal_value=-0.000850996 0.00221494 0.00892362 -0.00179339 -0.00212409 -0.00195189 0.000895492 -0.00241953 -0.00271798 -0.00249368 0.000895492
internal_weight=101.505 23.5473 2.92288 77.9577 75.0933 74.6143 9.21725 65.3971 61.9461 61.2246 20.6244
internal_count=11711 2339 243 9372 8983 8933 541 8392 8200 8105 2096
is_linear=0
shrinkage=0.03


Tree=104
num_leaves=7
num_cat=0
split_feature=9 5 2 5 8 3
split_gain=0.115494 0.15824 0.0105699 0.00704104 0.0359707 0.000443514
threshold=97.35087719298248 87.052727826882062 4.2893217893217903 20.386133656275838 53.37899543378996 21.987780619494178
decision_type=2 2 2 2 2 2
left_child=2 -2 -1 4 5 -4
right_child=1 -3 3 -5 -6 -7
leaf_value=-0.0029203638883101173 -0.001057395840243726 0.0090859927837561982 -0.0029203638883101173 -0.001057395840243726 -0.001057395840243726 -0.001057395840243726
leaf_weight=2.0631173175061113 2.0942300832830365 1.4590729868505148 3.3955941172316662 88.406128434697166 3.0909888850292191 0.98930718598421652
leaf_count=482 439 52 943 8725 811 259
internal_value=-0.000849888 0.00384599 -0.0010574 -0.0010574 -0.00202449 -0.00292036
internal_weight=101.498 3.5533 97.9451 95.882 7.47589 4.3849
internal_count=11711 491 11220 10738 2013 1202
is_linear=0
shrinkage=0.03


Tree=105
num_leaves=8
num_cat=0
split_feature=1 11 3 9 2 11 7
split_gain=0.275421 0.45151 0.381766 0.18415 0.143817 0.135745 0.0664691
threshold=85.508967606458057 31.348632337771669 95.597438463584893 5.9882386689615617 91.495983935742984 90.2038593215064 91.734972677595636
decision_type=2 2 2 2 2 2 2
left_child=3 -2 6 4 -1 -5 -3
right_child=1 2 -4 5 -6 -7 -8
leaf_value=-0.011234654372517272 -0.001554401102287098 0.0012561885601637924 0.012391962251729654 -0.001554401102287098 -0.001554401102287098 0.0012561885601637924 0.0071277182018814932
leaf_weight=2.2014925517141815 4.7625458820257363 8.9643910969607443 3.8099596421234301 64.804330583312549 0.54806923260912288 15.873575413832439 0.88795265415683466
leaf_count=396 616 976 59 8630 36 952 78
internal_value=-0.000820252 0.00241286 0.00542634 -0.0015544 -0.00825109 -0.0015544 0.00183904
internal_weight=101.852 18.4248 13.6623 83.4275 2.74956 80.6779 9.85234
internal_count=11743 1729 1113 10014 432 9582 1054
is_linear=0
shrinkage=0.03


Tree=106
num_leaves=8
num_cat=0
split_feature=1 11 8 5 9 7 8
split_gain=0.211925 0.389059 0.410759 0.184307 0.142634 0.0793721 0.0505599
threshold=85.508967606458057 31.348632337771669 49.675324675324681 79.631748453258766 7.1858864027538729 21.294035577258459 38.92496392496394
decision_type=2 2 2 2 2 2 2
left_child=4 -2 -3 -4 -1 -6 -7
right_child=1 2 3 -5 5 6 -8
leaf_value=-0.0069787614573218124 -0.00147765960365764 -0.00147765960365764 0.00040306064622890048 0.0097879438705766736 -0.0048049489738718277 -0.0041029094418762128 -0.00147765960365764
leaf_weight=3.3141157460631794 4.7250618966063511 3.5131141310557714 2.5094467734452319 7.7905885665677488 6.3588394974358371 11.012573188985696 62.58728007460013
leaf_count=502 616 459 537 117 1245 2160 6107
internal_value=-0.000831837 0.00199632 0.00482341 0.00773947 -0.00147766 -0.00147766 -0.00147766
internal_weight=101.811 18.5382 13.8131 10.3 83.2728 79.9587 73.5999
internal_count=11743 1729 1113 654 10014 9512 8267
is_linear=0
shrinkage=0.03


Tree=107
num_leaves=9
num_cat=0
split_feature=1 10 4 8 9 2 8 9
split_gain=0.199332 0.210285 0.221124 0.101125 0.0946197 0.1475 0.0688126 0.013667
threshold=85.508967606458057 95.275297619047635 56.204310319271933 50.92879256965945 5.9882386689615617 91.495983935742984 76.028169014084526 82.315711094564421
decision_type=2 2 2 2 2 2 2 2
left_child=4 3 -3 7 5 -1 -6 -2
right_child=1 2 -4 -5 6 -7 -8 -9
leaf_value=-0.0098631396862363697 -0.0014193500282440078 0.00071575637893187081 0.015852826706079445 0.00071575637893187081 -0.0014193500282440078 -0.0014193500282440078 4.0482010444282385e-05 0.00071575637893187081
leaf_weight=2.112823107396252 5.0650846615899416 0.66592139774002024 0.82762816245667636 10.350461399648337 49.334774140035734 0.5207033623009919 31.132878994569182 1.7924011074937878
leaf_count=396 729 95 27 681 7443 36 2139 197
internal_value=-0.000789574 0.00193887 0.0100925 0.000715756 -0.00141935 -0.00631742 -0.00141935 -0.00141935
internal_weight=101.803 18.7015 1.49355 17.2079 83.1012 2.63353 80.4677 6.85749
internal_count=11743 1729 122 1607 10014 432 9582 926
is_linear=0
shrinkage=0.03


Tree=108
num_leaves=12
num_cat=0
split_feature=1 10 4 8 9 8 9 9 4 8 2
split_gain=0.215395 0.215466 0.22677 0.10856 0.0573213 0.0819856 0.0409048 0.0474299 0.033891 0.0640844 0.0190929
threshold=85.508967606458057 95.275297619047635 56.204310319271933 50.92879256965945 7.1858864027538729 76.028169014084526 82.315711094564421 83.438818565400865 58.197916273925777 38.92496392496394 91.495983935742984
decision_type=2 2 2 2 2 2 2 2 2 2 2
left_child=4 3 -3 6 10 7 -2 -6 -5 -9 -1
right_child=1 2 -4 8 5 -7 -8 9 -10 -11 -12
leaf_value=-0.0062733231345291117 -0.0020019836987629422 0.00079323515427411789 0.016048779267613396 0.00079323515427411789 -0.0024895235148336171 -3.8052965635816439e-05 0.00079323515427411789 -0.0024895235148336171 0.0050072341124702295 -3.8052965635816439e-05 -0.0024895235148336171
leaf_weight=2.5224950185511275 5.0664170526433798 0.66609867429360636 0.84691547090187669 5.2058279796037805 37.967082971939817 31.147697591222823 1.7929594076704232 3.8278952420223487 5.1855287610087544 6.9532859203172848 0.65611244831234206
leaf_count=455 729 95 27 556 5942 2129 197 673 125 768 47
internal_value=-0.000793457 0.00203682 0.0102579 0.000793235 -0.00144934 -0.00144934 -0.00144934 -0.00200198 0.000793235 -0.000219481 -0.00503386
internal_weight=101.838 18.7637 1.51301 17.2507 83.0746 79.896 6.85938 48.7483 10.3914 10.7812 3.17861
internal_count=11743 1729 122 1607 10014 9512 926 7383 681 1441 502
is_linear=0
shrinkage=0.03


Tree=109
num_leaves=15
num_cat=0
split_feature=1 8 3 7 8 7 9 8 9 8 8 9 8 8
split_gain=0.169488 0.14512 0.188582 0.071438 0.12677 0.0553356 0.179355 0.0714991 0.0334231 0.00719486 0.00467498 0.00241319 0.0029541 0.00027997
threshold=85.508967606458057 16.271373414230563 95.981065009389269 21.294035577258459 38.92496392496394 95.603864734299535 51.875293014533526 99.350649350649363 7.4537037037037042 49.151567443198168 94.771018455228997 90.765107212475655 51.370120120120127 76.028169014084526
decision_type=2 2 2 2 2 2 2 2 2 2 2 2 2 2
left_child=3 -2 5 -1 -5 10 7 8 -6 -10 11 -3 -13 -11
right_child=1 2 -4 4 6 -7 -8 -9 9 13 -12 12 -14 -15
leaf_value=-0.0042118446276161016 -0.0013595248012591341 3.8385223359390377e-05 0.0073295429924612587 -0.0038385554054434839 -0.0038385554054434839 0.0061690778793131989 3.8385223359390377e-05 3.8385223359390377e-05 -0.0038385554054434839 -0.0022206329837061722 0.0015291514935499267 3.8385223359390377e-05 0.0015291514935499267 -0.0015082019782655057
leaf_weight=7.1298843928379929 1.4480667057214329 10.16990573192014 4.7605495611205688 11.266931872349231 1.974755383911545 0.48933318350464183 32.42190152592957 0.76854793587699433 1.1388518847525144 13.98306578746997 0.89389371452853161 0.62165160803124375 0.4429788738489151 14.243415358476339
leaf_count=1461 235 1162 82 2252 194 56 2977 56 290 1723 74 86 34 1061
internal_value=-0.000776526 0.00173054 0.00282474 -0.00135952 -0.00135952 0.000711699 -0.000500106 -0.00229601 -0.00271275 -0.00215756 3.83852e-05 3.83852e-05 0.00121179 -0.00192504
internal_weight=101.754 18.8264 17.3783 82.9274 75.7975 12.6178 64.5305 32.1086 31.3401 29.3653 12.1284 11.2345 1.06463 28.2265
internal_count=11743 1729 1494 10014 8553 1412 6301 3324 3268 3074 1356 1282 120 2784
is_linear=0
shrinkage=0.03


Tree=110
num_leaves=9
num_cat=0
split_feature=2 7 8 1 2 3 7 1
split_gain=0.17509 0.915117 0.0878387 0.0740167 0.0927648 0.0259557 0.0200633 0.0328481
threshold=96.886832073399248 52.419984387197509 25.176056338028172 43.424488790342458 16.686274509803926 25.561222902995059 99.230769230769241 6.8839839623687604
decision_type=2 2 2 2 2 2 2 2
left_child=2 -2 3 -1 -5 -6 7 -4
right_child=1 -3 6 4 5 -7 -8 -9
leaf_value=-0.0048275397480486044 0.00041170608181321952 0.016313419119473239 -0.0019805752528683877 -0.0048275397480486044 -0.0039934775927996128 0.00041170608181321952 0.0034424652475641888 0.00041170608181321952
leaf_weight=4.2342534938361478 1.8215062976814795 2.91943658166565 5.0960428753169245 1.6344558112323282 1.0497056051390243 4.5126356625696644 2.1849123165011397 78.690348715055734
leaf_count=940 156 82 525 377 293 806 227 8415
internal_value=0.000716177 0.00581019 0.000411706 -0.00211279 -0.000121471 0.000411706 0.000411706 0.000411706
internal_weight=102.143 4.74094 97.4024 11.4311 7.1968 5.56234 85.9713 83.7864
internal_count=11821 238 11583 2416 1476 1099 9167 8940
is_linear=0
shrinkage=0.03


Tree=111
num_leaves=10
num_cat=0
split_feature=10 4 8 0 1 9 1 4 7
split_gain=0.11626 0.539174 0.369194 0.340237 0.159232 0.0895768 0.0769258 0.028868 0.0386432
threshold=55.63492063492064 97.882975412387196 96.747752511898483 91.069158403254519 38.639024909516714 59.234892787524366 88.628341452150309 98.282206002794254 99.230769230769241
decision_type=2 2 2 2 2 2 2 2 2
left_child=5 2 -2 4 -4 6 7 8 -1
right_child=1 -3 3 -5 -6 -7 -8 -9 -10
leaf_value=-0.0036139668919254694 -0.00035249492741663379 0.0099757051993049455 -0.00035249492741663379 0.0099757051993049455 0.0066787492736109493 -0.00035249492741663379 -0.00035249492741663379 -0.00035249492741663379 -0.00035249492741663379
leaf_weight=18.846332433517102 42.409150563762523 5.2150886747986069 0.87563433195464258 2.734560186509043 1.9319573845714328 24.554332844796591 4.0019492225255808 0.829987155739217 0.68524892127606918
leaf_count=3449 4505 114 69 26 135 2915 479 68 61
internal_value=0.000701101 0.00165912 0.000569308 0.00720838 -0.000352495 -0.000352495 -0.00213672 -0.00300328 -0.00328204
internal_weight=102.084 53.1664 47.9513 5.54215 2.80759 48.9179 24.3635 20.3616 19.5316
internal_count=11821 4849 4735 230 204 6972 4057 3578 3510
is_linear=0
shrinkage=0.03


Tree=112
num_leaves=10
num_cat=0
split_feature=8 2 10 8 0 2 11 10 1
split_gain=0.154371 1.12003 0.992026 0.0709016 0.0967541 0.0229516 0.0123239 0.0068822 0.00338551
threshold=95.932156646442365 72.391789957590092 77.58148035333538 16.552511415525114 53.175536881419241 70.772033424845176 29.975120529276705 85.620300751879711 56.998637827653383
decision_type=2 2 2 2 2 2 2 2 2
left_child=3 -2 6 4 7 8 -3 -1 -6
right_child=1 2 -4 -5 5 -7 -8 -9 -10
leaf_value=-0.0060618138149074333 0.00036801077239024507 0.00036801077239024507 0.021504579519071313 0.00036801077239024507 -0.0023833410584345365 0.00036801077239024507 0.0042345506113018226 -0.0023833410584345365 -0.0003580369679614322
leaf_weight=3.0253773006843407 3.8006210338789952 0.90526333125308189 3.6031950982287526 85.1653158783447 0.79286092915572237 1.8809709335910154 1.3040371241513637 0.37017542298417527 1.127638863166794
leaf_count=766 396 31 53 9766 167 286 99 97 160
internal_value=0.000765931 0.00419422 0.0134369 0.000368011 -0.00242506 0.000368011 0.000368011 -0.00549625 -0.00238334
internal_weight=101.975 9.61312 5.8125 92.3623 7.19702 3.80147 2.2093 3.39555 1.9205
internal_count=11821 579 183 11242 1476 613 130 863 327
is_linear=0
shrinkage=0.03


Tree=113
num_leaves=9
num_cat=0
split_feature=2 7 1 8 2 3 2 7
split_gain=0.147197 0.881972 0.0938194 0.0555833 0.0773781 0.105917 0.0246223 0.0125735
threshold=96.886832073399248 52.419984387197509 0.4944564646057184 16.552511415525114 70.772033424845176 73.009880137516674 2.0739743279789051 95.69842738205368
decision_type=2 2 2 2 2 2 2 2
left_child=2 -2 -1 4 -4 -6 -5 -8
right_child=1 -3 3 6 5 -7 7 -9
leaf_value=-0.0074870413737153372 0.00046362560920503517 0.015872103776604921 -0.0041150539092547804 -0.003857698599796323 -0.0041150539092547804 0.00046362560920503517 0.00046362560920503517 0.0028926891372374136
leaf_weight=0.33915946655906637 1.827327872160821 2.9374088610056788 4.7790922480635336 0.73081781598739226 1.1729818256571891 1.1085693293716756 85.549493282218464 3.5395992174744597
leaf_count=39 156 82 1062 164 274 116 9527 401
internal_value=0.000744804 0.00540633 0.000463626 0.000463626 -0.00205911 0.000463626 0.000463626 0.000463626
internal_weight=101.984 4.76474 97.2197 96.8806 7.06064 2.28155 89.8199 89.0891
internal_count=11821 238 11583 11544 1452 390 10092 9928
is_linear=0
shrinkage=0.03


Tree=114
num_leaves=13
num_cat=0
split_feature=8 2 10 1 9 11 4 10 2 11 10 2
split_gain=0.125051 1.0408 0.961389 0.0475202 0.108632 0.101257 0.110803 0.0388 0.0273766 0.00193194 0.000554648 5.45812e-05
threshold=95.932156646442365 72.391789957590092 77.58148035333538 85.508967606458057 9.2807924203273071 93.567323481116588 97.882975412387196 83.438818565400865 96.886832073399248 29.975120529276705 98.65765765765768 57.611663046445663
decision_type=2 2 2 2 2 2 2 2 2 2 2 2
left_child=3 -2 9 4 5 6 7 -1 10 -3 -6 -9
right_child=1 2 -4 -5 8 -7 -8 11 -10 -11 -12 -13
leaf_value=-0.0085336308477661025 0.00039507278462845731 0.00039507278462845731 0.020791999060551007 0.00039507278462845731 -1.3910303899513272e-05 -1.3910303899513272e-05 -1.3910303899513272e-05 -0.00024159255346996726 0.00039507278462845731 0.0038842903133297505 0.00039507278462845731 -1.3910303899513272e-05
leaf_weight=3.5794711571652433 3.8023562899325025 0.90550428908318314 3.6350991521030664 17.030401100404561 63.687963719596155 0.68169850204139937 0.49796604062430549 0.28335290448740114 4.0152568763587615 1.3528864383697508 2.2408338775858274 0.30098188540432602
leaf_count=558 396 31 53 1659 8417 65 29 58 200 99 193 63
internal_value=0.000755381 0.00382834 0.0128127 0.000395073 -0.000355037 -0.00411416 -0.00592426 -0.00760421 -1.39103e-05 0.000395073 -1.39103e-05 -0.000118138
internal_weight=102.014 9.69585 5.89349 92.3179 75.2875 5.34347 4.66177 4.16381 69.9441 2.25839 65.9288 0.584335
internal_count=11821 579 183 11242 9583 773 708 679 8810 130 8610 121
is_linear=0
shrinkage=0.03


Tree=115
num_leaves=7
num_cat=0
split_feature=1 11 2 8 11 11
split_gain=0.30488 0.137173 0.203174 0.0887098 0.102853 0.0055966
threshold=99.023197566939004 98.94736113130979 67.773323968223238 16.552511415525114 6.750117352526992 95.657412257726577
decision_type=2 2 2 2 2 2
left_child=1 3 -3 5 -5 -1
right_child=-2 2 -4 4 -6 -7
leaf_value=-0.0046478753388001538 0.0084143157316949931 -0.0011115834662218586 0.0084143157316949931 -0.0044235677695616685 -0.0011115834662218586 -0.0011115834662218586
leaf_weight=5.9847668716683975 2.2820045326370737 1.4328525378368788 1.7591561849694697 4.1080934290075666 83.831097704009153 0.40630711312405754
leaf_count=1366 126 72 72 632 9394 58
internal_value=-0.000592181 -0.000886197 0.0044507 -0.00111158 -0.00111158 -0.00442357
internal_weight=99.8043 97.5223 3.19201 94.3303 87.9392 6.39107
internal_count=11720 11594 144 11450 10026 1424
is_linear=0
shrinkage=0.03


Tree=116
num_leaves=7
num_cat=0
split_feature=1 11 2 8 11 11
split_gain=0.251761 0.162706 0.208721 0.075234 0.0957473 0.00437746
threshold=99.023197566939004 98.94736113130979 67.773323968223238 16.552511415525114 6.750117352526992 95.657412257726577
decision_type=2 2 2 2 2 2
left_child=1 3 -3 5 -5 -1
right_child=-2 2 -4 4 -6 -7
leaf_value=-0.0043501575786821295 0.0075756835026197155 -0.0010817781385933144 0.0075756835026197155 -0.0041466110210251544 -0.0010817781385933144 -0.0010817781385933144
leaf_weight=5.9264807471772647 2.3169993089977643 1.4339609849266701 1.8116960362531243 4.0894592216936863 83.76531501498539 0.40656950487755228
leaf_count=1366 126 72 72 632 9394 58
internal_value=-0.000564687 -0.000833263 0.00493471 -0.00108178 -0.00108178 -0.00414661
internal_weight=99.7505 97.4335 3.24566 94.1878 87.8548 6.33305
internal_count=11720 11594 144 11450 10026 1424
is_linear=0
shrinkage=0.03


Tree=117
num_leaves=8
num_cat=0
split_feature=1 11 9 11 8 9 9
split_gain=0.292204 0.200208 0.163955 0.0758222 0.106141 0.14899 0.0071599
threshold=99.023197566939004 98.94736113130979 27.812939521800285 6.750117352526992 16.552511415525114 76.339712918660311 98.164983164983184
decision_type=2 2 2 2 2 2 2
left_child=1 3 -3 6 -5 -6 -1
right_child=-2 2 -4 4 5 -7 -8
leaf_value=-0.0071560140720419918 0.0081333323764791327 -0.0011147362956994489 0.0081333323764791327 -0.0046463697604342295 -0.0013144097637533578 0.0014823628616349527 -0.0046463697604342295
leaf_weight=3.4508198186522341 2.3859396062325677 1.1053340742364519 2.2322046598419547 5.7920622193487352 60.921976073412225 22.777623366680928 1.1200709494296459
leaf_count=607 126 45 99 1288 7169 2225 161
internal_value=-0.00054198 -0.000834989 0.00548853 -0.00111474 -0.00111474 -0.00111474 -0.00464637
internal_weight=99.786 97.4001 3.33754 94.0626 89.4917 83.6996 4.57089
internal_count=11720 11594 144 11450 10682 9394 768
is_linear=0
shrinkage=0.03


Tree=118
num_leaves=7
num_cat=0
split_feature=1 3 8 11 11 9
split_gain=0.26255 0.141373 0.0708243 0.09034 0.00742899 0.00276705
threshold=99.023197566939004 90.583972719522606 16.552511415525114 6.750117352526992 95.657412257726577 35.873246250604744
decision_type=2 2 2 2 2 2
left_child=2 5 4 -4 -1 -2
right_child=1 -3 3 -5 -6 -7
leaf_value=-0.0040523568292439903 -0.00082074202265550904 0.011665764369427201 -0.0037596217269270918 -0.00082074202265550904 -0.00082074202265550904 0.00062416080107068224
leaf_weight=5.8728235504822797 0.509630118729546 1.3905554565135387 4.0034043658524743 86.882268268382177 0.58525017905049015 0.51793489512056112
leaf_count=1366 43 23 632 9519 77 60
internal_value=-0.000541802 0.00764217 -0.000820742 -0.000820742 -0.00375962 -0.000820742
internal_weight=99.7619 2.41812 97.3437 90.8857 6.45807 1.02757
internal_count=11720 126 11594 10151 1443 103
is_linear=0
shrinkage=0.03


Tree=119
num_leaves=7
num_cat=0
split_feature=1 3 8 11 11 9
split_gain=0.258706 0.144579 0.0661189 0.0847834 0.0074597 0.00227807
threshold=99.023197566939004 90.583972719522606 16.552511415525114 6.750117352526992 95.657412257726577 35.873246250604744
decision_type=2 2 2 2 2 2
left_child=2 5 4 -4 -1 -2
right_child=1 -3 3 -5 -6 -7
leaf_value=-0.0039518892228759452 -0.00081273473810863971 0.011691099632963517 -0.0036568012847229239 -0.00081273473810863971 -0.00081273473810863971 0.00053139705430288583
leaf_weight=5.8540524007985359 0.50964275957085126 1.3792374948970971 3.9777574279578394 86.895287953433581 0.58440470625646401 0.51949685649015009
leaf_count=1366 43 23 632 9519 77 60
internal_value=-0.000536129 0.00759961 -0.000812735 -0.000812735 -0.0036568 -0.000812735
internal_weight=99.7199 2.40838 97.3115 90.873 6.43846 1.02914
internal_count=11720 126 11594 10151 1443 103
is_linear=0
shrinkage=0.03


Tree=120
num_leaves=10
num_cat=0
split_feature=1 10 1 1 8 5 10 8 10
split_gain=0.241045 0.322362 0.092616 0.0401191 0.0602748 0.0526728 0.0414509 0.0049856 0.00150165
threshold=98.614289143131472 68.217893217893234 0.4944564646057184 19.186752434834279 95.932156646442365 99.757275833627915 97.937925170068027 72.029411764705898 77.8888888888889
decision_type=2 2 2 2 2 2 2 2 2
left_child=2 7 -1 4 5 -4 8 -2 -5
right_child=1 -3 3 6 -6 -7 -8 -9 -10
leaf_value=-0.0084316672230295327 -0.0012124694228994018 0.013150029911387686 -0.0039953255254630976 -0.0012124694228994018 -0.0012124694228994018 -0.0012124694228994018 0.0025251312486108228 0.00089910496199140588 -0.00033100999375898282
leaf_weight=0.62758394400589068 0.80198210175149065 1.5174297310877589 17.583110581384979 54.311323898262344 3.0354526326991609 0.47530632140114804 3.5865531503222874 1.1125644911080597 16.417822989169508
leaf_count=53 74 59 2077 7422 97 14 313 37 1619
internal_value=-0.000908346 0.00595532 -0.00121247 -0.00121247 -0.00254652 -0.00344555 -0.00121247 -0.00121247 -0.00121247
internal_weight=99.4691 3.43198 96.0372 95.4096 21.0939 18.0584 74.3157 1.91455 70.7291
internal_count=11765 170 11595 11542 2188 2091 9354 111 9041
is_linear=0
shrinkage=0.03


Tree=121
num_leaves=8
num_cat=0
split_feature=1 11 1 11 9 1 11
split_gain=0.235818 0.592648 0.097894 0.258412 0.0808931 0.107842 0.0220998
threshold=98.614289143131472 62.435836689568042 19.186752434834279 86.496181164373397 97.35087719298248 11.642890630232403 99.243378368063517
decision_type=2 2 2 2 2 2 2
left_child=2 -2 3 4 5 -1 -4
right_child=1 -3 6 -5 -6 -7 -8
leaf_value=-0.0082655961684005817 -0.0011726493885516583 0.015397198226330452 -0.0011726493885516583 -0.0011726493885516583 -0.0011726493885516583 -0.0024586577247316826 0.00314982080142139
leaf_weight=8.6378853539936227 1.6735090559814119 1.7589508006349204 72.689310836722143 6.6297257727710521 0.46584948874078769 5.7457888200879106 1.642955008894204
leaf_count=1006 122 48 9295 437 84 714 59
internal_value=-0.000870902 0.00591619 -0.00117265 -0.00316778 -0.00568995 -0.00625653 -0.00117265
internal_weight=99.244 3.43246 95.8115 21.4792 14.8495 14.3837 74.3323
internal_count=11765 170 11595 2241 1804 1720 9354
is_linear=0
shrinkage=0.03


Tree=122
num_leaves=10
num_cat=0
split_feature=1 11 1 11 2 1 9 11 1
split_gain=0.193811 0.517119 0.0953577 0.249852 0.119394 0.137938 0.0454697 0.0193711 0.00302243
threshold=98.614289143131472 62.435836689568042 19.186752434834279 86.496181164373397 94.721661417534804 11.642890630232403 83.438818565400865 99.243378368063517 10.463748444746072
decision_type=2 2 2 2 2 2 2 2 2
left_child=2 -2 3 4 5 -1 -7 -4 -6
right_child=1 -3 7 -5 8 6 -8 -9 -10
leaf_value=-0.0099698420398880057 -0.0012013442257575288 0.014063743952248816 -0.0012013442257575288 -0.0012013442257575288 -0.0024523961743020605 -0.0045340449336268782 -0.0012013442257575288 0.0029495095999795551 -0.0012013442257575288
leaf_weight=5.9618167293956521 1.6696010262239718 1.7903428620193151 72.894613728974946 6.6246911860071114 2.4123095020186152 3.9659369979053736 0.99745987635105837 1.6648282315582026 1.2198320587631313
leaf_count=850 122 48 9295 437 200 551 136 59 67
internal_value=-0.000927938 0.00521063 -0.00120134 -0.00318479 -0.0056909 -0.00715339 -0.00266585 -0.00120134 -0.00120134
internal_weight=99.2014 3.45994 95.7415 21.182 14.5574 10.9252 4.9634 74.5594 3.63214
internal_count=11765 170 11595 2241 1804 1537 687 9354 267
is_linear=0
shrinkage=0.03


Tree=123
num_leaves=10
num_cat=0
split_feature=1 11 1 11 2 1 9 11 1
split_gain=0.161352 0.463186 0.091979 0.241567 0.120235 0.157885 0.0406468 0.0266531 0.00221807
threshold=98.614289143131472 62.435836689568042 19.186752434834279 86.496181164373397 94.721661417534804 11.642890630232403 83.438818565400865 99.243378368063517 10.463748444746072
decision_type=2 2 2 2 2 2 2 2 2
left_child=2 -2 3 4 5 -1 -7 -4 -6
right_child=1 -3 7 -5 8 6 -8 -9 -10
leaf_value=-0.010175448269030484 -0.001198949019134421 0.012991070903164313 -0.001198949019134421 -0.001198949019134421 -0.002389401061336898 -0.0042943606497044704 -0.001198949019134421 0.0031887314456736523 -0.001198949019134421
leaf_weight=5.787812757072972 1.6698558398056769 1.8369084761943666 72.935881017590873 6.6265703884419045 2.4103904960211362 3.9390268612187356 0.99753358331508923 1.6644571572542179 1.2193925471510736
leaf_count=850 122 48 9295 437 200 551 136 59 67
internal_value=-0.000948632 0.00462622 -0.00119895 -0.00315636 -0.00564174 -0.00713204 -0.00245085 -0.00119895 -0.00119895
internal_weight=99.0878 3.50676 95.5811 20.9807 14.3542 10.7244 4.93656 74.6003 3.62978
internal_count=11765 170 11595 2241 1804 1537 687 9354 267
is_linear=0
shrinkage=0.03


Tree=124
num_leaves=10
num_cat=0
split_feature=1 11 1 11 9 8 9 10 11
split_gain=0.196262 0.503917 0.119302 0.2011 0.0801651 0.0881896 0.0777963 0.034552 0.0241747
threshold=98.614289143131472 76.658757780039267 19.186752434834279 86.496181164373397 55.62587904360057 92.131062951496403 97.35087719298248 50.316455696202539 99.243378368063517
decision_type=2 2 2 2 2 2 2 2 2
left_child=2 7 3 6 5 -5 -1 -2 -4
right_child=1 -3 8 4 -6 -7 -8 -9 -10
leaf_value=-0.0061605135959682152 -0.0012101166026073371 0.01506098752958779 -0.0012101166026073371 -0.0055784504883706612 -0.0012101166026073371 -0.0012101166026073371 -0.0012101166026073371 0.0039713107345449201 0.003363826625563949
leaf_weight=13.803124757367183 1.0723524468485264 1.4210942948702721 72.990099629038014 2.145892831147648 3.4728641696274281 0.92173982062377025 0.46180831617675799 1.1278031552210448 1.6843802211806167
leaf_count=1720 77 37 9295 248 164 25 84 56 59
internal_value=-0.000929326 0.00513396 -0.00121012 -0.00344422 -0.00121012 -0.00557845 -0.00557845 -0.00121012 -0.00121012
internal_weight=99.1012 3.62125 95.4799 20.8054 6.5405 3.06763 14.2649 2.20016 74.6745
internal_count=11765 170 11595 2241 437 273 1804 133 9354
is_linear=0
shrinkage=0.03


Tree=125
num_leaves=15
num_cat=0
split_feature=1 11 4 7 7 7 1 5 11 4 7 7 9 1
split_gain=0.0855567 0.367122 0.342306 0.511154 0.207768 0.0814375 0.0584065 0.0555628 0.0753007 0.017032 0.0146462 0.00769677 0.00644603 0.0142118
threshold=80.049290986791007 31.701324384251219 71.810477202929377 53.00120048019209 95.275297619047635 47.655677655677657 0.4944564646057184 26.335288669342393 71.52620817500447 62.867086509777927 95.121628767847724 89.52850877192985 97.241248097412495 64.419330669330691
decision_type=2 2 2 2 2 2 2 2 2 2 2 2 2 2
left_child=6 -2 4 5 11 -4 -1 8 9 10 12 -3 13 -8
right_child=1 2 3 -5 -6 -7 7 -9 -10 -11 -12 -13 -14 -15
leaf_value=-0.0061486178711266616 -0.00031362988397553009 -0.00031362988397553009 -0.00031362988397553009 0.016797628229799372 0.010801078735093761 0.0048897363833593603 -0.0061486178711266616 -0.00031362988397553009 -0.00031362988397553009 -0.00031362988397553009 -0.00031362988397553009 0.0016982694387417281 -0.00031362988397553009 -0.0015767688423515018
leaf_weight=0.54680652637034555 6.3431561348261338 9.7251808935543398 1.5992820269893848 2.999714832752943 0.70168742351234037 1.9554772882256655 3.5875597342383108 68.708151642233133 1.4828064308967439 0.31143267499282945 0.33820474543608714 0.80356561159715134 0.19995076116174448 1.6460103322751818
leaf_count=47 851 1192 65 77 53 59 1035 7194 377 92 93 61 55 474
internal_value=0.000179655 0.00170019 0.00448421 0.00943169 0.00106162 0.00106162 -0.00031363 -0.00031363 -0.00275925 -0.00441423 -0.0047708 -0.00031363 -0.00510685 -0.00527935
internal_weight=100.949 24.1281 17.7849 6.55447 11.2304 3.55476 76.8209 76.2741 7.56596 6.08316 5.77173 10.5287 5.43352 5.23357
internal_count=11725 2358 1507 201 1306 124 9367 9320 2126 1749 1657 1253 1564 1509
is_linear=0
shrinkage=0.03


Tree=126
num_leaves=11
num_cat=0
split_feature=1 4 7 2 7 1 5 8 0 4
split_gain=0.0717872 0.271288 0.295813 0.208833 0.0597386 0.0588564 0.051989 0.0497353 0.023241 0.00408857
threshold=80.049290986791007 71.810477202929377 47.140522875816998 45.149861727885074 60.172413793103452 0.4944564646057184 26.335288669342393 53.37899543378996 44.525586353944568 68.713130749930315
decision_type=2 2 2 2 2 2 2 2 2 2
left_child=5 -2 -3 -4 -5 -1 7 8 9 -7
right_child=1 2 3 4 -6 6 -8 -9 -10 -11
leaf_value=-0.0061120438098044233 -0.00026228501185000818 -0.00026228501185000818 -0.00024268144395130811 0.0037928692631526112 0.013994471561846928 -0.0051382171788712586 -0.00026228501185000818 -0.00026228501185000818 -0.00026228501185000818 -0.00026228501185000818
leaf_weight=0.54997329832985897 15.527670053648764 2.2459976437967253 1.727902603568509 1.7229828806594012 2.9021662776358426 3.9443709334591395 68.673575298744254 3.2443848251132295 0.17134704091586161 0.1732761776074766
leaf_count=47 2031 105 87 70 65 1145 7194 883 51 47
internal_value=0.000190162 0.00158273 0.0055989 0.00874122 0.011544 -0.000262285 -0.000262285 -0.00263365 -0.00445144 -0.00497793
internal_weight=100.884 24.1267 8.59905 6.35305 4.62515 76.7569 76.207 7.53338 4.28899 4.11765
internal_count=11725 2358 327 222 135 9367 9320 2126 1243 1192
is_linear=0
shrinkage=0.03


Tree=127
num_leaves=8
num_cat=0
split_feature=1 11 2 8 1 3 3
split_gain=0.0696188 0.185923 0.418647 0.0709718 0.092144 0.0399772 0.0258036
threshold=0.4944564646057184 98.94736113130979 67.773323968223238 25.987012987012989 49.417236751305452 74.941723675130561 29.929567762095555
decision_type=2 2 2 2 2 2 2
left_child=-1 3 -3 4 5 -2 -6
right_child=1 2 -4 -5 6 -7 -8
leaf_value=-0.0061107450465218089 -0.0061107450465218089 3.507818241643066e-05 0.015558699961582953 3.507818241643066e-05 -0.0029641959232134347 -7.670724269836551e-05 3.507818241643066e-05
leaf_weight=0.55309410474728693 3.3684489183360693 1.5778261998202645 1.2855076771229503 86.34038714657072 1.5882266658591104 1.1640864734072236 4.9783024576026946
leaf_count=47 887 74 58 9126 448 224 861
internal_value=0.000196593 0.000291351 0.00674588 3.50782e-05 -0.00226262 -0.00511615 3.50782e-05
internal_weight=100.856 100.303 2.86333 97.4395 11.0991 4.53254 6.56653
internal_count=11725 11678 132 11546 2420 1111 1309
is_linear=0
shrinkage=0.03


Tree=128
num_leaves=11
num_cat=0
split_feature=11 1 4 7 2 11 1 2 4 2
split_gain=0.0727642 0.155789 0.360067 0.395279 0.276102 0.182634 0.0785991 0.114507 0.0180029 0.00617424
threshold=6.750117352526992 80.049290986791007 71.810477202929377 47.655677655677657 42.881550930695802 57.057484513995625 6.5138816134101623 94.249411686901723 94.451137884872836 76.19586533747345
decision_type=2 2 2 2 2 2 2 2 2 2
left_child=-1 6 -3 -4 -5 -6 7 -2 -9 -8
right_child=1 2 3 4 5 -7 9 8 -10 -11
leaf_value=-0.0030692736670674329 -0.0030692736670674329 -0.00027408094325354299 -0.00027408094325354299 -0.00027408094325354299 0.0034894578376980239 0.017826647506407008 -0.00084717460802587869 -0.0030692736670674329 -0.00027408094325354299 -0.00027408094325354299
leaf_weight=4.740901570650748 3.2227633501170194 14.624639481073247 2.205028157681225 1.4854835378937421 1.7612088923342524 2.7826007776893675 40.674983742530458 0.87566596129909191 2.367440648842603 26.155002575367689
leaf_count=782 497 1866 97 67 68 61 6123 106 96 1962
internal_value=0.000215867 0.000407765 0.00251392 0.00715453 0.0108217 0.0139013 -0.000274081 -0.00306927 -0.000274081 -0.000274081
internal_weight=100.896 96.1548 22.859 8.23432 6.02929 4.54381 73.2959 6.46587 3.24311 66.83
internal_count=11725 10943 2159 293 196 129 8784 699 202 8085
is_linear=0
shrinkage=0.03


Tree=129
num_leaves=13
num_cat=0
split_feature=11 1 11 0 7 3 7 1 2 8 2 9
split_gain=0.0720307 0.143289 0.215301 0.325047 0.160326 0.177042 0.0866264 0.0766117 0.114536 0.0496704 0.00448428 0.00136606
threshold=6.750117352526992 80.049290986791007 31.701324384251219 66.909988633134432 73.956521739130451 92.140224640224645 95.275297619047635 6.5138816134101623 94.249411686901723 75.162337662337677 76.19586533747345 58.066399733066412
decision_type=2 2 2 2 2 2 2 2 2 2 2 2
left_child=11 7 -3 6 5 9 -4 8 -2 -5 -9 -1
right_child=1 2 3 4 -6 -7 -8 10 -10 -11 -12 -13
leaf_value=-0.0050529377836467859 -0.0030469524275628765 -0.00023926295128222426 -0.00023926295128222426 -0.00023926295128222426 0.012272615613954438 0.0072297325223102853 0.0072049874690517136 -0.00077358471690018625 -0.00023926295128222426 0.004349655944828554 -0.00023926295128222426 -0.0030469524275628765
leaf_weight=1.6126823083031911 3.2110778437927356 5.0800135773606625 6.5218506355304298 1.6319484098348751 3.1265828008763492 4.6441310616210103 0.46693404205143441 40.646572240279056 3.243850419530645 1.4321239183191208 26.164045498589985 3.1175948170712218
leaf_count=233 497 652 1180 107 57 83 51 6123 202 29 1962 549
internal_value=0.000225009 0.000415648 0.00243299 0.00416133 0.00721222 0.00398602 -0.000239263 -0.000239263 -0.00304695 -0.000239263 -0.000239263 -0.00304695
internal_weight=100.899 96.1691 22.9036 17.8236 10.8348 7.7082 6.98878 73.2655 6.45493 3.06407 66.8106 4.73028
internal_count=11725 10943 2159 1507 276 219 1231 8784 699 136 8085 782
is_linear=0
shrinkage=0.03


Tree=130
num_leaves=10
num_cat=0
split_feature=9 11 2 1 8 11 9 1 1
split_gain=0.173073 0.565129 0.709218 0.041989 0.0441819 0.0372109 0.135405 0.0185097 0.0055404
threshold=76.975051975051997 88.360416745214863 43.435051235684156 9.2745175711617929 39.36910084451069 5.4453257372983339 58.066399733066412 85.508967606458057 83.576655299801089
decision_type=2 2 2 2 2 2 2 2 2
left_child=5 8 -3 -4 -5 6 -1 -7 -2
right_child=1 2 3 4 -6 7 -8 -9 -10
leaf_value=-0.0090526871197990737 -0.00028996547445612195 -3.2228570923455814e-05 0.0038746995732764494 0.0053961816420038935 0.021023280267500225 -0.00028996547445612195 -0.00028996547445612195 -3.2228570923455814e-05 -3.2228570923455814e-05
leaf_weight=1.0432261327514414 16.419720112695369 1.3035851141903538 0.88948975550010834 1.1225743568502369 1.9080138085409997 58.813505281810649 0.73494994873180974 13.659893665346315 3.826826778240501
leaf_count=155 2183 77 36 74 65 7385 102 1240 403
internal_value=0.000312476 0.0023965 0.0103027 0.0162418 0.0180097 -0.000424746 -0.00383636 -0.000289965 -3.22286e-05
internal_weight=99.7218 25.4702 5.22366 3.92008 3.03059 74.2516 1.77818 72.4734 20.2465
internal_count=11720 2838 252 175 139 8882 257 8625 2586
is_linear=0
shrinkage=0.03


Tree=131
num_leaves=11
num_cat=0
split_feature=9 8 2 7 1 1 2 2 10 10
split_gain=0.161143 0.22968 0.243614 0.689857 0.279064 0.0582891 0.0342603 0.0247996 0.0121357 0.000161605
threshold=76.975051975051997 56.030303030303038 70.772033424845176 79.568645640074223 11.642890630232403 87.454394492187973 1.5483504331264977 93.812925891867692 49.683544303797476 39.871794871794883
decision_type=2 2 2 2 2 2 2 2 2 2
left_child=6 7 5 -4 -5 -3 8 -2 -1 -8
right_child=1 2 3 4 -6 -7 9 -9 -10 -11
leaf_value=-0.0061251741008961106 -0.00038473166745304907 -0.00038473166745304907 0.00065180741049845371 0.0028947344762743597 0.01926966686747222 0.00065180741049845371 -0.00060483331992544371 0.00065180741049845371 -0.00038473166745304907 -0.00038473166745304907
leaf_weight=0.27614791854284604 9.8244326635030941 5.604004552587865 2.5463496441952884 1.7760958462022243 2.8502030647359788 1.7286507335957138 19.651060862815939 1.2112550409510738 0.25108870165422559 53.97470370773226
leaf_count=57 1696 619 173 38 98 105 2763 109 51 6011
internal_value=0.000328442 0.00233548 0.004715 0.00828082 0.014615 0.000651807 -0.000384732 -0.000384732 -0.00488879 -0.000384732
internal_weight=99.694 25.541 14.5053 7.17265 4.6263 7.33266 74.153 11.0357 0.527237 73.6258
internal_count=11720 2838 1033 309 136 724 8882 1805 108 8774
is_linear=0
shrinkage=0.03


Tree=132
num_leaves=12
num_cat=0
split_feature=9 11 2 1 8 2 11 1 7 7 2
split_gain=0.128891 0.628733 0.72695 0.0400032 0.0481775 0.0347726 0.0196759 0.0211674 0.0182669 0.000537915 0.000413459
threshold=76.975051975051997 88.360416745214863 43.435051235684156 9.2745175711617929 39.36910084451069 1.5483504331264977 5.4453257372983339 0.94899303171190252 21.294035577258459 9.6006144393241186 72.391789957590092
decision_type=2 2 2 2 2 2 2 2 2 2 2
left_child=5 10 -3 -4 -5 -1 -7 -8 9 -9 -2
right_child=1 2 3 4 -6 6 7 8 -10 -11 -12
leaf_value=-0.0048435383129660338 -0.00030788428081792812 -0.00030788428081792812 0.0039211013032120412 0.0053775227946948438 0.021131988583897723 -0.0029206816009568507 -0.0029206816009568507 -0.0029206816009568507 -0.00030788428081792812 -0.0013057335514949431 -3.293884344571151e-05
leaf_weight=0.52585420478135247 11.852771908743316 1.3034360564779479 0.8826867931056771 1.1245086549315604 1.9472261588089166 1.7105372489895661 1.0129853528924275 1.7418134480249126 65.282057261094451 3.8019641750724986 8.4779141998151299
leaf_count=108 1841 77 36 74 65 252 72 368 7385 697 745
internal_value=0.000331368 0.00212389 0.0104422 0.0163667 0.0181017 -0.000307884 -0.000307884 -0.000307884 -0.000307884 -0.00218837 -0.000307884
internal_weight=99.6638 25.5885 5.25786 3.95442 3.07173 74.0752 73.5494 71.8388 70.8258 5.54378 20.3307
internal_count=11720 2838 252 175 139 8882 8774 8522 8450 1065 2586
is_linear=0
shrinkage=0.03


Tree=133
num_leaves=10
num_cat=0
split_feature=1 9 2 7 3 5 2 10 10
split_gain=0.17443 0.110088 0.405571 1.00321 0.28794 0.127353 0.0335408 0.0119834 5.20583e-05
threshold=0.4944564646057184 76.339712918660311 74.185728420930118 78.989813242784393 87.454394492187973 87.852622061482847 1.5483504331264977 49.683544303797476 39.871794871794883
decision_type=2 2 2 2 2 2 2 2 2
left_child=-1 6 -3 -4 5 -5 7 -2 -8
right_child=1 2 3 4 -6 -7 8 -9 -10
leaf_value=-0.010231845616424737 -0.0058398944915444761 -0.00015198049166403554 -0.00015198049166403554 -0.00015198049166403554 0.018691959628664136 0.0084559032017930032 -0.00034180299714086168 -0.00015198049166403554 -0.00015198049166403554
leaf_weight=0.38797299144789477 0.26785169215872784 15.660854729125278 6.1770457518286985 1.2046174530405553 3.5032226657494903 1.4547101147472856 19.474801720469259 0.24822783167473972 51.223298104363494
leaf_count=43 56 2121 604 151 40 17 2723 51 5914
internal_value=0.000337463 0.00048048 0.00203881 0.00599612 0.0138644 0.00413469 -0.00015198 -0.00461587 -0.00015198
internal_weight=99.6026 99.2146 28.0005 12.3396 6.16255 2.65933 71.2142 0.51608 70.6981
internal_count=11720 11677 2933 812 208 168 8744 107 8637
is_linear=0
shrinkage=0.03


Tree=134
num_leaves=8
num_cat=0
split_feature=9 2 7 1 2 10 10
split_gain=0.0962018 0.177881 0.615563 0.378887 0.0328974 0.0127874 0.00141248
threshold=76.975051975051997 74.185728420930118 79.568645640074223 9.2745175711617929 1.5483504331264977 49.683544303797476 47.259759759759767
decision_type=2 2 2 2 2 2 2
left_child=4 -2 -3 -4 5 -1 -6
right_child=1 2 3 -5 6 -7 -8
leaf_value=-0.0059112595202042203 -0.00021684021760311905 -0.00021684021760311905 -0.00021684021760311905 0.014214801295522559 -0.00049073889352439001 -0.00021684021760311905 -0.00021684021760311905
leaf_weight=0.27088721282780071 14.816463273717092 5.1835586738307011 1.0033666489180175 4.6311483557801694 25.188646752969362 0.24819028121419251 48.073458977625705
leaf_count=57 2051 591 36 160 3486 51 5288
internal_value=0.000338281 0.00188418 0.00463073 0.01098 -0.00021684 -0.00463515 -0.00021684
internal_weight=99.4157 25.6345 10.8181 5.63452 73.7812 0.519077 73.2621
internal_count=11720 2838 787 196 8882 108 8774
is_linear=0
shrinkage=0.03


Tree=135
num_leaves=11
num_cat=0
split_feature=10 8 1 1 1 11 5 10 9 7
split_gain=0.206317 0.490874 0.477063 0.27011 0.0618317 0.418219 0.0878883 0.0473932 0.0423885 0.0356258
threshold=77.58148035333538 95.932156646442365 38.285108148702278 85.098581973581986 41.034838440498824 77.037508647129769 95.981065009389269 98.65765765765768 97.545919903643494 94.058823529411782
decision_type=2 2 2 2 2 2 2 2 2 2
left_child=4 3 -3 7 5 6 8 -2 9 -1
right_child=1 2 -4 -5 -6 -7 -8 -9 -10 -11
leaf_value=-0.0067083120147382836 -0.00023013506579275028 0.00088249947849810032 0.018249398417192027 0.0064103728414266715 -0.00023013506579275028 -0.00023013506579275028 -0.00023013506579275028 0.00088249947849810032 -0.00023013506579275028 -0.00023166003127544991
leaf_weight=12.859125543036498 16.262288914062108 2.1583835184574118 2.2362992977723479 5.2166489383671424 42.273777498281561 11.344923113822004 2.7415994815528384 2.5456700352951875 0.51020089001394886 0.88624344265554178
leaf_count=2465 1832 53 65 381 5346 937 140 246 98 107
internal_value=0.000646115 0.00275722 0.0109425 0.000882499 -0.000230135 -0.00160794 -0.00513036 -0.000230135 -0.00601943 -0.00633476
internal_weight=99.0352 28.4193 4.39468 24.0246 70.6159 28.3421 16.9972 18.808 14.2556 13.7454
internal_count=11670 2577 118 2459 9093 3747 2810 2078 2670 2572
is_linear=0
shrinkage=0.03


Tree=136
num_leaves=13
num_cat=0
split_feature=10 1 11 1 11 2 9 7 1 10 1 11
split_gain=0.155628 0.288885 0.150087 0.0440002 0.294897 0.18234 0.0749245 0.0827928 0.0322524 0.023185 0.0148009 0.000509442
threshold=99.367088607594951 22.773479232089098 56.016903481526128 37.067807416009209 80.324117492591071 96.886832073399248 97.545919903643494 95.69842738205368 36.707371556217431 82.637681159420296 85.508967606458057 26.002708584675801
decision_type=2 2 2 2 2 2 2 2 2 2 2 2
left_child=3 -2 11 4 5 6 7 8 9 -1 -5 -3
right_child=1 2 -4 10 -6 -7 -8 -9 -10 -11 -12 -13
leaf_value=-0.0059153029896143313 0.00027555935163694426 0.0010703331262615441 0.014927325177062722 0.00027555935163694426 0.00027555935163694426 0.00027555935163694426 0.00027555935163694426 0.00027555935163694426 0.00027555935163694426 -0.0022382984030005107 0.0010703331262615441 0.0020790391640590137
leaf_weight=15.114525314886139 1.2949929432943452 0.62867872929200552 1.5227121259085832 40.030624038539827 13.309378048288634 1.7966650675516564 0.65936981257982452 1.003615000983699 0.36006894498132069 3.5794635748025021 18.915311989025213 0.57654060469940305
leaf_count=2465 91 80 93 5520 963 129 127 108 34 391 1615 54
internal_value=0.00055129 0.00569873 0.0107345 0.000275559 -0.000544269 -0.00323772 -0.00429875 -0.00470293 -0.00517836 -0.00536065 0.00077456 0.00107033
internal_weight=98.7919 4.02292 2.72793 94.769 35.8231 22.5137 20.717 20.0577 19.0541 18.694 58.9459 1.20522
internal_count=11670 318 227 11352 4217 3254 3125 2998 2890 2856 7135 134
is_linear=0
shrinkage=0.03


Tree=137
num_leaves=12
num_cat=0
split_feature=10 1 11 1 11 2 9 7 10 1 11
split_gain=0.157045 0.284886 0.150174 0.0431054 0.257826 0.171574 0.0710189 0.075898 0.021842 0.0151991 0.000778348
threshold=99.367088607594951 22.773479232089098 56.016903481526128 37.067807416009209 80.324117492591071 96.886832073399248 97.545919903643494 95.69842738205368 77.8888888888889 85.508967606458057 26.002708584675801
decision_type=2 2 2 2 2 2 2 2 2 2 2
left_child=3 -2 10 4 5 6 7 8 -1 -5 -3
right_child=1 2 -4 9 -6 -7 -8 -9 -10 -11 -12
leaf_value=-0.0056715795761629242 0.0002196116691729397 0.0010175905034207112 0.014819220441848994 0.0002196116691729397 0.0002196116691729397 0.0002196116691729397 0.0002196116691729397 0.0002196116691729397 -0.0024637757178434592 0.0010175905034207112 0.0020666455491326566
leaf_weight=13.994530191877869 1.2982447684044007 0.62770414655096851 1.5300541294272987 40.039039080147631 13.346841373131609 1.7965457700192917 0.66060293279588123 0.99913963698781927 4.8913585547124958 18.965167713817209 0.57744441088289022
leaf_count=2380 91 80 93 5520 963 129 127 108 510 1615 54
internal_value=0.000496452 0.00566096 0.0106386 0.000219612 -0.000593208 -0.00309422 -0.00414689 -0.00454821 -0.00500645 0.000712943 0.00101759
internal_weight=98.7267 4.03345 2.7352 94.6932 35.689 22.3422 20.5456 19.885 18.8859 59.0042 1.20515
internal_count=11670 318 227 11352 4217 3254 3125 2998 2890 7135 134
is_linear=0
shrinkage=0.03


Tree=138
num_leaves=14
num_cat=0
split_feature=10 1 11 1 8 3 9 2 7 1 7 9 11
split_gain=0.153331 0.281953 0.147946 0.0381297 0.0721555 0.0796593 0.0707839 0.137373 0.0512903 0.0293861 0.0188289 0.0145603 0.00356796
threshold=99.367088607594951 22.773479232089098 56.016903481526128 85.508967606458057 88.029850746268679 99.023197566939004 59.476565172767714 70.684828867709669 97.402159244264524 19.186752434834279 27.435167615433276 95.079883805374024 17.412350014632722
decision_type=2 2 2 2 2 2 2 2 2 2 2 2 2
left_child=3 -2 12 4 5 6 9 8 11 -1 -11 -8 -3
right_child=1 2 -4 -5 -6 -7 7 -9 -10 10 -12 -13 -14
leaf_value=-0.0044027989823958551 0.00025114522059616393 0.0010214794412220492 0.014712964193100602 0.0010214794412220492 0.00025114522059616393 0.00025114522059616393 -0.0023182427185353175 0.00025114522059616393 0.00025114522059616393 -0.0044027989823958551 -0.0023182427185353175 0.00025114522059616393 0.0025666360411557656
leaf_weight=6.3231275957077839 1.2980645851930592 0.4255586958024653 1.5403247857466338 18.979812189238146 16.717710818862543 2.3826814612839362 10.778527309652413 13.578929699957369 0.84286283864639777 3.3919381215237108 20.035268738516606 1.5771403643302626 0.78201673785224557
leaf_count=1103 91 61 93 1615 1170 72 1907 1285 117 768 3017 298 73
internal_value=0.00052563 0.00562223 0.0105741 0.000251145 -7.48082e-05 -0.000853796 -0.00133593 -0.000200385 -0.00231824 -0.00231824 -0.00231824 -0.00231824 0.00102148
internal_weight=98.654 4.04596 2.7479 94.608 75.6282 58.9105 56.5278 26.7775 13.1985 29.7503 23.4272 12.3557 1.20758
internal_count=11670 318 227 11352 9737 8567 8495 3607 2322 4888 3785 2205 134
is_linear=0
shrinkage=0.03


Tree=139
num_leaves=8
num_cat=0
split_feature=10 11 8 10 2 10 11
split_gain=0.141969 0.261693 0.0319746 0.0291782 0.0175968 0.0205623 0.00607516
threshold=99.367088607594951 56.016903481526128 16.271373414230563 83.728626585769462 68.577539094700469 31.851119894598156 80.324117492591071
decision_type=2 2 2 2 2 2 2
left_child=2 -2 3 4 -1 -6 -4
right_child=1 -3 6 -5 5 -7 -8
leaf_value=-0.0035282727472638158 0.00025529205808603691 0.011259337245412233 0.00025529205808603691 0.00025529205808603691 -0.0030822756449789888 0.00025529205808603691 0.00076819662321431594
leaf_weight=3.9359058338450259 2.0029163204599163 2.0590059543028474 58.682966956752352 0.77245884260628361 0.70405448344536115 1.2706661460688335 29.187710253172554
leaf_count=852 186 132 7957 202 134 244 1963
internal_value=0.000520103 0.00541618 0.000255292 -0.00168223 -0.00257014 -0.000116323 0.000255292
internal_weight=98.6157 4.06192 94.5538 6.68309 5.91063 1.97472 87.8707
internal_count=11670 318 11352 1432 1230 378 9920
is_linear=0
shrinkage=0.03


Tree=140
num_leaves=12
num_cat=0
split_feature=2 8 5 7 7 8 11 2 2 2 2
split_gain=0.0791573 0.466918 0.216164 0.179142 0.0618487 0.0168882 0.0274288 0.041829 0.00681992 0.00352636 0.00275511
threshold=82.325611376663574 64.747307373653697 72.22875816993465 76.393188854489182 39.528508771929829 25.176056338028172 21.712244395171229 72.391789957590092 74.094202898550733 25.450938368860058 4.2893217893217903
decision_type=2 2 2 2 2 2 2 2 2 2 2
left_child=5 -2 -3 4 -4 8 7 -7 9 -1 -8
right_child=1 2 3 -5 -6 6 10 -9 -10 -11 -12
leaf_value=-0.0024918170627414673 -1.9023587961119555e-06 -1.9023587961119555e-06 -1.9023587961119555e-06 0.010456986870222477 0.0046612622577136553 -0.001229512936383892 -0.001229512936383892 -1.9023587961119555e-06 -1.9023587961119555e-06 -0.001229512936383892 -1.9023587961119555e-06
leaf_weight=2.4839448349084687 10.013588626869025 1.4378084891941423 2.2814023885875967 5.5617408540565512 8.8411189592443389 7.3921711009461415 1.3168603562517081 1.7844778671860693 1.0570728349266563 5.5446765322703868 52.315769386012107
leaf_count=614 1339 325 79 75 195 1425 294 199 254 1223 5745
internal_value=0.00053264 0.00185174 0.00521454 0.00635615 0.0036121 -1.90236e-06 -1.90236e-06 -0.00122951 -0.00122951 -0.00153921 -1.90236e-06
internal_weight=100.031 28.1357 18.1221 16.6843 11.1225 71.895 62.8093 9.17665 9.08569 8.02862 53.6326
internal_count=11767 2013 674 349 274 9754 7663 1624 2091 1837 6039
is_linear=0
shrinkage=0.03


Tree=141
num_leaves=8
num_cat=0
split_feature=1 11 2 8 7 2 2
split_gain=0.0774548 0.205663 0.776098 0.0586878 0.0913496 0.0768718 0.0375962
threshold=0.4944564646057184 98.94736113130979 67.773323968223238 25.176056338028172 21.010186757215624 82.325611376663574 4.2893217893217903
decision_type=2 2 2 2 2 2 2
left_child=-1 3 -3 -2 -5 6 -6
right_child=1 2 -4 4 5 -7 -8
leaf_value=-0.0061063764595938961 -0.0017560121047659131 0.00036303457206647365 0.018261011415525816 -0.0017560121047659131 -0.0017560121047659131 0.0023973305971913663 0.00036303457206647365
leaf_weight=0.55678486812394012 10.792116204975171 1.4487193506211036 1.7852289129514245 4.7025191476568571 1.5633934953948472 23.554529066081159 55.643135958584026
leaf_count=49 2425 68 65 832 360 1444 6524
internal_value=0.000553881 0.00065155 0.007125 0.000363035 0.000363035 0.000363035 0.000363035
internal_weight=100.046 99.4896 3.23395 96.2557 85.4636 80.7611 57.2065
internal_count=11767 11718 133 11585 9160 8328 6884
is_linear=0
shrinkage=0.03


Tree=142
num_leaves=10
num_cat=0
split_feature=9 8 4 11 7 8 1 1 1
split_gain=0.0957496 0.146824 0.135045 0.073799 0.0554156 0.0840007 0.0417343 0.0256981 0.000662003
threshold=97.35087719298248 11.803405572755418 78.097750973740446 6.750117352526992 21.294035577258459 34.654631083202517 52.625313283208023 84.340391870512363 72.22875816993465
decision_type=2 2 2 2 2 2 2 2 2
left_child=3 -2 -3 -1 7 6 -6 -5 -8
right_child=1 2 -4 4 5 -7 8 -9 -10
leaf_value=-0.0033849245821584895 0.00037046319325318182 0.00037046319325318182 0.013005469667703102 -0.0030364916840555814 -0.0021380159415087018 0.00037046319325318182 -0.00012858721345605279 0.00037046319325318182 0.00037046319325318182
leaf_weight=3.7193225782830259 1.193003190448507 1.1217363679315897 1.1574473236687479 5.5894544447073704 5.0182523409603146 74.534359049168415 1.9462922415696082 1.8683529071277005 3.8691338554490358
leaf_count=616 172 247 80 1232 1050 7107 429 226 608
internal_value=0.000573247 0.00486808 0.00861224 0.000370463 0.000370463 0.000370463 -0.00213802 -0.00213802 0.000370463
internal_weight=100.017 3.47219 2.27918 96.5452 92.8258 85.368 10.8337 7.45781 5.81543
internal_count=11767 499 327 11268 10652 9194 2087 1458 1037
is_linear=0
shrinkage=0.03


Tree=143
num_leaves=8
num_cat=0
split_feature=11 2 8 7 2 2 1
split_gain=0.0731116 0.48037 0.0666622 0.0944415 0.0524374 0.0365929 0.00717256
threshold=98.94736113130979 67.773323968223238 25.176056338028172 21.010186757215624 82.325611376663574 4.2893217893217903 43.424488790342458
decision_type=2 2 2 2 2 2 2
left_child=2 -2 6 -4 5 -5 -1
right_child=1 -3 3 4 -6 -7 -8
leaf_value=-0.0032907662474998601 0.00039815862317540393 0.013247424839724966 -0.0018718753504301027 -0.0018718753504301027 0.0022044886760504462 0.00039815862317540393 -0.0018718753504301027
leaf_weight=3.9468348443042469 1.4480495187453919 2.0384993953630328 4.736456378013826 1.5567057768348593 23.892861202126369 55.553188589401543 6.7267238643253222
leaf_count=978 68 69 840 360 1469 6528 1455
internal_value=0.000576705 0.00432479 0.000398159 0.000398159 0.000398159 0.000398159 -0.00187188
internal_weight=99.8993 3.48655 96.4128 85.7392 81.0028 57.1099 10.6736
internal_count=11767 137 11630 9197 8357 6888 2433
is_linear=0
shrinkage=0.03


Tree=144
num_leaves=10
num_cat=0
split_feature=1 11 2 7 8 2 11 2 2
split_gain=0.0739024 0.215782 0.772566 0.0499333 0.0918945 0.0403379 0.062 0.0645643 0.0193255
threshold=0.4944564646057184 98.94736113130979 67.773323968223238 21.294035577258459 25.176056338028172 82.325611376663574 21.712244395171229 74.185728420930118 4.2893217893217903
decision_type=2 2 2 2 2 2 2 2 2
left_child=-1 3 -3 -2 -5 6 7 -6 -8
right_child=1 2 -4 4 5 -7 8 -9 -10
leaf_value=-0.0059294547048347294 -0.0018312522850836201 0.00037539197955345385 0.017916165194623898 -0.0018312522850836201 -0.0018312522850836201 0.0020009960986016057 -0.0018312522850836201 0.00037539197955345385 0.00037539197955345385
leaf_weight=0.55563301767688145 8.2582260279450548 1.4482571824919426 1.921498875133693 7.0166637442307538 7.0897597915027273 23.612969230976887 1.2148874100530509 1.3572515778942031 47.38263560377527
leaf_count=49 1682 68 65 1578 1349 1444 272 139 5121
internal_value=0.000581207 0.000676389 0.00719849 0.000375392 0.000375392 0.000375392 0.000375392 -0.00183125 0.000375392
internal_weight=99.8578 99.3021 3.36976 95.9324 87.6742 80.6575 57.0445 8.44701 48.5975
internal_count=11767 11718 133 11585 9903 8325 6881 1488 5393
is_linear=0
shrinkage=0.03


Tree=145
num_leaves=12
num_cat=0
split_feature=9 11 7 2 1 1 1 8 8 4 1
split_gain=0.117808 0.165558 0.691378 0.0652471 0.11776 0.0776424 0.0446669 0.038789 0.012894 0.00131685 0.00082555
threshold=79.205974842767304 80.023201856148503 87.026647966339425 10.325000942578141 80.049290986791007 5.7074991516796754 4.1096953665412377 67.799539170506918 38.014084507042263 12.075392749819317 12.438417667758769
decision_type=2 2 2 2 2 2 2 2 2 2 2
left_child=3 6 -3 4 -1 -5 -2 -6 10 -10 -7
right_child=1 2 -4 5 7 8 -8 -9 9 -11 -12
leaf_value=-0.007402206757712749 -0.0035098009757350505 0.000256150197531382 0.012956601185923807 -0.0035098009757350505 -0.0034731388678923567 -0.0023894471640215401 0.000256150197531382 0.00019949116169445079 0.00019949116169445079 0.000256150197531382 0.00019949116169445079
leaf_weight=2.1740658201742908 0.46189215895720437 3.0921499175019553 4.2690925325732678 4.5017310640541828 1.7137864496326076 0.69083612877875289 15.693103696219621 1.1653049837332217 2.5631260643713167 51.256069522467442 10.645043715252539
leaf_count=477 77 294 90 510 311 169 2145 135 449 4800 2194
internal_value=0.000240456 0.002046 0.00547359 -0.000347388 -0.00333514 -8.65115e-05 0.00025615 -8.65115e-05 0.000199491 0.00025615 -0.000725304
internal_weight=98.2262 23.5162 7.36124 74.71 5.05316 69.6568 16.155 2.87909 65.1551 53.8192 11.3359
internal_count=11651 2606 384 9045 923 8122 2222 446 7612 5249 2363
is_linear=0
shrinkage=0.03


Tree=146
num_leaves=11
num_cat=0
split_feature=9 8 11 2 3 1 7 2 0 11
split_gain=0.094533 0.137618 0.243391 0.823546 0.0681153 0.0592614 0.164385 0.0837543 0.0683459 0.0324481
threshold=79.205974842767304 56.030303030303038 79.351790929344006 67.407766362990245 87.052727826882062 5.7074991516796754 76.393188854489182 95.027259684361567 98.614289143131472 94.451137884872836
decision_type=2 2 2 2 2 2 2 2 2 2
left_child=5 9 4 -4 -3 6 7 -1 -9 -2
right_child=1 2 3 -5 -6 -7 -8 8 -10 -11
leaf_value=-0.010276445599663139 -0.00032915359605199888 -0.00032915359605199888 0.00060620176106372279 0.017850677912971118 0.00060620176106372279 -0.00032915359605199888 -0.00032915359605199888 -0.0061563391017457848 -0.00032915359605199888 0.00060620176106372279
leaf_weight=1.7877096929587417 9.1944910611491526 4.7447017820086312 1.6672452809289087 2.7054781471379101 4.0016256251838058 70.159881974919699 1.1087986016646025 0.84841240383684613 0.76823273277841508 1.2619438108522452
leaf_count=340 1548 774 62 60 87 8533 69 74 29 75
internal_value=0.000197935 0.0018129 0.00376553 0.0087958 0.000606202 -0.000329154 -0.00344265 -0.00709301 -0.000990725 -0.000329154
internal_weight=98.2485 23.5755 13.1191 4.37272 8.74633 74.673 4.51315 3.40435 1.61665 10.4564
internal_count=11651 2606 983 122 861 9045 512 443 103 1623
is_linear=0
shrinkage=0.03


Tree=147
num_leaves=11
num_cat=0
split_feature=9 7 2 1 3 2 1 1 8 1
split_gain=0.0718749 0.105395 0.0846835 0.143695 0.440388 0.0544453 0.107844 0.0496049 0.023864 0.0207349
threshold=79.679679679679694 24.80769230769231 96.401859938129391 37.470995181566131 89.404677533664085 10.325000942578141 80.049290986791007 0.4944564646057184 67.799539170506918 85.888279745147443
decision_type=2 2 2 2 2 2 2 2 2 2
left_child=5 -2 3 -3 9 6 -1 -7 -8 -5
right_child=1 2 -4 4 -6 7 8 -9 -10 -11
leaf_value=-0.0070862322489329225 -0.00026050991050912401 -0.00026050991050912401 0.0078698541943700677 -0.00026050991050912401 0.0078698541943700677 -0.0060010468095079757 -0.0034003846982479115 -0.00026050991050912401 -0.00026050991050912401 0.0031410741614383516
leaf_weight=2.1378900876734397 2.7998888832516995 7.5070391080807957 1.5648708129301656 4.9487701288890076 4.8346985280513763 0.48700361675582726 1.7133285368327054 69.452109157340601 1.1672001497354356 1.6158102713525293
leaf_count=478 512 714 61 908 113 36 312 8134 135 248
internal_value=0.000195698 0.00161536 0.00263755 0.00183088 0.00391772 -0.00026051 -0.00311587 -0.00026051 -0.00026051 -0.00026051
internal_weight=98.2286 23.2711 20.4712 18.9063 11.3993 74.9575 5.01842 69.9391 2.88053 6.56458
internal_count=11651 2556 2044 1983 1269 9095 925 8170 447 1156
is_linear=0
shrinkage=0.03


Tree=148
num_leaves=15
num_cat=0
split_feature=7 9 1 5 1 2 10 5 8 4 5 1 9 1
split_gain=0.0567187 0.0950676 0.0949384 0.277374 0.066007 0.0915343 0.0984125 0.0975901 0.104551 0.0325945 0.00806295 0.00717027 0.000973118 0.00405415
threshold=21.294035577258459 79.679679679679694 81.218221706026597 79.275859916349347 5.7074991516796754 35.10800879181263 79.639668367346943 85.098581973581986 64.031250000000014 97.882975412387196 95.981065009389269 49.036138981791161 97.99919967987195 85.508967606458057
decision_type=2 2 2 2 2 2 2 2 2 2 2 2 2 2
left_child=12 4 10 -4 -2 11 7 -7 9 -9 -3 -6 13 -1
right_child=1 2 3 -5 5 6 -8 8 -10 -11 -12 -13 -14 -15
leaf_value=-0.0027558439596011871 -0.0020263325381134974 0.00095058800640217289 0.00095058800640217289 0.010764807135779385 -0.0020263325381134974 -0.0016901850470266136 0.00095058800640217289 -0.0016901850470266136 0.00095058800640217289 0.00095058800640217289 0.0024195980553271767 -0.0016901850470266136 -0.00031471247365946243 -0.0016901850470266136
leaf_weight=6.1632711268030089 4.197268843650817 13.544531312538316 1.5592392741236825 2.8242716090753675 3.2608450374100455 15.029937719809821 14.23734690772835 4.2233914448879686 13.950252367882056 0.85377507330849756 2.7814218648709348 13.317366962321101 0.67306729266419996 1.5635704251471905
leaf_count=1324 448 1628 325 64 617 3181 938 283 274 51 56 2114 134 214
internal_value=0.000194763 0.000422604 0.00215442 0.00562856 -0.000119985 0.000171367 0.00083171 -0.000653193 0.000841722 -0.00169019 0.000950588 -0.00169019 -0.00202633 -0.00212228
internal_weight=98.1796 89.7796 20.7095 4.38351 69.0702 64.8729 48.2947 34.0574 19.0274 5.07717 16.326 16.5782 8.39991 7.72684
internal_count=11651 9979 2073 389 7906 7458 4727 3789 608 334 1684 2731 1672 1538
is_linear=0
shrinkage=0.03


Tree=149
num_leaves=15
num_cat=0
split_feature=7 9 8 1 0 0 1 2 1 3 1 10 5 9
split_gain=0.0482199 0.0836331 0.0920955 0.171137 0.31315 0.115047 0.0570076 0.0411074 0.0322338 0.0611403 0.0233124 0.0187933 0.0230202 0.0008064
threshold=21.294035577258459 79.679679679679694 56.030303030303038 75.750641425698646 64.527657021171478 97.146250424160186 5.7074991516796754 10.325000942578141 11.642890630232403 87.052727826882062 92.891576061704328 61.25740618828177 27.53093964858671 97.99919967987195
decision_type=2 2 2 2 2 2 2 2 2 2 2 2 2 2
left_child=13 6 10 5 -5 8 -2 -8 -4 -10 -3 12 -9 -1
right_child=1 2 3 4 -6 -7 7 11 9 -11 -12 -13 -14 -15
leaf_value=-0.0019427879238322658 -0.0018549391284299905 -0.00010414619648372098 -0.00010414619648372098 0.0012833930008890485 0.014344797631693912 0.0064421702138587967 -0.0018549391284299905 -0.0018549391284299905 -0.00010414619648372098 0.0012833930008890485 0.0012833930008890485 -0.00010414619648372098 -0.0006851233223071901 -0.00028960381106348757
leaf_weight=7.6962438130285573 4.1723766552750012 7.3124193102121371 1.8717570495791713 0.88061959762126152 1.9856500946916638 1.8960937387309966 4.3959529879502943 4.0848523952299756 3.2597831564489752 2.6498796965461224 0.93405281635932613 30.598011895897798 25.652312353951856 0.67305601737461973
leaf_count=1538 448 1085 90 169 42 30 806 1150 520 45 92 2503 2999 134
internal_value=0.000196891 0.000406689 0.00202679 0.00356006 0.00892675 0.00128339 -0.000104146 -0.000104146 -0.000104146 0.00128339 -0.000104146 -0.000104146 -0.00122199 -0.00185494
internal_weight=98.0631 89.6938 20.7903 12.5438 2.86627 9.67751 68.9035 64.7311 7.78142 5.90966 8.24647 60.3352 29.7372 8.3693
internal_count=11651 9979 2073 896 211 685 7906 7458 655 565 1177 6652 4149 1672
is_linear=0
shrinkage=0.03


Tree=150
num_leaves=8
num_cat=0
split_feature=9 7 2 11 11 2 2
split_gain=0.0961591 0.0854995 0.0808975 0.0465765 0.0332857 0.0825107 0.0102135
threshold=97.35087719298248 12.26279985678482 74.341212832326946 53.262485043138746 21.712244395171229 72.391789957590092 1.5483504331264977
decision_type=2 2 2 2 2 2 2
left_child=4 -2 3 -3 5 -1 -6
right_child=1 2 -4 -5 6 -7 -8
leaf_value=-0.0039196259638589774 -0.00056843872818587824 -0.00056843872818587824 0.0094489097835530854 0.0048919483269585966 -0.0037853814618152722 -0.00056843872818587824 -0.00056843872818587824
leaf_weight=8.3373733818298188 0.53267267346382086 1.0484361574053767 1.3805123239289967 0.49196211411617685 0.49134103325195511 5.7796924484428009 80.018780390149914
leaf_count=1676 110 201 111 56 109 583 8809
internal_value=-0.00037131 0.0039448 0.00597713 0.000371018 -0.000568439 -0.00198373 -0.000568439
internal_weight=98.0808 3.45358 2.92091 1.5404 94.6272 14.1171 80.5101
internal_count=11655 478 368 257 11177 2259 8918
is_linear=0
shrinkage=0.03


Tree=151
num_leaves=8
num_cat=0
split_feature=9 7 2 11 11 2 7
split_gain=0.0863803 0.0793629 0.0676087 0.047298 0.0386058 0.0907845 0.0102429
threshold=97.35087719298248 12.26279985678482 74.341212832326946 53.262485043138746 21.712244395171229 72.391789957590092 97.014260249554383
decision_type=2 2 2 2 2 2 2
left_child=4 -2 3 -3 5 6 -1
right_child=1 2 -4 -5 -6 -7 -8
leaf_value=-0.0043549972082556464 -0.00059156759804464005 -0.00059156759804464005 0.0087532202522123473 0.0049281262656529481 -0.00059156759804464005 -0.00059156759804464005 -0.00059156759804464005
leaf_weight=7.9469817400677112 0.53311486239544992 1.0469953345600518 1.4268788397312162 0.49483974976465095 80.449705294915475 5.7725874220486721 0.27470644353888918
leaf_count=1623 110 201 111 56 8918 583 53
internal_value=-0.000403867 0.00366532 0.00562461 0.000424685 -0.000591568 -0.00212146 -0.00415582
internal_weight=97.9458 3.50183 2.96871 1.54184 94.444 13.9943 8.22169
internal_count=11655 478 368 257 11177 2259 1676
is_linear=0
shrinkage=0.03


Tree=152
num_leaves=7
num_cat=0
split_feature=9 11 8 11 2 2
split_gain=0.0654981 0.0822581 0.10258 0.0302434 0.0763322 0.0109762
threshold=97.35087719298248 27.316493830021439 11.189358372456967 21.712244395171229 72.391789957590092 1.5483504331264977
decision_type=2 2 2 2 2 2
left_child=3 -2 -3 4 -1 -5
right_child=1 2 -4 5 -6 -7
leaf_value=-0.0038026963827054441 -0.00055466989304094895 -0.00055466989304094895 0.0093553883512736136 -0.0037814832164022455 -0.00055466989304094895 -0.00055466989304094895
leaf_weight=8.1503616605186817 1.6997741882223629 0.53235181118361641 1.330707704182714 0.48982370761223037 5.7768035139888516 79.935025083366781
leaf_count=1676 274 95 109 109 583 8809
internal_value=-0.000390337 0.00312936 0.00634424 -0.00055467 -0.00191263 -0.00055467
internal_weight=97.9148 3.56283 1.86306 94.352 13.9272 80.4248
internal_count=11655 478 204 11177 2259 8918
is_linear=0
shrinkage=0.03


Tree=153
num_leaves=15
num_cat=0
split_feature=9 2 2 11 8 8 1 1 2 2 11 11 2 2
split_gain=0.080211 0.0766642 0.0520989 0.0727508 0.029136 0.136285 0.0486397 0.0259227 0.105929 0.10845 0.0148247 0.0106663 0.00922513 0.000430349
threshold=97.35087719298248 74.341212832326946 97.081819999870987 21.712244395171229 59.197099892588618 99.350649350649363 2.8950584948489615 19.186752434834279 94.346440044135974 94.670786142953872 23.354318328133516 10.323433119402894 4.2893217893217903 1.2739866531640314
decision_type=2 2 2 2 2 2 2 2 2 2 2 2 2 2
left_child=2 4 3 7 -2 6 8 9 -5 -1 -3 -6 13 -8
right_child=1 10 -4 5 11 -7 12 -9 -10 -11 -12 -13 -14 -15
leaf_value=-0.0091664656994388544 -0.00053688071253139629 0.0034284152790015157 0.0024433431823096914 -0.0054516342053555263 -0.00053688071253139629 0.0024433431823096914 -0.0018608957619962317 -0.0018608957619962317 -0.00053688071253139629 -0.0018608957619962317 0.008722626158404299 0.0034284152790015157 -0.00053688071253139629 -0.00053688071253139629
leaf_weight=1.5961246044607764 1.2422624451573927 0.67027494893409278 4.0517385110724708 1.152154784649609 0.33375532529316854 3.3234877835493526 0.30847355024889012 11.239203845267182 0.68778371158987295 0.31162640219554316 1.0003878753632305 0.35701070097275078 70.458022688399069 1.2101922656875101
leaf_count=304 218 69 213 150 68 234 64 1875 50 35 71 52 7968 284
internal_value=-0.000353499 0.00352098 -0.000536881 -0.000695922 -0.000536881 -0.000536881 -0.000669022 -0.00273047 -0.00273047 -0.00545163 0.00683387 0.00342842 -0.000536881 -0.0018609
internal_weight=97.9425 3.60369 94.3388 90.2871 1.93303 77.1401 73.8166 13.147 1.83994 1.90775 1.67066 0.690766 71.9767 1.51867
internal_count=11655 478 11177 10964 338 8750 8516 2214 200 339 140 120 8316 348
is_linear=0
shrinkage=0.03


Tree=154
num_leaves=9
num_cat=0
split_feature=9 7 11 11 7 1 8 7
split_gain=0.0646815 0.084178 0.0326297 0.0283815 0.0225232 0.0382257 0.00279192 0.00133162
threshold=97.35087719298248 12.26279985678482 27.316493830021439 1.6646872525732386 21.294035577258459 84.340391870512363 64.747307373653697 98.373876255949241
decision_type=2 2 2 2 2 2 2 2
left_child=3 -2 6 -1 5 -5 -3 -6
right_child=1 2 -4 4 7 -7 -8 -9
leaf_value=-0.0043970069129094036 -0.00050313733819551387 -0.00012941966821346509 0.0073756578999440801 -0.0033393271915539259 -0.00032452156645517219 -0.00050313733819551387 0.0018087635531281632 -0.00012941966821346509
leaf_weight=0.70136728999204834 0.56197183160111253 0.99386915634386264 1.5993763899896292 5.3943465111078686 84.215962946880609 1.780237248749472 0.48366269748657942 2.1678737580077714
leaf_count=153 110 156 132 1222 9355 226 80 221
internal_value=-0.000337902 0.00312807 0.00529756 -0.000503137 -0.000503137 -0.00193585 0.000979018 -0.000281781
internal_weight=97.8987 3.63888 3.07691 94.2598 93.5584 7.17458 1.47753 86.3838
internal_count=11655 478 368 11177 11024 1448 236 9576
is_linear=0
shrinkage=0.03


Tree=155
num_leaves=9
num_cat=0
split_feature=11 3 4 9 2 11 1 1
split_gain=0.166537 0.19953 0.0520399 0.0766077 0.0513378 0.0457244 0.0663826 0.0372834
threshold=98.94736113130979 92.508966047811398 10.074638412169902 76.975051975051997 32.448939334162851 66.587577800392452 51.823606166943257 29.929567762095555
decision_type=2 2 2 2 2 2 2 2
left_child=2 7 3 4 -1 6 -6 -2
right_child=1 -3 -4 -5 5 -7 -8 -9
leaf_value=-0.0056894231430637526 0.00057096000572875419 0.012060116494653418 0.00057096000572875419 0.00057096000572875419 -0.0056894231430637526 0.00057096000572875419 0.00057096000572875419 0.0051594059909110231
leaf_weight=3.1580714416922993 0.80553942499682241 1.5534351933747528 90.734032617649063 1.1289748314302412 0.32805647258646764 0.48957340582273901 0.53189285285770893 0.89696681569330394
leaf_count=677 59 20 10500 257 61 61 100 56
internal_value=0.000833642 0.00664759 0.00057096 -0.00209482 -0.00402695 0.00057096 -0.00415184 0.00057096
internal_weight=99.6265 3.25594 96.3706 5.63657 4.50759 1.34952 0.859949 1.70251
internal_count=11791 135 11656 1156 899 222 161 115
is_linear=0
shrinkage=0.03


Tree=156
num_leaves=10
num_cat=0
split_feature=11 3 10 1 11 9 3 1 3
split_gain=0.152741 0.195833 0.0902145 0.094909 0.147749 0.110578 0.0523554 0.0332491 0.0301463
threshold=98.94736113130979 92.508966047811398 57.853618421052637 88.628341452150309 90.2038593215064 94.482496194824975 99.392200307532121 29.929567762095555 87.052727826882062
decision_type=2 2 2 2 2 2 2 2 2
left_child=2 7 3 4 5 6 -1 -2 -7
right_child=1 -3 -4 -5 -6 8 -8 -9 -10
leaf_value=-0.0032773197464584796 0.00059223911350768301 0.011842722513344776 0.00059223911350768301 0.00059223911350768301 0.00059223911350768301 -0.0031896718587897609 0.00059223911350768301 0.0050225088752662555 0.00059223911350768301
leaf_weight=28.91814339149278 0.80493532470427387 1.5344281648285685 49.901207708171569 7.3104216125793746 6.2613849992630994 2.2271341742016371 0.62762384116649528 0.90256568230688572 1.1443524006754158
leaf_count=5214 59 20 4581 799 549 444 25 56 44
internal_value=0.000843885 0.00642248 0.000592239 -0.000718145 -0.0014484 -0.00238498 -0.00302878 0.000592239 0.000592239
internal_weight=99.6322 3.24193 96.3903 46.4891 39.1786 32.9173 29.5458 1.7075 3.37149
internal_count=11791 135 11656 7075 6276 5727 5239 115 488
is_linear=0
shrinkage=0.03


Tree=157
num_leaves=9
num_cat=0
split_feature=11 3 10 1 11 1 1 1
split_gain=0.129243 0.20425 0.073731 0.085722 0.122442 0.0448002 0.0171525 0.0161499
threshold=98.94736113130979 92.508966047811398 57.853618421052637 88.628341452150309 90.2038593215064 8.9074800372450014 29.929567762095555 83.576655299801089
decision_type=2 2 2 2 2 2 2 2
left_child=2 6 3 4 7 -6 -2 -1
right_child=1 -3 -4 -5 5 -7 -8 -9
leaf_value=-0.0023128101887219645 0.00060915467304341797 0.011629201035249738 0.00060915467304341797 0.00060915467304341797 -0.0021393368013650255 0.00060915467304341797 0.0044093379353818633 0.00024697036182829926
leaf_weight=30.542551332968287 0.80116772302426331 1.5222654133103786 49.958557852078229 7.3237668056972316 0.62564615719020267 5.7005225318716839 0.91250472096726298 2.1895013954490414
leaf_count=5402 59 20 4581 799 91 458 56 325
internal_value=0.000841341 0.00597828 0.000609155 -0.000577571 -0.00128848 0.000609155 0.000609155 -0.00213934
internal_weight=99.5765 3.23594 96.3405 46.382 39.0582 6.32617 1.71367 32.7321
internal_count=11791 135 11656 7075 6276 549 115 5727
is_linear=0
shrinkage=0.03


Tree=158
num_leaves=11
num_cat=0
split_feature=11 10 4 8 2 1 11 9 2 1
split_gain=0.202764 0.128306 0.229735 0.302994 0.569881 0.0483836 0.0970623 0.0809137 0.0353481 0.0294087
threshold=98.94736113130979 57.853618421052637 97.882975412387196 96.747752511898483 72.391789957590092 88.628341452150309 90.2038593215064 94.482496194824975 97.106504972599978 83.576655299801089
decision_type=2 2 2 2 2 2 2 2 2 2
left_child=1 5 3 8 -5 6 7 9 -3 -1
right_child=-2 2 -4 4 -6 -7 -8 -9 -10 -11
leaf_value=-0.0030152635553853347 0.0071682094257212951 -9.5420713645439229e-05 0.0071682094257212951 -9.5420713645439229e-05 0.0071682094257212951 -9.5420713645439229e-05 -9.5420713645439229e-05 -9.5420713645439229e-05 0.0036888223268804481 -9.5420713645439229e-05
leaf_weight=27.224652569042526 3.3970751222223035 38.663509129197337 4.7845627777278414 1.8896719818003465 3.3987064496614039 7.3221532811876378 6.2989074008073649 3.3604155896464354 1.2221586855594058 2.0605255267582825
leaf_count=4941 135 4205 100 139 73 799 549 488 64 298
internal_value=0.00086269 0.000568645 0.00160855 0.000867143 0.00698763 -0.000564512 -0.00125764 -0.00214488 -9.54207e-05 -0.00275459
internal_weight=99.6223 96.2253 49.9586 45.174 5.28838 46.2667 38.9445 32.6456 39.8857 29.2852
internal_count=11791 11656 4581 4481 212 7075 6276 5727 4269 5239
is_linear=0
shrinkage=0.03


Tree=159
num_leaves=11
num_cat=0
split_feature=10 8 2 2 1 10 1 9 8 8
split_gain=0.098148 0.220576 0.833143 0.187612 0.0611024 0.0394874 0.0313777 0.0160858 0.0229847 0.013527
threshold=57.853618421052637 95.932156646442365 72.391789957590092 97.106504972599978 98.282206002794254 97.937925170068027 6.1150582482381717 31.612258494337112 43.377192982456151 7.0925553319919521
decision_type=2 2 2 2 2 2 2 2 2 2
left_child=6 3 -3 4 5 -2 7 -1 -9 -8
right_child=1 2 -4 -5 -6 -7 9 8 -10 -11
leaf_value=-0.0054297781402436315 -0.00011663654341050729 0.00089703554405556494 0.013791180225359521 0.0078469538107095241 0.00089703554405556494 0.00089703554405556494 -0.0025688044553686235 -0.0039946086477916044 -0.00011663654341050729 -0.00011663654341050729
leaf_weight=0.48587675392627661 36.861269878572784 2.4548076582141212 4.9501416597049683 2.2496228022500864 2.2744193107355377 3.2996162424096829 1.3569626046810288 0.42955996678210784 1.2642583267297594 44.02632623212412
leaf_count=112 3857 159 100 81 86 358 358 90 180 6410
internal_value=0.000870727 0.0017575 0.00622542 0.000897036 0.000356424 -0.000116637 -0.000116637 -0.00309751 -0.000661203 -0.000116637
internal_weight=99.6529 52.0899 7.40495 44.6849 42.4353 40.1609 47.563 2.1797 1.69382 45.3833
internal_count=11791 4641 259 4382 4301 4215 7150 382 270 6768
is_linear=0
shrinkage=0.03


Tree=160
num_leaves=9
num_cat=0
split_feature=11 9 8 7 11 9 10 1
split_gain=0.173775 0.277812 0.0309985 0.0660314 0.0295245 0.0237387 0.00851445 0.0155691
threshold=98.94736113130979 30.639455782312925 16.271373414230563 21.010186757215624 6.750117352526992 98.742088607594951 83.728626585769462 96.773889174815579
decision_type=2 2 2 2 2 2 2 2
left_child=2 -2 6 -4 5 -5 7 -1
right_child=1 -3 3 4 -6 -7 -8 -9
leaf_value=-0.0036160079334858781 0.00042606726537935854 0.011632680689822086 -0.0015291879109591486 -0.0015291879109591486 0.00042606726537935854 0.00042606726537935854 -0.0015291879109591486 -0.0015291879109591486
leaf_weight=5.0512256328947833 1.1174620366655283 2.2994430237449706 5.7771976399235418 2.8993715195683758 78.738930736668408 0.54187731724232424 0.84439912857487787 0.44939243863336731
leaf_count=1135 47 83 1118 485 8479 81 222 49
internal_value=0.000703148 0.00652245 0.000426067 0.000426067 0.000426067 -0.00152919 -0.00152919 -0.00276956
internal_weight=97.7193 3.41691 94.3024 87.9574 82.1802 3.44125 6.34502 5.50062
internal_count=11699 130 11569 10163 9045 566 1406 1184
is_linear=0
shrinkage=0.03


Tree=161
num_leaves=9
num_cat=0
split_feature=11 9 8 7 11 9 10 1
split_gain=0.174378 0.277672 0.0259098 0.0544022 0.0274577 0.0205808 0.00898342 0.0159111
threshold=98.94736113130979 30.639455782312925 16.271373414230563 21.010186757215624 6.750117352526992 98.742088607594951 83.728626585769462 96.773889174815579
decision_type=2 2 2 2 2 2 2 2
left_child=2 -2 6 -4 5 -5 7 -1
right_child=1 -3 3 4 -6 -7 -8 -9
leaf_value=-0.0034409091645519344 0.00043026227840425434 0.011641873186583301 -0.0013608830597717553 -0.0013608830597717553 0.00043026227840425434 0.00043026227840425434 -0.0013608830597717553 -0.0013608830597717553
leaf_weight=5.0346835576929143 1.1178949428722256 2.3002221775241196 5.7413530565099782 2.8820612046401943 78.633842753595673 0.54237551172263909 0.84234348137397308 0.44917041482403863
leaf_count=1135 47 83 1118 485 8479 81 222 49
internal_value=0.000708407 0.00653677 0.000430262 0.000430262 0.000430262 -0.00136088 -0.00136088 -0.00259886
internal_weight=97.5439 3.41812 94.1258 87.7996 82.0583 3.42444 6.3262 5.48385
internal_count=11699 130 11569 10163 9045 566 1406 1184
is_linear=0
shrinkage=0.03


Tree=162
num_leaves=9
num_cat=0
split_feature=11 9 8 7 11 9 10 1
split_gain=0.200585 0.29893 0.0179125 0.048609 0.0238387 0.0114284 0.00918989 0.0157116
threshold=98.94736113130979 30.639455782312925 16.271373414230563 21.010186757215624 6.750117352526992 98.742088607594951 83.728626585769462 96.773889174815579
decision_type=2 2 2 2 2 2 2 2
left_child=2 -2 6 -4 5 -5 7 -1
right_child=1 -3 3 4 -6 -7 -8 -9
leaf_value=-0.003108762033919305 0.00042005503659657187 0.012087104043539999 -0.0010764485319302557 -0.0010764485319302557 0.00042005503659657187 0.00042005503659657187 -0.0010764485319302557 -0.0010764485319302557
leaf_weight=4.9871808709576717 1.123219252796843 2.3706407167483121 5.7385089789750046 2.8792593124089758 78.627453660941683 0.54269458330236364 0.84165139077231277 0.44848654558882106
leaf_count=1135 47 83 1118 485 8479 81 222 49
internal_value=0.000720479 0.00691547 0.000420055 0.000420055 0.000420055 -0.00107645 -0.00107645 -0.00228691
internal_weight=97.5591 3.49386 94.0652 87.7879 82.0494 3.42195 6.27732 5.43567
internal_count=11699 130 11569 10163 9045 566 1406 1184
is_linear=0
shrinkage=0.03


Tree=163
num_leaves=9
num_cat=0
split_feature=11 9 11 8 7 1 9 2
split_gain=0.181907 0.28247 0.0117243 0.0227447 0.0421888 0.00642947 0.00563219 0.0200462
threshold=98.94736113130979 31.612258494337112 6.750117352526992 16.271373414230563 21.010186757215624 6.8839839623687604 98.742088607594951 68.811481564917031
decision_type=2 2 2 2 2 2 2 2
left_child=2 -2 6 -4 -5 -6 7 -1
right_child=1 -3 3 4 5 -7 -8 -9
leaf_value=-0.003815289543674604 0.00042834374936044124 0.011894597251725269 -0.00098230498056880219 -0.00098230498056880219 -0.00098230498056880219 0.00042834374936044124 -0.00098230498056880219 -0.00098230498056880219
leaf_weight=2.119983433396555 1.2848154248204076 2.2436665096320212 5.6397645145189008 5.2750297057209528 5.7566233545076093 72.910360453184694 0.85059599205851544 1.4242538682883603
leaf_count=477 51 79 1262 1045 576 7903 137 169
internal_value=0.00071606 0.00659226 0.000428344 0.000428344 0.000428344 0.000428344 -0.000982305 -0.00213461
internal_weight=97.5051 3.52848 93.9766 89.5818 83.942 78.667 4.39483 3.54424
internal_count=11699 130 11569 10786 9524 8479 783 646
is_linear=0
shrinkage=0.03


Tree=164
num_leaves=9
num_cat=0
split_feature=11 9 2 11 7 8 9 2
split_gain=0.131652 0.239097 0.0171274 0.0105789 0.0208129 0.0411587 0.00477367 0.0172655
threshold=98.94736113130979 30.639455782312925 1.2739866531640314 6.750117352526992 21.294035577258459 18.245838668373885 98.742088607594951 68.811481564917031
decision_type=2 2 2 2 2 2 2 2
left_child=2 -2 -1 6 -5 -6 7 -4
right_child=1 -3 3 4 5 -7 -8 -9
leaf_value=-0.0028629877736421018 0.00046312120789749928 0.010354568514667432 -0.0028629877736421018 -0.00089991276416864893 -0.00089991276416864893 0.00046312120789749928 -0.00089991276416864893 -0.00089991276416864893
leaf_weight=0.41273863986134429 1.1250515426509076 2.4766929594334215 2.074241408728994 7.2259334223344913 4.0495139248669139 77.816829751012847 0.84436582308262575 1.4238018478499723
leaf_count=91 47 83 468 1521 882 8302 136 169
internal_value=0.000711207 0.00566999 0.000463121 0.000463121 0.000463121 0.000463121 -0.000899913 -0.00196537
internal_weight=97.4492 3.60174 93.8474 93.4347 89.0923 81.8663 4.34241 3.49804
internal_count=11699 130 11569 11478 10705 9184 773 637
is_linear=0
shrinkage=0.03


Tree=165
num_leaves=6
num_cat=0
split_feature=1 11 2 7 8
split_gain=0.0638557 0.0898391 0.471368 0.0298238 0.0504461
threshold=0.4944564646057184 98.694481371646745 67.773323968223238 19.504830917874401 25.176056338028172
decision_type=2 2 2 2 2
left_child=-1 3 -3 -2 -5
right_child=1 2 -4 4 -6
leaf_value=-0.0052050570473304962 -0.0012335699345111647 0.00059380749250643257 0.012760343743276236 -0.0012335699345111647 0.00059380749250643257
leaf_weight=0.62853964825626363 7.1436199960298827 1.8173475377261628 2.4488542561884969 7.45021932281088 81.365176252787933
leaf_count=45 1491 90 74 1689 8450
internal_value=0.000721606 0.000809827 0.0046333 0.000593807 0.000593807
internal_weight=100.854 100.225 4.2662 95.959 88.8154
internal_count=11839 11794 164 11630 10139
is_linear=0
shrinkage=0.03


Tree=166
num_leaves=6
num_cat=0
split_feature=1 11 2 7 8
split_gain=0.0636069 0.0491196 0.370494 0.0281859 0.0474892
threshold=0.4944564646057184 98.694481371646745 67.773323968223238 19.504830917874401 25.176056338028172
decision_type=2 2 2 2 2
left_child=-1 3 -3 -2 -5
right_child=1 2 -4 4 -6
leaf_value=-0.0051732030279017576 -0.0011278046977531023 0.00065527462725109543 0.011066859668265308 -0.0011278046977531023 0.00065527462725109543
leaf_weight=0.63517800369299848 7.1137748192995778 1.8158743125386525 2.5167074780911207 7.4348192490870124 81.336191270733252
leaf_count=45 1491 90 74 1689 8450
internal_value=0.000730566 0.000818725 0.00363482 0.000655275 0.000655275
internal_weight=100.853 100.217 4.33258 95.8848 88.771
internal_count=11839 11794 164 11630 10139
is_linear=0
shrinkage=0.03


Tree=167
num_leaves=11
num_cat=0
split_feature=1 0 7 8 11 2 11 10 10 11
split_gain=0.0632814 0.041785 0.0379645 0.0268035 0.0549223 0.424939 0.027738 0.0207437 0.00558157 0.00357176
threshold=0.4944564646057184 99.757275833627915 19.504830917874401 25.176056338028172 90.2038593215064 78.35631966748538 98.356798457087777 84.299719887955192 77.58148035333538 83.394815491002774
decision_type=2 2 2 2 2 2 2 2 2 2
left_child=-1 2 9 6 8 -6 7 -4 -5 -2
right_child=1 -3 3 4 5 -7 -8 -9 -10 -11
leaf_value=-0.0051483185081211916 -0.0020506849693770111 0.0051796068244422963 -0.0012064349844329299 0.00030896283973599127 0.00064183149783461071 0.0051796068244422963 0.00064183149783461071 0.00064183149783461071 0.00064183149783461071 -0.0012064349844329299
leaf_weight=0.64325489744078268 5.5521064753411329 0.96149368048645456 6.5370422495761877 48.05490810435731 9.5268544126302022 7.3931367315817615 0.44641277915798117 0.84947016462683667 18.82530857285019 2.0615572715178132
leaf_count=45 1249 33 1465 6056 571 257 30 218 1660 255
internal_value=0.000725337 0.000813537 0.000719993 0.000891352 0.0010483 0.00252947 -0.000716294 -0.00120643 0.000641831 -0.00120643
internal_weight=100.852 100.208 99.2468 91.6331 83.8002 16.92 7.83293 7.38651 66.8802 7.61366
internal_count=11839 11794 11761 10257 8544 828 1713 1683 7716 1504
is_linear=0
shrinkage=0.03


Tree=168
num_leaves=11
num_cat=0
split_feature=9 11 8 8 1 7 10 11 7 7
split_gain=0.0459366 0.158611 0.223946 0.141569 0.0889463 0.0406036 0.0247971 0.126301 0.069204 0.0187619
threshold=76.975051975051997 87.12382445141067 21.644144144144146 95.683229813664624 0.4944564646057184 89.52850877192985 56.619078520441278 29.975120529276705 84.463601532567068 73.385416666666671
decision_type=2 2 2 2 2 2 2 2 2 2
left_child=4 3 -3 -2 -1 -4 7 8 -6 -9
right_child=1 2 5 -5 6 -7 -8 9 -10 -11
leaf_value=-0.0070116902622180347 0.00037320950859939182 0.0004383922793502187 0.0069893399902439986 0.0069893399902439986 -0.0053501092620058931 0.012678130708379316 0.00037320950859939182 -0.00048928980393310928 0.00037320950859939182 0.00037320950859939182
leaf_weight=0.47040212585125019 18.419206869089987 1.0902792224660505 3.0322030032984912 1.9159959009848524 5.1105198493460184 2.07052909466438 39.976450842106715 21.915860745008111 0.45499992847908277 6.4073267905041567
leaf_count=34 2433 84 157 141 1088 38 3690 3266 96 812
internal_value=0.000766579 0.00181525 0.0056468 0.000438392 0.00037321 0.00850262 0.00037321 -0.000454897 -0.00420703 0.00037321
internal_weight=100.864 26.5282 6.19301 20.3352 74.3356 5.10273 73.8652 33.8887 5.56552 28.3232
internal_count=11839 2853 279 2574 8986 195 8952 5262 1184 4078
is_linear=0
shrinkage=0.03


Tree=169
num_leaves=12
num_cat=0
split_feature=9 2 11 8 1 2 1 1 7 7 1
split_gain=0.061766 0.373789 1.25871 0.118225 0.0834427 0.0462344 0.174921 0.009259 0.00584119 0.00048004 0.00107278
threshold=76.975051975051997 74.094202898550733 88.360416745214863 95.683229813664624 0.4944564646057184 15.142462198149405 53.799438863245548 80.049290986791007 33.589743589743598 64.480286738351268 65.98083311285535
decision_type=2 2 2 2 2 2 2 2 2 2 2
left_child=4 -2 3 -3 -1 6 -6 8 -8 -10 -11
right_child=1 2 -4 -5 5 -7 7 -9 9 10 -12
leaf_value=-0.0068346818499304875 0.00032491726544228369 0.00032491726544228369 0.018861848893494265 0.0082666781415036191 -0.0068346818499304875 0.00032491726544228369 -0.0029234218811837985 0.00032491726544228369 -0.00042146856192662539 -0.00042146856192662539 0.00032491726544228369
leaf_weight=0.46711352537386019 14.913873501122 7.4879512792685983 3.5004924340173593 0.88555731577798713 1.3252034096512932 66.2984564936487 0.37003536173142526 3.9492149990983307 1.1679848306812344 0.25290145003236819 0.27434591588098556
leaf_count=34 2030 691 101 31 287 7551 98 629 259 51 77
internal_value=0.000782037 0.0019894 0.00599229 0.000324917 0.000324917 0.000324917 -0.00194854 0.000324917 -0.00145998 -0.000174399 0.000290517
internal_weight=100.893 26.7879 11.874 8.37351 74.1053 73.6381 7.33969 6.01448 2.06527 1.69523 0.527247
internal_count=11839 2853 823 722 8986 8952 1401 1114 485 387 128
is_linear=0
shrinkage=0.03


Tree=170
num_leaves=12
num_cat=0
split_feature=11 2 10 3 2 9 1 1 9 8 2
split_gain=0.111366 0.54426 0.0326535 0.0751806 0.0681455 0.0363975 0.0438167 0.0415183 0.0167091 0.00361042 0.00196439
threshold=98.694481371646745 67.773323968223238 71.525096525096544 95.981065009389269 91.805200341005971 33.534136546184747 6.8839839623687604 88.628341452150309 79.679679679679694 39.863013698630148 79.611092696939579
decision_type=2 2 2 2 2 2 2 2 2 2 2
left_child=2 -2 3 5 10 7 -7 -1 -8 -10 -4
right_child=1 -3 4 -5 -6 6 8 -9 9 -11 -12
leaf_value=-0.0031447764079290705 0.00025007888464880466 0.01274629202498128 0.00025007888464880466 0.00025007888464880466 0.0042541153244275241 -0.0024152179899519116 -0.00025546624489694049 -0.00025546624489694049 -0.00025546624489694049 0.00025007888464880466 0.0014526110021459134
leaf_weight=11.36322366422973 1.6693110968917597 2.8182188987266272 19.441218912601499 10.095257692039011 6.4608463144395492 2.4486302641453213 23.278795834979974 1.7384926562663174 3.4862683665705836 9.9403418087167648 4.7735605745110652
leaf_count=2274 88 89 2486 356 276 346 3507 303 678 1079 297
internal_value=0.000497826 0.00465215 0.000250079 -0.000431743 0.000250079 -0.00110074 -0.000611689 -0.00241522 -0.000255466 0.000250079 0.000250079
internal_weight=97.5142 4.48753 93.0266 62.351 30.6756 52.2558 39.154 13.1017 36.7054 13.4266 24.2148
internal_count=11779 177 11602 8543 3059 8187 5610 2577 5264 1757 2783
is_linear=0
shrinkage=0.03


Tree=171
num_leaves=15
num_cat=0
split_feature=9 3 7 4 2 1 2 1 11 7 3 7 3 3
split_gain=0.0870691 0.105629 0.0342198 0.0293242 0.0156132 0.0152055 0.00374874 0.0342335 0.0419661 0.0141012 0.0167956 0.0133976 0.00446837 0.000449541
threshold=97.35087719298248 88.628341452150309 3.9607843137254908 94.451137884872836 1.5483504331264977 0.4944564646057184 46.90367888967328 80.813247565165739 53.788804919611771 45.972972972972983 93.654665118079762 74.239631336405537 95.226100515773069 30.713408213408218
decision_type=2 2 2 2 2 2 2 2 2 2 2 2 2 2
left_child=2 3 -1 -2 -4 -6 7 8 11 10 -10 -7 -8 -11
right_child=1 -3 4 -5 5 6 12 -9 9 13 -12 -13 -14 -15
leaf_value=-0.0040920616365822749 0.00038316704076217192 0.0095761610196522951 -0.0026055572711428869 0.0048133283908338856 -0.0026055572711428869 -0.0026055572711428869 0.00038316704076217192 0.00038316704076217192 -0.002438288400344026 -0.00011758574488640885 0.00038316704076217192 -0.00011758574488640885 0.0012943381732461138 0.00038316704076217192
leaf_weight=0.56830433674622227 2.3079641710501169 1.0709904662799088 0.58956258930265804 0.35219322377815832 0.53137222491204639 6.0806100158952194 47.679807706736028 12.317637773463501 2.5136710124788801 1.4578647759044523 0.79291923902928818 2.0861411592923105 12.118043572409077 6.9711643015034497
leaf_count=137 423 42 135 14 46 1439 5458 1568 577 396 29 366 355 794
internal_value=0.000517052 0.00449033 0.000313105 0.00038585 0.000383167 0.000383167 0.000383167 2.25668e-05 -0.000915943 0.00025172 -0.00135812 -0.00243829 0.000383167 0.000383167
internal_weight=97.4382 3.73115 93.7071 2.66016 93.1388 92.5492 92.0179 32.22 19.9024 11.7356 3.30659 8.16675 59.7979 8.42903
internal_count=11779 479 11300 437 11163 11028 10982 5169 3601 1796 606 1805 5813 1190
is_linear=0
shrinkage=0.03


Tree=172
num_leaves=11
num_cat=0
split_feature=9 7 5 7 5 11 1 3 1 7
split_gain=0.0852022 0.104649 0.128463 0.0333342 0.0190158 0.0556924 0.0673952 0.0130496 0.0179376 0.00058406
threshold=97.35087719298248 45.049019607843142 85.888279745147443 3.9607843137254908 38.285108148702278 60.815437286025528 52.625313283208023 27.955752480956576 89.796089159769608 94.78221415607986
decision_type=2 2 2 2 2 2 2 2 2 2
left_child=3 -2 -3 -1 5 6 -5 8 9 -8
right_child=1 2 -4 4 -6 -7 7 -9 -10 -11
leaf_value=-0.0040667743707025299 0.00031668471824509439 0.00031668471824509439 0.011583211143142445 -0.0040667743707025299 0.00031668471824509439 0.00031668471824509439 -0.0024282007031309004 0.00031668471824509439 0.00031668471824509439 -8.4012467839014756e-05
leaf_weight=0.56656457565259088 1.230026182951405 1.2140802042558791 1.2909319419413803 3.9901264335494471 77.456780514796264 4.3913209707243359 3.0104372714413334 3.0347137881908566 1.0400742037454618 0.17312326957471658
leaf_count=137 215 231 33 1181 6890 1121 877 790 256 48
internal_value=0.000518683 0.00444751 0.00738434 0.000316685 0.000316685 -0.000713821 -0.00203768 -0.000135627 -0.00129298 -0.00235128
internal_weight=97.3982 3.73504 2.50501 93.6631 93.0966 15.6398 11.2485 7.25835 4.22363 3.18356
internal_count=11779 479 264 11300 11163 4273 3152 1971 1181 925
is_linear=0
shrinkage=0.03


Tree=173
num_leaves=13
num_cat=0
split_feature=11 2 10 2 5 9 9 7 1 8 9 2
split_gain=0.0729445 0.461165 0.0255659 0.0660646 0.0266527 0.0418228 0.0166931 0.0542691 0.0281721 0.0107504 0.00132654 2.64588e-05
threshold=98.694481371646745 67.773323968223238 71.525096525096544 91.805200341005971 94.831912126029792 59.861111111111121 33.534136546184747 71.26984126984128 98.614289143131472 98.639392817475013 97.35087719298248 79.611092696939579
decision_type=2 2 2 2 2 2 2 2 2 2 2 2
left_child=2 -2 4 11 6 -6 7 8 9 -1 -8 -4
right_child=1 -3 3 -5 5 -7 10 -9 -10 -11 -12 -13
leaf_value=-0.0036329180119809221 0.00031197781740357762 0.011468354031374316 0.00031197781740357762 0.0040658029179972983 -0.00064712329032969929 0.00031197781740357762 -0.00064712329032969929 -0.00064712329032969929 -0.00064712329032969929 -0.00064712329032969929 0.00031197781740357762 0.0011222021491616213
leaf_weight=10.281177805969486 1.67145315860398 2.8964638493489474 19.417127522872793 6.4445885897148392 5.637681670021264 6.1926110316999257 35.356051217531785 1.8683848709333677 0.29756146157160479 0.44841697136871594 2.0504012191668144 4.7835733068641266
leaf_count=2127 88 89 2486 276 285 165 5184 343 31 59 349 297
internal_value=0.000515645 0.00385329 0.000311978 0.000311978 -0.000293005 0.000311978 -0.000647123 -0.00170132 -0.00296656 -0.00342446 -0.000647123 0.000311978
internal_weight=97.3455 4.56792 92.7776 30.6453 62.1323 11.8303 50.302 12.8955 11.0272 10.7296 37.4065 24.2007
internal_count=11779 177 11602 3059 8543 450 8093 2560 2217 2186 5533 2783
is_linear=0
shrinkage=0.03


Tree=174
num_leaves=11
num_cat=0
split_feature=9 3 7 11 11 3 2 5 11 3
split_gain=0.0667585 0.0914969 0.0320116 0.0141564 0.0375525 0.103822 0.0117918 0.00807699 0.0311806 0.0339732
threshold=97.35087719298248 88.628341452150309 3.9607843137254908 97.458075127022838 98.694481371646745 92.508966047811398 1.5483504331264977 32.710249761157371 60.815437286025528 29.539566650965618
decision_type=2 2 2 2 2 2 2 2 2 2
left_child=2 3 -1 -2 6 -6 -4 8 9 -8
right_child=1 -3 4 -5 5 -7 7 -9 -10 -11
leaf_value=-0.0039680026240313578 0.00033372637385646511 0.0086644560370026484 -0.0023450978876030921 0.0034426492628094191 0.00025339686595521712 0.0074544077655758741 -0.0023450978876030921 0.00025339686595521712 0.00025339686595521712 0.00025339686595521712
leaf_weight=0.56293075310531904 2.3173418086953466 1.1013845950365064 0.58124903589486976 0.33622593502514053 2.7153008908499023 1.4960658987984059 6.7692622408503649 75.448383133392781 3.4281473084120071 2.5160715170204639
leaf_count=137 427 42 134 10 145 22 1957 7354 881 670
internal_value=0.000513774 0.00398465 0.000333726 0.000333726 0.000333726 0.0028791 0.000253397 0.000253397 -0.000486146 -0.00160775
internal_weight=97.2724 3.75495 93.5174 2.65357 92.9545 4.21137 88.7431 88.1619 12.7135 9.28533
internal_count=11779 479 11300 437 11163 167 10996 10862 3508 2627
is_linear=0
shrinkage=0.03


Tree=175
num_leaves=9
num_cat=0
split_feature=7 2 8 11 11 7 2 11
split_gain=0.0889768 0.597667 0.599004 0.887012 0.0433028 0.0316717 0.0126591 0.00336192
threshold=76.393188854489182 82.534117961579113 57.795138888888893 76.220161977834621 20.724140083650671 15.59027777777778 4.2893217893217903 2.0495879511224788
decision_type=2 2 2 2 2 2 2 2
left_child=5 -2 -3 4 -4 -1 -7 -8
right_child=1 2 3 -5 -6 6 7 -9
leaf_value=-0.0030146995773316794 -0.00090607663954288243 -0.00090607663954288243 -0.00090607663954288243 0.021222472741445342 0.0032024084297038028 -0.0030146995773316794 -0.0030146995773316794 -0.00090607663954288243
leaf_weight=5.5955071598291388 17.568784335278909 1.7519381393212805 1.6381115950644018 3.0355215985327959 2.0238825003616512 1.4363323212601233 0.51266615930944581 65.321822275756858
leaf_count=1143 1842 185 48 47 95 340 118 7933
internal_value=-0.000370461 0.00110759 0.00737672 0.0115182 0.000647253 -0.000906077 -0.000906077 -0.000906077
internal_weight=98.8846 26.0182 8.44945 6.69752 3.66199 72.8663 67.2708 65.8345
internal_count=11751 2217 375 190 143 9534 8391 8051
is_linear=0
shrinkage=0.03


Tree=176
num_leaves=7
num_cat=0
split_feature=7 2 11 5 1 11
split_gain=0.068501 0.525797 0.580553 0.155383 0.0277514 0.0224995
threshold=76.393188854489182 82.534117961579113 80.324117492591071 95.981065009389269 85.098581973581986 98.94736113130979
decision_type=2 2 2 2 2 2
left_child=4 -2 3 -3 5 -1
right_child=1 2 -4 -5 -6 -7
leaf_value=-0.0017788884564179544 -0.00086542946443726124 -0.00086542946443726124 0.014244073519722291 0.007663506793439947 -0.00086542946443726124 -0.00086542946443726124
leaf_weight=54.996398197254166 17.560288303298879 3.8088143437635136 3.734534421004355 0.94342315010726441 15.139485135441644 2.7079195328988126
leaf_count=7972 1842 268 92 15 1464 98
internal_value=-0.000395663 0.000901519 0.00680672 -0.000498104 -0.000865429 -0.00152741
internal_weight=98.8909 26.0471 8.48677 4.75224 72.8438 57.7043
internal_count=11751 2217 375 283 9534 8070
is_linear=0
shrinkage=0.03


Tree=177
num_leaves=13
num_cat=0
split_feature=8 7 11 2 8 2 7 8 1 11 1 2
split_gain=0.0547405 0.124885 0.456787 0.646284 0.150162 0.514483 0.045281 0.0247403 0.0247307 0.0437943 0.00365564 0.0020293
threshold=16.552511415525114 76.393188854489182 80.324117492591071 43.435051235684156 56.550343249427918 82.534117961579113 15.59027777777778 36.882591093117419 89.404677533664085 98.694481371646745 11.642890630232403 65.271084337349421
decision_type=2 2 2 2 2 2 2 2 2 2 2 2
left_child=11 6 -3 -4 7 -6 -2 -5 9 10 -8 -1
right_child=1 2 3 4 5 -7 8 -9 -10 -11 -12 -13
leaf_value=-0.0041832374522743935 -0.0028106739637670615 -0.00080667054720562196 -0.00080667054720562196 -0.00080667054720562196 0.0018527727737185173 0.020375163947587458 -0.0027676668335066381 0.0018527727737185173 -0.00080667054720562196 -0.00080667054720562196 -0.0017482879199332984 -0.0028106739637670615
leaf_weight=4.1627460864838204 3.7791096469154573 15.334002539981158 2.0655524698086065 0.71116831596009411 2.4291084562428296 2.8103718021884561 6.8413620891515157 0.71906939195469022 10.157602329971267 2.5980798159725955 44.832404732820578 2.3846190660260618
leaf_count=986 721 1605 119 74 69 42 862 32 819 101 5824 497
internal_value=-0.000353656 -0.000151061 0.0016649 0.00681081 0.0114235 0.0134611 -0.000806671 0.00149135 -0.000806671 -0.0015028 -0.00193323 -0.00281067
internal_weight=98.8252 92.2778 24.0693 8.73527 6.66972 5.23948 68.2086 1.43024 64.4294 54.2718 51.6738 6.54737
internal_count=11751 10268 1941 336 217 111 8327 106 7606 6787 6686 1483
is_linear=0
shrinkage=0.03


Tree=178
num_leaves=11
num_cat=0
split_feature=8 7 11 2 10 7 1 11 10 1
split_gain=0.0514009 0.0927462 0.4942 0.634758 0.497597 0.046053 0.0234401 0.042142 0.0067758 0.00421461
threshold=16.552511415525114 76.393188854489182 80.324117492591071 43.435051235684156 56.289556962025323 15.59027777777778 89.404677533664085 98.694481371646745 24.828767123287673 11.642890630232403
decision_type=2 2 2 2 2 2 2 2 2 2
left_child=8 5 -3 -4 -5 -2 7 9 -1 -7
right_child=1 2 3 4 -6 6 -8 -9 -10 -11
leaf_value=-0.0051558394959702351 -0.0027484599415902658 -0.00073254463537926907 -0.00073254463537926907 -0.00073254463537926907 0.015858602252422846 -0.0026804508421784954 -0.00073254463537926907 -0.00073254463537926907 -0.0027484599415902658 -0.0016505134335190028
leaf_weight=1.3556733150035132 3.7750309418188399 15.293247702647934 2.0559764765202981 1.9512256900779901 4.7371060000732541 6.8372660136083132 10.171345908427609 2.6027642688713959 5.1738648063037544 44.787911038496532
leaf_count=352 721 1605 119 90 127 862 819 101 1131 5824
internal_value=-0.00036443 -0.000167941 0.00139867 0.0068418 0.0113954 -0.000732545 -0.000732545 -0.00141241 -0.00274846 -0.00183526
internal_weight=98.7414 92.2119 24.0376 8.74431 6.68833 68.1743 64.3993 54.2279 6.52954 51.6252
internal_count=11751 10268 1941 336 217 8327 7606 6787 1483 6686
is_linear=0
shrinkage=0.03


Tree=179
num_leaves=10
num_cat=0
split_feature=8 7 11 2 10 7 2 11 10
split_gain=0.0427928 0.06974 0.424215 0.55015 0.427581 0.0423366 0.0112687 0.0100008 0.00886776
threshold=16.552511415525114 76.393188854489182 80.324117492591071 43.435051235684156 56.289556962025323 15.59027777777778 4.2893217893217903 2.0495879511224788 24.828767123287673
decision_type=2 2 2 2 2 2 2 2 2
left_child=8 5 -3 -4 -5 -2 -7 -8 -1
right_child=1 2 3 4 -6 6 7 -9 -10
leaf_value=-0.005075768449083742 -0.0025793181436134399 -0.0007103722715009346 -0.0007103722715009346 -0.0007103722715009346 0.014573243715247692 -0.0025793181436134399 -0.0025793181436134399 -0.0007103722715009346 -0.0025793181436134399
leaf_weight=1.3480814844369877 3.7633838222827753 15.276905274717139 2.0475585823878628 1.9533696116413919 4.7745590440463275 1.3191913624759752 0.41186534683219989 62.541455937316641 5.163253930513747
leaf_count=352 721 1605 119 90 127 305 91 7210 1131
internal_value=-0.000400613 -0.000220509 0.00113819 0.0062081 0.0104558 -0.000710372 -0.000710372 -0.000710372 -0.00257932
internal_weight=98.5996 92.0883 24.0524 8.77549 6.72793 68.0359 64.2725 62.9533 6.51134
internal_count=11751 10268 1941 336 217 8327 7606 7301 1483
is_linear=0
shrinkage=0.03


Tree=180
num_leaves=9
num_cat=0
split_feature=1 8 2 1 1 2 9 8
split_gain=0.138149 0.0616002 0.625365 0.27947 0.0176626 0.0789131 0.120888 0.0619992
threshold=0.4944564646057184 94.771018455228997 72.391789957590092 11.642890630232403 36.707371556217431 96.401859938129391 97.35087719298248 93.582704186684978
decision_type=2 2 2 2 2 2 2 2
left_child=-1 4 -3 -4 5 6 7 -2
right_child=1 2 3 -5 -6 -7 -8 -9
leaf_value=-0.010018101468739033 -0.003981621647454232 -0.00086681953933393733 -0.00086681953933393733 0.011272134818552109 -0.00086681953933393733 -0.00086681953933393733 -0.00086681953933393733 -0.00086681953933393733
leaf_weight=0.42587266594637085 25.233994372538298 4.2395400875247997 2.1718010518234223 4.9685273966751993 54.608999480376951 4.7850099767092606 1.3891969928517927 1.0169902010820795
leaf_count=49 3514 453 47 159 7009 259 181 52
internal_value=-0.000733754 -0.00059321 0.00140036 0.007911 -0.00086682 -0.00157255 -0.00262389 -0.00356214
internal_weight=98.8399 98.4141 11.3799 7.14033 87.0342 32.4252 27.6402 26.251
internal_count=11723 11674 659 206 11015 4006 3747 3566
is_linear=0
shrinkage=0.03


Tree=181
num_leaves=9
num_cat=0
split_feature=1 1 8 2 2 1 9 8
split_gain=0.0353149 0.133689 0.0716301 0.364816 0.058154 0.0335548 0.0576231 0.0614412
threshold=99.392200307532121 0.4944564646057184 94.771018455228997 72.391789957590092 98.535386035386054 36.707371556217431 97.35087719298248 93.582704186684978
decision_type=2 2 2 2 2 2 2 2
left_child=1 -1 4 -4 5 6 7 -3
right_child=-2 2 3 -5 -6 -7 -8 -9
leaf_value=-0.0099832552978726223 0.0027508298443605114 -0.0032076129578385124 -0.0010003380785581638 0.0027508298443605114 0.0027508298443605114 -0.0010003380785581638 -0.0010003380785581638 -0.0010003380785581638
leaf_weight=0.42553604941349377 1.5689806754235167 28.088965035043664 4.190027979668228 7.0667087610345334 1.5798635547980655 53.113684651441872 1.638213763013481 1.1325580573175091
leaf_count=49 83 3699 450 203 75 6924 186 54
internal_value=-0.00076009 -0.000844167 -0.000702339 0.00145934 -0.00100034 -0.00112704 -0.00201133 -0.0026816
internal_weight=98.8045 97.2356 96.81 11.2567 85.5533 83.9734 30.8597 29.2215
internal_count=11723 11640 11591 653 10938 10863 3939 3753
is_linear=0
shrinkage=0.03


Tree=182
num_leaves=8
num_cat=0
split_feature=1 8 2 1 9 1 2
split_gain=0.135767 0.0567852 0.585279 0.273785 0.00786722 0.0343535 0.039048
threshold=0.4944564646057184 94.771018455228997 72.391789957590092 11.642890630232403 54.353476283300857 85.508967606458057 96.886832073399248
decision_type=2 2 2 2 2 2 2
left_child=-1 4 -3 -4 5 6 -2
right_child=1 2 3 -5 -6 -7 -8
leaf_value=-0.0099706544063030318 -0.0023690064728148132 -0.00089286966300874048 -0.00089286966300874048 0.010741453201901483 -0.00089286966300874048 -0.00089286966300874048 -0.00089286966300874048
leaf_weight=0.42675166565459122 33.664595408015884 4.2486430269200337 2.1717276286799461 5.1587411547079682 42.236341020325199 9.0323849907144886 1.8143309897277493
leaf_count=49 4901 453 47 159 5104 892 118
internal_value=-0.000767787 -0.000627865 0.00127063 0.00749733 -0.00089287 -0.00130891 -0.00193468
internal_weight=98.7535 98.3268 11.5791 7.33047 86.7477 44.5113 35.4789
internal_count=11723 11674 659 206 11015 5911 5019
is_linear=0
shrinkage=0.03


Tree=183
num_leaves=10
num_cat=0
split_feature=1 8 11 9 11 11 1 9 8
split_gain=0.139064 0.0417287 0.189922 0.139655 0.150031 0.013385 0.0153764 0.0372635 0.102017
threshold=0.4944564646057184 94.771018455228997 90.2038593215064 76.975051975051997 21.712244395171229 98.694481371646745 85.508967606458057 51.266025641025642 87.858312858312871
decision_type=2 2 2 2 2 2 2 2 2
left_child=-1 5 3 -3 -5 6 7 8 -2
right_child=1 2 -4 4 -6 -7 -8 -9 -10
leaf_value=-0.010065303375770846 -0.0031211610910412552 -0.00084786175549474618 0.0074984001044161863 -0.00084786175549474618 0.0074984001044161863 0.00069798368033306235 -0.00084786175549474618 -0.00084786175549474618 -0.00084786175549474618
leaf_weight=0.43003325792960723 26.465546220191758 7.1849912973120791 2.0867351018823674 0.60579840838909182 1.6890975306741891 4.0948022212833157 16.742431574035436 34.554514913936146 4.8558065068209535
leaf_count=49 4228 452 54 26 127 153 1616 4621 397
internal_value=-0.000762921 -0.000621244 0.00100995 -0.000847862 0.00535183 -0.000847862 -0.000931909 -0.0013238 -0.0020842
internal_weight=98.7098 98.2797 11.5666 9.47989 2.2949 86.7131 82.6183 65.8759 31.3214
internal_count=11723 11674 659 605 153 11015 10862 9246 4625
is_linear=0
shrinkage=0.03


Tree=184
num_leaves=11
num_cat=0
split_feature=1 1 8 11 9 9 1 9 1 11
split_gain=0.137572 0.0509976 0.0455943 0.193795 0.0159046 0.0333214 0.0104138 0.0311872 0.049061 0.0522334
threshold=0.4944564646057184 99.392200307532121 95.932156646442365 80.023201856148503 76.975051975051997 97.35087719298248 85.508967606458057 51.266025641025642 36.707371556217431 87.12382445141067
decision_type=2 2 2 2 2 2 2 2 2 2
left_child=-1 2 5 4 -4 6 7 -2 9 -9
right_child=1 -3 3 -5 -6 -7 -8 8 -10 -11
leaf_value=-0.010070854167579154 -0.0020299483430057156 0.0035509548617824733 -0.00095337731354198745 0.0035509548617824733 0.0030972471765977104 0.0015105139689096001 -0.00095337731354198745 -0.0020299483430057156 -0.00095337731354198745 -0.00095337731354198745
leaf_weight=0.41779209696687658 34.107701571658254 1.5801155165536318 4.4035106678493303 3.5089737793896347 1.263794735772535 3.8539041432086369 15.266988843563011 10.696259869495405 19.06066273630131 4.502312490483745
leaf_count=49 4763 83 332 105 116 484 1491 1519 2528 253
internal_value=-0.000777231 -0.000636632 -0.000740742 0.00118102 -0.000953377 -0.000953377 -0.00108342 -0.00136429 -0.000953377 -0.00202995
internal_weight=98.662 98.2442 96.6641 9.17628 5.66731 87.4878 83.6339 68.3669 34.2592 15.1986
internal_count=11723 11674 11591 553 448 11038 10554 9063 4300 1772
is_linear=0
shrinkage=0.03


Tree=185
num_leaves=6
num_cat=0
split_feature=11 2 2 8 9
split_gain=0.109165 0.378232 0.0480313 0.0563834 0.0612321
threshold=98.94736113130979 67.773323968223238 9.6778713190950203 78.297101449275374 83.115560834888868
decision_type=2 2 2 2 2
left_child=2 -2 3 4 -1
right_child=1 -3 -4 -5 -6
leaf_value=-0.0061085669359147087 -0.0002393497413369761 0.010661688659209268 -0.0002393497413369761 -0.0002393497413369761 -0.0002393497413369761
leaf_weight=3.3327690492151301 1.4489166617859144 2.7370007634162903 88.732756784418598 1.3955958553124217 0.54779712203890074
leaf_count=727 69 75 10502 209 132
internal_value=-8.0794e-06 0.00423048 -0.00023935 -0.00286553 -0.00463003
internal_weight=98.1948 4.18592 94.0089 5.27616 3.88057
internal_count=11714 144 11570 1068 859
is_linear=0
shrinkage=0.03


Tree=186
num_leaves=6
num_cat=0
split_feature=11 2 2 8 9
split_gain=0.10061 0.364993 0.0348157 0.0469939 0.0535321
threshold=98.94736113130979 67.773323968223238 9.6778713190950203 78.297101449275374 83.115560834888868
decision_type=2 2 2 2 2
left_child=2 -2 3 4 -1
right_child=1 -3 -4 -5 -6
leaf_value=-0.0055571978365204482 -0.0002240289481550522 0.010388819253375148 -0.0002240289481550522 -0.0002240289481550522 -0.0002240289481550522
leaf_weight=3.2878542412072416 1.4493140054400999 2.7650472531095147 88.68032635434065 1.3961100855376569 0.54808447719551612
leaf_count=727 69 75 10502 209 132
internal_value=-1.14289e-06 0.00405607 -0.000224029 -0.00246812 -0.00412865
internal_weight=98.1267 4.21436 93.9124 5.23205 3.83594
internal_count=11714 144 11570 1068 859
is_linear=0
shrinkage=0.03


Tree=187
num_leaves=6
num_cat=0
split_feature=11 2 2 8 9
split_gain=0.0736125 0.31956 0.0337418 0.0459833 0.0527785
threshold=98.94736113130979 67.773323968223238 9.6778713190950203 78.297101449275374 83.115560834888868
decision_type=2 2 2 2 2
left_child=2 -2 3 4 -1
right_child=1 -3 -4 -5 -6
leaf_value=-0.0054728456491932378 -0.00018814375104518973 0.0095068490304751566 -0.00018814375104518973 -0.00018814375104518973 -0.00018814375104518973
leaf_weight=3.2738176531856875 1.4496020406950254 2.80413230904378 88.61420269520022 1.3964464657474307 0.54785740002989758
leaf_count=727 69 75 10502 209 132
internal_value=3.38895e-06 0.00346 -0.000188144 -0.00239935 -0.00404767
internal_weight=98.0861 4.25373 93.8323 5.21812 3.82168
internal_count=11714 144 11570 1068 859
is_linear=0
shrinkage=0.03


Tree=188
num_leaves=6
num_cat=0
split_feature=11 2 2 8 9
split_gain=0.0790711 0.325543 0.0255257 0.0394523 0.046995
threshold=98.94736113130979 67.773323968223238 9.6778713190950203 78.297101449275374 83.115560834888868
decision_type=2 2 2 2 2
left_child=2 -2 3 4 -1
right_child=1 -3 -4 -5 -6
leaf_value=-0.0050768983001060024 -0.0001962474613949538 0.009563075505980359 -0.0001962474613949538 -0.0001962474613949538 -0.0001962474613949538
leaf_weight=3.2354328514775257 1.4497939436696459 2.8656502428930253 88.617750627920032 1.3971811444498596 0.54803919722326089
leaf_count=727 69 75 10502 209 132
internal_value=3.42894e-06 0.00356392 -0.000196247 -0.0021258 -0.00369504
internal_weight=98.1138 4.31544 93.7984 5.18065 3.78347
internal_count=11714 144 11570 1068 859
is_linear=0
shrinkage=0.03


Tree=189
num_leaves=9
num_cat=0
split_feature=11 1 1 2 9 4 2 2
split_gain=0.0651764 0.311879 0.114028 0.0459375 0.114184 0.0597903 0.0565235 0.0210622
threshold=98.94736113130979 22.384506041222462 85.508967606458057 78.987668298832219 81.87294633077768 98.282206002794254 50.821918244198052 78.820172643531677
decision_type=2 2 2 2 2 2 2 2
left_child=2 -2 3 4 5 6 -1 -8
right_child=1 -3 -4 -5 -6 -7 7 -9
leaf_value=-0.0037015524828681512 -0.00017716113478389079 0.010163201490249641 0.0018719751232458897 -0.00017716113478389079 -0.00017716113478389079 -0.00017716113478389079 -0.0016706288553151765 -0.00017716113478389079
leaf_weight=19.116308623342775 2.1286658961325875 2.2049560954328626 18.502631137729622 28.218756188754924 9.915259250556117 1.2013960026670236 16.395201444276612 0.38172517996281286
leaf_count=3664 65 79 1665 2238 1531 50 2398 24
internal_value=4.55725e-06 0.00323123 -0.000177161 -0.000699096 -0.00131485 -0.00225795 -0.00261234 -0.00123284
internal_weight=98.0649 4.33362 93.7313 75.2286 47.0099 37.0946 35.8932 16.7769
internal_count=11714 144 11570 9905 7667 6136 6086 2422
is_linear=0
shrinkage=0.03


Tree=190
num_leaves=13
num_cat=0
split_feature=1 11 10 7 8 10 2 7 10 9 9 9
split_gain=0.0309972 0.0895759 0.332841 0.259703 0.0590933 0.0298116 0.0432409 0.0283999 0.0267926 0.0338657 0.0290033 0.00847972
threshold=80.437440204103339 32.073089384410146 50.316455696202539 82.683658170914555 56.909814323607435 74.841772151898752 13.955695456367453 29.099462365591403 34.035165484633573 97.99919967987195 52.803983228511534 26.556445362955312
decision_type=2 2 2 2 2 2 2 2 2 2 2 2
left_child=7 -2 -3 5 -5 11 -7 8 9 -1 -10 -4
right_child=1 2 3 4 -6 6 -8 -9 10 -11 -12 -13
leaf_value=-0.0053383632439194719 -0.00085648976990594845 -0.00085648976990594845 -0.00085648976990594845 0.0026041305266505713 0.015401954099981026 -0.00033604488913658171 0.0026041305266505713 -0.00085648976990594845 -0.0033559881531781905 -0.000999778742993453 -0.00085648976990594845 -0.00033604488913658171
leaf_weight=3.1566425585187958 6.4813593780854744 7.170582202961671 0.52694341028109226 0.93867945228703353 1.3254950195550916 0.50932880071923126 3.7153271581046283 64.879955409676768 3.3203311316901818 0.28760063252411772 3.2123127556405962 2.7107119858264923
leaf_count=656 831 777 65 75 40 78 229 7591 685 42 520 186
internal_value=-0.000561349 0.000380048 0.00171806 0.00539287 0.0125195 0.00200664 0.00260413 -0.00085649 -0.00240418 -0.00424357 -0.000999779 -0.000336045
internal_weight=98.2353 23.3784 16.8971 9.72649 2.26417 7.46231 4.22466 74.8568 9.97689 3.44424 6.53264 3.23766
internal_count=11775 2281 1450 673 115 558 307 9494 1903 698 1205 251
is_linear=0
shrinkage=0.03


Tree=191
num_leaves=12
num_cat=0
split_feature=1 11 10 7 8 10 2 7 10 10 7
split_gain=0.0272558 0.0840477 0.316373 0.246427 0.0545003 0.0288365 0.0436062 0.0243416 0.0258956 0.00315886 0.00314661
threshold=80.437440204103339 32.073089384410146 50.316455696202539 82.683658170914555 56.909814323607435 74.841772151898752 13.955695456367453 29.099462365591403 34.035165484633573 81.380952380952394 56.594202898550726
decision_type=2 2 2 2 2 2 2 2 2 2 2
left_child=7 -2 -3 5 -5 10 -7 8 -1 -10 -4
right_child=1 2 3 4 -6 6 -8 -9 9 -11 -12
leaf_value=-0.0040900311921037982 -0.00084118395811319546 -0.00084118395811319546 -0.00084118395811319546 0.0025720006118775543 0.014979367819032818 -0.00034275020753207167 0.0025720006118775543 -0.00084118395811319546 -0.0016760957095936513 -0.00084118395811319546 -0.00034275020753207167
leaf_weight=3.4139498409349454 6.4833881475497064 7.1702773709548664 1.7494817778933778 0.94199542282149229 1.3135479427874086 0.50950895296409715 3.7147407531738281 64.903709695441648 4.1499877054011449 2.3710888044442981 1.4889971786178646
leaf_count=698 831 777 187 75 40 78 229 7591 821 384 64
internal_value=-0.000564545 0.000319443 0.00162932 0.00522659 0.0121793 0.00193433 0.002572 -0.000841184 -0.00227928 -0.000913541 -0.00034275
internal_weight=98.2107 23.3719 16.8885 9.71827 2.25554 7.46273 4.22425 74.8387 9.93503 6.52108 3.23848
internal_count=11775 2281 1450 673 115 558 307 9494 1903 1205 251
is_linear=0
shrinkage=0.03


Tree=192
num_leaves=9
num_cat=0
split_feature=9 2 8 11 7 8 2 7
split_gain=0.0169037 0.0705601 0.08017 0.0256309 0.0186475 0.0223375 0.0205262 0.00348192
threshold=97.35087719298248 74.341212832326946 59.197099892588618 6.750117352526992 9.6006144393241186 94.771018455228997 88.257422958915512 94.058823529411782
decision_type=2 2 2 2 2 2 2 2
left_child=3 2 -2 7 6 -6 -5 -1
right_child=1 -3 -4 4 5 -7 -8 -9
leaf_value=-0.0032865990432866237 -0.00063777973203344915 0.0045803951836332025 0.0045803951836332025 -0.0030209284997518649 -0.00063777973203344915 0.00082302584656380941 -0.00063777973203344915 -0.00063777973203344915
leaf_weight=2.8503643235890204 1.405279784696176 1.9476830991916356 0.78056325111538161 2.282832910772413 77.691527096205391 10.574210526654495 0.38312857877463091 0.28292645455803711
leaf_count=530 232 152 114 487 9498 620 68 74
internal_value=-0.000551846 0.001147 -0.00063778 -0.00063778 -0.00063778 -0.00063778 -0.00287728 -0.00302093
internal_weight=98.1985 4.13353 2.18584 94.065 90.9317 88.2657 2.66596 3.13329
internal_count=11775 498 346 11277 10673 10118 555 604
is_linear=0
shrinkage=0.03


Tree=193
num_leaves=12
num_cat=0
split_feature=1 11 10 7 2 7 10 10 2 7 10
split_gain=0.0262307 0.0813083 0.305972 0.228147 0.16591 0.0226498 0.0249427 0.0214472 0.0238957 0.00291491 0.00289531
threshold=80.437440204103339 32.073089384410146 50.316455696202539 82.683658170914555 32.448939334162851 29.099462365591403 34.035165484633573 74.841772151898752 13.955695456367453 56.594202898550726 81.380952380952394
decision_type=2 2 2 2 2 2 2 2 2 2 2
left_child=5 -2 -3 7 -5 6 -1 9 -9 -4 -8
right_child=1 2 3 4 -6 -7 10 8 -10 -11 -12
leaf_value=-0.0040030015027704416 -0.00083118263327336243 -0.00083118263327336243 -0.00083118263327336243 0.0019599737321493787 0.01592638107522145 -0.00083118263327336243 -0.0016342089115998903 -0.00037659291437766704 0.0019599737321493787 -0.00037659291437766704 -0.00083118263327336243
leaf_weight=3.3928333924850431 6.4817386133363497 7.1799142955569577 1.7508203820325419 0.83060169965028796 1.4116522774565963 64.895391724538058 4.1450210275361314 0.50952303945086885 3.7247534010093659 1.4883565064519642 2.3711589918239042
leaf_count=698 831 777 187 73 42 7591 821 78 229 64 384
internal_value=-0.000559685 0.00030753 0.00159658 0.00513589 0.0118519 -0.000831183 -0.00222113 0.00195997 0.00195997 -0.000376593 -0.000884199
internal_weight=98.1818 23.3774 16.8956 9.71571 2.24225 74.8044 9.90901 7.47345 4.23428 3.23918 6.51618
internal_count=11775 2281 1450 673 115 9494 1903 558 307 251 1205
is_linear=0
shrinkage=0.03


Tree=194
num_leaves=9
num_cat=0
split_feature=1 8 2 10 7 1 10 11
split_gain=0.0250066 0.0525754 0.546116 0.43419 0.015228 0.00632976 0.0171542 0.0395463
threshold=0.4944564646057184 94.771018455228997 78.987668298832219 77.58148035333538 5.0641025641025648 80.049290986791007 97.979591836734713 90.500065806378856
decision_type=2 2 2 2 2 2 2 2
left_child=-1 4 -3 -4 -2 6 7 -6
right_child=1 2 3 -5 5 -7 -8 -9
leaf_value=-0.004352069281162955 -0.0033434415813243957 -0.0007492173261195148 -0.0007492173261195148 0.013469782270180043 -0.0018389084852891543 -0.0007492173261195148 -0.0007492173261195148 -0.0007492173261195148
leaf_weight=0.55906254495493968 1.1198398793349031 5.1928853183053416 2.3504466821905226 3.6373896615114063 48.572464463766664 21.4335287429858 2.5707726296968749 12.716575906495562
leaf_count=49 263 501 99 50 7576 2153 265 819
internal_value=-0.000561868 -0.000496235 0.00135999 0.00809229 -0.000749217 -0.000749217 -0.00107087 -0.00135304
internal_weight=98.153 97.5939 11.1807 5.98784 86.4132 85.2933 63.8598 61.289
internal_count=11775 11726 650 149 11076 10813 8660 8395
is_linear=0
shrinkage=0.03


Tree=195
num_leaves=12
num_cat=0
split_feature=9 3 1 11 11 1 2 1 7 7 7
split_gain=0.118241 0.14497 0.0863499 0.0398696 0.0775391 0.0147448 0.0295652 0.0731096 0.0322435 0.00166356 0.00249019
threshold=97.35087719298248 88.628341452150309 0.4944564646057184 97.458075127022838 98.694481371646745 80.437440204103339 78.987668298832219 31.933576656531802 93.582704186684978 92.919799498746883 24.4671201814059
decision_type=2 2 2 2 2 2 2 2 2 2 2
left_child=2 3 -1 -2 5 6 7 8 -4 -9 -8
right_child=1 -3 4 -5 -6 -7 10 9 -10 -11 -12
leaf_value=-0.0074233385064425735 -1.2795058623294028e-05 0.010434016861441983 -0.0034515121902491883 0.0051501305208023138 0.0035379477086564973 -1.2795058623294028e-05 -0.0003116487966337089 -0.0003116487966337089 -0.00019626181073665745 -1.2795058623294028e-05 -1.2795058623294028e-05
leaf_weight=0.4370524762198319 2.4900643480941653 1.1735536374617366 10.739901738706973 0.34804733586497594 4.2310902290046206 22.370064367889427 1.8596048378385734 26.94894666958135 0.90475633367896158 1.7257667281664897 24.337551772943698
leaf_count=43 440 41 1948 10 158 2175 319 4473 108 263 1758
internal_value=0.00011361 0.00460329 -0.000125557 0.000101935 -1.27951e-05 -0.000219294 -0.000516106 -0.00104134 -0.00294224 -0.000196262 -1.27951e-05
internal_weight=97.5664 4.01167 93.5547 2.83811 93.1177 88.8866 66.5165 40.3194 11.6447 28.6747 26.1972
internal_count=11736 491 11245 450 11202 11044 8869 6792 2056 4736 2077
is_linear=0
shrinkage=0.03


Tree=196
num_leaves=13
num_cat=0
split_feature=9 3 1 4 4 7 2 1 2 4 8 2
split_gain=0.112081 0.133934 0.0856393 0.0627489 0.121162 0.0163563 0.0160677 0.0928096 0.113807 0.0219102 0.0124872 0.00280392
threshold=97.35087719298248 88.628341452150309 0.4944564646057184 94.451137884872836 98.282206002794254 98.34699453551913 46.90367888967328 29.151464830729328 41.66364296081278 71.033614175280135 68.903903903903924 1.2739866531640314
decision_type=2 2 2 2 2 2 2 2 2 2 2 2
left_child=2 3 -1 -2 5 6 7 8 -4 -8 -11 -9
right_child=1 -3 4 -5 -6 -7 9 11 -10 10 -12 -13
leaf_value=-0.0073827806482083917 -2.7459446307417007e-06 0.009990961299139671 -0.0073827806482083917 0.006528280654410858 0.0037558188059716455 -2.7459446307417007e-06 -0.00044075464275085212 -0.0018463466250344862 -0.00044075464275085212 -0.00044075464275085212 -2.7459446307417007e-06 -0.00044075464275085212
leaf_weight=0.43700446304865082 2.5237539822701365 1.219136787112802 2.2006006202427701 0.32532293233089138 6.1393349925056091 2.2609091276535755 18.154546127421781 0.375618294812745 0.67676559952087689 15.157319033518432 19.71449935506098 28.365857115481049
leaf_count=43 438 41 472 12 192 233 3133 91 120 1685 756 4520
internal_value=0.000119335 0.00446467 -0.00011502 0.000118625 -2.74594e-06 -0.000307968 -0.000519949 -0.00104455 -0.00540661 -0.000193592 -2.74594e-06 -0.000440755
internal_weight=97.5507 4.06821 93.4825 2.84908 93.0455 86.9061 84.6452 31.6188 2.87737 53.0264 34.8718 28.7415
internal_count=11736 491 11245 450 11202 11010 10777 5203 592 5574 2441 4611
is_linear=0
shrinkage=0.03


Tree=197
num_leaves=9
num_cat=0
split_feature=9 4 3 1 11 2 2 2
split_gain=0.155651 0.164925 0.161255 0.0885225 0.00983465 0.0245404 0.00206663 0.00297792
threshold=97.35087719298248 72.635543510071145 74.941723675130561 0.4944564646057184 7.0921430289873726 57.611663046445663 4.2893217893217903 1.2739866531640314
decision_type=2 2 2 2 2 2 2 2
left_child=3 -2 -3 -1 5 -5 7 -6
right_child=1 2 -4 4 6 -7 -8 -9
leaf_value=-0.0075825199727451234 -0.00012647964869511402 -0.00012647964869511402 0.012110041754802032 -0.0036146618978702793 -0.0025594877382614225 -0.00012647964869511402 -0.00012647964869511402 -0.00012647964869511402
leaf_weight=0.43339853873476286 1.5798578786198039 0.72010684548877213 1.9485692898742852 1.647607218823395 0.34999719262123008 1.7325456716353071 87.723787607392296 1.4749612403102217
leaf_count=43 328 105 58 389 85 240 10122 366
internal_value=0.000154779 0.00518198 0.00886122 -0.00012648 -0.00012648 -0.0016459 -0.00012648 -0.00149558
internal_weight=97.6108 4.24853 2.66868 93.3623 92.9289 3.38015 89.5487 1.82496
internal_count=11736 491 163 11245 11202 629 10573 451
is_linear=0
shrinkage=0.03


Tree=198
num_leaves=10
num_cat=0
split_feature=9 4 3 1 3 11 2 2 2
split_gain=0.138443 0.150168 0.0724156 0.0706536 0.052356 0.00896526 0.0230245 0.00242116 0.00328271
threshold=97.35087719298248 72.635543510071145 87.454394492187973 0.4944564646057184 71.033614175280135 7.0921430289873726 57.611663046445663 4.2893217893217903 1.2739866531640314
decision_type=2 2 2 2 2 2 2 2 2
left_child=3 -2 4 -1 -3 6 -5 8 -7
right_child=1 2 -4 5 -6 7 -8 -9 -10
leaf_value=-0.0067986433958947354 -0.000110140487673692 -0.000110140487673692 0.011741554293961154 -0.0034712688254327911 0.0055392274769221336 -0.0025444293758630256 -0.000110140487673692 -0.000110140487673692 -0.000110140487673692
leaf_weight=0.42168083833530445 1.5802136525744561 0.66502322978340112 1.3165242297109214 1.637901053996756 0.68100188369862735 0.34922076482325692 1.7315336024621499 87.663065628963523 1.4741560687543822
leaf_count=43 328 95 35 389 33 85 240 10122 366
internal_value=0.000155307 0.00489907 0.00842347 -0.00011014 0.00155659 -0.00011014 -0.00155064 -0.00011014 -0.0014447
internal_weight=97.5203 4.24276 2.66255 93.2776 1.34603 92.8559 3.36943 89.4864 1.82338
internal_count=11736 491 163 11245 128 11202 629 10573 451
is_linear=0
shrinkage=0.03


Tree=199
num_leaves=12
num_cat=0
split_feature=9 4 1 4 8 7 2 11 2 4 2
split_gain=0.13978 0.14764 0.0691078 0.0640791 0.0202036 0.00880242 0.00762642 0.108852 0.0262054 0.00593639 0.00308891
threshold=97.35087719298248 72.635543510071145 0.4944564646057184 98.282206002794254 27.055180180180184 98.34699453551913 46.90367888967328 30.97898875714198 45.149861727885074 71.033614175280135 4.2893217893217903
decision_type=2 2 2 2 2 2 2 2 2 2 2
left_child=2 -2 -1 5 -3 6 7 8 -4 -8 -9
right_child=1 4 3 -5 -6 -7 9 10 -10 -11 -12
leaf_value=-0.0067261147247277006 -0.0001105522036294093 0.0027109286223504113 -0.004297751750710615 0.0027109286223504113 0.0098503825065727729 -0.0001105522036294093 -0.00021211630180155625 -0.0020374464622833878 -0.00021211630180155625 -0.0001105522036294093 -0.00021211630180155625
leaf_weight=0.42141616367734869 1.5790390130132426 0.88777678576298091 6.9657933714333948 6.2030328162945798 1.819147713249549 2.2496103956364086 18.016556596267037 1.3311570221558309 0.35189148155041028 34.738963149022311 22.902893580961972
leaf_count=43 328 64 1510 192 99 233 3133 317 77 2441 3299
internal_value=0.000157488 0.00490342 -0.000110552 -0.000110552 0.00835688 -0.000232743 -0.000439694 -0.000802004 -0.00383776 -0.000212116 -0.000212116
internal_weight=97.4673 4.28596 93.1813 92.7599 2.70692 86.5569 84.3073 31.5517 7.31768 52.7555 24.2341
internal_count=11736 491 11245 11202 163 11010 10777 5203 1587 5574 3616
is_linear=0
shrinkage=0.03


Tree=200
num_leaves=10
num_cat=0
split_feature=9 8 1 1 7 1 7 2 2
split_gain=0.0725125 0.110367 0.105747 0.054973 0.0919757 0.0502624 0.0169363 0.00328254 0.000859518
threshold=79.679679679679694 56.030303030303038 83.576655299801089 6.5138816134101623 95.69842738205368 0.4944564646057184 36.515151515151523 31.867219435154222 1.2739866531640314
decision_type=2 2 2 2 2 2 2 2 2
left_child=5 -2 3 -3 6 -1 -5 8 -7
right_child=1 2 -4 4 -6 7 -8 -9 -10
leaf_value=-0.0057579548249849103 -7.0377841583956145e-06 -7.0377841583956145e-06 0.0087478313340669869 -7.0377841583956145e-06 0.0087478313340669869 -0.0012843825437227631 0.0020758438508632028 -7.0377841583956145e-06 -0.00038157059786147638
leaf_weight=0.36776788032147933 10.800670664524661 1.1984097729437042 2.0437635283451518 0.78103751176967851 0.88773487508297044 0.29207266564481216 7.5935195705387741 55.152944970526733 16.596872444497421
leaf_count=37 1611 53 136 116 106 72 517 6071 2899
internal_value=0.000468783 0.00188663 0.00370907 0.00204722 0.00308067 -7.03778e-06 0.00152625 -7.03778e-06 -0.000468108
internal_weight=95.7148 23.3051 12.5045 10.4607 9.26229 72.4097 8.37456 72.0419 16.8889
internal_count=11618 2539 928 792 739 9079 633 9042 2971
is_linear=0
shrinkage=0.03


Tree=201
num_leaves=7
num_cat=0
split_feature=11 2 9 1 2 2
split_gain=0.111575 0.427605 0.0194676 0.00512544 0.0200323 4.85411e-05
threshold=98.94736113130979 67.773323968223238 79.679679679679694 93.270346243084077 31.867219435154222 9.6778713190950203
decision_type=2 2 2 2 2 2
left_child=2 -2 3 5 -5 -1
right_child=1 -3 -4 4 -6 -7
leaf_value=-0.0005959542354770569 0.00021381708799827351 0.011944171376879729 0.00021381708799827351 -0.00038125310437057649 0.00021381708799827351 -0.00038125310437057649
leaf_weight=3.1009759720182037 1.694218597607686 2.5701072148513049 22.455417298246175 3.6581365048186845 3.5196086731739342 58.662760827341117
leaf_count=705 72 66 2518 420 205 7632
internal_value=0.000460828 0.00470871 0.000213817 -0.000287342 0.000213817 -0.000381253
internal_weight=95.6612 4.26433 91.3969 68.9415 7.17775 61.7637
internal_count=11618 138 11480 8962 625 8337
is_linear=0
shrinkage=0.03


Tree=202
num_leaves=7
num_cat=0
split_feature=11 2 9 1 2 2
split_gain=0.0727927 0.352703 0.0189815 0.005063 0.0199705 9.1402e-05
threshold=98.94736113130979 67.773323968223238 79.679679679679694 93.270346243084077 31.867219435154222 9.6778713190950203
decision_type=2 2 2 2 2 2
left_child=2 -2 3 5 -5 -1
right_child=1 -3 -4 4 -6 -7
leaf_value=-0.00056466946577672758 0.0002453319823027347 0.01061435400413027 0.0002453319823027347 -0.00034362065588102998 0.0002453319823027347 -0.00034362065588102998
leaf_weight=3.1000078793149433 1.6924734199419607 2.5991420219652355 22.449434382491745 3.6594877114985129 3.5238179392181337 58.634494971483946
leaf_count=705 72 66 2518 420 205 7632
internal_value=0.000446236 0.00386876 0.000245332 -0.00024984 0.000245332 -0.000343621
internal_weight=95.6589 4.29162 91.3672 68.9178 7.18331 61.7345
internal_count=11618 138 11480 8962 625 8337
is_linear=0
shrinkage=0.03


Tree=203
num_leaves=14
num_cat=0
split_feature=9 8 11 11 11 1 11 11 1 11 1 11 2
split_gain=0.0652786 0.0971501 0.135374 0.105309 0.09998 0.0781349 0.052967 0.00453828 0.02651 0.0593184 0.0181548 0.00528123 0.00301961
threshold=79.679679679679694 56.030303030303038 94.451137884872836 20.050156818624654 99.765256922441125 23.947264742349279 79.351790929344006 5.4453257372983339 0.4944564646057184 98.94736113130979 85.508967606458057 31.348632337771669 14.242680831881481
decision_type=2 2 2 2 2 2 2 2 2 2 2 2 2
left_child=4 2 -2 -3 7 -5 -7 -1 -9 10 12 -12 -10
right_child=1 3 -4 5 -6 6 -8 8 9 -11 11 -13 -14
leaf_value=-0.0014484825528713911 -5.5745145134059526e-06 -5.5745145134059526e-06 0.0034914855004439288 0.0034914855004439288 0.0034914855004439288 0.0039867734253839077 0.011311762930048205 -0.0014484825528713911 -0.0014484825528713911 0.0034914855004439288 -0.00060266377706137133 -5.5745145134059526e-06 -0.00060266377706137133
leaf_weight=1.634982801391742 9.3124876788351703 2.9952755660051453 1.4763679325114925 3.6248931547161174 0.87369081005453963 4.2728059832006693 1.6796314674429593 0.38205762405414034 3.2330375647870815 2.3752998025156549 2.9379995099734506 9.9841290601761994 50.842293857247569
leaf_count=263 1537 378 74 152 26 326 72 36 776 89 370 885 6634
internal_value=0.000447094 0.00179008 -5.57451e-06 0.00349149 -5.57451e-06 0.00495961 0.00738343 -0.000221795 -0.000172977 -3.26439e-05 -0.000225735 -5.57451e-06 -0.000602664
internal_weight=95.625 23.3615 10.7889 12.5726 72.2635 9.57733 5.95244 71.3898 69.7548 69.3728 66.9975 12.9221 54.0753
internal_count=11618 2539 1611 928 9079 550 398 9053 8790 8754 8665 1255 7410
is_linear=0
shrinkage=0.03


Tree=204
num_leaves=7
num_cat=0
split_feature=11 2 9 1 2 2
split_gain=0.0551353 0.325782 0.0158974 0.00578277 0.0172624 7.23767e-05
threshold=98.94736113130979 67.773323968223238 79.679679679679694 93.270346243084077 31.867219435154222 9.6778713190950203
decision_type=2 2 2 2 2 2
left_child=2 -2 3 5 -5 -1
right_child=1 -3 -4 4 -6 -7
leaf_value=-0.00047614684824865588 0.00027411170354606462 0.010067312813715375 0.00027411170354606462 -0.00028654780141521935 0.00027411170354606462 -0.00028654780141521935
leaf_weight=3.0961809803266069 1.6900366123300035 2.6072634165175259 22.543233696604148 3.6636940956814206 3.5296921584522352 58.455607039504685
leaf_count=705 72 66 2518 420 205 7632
internal_value=0.000449909 0.00342769 0.000274112 -0.000180003 0.000274112 -0.000286548
internal_weight=95.5857 4.2973 91.2884 68.7452 7.19339 61.5518
internal_count=11618 138 11480 8962 625 8337
is_linear=0
shrinkage=0.03


Tree=205
num_leaves=8
num_cat=0
split_feature=9 8 8 7 10 2 7
split_gain=0.0615755 0.451395 0.00748697 0.0069888 0.0086198 0.0131673 0.00240646
threshold=97.35087719298248 58.387445887445899 98.639392817475013 95.69842738205368 97.937925170068027 97.081819999870987 4.8003072196620593
decision_type=2 2 2 2 2 2 2
left_child=2 -2 3 4 5 6 -1
right_child=1 -3 -4 -5 -6 -7 -8
leaf_value=-0.0022764942021235557 -0.00039621727501850664 0.012340323396081945 0.00063885825263149793 -0.00039621727501850664 -0.00039621727501850664 -0.00039621727501850664 -0.00094166065790442721
leaf_weight=0.7940924798604091 2.2953897058032444 1.8660984658636151 5.0705967491958281 4.0189606967614955 3.7335481089539817 3.5857446249574414 75.436350895441137
leaf_count=201 324 167 315 427 376 197 9755
internal_value=-0.000222558 0.00297108 -0.000396217 -0.000462689 -0.000680609 -0.000823477 -0.000984862
internal_weight=96.8008 4.16149 92.6393 87.5687 83.5497 79.8162 76.2304
internal_count=11762 491 11271 10956 10529 10153 9956
is_linear=0
shrinkage=0.03


Tree=206
num_leaves=12
num_cat=0
split_feature=1 9 8 7 1 1 8 10 7 9 9
split_gain=0.0725156 0.0613831 0.283102 0.031577 0.0133792 0.00507088 0.0333883 0.0115113 0.0107101 0.00594429 0.00240545
threshold=99.392200307532121 97.35087719298248 11.803405572755418 49.61538461538462 0.4944564646057184 80.437440204103339 94.771018455228997 99.367088607594951 98.34699453551913 3.7855266300453789 34.266144814090026
decision_type=2 2 2 2 2 2 2 2 2 2 2
left_child=1 4 -3 -4 -1 6 7 8 9 -6 -10
right_child=-2 2 3 -5 5 -7 -8 -9 10 -11 -12
leaf_value=-0.0033481556456645156 0.004788491468927584 -0.00052530980383935484 -0.00052530980383935484 0.004788491468927584 -0.0033481556456645156 -0.00052530980383935484 -0.00052530980383935484 -0.00052530980383935484 -0.0014189485693287777 -0.0014189485693287777 -0.00052530980383935484
leaf_weight=0.5457468843087544 1.5389321392867703 1.3343278862303112 0.78340914146974716 2.0586939344648272 0.93357944919261981 21.359367955476046 8.4394333024974895 2.347097569727338 0.724827498081139 55.640337566146627 1.0306789737660436
leaf_count=52 83 159 118 213 178 2128 514 212 72 7911 122
internal_value=-0.000220003 -0.000349905 0.00283586 0.00478849 -0.00052531 -0.00052531 -0.000795034 -0.0012832 -0.00140644 -0.00151135 -0.00052531
internal_weight=96.7364 95.1975 4.17643 2.8421 91.0211 90.4753 69.116 60.6765 58.3294 56.5739 1.75551
internal_count=11762 11679 490 331 11189 11137 9009 8495 8283 8089 194
is_linear=0
shrinkage=0.03


Tree=207
num_leaves=9
num_cat=0
split_feature=1 9 8 8 1 10 9 7
split_gain=0.0550103 0.0567578 0.249306 0.0222616 0.0240738 0.00842024 0.00924349 0.00637841
threshold=99.392200307532121 97.35087719298248 11.803405572755418 98.639392817475013 80.437440204103339 99.367088607594951 3.7855266300453789 98.34699453551913
decision_type=2 2 2 2 2 2 2 2
left_child=1 3 -3 4 5 6 -1 -8
right_child=-2 2 -4 -5 -6 -7 7 -9
leaf_value=-0.0033760302138127092 0.0041296646556155201 -0.0004923522921750572 0.0041296646556155201 0.0013042699301349389 -0.0004923522921750572 -0.0004923522921750572 -0.0011838889071033138 -0.0004923522921750572
leaf_weight=0.9321648069890206 1.5658936887048174 1.3324018876301114 2.8637987608090043 4.9163837821688494 20.528140221489593 2.3641012770822263 60.451413762290031 1.7637282846262667
leaf_count=178 83 159 331 312 2075 215 8213 196
internal_value=-0.000209519 -0.000323134 0.00273366 -0.000492352 -0.000608818 -0.00108155 -0.00118651 -0.00110082
internal_weight=96.718 95.1521 4.1962 90.9559 86.0395 65.5114 63.1473 62.2151
internal_count=11762 11679 490 11189 10877 8802 8587 8409
is_linear=0
shrinkage=0.03


Tree=208
num_leaves=8
num_cat=0
split_feature=1 9 8 8 1 7 10
split_gain=0.126046 0.0647739 0.342245 0.0223152 0.026762 0.00672964 0.00627052
threshold=99.392200307532121 97.35087719298248 49.675324675324681 98.639392817475013 80.437440204103339 98.34699453551913 99.367088607594951
decision_type=2 2 2 2 2 2 2
left_child=1 3 -3 4 5 6 -1
right_child=-2 2 -4 -5 -6 -7 -8
leaf_value=-0.001359901678181845 0.006167249023817001 -0.00057833209502823374 0.006167249023817001 0.001225485337292754 -0.00057833209502823374 -0.00057833209502823374 -0.00057833209502823374
leaf_weight=61.146136499359272 1.7083176160231222 1.9041830432834093 2.345144547522068 4.9148323410190633 20.532035288517363 1.7663242548005644 2.3866573063423848
leaf_count=8391 83 246 244 312 2075 196 215
internal_value=-0.000218843 -0.000396734 0.00285275 -0.000578332 -0.000694546 -0.00119964 -0.00128234
internal_weight=96.7036 94.9953 4.24933 90.746 85.8312 65.2991 63.5328
internal_count=11762 11679 490 11189 10877 8802 8606
is_linear=0
shrinkage=0.03


Tree=209
num_leaves=10
num_cat=0
split_feature=1 9 7 2 1 1 9 7 7
split_gain=0.115798 0.03888 0.177684 0.159602 0.013066 0.00374161 0.00784015 0.0192608 0.00108172
threshold=99.392200307532121 97.35087719298248 49.61538461538462 58.632782593662803 0.4944564646057184 80.437440204103339 5.9882386689615617 38.832199546485271 98.34699453551913
decision_type=2 2 2 2 2 2 2 2 2
left_child=1 4 -3 -4 -1 6 7 -6 -8
right_child=-2 2 3 -5 5 -7 8 -9 -10
leaf_value=-0.0033311002890253501 0.0058930618337576131 -0.00054041750410266723 -0.00054041750410266723 0.0058930618337576131 -0.0033311002890253501 -0.00054041750410266723 -0.00069783202541434978 -0.00069783202541434978 -0.00054041750410266723
leaf_weight=0.54745071940123935 1.7079026564024378 1.3397288608830411 1.0345014669001105 1.9635338371153919 1.0220096175326023 21.354365585488267 65.019750839099288 0.93152550840750326 1.7437161455163721
leaf_count=52 83 223 145 122 250 2128 8420 145 194
internal_value=-0.000228828 -0.000399203 0.00209942 0.00589306 -0.000540418 -0.000540418 -0.000777502 -0.00234214 -0.000697832
internal_weight=96.6645 94.9566 4.33776 2.99804 90.6188 90.0714 68.717 1.95354 66.7635
internal_count=11762 11679 490 267 11189 11137 9009 395 8614
is_linear=0
shrinkage=0.03


Tree=210
num_leaves=9
num_cat=0
split_feature=1 8 8 1 8 7 1 1
split_gain=0.0765875 0.322205 0.0206501 0.0197948 0.0104614 0.00865624 0.0143263 0.000110041
threshold=98.614289143131472 50.92879256965945 4.0270270270270281 0.4944564646057184 98.639392817475013 5.0641025641025648 64.015723398756833 6.5138816134101623
decision_type=2 2 2 2 2 2 2 2
left_child=2 -2 -1 -4 5 6 -5 -7
right_child=1 -3 3 4 -6 7 -8 -9
leaf_value=-0.0032622005104716366 -7.9990508672908155e-05 0.010254723092064665 -0.0032622005104716366 -0.0032622005104716366 0.0012659067032039148 -0.0004108274218197953 -7.9990508672908155e-05 -7.9990508672908155e-05
leaf_weight=0.8359318581642573 1.2439070239197456 2.3921025467570871 0.52082144992891599 0.66785033897030988 4.952046690741553 5.8347112187184385 0.42241183016449213 80.68756311701145
leaf_count=230 98 81 46 165 310 665 89 10058
internal_value=0.000104967 0.00386928 -7.99905e-05 -7.99905e-05 -7.99905e-05 -7.99905e-05 -0.00202698 -7.99905e-05
internal_weight=97.5573 3.63601 93.9213 93.0854 92.5646 87.6125 1.09026 86.5223
internal_count=11742 179 11563 11333 11287 10977 254 10723
is_linear=0
shrinkage=0.03


Tree=211
num_leaves=7
num_cat=0
split_feature=1 8 8 1 9 8
split_gain=0.0984958 0.353187 0.0198488 0.014135 0.196515 0.0177986
threshold=98.614289143131472 50.92879256965945 4.0270270270270281 6.5138816134101623 31.612258494337112 98.639392817475013
decision_type=2 2 2 2 2 2
left_child=2 -2 -1 4 -4 -5
right_child=1 -3 3 5 -6 -7
leaf_value=-0.0032065574616571683 -8.3640067422704686e-05 0.010837481397983186 -0.0032065574616571683 -8.3640067422704686e-05 -8.3640067422704686e-05 0.0018453104266522539
leaf_weight=0.83242422400507976 1.2436386584304266 2.4452753865625709 1.9029387013288204 81.653766365139745 5.3251433063996956 4.1264896362554273
leaf_count=230 98 81 242 10303 495 293
internal_value=0.000127502 0.004371 -8.36401e-05 -8.36401e-05 -0.00134481 -8.36401e-05
internal_weight=97.5297 3.68891 93.8408 93.0083 7.22808 85.7803
internal_count=11742 179 11563 11333 737 10596
is_linear=0
shrinkage=0.03


Tree=212
num_leaves=7
num_cat=0
split_feature=1 8 8 1 9 8
split_gain=0.0844973 0.333793 0.0196496 0.0134163 0.194463 0.0147539
threshold=98.614289143131472 50.92879256965945 4.0270270270270281 6.5138816134101623 31.612258494337112 98.639392817475013
decision_type=2 2 2 2 2 2
left_child=2 -2 -1 4 -4 -5
right_child=1 -3 3 5 -6 -7
leaf_value=-0.0031784759782016595 -6.9502136642136218e-05 0.010418592614002548 -0.0031784759782016595 -6.9502136642136218e-05 -6.9502136642136218e-05 0.0017083344652355193
leaf_weight=0.83012082858476688 1.2457502549514168 2.4568548395764083 1.9010929046198715 81.628938392736018 5.3275001638103276 4.1296018136199555
leaf_count=230 98 81 242 10303 495 293
internal_value=0.000126465 0.00405081 -6.95021e-05 -6.95021e-05 -0.00129868 -6.95021e-05
internal_weight=97.5199 3.70261 93.8173 92.9871 7.22859 85.7585
internal_count=11742 179 11563 11333 737 10596
is_linear=0
shrinkage=0.03


Tree=213
num_leaves=7
num_cat=0
split_feature=1 8 8 1 9 8
split_gain=0.0992631 0.35547 0.0194472 0.0114456 0.191114 0.0144894
threshold=98.614289143131472 50.92879256965945 4.0270270270270281 6.5138816134101623 31.612258494337112 98.639392817475013
decision_type=2 2 2 2 2 2
left_child=2 -2 -1 4 -4 -5
right_child=1 -3 3 5 -6 -7
leaf_value=-0.0031831477364659333 -8.8309393313820733e-05 0.010788347229322731 -0.0031831477364659333 -8.8309393313820733e-05 -8.8309393313820733e-05 0.0016615218548676784
leaf_weight=0.82817608036566426 1.2442044455092394 2.4974275524728 1.8940348040778179 81.63774580496829 5.3262618250446394 4.1306129205040625
leaf_count=230 98 81 242 10303 495 293
internal_value=0.000124797 0.0043599 -8.83094e-05 -8.83094e-05 -0.00122708 -8.83094e-05
internal_weight=97.5585 3.74163 93.8168 92.9887 7.2203 85.7684
internal_count=11742 179 11563 11333 737 10596
is_linear=0
shrinkage=0.03


Tree=214
num_leaves=8
num_cat=0
split_feature=1 8 8 1 7 8 9
split_gain=0.0892505 0.341454 0.0192619 0.0106008 0.0077999 0.00536447 0.00499052
threshold=98.614289143131472 50.92879256965945 4.0270270270270281 0.4944564646057184 5.0641025641025648 98.639392817475013 51.266025641025642
decision_type=2 2 2 2 2 2 2
left_child=2 -2 -1 -4 -5 6 -6
right_child=1 -3 3 4 5 -7 -8
leaf_value=-0.0031575477964699431 -7.5595633292451016e-05 0.010527427971269229 -0.0026384203947783335 -0.0020357852700820874 -0.00041970504789806657 0.0010011794358971439 -7.5595633292451016e-05
leaf_weight=0.82571215333882619 1.2442872594110661 2.4837888749316335 0.50613285857252677 1.0870643038069818 42.376139574334957 4.947772334329783 44.077005163999274
leaf_count=230 98 81 46 254 5504 310 5219
internal_value=0.00012628 0.00414811 -7.55956e-05 -7.55956e-05 -7.55956e-05 -7.55956e-05 -7.55956e-05
internal_weight=97.5479 3.72808 93.8198 92.9941 92.488 91.4009 86.4531
internal_count=11742 179 11563 11333 11287 11033 10723
is_linear=0
shrinkage=0.03


Tree=215
num_leaves=13
num_cat=0
split_feature=8 7 11 1 2 7 11 9 5 9 1 9
split_gain=0.090497 0.0883354 0.0837284 0.130128 0.150394 0.512598 0.302881 0.391442 0.128885 0.0790462 0.0138387 0.00781563
threshold=16.271373414230563 15.59027777777778 6.750117352526992 99.757275833627915 78.820172643531677 58.397435897435905 80.324117492591071 62.57530120481929 87.454394492187973 98.742088607594951 34.300154232470405 82.315711094564421
decision_type=2 2 2 2 2 2 2 2 2 2 2 2
left_child=-1 -2 9 4 11 -6 8 -8 10 -3 -7 -4
right_child=1 2 3 -5 5 6 7 -9 -10 -11 -12 -13
leaf_value=-0.0026041378340223601 -0.0026041378340223601 -0.0026041378340223601 -0.00028908775481465728 0.009449572186568566 0.00010288810745276222 0.00010288810745276222 0.0023512658728444685 0.009449572186568566 0.0023512658728444685 0.00010288810745276222 0.0023512658728444685 0.00010288810745276222
leaf_weight=6.6514981016516677 3.6576407195534548 2.928271106793547 44.850165053387173 0.70819835038855572 12.364210530184211 1.6733763276133671 2.6016518310643724 3.8288034111028537 5.5703009925782681 0.7992763288784771 1.8719333407934753 9.6210780158871767
leaf_count=1497 705 511 5974 25 1227 240 88 71 99 73 124 1112
internal_value=0.000541053 0.000798221 0.00100706 0.00121628 0.00103302 0.00278197 0.00646084 0.00944957 0.00235127 -0.00260414 0.000102888 0.000102888
internal_weight=97.1264 90.4749 86.8173 83.0897 82.3815 27.9103 15.5461 6.43046 9.11561 3.72755 3.54531 54.4712
internal_count=11746 10249 9544 8960 8935 1849 622 159 463 584 364 7086
is_linear=0
shrinkage=0.03


Tree=216
num_leaves=14
num_cat=0
split_feature=8 11 4 1 2 7 11 5 1 11 11 10 2
split_gain=0.0646514 0.081068 0.101521 0.0844201 0.0707214 0.475807 0.216867 0.230938 0.114586 0.0426084 0.00956563 0.00843619 0.0114663
threshold=16.271373414230563 6.750117352526992 12.438417667758769 99.392200307532121 78.820172643531677 58.397435897435905 80.324117492591071 87.454394492187973 34.300154232470405 91.432169845268092 21.712244395171229 83.728626585769462 66.153097237434608
decision_type=2 2 2 2 2 2 2 2 2 2 2 2 2
left_child=11 -2 9 4 10 -6 7 8 -7 -3 -4 12 -1
right_child=1 2 3 -5 5 6 -8 -9 -10 -11 -12 -13 -14
leaf_value=-0.0045765223949876628 -0.0021341550931516873 -0.0021341550931516873 -0.00080763520887080912 0.0068878924836400313 0.00038228943711763089 0.00038228943711763089 0.0068878924836400313 0.0063404094675901437 0.0063404094675901437 0.00038228943711763089 0.00038228943711763089 -0.0021341550931516873 -0.0021341550931516873
leaf_weight=3.5298855789005747 3.9698103860719121 5.3366155946860081 5.1834086810704312 1.3557387222535897 13.077990681631492 1.6728102921042576 6.400749680469743 5.4694466087967157 1.8693085473496465 0.40351081802509714 45.703526152530685 0.85160073346924026 2.2188102750806138
leaf_count=847 625 1043 975 37 1350 239 158 98 123 60 5541 233 417
internal_value=0.000536387 0.000752484 0.00096375 0.00124884 0.00106803 0.00223834 0.00606477 0.00185351 0.000382289 -0.00213416 0.000382289 -0.00213416 -0.00347577
internal_weight=97.0432 90.4429 86.4731 80.733 79.3772 28.4903 15.4123 9.01157 3.54212 5.74013 50.8869 6.6003 5.7487
internal_count=11746 10249 9624 8521 8484 1968 618 460 362 1103 6516 1497 1264
is_linear=0
shrinkage=0.03


Tree=217
num_leaves=13
num_cat=0
split_feature=8 11 9 1 3 1 9 10 10 7 2 2
split_gain=0.0544199 0.0771823 0.208053 0.214772 0.336471 0.104014 0.0374904 0.0295833 0.0240439 0.0187583 0.0129961 0.0101749
threshold=16.271373414230563 21.712244395171229 92.356377799415796 21.573176834538923 85.888279745147443 6.8839839623687604 98.742088607594951 77.58148035333538 83.728626585769462 21.010186757215624 66.153097237434608 31.046500892472462
decision_type=2 2 2 2 2 2 2 2 2 2 2 2
left_child=8 6 5 -4 -5 -3 7 -2 10 11 -1 -7
right_child=1 2 3 4 -6 9 -8 -9 -10 -11 -12 -13
leaf_value=-0.0043959437137167977 -0.0019251770126828026 -0.0012878003613978066 0.00063321927674159467 0.00063321927674159467 0.016160088474629512 -0.0012878003613978066 0.00063321927674159467 -0.0012878003613978066 -0.0012878003613978066 0.00063321927674159467 -0.0019251770126828026 0.00054483963452935872
leaf_weight=3.5101406197063616 8.9405438090907356 5.3736215225653714 1.9086849386803795 1.3517421011347326 1.9092465485446153 1.0858642924576991 1.2421375063713647 3.4221933924127361 0.84914931189268816 62.296554649597965 2.2139297112589702 2.8503474598983303
leaf_count=847 1532 539 94 220 35 218 150 429 233 6519 417 513
internal_value=0.00053097 0.000728713 0.00109801 0.00638978 0.0102997 0.000633219 -0.0012878 -0.00192518 -0.00192518 0.000633219 -0.00326831 -0.0012878
internal_weight=96.9542 90.3809 76.7761 5.16967 3.26099 71.6064 13.6049 12.3627 6.57322 66.2328 5.72407 3.93621
internal_count=11746 10249 8138 349 255 7789 2111 1961 1497 7250 1264 731
is_linear=0
shrinkage=0.03


Tree=218
num_leaves=11
num_cat=0
split_feature=8 11 9 1 3 10 2 10 10 2
split_gain=0.0485536 0.0635707 0.187952 0.202921 0.314892 0.0957768 0.065531 0.0384635 0.0100453 0.0127691
threshold=16.271373414230563 21.712244395171229 92.356377799415796 21.573176834538923 85.888279745147443 77.58148035333538 73.471996753246771 50.316455696202539 83.728626585769462 67.773323968223238
decision_type=2 2 2 2 2 2 2 2 2 2
left_child=8 5 7 -4 -5 -2 -7 -3 9 -1
right_child=1 2 3 4 -6 6 -8 -9 -10 -11
leaf_value=-0.0041470682225787578 -0.0017309731227868269 -0.00036786845262630876 0.00067524117445284543 0.00067524117445284543 0.015708371543965857 -0.0017309731227868269 0.00067524117445284543 0.00067524117445284543 -0.0017309731227868269 -0.0017309731227868269
leaf_weight=3.5439763559261328 9.8590963429305649 31.233966563944705 1.9064976763911534 1.3519621770828965 1.8839797298423944 1.9990361861418944 1.7050448544323442 40.290833301143721 0.84770386561285693 2.1524701901944354
leaf_count=863 1629 4137 94 220 35 377 105 3652 233 401
internal_value=0.000597398 0.000783391 0.00111775 0.00616061 0.00999476 -0.0010536 0.000675241 0.000675241 -0.00173097 -0.00307169
internal_weight=96.7746 90.2304 76.6672 5.14244 3.23594 13.5632 3.70408 71.5248 6.54415 5.69645
internal_count=11746 10249 8138 349 255 2111 482 7789 1497 1264
is_linear=0
shrinkage=0.03


Tree=219
num_leaves=12
num_cat=0
split_feature=8 7 9 11 2 7 10 9 11 10 2
split_gain=0.0414688 0.0713931 0.0701028 0.562244 0.939723 0.236479 0.0720458 0.0582269 0.101086 0.0104399 0.0131454
threshold=16.271373414230563 15.59027777777778 79.679679679679694 79.645365010992961 51.489283074648938 82.683658170914555 50.316455696202539 59.234892787524366 29.975120529276705 83.728626585769462 67.773323968223238
decision_type=2 2 2 2 2 2 2 2 2 2 2
left_child=9 -2 6 -4 -5 -6 7 -3 -9 10 -1
right_child=1 2 3 4 5 -7 -8 8 -10 -11 -12
leaf_value=-0.0039601292835588385 -0.0015593783298205963 -0.0015593783298205963 0.0004931268534217845 0.0004931268534217845 0.0036616781732529235 0.020293533096231373 0.0004931268534217845 -0.0015593783298205963 0.0004931268534217845 -0.0015593783298205963 -0.0015593783298205963
leaf_weight=3.526693102088756 3.6526992085855445 16.540663559222597 13.721775565063583 1.4705267045646895 1.5825126506388185 3.140273280441761 39.568871228955686 1.2081517900805909 9.391800666227935 0.84634047315921623 2.1178972414927557
leaf_count=863 705 2773 1762 111 104 51 3707 199 837 233 401
internal_value=0.00060283 0.000773674 0.000976577 0.00249498 0.00955025 0.0163342 0.000493127 -0.00102767 0.000493127 -0.00155938 -0.00289355
internal_weight=96.7682 90.2773 86.6246 19.9151 6.19331 4.72279 66.7095 27.1406 10.6 6.49093 5.64459
internal_count=11746 10249 9544 2028 266 155 7516 3809 1036 1497 1264
is_linear=0
shrinkage=0.03


Tree=220
num_leaves=6
num_cat=0
split_feature=1 1 2 11 9
split_gain=0.0139122 0.0131627 0.00468899 0.00333016 0.0313598
threshold=99.757275833627915 0.4944564646057184 1.2739866531640314 6.750117352526992 98.742088607594951
decision_type=2 2 2 2 2
left_child=1 -1 -3 4 -4
right_child=-2 2 3 -5 -6
leaf_value=-0.0035951029265449547 0.0017973788897092994 -0.0025419571951430958 -0.0025419571951430958 -0.00062223451575231287 -0.00062223451575231287
leaf_weight=0.51439854560885478 1.0317073962651182 0.37257837259676208 3.3805131686385712 89.969745632610284 0.89308077818714071
leaf_count=49 42 92 642 10837 125
internal_value=-0.000715851 -0.000761521 -0.000708678 -0.000674817 -0.00145391
internal_weight=96.162 95.1303 94.6159 94.2433 4.27359
internal_count=11787 11745 11696 11604 767
is_linear=0
shrinkage=0.03


Tree=221
num_leaves=7
num_cat=0
split_feature=1 1 9 2 2 4
split_gain=0.0132502 0.0116278 0.00399839 0.0717647 0.000607079 0.000462509
threshold=0.4944564646057184 99.757275833627915 97.35087719298248 67.407766362990245 1.5483504331264977 5.3021175611537066
decision_type=2 2 2 2 2 2
left_child=-1 2 4 -4 -2 -6
right_child=1 -3 3 -5 5 -7
leaf_value=-0.0035444911285625593 -0.0015895658906294381 0.0016401034437632139 -0.00074181213138381356 0.0016401034437632139 -0.0012733018719066872 -0.00074181213138381356
leaf_weight=0.51466226612683286 0.52591749012935807 1.0314449934521679 1.8992916794959445 2.2894154898822308 2.5829541053390122 87.321366353076883
leaf_count=49 134 42 305 184 515 10558
internal_value=-0.000709907 -0.000658139 -0.000700083 0.000170152 -0.000741812 -0.000741812
internal_weight=96.1651 95.6504 94.6189 4.18871 90.4302 89.9043
internal_count=11787 11738 11696 489 11207 11073
is_linear=0
shrinkage=0.03


Tree=222
num_leaves=5
num_cat=0
split_feature=1 1 2 4
split_gain=0.0135845 0.012484 0.000516426 0.000130047
threshold=0.4944564646057184 99.757275833627915 1.5483504331264977 5.3021175611537066
decision_type=2 2 2 2
left_child=-1 2 -2 -4
right_child=1 -3 3 -5
leaf_value=-0.0035664564226745039 -0.0014577472685794839 0.0017276863445709501 -0.001045920740491538 -0.00064895335963376891
leaf_weight=0.51486867491621424 0.54002336435951193 1.0338524536928151 2.7164987964788443 91.336249633692205
leaf_count=49 137 42 546 11013
internal_value=-0.000699422 -0.000647236 -0.000690994 -0.000671302
internal_weight=96.1415 95.6266 94.5928 94.0527
internal_count=11787 11738 11696 11559
is_linear=0
shrinkage=0.03


Tree=223
num_leaves=9
num_cat=0
split_feature=9 7 2 4 11 2 4 11
split_gain=0.0034175 0.0286191 0.048853 0.0255727 0.0156637 0.0092717 0.00944443 0.000811613
threshold=96.214473369954632 49.61538461538462 67.407766362990245 92.140224640224645 6.750117352526992 4.2893217893217903 24.760760073260077 36.428616000771513
decision_type=2 2 2 2 2 2 2 2
left_child=4 -2 7 -4 -1 6 -6 -3
right_child=1 2 3 -5 5 -7 -8 -9
leaf_value=-0.0025662598859481135 -0.00073095981546052906 -0.00073095981546052906 0.00041992096896654904 0.0066152147914856187 -0.0025662598859481135 -0.00073095981546052906 -0.00073095981546052906 0.00041992096896654904
leaf_weight=3.343892609816975 1.5721096324268717 0.82106618047691904 1.1285305181518195 0.76600845577195276 1.257101566181517 85.98739819356706 0.47889211250003416 0.82486749114468694
leaf_count=614 278 139 103 18 303 10157 123 52
internal_value=-0.000689011 5.55321e-05 0.0018426 0.00434485 -0.00073096 -0.00073096 -0.00256626 -0.00073096
internal_weight=96.1799 5.11258 3.54047 1.89454 91.0673 87.7234 1.73599 1.64593
internal_count=11787 590 312 121 11197 10583 426 191
is_linear=0
shrinkage=0.03


Tree=224
num_leaves=6
num_cat=0
split_feature=1 1 11 2 2
split_gain=0.0130903 0.00454121 0.00375965 0.00993207 0.00275408
threshold=99.757275833627915 0.4944564646057184 6.750117352526992 93.367055649664366 1.5483504331264977
decision_type=2 2 2 2 2
left_child=1 -1 3 -3 -4
right_child=-2 2 4 -5 -6
leaf_value=-0.0024772185676990733 0.0017445906546758969 -0.0023424223686736786 -0.0020119577257751656 -0.00064544182128843794 -0.00061565833015975559
leaf_weight=0.4879749792162319 1.0340737065998826 3.6707221688702694 0.50730902422219415 0.64156133658252645 89.828961728373542
leaf_count=49 42 727 128 47 10794
internal_value=-0.000691388 -0.000735737 -0.000700953 -0.00152343 -0.000645442
internal_weight=96.1706 95.1365 94.6486 4.31228 90.3363
internal_count=11787 11745 11696 774 10922
is_linear=0
shrinkage=0.03


Tree=225
num_leaves=10
num_cat=0
split_feature=10 1 2 2 9 9 10 1 11
split_gain=0.100504 0.21075 0.227436 0.222019 0.0564651 0.0525392 0.0640483 0.0596263 0.00362088
threshold=77.58148035333538 89.796089159769608 35.171966255678136 94.249411686901723 52.440476190476197 79.679679679679694 50.316455696202539 36.707371556217431 31.348632337771669
decision_type=2 2 2 2 2 2 2 2 2
left_child=5 3 -3 4 -2 6 8 -8 -1
right_child=1 2 -4 -5 -6 -7 7 -9 -10
leaf_value=-0.0028369290855655123 -0.0003072680421402555 0.00055499207052678182 0.01135600010926632 0.0059783535575149548 0.00055499207052678182 0.00055499207052678182 -0.0018272705747865014 -0.0003072680421402555 -0.0018272705747865014
leaf_weight=5.4720803552772912 11.591372631490243 1.664395595784298 2.7677780846133828 4.5312806897563851 7.9273011737968764 19.666319700656459 6.049513241043317 12.217668151832184 25.027078962652013
leaf_count=1203 1040 184 114 153 1056 2053 859 1440 3686
internal_value=0.000319441 0.00178456 0.00712605 0.000554992 -0.000307268 -0.000307268 -0.00085697 -0.000307268 -0.00182727
internal_weight=96.9148 28.4821 4.43217 24.05 19.5187 68.4327 48.7663 18.2672 30.4992
internal_count=11788 2547 298 2249 2096 9241 7188 2299 4889
is_linear=0
shrinkage=0.03


Tree=226
num_leaves=10
num_cat=0
split_feature=10 1 2 2 4 1 9 11 11
split_gain=0.0770479 0.222553 0.226639 0.190157 0.0463436 0.0246729 0.0685254 0.116526 0.0194146
threshold=77.58148035333538 89.796089159769608 35.171966255678136 94.249411686901723 43.424488790342458 37.067807416009209 96.329966329966339 88.650848278587191 42.18189832500736
decision_type=2 2 2 2 2 2 2 2 2
left_child=5 3 4 -2 -3 6 7 8 -1
right_child=1 2 -4 -5 -6 -7 -8 -9 -10
leaf_value=-0.00487945023575319 -0.00019695372916275574 -0.00019695372916275574 0.011301030440245961 0.0054880170446851648 0.005227395872121704 -0.00019695372916275574 -0.00019695372916275574 -0.00019695372916275574 -0.0023309667445875781
leaf_weight=5.8649971666745939 19.469417497282858 1.0904981496278181 2.7815653819125146 4.5529178716242305 0.57293452182784688 43.468157670344226 1.7049621804617334 6.0290928485337636 11.266084947041234
leaf_count=1095 2096 149 114 153 35 5845 158 449 1694
internal_value=0.00035327 0.00163589 0.00711409 0.000378432 0.000378432 -0.000196954 -0.00112432 -0.00206108 -0.00342446
internal_weight=96.8006 28.4673 4.445 24.0223 1.66343 68.3333 24.8651 23.1602 17.1311
internal_count=11788 2547 298 2249 184 9241 3396 3238 2789
is_linear=0
shrinkage=0.03


Tree=227
num_leaves=8
num_cat=0
split_feature=9 4 10 7 4 11 10
split_gain=0.0706726 0.0949374 0.0340156 0.0365859 0.0203117 0.0201766 0.0100697
threshold=97.35087719298248 76.942090825967696 50.316455696202539 95.69842738205368 97.882975412387196 98.694481371646745 54.226190476190482
decision_type=2 2 2 2 2 2 2
left_child=2 6 3 5 -4 -1 -2
right_child=1 -3 4 -5 -6 -7 -8
leaf_value=-0.0013122678392172703 0.00018012393045707559 0.0069392493853055771 0.00018012393045707559 0.00018012393045707559 0.0028365371857190873 0.00018012393045707559 0.0032548793967009972
leaf_weight=35.726115499041043 1.2308676289394482 2.3433439242653549 48.030175432446413 2.2272019205847746 4.8415505646262309 1.7295622280798841 0.59824909293092798
leaf_count=5839 249 122 5083 192 117 80 106
internal_value=0.000372836 0.00378635 0.000180124 -0.000687805 0.000180124 -0.00110596 0.000180124
internal_weight=96.7271 4.17246 92.5546 39.6829 52.8717 37.4557 1.82912
internal_count=11788 477 11311 6111 5200 5919 355
is_linear=0
shrinkage=0.03


Tree=228
num_leaves=10
num_cat=0
split_feature=9 4 11 1 2 4 7 7 7
split_gain=0.067144 0.0915799 0.0204339 0.0184089 0.104949 0.0904874 0.0577972 0.00165805 0.00820375
threshold=97.35087719298248 76.942090825967696 1.6646872525732386 28.745445049792881 72.391789957590092 97.882975412387196 97.402159244264524 24.4671201814059 8.421985815602838
decision_type=2 2 2 2 2 2 2 2 2
left_child=2 -2 -1 4 6 -5 -4 8 -6
right_child=1 -3 3 5 7 -7 -8 -9 -10
leaf_value=-0.0031127101279054365 0.00018374494153633827 0.0067963017218500097 -0.0031127101279054365 0.00018374494153633827 -0.0027293645129791082 0.0049501255796978467 0.00018374494153633827 0.00018374494153633827 0.00018374494153633827
leaf_weight=0.69549680419731785 1.829697249806485 2.3475620984099805 7.1410430676769492 60.720545370597392 0.45539715513587253 3.0950336561072609 0.35257862182334054 18.888643702375703 1.1683094030013306
leaf_count=160 355 122 1325 7879 87 82 37 1522 219
internal_value=0.000371833 0.00369746 0.000183745 0.000183745 -0.000579936 0.000183745 -0.00311271 0.000183745 -0.00118754
internal_weight=96.6943 4.17726 92.517 91.8216 28.006 63.8156 7.49362 20.5124 1.62371
internal_count=11788 477 11311 11151 3190 7961 1362 1828 306
is_linear=0
shrinkage=0.03


Tree=229
num_leaves=8
num_cat=0
split_feature=10 11 2 4 9 7 7
split_gain=0.0533542 0.13376 0.087351 0.38516 0.0345811 0.062289 0.052524
threshold=77.58148035333538 98.694481371646745 94.249411686901723 91.716991245309998 96.065531475748216 95.69842738205368 49.61538461538462
decision_type=2 2 2 2 2 2 2
left_child=1 4 -2 -4 5 -1 -6
right_child=2 -3 3 -5 6 -7 -8
leaf_value=-0.0010754300372231615 0.0014484948140052558 0.0014484948140052558 0.0014484948140052558 0.011983376161228064 -0.0010754300372231615 0.0014484948140052558 0.0014484948140052558
leaf_weight=57.870724059524946 23.937295773765079 3.1938546639867118 1.6840547082247201 2.869540136307478 1.2323910158593196 2.2697518684435627 3.6199310373049229
leaf_count=8446 2394 125 97 56 242 195 233
internal_value=0.000382287 -7.77104e-05 0.00144849 0.0052608 -0.000624673 -0.000828013 0.00144849
internal_weight=96.6775 68.1867 28.4909 4.55359 64.9928 60.1405 4.85232
internal_count=11788 9241 2547 153 9116 8641 475
is_linear=0
shrinkage=0.03


Tree=230
num_leaves=9
num_cat=0
split_feature=11 1 2 7 2 1 7 7
split_gain=0.0552005 0.0319023 0.159809 0.179493 0.00930546 0.00572198 0.0139229 0.00711514
threshold=99.765256922441125 5.3021175611537066 94.249411686901723 76.393188854489182 98.535386035386054 80.437440204103339 95.603864734299535 15.075757575757578
decision_type=2 2 2 2 2 2 2 2
left_child=1 2 3 -1 5 -3 7 -7
right_child=-2 4 -4 -5 -6 6 -8 -9
leaf_value=-0.010359537447194244 0.0051403835114223889 -5.6866206523813883e-06 -5.6866206523813883e-06 -5.6866206523813883e-06 0.0019982388679720591 -5.6866206523813883e-06 0.0019982388679720591 0.00058323533390833738
leaf_weight=2.1372163328342135 0.80294543225318094 64.68708057096228 3.0739635010249913 0.71715802047401656 1.0855410748627026 1.6053529189666793 1.3356262908782799 20.442049086792395
leaf_count=361 29 8748 200 55 44 236 100 2010
internal_value=-6.11705e-05 -0.000158137 -0.00211909 -0.00673949 -5.68662e-06 -5.68662e-06 0.000462528 0.000206029
internal_weight=95.8869 95.084 5.92834 2.85437 89.1556 88.0701 23.383 22.0474
internal_count=11783 11754 616 416 11138 11094 2346 2246
is_linear=0
shrinkage=0.03


Tree=231
num_leaves=9
num_cat=0
split_feature=7 1 2 2 1 8 2 1
split_gain=0.0308867 0.023097 0.0831461 0.0120406 0.0106524 0.0466683 0.0330328 0.00415157
threshold=15.075757575757578 5.3021175611537066 94.249411686901723 98.394695170229625 80.437440204103339 29.459980713596917 9.6778713190950203 10.074638412169902
decision_type=2 2 2 2 2 2 2 2
left_child=7 2 -2 4 -3 -6 -7 -1
right_child=1 3 -4 -5 5 6 -8 -9
leaf_value=-0.0037368659625889194 -0.0020536703607481354 0.00020818800701363199 0.00020818800701363199 0.002487761760439678 0.00020818800701363199 0.00020818800701363199 0.0023614359113913424 -0.0012833366378766807
leaf_weight=0.54293530969880421 2.7002932878676793 61.50351355841849 3.1421346860006452 1.0937041316647071 2.8181255550589439 2.389177322387698 16.630273087648675 5.0372954602353275
leaf_count=110 379 7916 190 45 457 394 1262 1030
internal_value=-6.91626e-05 7.46595e-05 -0.00160349 0.000208188 0.000208188 0.000867411 0.00181938 -0.00205367
internal_weight=95.8575 90.2772 5.84243 84.4348 83.3411 21.8376 19.0195 5.58023
internal_count=11783 10643 569 10074 10029 2113 1656 1140
is_linear=0
shrinkage=0.03


Tree=232
num_leaves=9
num_cat=0
split_feature=11 1 2 7 2 1 7 7
split_gain=0.0518526 0.0220431 0.136872 0.168035 0.00784259 0.00463962 0.0149564 0.00607245
threshold=99.765256922441125 5.3021175611537066 94.249411686901723 76.393188854489182 98.535386035386054 80.437440204103339 95.603864734299535 15.075757575757578
decision_type=2 2 2 2 2 2 2 2
left_child=1 2 3 -1 5 -3 7 -7
right_child=-2 4 -4 -5 -6 6 -8 -9
leaf_value=-0.0098235638380511463 0.0049422593068746325 -5.8112329484195476e-05 -5.8112329484195476e-05 -5.8112329484195476e-05 0.0017813683336179178 -5.8112329484195476e-05 0.0017813683336179178 0.00046990178334509755
leaf_weight=2.1019398219650607 0.80887493561021884 64.654611630248837 3.0739358600694686 0.71637559426017094 1.086983912391587 1.6052425263915271 1.3412658725865174 20.532671856111847
leaf_count=361 29 8748 200 55 44 236 100 2010
internal_value=-9.12657e-05 -0.000185049 -0.00181982 -0.00621153 -5.81123e-05 -5.81123e-05 0.000362921 9.39058e-05
internal_weight=95.9219 95.113 5.89225 2.81832 89.2208 88.1338 23.4792 22.1379
internal_count=11783 11754 616 416 11138 11094 2346 2246
is_linear=0
shrinkage=0.03


Tree=233
num_leaves=11
num_cat=0
split_feature=11 7 1 2 10 1 1 1 2 2
split_gain=0.0291886 0.0189999 0.0206377 0.0194916 0.0328712 0.0472932 0.0143421 0.00970348 0.0438684 0.000774039
threshold=99.765256922441125 15.075757575757578 80.437440204103339 9.6778713190950203 35.80586080586081 88.628341452150309 85.098581973581986 5.3021175611537066 94.249411686901723 14.87960682098784
decision_type=2 2 2 2 2 2 2 2 2 2
left_child=1 -1 7 -4 5 -5 -6 8 -3 -9
right_child=-2 2 3 4 6 -7 -8 9 -10 -11
leaf_value=-0.0017564233678691 0.0036432421738959546 -0.0017564233678691 -0.0003222386104691052 -0.0003222386104691052 -5.4183201289129922e-05 0.0018315506999853103 0.0022678016559469698 -0.00093714147231094443 -0.0003222386104691052 -0.0003222386104691052
leaf_weight=5.3970207356614983 0.83550919336266716 2.630524742184206 2.8230157992802587 1.6949673157651002 2.8965182671090561 2.814728920115158 11.644662018166853 3.7919762827223158 3.0210395995527506 58.313206549733877
leaf_count=1135 29 375 494 190 306 219 901 847 188 7099
internal_value=-0.00010611 -0.000176671 -6.32176e-05 0.000718139 0.00113201 -0.000322239 0.00183155 -0.000322239 -0.00147487 -0.000322239
internal_weight=95.8632 95.0277 89.6306 21.8739 19.0509 4.5097 14.5412 67.7567 5.65156 62.1052
internal_count=11783 11754 10619 2110 1616 409 1207 8509 563 7946
is_linear=0
shrinkage=0.03


Tree=234
num_leaves=8
num_cat=0
split_feature=11 7 1 2 2 1 2
split_gain=0.0254394 0.0147159 0.0133349 0.0479392 0.0119979 0.0113347 0.00257015
threshold=99.765256922441125 15.075757575757578 5.3021175611537066 94.249411686901723 98.394695170229625 99.392200307532121 1.2739866531640314
decision_type=2 2 2 2 2 2 2
left_child=1 -1 3 -3 5 6 -4
right_child=-2 2 4 -5 -6 -7 -8
leaf_value=-0.0015473811830267221 0.0034107869395061841 -0.0015473811830267221 -0.0015473811830267221 4.6558365631722758e-05 0.0023168745235574305 0.002094192676029151 4.6558365631722758e-05
leaf_weight=5.3786955932155243 0.83578422386199136 2.623101969016715 0.33710711961612005 3.0167751903645694 1.0953765287995327 1.4991757533280168 81.03840824146755
leaf_count=1135 29 375 84 188 45 83 9844
internal_value=-8.8963e-05 -0.000154969 -5.52366e-05 -0.00134958 4.65584e-05 4.65584e-05 4.65584e-05
internal_weight=95.8244 94.9886 89.6099 5.63988 83.9701 82.8747 81.3755
internal_count=11783 11754 10619 563 10056 10011 9928
is_linear=0
shrinkage=0.03


Tree=235
num_leaves=9
num_cat=0
split_feature=1 1 2 7 7 7 2 2
split_gain=0.0952762 0.0225383 0.115466 0.224877 0.0838798 0.0104075 0.00168091 8.28497e-05
threshold=99.392200307532121 6.5138816134101623 94.249411686901723 89.897959183673478 62.034482758620697 3.9607843137254908 98.549595206221724 1.5483504331264977
decision_type=2 2 2 2 2 2 2 2
left_child=1 2 3 -1 -4 -3 7 -7
right_child=-2 5 4 -5 -6 6 -8 -9
leaf_value=-0.0092139379588940824 0.0055908066428085011 -0.0024681023791925895 -0.00704081023272331 -7.694041261454311e-05 -7.694041261454311e-05 -7.694041261454311e-05 0.00084971532521781732 -3.7140381503799648e-05
leaf_weight=2.9349831441650163 1.6108539047418151 0.6087515113176768 1.0547402484808119 0.59240535739809264 2.5468060219427571 0.47097055148333211 0.9051609467715015 85.907170213293284
leaf_count=481 79 149 159 43 63 129 39 10616
internal_value=-6.45163e-05 -0.000217615 -0.00172916 -0.00535484 -7.69404e-05 -7.69404e-05 -3.24957e-05 -5.13592e-05
internal_weight=96.6318 95.021 7.12893 3.52739 3.60155 87.8921 87.2833 86.3781
internal_count=11758 11679 746 524 222 10933 10784 10745
is_linear=0
shrinkage=0.03


Tree=236
num_leaves=10
num_cat=0
split_feature=1 1 2 7 7 10 2 7 7
split_gain=0.0907036 0.0124372 0.0935946 0.20009 0.0764124 0.039245 0.0362518 0.0381279 0.00688189
threshold=99.392200307532121 6.5138816134101623 94.249411686901723 89.897959183673478 62.034482758620697 95.932156646442365 19.437857656855023 26.393188854489168 3.9607843137254908
decision_type=2 2 2 2 2 2 2 2 2
left_child=1 2 3 -1 -4 8 -7 -8 -3
right_child=-2 5 4 -5 -6 6 7 -9 -10
leaf_value=-0.0085441379413636765 0.0054611817349299379 -0.0024417272940504349 -0.0069149579844368586 -0.00011097333451791849 -0.00011097333451791849 -0.00011097333451791849 -0.00011097333451791849 0.0044372517863418143 -0.00011097333451791849
leaf_weight=2.8893157920101653 1.6017811482306559 0.60772557510062952 1.0494916499592366 0.59095476509537537 2.5478049505036324 0.48819120437838037 0.65692077134735871 3.9452487028902397 82.237843324779533
leaf_count=481 79 149 159 43 63 104 59 335 10286
internal_value=-6.66771e-05 -0.000215777 -0.00134298 -0.00475216 -0.000110973 -0.000110973 0.00229764 0.00337229 -0.000110973
internal_weight=96.6153 95.0135 7.07757 3.48027 3.5973 87.9359 5.09036 4.60217 82.8456
internal_count=11758 11679 746 524 222 10933 498 394 10435
is_linear=0
shrinkage=0.03


Tree=237
num_leaves=6
num_cat=0
split_feature=1 7 10 10 1
split_gain=0.0850057 0.0117921 0.00964955 0.00640144 0.102184
threshold=99.392200307532121 3.9607843137254908 40.138888888888893 97.937925170068027 85.508967606458057
decision_type=2 2 2 2 2
left_child=1 2 -1 -3 -5
right_child=-2 3 -4 4 -6
leaf_value=-0.0039246872060795879 0.005286496712449803 -0.00016358442829887202 -0.00016358442829887202 -0.00016358442829887202 0.005286496712449803
leaf_weight=0.38191721204202522 1.6020938322180871 89.883893470047042 0.23853453085757792 3.7434561920817933 0.78965124674141396
leaf_count=89 79 11128 64 323 75
internal_value=-6.46095e-05 -0.000208923 -0.00274964 -0.000163584 0.000859194
internal_weight=96.6395 95.0375 0.620452 94.417 4.53311
internal_count=11758 11679 153 11526 398
is_linear=0
shrinkage=0.03


Tree=238
num_leaves=6
num_cat=0
split_feature=1 7 10 10 1
split_gain=0.0847409 0.00936913 0.00848965 0.00493685 0.0954171
threshold=99.392200307532121 3.9607843137254908 40.138888888888893 97.937925170068027 85.508967606458057
decision_type=2 2 2 2 2
left_child=1 2 -1 -3 -5
right_child=-2 3 -4 4 -6
leaf_value=-0.0036163238729202134 0.0052666210070299417 -0.00017433092936882291 -0.00017433092936882291 -0.00017433092936882291 0.0052666210070299417
leaf_weight=0.37519920279737462 1.6072453050874163 89.877586635644548 0.23852461436763406 3.7443856045138082 0.7926524004433303
leaf_count=89 79 11128 64 323 75
internal_value=-7.08104e-05 -0.000214988 -0.00248572 -0.000174331 0.00072452
internal_weight=96.6356 95.0283 0.613724 94.4146 4.53704
internal_count=11758 11679 153 11526 398
is_linear=0
shrinkage=0.03


Tree=239
num_leaves=7
num_cat=0
split_feature=1 7 1 2 2 2
split_gain=0.0811917 0.00893113 0.00269493 0.0526208 0.00191503 0.000846031
threshold=99.392200307532121 3.9607843137254908 6.5138816134101623 94.249411686901723 98.549595206221724 1.5483504331264977
decision_type=2 2 2 2 2 2
left_child=1 -1 3 -3 5 -4
right_child=-2 2 4 -5 -6 -7
leaf_value=-0.0024264994253522095 0.0051502297728233219 -0.0024264994253522095 -0.00085990855203564446 -0.00011871429651762286 0.00083641886076192399 -0.00011871429651762286
leaf_weight=0.61150136822834511 1.6145866394508619 3.3872930532088494 0.47179934405721624 3.5855982031207532 0.9046976447571059 86.053581342450343
leaf_count=153 79 521 129 221 39 10616
internal_value=-6.66492e-05 -0.000208017 -0.000168363 -0.000697915 -0.000118714 -0.000118714
internal_weight=96.6291 95.0145 94.403 6.97289 87.4301 86.5254
internal_count=11758 11679 11526 742 10784 10745
is_linear=0
shrinkage=0.03


Tree=240
num_leaves=7
num_cat=0
split_feature=1 1 7 11 2 11
split_gain=0.0632265 0.0248153 0.017127 0.0491189 0.0717556 0.00984042
threshold=99.392200307532121 0.4944564646057184 16.271373414230563 98.694481371646745 67.773323968223238 25.666873649758738
decision_type=2 2 2 2 2 2
left_child=1 -1 5 -4 -5 -3
right_child=-2 2 3 4 -6 -7
leaf_value=-0.0040587670955478028 0.004323551431252788 -0.0031825332154706374 -0.00016469540451228331 -0.00016469540451228331 0.004323551431252788 -0.00055195103498062957
leaf_weight=0.45668284397106518 1.9018383109942067 1.3577374084852625 83.710580625920556 1.1097542617935681 2.4978563426993787 4.0185719274450094
leaf_count=51 88 307 10255 78 65 877
internal_value=-3.84684e-05 -0.000172502 -0.00011024 -6.26486e-07 0.0030159 -0.00161121
internal_weight=95.053 93.1512 92.6945 87.3182 3.60761 5.37631
internal_count=11721 11633 11582 10398 143 1184
is_linear=0
shrinkage=0.03


Tree=241
num_leaves=8
num_cat=0
split_feature=7 9 11 4 11 2 2
split_gain=0.0433254 0.120462 0.318348 0.0180507 0.0213108 0.0120455 0.00034366
threshold=16.271373414230563 94.757454995190344 75.216869119330923 5.3021175611537066 99.765256922441125 4.2893217893217903 9.6778713190950203
decision_type=2 2 2 2 2 2 2
left_child=-1 3 -3 -2 5 -5 -7
right_child=1 2 -4 4 -6 6 -8
leaf_value=-0.0023775695562058058 -0.002351418006521503 -0.00019112462714640087 0.010525384427526709 -0.002351418006521503 0.0030141512727820201 -0.00071032495205075889 -0.00019112462714640087
leaf_weight=5.6251398371532551 2.4888933844631529 3.971350581618025 2.5236313648056239 1.25499872653745 0.94178944919258256 2.4780874566640696 75.769053989206441
leaf_count=1203 501 477 61 320 28 421 8710
internal_value=-3.61482e-05 0.000135794 0.00377869 -0.000191125 -0.000191125 -0.000191125 -0.000191125
internal_weight=95.0529 89.4278 6.49498 82.9328 80.4439 79.5021 78.2471
internal_count=11721 10518 538 9980 9479 9451 9131
is_linear=0
shrinkage=0.03


Tree=242
num_leaves=10
num_cat=0
split_feature=1 1 7 4 2 8 8 8 2
split_gain=0.061913 0.024593 0.0150378 0.00266554 0.00468392 0.00429986 0.00196384 0.000520988 0.000335441
threshold=99.392200307532121 0.4944564646057184 16.271373414230563 5.3021175611537066 4.2893217893217903 60.136986301369866 16.271373414230563 64.747307373653697 31.867219435154222
decision_type=2 2 2 2 2 2 2 2 2
left_child=1 -1 -3 8 5 -5 -6 -8 -4
right_child=-2 2 3 4 6 -7 7 -9 -10
leaf_value=-0.0040183518712264242 0.0042988361574524117 -0.0014959911903813876 -0.0010219405531192661 -0.00079148259126510679 -0.00048053733072232042 8.7824497027060749e-05 8.7824497027060749e-05 0.00020035533730001115 -0.00048053733072232042
leaf_weight=0.45624734286684443 1.9030808079987753 5.359394453233107 1.9869014824507751 0.75035308336373308 4.1803724942728868 0.55651916179340333 34.540060753235593 44.670175802195445 0.55753048218321044
leaf_count=51 88 1184 405 195 921 135 5397 3250 95
internal_value=-1.6353e-05 -0.000149367 -8.75778e-05 1.49158e-05 4.80943e-05 -0.000791483 8.78245e-05 0.000123437 -0.000791483
internal_weight=94.9606 93.0576 92.6013 87.2419 84.6975 1.30687 83.3906 79.2102 2.54443
internal_count=11721 11633 11582 10398 9898 330 9568 8647 500
is_linear=0
shrinkage=0.03


Tree=243
num_leaves=9
num_cat=0
split_feature=1 1 7 11 2 8 2 11
split_gain=0.0583149 0.0247701 0.0107425 0.0444398 0.0675285 0.00839055 0.0103 0.00177052
threshold=99.392200307532121 0.4944564646057184 16.271373414230563 98.694481371646745 67.773323968223238 16.271373414230563 19.437857656855023 25.666873649758738
decision_type=2 2 2 2 2 2 2 2
left_child=1 -1 7 5 -5 6 -4 -3
right_child=-2 2 3 4 -6 -7 -8 -9
leaf_value=-0.0040236877541590908 0.0041672709245300851 -0.0024529399749220215 -0.001274665550954528 -0.00014988903586049621 0.0041672709245300851 -0.00014988903586049621 -0.00014988903586049621 -0.001274665550954528
leaf_weight=0.45715525536797841 1.9136555239092548 1.3180645467946295 0.80901257309596886 1.1022152653895312 2.4989431358408183 79.571274272748269 3.2781454551732168 4.0006698191864416
leaf_count=51 88 307 204 78 65 9255 796 877
internal_value=-1.27674e-05 -0.000142149 -8.01882e-05 6.23607e-06 0.00287748 -0.000149889 -0.00127467 -0.00127467
internal_weight=94.9491 93.0355 92.5783 87.2596 3.60116 83.6584 4.08716 5.31873
internal_count=11721 11633 11582 10398 143 10255 1000 1184
is_linear=0
shrinkage=0.03


Tree=244
num_leaves=10
num_cat=0
split_feature=1 1 7 9 11 4 11 11 11
split_gain=0.049462 0.0245829 0.00972186 0.0370024 0.116404 0.0113417 0.0208622 0.00179458 0.000447672
threshold=99.392200307532121 0.4944564646057184 16.271373414230563 94.757454995190344 75.216869119330923 5.3021175611537066 98.94736113130979 25.666873649758738 4.7562492930663955
decision_type=2 2 2 2 2 2 2 2 2
left_child=1 -1 7 5 -5 -4 8 -3 -7
right_child=-2 2 3 4 -6 6 -8 -9 -10
leaf_value=-0.0040329489118142185 0.0037733489184875002 -0.0024111486137493648 -0.0012426946504785774 -0.00020338282488913023 0.0037733489184875002 -0.00065453678056354766 0.0020149858982718219 -0.0012426946504785774 -0.00020883374001021127
leaf_weight=0.4585522310808291 1.9565889204386611 1.3141062674112607 2.3074482858646652 3.9568541100015855 2.2170740070287138 1.3512796482536931 2.9360078328754744 3.995710507966578 74.444551520864479
leaf_count=51 88 307 469 475 59 301 109 877 8985
internal_value=-4.7877e-05 -0.00016758 -0.000105506 -2.29674e-05 0.00204342 -0.000203383 -0.000203383 -0.00124269 -0.000225199
internal_weight=94.9382 92.9816 92.523 87.2132 6.17393 81.0393 78.7318 5.30982 75.7958
internal_count=11721 11633 11582 10398 534 9864 9395 1184 9286
is_linear=0
shrinkage=0.03


Tree=245
num_leaves=15
num_cat=0
split_feature=11 1 8 7 1 1 2 1 8 2 7 11 2 2
split_gain=0.0195229 0.0609735 0.213457 0.172402 0.0880742 0.0285341 0.0180611 0.00982611 0.00748774 0.0033291 0.00307232 0.00803602 0.00254863 0.000685514
threshold=21.712244395171229 80.049290986791007 50.92879256965945 88.548009367681502 98.282206002794254 85.508967606458057 74.762751071992781 5.3021175611537066 76.028169014084526 10.325000942578141 12.26279985678482 13.493019697838976 98.593028831744903 7.8261218542392141
decision_type=2 2 2 2 2 2 2 2 2 2 2 2 2 2
left_child=10 7 -3 4 5 -4 9 -2 12 -7 11 -1 13 -9
right_child=1 2 3 -5 -6 6 -8 8 -10 -11 -12 -13 -14 -15
leaf_value=-0.0028015837126604886 -0.00034712973244874646 0.00032772475415800698 0.00032772475415800698 0.012646288584978843 0.0076058511103646092 0.00032772475415800698 0.0052399607806992311 -0.00034712973244874646 0.00032772475415800698 0.0015452365784510654 -0.00034712973244874646 -0.00034712973244874646 0.00032772475415800698 -0.00014380984118682444
leaf_weight=0.69952096440827627 5.048732260358519 8.9147398931672814 1.8367211499717067 1.3313392349518824 1.6818201525602487 0.55010897445026774 0.74090849119238544 0.98540323961060394 20.187937006703578 4.2841311912052333 14.206943665398283 0.32801040331833065 0.47957691294141014 34.878744017682038
leaf_count=160 471 997 188 59 56 112 21 254 1566 307 2301 75 23 5152
internal_value=0.000619833 0.000803893 0.00222942 0.00515086 0.00290934 0.00106617 0.00247707 0.000327725 0.000327725 0.00122806 -0.00034713 -0.00154011 -0.000136762 -0.000204901
internal_weight=96.1546 80.9202 19.3398 10.425 9.09369 7.41187 5.57515 61.5804 56.5317 4.83424 15.2345 1.02753 36.3437 35.8641
internal_count=11742 9206 1740 743 684 628 440 7466 6995 419 2536 235 5429 5406
is_linear=0
shrinkage=0.03


Tree=246
num_leaves=7
num_cat=0
split_feature=9 7 11 11 2 2
split_gain=0.0538602 0.0740406 0.0401674 0.0192068 0.0501981 0.0197307
threshold=96.065531475748216 45.049019607843142 51.014753817121296 21.712244395171229 72.391789957590092 4.2893217893217903
decision_type=2 2 2 2 2 2
left_child=3 -2 -3 4 -1 -5
right_child=1 2 -4 5 -6 -7
leaf_value=-0.0022832721891411435 0.00040652015286264144 0.0013497234632144713 0.0070627453849883793 -0.0022832721891411435 0.00040652015286264144 0.00040652015286264144
leaf_weight=7.6793458217289281 1.6811045482754696 2.4916344038210809 2.4528519939631224 1.4684407046297554 5.4049623586470261 74.940412394586019
leaf_count=1651 294 252 88 361 576 8520
internal_value=0.000617645 0.00304207 0.00489518 0.00040652 -0.000706613 0.00040652
internal_weight=96.1188 6.62559 4.94449 89.4932 13.0843 76.4089
internal_count=11742 634 340 11108 2227 8881
is_linear=0
shrinkage=0.03


Tree=247
num_leaves=8
num_cat=0
split_feature=9 8 1 8 11 2 2
split_gain=0.043276 0.284811 0.0581759 0.0265256 0.0197644 0.0410632 0.014761
threshold=96.065531475748216 93.377192982456151 0.4944564646057184 59.197099892588618 21.712244395171229 72.391789957590092 4.2893217893217903
decision_type=2 2 2 2 2 2 2
left_child=2 3 -1 -2 5 -4 -6
right_child=1 -3 4 -5 6 -7 -8
leaf_value=-0.0057380216972139526 0.00044026052957949602 0.012280936254650541 -0.0021059835565405182 0.0035231598265289699 -0.0021059835565405182 0.00044026052957949602 0.00044026052957949602
leaf_weight=0.37674996873829414 3.0296100531704715 1.1340010082349179 7.6150922266533581 2.4785774392075837 1.4655944585101668 5.3594296486116946 74.629929955117404
leaf_count=47 429 13 1650 192 361 564 8486
internal_value=0.000630782 0.0028031 0.000440261 0.000440261 0.000440261 -0.000716649 0.000440261
internal_weight=96.089 6.64219 89.4468 5.50819 89.07 12.9745 76.0955
internal_count=11742 634 11108 621 11061 2214 8847
is_linear=0
shrinkage=0.03


Tree=248
num_leaves=8
num_cat=0
split_feature=9 8 1 8 11 2 2
split_gain=0.0589361 0.335005 0.0476658 0.0294519 0.0187281 0.0385415 0.0150131
threshold=96.065531475748216 93.377192982456151 0.4944564646057184 59.197099892588618 21.712244395171229 72.391789957590092 4.2893217893217903
decision_type=2 2 2 2 2 2 2
left_child=2 3 -1 -2 5 -4 -6
right_child=1 -3 4 -5 6 -7 -8
leaf_value=-0.0052179200311756168 0.00038683861143954513 0.013201811724400454 -0.0020819660286040716 0.0035440093058155663 -0.0020819660286040716 0.00038683861143954513 0.00038683861143954513
leaf_weight=0.37040024623274703 3.0316078524338073 1.1898459205403922 7.602657843846826 2.4938340231310576 1.4636668364983041 5.3540931645547971 74.555983164696954
leaf_count=47 429 13 1650 192 361 564 8486
internal_value=0.00060871 0.00312795 0.000386839 0.000386839 0.000386839 -0.000736 0.000386839
internal_weight=96.0621 6.71529 89.3468 5.52544 88.9764 12.9568 76.0197
internal_count=11742 634 11108 621 11061 2214 8847
is_linear=0
shrinkage=0.03


Tree=249
num_leaves=8
num_cat=0
split_feature=1 9 11 11 2 2 7
split_gain=0.0544157 0.051743 0.0733224 0.0222058 0.039541 0.0192945 0.0125426
threshold=0.4944564646057184 96.065531475748216 76.658757780039267 21.712244395171229 72.391789957590092 4.2893217893217903 45.049019607843142
decision_type=2 2 2 2 2 2 2
left_child=-1 3 6 4 -2 -5 -3
right_child=1 2 -4 5 -6 -7 -8
leaf_value=-0.0053411994409586772 -0.0020778566509091086 0.00047781623559193208 0.0061778349343569426 -0.0020778566509091086 0.00047781623559193208 0.00047781623559193208 0.0022201703153170342
leaf_weight=0.37677139311563124 7.5782803817419317 1.1937760065775354 2.6096618098672479 1.4607415101490904 5.3548546410165727 74.573542071739212 2.8917501119431108
leaf_count=48 1650 238 94 361 564 8486 301
internal_value=0.000609375 0.000687825 0.00305373 0.000477816 -0.000726656 0.000477816 0.000477816
internal_weight=96.0394 95.6626 6.69519 88.9674 12.9331 76.0343 4.08553
internal_count=11742 11694 633 11061 2214 8847 539
is_linear=0
shrinkage=0.03


Tree=250
num_leaves=12
num_cat=0
split_feature=8 9 4 8 3 7 7 2 7 7 7
split_gain=0.0525474 0.0643756 0.0960783 0.20781 0.307574 0.0189344 0.0110829 0.00531096 0.0103968 0.0054429 0.00405261
threshold=16.271373414230563 6.6228070175438605 93.270346243084077 88.029850746268679 97.146250424160186 40.161290322580648 51.538825757575765 64.443378720629923 59.838709677419367 8.2650273224043733 15.954545454545455
decision_type=2 2 2 2 2 2 2 2 2 2 2
left_child=7 5 10 4 -4 -2 -7 -1 9 -9 -3
right_child=1 2 3 -5 -6 6 -8 8 -10 -11 -12
leaf_value=-0.0025461296465954125 -0.0013997058238622998 -0.00016454952495586187 0.00088051639836357533 0.0075014187209753291 0.0075014187209753291 -0.0013997058238622998 0.00088051639836357533 -0.0025461296465954125 0.00088051639836357533 -0.0013997058238622998 0.00088051639836357533
leaf_weight=4.1275203051045528 1.4221270553534844 3.0494504841044536 8.4730239009950328 5.8373124503996214 3.3964390892069778 0.82197345956228651 0.36244872387032956 0.40884941152762655 0.91453999048098911 1.0268582513090221 66.396266731899232
leaf_count=976 176 623 494 89 86 128 51 74 138 289 8622
internal_value=0.00105634 0.00124706 0.00140956 0.00332649 0.000880516 -0.00139971 0.000880516 -0.00139971 -0.00139971 -0.00139971 0.000880516
internal_weight=96.2368 89.759 87.1525 17.7068 11.8695 2.60655 1.18442 6.47777 2.35025 1.43571 69.4457
internal_count=11746 10269 9914 669 580 355 179 1477 501 363 9245
is_linear=0
shrinkage=0.03


Tree=251
num_leaves=7
num_cat=0
split_feature=9 7 7 11 7 8
split_gain=0.046844 0.103304 0.0196451 0.0147201 0.0144248 0.00564223
threshold=5.9882386689615617 52.041666666666679 3.9607843137254908 99.243378368063517 8.0322580645161299 56.550343249427918
decision_type=2 2 2 2 2 2
left_child=1 -1 -2 4 -4 -6
right_child=2 -3 3 -5 5 -7
leaf_value=-0.0049293899757902968 -0.002334913943286116 0.0011769996763057692 -0.0013374992576133237 0.0030252813506137476 0.0011769996763057692 0.001523120378285663
leaf_weight=2.7408414169913153 0.53057686833199014 0.34833382244687516 1.3161991942906741 3.3387821938376865 34.890983951278031 52.962805766728707
leaf_count=469 131 47 311 94 6312 4382
internal_value=0.00104925 -0.00214511 0.001177 0.0012219 0.001177 0.001177
internal_weight=96.1285 3.08918 93.0393 92.5088 89.17 87.8538
internal_count=11746 516 11230 11099 11005 10694
is_linear=0
shrinkage=0.03


Tree=252
num_leaves=11
num_cat=0
split_feature=8 9 11 9 8 2 2 8 9 2
split_gain=0.0441441 0.0538919 0.0508274 0.181527 0.206802 0.064246 0.053206 0.050284 0.0118578 0.00576785
threshold=16.271373414230563 6.6228070175438605 21.712244395171229 92.356377799415796 59.197099892588618 97.246627118219834 32.448939334162851 66.450216450216459 98.742088607594951 64.443378720629923
decision_type=2 2 2 2 2 2 2 2 2 2
left_child=9 -2 5 6 -5 8 -4 -8 -3 -1
right_child=1 2 3 4 -6 -7 7 -9 -10 -11
leaf_value=-0.0023701838613558331 -0.0012251581748701111 -0.0012251581748701111 -0.00057772408783176394 0.0011937988103484134 0.010064648346888973 0.0011937988103484134 0.0011937988103484134 0.0026174638059313455 0.0011937988103484134 -0.0012251581748701111
leaf_weight=4.1042340329149729 2.5892264946596688 11.230415294063265 14.712539235362781 1.5255622931290407 3.6807954399846494 0.54200277640484351 25.964768587378785 28.360973077826202 1.0213201306760318 2.3446487647015601
leaf_count=976 355 1896 2376 198 139 35 3263 1854 153 501
internal_value=0.00103485 0.00120918 0.00135714 0.00165484 0.00659106 -0.000365184 0.0011938 0.0011938 -0.00122516 -0.00122516
internal_weight=96.0765 89.6276 87.0384 74.2446 5.20636 12.7937 69.0383 54.3257 12.2517 6.44888
internal_count=11746 10269 9914 7830 337 2084 7493 5117 2049 1477
is_linear=0
shrinkage=0.03


Tree=253
num_leaves=12
num_cat=0
split_feature=8 9 11 7 7 7 9 0 2 7 7
split_gain=0.044577 0.0509845 0.0439451 0.0262179 0.0100993 0.0100416 0.0363711 0.0566528 0.00584301 0.0116564 0.00634929
threshold=16.271373414230563 6.6228070175438605 98.94736113130979 40.161290322580648 51.538825757575765 21.010186757215624 96.214473369954632 92.632786100719599 64.443378720629923 59.838709677419367 8.2650273224043733
decision_type=2 2 2 2 2 2 2 2 2 2 2
left_child=8 3 5 -2 -5 -3 -7 -8 -1 10 -10
right_child=1 2 -4 4 -6 6 7 -9 9 -11 -12
leaf_value=-0.0024099201994881099 -0.0012516508047038103 -0.00013092952722237403 0.0041651590498662239 -0.0012516508047038103 0.0011595537049926695 0.0011595537049926695 0.0011595537049926695 0.0041651590498662239 -0.0024099201994881099 0.0011595537049926695 -0.0012516508047038103
leaf_weight=4.087507046875543 1.3971366130281233 4.9168078097281969 3.8365129632875314 0.81506796693429329 0.36322872526943684 75.423274140805006 2.1316660693846639 0.79990501375868905 0.40739072847645763 0.91606909490656097 1.0207105966983361
leaf_count=976 176 978 113 128 51 8543 264 16 74 138 289
internal_value=0.00102102 0.00119601 0.0013377 -0.00125165 0.00115955 0.00115955 0.00124116 0.00412643 -0.00125165 -0.00125165 -0.00125165
internal_weight=96.1153 89.6836 87.1082 2.57543 1.1783 83.2717 78.3548 2.93157 6.43168 2.34417 1.4281
internal_count=11746 10269 9914 355 179 9801 8823 280 1477 501 363
is_linear=0
shrinkage=0.03


Tree=254
num_leaves=11
num_cat=0
split_feature=8 9 7 9 0 7 7 7 2 2
split_gain=0.0258231 0.0423312 0.0161852 0.0385075 0.133605 0.0118807 0.00988594 0.00725259 0.00691057 0.0031238
threshold=16.271373414230563 6.6228070175438605 15.59027777777778 95.079883805374024 95.642178910544743 40.161290322580648 5.6349206349206353 51.538825757575765 88.360777974109325 25.450938368860058
decision_type=2 2 2 2 2 2 2 2 2 2
left_child=6 5 8 -4 -5 -2 -1 -7 -3 -8
right_child=1 2 3 4 -6 7 9 -9 -10 -11
leaf_value=-0.0032572200642991128 -0.0007397264442278018 -0.0007397264442278018 0.0011693540955962979 0.0011693540955962979 0.009619148282923682 -0.0007397264442278018 -0.0023766600662123846 0.0011693540955962979 0.0011693540955962979 -0.0007397264442278018
leaf_weight=0.49019813886843522 1.3976417377125465 2.7667993367649628 78.611318116192706 3.9642414241097859 1.2544873869046567 0.81409731204621472 1.3481867070076985 0.36316119914408773 0.53135394467972208 4.5282045674975961
leaf_count=101 176 552 8889 369 18 128 354 51 86 1022
internal_value=0.00101597 0.00114736 0.00128602 0.00136756 0.00368505 -0.000739726 -0.000739726 0.00116935 -0.000622542 -0.000739726
internal_weight=96.0697 89.7031 87.1282 83.83 5.21873 2.5749 6.36659 1.17726 3.29815 5.87639
internal_count=11746 10269 9914 9276 387 355 1477 179 638 1376
is_linear=0
shrinkage=0.03


Tree=255
num_leaves=4
num_cat=0
split_feature=9 1 1
split_gain=0.0947759 0.121356 0.0252374
threshold=97.35087719298248 6.1150582482381717 37.067807416009209
decision_type=2 2 2
left_child=2 -2 -1
right_child=1 -3 -4
leaf_value=-0.001973971203989996 -0.0013472520654940398 0.0050601543599796267 -0.00092086566161649801
leaf_weight=35.294283692957833 0.42973931389860709 3.9362884764559567 55.506431853282265
leaf_count=4206 29 460 7088
internal_value=-0.00113069 0.00278491 -0.00134725
internal_weight=95.1667 4.36603 90.8007
internal_count=11783 489 11294
is_linear=0
shrinkage=0.03


Tree=256
num_leaves=4
num_cat=0
split_feature=9 1 1
split_gain=0.0624061 0.101744 0.0188351
threshold=97.35087719298248 6.1150582482381717 37.067807416009209
decision_type=2 2 2
left_child=2 -2 -1
right_child=1 -3 -4
leaf_value=-0.0018242986730623424 -0.0012788090798098208 0.0042649688009780747 -0.00090684337511149726
leaf_weight=35.189004364074208 0.43134193541481991 4.0101241482188925 55.509334288304672
leaf_count=4206 29 460 7088
internal_value=-0.00110296 0.00206314 -0.00127881
internal_weight=95.1398 4.44147 90.6983
internal_count=11783 489 11294
is_linear=0
shrinkage=0.03


Tree=257
num_leaves=2
num_cat=0
split_feature=9
split_gain=0.0496754
threshold=97.35087719298248
decision_type=2
left_child=-1
right_child=-2
leaf_value=-0.0012658895941491599 0.0017129253161580933
leaf_weight=90.625211509177461 4.485491582658141
leaf_count=11294 489
internal_value=-0.00110905
internal_weight=95.1107
internal_count=11783
is_linear=0
shrinkage=0.03


Tree=258
num_leaves=2
num_cat=0
split_feature=9
split_gain=0.0897023
threshold=97.35087719298248
decision_type=2
left_child=-1
right_child=-2
leaf_value=-0.0013156199979337639 0.002623659324005898
leaf_weight=90.497912037768401 4.6029280882794401
leaf_count=11294 489
internal_value=-0.00109964
internal_weight=95.1008
internal_count=11783
is_linear=0
shrinkage=0.03


Tree=259
num_leaves=2
num_cat=0
split_feature=9
split_gain=0.110257
threshold=97.35087719298248
decision_type=2
left_child=-1
right_child=-2
leaf_value=-0.0013424678038347585 0.0029953321533102008
leaf_weight=90.436314942548051 4.6681866979924953
leaf_count=11294 489
internal_value=-0.0011006
internal_weight=95.1045
internal_count=11783
is_linear=0
shrinkage=0.03


Tree=260
num_leaves=9
num_cat=0
split_feature=1 9 9 2 1 11 2 11
split_gain=0.119031 0.107406 0.0224912 0.161899 0.0316575 0.0954778 0.00617601 0.00352858
threshold=6.5138816134101623 31.612258494337112 97.35087719298248 68.045203588681872 36.707371556217431 85.26942981399246 94.137682673381661 7.0921430289873726
decision_type=2 2 2 2 2 2 2 2
left_child=1 -1 4 -4 5 -2 -3 -6
right_child=2 6 3 -5 7 -7 -8 -9
leaf_value=-0.0085938236438749573 -0.0010339911952464572 -0.0024139665159230292 -6.5921591940170526e-05 0.0073051849610935426 -0.0010339911952464572 -6.5921591940170526e-05 -0.0010339911952464572 -6.5921591940170526e-05
leaf_weight=1.7573796068318177 19.471779275918383 2.480249410495162 2.1794538898393503 2.0778413019143045 2.4939097987953565 8.1919191309716535 2.7604503985494375 52.639435645309277
leaf_count=248 2821 349 308 149 444 559 162 6670
internal_value=-0.000267058 -0.00376956 5.41118e-05 0.00195706 -6.59216e-05 -0.00103399 -0.00103399 -6.59216e-05
internal_weight=94.0524 6.99808 87.0543 4.2573 82.797 27.6637 5.2407 55.1333
internal_count=11710 759 10951 457 10494 3380 511 7114
is_linear=0
shrinkage=0.03


Tree=261
num_leaves=11
num_cat=0
split_feature=1 7 1 8 11 2 7 8 2 11
split_gain=0.0912801 0.0341744 0.0487671 0.0480239 0.0474665 0.0387952 0.0231894 0.0626729 0.0192437 0.0167848
threshold=6.5138816134101623 15.954545454545455 99.757275833627915 16.271373414230563 98.694481371646745 65.903880386440434 99.230769230769241 40.129870129870135 9.6778713190950203 25.666873649758738
decision_type=2 2 2 2 2 2 2 2 2 2
left_child=-1 9 3 5 6 -3 8 -8 -5 -2
right_child=1 2 -4 4 -6 -7 7 -9 -10 -11
leaf_value=-0.003366389615948115 -0.003366389615948115 -0.0021103185588801699 0.0050175306525644192 -0.0018313554970246213 0.0036163457642625469 7.5505298115171834e-05 7.5505298115171834e-05 0.0036163457642625469 7.5505298115171834e-05 -0.0021103185588801699
leaf_weight=6.9504615345504126 1.4374838249059383 3.0263369226595378 0.81641912250779469 4.0367941420990965 2.5746476068161419 1.2559733795933423 1.1135618964908638 1.2637196308933196 67.515135511755943 4.017892545205541
leaf_count=759 293 716 39 879 93 257 126 98 7639 811
internal_value=-0.000289326 -8.22266e-06 0.000156155 4.62779e-05 0.000239791 -0.00211032 7.55053e-05 0.00256174 7.55053e-05 -0.00211032
internal_weight=94.0084 87.058 81.6026 80.7862 76.5039 4.28231 73.9292 2.37728 71.5519 5.45538
internal_count=11710 10951 9847 9808 8835 973 8742 224 8518 1104
is_linear=0
shrinkage=0.03


Tree=262
num_leaves=8
num_cat=0
split_feature=1 9 2 9 8 2 2
split_gain=0.0694569 0.0721596 0.0154016 0.0117403 0.137715 0.0124904 0.00922051
threshold=6.5138816134101623 31.612258494337112 94.137682673381661 97.35087719298248 49.675324675324681 59.430780933062891 9.6778713190950203
decision_type=2 2 2 2 2 2 2
left_child=1 -1 -3 6 -5 -6 -2
right_child=3 2 -4 4 5 -7 -8
leaf_value=-0.006961562274956464 -0.0012344463544009486 -0.0022347333118031727 -1.6263099478924372e-05 -1.6263099478924372e-05 0.0012723447275571906 0.0073585164013904572 -1.6263099478924372e-05
leaf_weight=1.6933399197878305 5.0422793965553856 2.466057981713675 2.7134814439341426 1.7936920897336666 0.90131658501923118 1.6218404432293025 77.716118703014217
leaf_count=248 1072 349 162 238 124 95 9422
internal_value=-0.000260431 -0.0029589 -0.000735524 -1.62631e-05 0.00139348 0.00616265 -1.62631e-05
internal_weight=93.9481 6.87288 5.17954 87.0752 4.31685 2.52316 82.7584
internal_count=11710 759 511 10951 457 219 10494
is_linear=0
shrinkage=0.03


Tree=263
num_leaves=13
num_cat=0
split_feature=1 7 1 8 11 2 1 11 7 2 7 11
split_gain=0.0534018 0.0279721 0.0467782 0.0435479 0.0714467 0.0297384 0.0651907 0.225683 0.0248795 0.0169705 0.0155017 0.00289857
threshold=6.5138816134101623 15.954545454545455 99.757275833627915 11.803405572755418 98.694481371646745 9.6778713190950203 85.508967606458057 31.348632337771669 21.294035577258459 94.249411686901723 66.927083333333343 81.273055809126063
decision_type=2 2 2 2 2 2 2 2 2 2 2 2
left_child=9 -2 3 -3 5 10 8 -8 -7 -1 -5 -10
right_child=1 2 -4 4 -6 6 7 -9 11 -11 -12 -13
leaf_value=-0.0042178413095821229 -0.0019126294190326268 -0.0019126294190326268 0.0049089856305137378 -0.0019126294190326268 0.004294359074589589 -0.0019126294190326268 -0.00029164933791119891 0.004294359074589589 -0.00029164933791119891 -0.0019126294190326268 -0.00029164933791119891 0.00020280219524414323
leaf_weight=3.2411649848800144 5.4187935205409294 3.2121169032761818 0.81304557039402325 2.8581767879659301 2.6709985567722461 1.3927161934552703 3.4532903447980052 10.505096797016447 39.249591932166368 3.5920865598600358 1.3561107715358955 16.112640586681664
leaf_count=524 1104 731 39 639 99 287 369 652 5549 235 284 1198
internal_value=-0.000218553 -4.98158e-06 0.000143278 3.59118e-05 0.000208024 7.71501e-06 0.000167914 0.00193108 -0.000291649 -0.00259111 -0.00191263 -0.000291649
internal_weight=93.8758 87.0426 81.6238 80.8107 77.5986 74.9276 70.7133 13.9584 56.7549 6.83325 4.21429 55.3622
internal_count=11710 10951 9847 9808 9077 8978 8055 1021 7034 759 923 6747
is_linear=0
shrinkage=0.03


Tree=264
num_leaves=11
num_cat=0
split_feature=1 9 7 1 9 2 1 11 2 11
split_gain=0.0563325 0.0510556 0.0183524 0.0497391 0.0486649 0.155532 0.0263202 0.0614288 0.00899629 0.00149858
threshold=6.5138816134101623 31.612258494337112 15.954545454545455 99.757275833627915 97.35087719298248 58.632782593662803 36.707371556217431 88.054077070470512 94.137682673381661 10.102964366643258
decision_type=2 2 2 2 2 2 2 2 2 2
left_child=1 -1 -2 4 6 -6 7 -4 -3 -8
right_child=2 8 3 -5 5 -7 9 -9 -10 -11
leaf_value=-0.0061166429532059962 -0.00078912226304552174 -0.0023839488387105974 -0.00078912226304552174 0.0050200315684912388 -0.00016539402239052181 0.0050200315684912388 -0.00078912226304552174 -0.00016539402239052181 -0.00078912226304552174 -0.00016539402239052181
leaf_weight=1.6382877061841998 5.4091910291463128 2.4281392049742863 19.468650356167931 0.81995530379935999 1.4025609036907547 1.8999043270014224 2.8732130909338585 6.8483392060734323 2.7179805022897199 48.320236966013908
leaf_count=248 1104 349 2663 39 175 118 575 419 162 5858
internal_value=-0.00025102 -0.0026961 -3.19833e-05 0.000115426 4.9106e-06 0.00311145 -0.000165394 -0.000789122 -0.000789122 -0.000165394
internal_weight=93.8265 6.78441 87.0421 81.6329 80.8129 3.30247 77.5104 26.317 5.14612 51.1935
internal_count=11710 759 10951 9847 9808 293 9515 3082 511 6433
is_linear=0
shrinkage=0.03


Tree=265
num_leaves=8
num_cat=0
split_feature=4 11 7 11 8 7 2
split_gain=0.0381574 0.0193065 0.0228596 0.00205592 0.0126081 0.0035484 0.00145363
threshold=10.074638412169902 66.587577800392452 90.550595238095255 23.038595184909411 25.176056338028172 95.603864734299535 8.1222983115050891
decision_type=2 2 2 2 2 2 2
left_child=1 2 -1 -2 -5 6 -6
right_child=3 -3 -4 4 5 -7 -8
leaf_value=-0.004061066413807041 -4.5461035170028853e-05 -4.5461035170028853e-05 -4.5461035170028853e-05 -4.5461035170028853e-05 -4.5461035170028853e-05 0.0011899080026542242 0.00036386588480745457
leaf_weight=3.6383941103704265 14.875948126544243 1.2815475601237265 0.45848211948759843 7.2078753545647478 2.1087097378913304 3.8836823753081253 60.203188843792304
leaf_count=847 2333 231 88 1596 386 254 5970
internal_value=-0.000207886 -0.00244877 -0.003307 -4.5461e-05 0.000112326 0.000397785 0.0003304
internal_weight=93.6578 5.37842 4.09688 88.2794 73.4035 66.1956 62.3119
internal_count=11705 1166 935 10539 8206 6610 6356
is_linear=0
shrinkage=0.03


Tree=266
num_leaves=15
num_cat=0
split_feature=4 1 11 11 1 8 1 7 2 2 7 1 2 11
split_gain=0.0347984 0.0396169 0.0440744 0.0102877 0.0674962 0.0509566 0.0562298 0.278898 0.0423286 0.00472341 0.00400429 0.0191691 0.00290253 0.00054221
threshold=10.074638412169902 53.799438863245548 66.587577800392452 23.038595184909411 6.8839839623687604 16.271373414230563 80.049290986791007 93.38797814207652 37.132594417077186 8.1222983115050891 27.823315118397087 24.760760073260077 4.2893217893217903 62.435836689568042
decision_type=2 2 2 2 2 2 2 2 2 2 2 2 2 2
left_child=1 2 -1 -2 -5 -6 8 9 -7 12 -10 -12 -8 -3
right_child=3 13 -4 4 5 6 7 -9 10 -11 11 -13 -14 -15
leaf_value=-0.0078654273084983167 -0.00058249369177067894 -0.0010300300852620096 -0.00058249369177067894 -0.00058249369177067894 -0.00058249369177067894 -0.00058249369177067894 -0.00058249369177067894 0.012105619890478942 -7.0398937074335688e-05 0.00096300246974153258 -7.0398937074335688e-05 0.00096300246974153258 0.00080587897579059958 -0.00058249369177067894
leaf_weight=0.79868095670826633 14.872180208447388 3.1304725540103391 0.19990420062094927 5.6688850432401514 4.0364338271319857 8.7361079243710247 0.35864295344799468 1.3072305847890664 3.6421037361724293 13.443172559607772 12.630954809137618 22.895332437474281 0.71401873766444623 1.2263121413998304
leaf_count=199 2333 696 52 601 880 1620 84 62 628 938 1088 2224 81 219
internal_value=-0.000185685 -0.00232979 -0.00584733 -3.10211e-05 0.000120243 0.000610357 0.00090928 0.00240351 0.000376676 0.000805879 0.000805879 0.000954337 -0.000582494 -0.000582494
internal_weight=93.6604 5.35537 0.998585 88.3051 73.4329 67.764 63.7276 15.8231 47.9045 14.5158 39.1684 35.5263 1.07266 4.35678
internal_count=11705 1166 251 10539 8206 7605 6725 1165 5560 1103 3940 3312 165 915
is_linear=0
shrinkage=0.03


Tree=267
num_leaves=15
num_cat=0
split_feature=4 1 11 11 1 1 2 7 1 2 1 2 2 1
split_gain=0.0299113 0.0349769 0.0412625 0.00865743 0.0628144 0.0376581 0.0129133 0.00718833 0.00299511 0.0121256 0.0210376 0.00254092 0.000679794 0.00142677
threshold=10.074638412169902 53.799438863245548 66.587577800392452 23.038595184909411 6.8839839623687604 99.757275833627915 8.1222983115050891 5.6349206349206353 80.049290986791007 36.823593073593081 76.546004249060317 74.094202898550733 98.535386035386054 36.707371556217431
decision_type=2 2 2 2 2 2 2 2 2 2 2 2 2 2
left_child=1 2 -1 -2 -5 6 -6 11 9 10 -9 -8 13 -11
right_child=3 -3 -4 4 5 -7 7 8 -10 12 -12 -13 -14 -15
leaf_value=-0.0074749167120560737 -0.00053177255732951968 -0.00053177255732951968 -0.00053177255732951968 -0.00053177255732951968 -0.00053177255732951968 0.005384326676229529 -0.00053177255732951968 -0.00053177255732951968 0.001006426012850185 0.00071107429643529278 0.00071107429643529278 0.00071107429643529278 0.001006426012850185 0.001006426012850185
leaf_weight=0.78699767380021413 14.855840396834536 4.3531772693386301 0.19981675921007991 5.6709905790630719 2.3875982610043129 0.45532605517655511 0.58311005833092977 7.5202837166143564 15.235087562003171 21.595016380422749 0.48669458855874825 0.21736638038419187 0.55178639572113652 18.726544079137966
leaf_count=199 2333 915 52 601 470 11 131 1413 1089 2227 97 52 29 2086
internal_value=-0.000177172 -0.00216759 -0.00548408 -3.38521e-05 0.000105325 0.00059325 0.000482482 0.00058473 0.000636816 0.000503749 -0.000516036 -0.000531773 0.000711074 0.000711074
internal_weight=93.6256 5.33999 0.986814 88.2856 73.4298 67.7588 67.3035 64.9159 64.1154 48.8803 8.00698 0.800476 40.8733 40.3216
internal_count=11705 1166 251 10539 8206 7605 7594 7124 6941 5852 1510 183 4342 4313
is_linear=0
shrinkage=0.03


Tree=268
num_leaves=7
num_cat=0
split_feature=1 11 2 2 2 2
split_gain=0.00572986 0.0509555 0.012357 0.0116392 0.00716124 0.00277061
threshold=6.8839839623687604 23.038595184909411 93.812925891867692 4.2893217893217903 96.886832073399248 98.535386035386054
decision_type=2 2 2 2 2 2
left_child=4 2 -2 -3 -1 -5
right_child=1 3 -4 5 -6 -7
leaf_value=-0.0014331779083973733 -0.00093798725104712031 -0.00093798725104712031 0.00028662608366520259 0.0003281715823203787 0.00028662608366520259 0.0016364275598280214
leaf_weight=5.2366745634935787 13.121168851736 1.4186423508217547 1.818226713920011 69.790546676958911 1.7110986752668393 0.56609988957643409
leaf_count=680 2424 373 95 7994 108 31
internal_value=-0.000166359 -9.45454e-05 -0.000937987 0.000286626 -0.000937987 0.000361484
internal_weight=93.6625 86.7147 14.9394 71.7753 6.94777 70.3566
internal_count=11705 10917 2519 8398 788 8025
is_linear=0
shrinkage=0.03


Tree=269
num_leaves=15
num_cat=0
split_feature=4 1 11 8 11 1 7 1 2 7 1 2 2 2
split_gain=0.0301114 0.0339149 0.0397821 0.00895171 0.0273833 0.106663 0.278679 0.0313358 0.040836 0.0069269 0.00998394 0.0454036 0.00418364 0.00296573
threshold=10.074638412169902 53.799438863245548 66.587577800392452 16.271373414230563 23.038595184909411 80.049290986791007 93.38797814207652 6.5138816134101623 37.132594417077186 27.823315118397087 24.760760073260077 64.171725201136979 8.1222983115050891 4.2893217893217903
decision_type=2 2 2 2 2 2 2 2 2 2 2 2 2 2
left_child=1 2 -1 -2 -5 7 12 -6 -9 -10 11 -11 13 -7
right_child=3 -3 -4 4 5 6 -8 8 9 10 -12 -13 -14 -15
leaf_value=-0.0074282349253000984 -0.00057523467337968371 -0.00057523467337968371 -0.00057523467337968371 -0.00057523467337968371 -0.00057523467337968371 -0.00057523467337968371 0.012072831140272321 -0.00057523467337968371 -0.00042652806243100732 -0.00042652806243100732 0.00080922448648523923 0.00080922448648523923 0.00095527383762913237 0.00080922448648523923
leaf_weight=0.78259173594415088 5.3898034060839555 4.3442402400542051 0.19979016319848597 13.602523280191233 4.985940546845085 0.35685078217647148 1.3223007160704572 8.6799204235430789 3.6938054433558127 2.1230389842530704 23.031775763258338 10.911567972507326 13.452807424939236 0.71623312612064183
leaf_count=199 1279 915 52 1990 514 84 62 1621 632 290 2224 824 938 81
internal_value=-0.000201899 -0.00220128 -0.00547447 -5.79338e-05 4.50821e-05 0.000327362 0.00240979 -0.000323293 0.000229129 0.000726522 0.000809224 -2.26091e-05 0.000809224 -0.000575235
internal_weight=93.5932 5.32662 0.982382 88.2666 82.8768 69.2742 15.8482 53.426 48.4401 39.7602 36.0664 13.0346 14.5259 1.07308
internal_count=11705 1166 251 10539 9260 7270 1165 6105 5591 3970 3338 1114 1103 165
is_linear=0
shrinkage=0.03


Tree=270
num_leaves=2
num_cat=0
split_feature=10
split_gain=0.0217627
threshold=95.932156646442365
decision_type=2
left_child=-1
right_child=-2
leaf_value=-0.00066851949162137709 0.0010748757803643865
leaf_weight=89.461574682500213 6.0518921486218451
leaf_count=11229 554
internal_value=-0.000548063
internal_weight=95.5135
internal_count=11783
is_linear=0
shrinkage=0.03


Tree=271
num_leaves=4
num_cat=0
split_feature=7 10 10
split_gain=0.0178761 0.0491179 0.0106298
threshold=9.6006144393241186 26.546556122448983 95.932156646442365
decision_type=2 2 2
left_child=1 -1 -2
right_child=2 -3 -4
leaf_value=-0.005528112340840604 -0.00046570049299652386 -0.00046570049299652386 0.00070974832183675902
leaf_weight=1.3998223216040053 86.471697028027847 1.5145918498747049 6.0810096331406376
leaf_count=303 10560 366 554
internal_value=-0.000555289 -0.00255455 -0.0004657
internal_weight=95.4671 2.91441 92.5527
internal_count=11783 669 11114
is_linear=0
shrinkage=0.03


Tree=272
num_leaves=4
num_cat=0
split_feature=10 7 7
split_gain=0.0198856 0.124395 0.00217811
threshold=95.932156646442365 81.649659863945587 9.6006144393241186
decision_type=2 2 2
left_child=2 -2 -1
right_child=1 -3 -4
leaf_value=-0.0014273137647925101 -0.00064239546867691946 0.0084376844910319538 -0.00064239546867691946
leaf_weight=2.8516243811463928 5.5415480037918305 0.60073406063020218 86.426962818601169
leaf_count=669 506 48 10560
internal_value=-0.000526322 0.00101455 -0.000642395
internal_weight=95.4209 6.14228 89.2786
internal_count=11783 554 11229
is_linear=0
shrinkage=0.03


Tree=273
num_leaves=4
num_cat=0
split_feature=10 7 7
split_gain=0.0149862 0.0758254 0.00207378
threshold=95.932156646442365 81.649659863945587 9.6006144393241186
decision_type=2 2 2
left_child=2 -2 -1
right_child=1 -3 -4
leaf_value=-0.0013959745704244875 -0.00062936124976060461 0.0065170836665726598 -0.00062936124976060461
leaf_weight=2.8497720782179377 5.5134955238900138 0.63483058311976481 86.418270991300233
leaf_count=669 506 48 10560
internal_value=-0.000529012 0.000812185 -0.000629361
internal_weight=95.4164 6.14833 89.268
internal_count=11783 554 11229
is_linear=0
shrinkage=0.03


Tree=274
num_leaves=4
num_cat=0
split_feature=10 7 7
split_gain=0.0143496 0.0733042 0.00205836
threshold=95.932156646442365 81.649659863945587 9.6006144393241186
decision_type=2 2 2
left_child=2 -2 -1
right_child=1 -3 -4
leaf_value=-0.001391396348551693 -0.00062739055130049183 0.0064013489418346644 -0.00062739055130049183
leaf_weight=2.8480798461241639 5.5136843186919569 0.63154614507220674 86.418806722736917
leaf_count=669 506 48 10560
internal_value=-0.000529288 0.000784134 -0.000627391
internal_weight=95.4121 6.14523 89.2669
internal_count=11783 554 11229
is_linear=0
shrinkage=0.03


Tree=275
num_leaves=8
num_cat=0
split_feature=9 8 11 8 11 10 7
split_gain=0.112173 0.53192 0.189089 0.0115852 0.0103269 0.00805544 0.00583418
threshold=94.757454995190344 59.197099892588618 22.039839016505208 98.639392817475013 99.243378368063517 99.367088607594951 98.260738052026625
decision_type=2 2 2 2 2 2 2
left_child=3 -2 -3 4 5 6 -1
right_child=1 2 -4 -5 -6 -7 -8
leaf_value=-0.00040376406422718144 0.00015117482870037811 0.00078398498843907792 0.013684867033422367 0.00078398498843907792 0.00015117482870037811 0.00015117482870037811 0.00015117482870037811
leaf_weight=73.645102339331061 3.2332363316090769 1.5264853836270047 3.1458102015312761 5.6651776316575697 2.9708788667339823 2.5794227659353046 2.2781221964396527
leaf_count=10099 472 157 106 327 93 278 234
internal_value=0.000480706 0.00368812 0.0103513 0.000151175 3.44297e-05 -0.000211221 -0.0003287
internal_weight=95.0442 7.90553 4.6723 87.1387 81.4735 78.5026 75.9232
internal_count=11766 735 263 11031 10704 10611 10333
is_linear=0
shrinkage=0.03


Tree=276
num_leaves=6
num_cat=0
split_feature=11 8 8 10 8
split_gain=0.0915883 0.19706 0.00756634 0.00434692 0.000488108
threshold=98.694481371646745 47.434210526315795 98.639392817475013 99.367088607594951 94.771018455228997
decision_type=2 2 2 2 2
left_child=2 -2 3 4 -1
right_child=1 -3 -4 -5 -6
leaf_value=-1.4478389618356479e-05 0.00023828620785532523 0.0082683671982950215 0.0012203482093257471 0.00023828620785532523 0.00023828620785532523
leaf_weight=77.057045309105888 1.2824985100887705 3.1084763302933425 5.5784066446358329 2.6683383838972068 5.2414634057786307
leaf_count=10661 72 95 325 276 337
internal_value=0.000467175 0.00426732 0.000238286 0.000160364 6.09162e-06
internal_weight=94.9362 4.39097 90.5453 84.9668 82.2985
internal_count=11766 167 11599 11274 10998
is_linear=0
shrinkage=0.03


Tree=277
num_leaves=7
num_cat=0
split_feature=9 8 11 8 11 10
split_gain=0.106866 0.513296 0.184916 0.00938024 0.00806011 0.00737717
threshold=94.757454995190344 59.197099892588618 22.039839016505208 98.639392817475013 99.243378368063517 99.367088607594951
decision_type=2 2 2 2 2 2
left_child=3 -2 -3 4 5 -1
right_child=1 2 -4 -5 -6 -7
leaf_value=-0.00032531244099675367 0.00011420984932325921 0.0006753657982510714 0.013355120309709156 0.0006753657982510714 0.00011420984932325921 0.00011420984932325921
leaf_weight=75.799146427190863 3.2334730339935041 1.5228322307812048 3.1853423588909209 5.6192901261383659 2.9977123814169309 2.5831388339865944
leaf_count=10333 472 157 106 327 93 278
internal_value=0.000436533 0.00355986 0.0100907 0.00011421 8.73895e-06 -0.000206867
internal_weight=94.9409 7.94165 4.70817 86.9993 81.38 78.3823
internal_count=11766 735 263 11031 10704 10611
is_linear=0
shrinkage=0.03


Tree=278
num_leaves=7
num_cat=0
split_feature=9 8 11 8 11 10
split_gain=0.0908711 0.460595 0.153823 0.0104346 0.00791428 0.00774115
threshold=94.757454995190344 59.197099892588618 22.039839016505208 98.639392817475013 99.243378368063517 99.367088607594951
decision_type=2 2 2 2 2 2
left_child=3 -2 -3 4 5 -1
right_child=1 2 -4 -5 -6 -7
leaf_value=-0.00030772720974322793 0.00013483295832216304 0.00081954586879447405 0.012507942450995185 0.00081954586879447405 0.00013483295832216304 0.00013483295832216304
leaf_weight=75.726277933921665 3.2516683823196209 1.5314167010365052 3.1945898039266467 5.617069768253713 2.9996260232292107 2.5799831516342229
leaf_count=10333 472 157 106 327 93 278
internal_value=0.0004332 0.00330701 0.00952502 0.000134833 3.01862e-05 -0.000183615
internal_weight=94.9006 7.97767 4.72601 86.923 81.3059 78.3063
internal_count=11766 735 263 11031 10704 10611
is_linear=0
shrinkage=0.03


Tree=279
num_leaves=7
num_cat=0
split_feature=11 10 11 7 11 8
split_gain=0.0791428 0.051867 0.102201 0.0420831 0.00973735 0.0020403
threshold=99.765256922441125 99.367088607594951 57.057484513995625 66.410256410256423 98.694481371646745 94.771018455228997
decision_type=2 2 2 2 2 2
left_child=1 4 3 -3 5 -1
right_child=-2 2 -4 -5 -6 -7
leaf_value=-4.4878727235529805e-05 0.0063038877643393229 0.0001262833934858415 0.0063038877643393229 0.005611913018608276 0.0015133339542398002 0.0001262833934858415
leaf_weight=76.938293235143647 1.0173607687465835 1.1244666778948151 2.1353012656327337 0.64771976275369514 3.3393235818948588 9.6579410467529652
leaf_count=10661 34 160 127 21 128 635
internal_value=0.000421166 0.000291597 0.00329543 0.000126283 0.000126283 5.61303e-05
internal_weight=94.8604 93.843 3.90749 1.77219 89.9356 86.5962
internal_count=11766 11732 308 181 11424 11296
is_linear=0
shrinkage=0.03


Tree=280
num_leaves=7
num_cat=0
split_feature=1 9 10 10 1 9
split_gain=0.0433779 0.0424492 0.0916916 0.00564922 0.00617386 0.000441036
threshold=6.5138816134101623 97.35087719298248 77.8888888888889 99.367088607594951 19.186752434834279 31.612258494337112
decision_type=2 2 2 2 2 2
left_child=5 3 -3 4 -2 -1
right_child=1 2 -4 -5 -6 -7
leaf_value=-0.0043143009215671187 -0.0016259369249663619 -0.00091917905069364243 0.0067950751423979929 0.00019337667057480848 -0.00091917905069364243 -0.0020874700997290442
leaf_weight=1.775941502128261 12.806893335538915 3.5721422886708742 1.0827261721715329 3.4413556456565848 67.350728516816162 4.8123611310729757
leaf_count=252 1393 356 101 283 8882 521
internal_value=-0.000983275 -0.000785734 0.00175949 -0.000946577 -0.000997298 -0.00317718
internal_weight=94.8421 88.2538 4.65487 83.599 80.1576 6.5883
internal_count=11788 11015 457 10558 10275 773
is_linear=0
shrinkage=0.03


Tree=281
num_leaves=4
num_cat=0
split_feature=1 10 7
split_gain=0.0397641 0.0429883 0.0531348
threshold=6.5138816134101623 99.367088607594951 24.80769230769231
decision_type=2 2 2
left_child=-1 -2 -3
right_child=1 2 -4
leaf_value=-0.0031198302456495381 -0.00096898807222624056 -0.00096898807222624056 0.0038084151083900902
leaf_weight=6.5795290493988423 84.651840101927519 0.67875173245556597 2.9542978489771485
leaf_count=773 10730 54 231
internal_value=-0.00101463 -0.000824555 0.00202357
internal_weight=94.8644 88.2849 3.63305
internal_count=11788 11015 285
is_linear=0
shrinkage=0.03


Tree=282
num_leaves=7
num_cat=0
split_feature=1 9 10 10 1 1
split_gain=0.0379194 0.0407394 0.0718774 0.00334874 0.00594214 0.00155967
threshold=6.5138816134101623 97.35087719298248 77.8888888888889 99.367088607594951 19.186752434834279 99.757275833627915
decision_type=2 2 2 2 2 2
left_child=-1 3 -3 4 -2 -6
right_child=1 2 -4 -5 5 -7
leaf_value=-0.0030729919134560909 -0.0016339778108702861 -0.00074929499229801412 0.0060497508323146647 -5.5359584921276389e-05 -0.00096959014463889612 -0.00074929499229801412
leaf_weight=6.5703081757528699 12.778997396584598 3.5607734555378547 1.126181907719001 3.45710400561802 66.478215315495618 0.88078391877934237
leaf_count=773 1393 356 101 283 8847 35
internal_value=-0.00101471 -0.000828816 0.00166091 -0.000986392 -0.00102538 -0.000887705
internal_weight=94.8524 88.2821 4.68696 83.5951 80.138 67.359
internal_count=11788 11015 457 10558 10275 8882
is_linear=0
shrinkage=0.03


Tree=283
num_leaves=6
num_cat=0
split_feature=1 9 7 10 7
split_gain=0.0393089 0.036615 0.184432 0.065789 0.00314545
threshold=6.5138816134101623 97.35087719298248 49.61538461538462 77.8888888888889 98.373876255949241
decision_type=2 2 2 2 2
left_child=-1 4 -3 -4 -2
right_child=1 2 3 -5 -6
leaf_value=-0.0031002205587909192 -0.00099678976252630955 -0.00096498381851840994 0.0017903987643401252 0.010347160002869827 6.3538016555026895e-05
leaf_weight=6.5607589427963822 81.123586877016351 1.4394475774606679 2.3973407149314885 0.85317219793796528 2.4778085427824399
leaf_count=773 10332 214 171 72 226
internal_value=-0.00100449 -0.000815789 0.00154589 0.00594226 -0.000964984
internal_weight=94.8521 88.2914 4.68996 3.25051 83.6014
internal_count=11788 11015 457 243 10558
is_linear=0
shrinkage=0.03


Tree=284
num_leaves=5
num_cat=0
split_feature=1 10 7 9
split_gain=0.0387516 0.0349772 0.0477967 0.000608432
threshold=6.5138816134101623 99.367088607594951 24.80769230769231 31.612258494337112
decision_type=2 2 2 2
left_child=3 -2 -3 -1
right_child=1 2 -4 -5
leaf_value=-0.0042188532217780602 -0.00095191685519338998 -0.00095191685519338998 0.0034782149183965219 -0.0020245472334040884
leaf_weight=1.7520562460413192 84.647175824735314 0.67833965481258873 2.9648219007067382 4.8040865481598303
leaf_count=252 10730 54 231 521
internal_value=-0.00100959 -0.000822089 0.00174976 -0.00309168
internal_weight=94.8465 88.2903 3.64316 6.55614
internal_count=11788 11015 285 773
is_linear=0
shrinkage=0.03


Tree=285
num_leaves=9
num_cat=0
split_feature=1 7 2 8 2 2 1 1
split_gain=0.0502778 0.030857 0.282389 0.0241545 0.0586449 0.0421926 0.0455295 5.64156e-06
threshold=80.437440204103339 86.055555555555571 60.628970291757021 99.350649350649363 72.391789957590092 96.886832073399248 23.186708753351663 21.573176834538923
decision_type=2 2 2 2 2 2 2 2
left_child=3 -2 -3 5 -5 6 7 -1
right_child=1 2 -4 4 -6 -7 -8 -9
leaf_value=-0.0018501076691563899 0.0008806919910187489 0.0008806919910187489 0.013404328929011257 -0.00032977809488632663 0.0008806919910187489 0.0008806919910187489 -0.00032977809488632663 -0.00064150577152831271
leaf_weight=18.560509830014784 19.919042466790419 2.3909972107503559 0.85335805593058456 1.658404909307136 3.1114699495956302 3.8905537105165413 44.036403298028745 1.3813173399539653
leaf_count=2302 2024 228 21 184 89 216 6415 175
internal_value=0.000241258 0.00142698 0.00378325 -0.000151095 0.000880692 -0.000329778 -0.000585359 -0.00180102
internal_weight=95.8021 23.1634 3.24436 72.6387 4.76987 67.8688 63.9782 19.9418
internal_count=11654 2273 249 9381 273 9108 8892 2477
is_linear=0
shrinkage=0.03


Tree=286
num_leaves=8
num_cat=0
split_feature=9 8 0 1 2 0 9
split_gain=0.0691328 0.202886 0.119631 0.0937247 0.111245 0.145265 0.0512408
threshold=97.35087719298248 58.387445887445899 83.755780553977516 28.745445049792881 94.249411686901723 96.773889174815579 53.896761133603242
decision_type=2 2 2 2 2 2 2
left_child=3 -2 -3 4 6 -6 -1
right_child=1 2 -4 -5 5 -7 -8
leaf_value=-0.0051087638764799777 6.3910992304283613e-05 0.00010814659187535338 0.01240865384239789 6.3910992304283613e-05 -0.0028811828160833783 6.3910992304283613e-05 -0.0028811828160833783
leaf_weight=9.9666687872959354 2.5917815165594211 1.0480350481811913 1.3401140822097657 63.603730896604247 3.9216995728202155 3.07651615771465 10.302679951419121
leaf_count=1539 335 132 27 7961 354 107 1199
internal_value=0.000270232 0.0033948 0.00863573 6.3911e-05 -0.00166358 6.3911e-05 -0.00288118
internal_weight=95.8512 4.97993 2.38815 90.8713 27.2676 6.99822 20.2693
internal_count=11654 494 159 11160 3199 461 2738
is_linear=0
shrinkage=0.03


Tree=287
num_leaves=14
num_cat=0
split_feature=1 9 1 2 9 2 9 7 9 7 7 7 8
split_gain=0.0623917 0.077648 0.0491052 0.0974733 0.108753 0.14456 0.0452013 0.056241 0.0449183 0.0310698 0.0261152 0.0206115 0.00042341
threshold=80.437440204103339 97.35087719298248 28.745445049792881 94.249411686901723 53.896761133603242 72.391789957590092 82.704178537511879 28.730158730158731 94.757454995190344 95.603864734299535 80.163934426229517 93.908472479901064 96.747752511898483
decision_type=2 2 2 2 2 2 2 2 2 2 2 2 2
left_child=1 2 3 4 -1 11 9 -8 12 -2 -7 -6 -4
right_child=6 -3 8 -5 5 10 7 -9 -10 -11 -12 -13 -14
leaf_value=-0.0046836785229317311 0.00044048208011930796 0.0015883770459804393 0.00016935506959254917 0.00016935506959254917 -0.0046836785229317311 -0.0034295585797633364 0.0015883770459804393 0.0057222776746451405 0.0015883770459804393 0.0046746586199778754 0.00016935506959254917 0.00016935506959254917 0.00044048208011930796
leaf_weight=9.8967229189584085 18.03475845407231 4.0823981853900468 36.208190271980129 6.9706515836296594 3.1691972885746518 4.2340209711110219 0.53906783740967412 3.98245495907031 1.3805582036729891 0.74302944401278992 2.5830266092671081 0.3299906130414455 3.7203886078204951
leaf_count=1539 1802 390 5351 461 530 504 98 316 148 57 122 43 293
internal_value=0.000272288 -0.000166071 -0.000485468 -0.00145126 -0.00259222 -0.000349221 0.00158838 0.00399599 0.000169355 0.000835914 0.000169355 -0.00468368 0.000169355
internal_weight=95.8745 72.5751 68.4927 27.1836 20.213 10.3162 23.2993 4.52152 41.3091 18.7778 6.81705 3.49919 39.9286
internal_count=11654 9381 8991 3199 2738 1199 2273 414 5792 1859 626 573 5644
is_linear=0
shrinkage=0.03


Tree=288
num_leaves=8
num_cat=0
split_feature=9 8 0 2 7 8 8
split_gain=0.0456212 0.208013 0.115948 0.00887516 0.00501424 0.00549499 0.0003795
threshold=97.35087719298248 58.387445887445899 83.755780553977516 4.2893217893217903 5.0641025641025648 23.570261437908499 4.0270270270270281
decision_type=2 2 2 2 2 2 2
left_child=3 -2 -3 -1 5 -5 -6
right_child=1 2 -4 4 6 -7 -8
leaf_value=-0.0015850355270737265 0.00011240416563223506 0.00011240416563223506 0.012036121495055115 -0.0015850355270737265 -0.00065980540242924961 0.00011240416563223506 0.00011240416563223506
leaf_weight=1.7766199675388623 2.6274077746784306 1.0599461996462198 1.3593251267448065 0.45597221236675878 0.62585480941925098 0.3371133494656533 87.608338574646041
leaf_count=460 335 132 27 126 180 93 10301
internal_value=0.000281688 0.00280525 0.00833306 0.000112404 0.000112404 -0.001517 0.000112404
internal_weight=95.8506 5.04668 2.41927 90.8039 89.0273 0.793086 88.2342
internal_count=11654 494 159 11160 10700 219 10481
is_linear=0
shrinkage=0.03


Tree=289
num_leaves=8
num_cat=0
split_feature=9 8 0 2 7 8 8
split_gain=0.0432852 0.202811 0.112715 0.00862327 0.00496056 0.00540482 0.000377401
threshold=97.35087719298248 58.387445887445899 83.755780553977516 4.2893217893217903 5.0641025641025648 23.570261437908499 4.0270270270270281
decision_type=2 2 2 2 2 2 2
left_child=3 -2 -3 -1 5 -5 -6
right_child=1 2 -4 4 6 -7 -8
leaf_value=-0.0015600408447421408 0.00011409288405020733 0.00011409288405020733 0.011858505191216321 -0.0015600408447421408 -0.00065167127372799648 0.00011409288405020733 0.00011409288405020733
leaf_weight=1.7737178315874178 2.6277462283615014 1.0600629665423187 1.3606301434338091 0.4551031346200024 0.62539404316339542 0.33714441326446831 87.598056758113671
leaf_count=460 335 132 27 126 180 93 10301
internal_value=0.000279086 0.00273684 0.00820898 0.000114093 0.000114093 -0.00150623 0.000114093
internal_weight=95.8379 5.04844 2.42069 90.7894 89.0157 0.792248 88.2235
internal_count=11654 494 159 11160 10700 219 10481
is_linear=0
shrinkage=0.03


Tree=290
num_leaves=10
num_cat=0
split_feature=1 1 11 8 4 11 4 4 8
split_gain=0.0194306 0.0207279 0.00292583 0.0184158 0.123737 0.0482315 0.0157933 0.00529546 0.100832
threshold=99.392200307532121 0.4944564646057184 21.712244395171229 40.129870129870135 97.882975412387196 98.94736113130979 4.5077169006315367 94.831912126029792 89.323708206686945
decision_type=2 2 2 2 2 2 2 2 2
left_child=1 -1 6 -4 5 7 -3 -5 -9
right_child=-2 2 3 4 -6 -7 -8 8 -10
leaf_value=-0.0040882141546729218 0.0020937896308376798 -0.0036319478603031373 -0.00070693836298858716 -0.00070693836298858716 0.0020937896308376798 0.0020937896308376798 -0.00070693836298858716 -0.00070693836298858716 0.0020937896308376798
leaf_weight=0.34173899539746244 1.9731296343961719 0.71976564289070033 15.402442640159277 49.442267436650582 4.6831413339823476 2.6244806456379584 13.255538864643311 3.7610160517506293 2.1172555489465594
leaf_count=50 90 168 2941 5707 127 77 2311 165 30
internal_value=-0.000303083 -0.000376177 -0.000318581 -0.000240961 2.6571e-05 -0.000470691 -0.000706938 -0.000686785 0.000169918
internal_weight=94.3208 92.3476 92.0059 78.0306 62.6282 57.945 13.9753 55.3205 5.87827
internal_count=11666 11576 11526 9047 6106 5979 2479 5902 195
is_linear=0
shrinkage=0.03


Tree=291
num_leaves=7
num_cat=0
split_feature=7 1 11 7 11 8
split_gain=0.0456676 0.118273 0.0801889 0.0423592 0.00744459 0.00100583
threshold=15.954545454545455 99.392200307532121 14.163180298518371 8.421985815602838 99.765256922441125 16.552511415525114
decision_type=2 2 2 2 2 2
left_child=2 4 -1 -4 5 -2
right_child=1 -3 3 -5 -6 -7
leaf_value=-0.0076552565796593379 -0.00030586705037281088 0.0060600684651098509 -0.0038159869835548551 -0.00030586705037281088 0.001479396851252061 -0.00018827766992079157
leaf_weight=1.0403014799812798 4.3817712304880834 1.707881504902615 2.1068143321899697 2.4973082912620157 1.1315738314297039 81.436079627368599
leaf_count=202 1035 79 459 536 28 9327
internal_value=-0.000298143 -0.000117011 -0.0026974 -0.000411061 -0.000305867 -0.000305867
internal_weight=94.3017 88.6573 5.64442 4.60412 86.9494 85.8179
internal_count=11666 10469 1197 995 10390 10362
is_linear=0
shrinkage=0.03


Tree=292
num_leaves=7
num_cat=0
split_feature=7 1 11 7 11 8
split_gain=0.0280278 0.110021 0.0271613 0.00805131 0.046744 0.00205132
threshold=9.6006144393241186 99.392200307532121 99.765256922441125 15.954545454545455 25.02873563218391 16.552511415525114
decision_type=2 2 2 2 2 2
left_child=-1 2 3 4 -2 -5
right_child=1 -3 -4 5 -6 -7
leaf_value=-0.0028161597107156378 -0.0028161597107156378 0.005763246864584114 0.0028864068072432729 -0.00037878989167110157 -0.00037878989167110157 -0.00022347780856927387
leaf_weight=2.8137782595586023 0.64160011603962575 1.7178063446190197 1.2746362178586412 4.3818617025390258 1.9645244776038451 81.484233193099499
leaf_count=662 103 80 32 1035 427 9327
internal_value=-0.000294581 -0.000187391 -0.000363543 -0.000442103 -0.00184462 -0.00037879
internal_weight=94.2784 91.4647 89.7469 88.4722 2.60612 85.8661
internal_count=11666 11004 10924 10892 530 10362
is_linear=0
shrinkage=0.03


Tree=293
num_leaves=6
num_cat=0
split_feature=11 7 1 11 8
split_gain=0.0211245 0.027307 0.0779519 0.070677 0.00197128
threshold=99.765256922441125 15.954545454545455 99.392200307532121 14.163180298518371 16.552511415525114
decision_type=2 2 2 2 2
left_child=1 3 4 -1 -3
right_child=-2 2 -4 -5 -6
leaf_value=-0.0069424891882104425 0.002551952979097479 -0.00040294141660828815 0.002551952979097479 -0.00040294141660828815 -0.00024970572007776794
leaf_weight=1.0055913418764237 1.3029585082549591 4.380486713256686 1.7174490583129216 4.3644303168402985 81.470894035534002
leaf_count=202 35 1035 79 988 9327
internal_value=-0.000296254 -0.000362926 -0.000222294 -0.0022613 -0.000402941
internal_weight=94.2418 92.9389 87.5688 5.37002 85.8514
internal_count=11666 11631 10441 1190 10362
is_linear=0
shrinkage=0.03


Tree=294
num_leaves=6
num_cat=0
split_feature=11 7 1 11 8
split_gain=0.0216107 0.0204835 0.0797253 0.0524558 0.00197503
threshold=99.765256922441125 15.954545454545455 99.392200307532121 14.163180298518371 16.552511415525114
decision_type=2 2 2 2 2
left_child=1 3 4 -1 -3
right_child=-2 2 -4 -5 -6
leaf_value=-0.0061123562834779419 0.0025652482143833154 -0.00044271665817241247 0.0025652482143833154 -0.00044271665817241247 -0.00028802923706910954
leaf_weight=0.97369398328009893 1.3034524475224305 4.3812984308460718 1.7184591728728253 4.3644622795982286 81.477052441681735
leaf_count=202 35 1035 79 988 9327
internal_value=-0.000316139 -0.000383445 -0.00026105 -0.00203343 -0.000442717
internal_weight=94.2184 92.915 87.5768 5.33816 85.8584
internal_count=11666 11631 10441 1190 10362
is_linear=0
shrinkage=0.03


Tree=295
num_leaves=9
num_cat=0
split_feature=1 8 10 7 10 1 8 7
split_gain=0.0785964 0.110244 0.0807122 0.152093 0.0251311 0.00539824 0.0127405 0.00922302
threshold=80.437440204103339 50.92879256965945 70.859704641350234 80.163934426229517 30.068493150684933 46.625240920127162 64.747307373653697 8.2650273224043733
decision_type=2 2 2 2 2 2 2 2
left_child=5 -2 4 -4 -3 7 -7 -1
right_child=1 2 3 -5 -6 6 -8 -9
leaf_value=-0.0027545458052061016 -0.00029845062751608279 -0.00029845062751608279 0.0016363456376200453 0.011737648322425465 0.0016363456376200453 -0.00063050563671566051 -0.00029845062751608279 -0.00063050563671566051
leaf_weight=0.92799826129339535 10.574660149402918 1.5331161457579563 3.7469809931935734 1.5063943725544957 7.1305906770285219 13.997100911452437 13.539229579851961 42.942862065508962
leaf_count=235 1340 181 225 62 503 2739 1232 5174
internal_value=0.000208191 0.0016391 0.00331717 0.00594669 0.00127236 -0.000298451 -0.000298451 -0.000630506
internal_weight=95.8989 24.4917 13.9171 5.25338 8.66371 71.4072 27.5363 43.8709
internal_count=11691 2311 971 287 684 9380 3971 5409
is_linear=0
shrinkage=0.03


Tree=296
num_leaves=11
num_cat=0
split_feature=1 11 8 7 8 10 1 11 10 7
split_gain=0.0529904 0.135642 0.232115 0.125929 0.0482113 0.0996955 0.00497794 0.0310249 0.0412463 0.0418527
threshold=80.437440204103339 31.348632337771669 29.459980713596917 93.142633228840126 49.675324675324681 30.068493150684933 46.625240920127162 88.650848278587191 77.58148035333538 94.058823529411782
decision_type=2 2 2 2 2 2 2 2 2 2
left_child=6 -2 -3 4 -4 -6 7 8 9 -1
right_child=1 2 3 -5 5 -7 -8 -9 -10 -11
leaf_value=-0.0024026624414164974 -0.000198600730835001 -0.000198600730835001 -0.000198600730835001 0.011244233007031592 -0.000198600730835001 0.0051035878194010216 -0.000198600730835001 -0.000198600730835001 -0.000198600730835001 -0.000198600730835001
leaf_weight=21.097960366052579 6.1030737030087066 2.7322660365607616 1.9872437983285625 1.4628401924855996 1.8946757989469905 10.374255715520119 27.529373535420746 11.204427043208851 10.109095899853854 1.3386515482561652
leaf_count=3518 809 370 243 50 186 653 3971 739 981 171
internal_value=0.00021899 0.00139156 0.0028998 0.0046662 0.00329844 0.00396479 -0.000198601 -0.0005164 -0.00118261 -0.00192241
internal_weight=95.8339 24.5544 18.4513 15.719 14.2562 12.2689 71.2795 43.7501 32.5457 22.4366
internal_count=11691 2311 1502 1132 1082 839 9380 5409 4670 3689
is_linear=0
shrinkage=0.03


Tree=297
num_leaves=6
num_cat=0
split_feature=7 10 10 11 11
split_gain=0.0113759 0.0109653 0.00670916 0.0935475 0.0066465
threshold=5.0641025641025648 40.138888888888893 97.673160173160184 91.158203658203675 26.002708584675801
decision_type=2 2 2 2 2
left_child=1 -1 -2 4 -4
right_child=2 -3 3 -5 -6
leaf_value=-0.0032030459976131703 0.00024193795013715072 0.00024193795013715072 0.00024193795013715072 0.0073538106192463466 0.0021302833234804626
leaf_weight=0.72095466591417678 89.670190752367489 0.33113045594654977 1.0407245258102182 0.7862849156372248 3.2161023539956659
leaf_count=169 10997 98 115 45 267
internal_value=0.000196475 -0.00201974 0.000241938 0.00124637 0.000241938
internal_weight=95.7654 1.05209 94.7133 5.04311 4.25683
internal_count=11691 267 11424 427 382
is_linear=0
shrinkage=0.03


Tree=298
num_leaves=10
num_cat=0
split_feature=1 8 10 7 10 1 8 7 10
split_gain=0.0424527 0.0676461 0.0813 0.145286 0.0145512 0.00330363 0.0119176 0.010493 0.0402198
threshold=80.437440204103339 50.92879256965945 70.859704641350234 80.163934426229517 30.068493150684933 46.625240920127162 64.747307373653697 8.2650273224043733 26.546556122448983
decision_type=2 2 2 2 2 2 2 2 2
left_child=5 -2 4 -4 -3 7 -7 8 -1
right_child=1 2 3 -5 -6 6 -8 -9 -10
leaf_value=-0.0058024263806980394 -0.00017887391080205896 -0.00017887391080205896 0.0011301066201478327 0.010771486476403577 0.0011301066201478327 -0.00043829446544496647 -0.00017887391080205896 -0.00043829446544496647 -0.00043829446544496647
leaf_weight=0.59956398128997435 10.568459522561172 1.5268302524927984 3.7996017870027563 1.5227127980906514 7.2052053713705391 13.987751865643078 13.496142340358345 42.732979209977202 0.32280939759220928
leaf_count=135 1340 181 225 62 503 2739 1232 5174 100
internal_value=0.000195892 0.00124338 0.00255774 0.00515593 0.000607041 -0.000178874 -0.000178874 -0.000438294 -0.00267715
internal_weight=95.7621 24.6228 14.0544 5.32231 8.73204 71.1392 27.4839 43.6554 0.922373
internal_count=11691 2311 971 287 684 9380 3971 5409 235
is_linear=0
shrinkage=0.03


Tree=299
num_leaves=10
num_cat=0
split_feature=1 8 10 7 8 10 8 7 10
split_gain=0.0398695 0.0609293 0.0766294 0.156493 0.0126383 0.0128833 0.00404211 0.0150283 0.00300076
threshold=80.437440204103339 50.92879256965945 70.859704641350234 80.163934426229517 98.639392817475013 99.367088607594951 29.459980713596917 24.068965517241384 30.068493150684933
decision_type=2 2 2 2 2 2 2 2 2
left_child=4 6 8 -4 5 -1 -2 -8 -3
right_child=1 2 3 -5 -6 -7 7 -9 -10
leaf_value=-0.00060260736764563866 -0.00016030206952280854 0.00056420663125557335 0.00086982451014622458 0.010725857057503708 0.00056420663125557335 -0.00016030206952280854 -0.00016030206952280854 0.00056420663125557335 0.00086982451014622458
leaf_weight=64.355512041598558 3.5212769157951715 1.5277232490479926 3.8048670492134979 1.5586597556248305 4.4514342469628891 2.2932783740106961 0.4955236418172716 6.5425407906295732 7.1953126769512892
leaf_count=8902 581 181 225 62 264 214 83 676 503
internal_value=0.000203338 0.00121774 0.00245974 0.00496945 -0.000160302 -0.000291538 -0.000160302 0.000564207 0.000564207
internal_weight=95.7461 24.6459 14.0866 5.36353 71.1002 66.6488 10.5593 7.03806 8.72304
internal_count=11691 2311 971 287 9380 9116 1340 759 684
is_linear=0
shrinkage=0.03


Tree=300
num_leaves=6
num_cat=0
split_feature=11 7 4 4 4
split_gain=0.0131381 0.00258617 0.00449053 0.00165796 0.000845466
threshold=99.765256922441125 21.010186757215624 97.882975412387196 98.282206002794254 10.074638412169902
decision_type=2 2 2 2 2
left_child=1 3 -3 4 -1
right_child=-2 2 -4 -5 -6
leaf_value=-0.0014172118002086322 0.0022150220625583735 -0.0001298070148593319 0.00059624463437354003 0.00056673134303043013 -0.00046997052745355306
leaf_weight=0.67850716621614893 1.2378471428528417 79.993277707602829 7.4769471883773795 0.26988381333649147 6.4150912431068718
leaf_count=162 35 9842 224 34 1424
internal_value=-5.81661e-05 -0.000110641 -6.17062e-05 -0.000615054 -0.000724483
internal_weight=96.0716 94.8337 87.4702 7.36348 7.0936
internal_count=11721 11686 10066 1620 1586
is_linear=0
shrinkage=0.03


Tree=301
num_leaves=5
num_cat=0
split_feature=11 2 4 4
split_gain=0.0124725 0.000439405 0.0195508 2.81397e-05
threshold=99.765256922441125 4.2893217893217903 16.004640371229701 97.882975412387196
decision_type=2 2 2 2
left_child=1 2 -1 -3
right_child=-2 3 -4 -5
leaf_value=-0.0030314390615366477 0.0021682453153855277 -8.4509399263787207e-05 -8.4509399263787207e-05 -2.3926303133157547e-05
leaf_weight=1.0749703444307659 1.2396088775712986 85.103963947854936 0.77072877984028298 7.8460049768909803
leaf_count=267 35 10951 202 266
internal_value=-4.54829e-05 -9.67629e-05 -0.000467306 -8.45094e-05
internal_weight=96.0353 94.7957 1.8457 92.95
internal_count=11721 11686 469 11217
is_linear=0
shrinkage=0.03


Tree=302
num_leaves=8
num_cat=0
split_feature=11 7 2 4 4 4 4
split_gain=0.00373421 0.001366 0.00301822 0.00246481 0.0014408 0.00189785 0.000300278
threshold=99.765256922441125 15.954545454545455 4.2893217893217903 97.882975412387196 16.004640371229701 98.282206002794254 10.864075537988585
decision_type=2 2 2 2 2 2 2
left_child=1 5 4 -4 -3 6 -1
right_child=-2 2 3 -5 -6 -7 -8
leaf_value=-0.0012940388690304699 0.001136241207180263 -0.00052286556287115622 -7.6687462355747228e-05 0.00045989210692630521 -7.6687462355747228e-05 -7.6687462355747228e-05 -0.00052286556287115622
leaf_weight=0.56605984014458854 1.2667920007370401 1.0084201045101493 80.220315699581988 7.5150596816092721 0.71011914929840725 0.2344350127968936 4.5391592639498413
leaf_count=128 35 248 9835 234 185 26 1030
internal_value=-6.87706e-05 -9.65672e-05 -6.56216e-05 -2.60614e-05 -0.000522866 -0.000522866 -0.000774867
internal_weight=96.0604 94.7936 89.4539 87.7354 1.71854 5.33965 5.10522
internal_count=11721 11686 10502 10069 433 1184 1158
is_linear=0
shrinkage=0.03


Tree=303
num_leaves=6
num_cat=0
split_feature=11 7 4 4 4
split_gain=0.00407832 0.00129537 0.00283054 0.00325269 0.00032091
threshold=99.765256922441125 15.954545454545455 97.882975412387196 98.282206002794254 10.864075537988585
decision_type=2 2 2 2 2
left_child=1 3 -3 4 -1
right_child=-2 2 -4 -5 -6
leaf_value=-0.0012848435957853884 0.0011895124874010327 -0.00012078480874498507 0.00045402008226930185 0.00045402008226930185 -0.00047962880854302611
leaf_weight=0.56552519579417904 1.2689607432112087 81.933121474459767 7.5174231089185914 0.23447240656241763 4.5378097227076069
leaf_count=128 35 10268 234 26 1030
internal_value=-6.90858e-05 -9.81773e-05 -6.79927e-05 -0.000513468 -0.000764754
internal_weight=96.0573 94.7884 89.4505 5.33781 5.10333
internal_count=11721 11686 10502 1184 1158
is_linear=0
shrinkage=0.03


Tree=304
num_leaves=8
num_cat=0
split_feature=11 7 2 4 4 4 4
split_gain=0.00376231 0.00124789 0.00288662 0.00221437 0.00126057 0.00180878 0.000331944
threshold=99.765256922441125 15.954545454545455 4.2893217893217903 97.882975412387196 16.004640371229701 98.282206002794254 10.864075537988585
decision_type=2 2 2 2 2 2 2
left_child=1 5 4 -4 -3 6 -1
right_child=-2 2 3 -5 -6 -7 -8
leaf_value=-0.0012739880712077096 0.0011396019247529982 -0.00050345630273860805 -7.49315597913806e-05 0.00043352586608259391 -7.49315597913806e-05 -7.49315597913806e-05 -0.00050345630273860805
leaf_weight=0.56493484019301732 1.2744056510273356 1.0078660506987929 80.199352647759952 7.5207390543073407 0.70998229505494248 0.23448029160499562 4.5361169262323529
leaf_count=128 35 248 9835 234 185 26 1030
internal_value=-6.78193e-05 -9.57847e-05 -6.61666e-05 -2.69435e-05 -0.000503456 -0.000503456 -0.000752009
internal_weight=96.0479 94.7735 89.4379 87.7201 1.71785 5.33553 5.10105
internal_count=11721 11686 10502 10069 433 1184 1158
is_linear=0
shrinkage=0.03


Tree=305
num_leaves=3
num_cat=0
split_feature=2 7
split_gain=0.00719117 0.00202397
threshold=98.535386035386054 3.9607843137254908
decision_type=2 2
left_child=1 -1
right_child=-2 -3
leaf_value=-0.0015210492373986125 0.0010864209338833719 -0.00040534853656905246
leaf_weight=0.638343381928279 1.9733291591983277 91.568989109422546
leaf_count=169 91 11449
internal_value=-0.000386469 -0.000429309
internal_weight=94.1807 92.2073
internal_count=11709 11618
is_linear=0
shrinkage=0.03


Tree=306
num_leaves=6
num_cat=0
split_feature=2 10 2 2 7
split_gain=0.00722046 0.0166146 0.032593 0.00150279 0.0010496
threshold=98.535386035386054 98.620624048706262 31.867219435154222 1.2739866531640314 3.9607843137254908
decision_type=2 2 2 2 2
left_child=1 3 -3 -1 -5
right_child=-2 2 -4 4 -6
leaf_value=-0.001603054724266298 0.001091415287137224 -0.00051938736227607942 0.001091415287137224 -0.0014006303790273446 -0.00051938736227607942
leaf_weight=0.38143894250970234 1.9705124718602736 0.58689805073663492 3.4782044828752987 0.62275616568513115 87.136467130621895
leaf_count=97 91 86 233 165 11037
internal_value=-0.000384974 -0.000427896 0.00109142 -0.000519387 -0.000519387
internal_weight=94.1763 92.2058 4.0651 88.1407 87.7592
internal_count=11709 11618 319 11299 11202
is_linear=0
shrinkage=0.03


Tree=307
num_leaves=5
num_cat=0
split_feature=2 10 2 2
split_gain=0.0193827 0.00946898 0.0552147 0.00130012
threshold=98.535386035386054 98.620624048706262 94.249411686901723 1.2739866531640314
decision_type=2 2 2 2
left_child=1 3 -3 -1
right_child=-2 2 -4 -5
leaf_value=-0.0015214718121327791 0.0020068602673966956 -0.00050553956021419562 0.0020068602673966956 -0.00050553956021419562
leaf_weight=0.3813099127728482 2.0377793121151617 3.2723128845682359 0.82979953428730358 87.675511660869233
leaf_count=97 91 298 21 11202
internal_value=-0.000363978 -0.000437381 0.000838045 -0.00050554
internal_weight=94.1967 92.1589 4.10211 88.0568
internal_count=11709 11618 319 11299
is_linear=0
shrinkage=0.03


Tree=308
num_leaves=6
num_cat=0
split_feature=2 10 2 2 7
split_gain=0.00716614 0.00794484 0.0329986 0.00140474 0.00110913
threshold=98.535386035386054 98.620624048706262 94.249411686901723 1.2739866531640314 3.9607843137254908
decision_type=2 2 2 2 2
left_child=1 3 -3 -1 -5
right_child=-2 2 -4 4 -6
leaf_value=-0.0015096492854198933 0.001079281246641041 -0.00047166666767472858 0.001079281246641041 -0.0013536308545315213 -0.00047166666767472858
leaf_weight=0.37992075027432193 2.0683450892101964 3.2724464784841976 0.83102233987301577 0.62187206011731078 87.010842774878256
leaf_count=97 91 298 21 165 11037
internal_value=-0.000365571 -0.000409255 0.000759487 -0.000471667 -0.000471667
internal_weight=94.1844 92.1161 4.10347 88.0126 87.6327
internal_count=11709 11618 319 11299 11202
is_linear=0
shrinkage=0.03


Tree=309
num_leaves=6
num_cat=0
split_feature=2 10 2 2 7
split_gain=0.00741078 0.00782619 0.0334674 0.00137193 0.00107559
threshold=98.535386035386054 98.620624048706262 94.249411686901723 1.2739866531640314 3.9607843137254908
decision_type=2 2 2 2 2
left_child=1 3 -3 -1 -5
right_child=-2 2 -4 4 -6
leaf_value=-0.0015027497512987459 0.0011003066890814604 -0.00047418406217625476 0.0011003066890814604 -0.0013463902002178794 -0.00047418406217625476
leaf_weight=0.37964239716529746 2.0717482981272033 3.2727636633790089 0.82922984519973386 0.62120144662912835 87.012499402859248
leaf_count=97 91 298 21 165 11037
internal_value=-0.000367811 -0.000412292 0.000748327 -0.000474184 -0.000474184
internal_weight=94.1871 92.1153 4.10199 88.0133 87.6337
internal_count=11709 11618 319 11299 11202
is_linear=0
shrinkage=0.03


Tree=310
num_leaves=7
num_cat=0
split_feature=9 2 7 4 4 4
split_gain=0.124432 0.211958 0.493538 0.371514 0.0400163 0.00511379
threshold=53.37899543378996 72.391789957590092 66.410256410256423 72.22875816993465 97.52771767697142 13.24988264747301
decision_type=2 2 2 2 2 2
left_child=4 5 -3 -4 -1 -2
right_child=1 2 3 -5 -6 -7
leaf_value=-0.0017109709351999822 -0.0017109709351999822 -0.00070633659421789679 -0.00070633659421789679 0.0099482215505504023 -0.00070633659421789679 -0.00070633659421789679
leaf_weight=42.574444304802455 3.2435286232503264 9.4594228855567071 2.3487495207227758 8.8715176524128747 4.856722626136615 23.628153293742798
leaf_count=5995 695 1095 244 279 186 3304
internal_value=-2.32757e-05 0.00105022 0.00326003 0.00731232 -0.00109896 -0.000706337
internal_weight=94.9825 47.5514 20.6797 11.2203 47.4312 26.8717
internal_count=11798 5617 1618 523 6181 3999
is_linear=0
shrinkage=0.03


Tree=311
num_leaves=6
num_cat=0
split_feature=8 2 0 9 2
split_gain=0.136748 1.01445 0.606106 0.071368 0.0182531
threshold=94.771018455228997 78.987668298832219 88.389563455839152 53.37899543378996 98.394695170229625
decision_type=2 2 2 2 2
left_child=3 -2 -3 4 -1
right_child=1 2 -4 -5 -6
leaf_value=-0.0018308039457529731 -0.00044998580401007057 -0.00044998580401007057 0.018766088273556327 -0.00044998580401007057 -0.00044998580401007057
leaf_weight=41.516243766818661 5.1937435541767609 1.952013610396534 3.3289208756759763 42.253744020592421 0.78620596253313024
leaf_count=5815 502 99 41 5291 50
internal_value=-3.79246e-05 0.00303774 0.0124967 -0.000449986 -0.00166982
internal_weight=95.0309 10.4747 5.28093 84.5562 42.3024
internal_count=11798 642 140 11156 5865
is_linear=0
shrinkage=0.03


Tree=312
num_leaves=10
num_cat=0
split_feature=9 8 2 7 0 7 8 2 0
split_gain=0.116763 0.217253 0.437412 0.384792 0.171024 0.100524 0.0118682 0.00746955 0.00251792
threshold=53.37899543378996 55.63492063492064 72.391789957590092 66.410256410256423 95.642178910544743 95.603864734299535 94.771018455228997 98.394695170229625 90.683187632735724
decision_type=2 2 2 2 2 2 2 2 2
left_child=6 -2 5 4 -4 -3 7 -1 -5
right_child=1 2 3 8 -6 -7 -8 -9 -10
leaf_value=-0.0017355597630567224 -0.0010553917443683531 -0.0010553917443683531 -0.0010522963523654544 0.0060189947881787269 0.0066940063565713703 0.0055031130379923059 -0.0010553917443683531 -0.0010553917443683531 0.011487811073659723
leaf_weight=41.435065162484534 19.978389370255172 12.686466674553229 2.9102575579890972 4.8526052612578479 1.587665772764012 1.12921529309824 5.0648065538844085 0.78685365780256589 4.4658674206584692
leaf_count=5815 3474 1363 296 236 47 134 316 50 67
internal_value=-1.06117e-05 0.00102743 0.00271727 0.00630327 -0.000841404 -0.0010523 -0.00105539 -0.00157779 0.00949924
internal_weight=94.8972 47.6105 27.6321 13.8164 4.49792 13.8157 47.2867 42.2219 9.31847
internal_count=11798 5617 2143 646 343 1497 6181 5865 303
is_linear=0
shrinkage=0.03


Tree=313
num_leaves=9
num_cat=0
split_feature=9 8 2 7 0 7 8 2
split_gain=0.112229 0.212173 0.409632 0.357128 0.168585 0.135175 0.0142496 0.0081175
threshold=53.37899543378996 55.63492063492064 72.391789957590092 66.410256410256423 95.642178910544743 95.603864734299535 94.771018455228997 98.394695170229625
decision_type=2 2 2 2 2 2 2 2
left_child=6 -2 5 4 -4 -3 7 -1
right_child=1 2 3 -5 -6 -7 -8 -9
leaf_value=-0.0017528798993431218 -0.0010286777108487006 -0.0010286777108487006 -0.00096362656201233162 0.0092262508676907197 0.0067108227173597905 0.0064598890178451593 -0.0010286777108487006 -0.0010286777108487006
leaf_weight=41.417683605686761 19.971608423744328 12.676191727747208 2.9198474514996624 9.3324549837270734 1.5968127239029852 1.1894015236757685 5.0455573857761911 0.78762104292400081
leaf_count=5815 3474 1363 296 303 47 134 316 50
internal_value=-3.34458e-06 0.00101289 0.00267994 0.00614707 -0.000734357 -0.000963627 -0.00102868 -0.00159553
internal_weight=94.9372 47.6863 27.7147 13.8491 4.51666 13.8656 47.2509 42.2053
internal_count=11798 5617 2143 646 343 1497 6181 5865
is_linear=0
shrinkage=0.03


Tree=314
num_leaves=10
num_cat=0
split_feature=9 8 2 0 8 2 2 0 2
split_gain=0.1188 0.219251 0.418618 0.0759976 0.0200205 0.00828647 0.00797737 0.00488173 0.00245747
threshold=53.37899543378996 55.63492063492064 72.391789957590092 59.073955669224212 94.771018455228997 98.394695170229625 93.812925891867692 64.527657021171478 67.407766362990245
decision_type=2 2 2 2 2 2 2 2 2
left_child=4 6 7 -4 5 -1 8 -3 -2
right_child=1 2 3 -5 -6 -7 -8 -9 -10
leaf_value=-0.0017641656764022413 -0.0017641656764022413 -0.0009344558919615201 -0.00029154148139694106 0.0069078661056557926 -0.0009344558919615201 -0.0010312404198380947 -0.00029154148139694106 -0.00018671279952514388 -0.0009344558919615201
leaf_weight=41.225765160867013 11.836962998728287 5.4942840237636128 1.3733932154718775 12.643222533166407 5.0526090465718871 0.78780591511167486 1.9051084116799746 8.4197395843220857 6.2252992691937825
leaf_count=5815 2336 1151 218 428 316 50 192 346 946
internal_value=2.81866e-05 0.00106901 0.002752 0.00623001 -0.00103124 -0.00160503 -0.00103124 -0.000934456 -0.00151993
internal_weight=94.9642 47.898 27.9306 14.0166 47.0662 42.0136 19.9674 13.914 18.0623
internal_count=11798 5617 2143 646 6181 5865 3474 1497 3282
is_linear=0
shrinkage=0.03


Tree=315
num_leaves=6
num_cat=0
split_feature=9 8 11 8 11
split_gain=0.000583204 0.0470143 0.0142765 0.174417 0.0012907
threshold=82.704178537511879 95.538971807628528 79.645365010992961 38.92496392496394 99.765256922441125
decision_type=2 2 2 2 2
left_child=4 2 -2 -4 -1
right_child=1 -3 3 -5 -6
leaf_value=-0.00052471455576515516 -0.00039098448718353899 0.00416937533270421 -0.00039098448718353899 0.00416937533270421 -0.00039098448718353899
leaf_weight=72.502626826521009 12.875792903243569 1.0818685344420362 1.8653135960921634 4.3547466904856265 0.9087778392713507
leaf_count=9530 1775 91 175 146 29
internal_value=-0.000350776 -0.000192934 -0.000390984 0.00101146 -0.000390984
internal_weight=93.5891 20.1777 19.0959 6.22006 73.4114
internal_count=11746 2187 2096 321 9559
is_linear=0
shrinkage=0.03


Tree=316
num_leaves=3
num_cat=0
split_feature=11 9
split_gain=0.000425689 0.0066072
threshold=1.2269957122898301 89.309523809523824
decision_type=2 2
left_child=1 -1
right_child=-2 -3
leaf_value=-0.0026340980115091986 -0.0003334579162179026 -0.0003334579162179026
leaf_weight=0.24078077706508239 93.0738620669581 0.25528255198150873
leaf_count=55 11627 64
internal_value=-0.000346218 -0.000917155
internal_weight=93.5699 0.496063
internal_count=11746 119
is_linear=0
shrinkage=0.03


Tree=317
num_leaves=3
num_cat=0
split_feature=11 9
split_gain=0.00041371 0.00657408
threshold=1.2269957122898301 89.309523809523824
decision_type=2 2
left_child=1 -1
right_child=-2 -3
leaf_value=-0.0026277149230130403 -0.00033364854335178411 -0.00033364854335178411
leaf_weight=0.24019263661466439 93.073923941701651 0.25528578693047166
leaf_count=55 11627 64
internal_value=-0.00034631 -0.000911188
internal_weight=93.5694 0.495478
internal_count=11746 119
is_linear=0
shrinkage=0.03


Tree=318
num_leaves=3
num_cat=0
split_feature=11 9
split_gain=0.000406454 0.00655438
threshold=1.2269957122898301 89.309523809523824
decision_type=2 2
left_child=1 -1
right_child=-2 -3
leaf_value=-0.0026240470616293561 -0.00033380090701934313 -0.00033380090701934313
leaf_weight=0.23972025106195261 93.073861263517756 0.25528932199813426
leaf_count=55 11627 64
internal_value=-0.000346402 -0.000907613
internal_weight=93.5689 0.49501
internal_count=11746 119
is_linear=0
shrinkage=0.03


Tree=319
num_leaves=3
num_cat=0
split_feature=11 9
split_gain=0.000393647 0.00651822
threshold=1.2269957122898301 89.309523809523824
decision_type=2 2
left_child=1 -1
right_child=-2 -3
leaf_value=-0.0026170532464442312 -0.0003340298589954599 -0.0003340298589954599
leaf_weight=0.23913094855379213 93.073920189111959 0.25529234670102596
leaf_count=55 11627 64
internal_value=-0.000346524 -0.000901136
internal_weight=93.5683 0.494423
internal_count=11746 119
is_linear=0
shrinkage=0.03


Tree=320
num_leaves=3
num_cat=0
split_feature=11 1
split_gain=0.0599871 0.182714
threshold=98.94736113130979 22.384506041222462
decision_type=2 2
left_child=-1 -2
right_child=1 -3
leaf_value=0.00027057956444895596 0.00027057956444895596 0.0088284427105780727
leaf_weight=90.088094036327675 1.9021509042941027 2.0262892052996904
leaf_count=11576 65 74
internal_value=0.000450012 0.00367499
internal_weight=94.0165 3.92844
internal_count=11715 139
is_linear=0
shrinkage=0.03


Tree=321
num_leaves=3
num_cat=0
split_feature=11 1
split_gain=0.0403807 0.149437
threshold=98.94736113130979 22.384506041222462
decision_type=2 2
left_child=-1 -2
right_child=1 -3
leaf_value=0.00030622959422719131 0.00030622959422719131 0.0078124311102015526
leaf_weight=90.025945495057385 1.9030918066855513 2.0728257566224784
leaf_count=11576 65 74
internal_value=0.000455231 0.00308947
internal_weight=94.0019 3.97592
internal_count=11715 139
is_linear=0
shrinkage=0.03


Tree=322
num_leaves=3
num_cat=0
split_feature=11 1
split_gain=0.0469185 0.159837
threshold=98.94736113130979 22.384506041222462
decision_type=2 2
left_child=-1 -2
right_child=1 -3
leaf_value=0.00029836760414614182 0.00029836760414614182 0.0080627131772048211
leaf_weight=89.99425116868224 1.9046232691034664 2.1305608220864087
leaf_count=11576 65 74
internal_value=0.000459527 0.00328068
internal_weight=94.0294 4.03518
internal_count=11715 139
is_linear=0
shrinkage=0.03


Tree=323
num_leaves=3
num_cat=0
split_feature=11 1
split_gain=0.0290724 0.125095
threshold=98.94736113130979 22.384506041222462
decision_type=2 2
left_child=-1 -2
right_child=1 -3
leaf_value=0.00032325057347425883 0.00032325057347425883 0.0069296932219982737
leaf_weight=89.889394923287909 1.905032614711671 2.2201780658215284
leaf_count=11576 65 74
internal_value=0.000452404 0.00265452
internal_weight=94.0146 4.12521
internal_count=11715 139
is_linear=0
shrinkage=0.03


Tree=324
num_leaves=3
num_cat=0
split_feature=11 1
split_gain=0.0330158 0.131248
threshold=98.94736113130979 22.384506041222462
decision_type=2 2
left_child=-1 -2
right_child=1 -3
leaf_value=0.00032162478481050631 0.00032162478481050631 0.0070997031820127553
leaf_weight=89.877062537474558 1.9055622243322421 2.2617163420654833
leaf_count=11576 65 74
internal_value=0.000459507 0.00279552
internal_weight=94.0443 4.16728
internal_count=11715 139
is_linear=0
shrinkage=0.03


Tree=325
num_leaves=2
num_cat=0
split_feature=1
split_gain=0.00341417
threshold=99.757275833627915
decision_type=2
left_child=-1
right_child=-2
leaf_value=-0.00050632409832148252 0.000823973320737653
leaf_weight=93.530793928657658 0.90555289736948807
leaf_count=11651 42
internal_value=-0.000485068
internal_weight=94.4363
internal_count=11693
is_linear=0
shrinkage=0.03


Tree=326
num_leaves=3
num_cat=0
split_feature=11 11
split_gain=0.0128016 0.000546654
threshold=6.750117352526992 0.77821142587981973
decision_type=2 2
left_child=1 -1
right_child=-2 -3
leaf_value=-0.0030567812724043067 -0.00040361771930594228 -0.0012409912744419697
leaf_weight=0.33844384527765115 89.730177133984398 4.3226382052525878
leaf_count=70 10928 695
internal_value=-0.000496031 -0.00188951
internal_weight=94.3913 4.66108
internal_count=11693 765
is_linear=0
shrinkage=0.03


Tree=327
num_leaves=3
num_cat=0
split_feature=1 11
split_gain=0.0033443 0.00430378
threshold=99.757275833627915 6.750117352526992
decision_type=2 2
left_child=1 -1
right_child=-2 -3
leaf_value=-0.0013488200869164215 0.00081169705708127407 -0.00044997636602450242
leaf_weight=4.4151166062802067 0.90464129042811592 89.115052803303115
leaf_count=755 42 10896
internal_value=-0.000485228 -0.000506226
internal_weight=94.4348 93.5302
internal_count=11693 11651
is_linear=0
shrinkage=0.03


Tree=328
num_leaves=3
num_cat=0
split_feature=1 11
split_gain=0.00325426 0.00390487
threshold=99.757275833627915 6.750117352526992
decision_type=2 2
left_child=1 -1
right_child=-2 -3
leaf_value=-0.0013108999672983373 0.00079575757443571559 -0.00045197194176416959
leaf_weight=4.4137346481438717 0.90363167552277346 89.116125313332304
leaf_count=755 42 10896
internal_value=-0.00048528 -0.000505944
internal_weight=94.4335 93.5299
internal_count=11693 11651
is_linear=0
shrinkage=0.03


Tree=329
num_leaves=3
num_cat=0
split_feature=11 11
split_gain=0.00452742 0.0050685
threshold=6.750117352526992 0.77821142587981973
decision_type=2 2
left_child=1 -1
right_child=-2 -3
leaf_value=-0.0030451658581702483 -0.00043846606640111842 -0.00065670361477678234
leaf_weight=0.3374984625261267 89.76445024489658 4.2867818544618785
leaf_count=70 10928 695
internal_value=-0.000496305 -0.00134146
internal_weight=94.3887 4.62428
internal_count=11693 765
is_linear=0
shrinkage=0.03


Tree=330
num_leaves=5
num_cat=0
split_feature=11 0 8 8
split_gain=0.127909 0.0173863 0.00421684 0.000864804
threshold=99.765256922441125 99.757275833627915 4.0270270270270281 11.803405572755418
decision_type=2 2 2 2
left_child=1 2 -1 -4
right_child=-2 -3 3 -5
leaf_value=-0.0011030414455799919 0.0081252530362019362 0.0031897504683459001 -5.4618979826097684e-05 0.00041061282315744377
leaf_weight=0.79045287426561017 0.99193974980153043 1.0317038977518667 3.5163758440176016 88.879297781153582
leaf_count=232 31 45 814 10556
internal_value=0.000596089 0.00043232 0.000368249 0.000392512
internal_weight=95.2098 94.2178 93.1861 92.3957
internal_count=11678 11647 11602 11370
is_linear=0
shrinkage=0.03


Tree=331
num_leaves=6
num_cat=0
split_feature=11 8 0 8 0
split_gain=0.121469 0.00523982 0.00674768 0.00097896 0.00396506
threshold=99.765256922441125 11.803405572755418 99.757275833627915 4.0270270270270281 88.769635003141616
decision_type=2 2 2 2 2
left_child=1 3 -3 -1 -5
right_child=-2 2 -4 4 -6
leaf_value=-0.0010840913728654487 0.0079104427313503502 0.00044146526216080911 0.0022172890824059526 -0.00074753860132486258 0.00044146526216080911
leaf_weight=0.78914520877879013 1.0045793366152782 88.810765706002712 1.0454626504797477 2.8240483051631604 0.70361354900524009
leaf_count=232 31 10556 42 734 83
internal_value=0.00059653 0.000436213 0.000486304 -0.000501806 -0.00016088
internal_weight=95.1776 94.173 89.8562 4.31681 3.52766
internal_count=11678 11647 10598 1049 817
is_linear=0
shrinkage=0.03


Tree=332
num_leaves=6
num_cat=0
split_feature=11 8 0 8 0
split_gain=0.120806 0.00467697 0.00550596 0.0011914 0.0039723
threshold=99.765256922441125 11.803405572755418 99.757275833627915 4.0270270270270281 88.769635003141616
decision_type=2 2 2 2 2
left_child=1 3 -3 -1 -5
right_child=-2 2 -4 4 -6
leaf_value=-0.0010529217933734321 0.0079185646151657494 0.00047825579087593562 0.0020943579173774481 -0.00068804457138632439 0.00047825579087593562
leaf_weight=0.78757494338787992 1.009974724613129 88.796235022717156 1.0452199950814236 2.8205480255419393 0.70119971176609386
leaf_count=232 31 10556 42 734 83
internal_value=0.000633477 0.000472928 0.000519906 -0.000419918 -7.68077e-05
internal_weight=95.1608 94.1508 89.8415 4.30932 3.52175
internal_count=11678 11647 10598 1049 817
is_linear=0
shrinkage=0.03


Tree=333
num_leaves=6
num_cat=0
split_feature=11 8 0 8 0
split_gain=0.112385 0.0044602 0.0048005 0.00121455 0.00383988
threshold=99.765256922441125 11.803405572755418 99.757275833627915 4.0270270270270281 88.769635003141616
decision_type=2 2 2 2 2
left_child=1 3 -3 -1 -5
right_child=-2 2 -4 4 -6
leaf_value=-0.0010378827672993867 0.0076700997606105863 0.00048037231636728465 0.0019954501934077618 -0.00066403374741632974 0.00048037231636728465
leaf_weight=0.78650512208696355 1.0020387673284847 88.78525040554814 1.044078433420508 2.8180699478834872 0.70129389502108086
leaf_count=232 31 10556 42 734 83
internal_value=0.000628739 0.00047395 0.000519757 -0.000399531 -5.87865e-05
internal_weight=95.1372 94.1352 89.8293 4.30587 3.51936
internal_count=11678 11647 10598 1049 817
is_linear=0
shrinkage=0.03


Tree=334
num_leaves=3
num_cat=0
split_feature=11 0
split_gain=0.104078 0.00379027
threshold=99.765256922441125 99.757275833627915
decision_type=2 2
left_child=1 -1
right_child=-2 -3
leaf_value=0.00042528980011972842 0.0072634398590234149 0.0017649716449903415
leaf_weight=93.016832228051499 1.0752745133358974 1.0609562543686468
leaf_count=11602 31 45
internal_value=0.000610439 0.000458803
internal_weight=95.1531 94.0778
internal_count=11678 11647
is_linear=0
shrinkage=0.03


Tree=335
num_leaves=10
num_cat=0
split_feature=8 1 11 9 1 10 10 1 1
split_gain=0.0880066 0.165252 0.184312 0.0339805 0.0102071 0.0282944 0.0118786 0.0121677 0.00263096
threshold=94.771018455228997 15.209645770938762 11.055247816173267 53.37899543378996 89.796089159769608 45.512082853855013 15.700280112044819 27.955752480956576 18.781778293973421
decision_type=2 2 2 2 2 2 2 2 2
left_child=3 -2 -3 4 6 -6 7 -1 -8
right_child=1 2 -4 -5 5 -7 8 -9 -10
leaf_value=-0.0038408061760326815 0.00047657442627491197 0.00047657442627491197 0.0074520678516863149 0.00047657442627491197 -0.00056956263194687105 0.00047657442627491197 -0.0013161797919616254 -0.00056956263194687105 -0.00056956263194687105
leaf_weight=1.0830141248879948 2.6221673032268864 0.63832333777099837 7.3393301268806681 42.192189260385931 1.5909616581629951 4.9374477018136531 6.9099720293888813 2.3571970940101892 25.403261408675462
leaf_count=191 86 38 507 5228 206 409 1019 410 3603
internal_value=0.000819169 0.00327298 0.00564334 0.000476574 -0.000367129 0.000476574 -0.000569563 -0.00214461 -0.000569563
internal_weight=95.0739 10.5998 7.97765 84.474 42.2819 6.52841 35.7534 3.44021 32.3132
internal_count=11697 631 545 11066 5838 615 5223 601 4622
is_linear=0
shrinkage=0.03


Tree=336
num_leaves=7
num_cat=0
split_feature=8 10 7 10 9 11
split_gain=0.0686949 0.104194 0.0756772 0.0620784 0.0346914 0.0149115
threshold=94.771018455228997 77.58148035333538 95.603864734299535 98.65765765765768 58.066399733066412 22.710970822161133
decision_type=2 2 2 2 2 2
left_child=3 2 -2 4 -1 -6
right_child=1 -3 -4 -5 5 -7
leaf_value=-0.00033390664563996773 0.00055359736680548493 0.0054815925272695696 0.0054815925272695696 0.0041208358772726423 -0.00033390664563996773 0.00055359736680548493
leaf_weight=42.73184589331504 4.2296369016403315 5.8005046863108873 0.59054791694506992 3.1853853492066255 7.7782672221073872 30.673808074439876
leaf_count=6164 441 169 21 288 1435 3179
internal_value=0.000858753 0.00302662 0.000553597 0.000553597 0.000365192 0.000553597
internal_weight=94.99 10.6207 4.82018 84.3693 81.1839 38.4521
internal_count=11697 631 462 11066 10778 4614
is_linear=0
shrinkage=0.03


Tree=337
num_leaves=6
num_cat=0
split_feature=10 11 9 1 1
split_gain=0.0229462 0.0266044 0.00825345 0.0125979 5.15678e-05
threshold=98.65765765765768 42.95812362885534 58.066399733066412 18.781778293973421 41.448280167301341
decision_type=2 2 2 2 2
left_child=2 -2 3 -1 -4
right_child=1 -3 4 -5 -6
leaf_value=-0.00064232130093353347 0.00071858951612617148 0.0041821740446650654 0.00054998354071273531 0.00054998354071273531 0.00071858951612617148
leaf_weight=9.0783044346608204 1.388904618914238 2.9217767519876361 18.400638924213126 38.85925077740103 24.338897453737445
leaf_count=1238 143 171 1981 5254 2910
internal_value=0.000840176 0.0027809 0.00071859 0.000315676 0.00071859
internal_weight=94.9878 4.31068 90.6771 47.9376 42.7395
internal_count=11697 314 11383 6492 4891
is_linear=0
shrinkage=0.03


Tree=338
num_leaves=11
num_cat=0
split_feature=8 1 11 9 1 10 7 10 10 1
split_gain=0.0606951 0.138818 0.162261 0.0211194 0.0133631 0.0222648 0.0128544 0.0230033 0.00861278 0.00424894
threshold=94.771018455228997 15.209645770938762 11.055247816173267 53.37899543378996 89.796089159769608 45.512082853855013 60.172413793103452 60.128205128205131 8.3920187793427239 18.781778293973421
decision_type=2 2 2 2 2 2 2 2 2 2
left_child=3 -2 -3 4 8 -6 7 -4 -1 -10
right_child=1 2 6 -5 5 -7 -8 -9 9 -11
leaf_value=-0.0021245081744792446 0.00055493833951528063 0.00055493833951528063 0.00055493833951528063 0.00055493833951528063 -0.00037620873499978516 0.00055493833951528063 0.0077399173035022457 0.0043903515282130929 -0.0011276557988964921 -0.00037620873499978516
leaf_weight=1.5823336748871941 2.6270719955209625 0.63495393143966783 0.67377823602873821 42.272654374479316 1.5883102109655727 4.9990600240416825 5.4908004372846335 1.1925315130501983 7.2358643226325503 26.685683152172714
leaf_count=311 86 38 104 5228 206 409 331 72 1080 3832
internal_value=0.000842282 0.00288086 0.00512864 0.000554938 -0.000114572 0.000554938 0.00688102 0.00253538 -0.000376209 -0.000376209
internal_weight=94.983 10.6191 7.99206 84.3639 42.0913 6.58737 7.35711 1.86631 35.5039 33.9215
internal_count=11697 631 545 11066 5838 615 507 176 5223 4912
is_linear=0
shrinkage=0.03


Tree=339
num_leaves=10
num_cat=0
split_feature=8 1 10 7 9 1 10 10 1
split_gain=0.0407472 0.116436 0.083346 0.127061 0.0210608 0.0124804 0.0226564 0.00840812 0.00597813
threshold=94.771018455228997 15.209645770938762 60.128205128205131 95.69842738205368 53.37899543378996 89.796089159769608 45.512082853855013 8.3920187793427239 18.781778293973421
decision_type=2 2 2 2 2 2 2 2 2
left_child=4 -2 3 -3 5 7 -7 -1 -9
right_child=1 2 -4 -5 -6 6 -8 8 -10
leaf_value=-0.002043736169881944 0.00060284943597551505 0.00060284943597551505 0.006386228887416575 0.006386228887416575 0.00060284943597551505 -0.00031839144902514401 0.00060284943597551505 -0.0011829261142916857 -0.00031839144902514401
leaf_weight=1.5761361542390648 2.6270245853811494 1.8802099740132674 5.667143092607148 0.45417476748116303 42.293556485557929 1.5890848541166622 4.9730534235714003 7.2051561264088368 26.644410944893025
leaf_count=311 86 304 223 18 5228 206 409 1080 3832
internal_value=0.000840837 0.00251388 0.00465253 0.000602849 0.000602849 -6.75139e-05 0.000602849 -0.000318391 -0.000318391
internal_weight=94.91 10.6286 8.00153 2.33438 84.2814 41.9878 6.56214 35.4257 33.8496
internal_count=11697 631 545 322 11066 5838 615 5223 4912
is_linear=0
shrinkage=0.03


Tree=340
num_leaves=7
num_cat=0
split_feature=9 0 11 7 7 4
split_gain=0.0344024 0.270714 0.0216623 0.0200118 0.0146938 0.00900589
threshold=97.35087719298248 91.069158403254519 6.750117352526992 9.6006144393241186 94.058823529411782 92.891576061704328
decision_type=2 2 2 2 2 2
left_child=2 5 4 -4 -1 -2
right_child=1 -3 3 -5 -6 -7
leaf_value=-0.0034823398812089991 -0.00047367158082866197 0.0098637496521267586 -0.00270399816673071 -0.00047367158082866197 -0.00047367158082866197 0.0050714769059878604
leaf_weight=2.664263533311896 2.9341180886840457 1.5920172093901781 2.3824716295348471 83.471101523493417 0.30016025761142362 0.40549080283381034
leaf_count=527 405 41 559 10069 79 12
internal_value=-0.000330736 0.00188938 -0.000473672 -0.000473672 -0.002704 -0.000473672
internal_weight=93.7496 4.93163 88.818 85.8536 2.96442 3.33961
internal_count=11692 458 11234 10628 606 417
is_linear=0
shrinkage=0.03


Tree=341
num_leaves=7
num_cat=0
split_feature=9 0 11 7 7 4
split_gain=0.0226205 0.0975888 0.0147898 0.0319341 0.0116882 2.35952e-05
threshold=98.742088607594951 89.550466196334256 6.750117352526992 9.6006144393241186 94.058823529411782 69.110737769023572
decision_type=2 2 2 2 2 2
left_child=2 5 4 -4 -1 -2
right_child=1 -3 3 -5 -6 -7
leaf_value=-0.0029092143279025929 -0.00042989181124154059 0.007163994632135906 -0.0022147308601942464 -0.00042989181124154059 -0.00042989181124154059 0.0014359905223956574
leaf_weight=2.9368133465759456 1.2438829169841481 0.89712140802294005 2.6463442824315271 84.716943442123011 0.29955805162899185 0.96221748366951931
leaf_count=563 214 28 599 10133 79 76
internal_value=-0.000335514 0.00185313 -0.000429892 -0.000429892 -0.00221473 -0.000429892
internal_weight=93.7029 3.10322 90.5997 87.3633 3.23637 2.2061
internal_count=11692 318 11374 10732 642 290
is_linear=0
shrinkage=0.03


Tree=342
num_leaves=8
num_cat=0
split_feature=7 1 9 4 11 4 1
split_gain=0.0103351 0.0301325 0.021195 0.0698631 0.0524053 0.0597166 0.00319628
threshold=9.6006144393241186 99.757275833627915 97.35087719298248 72.635543510071145 6.750117352526992 97.882975412387196 13.653415274310225
decision_type=2 2 2 2 2 2 2
left_child=6 2 4 -4 -2 -6 -1
right_child=1 -3 3 -5 5 -7 -8
leaf_value=-0.0039924954087874522 -0.0018681947743817862 0.0035378630687719899 -0.00045312480076975764 0.0035378630687719899 -0.00047353941181342416 0.0022362057768290709 -0.0018681947743817862
leaf_weight=0.41087861987762142 2.6461869012564412 0.84537006262689729 1.6379190180450667 3.0783752298448235 75.549138339236379 7.1010909918695679 2.4030457744374871
leaf_count=96 546 42 281 136 9804 232 555
internal_value=-0.000332464 -0.000265081 -0.000339277 0.00143878 -0.000453125 -0.000453125 -0.00186819
internal_weight=93.672 90.8581 90.0127 4.71629 85.2964 82.6502 2.81392
internal_count=11692 11041 10999 417 10582 10036 651
is_linear=0
shrinkage=0.03


Tree=343
num_leaves=9
num_cat=0
split_feature=7 1 4 11 11 1 4 11
split_gain=0.0044779 0.0318509 0.0296353 0.0513274 0.0334071 0.013913 0.00397256 0.00367017
threshold=9.6006144393241186 99.757275833627915 97.882975412387196 23.038595184909411 99.765256922441125 13.653415274310225 10.864075537988585 75.730443892596625
decision_type=2 2 2 2 2 2 2 2
left_child=5 2 4 -4 -2 -1 -7 -5
right_child=1 -3 3 7 -6 6 -8 -9
leaf_value=-0.0038650157697767691 -0.00061283115914072565 0.0036317468362823319 -0.00052035365213298074 0.00083778293102589746 0.002664525863450961 -0.0026786637430591211 -0.00061283115914072565 0.0030948534952150077
leaf_weight=0.40800766088068607 81.122346798074432 0.85038988292217155 1.270529874600469 1.8011700459755955 1.1742709870450188 0.34112292132340405 2.032401452306658 4.6991267572157085
leaf_count=96 10710 42 64 68 33 87 468 124
internal_value=-0.000318219 -0.000272757 -0.000349097 0.00131713 -0.000520354 -0.00133914 -0.000612831 0.00266453
internal_weight=93.6994 90.9178 90.0674 7.77083 82.2966 2.78153 2.37352 6.5003
internal_count=11692 11041 10999 256 10743 651 555 192
is_linear=0
shrinkage=0.03


Tree=344
num_leaves=8
num_cat=0
split_feature=9 4 11 7 11 0 11
split_gain=0.0108873 0.0736657 0.0240399 0.00839346 0.0095651 0.00237206 0.00113711
threshold=98.742088607594951 69.110737769023572 1.6646872525732386 9.6006144393241186 6.750117352526992 89.550466196334256 18.75715102974829
decision_type=2 2 2 2 2 2 2
left_child=2 -2 -1 6 -5 -3 -4
right_child=1 5 3 4 -6 -7 -8
leaf_value=-0.003929116522625834 -0.00037541176643260182 0.0013520588067096829 -0.0027145162263980142 -0.0018583107628228636 -0.00037541176643260182 0.0057935960481047943 -0.00082846998790267066
leaf_weight=0.72437602828722347 1.2152698440477245 0.95791208907030501 0.58712348551489446 2.4205661867745212 84.692770211549941 0.92370853596366942 2.1239922139793634
leaf_count=164 214 76 159 444 10133 28 474
internal_value=-0.000310621 0.00121301 -0.000375412 -0.000375412 -0.000375412 0.00478634 -0.00185831
internal_weight=93.6457 3.09689 90.5488 89.8245 87.1133 1.88162 2.71112
internal_count=11692 318 11374 11210 10577 104 633
is_linear=0
shrinkage=0.03


Tree=345
num_leaves=3
num_cat=0
split_feature=7 7
split_gain=0.00671061 0.000674419
threshold=3.9607843137254908 15.954545454545455
decision_type=2 2
left_child=-1 -2
right_child=1 -3
leaf_value=-0.0020485779833561693 -0.00041806069732724802 -8.0808258177335755e-05
leaf_weight=0.62731510412413527 4.7804238199023521 87.999098949250765
leaf_count=168 1035 10625
internal_value=-0.000137089 -0.000102458
internal_weight=93.4068 92.7795
internal_count=11828 11660
is_linear=0
shrinkage=0.03


Tree=346
num_leaves=3
num_cat=0
split_feature=7 7
split_gain=0.0065951 0.000676616
threshold=3.9607843137254908 15.954545454545455
decision_type=2 2
left_child=-1 -2
right_child=1 -3
leaf_value=-0.0020330910209122644 -0.00041913859288741814 -8.1301851362398331e-05
leaf_weight=0.62604836351238091 4.7798821278847745 87.998760413262062
leaf_count=168 1035 10625
internal_value=-0.000137326 -0.000102991
internal_weight=93.4047 92.7786
internal_count=11828 11660
is_linear=0
shrinkage=0.03


Tree=347
num_leaves=3
num_cat=0
split_feature=7 7
split_gain=0.00592585 0.000660213
threshold=3.9607843137254908 15.954545454545455
decision_type=2 2
left_child=-1 -2
right_child=1 -3
leaf_value=-0.0019362284155994558 -0.00041733739916999577 -8.3416406781632008e-05
leaf_weight=0.62340512010268767 4.7788814880186683 88.000209180754609
leaf_count=168 1035 10625
internal_value=-0.000137487 -0.000104883
internal_weight=93.4025 92.7791
internal_count=11828 11660
is_linear=0
shrinkage=0.03


Tree=348
num_leaves=3
num_cat=0
split_feature=7 7
split_gain=0.0058669 0.00064285
threshold=3.9607843137254908 15.954545454545455
decision_type=2 2
left_child=-1 -2
right_child=1 -3
leaf_value=-0.0019280677677007243 -0.00041362273106950164 -8.4006647477554992e-05
leaf_weight=0.62231358606368203 4.778282238286919 88.000105770654045
leaf_count=168 1035 10625
internal_value=-0.000137653 -0.000105212
internal_weight=93.4007 92.7784
internal_count=11828 11660
is_linear=0
shrinkage=0.03


Tree=349
num_leaves=3
num_cat=0
split_feature=7 7
split_gain=0.00587126 0.000596939
threshold=3.9607843137254908 15.954545454545455
decision_type=2 2
left_child=-1 -2
right_child=1 -3
leaf_value=-0.0019289348293422028 -0.0004023122675297258 -8.4436750477723493e-05
leaf_weight=0.62140994693618168 4.7767966500250614 88.000077770906501
leaf_count=168 1035 10625
internal_value=-0.00013736 -0.000104919
internal_weight=93.3983 92.7769
internal_count=11828 11660
is_linear=0
shrinkage=0.03


Tree=350
num_leaves=4
num_cat=0
split_feature=9 1 10
split_gain=0.00612402 0.0654083 0.0281929
threshold=3.7855266300453789 67.540859583088462 81.380952380952394
decision_type=2 2 2
left_child=1 2 -1
right_child=-2 -3 -4
leaf_value=-0.0084994197511605116 -0.00038308361572835794 -0.00038308361572835794 -0.00038308361572835794
leaf_weight=0.37193438969552406 93.710561027866788 0.81946115696337074 0.29885561799164861
leaf_count=78 11524 118 67
internal_value=-0.000426712 -0.00191466 -0.00661344
internal_weight=95.2008 1.49025 0.67079
internal_count=11787 263 145
is_linear=0
shrinkage=0.03


Tree=351
num_leaves=4
num_cat=0
split_feature=9 1 7
split_gain=0.000757524 0.0429275 0.0417725
threshold=3.7855266300453789 67.540859583088462 49.61538461538462
decision_type=2 2 2
left_child=1 2 -1
right_child=-2 -3 -4
leaf_value=-0.0079772807001755545 -0.00040354104273706556 -0.00040354104273706556 -0.00040354104273706556
leaf_weight=0.34997916023712494 93.756777897360735 0.81927791202906519 0.29065098881255835
leaf_count=78 11524 118 67
internal_value=-0.000423037 -0.00100206 -0.00532138
internal_weight=95.2167 1.45991 0.64063
internal_count=11787 263 145
is_linear=0
shrinkage=0.03


Tree=352
num_leaves=4
num_cat=0
split_feature=9 1 7
split_gain=0.000791806 0.0432195 0.0419948
threshold=3.7855266300453789 67.540859583088462 49.61538461538462
decision_type=2 2 2
left_child=1 2 -1
right_child=-2 -3 -4
leaf_value=-0.0080071146992959624 -0.00040515301264151452 -0.00040515301264151452 -0.00040515301264151452
leaf_weight=0.34860438224859425 93.756310803699307 0.81929187814239413 0.29066211089957505
leaf_count=78 11524 118 67
internal_value=-0.000424948 -0.00101504 -0.00534343
internal_weight=95.2149 1.45856 0.639266
internal_count=11787 263 145
is_linear=0
shrinkage=0.03


Tree=353
num_leaves=4
num_cat=0
split_feature=9 1 7
split_gain=0.000813088 0.0434046 0.0421441
threshold=3.7855266300453789 67.540859583088462 49.61538461538462
decision_type=2 2 2
left_child=1 2 -1
right_child=-2 -3 -4
leaf_value=-0.0080276555417265437 -0.00040705925272007548 -0.00040705925272007548 -0.00040705925272007548
leaf_weight=0.34762244147714116 93.755257515585981 0.81930314574856311 0.29067408083938062
leaf_count=78 11524 118 67
internal_value=-0.000427053 -0.00102418 -0.0053585
internal_weight=95.2129 1.4576 0.638297
internal_count=11787 263 145
is_linear=0
shrinkage=0.03


Tree=354
num_leaves=4
num_cat=0
split_feature=7 10 10
split_gain=0.000347537 0.0037196 0.000111234
threshold=3.9607843137254908 40.138888888888893 99.367088607594951
decision_type=2 2 2
left_child=1 -1 -2
right_child=2 -3 -4
leaf_value=-0.0021494690743639566 -0.00041642136905055036 -0.00041642136905055036 -0.00018739904071516728
leaf_weight=0.34006374306045373 90.445022457046434 0.21191227878443897 4.2146906816633409
leaf_count=87 11329 62 309
internal_value=-0.00042994 -0.000986159 -0.000416421
internal_weight=95.2117 0.551976 94.6597
internal_count=11787 149 11638
is_linear=0
shrinkage=0.03


Tree=355
num_leaves=4
num_cat=0
split_feature=1 9 9
split_gain=0.00386265 0.0565904 0.0374529
threshold=6.5138816134101623 31.612258494337112 96.214473369954632
decision_type=2 2 2
left_child=1 -1 -2
right_child=2 -3 -4
leaf_value=-0.0055085728122818206 -0.0008447189663690816 -0.0008447189663690816 0.0014668509361405568
leaf_weight=1.5897323905955989 81.578443631180562 5.114129509893246 5.4418564322404555
leaf_count=237 10460 531 555
internal_value=-0.000917065 -0.00162461 -0.000844719
internal_weight=93.7242 6.70386 87.0203
internal_count=11783 768 11015
is_linear=0
shrinkage=0.03


Tree=356
num_leaves=7
num_cat=0
split_feature=1 4 9 9 4 4
split_gain=0.00398244 0.19845 0.0404657 0.0295355 0.0103191 0.002191
threshold=6.5138816134101623 89.404677533664085 34.641025641025649 96.214473369954632 72.22875816993465 8.4869282630838647
decision_type=2 2 2 2 2 2
left_child=1 -1 -3 -2 5 -5
right_child=3 2 -4 4 -6 -7
leaf_value=-0.009092153922026008 -0.00085445892140025015 -0.0071052825571008933 -0.00085445892140025015 -0.00085445892140025015 0.00212507531812364 0.00027850493208083754
leaf_weight=1.7138100294978347 81.490710927755572 1.2078007670352233 3.761352454428561 0.35973805841058437 3.0667932196520269 2.0600909332279116
leaf_count=390 10460 124 254 55 150 350
internal_value=-0.000927795 -0.0016468 -0.000854459 -0.000854459 0.0011975 -0.000255723
internal_weight=93.6603 6.68296 4.96915 86.9773 5.48662 2.41983
internal_count=11783 768 378 11015 555 405
is_linear=0
shrinkage=0.03


Tree=357
num_leaves=4
num_cat=0
split_feature=1 4 4
split_gain=0.000455839 0.163572 0.00140894
threshold=6.5138816134101623 89.404677533664085 5.3021175611537066
decision_type=2 2 2
left_child=1 -1 -2
right_child=2 -3 -4
leaf_value=-0.0083696763399223571 -0.0016040013433569113 -0.00090162638185481371 -0.00085884887410564057
leaf_weight=1.6794183429446992 2.9023727760650209 4.9645853376714513 84.151181119959801
leaf_count=390 592 378 10423
internal_value=-0.00094579 -0.00133079 -0.000901626
internal_weight=93.6976 6.644 87.0536
internal_count=11783 768 11015
is_linear=0
shrinkage=0.03


Tree=358
num_leaves=4
num_cat=0
split_feature=1 4 4
split_gain=0.000405513 0.162396 0.00149774
threshold=6.5138816134101623 89.404677533664085 5.3021175611537066
decision_type=2 2 2
left_child=1 -1 -2
right_child=2 -3 -4
leaf_value=-0.0083564184774871375 -0.0016223330253533144 -0.0009053377932399597 -0.00086184050138158079
leaf_weight=1.6719137307372864 2.9030739096924654 4.9633550019934773 84.150661543128081
leaf_count=390 592 378 10423
internal_value=-0.000948994 -0.00132817 -0.000905338
internal_weight=93.689 6.63527 87.0537
internal_count=11783 768 11015
is_linear=0
shrinkage=0.03


Tree=359
num_leaves=2
num_cat=0
split_feature=4
split_gain=0.000365766
threshold=5.3021175611537066
decision_type=2
left_child=-1
right_child=-2
leaf_value=-0.0014970858665845053 -0.00092341360523252045
leaf_weight=2.9134429948171592 90.766286968253553
leaf_count=598 11185
internal_value=-0.000956879
internal_weight=93.6797
internal_count=11783
is_linear=0
shrinkage=0.03


Tree=360
num_leaves=7
num_cat=0
split_feature=1 7 0 1 7 0
split_gain=0.0123944 0.0208701 0.0475758 0.00604971 0.00749459 0.00658168
threshold=85.508967606458057 93.142633228840126 57.193539648046858 0.4944564646057184 5.6349206349206353 99.757275833627915
decision_type=2 2 2 2 2 2
left_child=3 -2 -3 -1 -5 -6
right_child=1 2 -4 4 5 -7
leaf_value=-0.0017573836208173539 0.00057977344248514911 0.00057977344248514911 0.0062142610614239462 -0.001656243008147464 0.00014253686715027199 0.00057977344248514911
leaf_weight=0.44103222596458991 17.114883829024624 0.85271758632734318 1.0829744327347723 0.90630415792111207 73.460618321201764 0.95402236981317301
leaf_count=49 1596 89 24 259 9685 31
internal_value=0.000354088 0.00101828 0.00337727 0.000175984 0.000210183 0.000254575
internal_weight=94.8126 19.0506 1.93569 75.762 75.3209 74.4146
internal_count=11733 1709 113 10024 9975 9716
is_linear=0
shrinkage=0.03


Tree=361
num_leaves=7
num_cat=0
split_feature=1 7 0 1 0 7
split_gain=0.0102054 0.0189693 0.0451178 0.0061265 0.00619256 0.001225
threshold=85.508967606458057 93.142633228840126 57.193539648046858 0.4944564646057184 99.757275833627915 5.6349206349206353
decision_type=2 2 2 2 2 2
left_child=3 -2 -3 -1 5 -5
right_child=1 2 -4 4 -6 -7
leaf_value=-0.0017362044106587337 0.00055986088694329422 0.00055986088694329422 0.0060163572944665934 -0.00062701266840458117 0.00055986088694329422 0.00015551667023898811
leaf_weight=0.44131737138377403 17.121210008743223 0.85212267213500936 1.0759622943587599 0.87734131200704624 0.95635552983730931 73.445978836738504
leaf_count=49 1596 89 24 259 31 9685
internal_value=0.000374534 0.000977863 0.00323081 0.000211986 0.000246018 0.000138078
internal_weight=94.7703 19.0493 1.92808 75.721 75.2797 74.3233
internal_count=11733 1709 113 10024 9975 9944
is_linear=0
shrinkage=0.03


Tree=362
num_leaves=6
num_cat=0
split_feature=1 7 1 7 7
split_gain=0.00841405 0.0200882 0.00660942 0.00183833 0.00157914
threshold=85.508967606458057 93.142633228840126 0.4944564646057184 16.794871794871799 5.6349206349206353
decision_type=2 2 2 2 2
left_child=2 3 -1 -2 -4
right_child=1 -3 4 -5 -6
leaf_value=-0.0017933305922564066 0.00026743297696132072 0.0032405429371649883 -0.0006244718441816183 0.00066928795918156053 0.00026743297696132072
leaf_weight=0.43993813893757661 1.1744562636595279 1.9314328089822073 0.87649901083204795 15.979025898850521 74.375716104870662
leaf_count=49 182 113 259 1414 9716
internal_value=0.000380662 0.000928491 0.000232228 0.000503993 0.000267433
internal_weight=94.7771 19.0849 75.6922 17.1535 75.2522
internal_count=11733 1709 10024 1596 9975
is_linear=0
shrinkage=0.03


Tree=363
num_leaves=10
num_cat=0
split_feature=1 0 1 7 0 7 7 1 1
split_gain=0.00751726 0.0304102 0.00939035 0.0180695 0.0371314 0.00188546 0.00126021 0.00361946 0.000112726
threshold=0.4944564646057184 99.757275833627915 85.508967606458057 93.142633228840126 57.193539648046858 16.794871794871799 5.6349206349206353 69.516802850648162 46.625240920127162
decision_type=2 2 2 2 2 2 2 2 2
left_child=-1 2 6 5 -5 -4 7 -2 -8
right_child=1 -3 3 4 -6 -7 8 -9 -10
leaf_value=-0.0017882173948927382 -0.0014375042800011952 0.004124259302588508 0.00017993274494056813 0.00051008702233338048 0.004124259302588508 0.00051008702233338048 0.00012005490141339149 0.00017993274494056813 0.00017993274494056813
leaf_weight=0.44029170845169474 0.70346950076054682 0.96149846678599615 1.1743438219418809 0.85288009489886363 1.0770361623726783 15.970656035467981 42.653355637099594 0.1719259642995894 30.754395783063956
leaf_count=49 212 32 182 89 24 1413 5234 47 4451
internal_value=0.000390869 0.000419695 0.000338237 0.000915046 0.00311065 0.000510087 0.000179933 -0.000608759 0.000179933
internal_weight=94.7599 94.3196 93.3581 19.0749 1.92992 17.145 74.2831 0.875395 73.4078
internal_count=11733 11684 11652 1708 113 1595 9944 259 9685
is_linear=0
shrinkage=0.03


Tree=364
num_leaves=10
num_cat=0
split_feature=1 0 1 7 0 7 7 1 1
split_gain=0.00747055 0.0292181 0.00845542 0.0183099 0.0368695 0.00165004 0.00123822 0.00360166 0.000120951
threshold=0.4944564646057184 99.757275833627915 85.508967606458057 93.142633228840126 57.193539648046858 16.794871794871799 5.6349206349206353 69.516802850648162 46.625240920127162
decision_type=2 2 2 2 2 2 2 2 2
left_child=-1 2 6 5 -5 -4 7 -2 -8
right_child=1 -3 3 4 -6 -7 8 -9 -10
leaf_value=-0.0017802061149702897 -0.0014225204673172737 0.0040575014137236055 0.00019042886083945465 0.0004831428562709433 0.0040575014137236055 0.0004831428562709433 0.00012856129861885221 0.00019042886083945465 0.00019042886083945465
leaf_weight=0.44068574684206296 0.7021873346529891 0.95622894773259659 1.1742239139275685 0.85256926994770665 1.0760126987006513 15.968020918196997 42.649691963917576 0.1718744314275682 30.75136805837974
leaf_count=49 212 32 182 89 24 1413 5234 47 4451
internal_value=0.000392124 0.000420849 0.000340983 0.000888645 0.00309725 0.000483143 0.000190429 -0.000593149 0.000190429
internal_weight=94.7429 94.3022 93.3459 19.0708 1.92858 17.1422 74.2751 0.874062 73.4011
internal_count=11733 11684 11652 1708 113 1595 9944 259 9685
is_linear=0
shrinkage=0.03


Tree=365
num_leaves=7
num_cat=0
split_feature=10 11 2 11 9 9
split_gain=0.0293765 0.12398 0.0296923 0.0116022 0.0150598 0.00356608
threshold=99.367088607594951 26.002708584675801 45.428422152560088 6.750117352526992 16.56118143459916 75.65835065835067
decision_type=2 2 2 2 2 2
left_child=3 -2 -3 4 -1 -5
right_child=1 2 -4 5 -6 -7
leaf_value=-0.004691939098618844 -0.00070895245560697608 -0.00010404548885173417 0.006459003260636512 -0.00085128327273701297 -0.00085128327273701297 -0.00070895245560697608
leaf_weight=0.56986042961943795 0.94842984818387721 0.7281521521508697 2.24841114343144 61.101674155914225 3.7627113003982231 25.372490148060024
leaf_count=76 101 82 132 8261 658 2491
internal_value=-0.000593202 0.00168495 0.00523107 -0.000708952 -0.00214158 -0.000708952
internal_weight=94.7317 3.92499 2.97656 90.8067 4.33257 86.4742
internal_count=11801 315 214 11486 734 10752
is_linear=0
shrinkage=0.03


Tree=366
num_leaves=6
num_cat=0
split_feature=10 11 2 11 9
split_gain=0.0171459 0.1029 0.0234389 0.00649784 0.0210653
threshold=99.367088607594951 26.002708584675801 45.428422152560088 6.750117352526992 16.56118143459916
decision_type=2 2 2 2 2
left_child=3 -2 -3 4 -1
right_child=1 2 -4 -5 -6
leaf_value=-0.0047317698077842018 -0.00068181732948428202 -0.00013726174755867589 0.0056347538725341024 -0.00068181732948428202 -0.00068181732948428202
leaf_weight=0.56910191627684881 0.94894081068923641 0.72693004086613688 2.2771416022442281 86.512032800237648 3.7342267057392746
leaf_count=76 101 82 132 10752 658
internal_value=-0.000594164 0.00115065 0.00455258 -0.000681817 -0.00177286
internal_weight=94.7684 3.95301 3.00407 90.8154 4.30333
internal_count=11801 315 214 11486 734
is_linear=0
shrinkage=0.03


Tree=367
num_leaves=7
num_cat=0
split_feature=11 10 10 9 9 10
split_gain=0.0152555 0.0214965 0.014741 0.030369 0.00863801 0.00404498
threshold=6.750117352526992 77.179023508137462 99.367088607594951 75.65835065835067 32.063376874697632 29.198717948717952
decision_type=2 2 2 2 2 2
left_child=1 5 3 -2 -4 -1
right_child=2 -3 4 -5 -6 -7
leaf_value=-0.0052235113362994381 -0.0005076278544999971 -0.0005076278544999971 -0.0005076278544999971 0.00052605023632277116 0.0020044330418004298 -0.0016552331458023618
leaf_weight=0.53286004625260863 61.035083210095763 1.8033668952994046 1.192350460798479 25.405357304611243 2.4159962995909154 2.331350491149351
leaf_count=111 8261 269 96 2491 172 401
internal_value=-0.00060918 -0.00213311 -0.000507628 -0.000507628 0.0012055 -0.00349905
internal_weight=94.7164 4.66758 90.0488 86.4404 3.60835 2.86421
internal_count=11801 781 11020 10752 268 512
is_linear=0
shrinkage=0.03


Tree=368
num_leaves=7
num_cat=0
split_feature=11 10 10 9 9 10
split_gain=0.0158282 0.0213713 0.014861 0.0213375 0.00884967 0.00254312
threshold=6.750117352526992 77.179023508137462 99.367088607594951 75.65835065835067 32.063376874697632 29.198717948717952
decision_type=2 2 2 2 2 2
left_child=1 5 3 -2 -4 -1
right_child=2 -3 4 -5 -6 -7
leaf_value=-0.0051591260653367664 -0.00053005158763634803 -0.00053005158763634803 -0.00053005158763634803 0.00034189578293321332 0.0020014889035738451 -0.0017377892142398858
leaf_weight=0.52993532537948373 60.958044538390823 1.803668479202315 1.1934841138427139 25.453089146409184 2.4174727818462998 2.3281386443413794
leaf_count=111 8261 269 96 2491 172 401
internal_value=-0.000633665 -0.0021875 -0.000530052 -0.000530052 0.00119088 -0.00354496
internal_weight=94.6838 4.66174 90.0221 86.4111 3.61096 2.85807
internal_count=11801 781 11020 10752 268 512
is_linear=0
shrinkage=0.03


Tree=369
num_leaves=8
num_cat=0
split_feature=11 9 7 10 9 9 10
split_gain=0.0075445 0.0216122 0.0296602 0.0148388 0.026828 0.00871231 0.000777275
threshold=6.750117352526992 16.56118143459916 13.423423423423426 99.367088607594951 75.65835065835067 32.063376874697632 25.760368663594473
decision_type=2 2 2 2 2 2 2
left_child=1 -1 -3 4 -2 -5 -4
right_child=3 2 6 5 -6 -7 -8
leaf_value=-0.0047337056954034028 -0.00055416609704503589 -0.0047337056954034028 -0.0034628906756420073 -0.00055416609704503589 0.00041815872274464816 0.0019714754509853136 -0.00055416609704503589
leaf_weight=0.56751021824311365 60.9423689218238 0.34287176048383106 0.40385538164992052 1.1933832106878974 25.523490268155001 2.4191378654213622 3.3077119056833908
leaf_count=78 8261 54 84 96 2491 172 565
internal_value=-0.000628367 -0.00171869 -0.000554166 -0.000554166 -0.000554166 0.00116686 -0.000554166
internal_weight=94.7003 4.62195 4.05444 90.0784 86.4659 3.61252 3.71157
internal_count=11801 781 703 11020 10752 268 649
is_linear=0
shrinkage=0.03


Tree=370
num_leaves=6
num_cat=0
split_feature=1 9 7 7 9
split_gain=0.0579207 0.0304537 0.0305509 0.0262572 0.0590716
threshold=6.5138816134101623 80.795574288724993 83.469945355191285 98.373876255949241 98.742088607594951
decision_type=2 2 2 2 2
left_child=1 2 -1 4 -2
right_child=3 -3 -4 -5 -6
leaf_value=-0.0049460236148342832 -7.9605248529369361e-05 -7.9605248529369361e-05 -7.9605248529369361e-05 0.002263144170370498 0.002263144170370498
leaf_weight=3.6944661999586961 81.732833716901951 1.736832784139551 0.37409035861492146 3.3068049598950884 1.7771913515171025
leaf_count=527 10421 142 56 294 232
internal_value=-0.000289452 -0.00295478 -0.00414262 -7.96052e-05 -7.96052e-05
internal_weight=92.6222 5.80539 4.06856 86.8168 83.51
internal_count=11672 725 583 10947 10653
is_linear=0
shrinkage=0.03


Tree=371
num_leaves=6
num_cat=0
split_feature=1 9 7 7 9
split_gain=0.0415592 0.0228889 0.0256188 0.0156774 0.048603
threshold=6.5138816134101623 80.795574288724993 83.469945355191285 98.373876255949241 98.742088607594951
decision_type=2 2 2 2 2
left_child=1 2 -1 4 -2
right_child=3 -3 -4 -5 -6
leaf_value=-0.0043595783241612241 -0.00011040583680391468 -0.00011040583680391468 -0.00011040583680391468 0.0016942601802794094 0.0016942601802794094
leaf_weight=3.6552773698349474 81.739780676900409 1.7354314449476076 0.37436698295641679 3.3360750597203142 1.7773062022170041
leaf_count=527 10421 142 56 294 232
internal_value=-0.000288114 -0.00255329 -0.00359249 -0.000110406 -0.000110406
internal_weight=92.6182 5.76508 4.02964 86.8532 83.5171
internal_count=11672 725 583 10947 10653
is_linear=0
shrinkage=0.03


Tree=372
num_leaves=4
num_cat=0
split_feature=1 9 9
split_gain=0.036908 0.022099 0.0156969
threshold=6.5138816134101623 80.795574288724993 98.742088607594951
decision_type=2 2 2
left_child=1 -1 -2
right_child=2 -3 -4
leaf_value=-0.0034478523864780717 -0.00011788517488938477 -0.00011788517488938477 0.0017763961615071273
leaf_weight=4.0293634250410824 83.795115651795641 1.7370170308277009 2.9408853321801862
leaf_count=583 10637 142 310
internal_value=-0.000285754 -0.00242019 -0.000117885
internal_weight=92.5024 5.76638 86.736
internal_count=11672 725 10947
is_linear=0
shrinkage=0.03


Tree=373
num_leaves=4
num_cat=0
split_feature=1 9 9
split_gain=0.0331713 0.0205319 0.0153568
threshold=6.5138816134101623 80.795574288724993 98.742088607594951
decision_type=2 2 2
left_child=1 -1 -2
right_child=2 -3 -4
leaf_value=-0.003305968010693227 -0.00012841432501657833 -0.00012841432501657833 0.0017446166419042115
leaf_weight=4.0251670051366082 83.803876814083196 1.7374922764720393 2.9443054054863742
leaf_count=583 10637 142 310
internal_value=-0.0002877 -0.00231195 -0.000128414
internal_weight=92.5108 5.76266 86.7482
internal_count=11672 725 10947
is_linear=0
shrinkage=0.03


Tree=374
num_leaves=5
num_cat=0
split_feature=1 9 9 9
split_gain=0.0272176 0.0225947 0.0056457 1.14335e-05
threshold=6.5138816134101623 80.795574288724993 98.742088607594951 96.214473369954632
decision_type=2 2 2 2
left_child=1 -1 3 -2
right_child=2 -3 -4 -5
leaf_value=-0.0031982579190794509 -0.00014049284895568224 -0.00014049284895568224 0.00099116880421997074 0.00012025630680786741
leaf_weight=4.0079986617784007 81.04366125841625 1.7536414540372787 2.9830088729504487 2.7495010482380158
leaf_count=583 10389 142 310 248
internal_value=-0.00028502 -0.00211904 -0.000140493 -0.000140493
internal_weight=92.5378 5.76164 86.7762 83.7932
internal_count=11672 725 10947 10637
is_linear=0
shrinkage=0.03


Tree=375
num_leaves=5
num_cat=0
split_feature=1 7 1 0
split_gain=0.0123701 0.00336064 0.00066053 0.000159797
threshold=99.757275833627915 3.9607843137254908 48.63162911021854 2.5220721064549783
decision_type=2 2 2 2
left_child=1 2 -1 -3
right_child=-2 3 -4 -5
leaf_value=-0.0015540948325173233 0.0025999788864333258 -1.2150771631329588e-05 -1.2150771631329588e-05 0.00017729960735205747
leaf_weight=0.23374271544162084 0.89999008737504382 0.96070753311505441 0.3335137601243332 91.91675367706921
leaf_count=75 42 257 80 11330
internal_value=0.000201096 0.000150707 -0.00123372 0.000172215
internal_weight=94.3447 93.4447 0.567256 92.8775
internal_count=11784 11742 155 11587
is_linear=0
shrinkage=0.03


Tree=376
num_leaves=4
num_cat=0
split_feature=1 7 1
split_gain=0.0103661 0.00334204 0.000666535
threshold=99.757275833627915 3.9607843137254908 48.63162911021854
decision_type=2 2 2
left_child=1 2 -1
right_child=-2 -3 -4
leaf_value=-0.0015498103098797685 0.0023955623591447616 0.000174468088019651 -9.4022382820250359e-06
leaf_weight=0.23332393646705796 0.9004979922901829 92.870395680656657 0.33344511932227761
leaf_count=75 42 11587 80
internal_value=0.000199357 0.000153048 -0.00122798
internal_weight=94.3377 93.4372 0.566769
internal_count=11784 11742 155
is_linear=0
shrinkage=0.03


Tree=377
num_leaves=5
num_cat=0
split_feature=1 7 1 1
split_gain=0.00987576 0.00327553 0.00255155 0.000654225
threshold=99.757275833627915 3.9607843137254908 0.4944564646057184 48.63162911021854
decision_type=2 2 2 2
left_child=1 3 -3 -1
right_child=-2 2 -4 -5
leaf_value=-0.0015329468449119745 0.0023435683198404617 -0.0010890415592640517 0.00019243721927679713 -8.6558929660928752e-06
leaf_weight=0.23274996795225789 0.89897461119107802 0.43860938440775399 92.4322082902072 0.33337149489670992
leaf_count=75 42 49 11538 80
internal_value=0.000198899 0.000153667 0.000174848 -0.00121401
internal_weight=94.3359 93.4369 92.8708 0.566121
internal_count=11784 11742 11587 155
is_linear=0
shrinkage=0.03


Tree=378
num_leaves=5
num_cat=0
split_feature=1 7 1 1
split_gain=0.00969351 0.00325544 0.00298987 0.000652726
threshold=99.757275833627915 3.9607843137254908 0.4944564646057184 48.63162911021854
decision_type=2 2 2 2
left_child=1 3 -3 -1
right_child=-2 2 -4 -5
leaf_value=-0.0015262710061170585 0.0023237830287354284 -0.0011911731904397467 0.00019643583930688274 -7.3892972413502695e-06
leaf_weight=0.23242791858501632 0.9029794589150687 0.43540498981019382 92.427179490565322 0.33327933482360095
leaf_count=75 42 49 11538 80
internal_value=0.000201129 0.000156222 0.000177308 -0.00120768
internal_weight=94.3313 93.4283 92.8626 0.565707
internal_count=11784 11742 11587 155
is_linear=0
shrinkage=0.03


Tree=379
num_leaves=5
num_cat=0
split_feature=1 7 1 1
split_gain=0.00938406 0.00319664 0.0029464 0.000638834
threshold=99.757275833627915 3.9607843137254908 0.4944564646057184 48.63162911021854
decision_type=2 2 2 2
left_child=1 3 -3 -1
right_child=-2 2 -4 -5
leaf_value=-0.001509955399056675 0.0022915498845878751 -0.001180351276821894 0.00019719131206646212 -7.2618904520375011e-06
leaf_weight=0.23185122897848387 0.90056118718348344 0.43570081127108906 92.426919297780842 0.33320430526509881
leaf_count=75 42 49 11538 80
internal_value=0.000201555 0.000157355 0.000178222 -0.00119467
internal_weight=94.3282 93.4277 92.8626 0.565056
internal_count=11784 11742 11587 155
is_linear=0
shrinkage=0.03


Tree=380
num_leaves=7
num_cat=0
split_feature=1 5 11 1 5 3
split_gain=0.009132 0.0922402 0.145361 0.0190902 0.00506603 0.0022447
threshold=92.891576061704328 79.275859916349347 76.658757780039267 0.4944564646057184 4.1096953665412377 5.7074991516796754
decision_type=2 2 2 2 2 2
left_child=3 -2 -3 -1 5 -5
right_child=1 2 -4 4 -6 -7
leaf_value=-0.0036253662618085853 -8.4563422617581755e-05 -8.4563422617581755e-05 0.0073795522267223789 -0.0020378525650687168 -8.4563422617581755e-05 -8.4563422617581755e-05
leaf_weight=0.37097630079369892 3.8810144650051352 3.2573934148531407 3.0052483337931335 0.8032539024716232 83.107518269331194 0.3588168277638033
leaf_count=46 705 88 52 247 10557 100
internal_value=2.07717e-05 0.000828423 0.00348062 -8.45634e-05 -8.45634e-05 -0.00158271
internal_weight=94.7842 10.1437 6.26264 84.6406 84.2696 1.16207
internal_count=11795 845 140 10950 10904 347
is_linear=0
shrinkage=0.03


Tree=381
num_leaves=8
num_cat=0
split_feature=1 5 11 5 3 3 3
split_gain=0.00710632 0.0852275 0.137348 0.00524892 0.00222132 4.65346e-05 0.00151767
threshold=92.891576061704328 79.275859916349347 76.658757780039267 4.1096953665412377 5.7074991516796754 3.32117186458346 2.1170245876128235
decision_type=2 2 2 2 2 2 2
left_child=3 -2 -3 4 -1 6 -5
right_child=1 2 -4 5 -6 -7 -8
leaf_value=-0.0019999249011004236 -6.6629465703034338e-05 -6.6629465703034338e-05 0.0071472294463323866 -0.0011855181777915944 -6.6629465703034338e-05 -6.6629465703034338e-05 -6.6629465703034338e-05
leaf_weight=0.80116615677252301 3.8794077327474934 3.2567875336389989 2.9883756246417761 0.23224067664705117 0.35869207209907472 83.021518412628211 0.21726296783890575
leaf_count=247 705 88 52 71 100 10468 64
internal_value=2.6316e-05 0.000739394 0.00333707 -6.66295e-05 -0.00154624 -6.66295e-05 -0.00041142
internal_weight=94.7555 10.1246 6.24516 84.6309 1.15986 83.471 0.449504
internal_count=11795 845 140 10950 347 10603 135
is_linear=0
shrinkage=0.03


Tree=382
num_leaves=5
num_cat=0
split_feature=1 5 11 5
split_gain=0.00607448 0.0789147 0.128184 0.00488236
threshold=92.891576061704328 79.275859916349347 76.658757780039267 4.1096953665412377
decision_type=2 2 2 2
left_child=3 -2 -3 -1
right_child=1 2 -4 -5
leaf_value=-0.0014275908045853513 3.7100763380623987e-07 3.7100763380623987e-07 0.0069526253674420269 3.7100763380623987e-07
leaf_weight=1.1549607121851284 3.8723163037793693 3.2532773104030639 2.9842792390845716 83.263232285273261
leaf_count=347 705 88 52 10603
internal_value=8.71608e-05 0.000746599 0.00326655 3.71008e-07
internal_weight=94.5281 10.1099 6.23756 84.4182
internal_count=11795 845 140 10950
is_linear=0
shrinkage=0.03


Tree=383
num_leaves=3
num_cat=0
split_feature=0 3
split_gain=0.00413065 0.00718765
threshold=2.5220721064549783 2.1170245876128235
decision_type=2 2
left_child=-1 -2
right_child=1 -3
leaf_value=-0.0012459350591652355 -0.0012459350591652355 0.000133356606440771
leaf_weight=1.1065015611238767 0.54520332242827763 92.875424479600042
leaf_count=269 163 11363
internal_value=6.95178e-05 9.8129e-05
internal_weight=94.5271 93.4206
internal_count=11795 11526
is_linear=0
shrinkage=0.03


Tree=384
num_leaves=3
num_cat=0
split_feature=0 3
split_gain=0.00399108 0.00706067
threshold=2.5220721064549783 2.1170245876128235
decision_type=2 2
left_child=-1 -2
right_child=1 -3
leaf_value=-0.0012238433198941924 -0.0012238433198941924 0.00013274240107367355
leaf_weight=1.105274146539158 0.54440839542075892 92.875440113479272
leaf_count=269 163 11363
internal_value=6.96244e-05 9.77274e-05
internal_weight=94.5251 93.4198
internal_count=11795 11526
is_linear=0
shrinkage=0.03


Tree=385
num_leaves=4
num_cat=0
split_feature=7 11 2
split_gain=0.00700808 0.13576 0.00640557
threshold=15.954545454545455 26.002708584675801 98.535386035386054
decision_type=2 2 2
left_child=1 -1 -2
right_child=2 -3 -4
leaf_value=-0.0086970424045539237 -0.0012032631267851483 -0.0012032631267851483 0.00044974537042203239
leaf_weight=1.3533832634566341 85.558232115989085 3.8693761306349188 1.6397142310161132
leaf_count=310 10517 849 79
internal_value=-0.00129411 -0.0023738 -0.00120326
internal_weight=92.4207 5.22276 87.1979
internal_count=11755 1159 10596
is_linear=0
shrinkage=0.03


Tree=386
num_leaves=2
num_cat=0
split_feature=2
split_gain=0.000377636
threshold=98.535386035386054
decision_type=2
left_child=-1
right_child=-2
leaf_value=-0.0012928993131787871 -0.00042984169260255954
leaf_weight=90.735759764851537 1.7163060377351929
leaf_count=11668 87
internal_value=-0.00128165
internal_weight=92.4521
internal_count=11755
is_linear=0
shrinkage=0.03


Tree=387
num_leaves=3
num_cat=0
split_feature=7 2
split_gain=0.00252641 0.00609163
threshold=15.954545454545455 98.535386035386054
decision_type=2 2
left_child=-1 -2
right_child=1 -3
leaf_value=-0.0020358646771505718 -0.0012498004701527357 0.00039738271255195879
leaf_weight=5.1907098460942498 85.624336697394028 1.6362988136243064
leaf_count=1159 10517 79
internal_value=-0.00128215 -0.00121476
internal_weight=92.4513 87.2606
internal_count=11755 10596
is_linear=0
shrinkage=0.03


Tree=388
num_leaves=3
num_cat=0
split_feature=7 2
split_gain=0.00212663 0.00587859
threshold=15.954545454545455 98.535386035386054
decision_type=2 2
left_child=-1 -2
right_child=1 -3
leaf_value=-0.0019991655124187457 -0.0012511350843060307 0.00037279851246056945
leaf_weight=5.1861674524843684 85.627371934766416 1.6393650171812613
leaf_count=1159 10517 79
internal_value=-0.00128156 -0.00121675
internal_weight=92.4529 87.2667
internal_count=11755 10596
is_linear=0
shrinkage=0.03


Tree=389
num_leaves=2
num_cat=0
split_feature=7
split_gain=0.00187829
threshold=15.954545454545455
decision_type=2
left_child=-1
right_child=-2
leaf_value=-0.0019810834507238665 -0.0012223904077949613
leaf_weight=5.1830418895697212 87.226784525846597
leaf_count=1159 10596
internal_value=-0.0012857
internal_weight=92.4098
internal_count=11755
is_linear=0
shrinkage=0.03


Tree=390
num_leaves=6
num_cat=0
split_feature=11 11 9 11 9
split_gain=0.0591005 0.000785395 0.0504482 0.000601394 0.00851783
threshold=99.765256922441125 98.694481371646745 31.612258494337112 1.6646872525732386 90.061728395061735
decision_type=2 2 2 2 2
left_child=1 3 -3 4 -1
right_child=-2 2 -4 -5 -6
leaf_value=-0.0029912575723349479 0.004328655185865094 -0.00052490599484771418 0.0034026062560192716 -0.00052490599484771418 -0.00052490599484771418
leaf_weight=0.43983450287487258 1.3383904686197627 1.2051048984285437 2.0266543098259717 86.537445863359608 0.37217380525544286
leaf_count=102 30 53 73 11354 96
internal_value=-0.00039183 -0.000508082 -3.67765e-05 -0.000524906 -0.00119629
internal_weight=91.9196 90.5812 3.23176 87.3495 0.812008
internal_count=11708 11678 126 11552 198
is_linear=0
shrinkage=0.03


Tree=391
num_leaves=5
num_cat=0
split_feature=11 1 11 11
split_gain=0.0581149 0.00994305 0.0382599 0.000375583
threshold=99.765256922441125 0.4944564646057184 98.694481371646745 1.6646872525732386
decision_type=2 2 2 2
left_child=1 -1 3 -3
right_child=-2 2 -4 -5
leaf_value=-0.0030655117780732919 0.004285163274287079 -0.0011888294037122301 0.0023825336197083615 -0.0005694873198123046
leaf_weight=0.37728255440015246 1.3440175065770734 0.81138456554617633 3.1072995744179925 86.267891268478706
leaf_count=49 30 198 122 11309
internal_value=-0.000390098 -0.000505523 -0.000461314 -0.00058869
internal_weight=91.9079 90.5639 90.1866 87.0793
internal_count=11708 11678 11629 11507
is_linear=0
shrinkage=0.03


Tree=392
num_leaves=5
num_cat=0
split_feature=11 11 9 1
split_gain=0.0562087 0.000633946 0.00866214 0.00533665
threshold=99.765256922441125 1.6646872525732386 90.061728395061735 99.392200307532121
decision_type=2 2 2 2
left_child=1 2 -1 -3
right_child=-2 3 -4 -5
leaf_value=-0.0029698253931455705 0.0042097771017968744 -0.00048670149194549565 -0.00048670149194549565 0.00083401274628011753
leaf_weight=0.43896906427107651 1.3404670406598587 87.834187884582207 0.37187689798884094 1.8893538650590915
leaf_count=102 30 11403 96 77
internal_value=-0.000392107 -0.000505491 -0.00116768 -0.000486701
internal_weight=91.8749 90.5344 0.810846 89.7235
internal_count=11708 11678 198 11480
is_linear=0
shrinkage=0.03


Tree=393
num_leaves=5
num_cat=0
split_feature=11 11 9 1
split_gain=0.0496621 0.000637658 0.00868034 0.00511615
threshold=99.765256922441125 1.6646872525732386 90.061728395061735 99.392200307532121
decision_type=2 2 2 2
left_child=1 2 -1 -3
right_child=-2 3 -4 -5
leaf_value=-0.0029672845686647621 0.0039328647347963673 -0.00048212187822152666 -0.00048212187822152666 0.00081250820299455279
leaf_weight=0.43833163881208648 1.3398599755018938 87.823925482924096 0.37188692472409457 1.8859094318468113
leaf_count=102 30 11403 96 77
internal_value=-0.000394525 -0.000500851 -0.00116269 -0.000482122
internal_weight=91.8599 90.5201 0.810219 89.7098
internal_count=11708 11678 198 11480
is_linear=0
shrinkage=0.03


Tree=394
num_leaves=5
num_cat=0
split_feature=11 11 9 1
split_gain=0.0516306 0.000627472 0.00866451 0.00491616
threshold=99.765256922441125 1.6646872525732386 90.061728395061735 99.392200307532121
decision_type=2 2 2 2
left_child=1 2 -1 -3
right_child=-2 3 -4 -5
leaf_value=-0.0029667746546287095 0.0040200425657602066 -0.00048402943935440076 -0.00048402943935440076 0.00078714080068114354
leaf_weight=0.43791116401553054 1.3373861385043699 87.82506165059749 0.3718648188514635 1.8831617094110686
leaf_count=102 30 11403 96 77
internal_value=-0.000394284 -0.000502718 -0.00116164 -0.000484029
internal_weight=91.8554 90.518 0.809776 89.7082
internal_count=11708 11678 198 11480
is_linear=0
shrinkage=0.03


Tree=395
num_leaves=3
num_cat=0
split_feature=11 7
split_gain=0.00506513 5.85942e-05
threshold=1.2269957122898301 7.4537037037037042
decision_type=2 2
left_child=-1 -2
right_child=1 -3
leaf_value=-0.002202561929631237 -0.00064311300527267092 -0.0003689074643580883
leaf_weight=0.44586222956422616 1.6835797997191537 91.582743592560291
leaf_count=109 448 11210
internal_value=-0.000412459 -0.000380627
internal_weight=93.7122 93.2663
internal_count=11767 11658
is_linear=0
shrinkage=0.03


Tree=396
num_leaves=4
num_cat=0
split_feature=11 8 7
split_gain=0.00500313 0.000551062 0.0688925
threshold=1.2269957122898301 94.771018455228997 78.989813242784393
decision_type=2 2 2
left_child=-1 -2 -3
right_child=1 2 -4
leaf_value=-0.0021925324256461291 -0.00040723403705780818 -0.00040723403705780818 0.0032640159028272521
leaf_weight=0.44521213136613269 82.819888800557237 6.7793296724557859 3.6665401716018096
leaf_count=109 10997 451 210
internal_value=-0.000412621 -0.000380955 -0.000155228
internal_weight=93.711 93.2658 10.4459
internal_count=11767 11658 661
is_linear=0
shrinkage=0.03


Tree=397
num_leaves=4
num_cat=0
split_feature=11 2 7
split_gain=0.00505081 0.00283729 0.000319738
threshold=1.2269957122898301 1.2739866531640314 7.4537037037037042
decision_type=2 2 2
left_child=-1 -2 -3
right_child=1 2 -4
leaf_value=-0.0021767505089816063 -0.0017414740662793692 -0.00071376718253266783 -0.00032099294723517033
leaf_weight=0.4444116618251418 0.37655509577598323 1.6622223381418724 91.170617918367498
leaf_count=109 94 442 11122
internal_value=-0.000391191 -0.000359662 -0.000335558
internal_weight=93.6538 93.2094 92.8328
internal_count=11767 11658 11564
is_linear=0
shrinkage=0.03


Tree=398
num_leaves=3
num_cat=0
split_feature=11 2
split_gain=0.00499605 0.00278316
threshold=1.2269957122898301 1.2739866531640314
decision_type=2 2
left_child=-1 -2
right_child=1 -3
leaf_value=-0.0021679519771844358 -0.0017293472817802662 -0.00033607131305880638
leaf_weight=0.44376225920859624 0.37630164285655965 92.831975671288092
leaf_count=109 94 11564
internal_value=-0.000391374 -0.000359993
internal_weight=93.652 93.2083
internal_count=11767 11658
is_linear=0
shrinkage=0.03


end of trees

feature_importances:
Column_1=584
Column_11=454
Column_2=435
Column_7=370
Column_9=345
Column_8=338
Column_10=265
Column_4=144
Column_5=127
Column_3=115
Column_0=61

parameters:
[boosting: gbdt]
[objective: lambdarank]
[metric: ndcg]
[tree_learner: serial]
[device_type: cpu]
[data_sample_strategy: bagging]
[data: ]
[valid: ]
[num_iterations: 400]
[learning_rate: 0.03]
[num_leaves: 15]
[num_threads: 8]
[seed: 0]
[deterministic: 0]
[force_col_wise: 0]
[force_row_wise: 0]
[histogram_pool_size: -1]
[max_depth: -1]
[min_data_in_leaf: 50]
[min_sum_hessian_in_leaf: 0.001]
[bagging_fraction: 0.8]
[pos_bagging_fraction: 1]
[neg_bagging_fraction: 1]
[bagging_freq: 5]
[bagging_seed: 3]
[bagging_by_query: 0]
[feature_fraction: 0.9]
[feature_fraction_bynode: 1]
[feature_fraction_seed: 2]
[extra_trees: 0]
[extra_seed: 6]
[early_stopping_round: 0]
[early_stopping_min_delta: 0]
[first_metric_only: 0]
[max_delta_step: 0]
[lambda_l1: 0]
[lambda_l2: 1]
[linear_lambda: 0]
[min_gain_to_split: 0]
[drop_rate: 0.1]
[max_drop: 50]
[skip_drop: 0.5]
[xgboost_dart_mode: 0]
[uniform_drop: 0]
[drop_seed: 4]
[top_rate: 0.2]
[other_rate: 0.1]
[min_data_per_group: 100]
[max_cat_threshold: 32]
[cat_l2: 10]
[cat_smooth: 10]
[max_cat_to_onehot: 4]
[top_k: 20]
[monotone_constraints: 1,1,1,1,1,1,1,1,1,1,1,1]
[monotone_constraints_method: advanced]
[monotone_penalty: 0]
[feature_contri: ]
[forcedsplits_filename: ]
[refit_decay_rate: 0.9]
[cegb_tradeoff: 1]
[cegb_penalty_split: 0]
[cegb_penalty_feature_lazy: ]
[cegb_penalty_feature_coupled: ]
[path_smooth: 0]
[interaction_constraints: ]
[verbosity: -1]
[saved_feature_importance_type: 0]
[use_quantized_grad: 0]
[num_grad_quant_bins: 4]
[quant_train_renew_leaf: 0]
[stochastic_rounding: 1]
[linear_tree: 0]
[max_bin: 255]
[max_bin_by_feature: ]
[min_data_in_bin: 3]
[bin_construct_sample_cnt: 200000]
[data_random_seed: 1]
[is_enable_sparse: 1]
[enable_bundle: 1]
[use_missing: 1]
[zero_as_missing: 0]
[feature_pre_filter: 1]
[pre_partition: 0]
[two_round: 0]
[header: 0]
[label_column: ]
[weight_column: ]
[group_column: ]
[ignore_column: ]
[categorical_feature: ]
[forcedbins_filename: ]
[precise_float_parser: 0]
[parser_config_file: ]
[objective_seed: 5]
[num_class: 1]
[is_unbalance: 0]
[scale_pos_weight: 1]
[sigmoid: 1]
[boost_from_average: 1]
[reg_sqrt: 0]
[alpha: 0.9]
[fair_c: 1]
[poisson_max_delta_step: 0.7]
[tweedie_variance_power: 1.5]
[lambdarank_truncation_level: 30]
[lambdarank_norm: 1]
[label_gain: 0,1,3,7,15]
[lambdarank_position_bias_regularization: 0]
[eval_at: 10,25,50]
[multi_error_top_k: 1]
[auc_mu_weights: ]
[num_machines: 1]
[local_listen_port: 12400]
[time_out: 120]
[machine_list_filename: ]
[machines: ]
[gpu_platform_id: -1]
[gpu_device_id: -1]
[gpu_use_dp: 0]
[num_gpu: 1]

end of parameters

pandas_categorical:null
