tree
version=v4
num_class=1
num_tree_per_iteration=1
label_index=0
max_feature_idx=11
objective=lambdarank
feature_names=Column_0 Column_1 Column_2 Column_3 Column_4 Column_5 Column_6 Column_7 Column_8 Column_9 Column_10 Column_11
monotone_constraints=1 1 1 1 1 1 1 1 1 1 1 1
feature_infos=[0.24096385542168677:100] [0.24096385542168677:100] [0.25252525252525254:100] [0.24096385542168677:100] [0.24096385542168677:100] [0.24096385542168677:100] none [1.639344262295082:100] [1.3698630136986301:100] [1.25:100] [1.3513513513513513:100] [0.24096385542168677:100]
tree_sizes=1767 1748 1742 1205 1310 1412 1512 1419 1625 1736 1738 1317 1734 1424 1432 1313 1407 1639 1540 1731 1757 1646 1521 1753 1761 1649 1748 1538 1332 1558 1538 1540 1659 1428 1542 1750 1226 1233 1221 1566 1555 1753 1541 1760 1532 1653 1547 1759 1564 1452 1232 1543 1220 1338 1220 1117 1337 1227 1331 1220 1529 1544 1657 1764 1429 1779 1774 1671 1666 1547 1449 1773 1781 1438 1347 1329 906 1351 1006 1021 1334 1226 1338 1225 1226 1549 1351 1229 1233 1237 1120 1016 1232 910 1343 1024 1024 1022 1022 1017 1354 1786 1680 1561 1470 1441 1662 1232 1778 1234 1559 1454 1567 1240 1676 1340 1237 1237 1682 1124 1023 1020 1014 1123 1131 1359 919 1468 1147 1147 1346 1137 1345 1035 925 1218 1328 1114 1118 1342 925 1021 1022 1130 924 1026 916 910 803 805 1236 1355 1347 1341 1238 1012 920 917 1129 1022 1237 1243 1467 1246 1026 1243 1347 1347 1132 1454 911 911 1577 1683 802 1008 1013 1234 799 906 1252 1125 1122 1126 1127 1336 799 1470 907 1564 1242 1243 1010 1124 1236 1347 1132 1029 1248 1128 909 807 916 916 1138 704 921 917 1142 1027 1030 917 802 926 1462 916 1025 1460 1465 1019 917 1026 1575 707 1575 905 1128 1234 903 909 1363 1132 1362 1139 811 1563 1123 1463 1687 1337 810 704 1022 1243 704 1026 933 929 930 930 1253 1357 1255 1031 707 1030 1031 922 917 923 1022 912 908 919 1026 1025 1239 811 1470 1363 910 696 1124 701 1024 591 700 591 811 701 1348 1241 1347 1134 1238 1238 1230 1348 1023 1024 1130 1253 1024 1032 817 915 1357 813 920 918 481 592 596 705 698 692 797 692 693 689 482 483 484 481 483 814 1020 925 485 922 906 906 580 912 591 917 921 808 809 810 815 704 708 591 376 1028 807 1032 812 1136 702 1139 1141 705 1136 707 925 924 924 591 585 585 372 474 584 590 587 479 587 590 484 483 484 374 479 595 599 597 602 601 482 483 483 482 480 916 927 922 924 699 476 372 374 373 374 704 599 593 372 372 700 704 698 374 704 704 707 371

Tree=0
num_leaves=15
num_cat=0
split_feature=2 0 1 2 7 11 1 8 5 1 10 11 10 10
split_gain=1.39073 0.969266 0.700795 0.900339 0.603164 0.420849 0.92 0.24289 0.0876652 0.0298465 0.0829841 0.0473163 0.00349532 0.00070003
threshold=74.869343325042806 76.943352456625334 2.1592796573127027 90.97201538843386 74.772727272727295 53.788804919611771 79.839779241892714 99.31506849315069 95.663303620988032 15.683754221482939 23.271742593182545 51.09360051025832 45.972972972972983 97.6467331118494
decision_type=2 2 2 2 2 2 2 2 2 2 2 2 2 2
left_child=5 -2 -3 4 -4 6 7 8 9 -1 -11 13 -13 -12
right_child=1 2 3 -5 -6 -7 -8 -9 -10 10 11 12 -14 -15
leaf_value=-0.0119098027987374 0.00047063543000853579 0.00047063543000853579 0.00047063543000853579 0.022644810575366991 0.017221008189843359 0.00047063543000853579 0.00047063543000853579 0.00047063543000853579 0.00047063543000853579 -0.010508022962298046 -0.0057702672402892598 -0.0012520264221089923 0.00047063543000853579 -0.00082141229095882516
leaf_weight=2.7044399979058751 12.135996491997505 1.6221972659695882 4.8784156185574812 5.461437878664583 1.6508109018905086 28.764260216034018 10.837599552352911 0.89663731050677498 0.3694250569678833 4.5314441350055885 15.12274800497107 0.51704100542701681 1.0895280186086891 0.38822619221173305
leaf_count=335 1498 160 541 438 156 3679 1271 80 71 569 2024 91 179 95
internal_value=0.00101206 0.0067767 0.0119817 0.0145283 0.00563336 -0.00133175 -0.00351197 -0.00683909 -0.00751695 -0.00776659 -0.00674601 -0.00522509 -0.000189134 -0.00570365
internal_weight=90.9702 25.7489 13.6129 11.9907 6.52923 65.2213 36.4571 25.6195 24.7229 24.3534 21.649 17.1175 1.60657 15.511
internal_count=11187 2793 1295 1135 697 8394 4715 3444 3364 3293 2958 2389 270 2119
is_linear=0
shrinkage=0.03


Tree=1
num_leaves=15
num_cat=0
split_feature=0 4 8 2 10 11 8 1 1 8 1 5 1 2
split_gain=4.15251 2.12216 1.89761 1.22087 0.85334 0.716014 0.549013 0.481404 0.51709 0.385396 0.339069 0.244624 0.235986 0.141519
threshold=76.943352456625334 97.880790984239283 77.694859038142638 76.127016344407664 40.946348733233989 51.835505586251607 49.657534246575345 10.128226204175574 5.7478356250244849 96.396103896103909 89.9359710501015 77.889504367653487 92.638025726261034 94.348007246376824
decision_type=2 2 2 2 2 2 2 2 2 2 2 2 2 2
left_child=5 2 13 -4 -5 9 10 -6 -3 12 11 -7 -1 -2
right_child=1 8 3 4 7 6 -8 -9 -10 -11 -12 -13 -14 -15
leaf_value=-0.0083801534998990471 0.00087272776321899365 0.0047915228461767618 0.00087272776321899365 0.0026490164646573592 0.0026490164646573592 -0.0075411190553531966 0.00087272776321899365 0.017161329473539037 0.02092545316932011 0.00087272776321899365 0.00087272776321899365 0.00087272776321899365 -0.00073131637130300427 0.0026490164646573592
leaf_weight=32.953711427049711 31.770023354561999 3.131254563573747 2.6228520057629821 4.1465178865473709 3.1705122869461757 13.769587697694078 27.219717683270574 6.3351176124997437 8.017102876910938 2.3858754874672732 1.8860906001646061 0.61275580944493491 4.2908217953518024 25.197620969731361
leaf_count=3983 1643 98 276 63 60 1498 2258 98 150 186 178 59 415 222
internal_value=0.000854687 0.00551046 0.0035298 0.0122415 0.0159535 -0.00388167 -0.00117636 0.0171613 0.0171613 -0.00674831 -0.00541017 -0.00713995 -0.00754112 0.000872728
internal_weight=167.51 84.391 73.2426 16.275 13.6521 83.1186 43.4882 9.50563 11.1484 39.6304 16.2684 14.3823 37.2445 56.9676
internal_count=11187 2610 2362 497 221 8577 3993 158 248 4584 1735 1557 4398 1865
is_linear=0
shrinkage=0.03


Tree=2
num_leaves=15
num_cat=0
split_feature=0 10 2 11 3 3 7 7 4 3 9 5 11 10
split_gain=12.1825 2.50466 1.19483 2.1692 0.84128 0.640128 1.29273 0.465306 0.410206 0.188273 0.177753 0.132914 0.115231 0.0764506
threshold=76.943352456625334 98.449519230769241 94.348007246376824 78.436465495289042 88.046129374337241 97.880790984239283 29.459980713596917 75.204918032786892 79.839779241892714 98.286411141473721 59.861111111111121 76.346850208696154 78.767909688419564 57.795138888888893
decision_type=2 2 2 2 2 2 2 2 2 2 2 2 2 2
left_child=12 2 3 7 -4 6 -5 8 13 10 -10 -8 -1 -2
right_child=1 -3 4 5 -6 -7 11 -9 9 -11 -12 -13 -14 -15
leaf_value=-0.010466165780221715 -0.010466165780221715 0.024317025807905328 0.0095214131743199277 -0.0023245013938138913 0.017421157957689989 0.017421157957689989 0.0025619126246481097 0.0025619126246481097 -0.0068972919382054047 0.0025619126246481097 -0.0023245013938138913 0.0095214131743199277 -0.0062147343060946292 -0.0068972919382054047
leaf_weight=51.398396226111799 4.2815011281054529 6.109768940601497 26.258291171863675 2.1452968406956705 12.585387779399751 3.1339047672227016 1.7910475493408657 10.843278984306378 7.3244328212458623 1.0773503640666593 5.9790928978472948 11.89894223352894 12.756017459090797 2.1587427882477641
leaf_count=6994 327 104 264 131 91 62 84 315 394 42 248 367 1583 181
internal_value=0.000297277 0.00705773 0.00562347 0.00250667 0.00952141 0.00952141 0.00680632 -0.0023245 -0.00487005 -0.0023245 -0.00310378 0.00952141 -0.0097292 -0.0097292
internal_weight=159.741 95.587 89.4773 50.6336 38.8437 18.9692 15.8353 31.6644 20.8211 14.3809 13.3035 13.69 64.1544 6.44024
internal_count=11187 2610 2506 2151 355 644 582 1507 1192 684 642 451 8577 508
is_linear=0
shrinkage=0.03


Tree=3
num_leaves=10
num_cat=0
split_feature=0 10 8 11 2 11 2 3 11
split_gain=12.5885 2.08945 1.26807 3.04876 0.775162 0.780538 0.257786 0.168346 0.130101
threshold=76.943352456625334 98.449519230769241 89.323708206686945 80.566304016537927 82.325611376663574 83.711343147324001 46.90367888967328 94.56240144176617 53.788804919611771
decision_type=2 2 2 2 2 2 2 2 2
left_child=8 2 4 -4 5 -2 7 -7 -1
right_child=1 -3 3 -5 -6 6 -8 -9 -10
leaf_value=-0.011424776265656118 -0.00679478894470703 0.018563481259388996 0.0040820486943359572 0.018563481259388996 0.0040820486943359572 -0.00679478894470703 0.0040820486943359572 0.003484726547368876 -0.0076533053987675259
leaf_weight=32.696987122297287 11.116550605744125 12.674232878722249 6.0161006925627571 6.0402088179253042 53.128163173794746 1.0383638530038286 4.8993001012131572 0.92806993145495642 26.09389502950944
leaf_count=4916 1044 104 192 63 890 84 201 32 3661
internal_value=0.000923266 0.00760038 0.00572894 0.014386 0.00408205 -0.0020523 0.00408205 -0.00536599 -0.00990683
internal_weight=154.632 95.841 83.1668 12.0563 71.1104 17.9823 6.86573 1.96643 58.7909
internal_count=11187 2610 2506 255 2251 1361 317 116 8577
is_linear=0
shrinkage=0.03


Tree=4
num_leaves=11
num_cat=0
split_feature=0 2 10 8 10 4 7 10 8 4
split_gain=13.9794 3.40093 2.74851 3.93313 1.71574 1.64846 0.392299 0.758901 0.135239 0.0619572
threshold=76.943352456625334 76.127016344407664 69.631093544137045 77.859477124183016 92.805383022774336 93.392388196789184 81.322674418604663 86.227608008429954 88.077469793887715 93.392388196789184
decision_type=2 2 2 2 2 2 2 2 2 2
left_child=9 5 8 4 -4 6 -2 -8 -3 -1
right_child=1 2 3 -5 -6 -7 7 -9 -10 -11
leaf_value=-0.010579334196249348 -0.010501371768868579 0.0056011510414858698 0.0056011510414858698 0.029128591081335066 0.017038400530636964 0.0056011510414858698 -0.010501371768868579 0.0056011510414858698 0.0097946925550023104 0.00058681231530943593
leaf_weight=55.975152103463188 10.687228823080661 32.692975865676999 8.3338190950453299 13.876940210815517 12.217013684101401 5.9732424672693005 1.817918466869741 0.95232888730242837 7.7052348325960329 0.34767720429226656
leaf_count=8526 932 765 200 88 104 229 165 28 99 51
internal_value=0.00121308 0.00824977 0.0111232 0.0172619 0.00826905 -0.00281836 -0.00871545 0.00112302 0.00560115 -0.0105014
internal_weight=150.58 94.2567 74.826 34.4278 20.5508 19.4307 13.4575 2.77025 40.3982 56.3228
internal_count=11187 2610 1256 392 304 1354 1125 193 864 8577
is_linear=0
shrinkage=0.03


Tree=5
num_leaves=12
num_cat=0
split_feature=0 10 8 4 3 5 4 2 2 11 4
split_gain=13.7448 4.06967 3.62107 2.22371 1.05851 0.61409 0.525712 0.585626 0.259066 0.10554 0.0467032
threshold=76.943352456625334 59.439874657265968 77.859477124183016 97.880790984239283 95.663303620988032 99.011087070788577 81.793836755764616 94.507700156235074 97.163839211098136 65.418618172421603 93.007967017661159
decision_type=2 2 2 2 2 2 2 2 2 2 2
left_child=10 6 3 5 -4 8 7 9 -3 -2 -1
right_child=1 2 4 -5 -6 -7 -8 -9 -10 -11 -12
leaf_value=-0.011145134744952033 -0.011078255737697941 0.00030531641625663829 0.01812446041900977 0.01812446041900977 0.031883451940599258 0.015158267865867369 0.00030531641625663829 0.00030531641625663829 0.0099803509368062947 -0.0033979469905418163 6.4068514373132545e-05
leaf_weight=54.122460024198517 3.8719037661794555 17.312920854426942 15.643572891131045 8.2207403271459025 7.5252478867769232 1.5070516481064249 28.710250011878088 2.3216395638883114 2.1300601675175121 2.6926189106889069 0.32510873023420472
leaf_count=8574 328 674 201 77 61 21 929 31 23 227 50
internal_value=0.000699301 0.00787289 0.0132012 0.00584733 0.021835 0.000423571 0.000305316 -0.00661337 0.000305316 -0.0110783 -0.0110783
internal_weight=144.384 89.936 52.3396 29.1708 23.1688 20.95 37.5964 8.88616 19.443 6.56452 54.4476
internal_count=11196 2572 1057 795 262 718 1515 586 697 555 8624
is_linear=0
shrinkage=0.03


Tree=6
num_leaves=13
num_cat=0
split_feature=0 2 1 10 8 2 7 10 0 7 2 3
split_gain=14.0359 3.01122 3.39997 3.028 2.12514 1.12237 1.0825 0.90407 0.476014 0.112378 0.0191637 0.0148678
threshold=76.943352456625334 75.2278886425228 19.626151564416308 59.439874657265968 77.859477124183016 93.928542770020883 84.045454545454561 83.447488584474897 88.902275769745657 88.989898989899004 71.834415584415595 93.774016098369955
decision_type=2 2 2 2 2 2 2 2 2 2 2 2
left_child=-1 8 5 -4 -5 6 -3 -7 9 10 11 -2
right_child=1 2 3 4 -6 7 -8 -9 -10 -11 -12 -13
leaf_value=-0.011139729396925195 -0.011139729396925195 -0.0027121604432585942 0.0053074872331205373 0.012231284148263721 0.034076091638967014 0.0053074872331205373 0.0053074872331205373 0.012231284148263721 -0.0027121604432585942 -0.0027121604432585942 -0.0027121604432585942 -0.003342179806143496
leaf_weight=52.847664908040315 4.5751064741052714 14.123111452907326 9.4741960125975329 8.6931933192536253 10.64951061317697 15.592984941322358 3.8503530230373135 7.903254685457795 10.402567693963645 0.81812385609373439 0.46673273039050389 1.314495305996388
leaf_count=8624 537 415 306 161 55 223 58 60 512 76 52 117
internal_value=0.000953606 0.00827093 0.0110171 0.01878 0.0253423 0.00530749 -0.00209008 0.00530749 -0.00271216 -0.0100134 -0.0111397 -0.0111397
internal_weight=140.711 87.8636 70.2866 28.8169 19.3427 41.4697 17.9735 23.4962 17.577 7.17446 6.35633 5.8896
internal_count=11196 2572 1278 522 216 756 473 283 1294 782 706 654
is_linear=0
shrinkage=0.03


Tree=7
num_leaves=12
num_cat=0
split_feature=0 10 7 11 10 2 11 11 1 3 11
split_gain=11.8587 2.0708 2.55801 2.27931 1.17549 0.350583 0.300034 0.187646 0.095261 0.0635181 0.0174505
threshold=76.943352456625334 61.9382964453387 76.043478260869577 38.362903647877744 82.710597826086968 76.038201216014699 91.533324799453837 47.810102301790288 85.328080153077508 98.657715702384053 53.788804919611771
decision_type=2 2 2 2 2 2 2 2 2 2 2
left_child=8 5 4 -4 -3 6 9 -6 10 -2 -1
right_child=1 2 3 -5 7 -7 -8 -9 -10 -11 -12
leaf_value=-0.012322948335082321 -0.007789396521258209 0.0020005093426630964 0.0063982105213102975 0.027031771681834967 0.0063982105213102975 0.0020005093426630964 0.0020005093426630964 0.014567004780539079 -0.007789396521258209 0.0011107575747754583 -0.0088228865538364162
leaf_weight=23.824867344228551 4.7054291982203713 10.356142657576127 5.2780378125607994 12.723455221392213 9.1199257066473383 27.31104459008202 1.5641353575047103 14.619778800290076 8.9649069339502585 0.4876517318189143 18.680048317881301
leaf_count=4042 676 373 93 153 185 759 95 199 1465 39 3117
internal_value=0.00106252 0.00783831 0.0115463 0.0204471 0.00639821 0.00200051 -0.0044175 0.00639821 -0.010214 -0.0077894 -0.0110229
internal_weight=137.635 86.1656 52.0973 18.0015 34.0958 34.0683 6.75722 23.7397 51.4698 5.19308 42.5049
internal_count=11196 2572 1003 246 757 1569 810 384 8624 715 7159
is_linear=0
shrinkage=0.03


Tree=8
num_leaves=14
num_cat=0
split_feature=0 7 8 11 2 3 1 4 2 10 8 1 3
split_gain=12.0579 1.99188 4.07165 1.60177 1.41616 1.33981 1.22484 0.659751 0.494494 0.219561 0.210319 0.0411319 0.0477353
threshold=76.943352456625334 75.204918032786892 71.16161616161618 77.301696557174367 90.285326086956545 83.353413654618493 24.843500988079303 95.663303620988032 76.127016344407664 82.710597826086968 91.202270381836954 29.577122275678949 98.286411141473721
decision_type=2 2 2 2 2 2 2 2 2 2 2 2 2
left_child=11 4 -3 5 6 -4 12 8 -8 10 -10 -1 -2
right_child=1 2 3 -5 -6 -7 7 -9 9 -11 -12 -13 -14
leaf_value=-0.013438096139355577 -0.012475403720390294 0.0044635938420835991 0.0044635938420835991 0.031904315942538168 0.0044635938420835991 0.022526911030248762 -0.0087986537257295772 0.0044635938420835991 -0.0081057084276974466 0.0044635938420835991 0.0044635938420835991 -0.009441933339873386 -0.0087986537257295772
leaf_weight=10.847608853830023 9.1229800558648915 12.041887139203029 3.4463530140928951 9.0473222834989411 31.192363791167736 3.8673691423609853 5.3437868151813763 5.2035535210743538 1.7851377972401681 2.7818105281330645 1.0228664958849547 39.315057668136433 1.179621504154057
leaf_count=1886 625 311 67 60 439 80 633 126 147 36 19 6738 29
internal_value=0.00101385 0.00780099 0.0141907 0.023763 0.00446359 0.0110658 -0.00240479 0.00274866 -0.00299627 0.00304417 -0.00332169 -0.0105519 -0.0100058
internal_weight=136.198 86.0351 28.4029 16.361 57.6321 7.31372 26.4398 16.1372 10.9336 5.58981 2.808 50.1627 10.3026
internal_count=11196 2572 518 207 2054 147 1615 961 835 202 166 8624 654
is_linear=0
shrinkage=0.03


Tree=9
num_leaves=15
num_cat=0
split_feature=0 2 10 8 1 5 0 11 5 11 11 11 8 1
split_gain=11.9049 2.54174 1.91842 3.02079 2.45624 2.67603 0.726729 0.469586 0.19302 0.113956 0.105383 0.105074 0.145952 0.01835
threshold=76.943352456625334 75.2278886425228 60.136986301369866 48.107142857142868 19.626151564416308 98.657715702384053 88.902275769745657 72.869743970519494 87.645919666314583 89.227265709433397 34.491571874634339 8.8461969159020111 86.132478632478652 29.577122275678949
decision_type=2 2 2 2 2 2 2 2 2 2 2 2 2 2
left_child=13 6 10 -4 5 9 -2 11 -6 -5 -3 -8 -13 -1
right_child=1 2 3 4 8 -7 7 -9 -10 -11 -12 12 -14 -15
leaf_value=-0.013173691563669149 -0.0092606303163478513 -0.00016105322162676163 0.0034550637143937355 0.0034550637143937355 0.016258963400963299 0.02581047270306374 -0.0092606303163478513 0.0034550637143937355 0.029475692058796743 0.009301183906675432 0.0034550637143937355 -0.0070293844213569186 -0.00016105322162676163 -0.0094574859484354724
leaf_weight=10.676304449094458 6.8940516004804548 7.1661089775152638 7.5278065316379061 10.33917930908501 6.4025788395665613 4.8337687710300079 0.7220265446230768 6.7319237312767655 11.249015293549744 3.2404108056798586 17.010410219896585 1.9610532945953312 0.72239491250365961 38.836921681649983
leaf_count=1886 782 223 150 168 67 32 44 215 82 44 512 219 34 6738
internal_value=0.00105932 0.00785445 0.0104275 0.0141302 0.0179732 0.00951755 -0.00239431 0.00268743 0.0258105 0.00345506 0.00345506 -0.00655152 -0.00166236 -0.0105037
internal_weight=134.314 84.8007 67.7693 43.5928 36.065 18.4134 17.0315 10.1374 17.6516 13.5796 24.1765 3.40547 2.68345 49.5132
internal_count=11196 2572 1278 543 393 244 1294 512 149 212 735 297 253 8624
is_linear=0
shrinkage=0.03


Tree=10
num_leaves=15
num_cat=0
split_feature=0 8 11 0 8 2 2 9 10 2 1 1 11 1
split_gain=8.9338 2.40388 2.50526 1.38732 1.29526 1.81722 0.975649 0.613287 0.505589 0.387988 0.271996 0.125683 0.0333787 0.00821678
threshold=88.168147109241104 47.793640493186253 42.18189832500736 76.943352456625334 76.986128625472915 93.069342801246293 97.260207261960446 54.34873949579832 83.447488584474897 97.648635144014904 93.392388196789184 27.994565217391308 95.597438463584893 84.141503726315236
decision_type=2 2 2 2 2 2 2 2 2 2 2 2 2 2
left_child=3 9 6 10 5 -4 8 -6 -3 12 13 -5 -2 -1
right_child=1 2 4 11 7 -7 -8 -9 -10 -11 -12 -13 -14 -15
leaf_value=-0.011134489417065007 -0.0030429658192622491 -0.0030429658192622491 0.000760074623050795 -0.007025241952626997 0.019045513136541157 0.019045513136541157 0.014314914793691489 0.030240067145057906 0.000760074623050795 0.0086527800686832194 -0.0030429658192622491 -0.0030429658192622491 0.000760074623050795 -0.0064009719605761725
leaf_weight=39.600604542531073 9.1638770457357008 6.1111049200408107 7.7973431437276322 12.983376457821604 8.8455720157362538 7.1169566828757524 2.6280516916885981 7.5749265104532233 4.4883415400981903 1.6204211888834823 3.8473140769638112 12.77334444131702 1.2427162523381419 5.1838566458318374
leaf_count=7030 395 230 320 551 117 83 29 69 68 21 665 700 39 897
internal_value=-0.00023718 0.00866138 0.0118178 -0.00703165 0.0163177 0.00898996 0.000760075 0.0220752 -0.00304297 -0.00304297 -0.0100793 -0.00304297 -0.00304297 -0.0107384
internal_weight=130.978 56.5893 44.5623 74.3885 31.3348 14.9143 13.2275 16.4205 10.5994 12.027 48.6318 25.7567 10.4066 44.7845
internal_count=11214 1371 916 9843 589 403 327 186 298 455 8592 1251 434 7927
is_linear=0
shrinkage=0.03


Tree=11
num_leaves=11
num_cat=0
split_feature=5 10 8 10 2 1 0 3 7 0
split_gain=7.70604 2.39604 1.70229 1.44324 1.26969 0.732392 0.718341 0.91861 0.185888 0.0617605
threshold=80.990449695996347 98.610843141038018 72.665006226650078 60.136986301369866 86.947917861649657 25.248811645870472 76.943352456625334 45.512516781173503 87.138130686517798 75.03148614609573
decision_type=2 2 2 2 2 2 2 2 2 2
left_child=6 2 9 -4 5 -5 -1 8 -8 -2
right_child=1 -3 3 4 -6 -7 7 -9 -10 -11
leaf_value=-0.0096625542269547521 -0.0050296095504252557 0.022068177612849103 0.00011138437793753926 0.00011138437793753926 0.021581972639822949 0.012235055769947751 -0.0096625542269547521 0.00011138437793753926 0.00011138437793753926 0.00011138437793753926
leaf_weight=46.215712578501552 1.10356492595747 7.198115878738462 7.3912975131534067 3.0828377357684094 9.7491274387575668 4.9572825022041798 4.7280173851177123 10.599328966345636 1.5203247964382169 32.429605592275038
leaf_count=8270 198 68 331 56 68 109 191 561 32 1330
internal_value=-0.000322426 0.00680035 0.00459034 0.0103229 0.0147547 0.00500464 -0.00775687 -0.00228079 -0.00966255 0.000111384
internal_weight=128.975 65.9118 58.7137 25.1805 17.7892 8.04012 63.0634 16.8477 6.24834 33.5332
internal_count=11214 2160 2092 564 233 165 9054 784 223 1528
is_linear=0
shrinkage=0.03


Tree=12
num_leaves=15
num_cat=0
split_feature=5 8 10 5 7 1 2 0 4 3 2 1 2 7
split_gain=6.89625 1.90513 1.71792 1.77517 1.62295 0.764567 0.927842 0.632562 0.463534 0.378573 0.225245 0.164329 0.134219 0.0904428
threshold=80.990449695996347 47.100840336134461 55.351882160392812 99.011087070788577 58.477011494252878 18.821805084522968 89.855618081424538 76.943352456625334 97.127859017622811 45.512516781173503 89.715705441511901 7.3393643368189334 60.59105451671703 74.772727272727295
decision_type=2 2 2 2 2 2 2 2 2 2 2 2 2 2
left_child=7 10 12 4 5 -4 8 -1 -7 -9 -2 -6 -3 -14
right_child=1 2 3 -5 11 6 -8 9 -10 -11 -12 -13 13 -15
leaf_value=-0.0092811039004887328 -0.0033098771599488334 -0.0033098771599488334 0.0002213727494768728 0.02345478264117952 0.0068135476437760157 0.0002213727494768728 0.015151906526842328 -0.0092811039004887328 0.01403716040978354 -0.0033098771599488334 0.0002213727494768728 0.017296665091130141 0.0002213727494768728 0.0054956067818052569
leaf_weight=45.565216904040426 6.0525207261089218 2.4848379681352499 7.0130359623581189 8.9266709913499636 3.690131435170767 3.8902002964168787 2.7502858149819076 5.2767404557671371 1.1867998861707745 10.580131863243876 7.8460105555132031 10.169598754495381 8.8417688133195025 3.3723693545907727
leaf_count=8270 574 308 164 69 40 214 21 223 14 561 159 171 346 80
internal_value=-0.0002914 0.00637826 0.00896539 0.0122871 0.00814081 0.0010498 0.00912024 -0.00746948 0.000221373 -0.00330988 -0.00330988 0.0151519 0.000221373 0.000221373
internal_weight=127.646 66.2242 52.3257 37.6267 28.7001 14.8403 7.82729 61.4221 5.077 15.8569 13.8985 13.8597 14.699 12.2141
internal_count=11214 2160 1427 693 624 413 249 9054 228 784 733 211 734 426
is_linear=0
shrinkage=0.03


Tree=13
num_leaves=12
num_cat=0
split_feature=0 10 8 11 11 8 2 2 2 1 1
split_gain=6.19524 2.08368 1.37061 1.33777 1.16513 0.979642 0.344036 0.848696 0.40713 0.097801 0.0952718
threshold=76.943352456625334 98.610843141038018 88.077469793887715 80.566304016537927 34.993343861343504 25.176056338028172 93.367055649664366 94.348007246376824 90.285326086956545 23.653149791303871 84.141503726315236
decision_type=2 2 2 2 2 2 2 2 2 2 2
left_child=10 2 4 6 -2 9 -4 8 -7 -6 -1
right_child=1 -3 3 -5 5 7 -8 -9 -10 -11 -12
leaf_value=-0.0097302417037098635 -0.0071551865562663229 0.017613353769467977 0.0023240939510621723 0.017613353769467977 -0.0071551865562663229 -0.0024839380986273049 0.010773404978607952 0.010773404978607952 0.0023240939510621723 -0.0024839380986273049 -0.0071551865562663229
leaf_weight=38.279765346320346 12.767307862173764 9.126828827429561 6.9830314321443456 7.7398840496316543 2.9010893728118381 16.045622594421733 3.4128011129796505 13.521114465780554 5.2453020382672539 2.1203983211889863 8.5988122853450459
leaf_count=7030 686 81 192 71 149 971 35 181 101 155 1562
internal_value=-0.000210429 0.00485512 0.0029864 0.00986219 0.000476 0.00232409 0.00232409 0.00232409 0.0013255 -0.00715519 -0.00876138
internal_weight=126.742 79.8634 70.7366 18.1357 52.6008 39.8335 10.3958 34.812 21.2909 5.02149 46.8786
internal_count=11214 2622 2541 298 2243 1557 227 1253 1072 304 8592
is_linear=0
shrinkage=0.03


Tree=14
num_leaves=12
num_cat=0
split_feature=0 10 11 9 4 1 10 0 1 1 3
split_gain=6.08336 1.78642 0.928625 1.08642 0.992485 0.832727 0.301394 0.164603 0.102965 0.0827403 0.0350522
threshold=76.943352456625334 98.610843141038018 95.597438463584893 90.765107212475655 73.584630781509318 29.974142942092218 58.397435897435905 92.327704028471302 10.128226204175574 50.266683734425676 91.855671573662008
decision_type=2 2 2 2 2 2 2 2 2 2 2
left_child=9 2 4 7 5 -2 10 -4 -6 -1 -7
right_child=1 -3 3 -5 8 6 -8 -9 -10 -11 -12
leaf_value=-0.010443449976732648 -0.0086073139693741557 0.016405290296009591 0.0027380400981753977 0.016405290296009591 0.00029027148175577496 -0.0072357288036093139 0.0027380400981753977 0.0079438190199327165 0.0027380400981753977 -0.0072357288036093139 9.6157088924589529e-05
leaf_weight=20.008182967780158 4.0330060727428627 9.6810977570712549 2.3292102194391173 2.3691336889751256 18.774755671154708 1.2588943492155515 3.1869763233698905 4.7431304543279111 31.958618119591847 26.482215404277667 0.56079194066114735
leaf_count=3705 254 81 99 24 525 136 141 78 1190 4887 94
internal_value=-0.000104763 0.00495051 0.00313749 0.0114061 0.00166524 -0.00709477 0.00273804 0.00273804 0.00273804 -0.00860731 -0.00723573
internal_weight=125.386 78.8956 69.2145 9.44147 59.773 9.03967 5.00666 7.07234 50.7334 46.4904 1.81969
internal_count=11214 2622 2541 201 2340 625 371 177 1715 8592 230
is_linear=0
shrinkage=0.03


Tree=15
num_leaves=11
num_cat=0
split_feature=0 2 7 4 1 10 8 1 4 1
split_gain=5.89757 2.14324 1.82119 1.23364 0.955391 2.1963 2.64317 0.107042 0.0198992 0.0132879
threshold=76.943352456625334 82.71881996848829 74.772727272727295 97.880790984239283 12.108993157380256 70.900537634408622 64.747307373653697 86.104336043360448 64.143877802414394 97.127859017622811
decision_type=2 2 2 2 2 2 2 2 2 2
left_child=-1 2 3 7 -3 -6 -7 -2 -4 -9
right_child=1 4 8 -5 5 6 -8 9 -10 -11
leaf_value=-0.0079643245762370043 -0.0079643245762370043 0.0074014102159488298 0.0045496289243520203 0.0074014102159488298 0.0074014102159488298 0.0074014102159488298 0.031227442656200723 0.00030293628493944586 0.0074014102159488298 0.0045496289243520203
leaf_weight=45.983561471104622 10.875572135904799 25.071413069264963 1.5319116739556093 2.5015628659166387 14.157336048781874 7.4352459646761444 8.6305083027109486 0.8108857772313065 9.0579784335568529 0.9533806792460382
leaf_count=8607 1048 521 73 61 354 104 53 88 249 34
internal_value=0.000515067 0.0053657 -0.00174507 -0.00796432 0.00864691 0.0130662 0.0207336 -0.00796432 0.00740141 0.00454963
internal_weight=127.009 81.0258 25.7313 15.1414 55.2945 30.2231 16.0658 12.6398 10.5899 1.76427
internal_count=11192 2585 1553 1231 1032 511 157 1170 322 122
is_linear=0
shrinkage=0.03


Tree=16
num_leaves=12
num_cat=0
split_feature=0 2 1 10 8 7 4 1 10 2 7
split_gain=5.93041 1.34127 1.60583 2.49415 2.5271 1.10866 0.829598 0.28543 0.16707 0.116945 0.0877924
threshold=76.943352456625334 82.71881996848829 12.108993157380256 70.900537634408622 64.747307373653697 74.772727272727295 97.880790984239283 86.104336043360448 94.797297297297305 88.379990852805278 49.151567443198168
decision_type=2 2 2 2 2 2 2 2 2 2 2
left_child=-1 5 8 9 -5 6 7 -2 -3 -4 -11
right_child=1 2 3 4 -6 -7 -8 -9 -10 10 -12
leaf_value=-0.0079468261488989302 -0.0079468261488989302 0.002261388667967872 0.002261388667967872 0.005969471242642954 0.030078868235175391 0.002261388667967872 0.002261388667967872 0.002261388667967872 0.005969471242642954 0.002261388667967872 0.005969471242642954
leaf_weight=45.421558142872527 9.4658710216172057 21.05048978608103 2.750857202336193 7.4278187640011337 8.9986101062968356 10.668937284033744 2.5816503926180294 1.7473247388843436 4.2656859457492819 3.0127640143036833 8.6459013093262893
leaf_count=8607 1048 479 124 104 53 322 61 122 42 75 155
internal_value=0.00061928 0.00548393 0.00800024 0.0124928 0.0201451 -0.000379168 -0.00667104 -0.00794683 0.00226139 0.00302821 0.00533292
internal_weight=126.037 80.6159 56.1521 30.836 16.4264 24.4638 13.7948 11.2132 25.3162 14.4095 11.6587
internal_count=11192 2585 1032 511 157 1553 1231 1170 521 354 230
is_linear=0
shrinkage=0.03


Tree=17
num_leaves=14
num_cat=0
split_feature=0 3 11 2 1 8 2 7 0 0 1 11 5
split_gain=6.01573 1.32232 1.16239 0.983948 2.09499 0.854756 0.520117 0.428509 0.19457 0.17098 0.168226 0.114363 0.0898914
threshold=76.943352456625334 99.747155095256389 38.362903647877744 82.605554556774067 9.7593152712529783 64.747307373653697 74.339616530638708 92.052631578947384 96.491170556866876 90.067096197641916 48.288821674496432 53.642739795273606 98.286411141473721
decision_type=2 2 2 2 2 2 2 2 2 2 2 2 2
left_child=11 2 6 10 7 -6 8 12 -2 -7 -4 -1 -5
right_child=1 -3 3 4 5 9 -8 -9 -10 -11 -12 -13 -14
leaf_value=-0.0093335249322835448 -0.0078567174488351731 0.021455575416098566 0.00067198250983434228 0.00067198250983434228 0.0077553845816333462 0.011521077608898849 0.00067198250983434228 0.0077553845816333462 0.00067198250983434228 0.021455575416098566 0.0051128103275348922 -0.0055763706691398371 0.0077553845816333462
leaf_weight=25.446063611190766 3.3573211668990686 3.6168038267642251 9.1964815887622482 9.8934731618501157 11.170278486330064 5.4810961401090008 17.840175230288878 2.6310425382107505 0.93419429194182146 7.2358945538289845 6.7001870633102962 19.572512266691774 2.3022756604477772
leaf_count=4852 398 32 607 240 245 75 446 32 45 58 381 3755 26
internal_value=0.000818972 0.00571607 0.00470784 0.00702332 0.0095487 0.0148677 -0.00106231 0.000671983 -0.00785672 0.0200942 0.000671983 -0.00785672 0.000671983
internal_weight=125.378 80.3592 76.7424 54.6107 38.7141 23.8873 22.1317 14.8268 4.29152 12.717 15.8967 45.0186 12.1957
internal_count=11192 2585 2553 1664 676 378 889 298 443 133 988 8607 266
is_linear=0
shrinkage=0.03


Tree=18
num_leaves=13
num_cat=0
split_feature=0 10 8 11 4 8 11 2 1 8 11 11
split_gain=5.70128 1.48949 1.04892 1.60301 0.640957 0.258799 0.18613 0.147907 0.0920148 0.0448487 0.00679111 0.00282666
threshold=76.943352456625334 98.610843141038018 92.970101309612076 67.3548490216711 56.615701836290079 32.529069767441868 53.642739795273606 76.038201216014699 27.994565217391308 21.702898550724644 82.614171503668828 53.642739795273606
decision_type=2 2 2 2 2 2 2 2 2 2 2 2
left_child=11 2 4 8 -2 6 -6 9 -4 -8 -9 -1
right_child=1 -3 3 -5 5 -7 7 10 -10 -11 -12 -13
leaf_value=-0.0092252667642424378 -0.0076900865281407929 0.015718353827002467 0.0020546421334656658 0.015718353827002467 -0.0074488947831533982 0.0020546421334656658 -0.0074488947831533982 0.00062224510224166262 0.0097213295167371365 0.00062224510224166262 0.0020546421334656658 -0.0076900865281407929
leaf_weight=25.171922523761168 2.487482111901044 10.345478668808935 2.6640333617106062 7.2507286760956049 3.7506696234922838 45.193220327841118 0.69614633964374639 2.0215169750154018 2.6219991997350007 0.51947916857898235 2.4407253605313599 19.335420621093363
leaf_count=4852 238 92 57 64 257 1536 87 75 60 51 68 3755
internal_value=0.000813448 0.00558135 0.00387439 0.0113998 0.00205464 0.00205464 -0.00306321 0.000515506 0.00205464 -0.00625957 0.00205464 -0.00769009
internal_weight=124.499 79.9915 69.646 12.5368 57.1092 54.6218 9.42854 5.67787 5.28603 1.21563 4.46224 44.5073
internal_count=11192 2585 2493 181 2312 2074 538 281 117 138 143 8607
is_linear=0
shrinkage=0.03


Tree=19
num_leaves=15
num_cat=0
split_feature=0 8 10 2 1 1 8 2 2 1 11 2 7 11
split_gain=5.34239 1.27981 1.87618 1.94181 2.3605 0.591182 0.48555 0.392779 0.32077 0.173979 0.196133 0.0251982 0.0177106 0.00341555
threshold=76.943352456625334 47.100840336134461 69.631093544137045 82.71881996848829 12.108993157380256 86.104336043360448 77.859477124183016 94.348007246376824 73.979273803958236 10.559600137436551 81.622471823375022 60.59105451671703 54.46570972886763 53.642739795273606
decision_type=2 2 2 2 2 2 2 2 2 2 2 2 2 2
left_child=13 8 11 5 7 -4 -6 -5 -2 10 12 -3 -10 -1
right_child=1 2 3 4 6 -7 -8 -9 9 -11 -12 -13 -14 -15
leaf_value=-0.008899755913531409 -0.0074046562451525223 -0.00048860383677811728 0.001696125304303455 0.001696125304303455 0.014275565985172368 0.013625434593810892 0.029241444017711355 0.0097054889618831078 -0.0074046562451525223 0.001696125304303455 0.001696125304303455 0.001696125304303455 -0.0022628113480399887 -0.0074046562451525223
leaf_weight=24.903606183826923 3.1768803456798169 4.3540677668061418 6.6694904812611622 4.181129816919567 7.1910495236515981 2.8908017198555171 7.8686636239290237 5.6561909662559628 1.4531239005736991 7.8381673754192889 1.772734797094017 24.983607020927593 1.6870401254855094 19.115594372386113
leaf_count=4852 431 410 237 58 78 49 39 58 94 275 51 749 56 3755
internal_value=0.000883376 0.00549467 0.00737102 0.0120186 0.0163073 0.00169613 0.0234291 0.00424877 -0.00201201 0.000391532 -0.00386498 0.00169613 -0.00740466 -0.00740466
internal_weight=123.742 79.7229 63.795 34.4573 24.897 9.56029 15.0597 9.83732 15.9279 12.7511 4.9129 29.3377 3.14016 44.0192
internal_count=11192 2585 1678 519 233 286 117 116 907 476 201 1159 150 8607
is_linear=0
shrinkage=0.03


Tree=20
num_leaves=15
num_cat=0
split_feature=0 10 8 2 1 0 1 3 10 7 1 9 1 10
split_gain=4.95523 3.02834 2.66966 1.24157 1.83217 1.31257 0.960326 0.507501 0.463449 0.276071 0.191666 0.0970722 0.0802855 0.0795829
threshold=83.576655299801089 59.439874657265968 47.434210526315795 82.71881996848829 12.108993157380256 97.225720682899535 46.700556734683353 66.131182795698933 99.324324324324337 91.734972677595636 90.330372448184519 98.639392817475013 27.203051382780185 98.373876255949241
decision_type=2 2 2 2 2 2 2 2 2 2 2 2 2 2
left_child=7 -2 -3 6 5 -5 8 9 -4 10 11 12 -1 -14
right_child=1 2 3 4 -6 -7 -8 -9 -10 -11 -12 -13 13 -15
leaf_value=-0.012254499028769366 -0.0026146225497221012 -0.0026146225497221012 -0.0026146225497221012 0.0051775370355922204 0.024069152696826218 0.018189585382074765 0.012789443486684676 -0.0026146225497221012 0.0051775370355922204 -0.0026146225497221012 -0.0026146225497221012 -0.0026146225497221012 -0.0080134769590811047 -0.0026146225497221012
leaf_weight=9.1396964190062118 21.737561074551195 5.7461447170935562 4.0303415311500412 5.6032705092802662 14.944588916376231 6.6367955897003412 6.0263992741238326 16.553065920714289 2.0552659435197711 2.9793904477264723 3.1837113923393181 1.0034118220210064 22.335358635522429 0.90920937387272616
leaf_count=1424 1067 215 158 95 117 57 130 2290 21 465 618 164 4138 114
internal_value=0.00102859 0.00650604 0.0108688 0.0137415 0.0172381 0.00770966 0.00517754 -0.00549098 -0.00261462 -0.0074191 -0.00824565 -0.00892805 -0.00923875 -0.00759642
internal_weight=122.884 66.7804 45.0428 39.2967 27.1847 12.2401 12.112 56.1038 6.08561 39.5508 36.5714 33.3877 32.3843 23.2446
internal_count=11073 1860 793 578 269 152 309 9213 179 6923 6458 5840 5676 4252
is_linear=0
shrinkage=0.03


Tree=21
num_leaves=14
num_cat=0
split_feature=10 4 8 2 11 11 7 0 4 11 1 3 2
split_gain=4.06759 3.26999 2.37787 1.21048 0.985165 0.751477 0.646375 0.247165 0.164829 0.172325 0.137102 0.101543 0.0407572
threshold=59.439874657265968 63.743273350471298 48.107142857142868 82.71881996848829 74.427466088251506 38.362903647877744 81.322674418604663 96.108942870600913 79.839779241892714 53.642739795273606 70.433562760870174 88.802985074626875 97.648635144014904
decision_type=2 2 2 2 2 2 2 2 2 2 2 2 2
left_child=8 -2 12 4 7 -5 11 -4 9 10 -1 -6 -3
right_child=1 2 3 5 6 -7 -8 -9 -10 -11 -12 -13 -14
leaf_value=-0.011526763372104948 -0.0050554781916706737 -0.0049956493557317041 -0.0049956493557317041 0.006574569874578144 0.0010149687382387848 0.018260625082979005 0.018260625082979005 0.0010149687382387848 -0.0049956493557317041 -0.0050554781916706737 -0.0050554781916706737 0.0064600672461769208 0.00057456265894880604
leaf_weight=10.803859128849586 16.032348362961784 7.0828937224578095 4.4094132252503169 8.2692369832657295 1.3255849147681149 22.405915642622858 3.7575888796709478 1.9244023244827984 22.921228413237259 14.447720136027781 5.607418426545336 2.1170907579362392 0.98657573619857419
leaf_count=1999 2623 512 393 129 114 278 36 29 1329 2465 1097 51 18
internal_value=0.00106357 0.00588443 0.00948457 0.0121797 0.00428549 0.0154174 0.0112232 -0.00405623 -0.00505548 -0.00732928 -0.00950922 0.00101497 -0.00499565
internal_weight=122.091 68.3111 52.2787 44.2092 13.5341 30.6752 7.20026 6.33382 53.7802 30.859 16.4113 3.44268 8.06947
internal_count=11073 4183 1560 1030 623 407 201 422 6890 5561 3096 165 530
is_linear=0
shrinkage=0.03


Tree=22
num_leaves=13
num_cat=0
split_feature=0 10 8 2 5 1 7 2 1 1 1 1
split_gain=3.81876 2.61442 2.03873 1.388 1.29824 1.78236 1.27335 0.413602 0.296088 0.149455 0.090889 0.014495
threshold=76.943352456625334 59.439874657265968 47.434210526315795 50.699238199238209 99.011087070788577 8.1657967190547236 76.043478260869577 93.069342801246293 77.499859303772553 90.330372448184519 5.7478356250244849 52.686797018947836
decision_type=2 2 2 2 2 2 2 2 2 2 2 2
left_child=9 10 -3 8 5 6 -5 -7 -4 11 -2 -1
right_child=1 2 3 4 -6 7 -8 -9 -10 -11 -12 -13
leaf_value=-0.00773118800161713 -0.0067047591855914053 -0.0027621142338948202 -0.0027621142338948202 -0.0027621142338948202 0.023552451188602122 0.014064360985533618 0.014064360985533618 0.022753871711322343 0.007915502271524882 -0.0027621142338948202 -0.0027621142338948202 -0.0053350039196151102
leaf_weight=19.444590172031894 4.7531388076022578 7.0405624138656995 3.1517218057997516 6.8294788077473623 7.7341407872736445 16.996464700438089 3.0155118280090392 6.549543745815753 1.4611323419958351 4.8841028881724915 21.060877884738147 18.44762744102627
leaf_count=3864 220 311 127 141 47 319 34 49 42 967 1290 3662
internal_value=0.00108568 0.00499192 0.00876527 0.0111058 0.0128332 0.00973774 -0.000952817 0.0140644 -0.00276211 -0.00604133 -0.00276211 -0.00673179
internal_weight=121.369 78.5926 52.7786 45.738 41.1251 33.391 9.84499 23.546 4.61285 42.7763 25.814 37.8922
internal_count=11073 2580 1070 759 590 543 175 368 169 8493 1510 7526
is_linear=0
shrinkage=0.03


Tree=23
num_leaves=15
num_cat=0
split_feature=5 10 8 11 5 7 2 2 2 10 3 2 1 8
split_gain=3.42837 1.69192 1.84902 1.5891 1.17322 0.648525 0.499659 0.425026 0.296568 0.191278 0.380151 0.128127 0.0294873 0.00607637
threshold=80.636929838248321 59.439874657265968 47.100840336134461 66.126846752338508 99.011087070788577 58.477011494252878 76.127016344407664 93.069342801246293 84.86515310892942 75.90322580645163 61.79616570701517 59.145489290094417 30.378045460732277 92.687165775401084
decision_type=2 2 2 2 2 2 2 2 2 2 2 2 2 2
left_child=6 11 -3 4 5 -4 12 -5 -7 10 13 -2 -1 -8
right_child=1 2 3 7 -6 8 9 -9 -10 -11 -12 -13 -14 -15
leaf_value=-0.0093244938777309119 -0.0064149660385868197 -0.0014285726740635458 -0.0014285726740635458 0.016311118212531343 0.016311118212531343 0.00041605188887057926 -0.0064149660385868197 0.024862380879717531 0.012164959615095988 -0.0014285726740635458 -0.0014285726740635458 -0.0014285726740635458 -0.0064149660385868197 -0.0014285726740635458
leaf_weight=6.9961651552002868 3.4240974178538073 5.2091376192402086 6.5248187996912765 14.734719544649126 3.6371620004065326 3.4473766086157411 7.3153516068123299 7.8695196039043358 3.6275879279710352 6.3908764477819195 3.1327730289194724 17.149380712071434 30.240259987534955 0.88124683126807202
leaf_count=1330 501 244 217 245 33 90 959 50 42 377 277 777 5860 71
internal_value=0.00106946 0.00565954 0.00885725 0.011224 0.00402432 -0.000395778 -0.00441475 0.0163111 0.00720062 -0.00142857 -0.00553157 -0.00142857 -0.00641497 -0.00641497
internal_weight=120.58 65.6238 45.0503 39.8412 17.2369 13.5998 54.9567 22.6042 7.07496 17.7202 11.3294 20.5735 37.2364 8.1966
internal_count=11073 2199 921 677 382 349 8874 295 132 1684 1307 1278 7190 1030
is_linear=0
shrinkage=0.03


Tree=24
num_leaves=15
num_cat=0
split_feature=5 8 10 2 1 5 2 2 11 1 9 7 1 11
split_gain=2.88887 1.54494 1.38872 1.42479 1.21505 2.07296 0.564712 0.215226 0.194619 0.136167 0.0738422 0.0491724 0.00867204 0.00526015
threshold=83.353413654618493 47.100840336134461 59.439874657265968 50.699238199238209 8.1657967190547236 98.657715702384053 93.069342801246293 76.127016344407664 37.83458156952134 67.304649185902065 94.943101905127236 88.989898989899004 78.271848924022848 53.295936368419426
decision_type=2 2 2 2 2 2 2 2 2 2 2 2 2 2
left_child=7 -2 8 12 5 -5 -6 9 -3 10 11 13 -4 -1
right_child=1 2 3 4 6 -7 -8 -9 -10 -11 -12 -13 -14 -15
leaf_value=-0.0099154038738772082 -0.0035844892444086588 -0.0035844892444086588 -0.00086856166738629923 -0.00086856166738629923 0.016469478733843211 0.016469478733843211 0.02637286959024903 -0.0035844892444086588 -0.00086856166738629923 -0.0035844892444086588 -0.0035844892444086588 -0.0035844892444086588 0.0053520696520274139 -0.0061839309821933967
leaf_weight=9.6225993717089384 9.500457141781224 2.6529708171728972 2.9375161104835561 6.9328283127397281 16.031315854052089 3.8370779305696487 6.9476666059344998 21.098819373873994 9.9161502930801344 15.643343659350647 1.3664581459015597 2.0951628473121664 1.593500150600448 9.3868219053838384
leaf_count=1916 630 208 112 126 234 27 46 1788 452 3074 269 362 52 1777
internal_value=0.00109373 0.00566746 0.0077446 0.0105228 0.0126816 0.00388714 0.0164695 -0.00358449 -0.000868562 -0.00588247 -0.00740143 -0.00794997 -0.000868562 -0.00847395
internal_weight=119.563 60.3495 50.849 38.2799 33.7489 10.7699 22.979 59.2132 12.5691 38.1144 22.471 21.1046 4.53102 19.0094
internal_count=11073 1887 1257 597 433 153 280 9186 660 7398 4324 4055 164 3693
is_linear=0
shrinkage=0.03


Tree=25
num_leaves=14
num_cat=0
split_feature=0 10 11 2 8 10 7 1 1 11 3 2 10
split_gain=2.32108 1.32226 0.932139 1.17499 1.17533 0.543761 0.593227 0.536352 0.182715 0.0637155 0.0407455 0.0381229 0.0192287
threshold=86.989910862964066 99.324324324324337 42.18189832500736 82.605554556774067 92.031746031746039 81.322674418604663 49.151567443198168 9.3400218400218424 27.994565217391308 83.711343147324001 66.541055526453661 97.765700483091805 99.324324324324337
decision_type=2 2 2 2 2 2 2 2 2 2 2 2 2
left_child=8 2 11 9 5 6 -5 -8 10 -4 -1 -2 -10
right_child=1 -3 3 4 -6 -7 7 -9 12 -11 -12 -13 -14
leaf_value=-0.0082624555783859591 -0.0040203660384900254 0.015580836647436246 -0.0040203660384900254 -0.0032749172440119561 0.015580836647436246 0.010767155421023385 -0.0028177478512657382 0.010767155421023385 -0.0040203660384900254 -0.0032749172440119561 -0.0040203660384900254 -0.0032749172440119561 0.0018422771804382217
leaf_weight=12.003108931938188 11.865276575321326 6.9964561946690074 4.2512508754152787 4.8960309964604738 4.2702711317688218 6.8910464770160607 3.5632617846131307 5.0933385198004544 42.941375566646457 6.2580279775429517 4.9633095262106499 2.0847805519588301 1.9056151767726976
leaf_count=1766 530 55 276 124 34 75 88 99 7298 202 507 31 208
internal_value=-0.000134619 0.00424023 0.00234829 0.00491193 0.00838525 0.00450215 0.00079563 0.00574561 -0.00411425 -0.00327492 -0.00719579 -0.00402037 -0.00402037
internal_weight=117.983 56.1697 49.1733 35.2232 24.7139 20.4437 13.5526 8.6566 61.8134 10.5093 16.9664 13.9501 44.847
internal_count=11293 1514 1459 898 420 386 311 187 9779 478 2273 561 7506
is_linear=0
shrinkage=0.03


Tree=26
num_leaves=15
num_cat=0
split_feature=0 11 8 2 5 1 1 8 7 7 1 1 4 3
split_gain=2.22732 1.47545 1.1589 0.72816 0.840694 0.794287 0.676979 0.474767 0.319489 0.211481 0.099781 0.341785 0.0842539 0.0251472
threshold=87.773400127564585 23.125404845187202 32.529069767441868 81.891274776525464 99.011087070788577 10.128226204175574 45.512516781173503 69.416099773242635 76.533166458072614 75.204918032786892 27.994565217391308 5.7478356250244849 94.155398848418216 94.899319669059366
decision_type=2 2 2 2 2 2 2 2 2 2 2 2 2 2
left_child=10 -2 -3 6 5 9 8 -7 -4 11 12 -5 13 -1
right_child=1 2 3 4 -6 7 -8 -9 -10 -11 -12 -13 -14 -15
leaf_value=-0.0075758204966992993 -0.0038825240395984864 -0.0038825240395984864 -0.0038825240395984864 -0.0038825240395984864 0.019643474025477888 0.0083035144617676741 0.0083035144617676741 0.017777376415909589 0.0014310529364068615 0.0067314270969859443 -0.0038825240395984864 0.0066151868253821727 -0.0038825240395984864 -0.0038825240395984864
leaf_weight=16.117179063963714 7.8703436225187025 4.0638606022112063 3.3906266454141569 5.5827181492932194 6.2593334871344259 6.8895071709994209 5.5990502072963864 6.6424805736169219 2.6050398075021803 3.0489090862683952 46.031803790479898 2.3676785714924335 0.77285238727927108 0.51192412059754033
leaf_count=2230 297 212 225 121 48 124 181 71 52 42 7555 51 49 35
internal_value=-9.23119e-05 0.00432403 0.00645294 0.00800089 0.010352 0.00730474 0.00143105 0.0119166 -0.00388252 0.00143105 -0.00388252 -0.00155605 -0.00626983 -0.00721501
internal_weight=117.753 54.3195 46.4492 42.3853 30.7906 24.5313 11.5947 13.532 5.99567 10.9993 63.4338 7.9504 17.402 16.6291
internal_count=11293 1424 1127 915 457 409 458 195 277 214 9869 172 2314 2265
is_linear=0
shrinkage=0.03


Tree=27
num_leaves=13
num_cat=0
split_feature=3 0 4 11 7 5 1 2 2 1 1 11
split_gain=1.94149 1.16918 0.652215 0.958938 1.4416 0.812786 1.2518 1.15038 0.653204 0.147645 0.0978503 0.137498
threshold=99.747155095256389 99.463086280953632 64.94831628303497 35.722806893211917 73.956521739130451 83.761810591078898 5.7478356250244849 90.285326086956545 73.979273803958236 25.248811645870472 29.577122275678949 94.57258159538118
decision_type=2 2 2 2 2 2 2 2 2 2 2 2
left_child=1 2 10 -4 5 -5 -7 9 -6 -8 11 -1
right_child=-2 -3 3 4 8 6 7 -9 -10 -11 -12 -13
leaf_value=-0.0099511886215913805 0.017519274447418846 0.0117302460000408 -0.0045872407841430598 -0.0045872407841430598 -0.0011992493371860921 -0.0045872407841430598 -0.0045872407841430598 0.009312286362127619 0.0117302460000408 -0.0011992493371860921 -0.0045872407841430598 -0.0045872407841430598
leaf_weight=7.8245309062767756 4.3913966147229067 5.2460934310220173 15.996442913543431 12.59728389198426 3.859651246340948 4.5940238132607218 3.3216869228053856 7.2636758377775541 12.535391133162191 7.1777023349422961 32.032596412813291 0.50558322411961842
leaf_count=1316 40 69 1188 1435 256 133 176 93 281 330 5918 58
internal_value=-7.27622e-05 -0.000904434 -0.00162207 0.000196179 0.00225097 -0.00122797 0.0024548 0.00649871 0.00931229 -0.00119925 -0.00458724 -0.00800692
internal_weight=117.346 112.955 107.709 67.3459 51.3494 34.9544 22.3571 17.7631 16.395 10.4994 40.3627 8.33011
internal_count=11293 11253 11184 3892 2704 2167 732 599 537 506 7292 1374
is_linear=0
shrinkage=0.03


Tree=28
num_leaves=11
num_cat=0
split_feature=10 8 2 11 8 10 0 2 2 2
split_gain=1.58822 1.32875 0.686721 0.407469 0.415581 0.247409 0.117279 0.0560803 0.0403117 0.00106249
threshold=98.449519230769241 52.679425837320572 81.891274776525464 23.125404845187202 72.665006226650078 91.366459627329206 88.902275769745657 90.97201538843386 83.310688405797109 97.765700483091805
decision_type=2 2 2 2 2 2 2 2 2 2
left_child=3 8 6 5 7 9 -3 -5 -2 -1
right_child=1 2 -4 4 -6 -7 -8 -9 -10 -11
leaf_value=-0.0071769846523560294 -0.0017950863325801526 0.0024655860386494587 0.023234802703662259 -0.0017950863325801526 0.0024655860386494587 -0.0017950863325801526 0.0095358849356159993 -0.0012534527689437444 0.0034979312740351064 -0.0021149345926936782
leaf_weight=16.645974857267014 1.6992584820836767 1.1038612953852864 4.5788054899312556 39.80972742754966 31.110434625763446 1.2513350197114039 1.2343474850058553 16.716501965769567 1.5721475102473048 1.0702225347049523
leaf_count=2273 162 121 41 5763 2201 133 10 531 32 26
internal_value=-0.000136051 0.0106227 0.0174701 -0.00125345 -0.00125345 -0.00554817 0.00260287 -0.00179509 -0.00125345 -0.00700053
internal_weight=116.793 10.1884 6.91701 106.604 87.6367 18.9675 2.33821 56.5262 3.27141 17.7162
internal_count=11293 366 172 10927 8495 2432 131 6294 194 2299
is_linear=0
shrinkage=0.03


Tree=29
num_leaves=13
num_cat=0
split_feature=5 11 5 8 10 11 1 2 9 1 7 10
split_gain=1.56893 0.685773 0.981369 0.95755 0.996922 0.270138 0.195121 0.187907 0.157574 0.0885158 0.0499511 0.0108475
threshold=99.011087070788577 35.722806893211917 80.636929838248321 69.416099773242635 62.593283582089562 73.918547055586146 74.739328771586855 94.952465250458971 66.458333333333343 29.577122275678949 88.284313725490208 94.797297297297305
decision_type=2 2 2 2 2 2 2 2 2 2 2 2
left_child=1 9 5 11 8 6 10 -2 -5 -1 -3 -4
right_child=7 2 3 4 -6 -7 -8 -9 -10 -11 -12 -13
leaf_value=-0.008117547393021611 0.010327484434219943 -0.0050803213147985983 -0.00078592138642634109 -0.00078592138642634109 0.010327484434219943 -0.00078592138642634109 -0.00078592138642634109 0.017237570498280626 0.0065420193367235384 -0.0050803213147985983 -0.00078592138642634109 0.00071874949801043625
leaf_weight=10.433805015520194 5.9035310768522304 14.165590667398652 19.34739625349178 4.0596042152028557 12.574386195279656 13.910633311956188 4.8924229948315761 4.7754508894868195 1.9315272136591373 18.794605216593482 2.2399674738990134 3.5849342029541722
leaf_count=1052 85 2568 883 189 180 2093 958 43 70 2832 262 78
internal_value=-0.000113816 -0.00125311 0.000251834 0.00334085 0.00821793 -0.00338068 -0.00508032 0.0103275 -0.000785921 -0.00508032 -0.00508032 -0.000785921
internal_weight=116.614 105.935 76.7065 41.4978 18.5655 35.2086 21.298 10.679 5.99113 29.2284 16.4056 22.9323
internal_count=11293 11165 7281 1400 439 5881 3788 128 259 3884 2830 961
is_linear=0
shrinkage=0.03


Tree=30
num_leaves=13
num_cat=0
split_feature=11 2 8 3 10 1 11 2 3 8 3 3
split_gain=0.998408 1.36121 0.946952 0.666521 0.305482 0.280601 0.319302 0.577475 0.805795 0.122764 0.036706 0.0358545
threshold=83.028645851090687 86.947917861649657 92.687165775401084 77.889504367653487 86.425061425061429 24.843500988079303 38.362903647877744 97.260207261960446 99.463086280953632 96.899038461538467 97.127859017622811 79.042748439300183
decision_type=2 2 2 2 2 2 2 2 2 2 2 2
left_child=5 9 3 4 -3 6 7 8 -1 10 -2 -8
right_child=1 2 -4 -5 -6 -7 11 -9 -10 -11 -12 -13
leaf_value=-0.015561339622626119 -0.0015965965608085184 -0.0015965965608085184 0.023409037517223171 0.010874089539385626 0.0096511237313182882 -0.0015965965608085184 -0.0019932763454692452 -0.0019932763454692452 -0.0019932763454692452 0.005880960766612057 0.002073927264265796 -0.0015965965608085184
leaf_weight=8.535376341897063 14.666712011210633 3.4401400338392687 2.9250932151917359 7.1691691358573735 1.2715261359699068 52.578800674178638 9.5885007999604586 2.6709236172027877 0.54413481475785452 1.0216294357087452 2.3925234226044259 9.5342007189756242
leaf_count=875 1482 169 32 95 22 7081 935 56 5 67 53 290
internal_value=-0.000411019 0.00394298 0.0103809 0.00560498 -0.0015966 -0.00215322 -0.00456716 -0.00827105 -0.0120834 -0.0015966 -0.0015966 -0.00199328
internal_weight=116.339 32.8868 14.8059 11.8808 4.71167 83.4519 30.8731 11.7504 9.07951 18.0809 17.0592 19.1227
internal_count=11162 1920 318 286 191 9242 2161 936 880 1602 1535 1225
is_linear=0
shrinkage=0.03


Tree=31
num_leaves=13
num_cat=0
split_feature=11 2 8 7 8 2 1 0 4 2 7 11
split_gain=0.832746 1.26259 0.905882 0.487167 0.296124 0.274771 0.205978 0.442449 0.251985 0.15833 0.114009 0.0519838
threshold=83.028645851090687 86.947917861649657 92.687165775401084 80.163934426229517 72.665006226650078 97.163839211098136 18.821805084522968 97.225720682899535 96.791420911528164 97.12394219858642 97.752525252525274 47.214457831325305
decision_type=2 2 2 2 2 2 2 2 2 2 2 2
left_child=6 3 5 -2 -5 -3 7 8 10 -8 11 -1
right_child=1 2 -4 4 -6 -7 9 -9 -10 -11 -12 -13
leaf_value=-0.011843867816226534 -0.0019629144392438783 0.0052192031739080585 0.022643754322103627 -0.0019629144392438783 0.0052192031739080585 0.01389625181640813 -0.0019629144392438783 -0.0019629144392438783 -0.0019629144392438783 0.0052192031739080585 -0.0019629144392438783 -0.0063779601480594555
leaf_weight=7.1347838956862768 12.692681487067608 9.4088633472565508 2.8639021199196568 1.8620682747568924 3.7156228756066412 2.6462989782448867 55.655504586640745 6.4071965338662258 1.7950218964833755 2.7948381081223479 0.666907441569493 8.480664946488103
leaf_count=736 1369 248 32 161 72 38 7560 125 51 63 48 659
internal_value=-0.000358194 0.00359187 0.00977638 -0.00170349 0.0052192 0.0052192 -0.00196291 -0.00468787 -0.00753017 -0.00196291 -0.00885921 -0.00943788
internal_weight=116.124 33.1894 14.9191 18.2704 5.57769 12.0552 82.9349 24.4846 18.0774 58.4503 16.2824 15.6154
internal_count=11162 1920 318 1602 233 286 9242 1619 1494 7623 1443 1395
is_linear=0
shrinkage=0.03


Tree=32
num_leaves=14
num_cat=0
split_feature=11 2 8 3 10 1 4 11 2 3 10 11 8
split_gain=0.869441 1.26401 0.813054 0.648459 0.28657 0.210847 0.341694 0.228393 0.330239 0.108837 0.0955066 0.0583717 0.0021818
threshold=83.028645851090687 86.947917861649657 92.687165775401084 77.889504367653487 86.425061425061429 18.821805084522968 83.761810591078898 38.362903647877744 97.765700483091805 97.127859017622811 92.805383022774336 80.923484875329265 96.899038461538467
decision_type=2 2 2 2 2 2 2 2 2 2 2 2 2
left_child=5 9 3 4 -3 6 11 8 10 12 -8 -1 -2
right_child=1 2 -4 -5 -6 -7 7 -9 -10 -11 -12 -13 -14
leaf_value=-0.0098749492823021444 -0.0015824407997120774 -0.0015824407997120774 0.021817101986832361 0.010534573687404175 0.0091967709513899199 -0.0015824407997120774 -0.0092383930332115439 -0.0015824407997120774 -0.0015824407997120774 0.0036457308891650717 -0.0015824407997120774 -0.0015824407997120774 0.0019334181233746138
leaf_weight=7.2187990279635441 14.848167019314138 3.5864563626237196 2.9985057294834396 7.5914598710369319 1.3141459245234726 58.384980068309233 2.6932615181431201 10.283295839326454 1.7919707209803162 2.6752001089043906 1.4425524068064985 0.48451825231313694 0.86615912569686848
leaf_count=994 1482 169 32 95 22 7623 216 319 32 58 25 33 62
internal_value=-0.000232784 0.00374583 0.00978364 0.00549227 -0.00158244 -0.00189596 -0.00441894 -0.00172509 -0.00706723 -0.00158244 -0.00923839 -0.00923839 -0.00158244
internal_weight=116.179 33.8801 15.4906 12.4921 4.9006 82.2994 23.9144 16.2111 5.92778 18.3895 4.13581 7.70332 15.7143
internal_count=11162 1920 318 286 191 9242 1619 592 273 1602 241 1027 1544
is_linear=0
shrinkage=0.03


Tree=33
num_leaves=12
num_cat=0
split_feature=11 9 2 3 3 3 1 2 7 2 7
split_gain=0.853398 1.07279 0.91296 0.517192 0.223357 0.361367 0.215793 0.281571 0.332682 0.150487 0.077762
threshold=83.028645851090687 95.932156646442365 90.285326086956545 63.38023088023089 97.127859017622811 99.747155095256389 18.821805084522968 93.928542770020883 88.047619047619051 96.886832073399248 51.042118975249686
decision_type=2 2 2 2 2 2 2 2 2 2 2
left_child=5 2 4 9 -2 6 7 8 -1 -4 -9
right_child=1 -3 3 -5 -6 -7 -8 10 -10 -11 -12
leaf_value=-0.010046903597159689 -0.0018902989767996096 0.018338227700127954 -0.0018902989767996096 0.011730901343226657 0.0059414941969123955 0.0059414941969123955 -0.0018902989767996096 -0.0052750353498983091 -0.0018902989767996096 0.0057217936596995105 -0.0018902989767996096
leaf_weight=10.552928771125154 17.663103743456315 2.9998854913283131 1.4029707135632628 8.2670367676764709 2.3492854719515881 1.879471180262043 57.413413956877775 6.1780010205693525 1.6734542902559031 1.408541726414114 4.3323976155370474
leaf_count=1161 1578 81 73 98 57 25 7602 209 127 33 118
internal_value=-0.000234492 0.00369005 0.00174929 0.00828402 -0.0018903 -0.0018903 -0.00225609 -0.00485508 -0.00782366 -0.0018903 -0.0018903
internal_weight=116.12 34.0908 31.0909 11.0785 20.0124 82.0297 80.1502 22.7368 12.2264 2.81151 10.5104
internal_count=11162 1920 1839 204 1635 9242 9217 1615 1288 106 327
is_linear=0
shrinkage=0.03


Tree=34
num_leaves=13
num_cat=0
split_feature=11 9 2 3 3 3 1 2 7 2 2 7
split_gain=0.879028 1.17305 0.967661 0.388508 0.19042 0.303144 0.19216 0.334679 0.303802 0.188522 0.211363 0.0366227
threshold=83.028645851090687 95.932156646442365 90.285326086956545 63.38023088023089 97.127859017622811 99.747155095256389 18.821805084522968 93.928542770020883 88.047619047619051 96.886832073399248 97.12394219858642 51.042118975249686
decision_type=2 2 2 2 2 2 2 2 2 2 2 2
left_child=5 2 4 9 -2 6 7 8 -1 -4 -8 -9
right_child=1 -3 3 -5 -6 -7 10 11 -10 -11 -12 -13
leaf_value=-0.010203896993162041 -0.0018822480755798547 0.018875638674724571 -0.0018822480755798547 0.011379472330802541 0.0053038693301192506 0.0053038693301192506 -0.0018822480755798547 -0.0047471116283306879 -0.0018822480755798547 0.0066062472541414206 0.0053038693301192506 -0.0018822480755798547
leaf_weight=10.080126426531935 17.677951802150357 3.1008255116175851 1.444853299763053 8.3662313492968661 2.4349223638419053 1.8860330984462041 54.764358281390741 6.0467005076352471 1.6971779547166068 1.4567007268778978 2.8069427798036477 4.2851023548282683
leaf_count=1161 1578 81 73 98 57 25 7539 209 127 33 63 118
internal_value=-0.000186751 0.00376398 0.00173394 0.00840343 -0.00188225 -0.00188225 -0.00221795 -0.00471607 -0.00807703 -0.000894843 -0.00188225 -0.00188225
internal_weight=116.048 34.4815 31.3807 11.2678 20.1129 81.5664 79.6804 22.1091 11.7773 2.90155 57.5713 10.3318
internal_count=11162 1920 1839 204 1635 9242 9217 1615 1288 106 7602 327
is_linear=0
shrinkage=0.03


Tree=35
num_leaves=15
num_cat=0
split_feature=2 10 11 1 3 8 2 1 8 7 11 7 9 1
split_gain=1.22381 1.58292 0.808379 0.677761 0.728368 0.489059 0.334893 0.505984 0.197129 0.273255 0.140021 0.0949751 0.0560611 0.0369288
threshold=81.891274776525464 97.6467331118494 35.722806893211917 5.3735940378956641 49.078940989896054 92.031746031746039 90.285326086956545 18.821805084522968 72.665006226650078 74.772727272727295 77.301696557174367 71.26984126984128 77.859477124183016 73.940252569284837
decision_type=2 2 2 2 2 2 2 2 2 2 2 2 2 2
left_child=10 2 -2 -4 -5 6 7 -6 9 -9 11 12 13 -1
right_child=1 -3 3 4 5 -7 -8 8 -10 -11 -12 -13 -14 -15
leaf_value=-0.0072120010720422602 -0.002867512658355019 0.015831781074129914 -0.002867512658355019 -0.002867512658355019 -0.002867512658355019 0.015831781074129914 0.008461051481110397 -0.002867512658355019 0.008461051481110397 0.008461051481110397 -0.002867512658355019 -0.002867512658355019 -0.002867512658355019 -0.0036625985306755738
leaf_weight=16.099312144215226 10.001259592594577 6.7983157436829051 9.0221724393777532 4.2473869258537915 2.9377105678431743 3.295847868314012 12.340842139441518 2.6429552725749095 1.8416244618128983 1.3133708960376678 18.93494530627504 11.159732546075245 6.1586265497608101 7.4401958140078923
leaf_count=2902 682 95 260 538 135 51 239 142 51 40 1909 1630 1193 1341
internal_value=7.28121e-05 0.00329563 0.00121812 0.00346126 0.0056838 0.00769311 0.00546752 0.000803873 0.00648675 0.00100544 -0.00286751 -0.00465835 -0.00559245 -0.0062851
internal_weight=114.234 54.4415 47.6432 37.6419 28.6197 24.3724 21.0765 8.73566 5.79795 3.95633 59.7928 40.8579 29.6981 23.5395
internal_count=11208 2233 2138 1456 1196 658 607 368 233 182 8975 7066 5436 4243
is_linear=0
shrinkage=0.03


Tree=36
num_leaves=10
num_cat=0
split_feature=10 2 2 7 5 7 2 2 8
split_gain=1.13489 1.13897 0.381863 0.33862 0.225419 0.108621 0.177164 0.0517655 0.027003
threshold=98.610843141038018 81.891274776525464 97.163839211098136 81.742424242424264 62.172738986210497 88.989898989899004 90.97201538843386 50.821918244198052 21.089696071163825
decision_type=2 2 2 2 2 2 2 2 2
left_child=2 3 4 -2 8 6 7 -6 -1
right_child=1 -3 -4 -5 5 -7 -8 -9 -10
leaf_value=-0.0059830029439626028 -0.0013481142890896063 0.016535012581085782 0.0049696491640478296 0.012813338978502684 -0.0036317155979352562 0.0033653971063204247 0.0017870458350863613 -0.0013481142890896063 -0.0036317155979352562
leaf_weight=5.9480171828763551 2.6658930436242363 6.1572272719349712 8.4688241600524616 0.69611657212954003 9.6659300605533627 8.5801242955494654 17.797841431107372 26.704605757026002 27.216583344736136
leaf_count=1208 227 74 197 22 1316 387 424 1879 5474
internal_value=0.000145945 0.00954085 -0.00079324 -0.00079324 -0.00134811 -0.00134811 -0.00134811 -0.0017875 -0.00379585
internal_weight=113.901 9.51924 104.382 3.36201 95.9131 62.7485 54.1684 36.3705 33.1646
internal_count=11208 323 10885 249 10688 4006 3619 3195 6682
is_linear=0
shrinkage=0.03


Tree=37
num_leaves=10
num_cat=0
split_feature=10 2 2 0 4 11 2 11 7
split_gain=1.09812 1.13915 0.414659 0.260159 0.206979 0.0985034 0.164541 0.0983295 0.0724842
threshold=98.610843141038018 82.846689400397864 97.163839211098136 75.03148614609573 89.530182478595535 38.362903647877744 90.285326086956545 53.642739795273606 76.043478260869577
decision_type=2 2 2 2 2 2 2 2 2
left_child=2 4 3 7 -2 8 -7 -1 -5
right_child=1 -3 -4 5 -6 6 -8 -9 -10
leaf_value=-0.0046228577863087882 -0.00075416355679619191 0.016729327029507808 0.0051771823118440738 -0.0046228577863087882 0.0094340965184052626 -0.00075416355679619191 0.0036884307266782409 -0.0015143534310743357 -0.00075416355679619191
leaf_weight=22.143492499366403 2.5288887011120083 5.9148213476873934 8.677941996837033 8.0089695145143143 1.1401691129431126 27.176204726216383 16.174909236840904 17.474833833402954 4.4401723511982718
leaf_count=4548 243 65 197 739 15 1415 289 3520 177
internal_value=0.000174927 0.00938415 -0.000754164 -0.0013417 -0.000754164 -0.000754164 -0.000754164 -0.0033228 -0.0033228
internal_weight=113.68 9.58388 104.097 95.4186 3.66906 55.8003 43.3511 39.6183 12.4491
internal_count=11208 323 10885 10688 258 2620 1704 8068 916
is_linear=0
shrinkage=0.03


Tree=38
num_leaves=10
num_cat=0
split_feature=10 2 2 1 7 2 4 4 7
split_gain=1.21193 1.13664 0.312744 0.284099 0.837164 0.291846 0.257326 0.2018 0.189242
threshold=98.610843141038018 82.846689400397864 97.163839211098136 5.3735940378956641 48.107142857142868 89.715705441511901 90.330372448184519 89.530182478595535 88.989898989899004
decision_type=2 2 2 2 2 2 2 2 2
left_child=2 7 3 4 -1 -5 8 -2 -6
right_child=1 -3 -4 5 6 -7 -8 -9 -10
leaf_value=-0.018385362703293481 -0.00082626372655141467 0.017010617254468164 0.0042969952315837475 -0.00082626372655141467 -0.013500484488611042 0.0029779479579806248 -0.00082626372655141467 0.009003497390835051 -0.00082626372655141467
leaf_weight=2.35967173357494 2.4959826677804799 5.994577415054664 8.7834379384294134 68.272142750909552 1.5371924582868817 17.220907005132176 4.7130598975345492 1.1494547761976717 0.72884308849461366
leaf_count=155 243 65 197 9528 154 667 151 15 33
internal_value=0.00015618 0.00980113 -0.000826264 -0.00134067 -0.00604641 -0.000826264 -0.000826264 -0.000826264 -0.00933693
internal_weight=113.255 9.64001 103.615 94.8318 9.33877 85.493 6.9791 3.64544 2.26604
internal_count=11208 323 10885 10688 493 10195 338 258 187
is_linear=0
shrinkage=0.03


Tree=39
num_leaves=13
num_cat=0
split_feature=10 2 2 5 4 1 2 2 11 1 10 11
split_gain=1.05098 1.0781 0.295103 0.195697 0.16035 0.128162 0.251244 0.114084 0.10513 0.0486601 0.00364478 0.0237508
threshold=98.610843141038018 82.846689400397864 97.163839211098136 62.172738986210497 89.530182478595535 5.3735940378956641 90.285326086956545 74.339616530638708 84.065162054539044 49.870797582879852 81.322674418604663 76.609793515216865
decision_type=2 2 2 2 2 2 2 2 2 2 2 2
left_child=2 4 3 9 -2 -5 7 8 -7 10 11 -1
right_child=1 -3 -4 5 -6 6 -8 -9 -10 -11 -12 -13
leaf_value=-0.0063513509681138464 -0.00077016081780180792 0.016247901476844479 0.0041998218232896494 -0.0032025916770234597 0.0083141241966820517 -0.0032025916770234597 0.003754991203986883 -0.00077016081780180792 -0.00077016081780180792 -0.0032025916770234597 -0.0032025916770234597 -0.0032025916770234597
leaf_weight=9.0073707036208344 2.4997378410771476 5.9502031663432717 8.8027032238896918 8.4406028350349498 1.1553469381760804 13.630133753875272 15.212281520245595 17.36147294472903 7.0136380596086374 19.468714952468872 2.0046163604129097 2.4523008898831895
leaf_count=1892 243 65 197 381 15 1974 338 843 470 3920 398 472
internal_value=0.000145214 0.00914208 -0.000770161 -0.00127177 -0.000770161 -0.000770161 -0.000770161 -0.000770161 -0.00295685 -0.00320259 -0.00513568 -0.00553165
internal_weight=112.999 9.60529 103.394 94.5911 3.65508 61.6581 53.2175 38.0052 20.6438 32.933 13.4643 11.4597
internal_count=11208 323 10885 10688 258 4006 3625 3287 2444 6682 2762 2364
is_linear=0
shrinkage=0.03


Tree=40
num_leaves=13
num_cat=0
split_feature=4 11 10 3 11 7 4 1 7 8 1 11
split_gain=1.00322 0.567016 1.17611 0.712623 0.109318 0.286947 0.368035 0.0726211 0.262569 0.273027 0.0581554 0.00925556
threshold=56.615701836290079 83.028645851090687 92.805383022774336 95.663303620988032 20.427255354952802 89.323708206686945 98.286411141473721 36.821938693628638 57.947368421052637 56.594202898550726 35.614904434004771 97.94870446222528
decision_type=2 2 2 2 2 2 2 2 2 2 2 2
left_child=10 2 4 -3 -2 6 7 -6 -9 -10 -1 -12
right_child=1 3 -4 -5 5 -7 -8 8 9 -11 11 -13
leaf_value=-0.0069633530980234152 -0.0040916922374465061 0.0051965437869536139 0.0051965437869536139 0.013987020174768144 -0.0040916922374465061 0.0051936018427387754 0.0051936018427387754 -0.0040916922374465061 -0.0040916922374465061 0.0051936018427387754 -0.0040916922374465061 0.0022003644636783407
leaf_weight=7.3771677094046018 8.9504575040191394 22.547691195504747 10.159175632637924 7.6494556576944879 16.831294220988646 4.1005593666341147 2.5986498259007922 5.9550471758702752 0.7534647278953347 2.5575664830394089 25.653734664199877 0.37375861033797164
leaf_count=1376 840 1016 274 100 1316 247 52 762 115 157 4933 69
internal_value=0.000218383 0.00200012 7.74826e-05 0.00519654 -0.00240782 -0.00144729 -0.00253919 -0.0036805 -0.00118591 0.0047856 -0.00409169 -0.00409169
internal_weight=115.508 82.1034 51.9062 30.1971 41.747 32.7966 28.696 26.0974 9.26608 3.31103 33.4047 26.0275
internal_count=11257 4879 3763 1116 3489 2649 2402 2350 1034 272 6378 5002
is_linear=0
shrinkage=0.03


Tree=41
num_leaves=15
num_cat=0
split_feature=2 11 3 1 1 9 9 11 11 1 1 1 4 11
split_gain=1.51477 0.75417 1.71894 0.872296 0.50141 0.468687 0.303774 0.288776 0.194226 0.105263 0.0814803 0.0430319 0.0206015 0.020069
threshold=81.891274776525464 87.45314009661837 95.663303620988032 12.108993157380256 21.683481895059916 76.376262626262644 57.555002075550028 80.19441786849039 35.722806893211917 28.771964332546556 8.9472480402553405 91.080226417480958 82.930081300813029 98.778996958673758
decision_type=2 2 2 2 2 2 2 2 2 2 2 2 2 2
left_child=4 3 5 -2 6 10 -1 -6 -5 -9 -3 13 -8 -11
right_child=1 2 -4 8 7 -7 12 9 -10 11 -12 -13 -14 -15
leaf_value=-0.013421454112084254 -0.003110343671711677 -0.003110343671711677 0.024997961887304979 -0.0025440568136909283 -0.003110343671711677 0.014300841700201697 -0.0065858946281142127 -0.003110343671711677 0.0030624933348648844 0.00033870153201053915 0.0030624933348648844 0.0030624933348648844 -0.003110343671711677 0.0030624933348648844
leaf_weight=5.2232032879255694 14.851152032613752 3.815094053745268 3.4964776695705941 8.1146688027074578 35.676310854381882 2.4140554617624739 1.9945824169553819 1.1557536772452266 17.62707222381141 9.3759068017825395 6.3084782325895503 2.3506881555076697 1.6710444896016268 0.62869192822836417
leaf_count=745 618 92 31 477 6370 68 402 120 757 1050 179 176 121 51
internal_value=0.000267704 0.00372606 0.00903257 0.00146323 -0.00311034 0.00306249 -0.00929766 -0.00182923 0.00306249 0.00181443 0.00306249 0.00273519 -0.00311034 0.000940796
internal_weight=114.703 56.627 16.0341 40.5929 58.0762 12.5376 8.88883 49.1874 25.7417 13.511 10.1236 12.3553 3.66563 10.0046
internal_count=11257 2222 370 1852 9035 339 1268 7767 1234 1397 271 1277 523 1101
is_linear=0
shrinkage=0.03


Tree=42
num_leaves=13
num_cat=0
split_feature=4 10 11 7 3 0 1 4 8 1 1 11
split_gain=0.822485 0.493399 0.794738 0.509953 0.583022 0.32783 0.28561 0.224158 0.0918962 0.0584575 0.28994 0.0234159
threshold=56.615701836290079 86.425061425061429 94.899319669059366 75.204918032786892 88.802985074626875 99.747155095256389 47.854202215541299 74.365220529476986 68.9898008742108 35.614904434004771 4.574102863065165 97.94870446222528
decision_type=2 2 2 2 2 2 2 2 2 2 2 2
left_child=9 2 3 10 6 8 -5 -8 -3 -1 -2 -11
right_child=1 5 -4 4 -6 -7 7 -9 -10 11 -12 -13
leaf_value=-0.006198816632714807 -0.006198816632714807 0.0054055352660017124 0.0054055352660017124 -0.0033060445740319901 0.0054055352660017124 0.015649184389599807 -0.0033060445740319901 0.0054055352660017124 0.0098604069344832429 -0.0033060445740319901 -0.0033060445740319901 0.0020251283960557309
leaf_weight=7.2078554877080014 4.0613856301642945 13.753777438192644 9.8695041661849228 6.2788735695648921 4.8219557402189812 2.0902462489902964 0.6999470952432606 1.8545381361618636 7.7194055448053396 25.569823661935523 30.432826961972751 0.37462185090407629
leaf_count=1376 243 510 304 416 127 15 101 84 135 4933 2944 69
internal_value=0.000223741 0.00184127 0.00032664 -0.00138581 0.00335944 0.00540554 -0.00250472 0.00540554 0.00540554 -0.00369409 -0.00330604 -0.00330604
internal_weight=114.735 81.5825 58.019 48.1495 13.6553 23.5634 8.83336 2.55449 21.4732 33.1523 34.4942 25.9444
internal_count=11257 4879 4219 3915 728 660 601 185 645 6378 3187 5002
is_linear=0
shrinkage=0.03


Tree=43
num_leaves=15
num_cat=0
split_feature=2 10 1 1 4 1 4 7 10 7 9 7 9 8
split_gain=1.37664 0.602147 0.880692 0.396237 0.318537 0.297614 0.172427 0.189758 0.139883 0.13412 0.0648437 0.0885366 0.0557967 0.055459
threshold=81.891274776525464 86.425061425061429 12.108993157380256 21.683481895059916 91.855671573662008 6.1543629908241178 96.410232808894222 94.689849624060159 98.610843141038018 92.052631578947384 76.975051975051997 80.163934426229517 97.35087719298248 54.478609625668447
decision_type=2 2 2 2 2 2 2 2 2 2 2 2 2 2
left_child=3 5 -3 6 9 -2 7 -1 13 10 -5 12 -12 -4
right_child=1 2 8 4 -6 -7 -8 -9 -10 -11 11 -13 -14 -15
leaf_value=-0.012104745632700954 -0.0036758718518354453 0.0014915725093661114 0.0022591445186554092 -0.0036758718518354453 0.0014915725093661114 0.0014915725093661114 -0.0036758718518354453 -0.0036758718518354453 0.018213141500270542 0.0014915725093661114 -0.0036758718518354453 0.0014915725093661114 0.0014915725093661114 0.0099602997775232668
leaf_weight=7.0996723045827803 9.1143069064710271 7.4991785462480065 1.8973027686588446 30.875572766992263 6.0817387031856915 30.150601097848266 1.069465846288949 0.45551320584490884 4.1337172002531588 3.5768747513648114 5.9196045881835726 1.6990772597491739 1.1574804745614526 3.8206951004685834
leaf_count=1157 356 134 88 5349 243 1536 52 59 50 518 1179 249 229 58
internal_value=0.000335828 0.00363063 0.00812623 -0.00289092 -0.00176357 0.00149157 -0.0084835 -0.0104376 0.0136441 -0.00281947 -0.00332967 -0.000874074 -0.00262112 0.00812162
internal_weight=114.551 56.6158 17.3509 57.935 49.3103 39.2649 8.62465 7.55519 9.85172 43.2286 39.6517 8.77616 7.07709 5.718
internal_count=11257 2222 330 9035 7767 1892 1268 1216 196 7524 7006 1657 1408 146
is_linear=0
shrinkage=0.03


Tree=44
num_leaves=13
num_cat=0
split_feature=2 11 3 1 9 11 5 1 9 11 1 3
split_gain=1.25987 0.867039 1.78338 0.741803 0.530973 0.393395 0.334098 0.203507 0.29792 0.201831 0.0469778 0.0336637
threshold=81.891274776525464 87.45314009661837 95.663303620988032 12.108993157380256 76.376262626262644 35.722806893211917 98.657715702384053 21.683481895059916 59.122919334186946 98.778996958673758 8.9472480402553405 98.657715702384053
decision_type=2 2 2 2 2 2 2 2 2 2 2 2
left_child=7 3 4 -2 10 6 -5 8 11 -9 -3 -1
right_child=1 2 -4 5 -6 -7 -8 9 -10 -11 -12 -13
leaf_value=-0.01255931135442823 -0.0027911149115931295 -0.0027911149115931295 0.025028020062768063 -0.0027911149115931295 0.014682934621265189 0.0029831664151194468 0.0029831664151194468 -0.0027911149115931295 -0.0027911149115931295 0.0029831664151194468 0.0029831664151194468 -0.0027911149115931295
leaf_weight=4.292021243600173 14.4142510574311 3.7160486599896085 3.6431577070616177 6.9936218616785499 2.5560949966311464 17.734987575211562 1.5044258101843295 48.117175092804246 3.3865114216459915 1.2363430126570154 6.3553553260862827 0.59657988836988796
leaf_count=749 618 92 31 459 68 757 18 7692 502 75 179 17
internal_value=0.000311871 0.00344755 0.00908258 0.00102798 0.00298317 0.00298317 -0.00279111 -0.00279111 -0.0073284 -0.00279111 0.00298317 -0.0116952
internal_weight=114.547 56.9179 16.2707 40.6473 12.6275 26.233 8.49805 57.6286 8.27511 49.3535 10.0714 4.8886
internal_count=11257 2222 370 1852 339 1234 477 9035 1268 7767 271 766
is_linear=0
shrinkage=0.03


Tree=45
num_leaves=14
num_cat=0
split_feature=2 10 9 2 10 11 11 9 7 2 11 8 11
split_gain=0.798515 0.970954 0.415555 0.323482 0.42328 0.510122 0.302172 0.227164 0.165483 0.0961344 0.0887877 0.042219 0.00346711
threshold=81.891274776525464 97.27878563495004 95.861872146118728 93.069342801246293 78.629976580796267 95.597438463584893 78.767909688419564 3.8838612368024137 53.00120048019209 96.886832073399248 75.746434937611426 21.089696071163825 5.6048780487804892
decision_type=2 2 2 2 2 2 2 2 2 2 2 2 2
left_child=7 2 3 -2 5 8 -6 -1 -5 -10 -4 -9 -13
right_child=1 -3 10 4 6 -7 -8 11 9 -11 -12 12 -14
leaf_value=-0.012033951741130068 -0.0025051646307425591 0.012003801348638168 0.0015328420316110044 -0.0025051646307425591 0.0015328420316110044 0.0080488716240740138 0.010660469352203097 -0.004985276346223845 -0.0025051646307425591 0.0015328420316110044 0.012003801348638168 -0.004985276346223845 -0.0025051646307425591
leaf_weight=1.3262523391749699 22.391878837835975 7.1454781196080139 1.0361750491429114 7.9130972343264165 4.2888830597512415 2.1308438060805193 2.7803455770481378 7.2663623664993784 3.0522144068963826 2.5240216867532581 1.5118736638687549 2.0766381962457663 46.383363847038709
leaf_count=195 1298 103 94 341 99 37 36 1449 118 62 27 365 6905
internal_value=-0.000135783 0.00242893 0.000775178 -2.76625e-06 0.00246832 -0.000389596 0.00804887 -0.00259752 -0.00250516 0.00153284 0.0106605 -0.00250516 -0.00250516
internal_weight=111.827 54.7748 47.6293 45.0813 22.6894 15.6202 7.06923 57.0526 13.4893 5.57624 2.54805 55.7264 48.46
internal_count=11129 2215 2112 1991 693 558 135 8914 521 180 121 8719 7270
is_linear=0
shrinkage=0.03


Tree=46
num_leaves=13
num_cat=0
split_feature=2 10 11 11 10 1 11 10 9 3 10 8
split_gain=0.683481 0.866816 0.690688 0.372855 0.32859 0.135556 0.534449 0.313882 0.293608 0.26584 0.0593844 0.0398661
threshold=93.069342801246293 78.629976580796267 75.746434937611426 95.597438463584893 92.805383022774336 28.771964332546556 98.778996958673758 98.610843141038018 57.93287566742945 99.747155095256389 97.080136402387055 72.665006226650078
decision_type=2 2 2 2 2 2 2 2 2 2 2 2
left_child=5 3 4 -2 -3 8 7 11 9 10 -1 -7
right_child=1 2 -4 -5 -6 6 -8 -9 -10 -11 -12 -13
leaf_value=-0.0087262865086782642 -0.0013930571632547449 -0.0013930571632547449 0.01838778671249176 0.0089129666742453449 0.0088556744807339344 -0.001689876634873031 0.0089129666742453449 0.0062321194800268624 -0.001689876634873031 -0.001689876634873031 -0.002445102888184007 -0.0013930571632547449
leaf_weight=12.228954931721089 14.320996182388631 2.8123361951438692 4.3115357623901218 2.3834017370827487 2.975716699147597 34.627783535397612 1.8458018174860615 3.9376791322138152 11.011458373861386 1.0299955131486065 2.5912313407752672 17.537792974500917
leaf_count=1436 546 76 47 40 50 5538 79 215 1137 9 85 1871
internal_value=-6.91662e-05 0.00401921 0.0105178 -0.000282006 0.00281015 -0.00139306 -0.00139306 -0.00139306 -0.00350219 -0.00630317 -0.00785203 -0.00168988
internal_weight=111.615 26.804 10.0996 16.7044 5.78805 84.8107 57.9491 56.1033 26.8616 15.8502 14.8202 52.1656
internal_count=11129 759 173 586 126 10370 7703 7624 2667 1530 1521 7409
is_linear=0
shrinkage=0.03


Tree=47
num_leaves=15
num_cat=0
split_feature=2 10 9 2 11 8 0 1 1 9 10 8 3 10
split_gain=0.638008 0.755077 0.414884 0.262451 0.388215 0.462441 0.467896 0.204806 0.203972 0.152835 0.101936 0.0436591 0.0124534 0.00365826
threshold=81.891274776525464 97.27878563495004 95.861872146118728 93.069342801246293 35.722806893211917 27.33499377334994 88.168147109241104 11.33015689963886 5.7478356250244849 3.8838612368024137 66.894977168949779 21.089696071163825 63.38023088023089 89.296235679214419
decision_type=2 2 2 2 2 2 2 2 2 2 2 2 2 2
left_child=9 2 3 -2 -5 -6 7 -7 -8 -1 12 13 -9 -11
right_child=1 -3 -4 4 5 6 8 10 -10 11 -12 -13 -14 -15
leaf_value=-0.01017026463805054 -0.0022106175109184423 0.010731801185004487 0.010644428870920168 -0.0022106175109184423 -0.0022106175109184423 -0.0022106175109184423 0.0036161251101725985 -0.0018261289483646808 0.010644428870920168 -0.0049672911779875513 0.0092670427994940071 -0.0022106175109184423 0.0015502839645264569 -0.0022106175109184423
leaf_weight=1.2482184965629119 22.226501021068543 7.1472254453692576 2.5866372957825652 4.606854057172316 1.6335173402912939 1.1882171928882623 5.72577120317146 0.97872060840018116 6.5723432376980782 6.8309339847182846 1.079982209485024 48.297595344251022 0.96371396956965327 0.40855121589265753
leaf_count=195 1298 103 121 214 79 74 83 95 76 1369 43 7270 29 80
internal_value=-2.11081e-06 0.00228873 0.000825113 4.11442e-05 0.00225788 0.00436818 0.00623737 -0.00204567 0.00901389 -0.00221062 0.00465049 -0.00221062 -0.000193406 -0.00470656
internal_weight=111.495 54.7095 47.5623 44.9756 22.7491 18.1423 16.5087 4.21063 12.2981 56.7853 3.02242 55.5371 1.94243 7.23949
internal_count=11129 2215 2112 1991 693 479 400 241 159 8914 167 8719 124 1449
is_linear=0
shrinkage=0.03


Tree=48
num_leaves=13
num_cat=0
split_feature=2 10 9 10 1 9 4 1 7 8 1 11
split_gain=0.541307 0.712951 0.389677 0.225023 0.162692 0.254152 0.187276 0.0747025 0.0730687 0.0771536 0.0643364 0.0580399
threshold=81.891274776525464 97.27878563495004 95.861872146118728 54.379795396419439 79.839779241892714 40.765107212475641 97.127859017622811 75.914055836335649 90.081967213114766 89.323708206686945 9.7593152712529783 29.423624288425053
decision_type=2 2 2 2 2 2 2 2 2 2 2 2
left_child=4 2 10 -4 5 6 7 8 9 -1 -2 -6
right_child=1 -3 3 -5 11 -7 -8 -9 -10 -11 -12 -13
leaf_value=-0.0091269397125982501 -0.0011552814015985504 0.010159562380380604 -0.00015138554902860326 0.010159562380380604 -0.0011552814015985504 -0.0011552814015985504 -0.0011552814015985504 -0.0011552814015985504 -0.0011552814015985504 -0.0021197707902560329 -0.00015138554902860326 -0.00015138554902860326
leaf_weight=10.971815853379661 15.738736909581347 7.2971191834658375 1.2211304574739181 1.3842603708617387 4.0177621073089513 25.973538866150193 1.1782614518888284 0.6857851243112244 0.7092847336316489 2.4231654666364184 28.984794909600168 10.654382527107371
leaf_count=1963 591 103 87 34 705 4198 39 135 97 329 1400 1448
internal_value=-6.60316e-05 0.00204546 0.000610109 0.0100982 -0.00210352 -0.00307084 -0.00593493 -0.00709739 -0.00759355 -0.00809465 -0.000151386 -0.000151386
internal_weight=111.24 54.626 47.3289 2.60539 56.614 41.9419 15.9683 14.7901 14.1043 13.395 44.7235 14.6721
internal_count=11129 2215 2112 121 8914 6761 2563 2524 2389 2292 1991 2153
is_linear=0
shrinkage=0.03


Tree=49
num_leaves=12
num_cat=0
split_feature=2 10 9 10 11 9 11 11 9 7 10
split_gain=0.476041 0.714977 0.367813 0.229613 0.151632 0.143171 0.126675 0.0319405 0.0254245 0.0476456 0.000382688
threshold=81.891274776525464 97.27878563495004 95.861872146118728 54.379795396419439 35.722806893211917 3.8838612368024137 80.19441786849039 5.6048780487804892 97.35087719298248 67.47093023255816 78.629976580796267
decision_type=2 2 2 2 2 2 2 2 2 2 2
left_child=5 2 4 -4 -2 -1 7 -7 9 -9 -6
right_child=1 -3 3 -5 10 6 -8 8 -10 -11 -12
leaf_value=-0.009782962090716182 -0.002053410987572806 0.0099481213540841707 -0.0003260175619313908 0.0099481213540841707 -0.0003260175619313908 -0.0055825252096006047 -0.0003260175619313908 -0.0035044756175827223 -0.0003260175619313908 -0.002053410987572806 0.0019597053485870351
leaf_weight=1.227275852812453 9.0702945213997719 7.3299873687792561 1.2088890238665038 1.4016543449833987 24.398281125701033 2.6611657891189671 15.608408356318249 24.676795969367959 0.97582150192465533 11.109250053763388 11.36215436295606
leaf_count=195 606 103 87 34 1132 492 1628 4770 183 1646 253
internal_value=-0.00013309 0.00184083 0.000408698 0.00962167 -0.000326018 -0.00205341 -0.00205341 -0.00266613 -0.00231277 -0.00248861 -0.000326018
internal_weight=111.03 54.7713 47.4413 2.61054 44.8307 56.2587 55.0314 39.423 36.7619 35.786 35.7604
internal_count=11129 2215 2112 121 1991 8914 8719 7091 6599 6416 1385
is_linear=0
shrinkage=0.03


Tree=50
num_leaves=10
num_cat=0
split_feature=4 7 8 11 2 5 10 9 9
split_gain=0.659471 0.79085 1.24578 1.31201 0.473814 0.353079 0.0917235 0.0309212 0.0149931
threshold=62.172738986210497 75.204918032786892 54.478609625668447 74.427466088251506 96.886832073399248 83.761810591078898 87.858312858312871 24.158249158249159 82.392686804451515
decision_type=2 2 2 2 2 2 2 2 2
left_child=7 5 -3 4 -4 6 -2 -1 -8
right_child=1 2 3 -5 -6 -7 8 -9 -10
leaf_value=-0.0054931788480955214 -0.0034120454813652743 -0.00046953714359329737 -0.00046953714359329737 0.018659386250488467 0.013236641352780618 -0.00046953714359329737 -0.0034120454813652743 -0.0034120454813652743 -0.00046953714359329737
leaf_weight=8.1133786009158921 15.169461539946498 5.7892528794473064 5.2770844094920886 7.9645126212853938 1.3483563493937252 34.955300881294534 2.7755131432786584 28.320462696719915 0.91139215324074019
leaf_count=1488 2059 370 249 128 24 1149 179 5447 44
internal_value=-0.000159883 0.00146134 0.00634332 0.0111745 0.000909779 -0.000469537 -0.00341205 -0.00341205 -0.000469537
internal_weight=110.625 74.1909 20.3792 14.59 6.62544 53.8117 18.8564 36.4338 3.68691
internal_count=11137 4202 771 401 273 3431 2282 6935 223
is_linear=0
shrinkage=0.03


Tree=51
num_leaves=13
num_cat=0
split_feature=10 2 8 1 8 4 11 1 9 8 5 4
split_gain=0.56129 1.22416 0.620172 0.416009 0.360089 0.332967 0.27547 0.0751686 0.269419 0.0478484 0.14504 0.0440277
threshold=58.397435897435905 97.12394219858642 69.604037267080756 0.5263194343451133 47.100840336134461 61.396532803622783 18.929582267689689 6.1543629908241178 36.425061425061436 77.694859038142638 83.353413654618493 90.712613413060268
decision_type=2 2 2 2 2 2 2 2 2 2 2 2
left_child=3 4 -3 -1 -2 -6 -7 8 -5 10 -8 -10
right_child=1 2 -4 7 5 6 9 -9 11 -11 -12 -13
leaf_value=-0.01809148516902314 -0.0019254824607982247 0.0023759140838482363 0.020111970621426032 -0.012820743048824154 -0.0019254824607982247 -0.0019254824607982247 -0.0019254824607982247 -0.0019254824607982247 -0.0079558880867061817 0.0063341044186678271 0.0023759140838482363 -0.0019254824607982247
leaf_weight=0.49709912785328825 10.729332507587968 3.4126620858442029 3.5358382852282375 1.6750304610468436 10.121094092261044 2.9662795984186259 4.1341044415021377 45.730733239790425 0.98453812068328383 12.457871925900688 11.978266746969892 2.0820939049590379
leaf_count=21 1414 68 41 125 1704 154 338 6475 137 335 242 83
internal_value=-0.000144251 0.00182543 0.012796 -0.00242823 0.000157892 0.00169616 0.00237591 -0.00192548 -0.00545087 0.00237591 0.00237591 -0.00192548
internal_weight=110.305 59.3354 6.9485 50.9695 52.3869 41.6576 31.5365 50.4724 4.74166 28.5702 16.1124 3.06663
internal_count=11137 4296 109 6841 4187 2773 1069 6820 345 915 580 220
is_linear=0
shrinkage=0.03


Tree=52
num_leaves=10
num_cat=0
split_feature=4 10 7 11 8 10 1 1 8
split_gain=0.547547 0.710204 1.28569 1.22642 1.23871 0.346383 0.225532 0.209795 0.0969952
threshold=63.743273350471298 58.174245053800774 76.043478260869577 38.362903647877744 54.478609625668447 82.710597826086968 29.974142942092218 6.1543629908241178 33.105022831050228
decision_type=2 2 2 2 2 2 2 2 2
left_child=6 7 5 -4 8 -3 -1 -2 -5
right_child=1 2 3 4 -6 -7 -8 -9 -10
leaf_value=-0.0076145215313928975 -0.0076145215313928975 -0.002261923316729671 0.00022479762923043124 0.00022479762923043124 0.022035173746289854 0.00022479762923043124 -0.002261923316729671 -0.002261923316729671 0.0063685097526193076
leaf_weight=7.0730800929013631 4.5758578006643864 11.808976222178901 3.5533345418516538 1.3872282479424014 7.264392055105418 18.788879050756805 30.213214737479575 23.940247546765022 1.4195590659510342
leaf_count=1339 297 721 127 64 99 546 5778 2122 44
internal_value=-0.000130769 0.00138172 0.00372933 0.0110462 0.0161745 0.000224798 -0.00304037 -0.00226192 0.000224798
internal_weight=110.025 72.7385 44.2224 13.6245 10.0712 30.5979 37.2863 28.5161 2.80679
internal_count=11137 4020 1601 334 207 1267 7117 2419 108
is_linear=0
shrinkage=0.03


Tree=53
num_leaves=11
num_cat=0
split_feature=4 11 7 10 8 10 8 10 9 10
split_gain=0.606239 0.56165 1.0628 1.22091 1.10655 0.525497 0.0692886 0.0417359 0.0329122 0.00809737
threshold=62.172738986210497 38.362903647877744 73.956521739130451 56.594202898550726 54.478609625668447 91.723744292237456 33.105022831050228 7.1946169772256736 24.158249158249159 82.710597826086968
decision_type=2 2 2 2 2 2 2 2 2 2
left_child=8 5 7 -4 6 -2 -5 -3 -1 -9
right_child=1 2 3 4 -6 -7 -8 9 -10 -11
leaf_value=-0.0052811856379719833 -0.0031868292043974724 -0.0031868292043974724 0.00021148388107432859 0.00021148388107432859 0.019676090733805166 0.00021148388107432859 0.005600441255483795 -0.00038387043495694749 -0.0031868292043974724 0.00021148388107432859
leaf_weight=8.0683803195133788 13.494120315299371 1.1269246614538122 5.6246162850875434 1.4096115780994289 8.2055419690441322 4.7209263723343602 1.4611518890596924 25.488190121599473 28.102959684445523 12.342093608924186
leaf_count=1488 1302 105 307 67 119 114 52 1805 5447 331
internal_value=-5.54213e-05 0.00149993 0.0029866 0.00908228 0.0145759 -0.00296177 0.000211484 0.000211484 -0.00318683 0.000211484
internal_weight=110.045 73.8732 55.6581 16.7009 11.0763 18.215 2.87076 38.9572 36.1713 37.8303
internal_count=11137 4202 2786 545 238 1416 119 2241 6935 2136
is_linear=0
shrinkage=0.03


Tree=54
num_leaves=10
num_cat=0
split_feature=4 10 2 7 11 1 1 11 1
split_gain=0.5509 0.543795 1.21732 0.920649 1.21168 0.208709 0.172162 0.100903 0.028925
threshold=63.743273350471298 58.174245053800774 97.12394219858642 81.322674418604663 74.427466088251506 29.974142942092218 5.7478356250244849 38.362903647877744 80.213941981108476
decision_type=2 2 2 2 2 2 2 2 2
left_child=5 6 3 -3 7 -1 -2 -5 -7
right_child=1 2 -4 4 -6 8 -8 -9 -10
leaf_value=-0.0073899747981811276 -0.0071954844711132676 -0.0016540663458543409 0.014417193517724088 -0.0016540663458543409 0.014417193517724088 -0.0028315102955753344 -0.0016540663458543409 0.0037852212614597112 -0.0016540663458543409
leaf_weight=7.0101044522598377 4.1573175673838874 27.72712042729836 6.5841525737196198 1.2930636708624641 5.8192694506142288 20.449467212893072 24.241773977060802 2.884323816979304 9.6619653498055396
leaf_count=1339 276 1259 85 77 99 4001 2143 81 1777
internal_value=-0.000119852 0.00139554 0.00344266 0.00120437 0.00856209 -0.00304668 -0.00180681 -0.00165407 -0.00183051
internal_weight=109.829 72.707 44.3079 37.7238 9.99666 37.1215 28.3991 4.17739 30.1114
internal_count=11137 4020 1601 1516 257 7117 2419 158 5778
is_linear=0
shrinkage=0.03


Tree=55
num_leaves=9
num_cat=0
split_feature=2 10 7 8 7 10 11 11
split_gain=0.505326 1.42689 0.195551 0.108616 0.255972 0.299077 0.103442 0.0372007
threshold=97.12394219858642 81.016731016731029 53.00120048019209 32.529069767441868 79.008567931456568 92.805383022774336 18.929582267689689 99.199977243797164
decision_type=2 2 2 2 2 2 2 2
left_child=3 2 -2 7 6 -6 -5 -1
right_child=1 -3 -4 4 5 -7 -8 -9
leaf_value=-0.0042544010892901765 -0.0015427226831305268 0.01836926882091594 0.0055738444145298442 -0.0038362728379039666 -0.0015427226831305268 0.010438750733121166 -0.0015427226831305268 -0.0015427226831305268
leaf_weight=17.494640911812908 3.6921611437574011 3.5229693679139018 2.972647539107129 7.3190967013360924 15.583714228007013 2.631606171373277 55.025770872016437 0.54092795681208272
leaf_count=2888 118 51 63 1097 1154 97 5713 30
internal_value=-0.000870943 0.00518721 -0.00154272 -0.00154272 -0.00154272 0.00206275 -0.00189849 -0.00383627
internal_weight=108.784 10.1878 6.66481 98.5958 80.5602 18.2153 62.3449 18.0356
internal_count=11211 232 181 10979 8061 1251 6810 2918
is_linear=0
shrinkage=0.03


Tree=56
num_leaves=11
num_cat=0
split_feature=2 10 1 7 11 10 9 8 1 2
split_gain=0.48731 1.3734 0.209636 0.202029 0.102449 0.0651998 0.0538799 0.0374815 0.0289495 0.00497663
threshold=97.12394219858642 81.016731016731029 0.5263194343451133 53.00120048019209 18.929582267689689 98.610843141038018 76.533166458072614 99.31506849315069 31.989585872538665 89.158259052470058
decision_type=2 2 2 2 2 2 2 2 2 2
left_child=2 3 -1 -2 6 -6 -4 8 -8 -10
right_child=1 -3 4 -5 5 -7 7 -9 9 -11
leaf_value=-0.012297263687052987 -0.0015182325756022503 0.017975491233010805 -0.0058307448589191273 0.0056261652946597504 -0.0015182325756022503 0.0019979844976808353 -0.0058307448589191273 -0.0015182325756022503 -0.0027472424366905687 -0.0015182325756022503
leaf_weight=0.64369671884924073 3.7000566422939283 3.5459012647625059 7.0080298162065429 3.0259728208184242 77.813494430040009 7.0699086786480612 1.342670122743584 0.64064496126957227 3.6305271307937805 0.28438803041353811
leaf_count=30 118 51 1124 63 8660 231 227 28 660 19
internal_value=-0.000855253 0.00506898 -0.00151823 -0.00151823 -0.00151823 -0.00151823 -0.00417634 -0.00165034 -0.00392206 -0.00172506
internal_weight=108.705 10.2719 98.4334 6.72603 97.7897 84.8834 12.9063 5.89823 5.25759 3.91492
internal_count=11211 232 10979 181 10949 8891 2058 934 906 679
is_linear=0
shrinkage=0.03


Tree=57
num_leaves=10
num_cat=0
split_feature=11 3 11 10 1 7 4 10 2
split_gain=0.503164 0.464729 0.910697 0.41165 0.154837 0.397524 0.364494 0.359888 0.0237548
threshold=99.751205292767011 97.127859017622811 91.153803084098016 95.759664369193899 28.771964332546556 75.204918032786892 97.880790984239283 98.610843141038018 97.163839211098136
decision_type=2 2 2 2 2 2 2 2 2
left_child=1 4 3 -3 5 6 8 -6 -1
right_child=-2 2 -4 -5 7 -7 -8 -9 -10
leaf_value=-0.0082345743181743685 0.012502721465577174 -0.0018737541027750171 0.012502721465577174 0.0089755926346688931 -0.0018737541027750171 -0.0018737541027750171 -0.0018737541027750171 0.007658152167677546 -0.0032673396041347533
leaf_weight=20.087382929748866 1.4892597002908576 6.4511104822158796 3.7951916819438329 2.1820077863521874 51.829196506296284 10.876750239054671 5.3754751631058744 3.774703281116671 2.8082526859361669
leaf_count=2309 35 267 46 21 7516 588 125 204 100
internal_value=-0.000850766 -0.00115017 0.00409507 -0.0016341 -0.00187375 -0.00376014 -0.00602385 -0.00187375 -0.00778755
internal_weight=108.669 107.18 12.4283 8.63312 94.7518 39.1479 28.2711 55.6039 22.8956
internal_count=11211 11176 334 288 10842 3122 2534 7720 2409
is_linear=0
shrinkage=0.03


Tree=58
num_leaves=11
num_cat=0
split_feature=1 0 11 8 4 4 11 1 7 1
split_gain=0.353638 0.301573 0.261497 0.21522 0.724161 0.109008 0.0831468 0.117332 0.0328444 0.00385288
threshold=99.463086280953632 99.463086280953632 99.751205292767011 92.031746031746039 90.712613413060268 99.463086280953632 5.6048780487804892 26.402933985330076 91.341829085457292 0.5263194343451133
decision_type=2 2 2 2 2 2 2 2 2 2
left_child=1 2 3 5 8 6 7 -1 -5 -8
right_child=-2 -3 -4 4 -6 -7 9 -9 -10 -11
leaf_value=-0.012201864196424142 0.0109966867613154 0.0050624523235278645 0.0050624523235278645 -0.0022427627780596672 0.0050624523235278645 0.0046886304876279372 -0.0046080160812182807 -0.0022427627780596672 0.0050624523235278645 -0.0022427627780596672
leaf_weight=0.93804739625193123 1.2198757061269123 5.729038572870194 1.2810359799768765 5.9281045125098881 4.6356687769293785 1.1106797382235516 0.69143721275031467 2.5830574944848195 0.934846004936844 83.406262266333215
leaf_count=129 78 78 32 711 67 31 27 443 68 9547
internal_value=-0.000878493 -0.00111393 -0.0015085 -0.0017421 0.00199164 -0.00224276 -0.00238254 -0.00649097 -0.00224276 -0.00224276
internal_weight=108.458 107.238 101.509 100.228 11.4986 88.7295 87.6188 3.5211 6.86295 84.0977
internal_count=11211 11133 11055 11023 846 10177 10146 572 779 9574
is_linear=0
shrinkage=0.03


Tree=59
num_leaves=10
num_cat=0
split_feature=2 10 0 1 11 1 9 2 10
split_gain=0.440239 1.1896 0.213966 0.171717 0.0821294 0.0520939 0.068305 0.0159558 0.0101151
threshold=97.12394219858642 61.9382964453387 96.827332559039888 0.5263194343451133 18.929582267689689 26.820431247790747 54.606060606060609 32.32845740645201 98.610843141038018
decision_type=2 2 2 2 2 2 2 2 2
left_child=3 -2 -3 -1 5 -5 -7 -8 -6
right_child=1 2 -4 4 8 6 7 -9 -10
leaf_value=-0.011351346485411215 -0.001517710345752346 0.0048890601836220141 0.017317459358462472 -0.0069798543036994603 -0.001517710345752346 -0.00549587688927816 -0.0045911226189094051 -0.001517710345752346 0.00079396808136646927
leaf_weight=0.62200541631318529 3.6712663427460921 3.290528557728976 3.323696207255125 3.015697188791818 77.569839113624766 3.5795170688070339 2.2253843954531476 4.0488776059355587 7.0774366951081893
leaf_count=30 129 72 31 466 8660 578 439 575 231
internal_value=-0.000886002 0.00474182 0.0125886 -0.00151771 -0.00151771 -0.00390912 -0.00241284 -0.00151771 -0.00151771
internal_weight=108.424 10.2855 6.61422 98.1388 97.5168 12.8695 9.85378 6.27426 84.6473
internal_count=11211 232 103 10979 10949 2058 1592 1014 8891
is_linear=0
shrinkage=0.03


Tree=60
num_leaves=13
num_cat=0
split_feature=2 8 0 11 1 8 7 7 1 9 0 3
split_gain=0.915055 1.01512 1.01108 0.672289 0.566134 0.824308 0.2086 0.191404 0.112018 0.222843 0.0573943 0.0394025
threshold=82.605554556774067 47.100840336134461 83.576655299801089 38.362903647877744 6.9885995595284376 64.747307373653697 60.791925465838517 91.734972677595636 23.282368502956739 65.419580419580441 96.827332559039888 92.216496640089147
decision_type=2 2 2 2 2 2 2 2 2 2 2 2
left_child=8 -2 7 6 11 -6 10 -3 9 -1 -4 -5
right_child=1 2 3 4 5 -7 -8 -9 -10 -11 -12 -13
leaf_value=-0.009109318145017184 -0.0022366975139583812 -0.0022366975139583812 -0.0022366975139583812 0.0032050963005832976 0.0042977278657673739 0.018824864189555014 0.0032050963005832976 0.0032050963005832976 -0.0022366975139583812 -0.0022366975139583812 0.0022508848226808313 0.0042977278657673739
leaf_weight=5.5924565260065702 11.453340007807126 7.2648104714462516 2.7488204762339619 4.9819259925279793 6.4228710378520182 9.4243541075848025 2.6642664526589215 0.81227618176490057 48.485177477472462 3.7791713534388691 2.3875974491238594 2.7383142034523189
leaf_count=963 779 718 80 108 96 105 51 33 7671 511 37 38
internal_value=0.00032702 0.00322816 0.00557575 0.00798741 0.0104239 0.0135416 0.000278364 -0.0022367 -0.0022367 -0.00543087 -0.0022367 0.0032051
internal_weight=108.755 50.8986 39.4452 31.3681 23.5675 15.8472 7.80068 8.07709 57.8568 9.37163 5.13642 7.72024
internal_count=11190 2045 1266 515 347 201 168 751 9145 1474 117 146
is_linear=0
shrinkage=0.03


Tree=61
num_leaves=13
num_cat=0
split_feature=2 10 8 5 7 1 8 1 9 1 0 9
split_gain=0.763956 0.924191 1.35293 0.733504 0.667409 1.28452 0.729966 0.106932 0.195702 0.0716205 0.0706079 0.0321747
threshold=82.605554556774067 59.439874657265968 32.529069767441868 99.011087070788577 76.043478260869577 12.108993157380256 69.416099773242635 79.839779241892714 68.387741505662902 23.282368502956739 83.576655299801089 24.509048902579902
decision_type=2 2 2 2 2 2 2 2 2 2 2 2
left_child=7 -2 -3 4 5 -4 10 8 9 -1 -7 -11
right_child=1 2 3 -5 -6 6 -8 -9 -10 11 -12 -13
leaf_value=-0.0081958834811282511 -0.0019856091142243693 -0.0019856091142243693 -0.0019856091142243693 0.018813432150724195 0.013250754588121975 -0.0019856091142243693 0.013250754588121975 -0.0019856091142243693 -0.0019856091142243693 -0.0057840189316305602 0.0027058890044349164 -0.0029173143492950858
leaf_weight=5.5377205015393001 20.391821149736643 2.667542026378217 6.5396868891548463 4.5250307573005548 6.9137119911611071 1.3748773639090339 5.2391522563993931 15.141075639869085 14.17599495500326 7.0176136210793656 3.3084071902558208 15.587818736676125
leaf_count=997 1244 171 183 38 126 121 113 2193 2299 1195 49 2461
internal_value=0.000262917 0.00290749 0.00613112 0.00870224 0.00605344 0.002445 0.00974419 -0.00209212 -0.00351137 -0.00509033 0.000207656 -0.00401458
internal_weight=108.42 50.9602 30.5684 27.9009 23.3758 16.4621 9.92244 57.4602 42.3191 28.1432 4.68328 22.6054
internal_count=11190 2045 801 630 592 466 283 9145 6952 4653 170 3656
is_linear=0
shrinkage=0.03


Tree=62
num_leaves=14
num_cat=0
split_feature=2 10 5 11 1 7 11 0 1 9 2 9 9
split_gain=0.725505 0.920575 0.929428 0.656229 1.03729 0.687794 0.128144 0.092319 0.0431304 0.170286 0.0513928 0.0263488 0.0134516
threshold=82.605554556774067 59.439874657265968 99.011087070788577 38.362903647877744 18.821805084522968 78.297101449275374 5.6048780487804892 88.546899648100961 79.839779241892714 23.570261437908499 73.979273803958236 97.35087719298248 97.825059101654858
decision_type=2 2 2 2 2 2 2 2 2 2 2 2 2
left_child=6 -2 3 -3 5 -5 12 -6 9 -8 11 -11 -1
right_child=1 2 -4 4 7 -7 8 -9 -10 10 -12 -13 -14
leaf_value=-0.0085343172672929096 -0.0020467205042215375 -0.0020467205042215375 0.017162246819048887 -0.0020467205042215375 0.011034073286768321 0.011034073286768321 -0.0067808681380869557 0.016823142993400583 -0.0020467205042215375 -0.0037897578576069854 -0.0020467205042215375 -0.0020467205042215375 -0.0020467205042215375
leaf_weight=2.2268458404578282 20.327794800745323 6.8834183806320715 4.6392085514962664 6.5772041608579475 3.8307634341763315 2.7225029326509684 8.3881057290127483 5.9886124352924526 14.329492337070404 24.787263481761336 6.1687113172374657 0.73094213136937369 0.61876511725131411
leaf_count=386 1244 254 39 203 211 41 1441 53 2052 4374 610 145 137
internal_value=0.000254698 0.00282935 0.00603829 0.00349154 0.0063634 -0.000891598 -0.00204672 0.0126818 -0.00204672 -0.00318223 -0.0020513 -0.00342593 -0.0076216
internal_weight=108.22 50.9695 30.6417 26.0025 19.1191 9.29971 57.2501 9.81938 54.4045 40.075 31.6869 25.5182 2.84561
internal_count=11190 2045 801 762 508 244 9145 264 8622 6570 5129 4519 523
is_linear=0
shrinkage=0.03


Tree=63
num_leaves=15
num_cat=0
split_feature=2 10 8 5 7 1 8 1 9 7 1 9 0 0
split_gain=0.546932 0.876944 1.23379 0.609354 0.778787 0.890771 0.884539 0.0702282 0.142394 0.0584335 0.0560798 0.0609193 0.0555037 0.0272314
threshold=82.605554556774067 59.439874657265968 32.529069767441868 99.011087070788577 76.043478260869577 12.108993157380256 69.416099773242635 79.839779241892714 68.387741505662902 88.989898989899004 48.288821674496432 62.583333333333343 90.067096197641916 83.576655299801089
decision_type=2 2 2 2 2 2 2 2 2 2 2 2 2 2
left_child=7 -2 -3 4 5 -4 13 8 9 10 11 -1 -8 -7
right_child=1 2 3 -5 -6 6 12 -9 -10 -11 -12 -13 -14 -15
leaf_value=-0.0069779698126754422 -0.0017309147276764762 -0.0017309147276764762 -0.0017309147276764762 0.017407578113706457 0.013316646786606816 -0.0017309147276764762 0.0044745087422891922 -0.0017309147276764762 -0.0017309147276764762 -0.0017309147276764762 -0.0029207559512165774 -0.0029207559512165774 0.013316646786606816 0.00079098175600505083
leaf_weight=12.247053858242003 20.265155752655119 2.6634898260235813 6.4609385186340758 4.5152108594775191 7.1850595332216463 1.3948969204211588 2.3269557035528123 15.063416917459106 14.140387728461063 2.3049008265370494 11.940406402456572 1.2813343578018237 2.841551911085844 3.3287871214561164
leaf_count=2163 1244 171 183 38 126 121 92 2193 2299 323 1982 185 21 49
internal_value=0.000275143 0.00250728 0.00564592 0.00815491 0.00574294 0.00183965 0.00797419 -0.00173091 -0.00297295 -0.00434984 -0.00482221 -0.00618392 0.0133166 -0.0016628
internal_weight=107.96 50.982 30.7169 28.0534 23.5382 16.3531 9.89219 56.9775 41.9141 27.7737 25.4688 13.5284 5.16851 4.72368
internal_count=11190 2045 801 630 592 466 283 9145 6952 4653 4330 2348 113 170
is_linear=0
shrinkage=0.03


Tree=64
num_leaves=12
num_cat=0
split_feature=10 8 2 4 0 1 1 0 1 9 11
split_gain=0.494795 0.941823 0.858765 0.721846 0.428136 0.581535 0.289128 0.149742 0.0763104 0.0357226 0.0352314
threshold=58.397435897435905 51.538825757575765 76.127016344407664 72.015797476909228 88.546899648100961 18.821805084522968 0.5263194343451133 80.437440204103339 79.042748439300183 5.9714795008912658 78.767909688419564
decision_type=2 2 2 2 2 2 2 2 2 2 2
left_child=6 -2 8 -4 7 10 -1 -5 -3 -8 -6
right_child=1 2 3 4 5 -7 9 -9 -10 -11 -12
leaf_value=-0.014634831628054033 -0.001872936766970584 -0.001872936766970584 -0.0010961787513379723 -0.0010961787513379723 0.0055360098493135246 0.018347559293505459 -0.0060073054103393199 0.0055360098493135246 -0.0010961787513379723 -0.001872936766970584 0.0092762057841486376
leaf_weight=0.61926198448054393 20.485290096024983 8.944072020356538 2.7185663057025549 1.5962828034535075 5.1540329358540493 7.386612062342464 1.6764743570238341 3.4418363722506911 4.3230454849544921 47.661744001670741 3.7814454389736056
leaf_count=26 2206 1106 209 94 84 63 294 62 409 6598 39
internal_value=0.000293937 0.00216581 0.00499889 0.008267 0.0101926 0.0124458 -0.00187294 0.00204055 -0.00109618 -0.00187294 0.00621142
internal_weight=107.789 57.8312 37.3459 24.0788 21.3602 16.3221 49.9575 5.03812 13.2671 49.3382 8.93548
internal_count=11190 4272 2066 551 342 186 6918 156 1515 6892 123
is_linear=0
shrinkage=0.03


Tree=65
num_leaves=15
num_cat=0
split_feature=11 5 8 4 1 7 11 8 10 11 1 11 7 4
split_gain=0.410404 0.51739 0.651468 0.378004 0.225145 0.697419 0.351753 0.340893 0.119814 0.0644992 0.0437496 0.0536212 0.0692724 0.0485222
threshold=5.6048780487804892 83.353413654618493 47.434210526315795 54.237224738510093 5.7478356250244849 39.827586206896562 22.756735544459332 64.747307373653697 58.174245053800774 63.410215623895375 79.467632850241557 97.289952996474753 94.494949494949509 94.899319669059366
decision_type=2 2 2 2 2 2 2 2 2 2 2 2 2 2
left_child=-1 8 -3 -4 9 -6 -7 -8 10 -5 11 12 13 -2
right_child=1 2 3 4 5 6 7 -9 -10 -11 -12 -13 -14 -15
leaf_value=-0.007632790535217991 -0.0045111342685390772 -0.00087163165188826558 -0.00087163165188826558 -0.00087163165188826558 0.0013398212924491512 0.0013398212924491512 0.0052634052829989243 0.013638916928618882 -0.00087163165188826558 0.0013398212924491512 -0.00087163165188826558 -0.00087163165188826558 -0.00087163165188826558 -0.00087163165188826558
leaf_weight=4.0287524458253747 22.047013264498691 8.8098219347884861 2.277318592183291 3.0585865969769639 6.2730952058918801 2.2435754241887507 9.1568644559010881 13.069800033117643 24.378517130855471 5.408364781178534 5.9443898634053758 0.82421826350036909 1.0475940612377588 0.40748639591038127
leaf_count=622 4081 565 179 91 182 97 264 289 3320 107 1160 85 155 41
internal_value=0.000754284 0.00114526 0.00331092 0.00503927 0.0058661 0.0070312 0.00940726 0.0105636 -0.000871632 0.00133982 -0.00273514 -0.00329494 -0.00371251 -0.00420653
internal_weight=108.975 104.947 50.2974 41.4876 39.2103 30.7433 24.4702 22.2267 54.6492 8.46695 30.2707 24.3263 23.5021 22.4545
internal_count=11238 10616 1774 1209 1030 832 650 553 8842 198 5522 4362 4277 4122
is_linear=0
shrinkage=0.03


Tree=66
num_leaves=15
num_cat=0
split_feature=11 8 5 4 2 1 11 1 1 10 2 8 1 10
split_gain=0.387059 0.385776 0.489053 0.311366 0.207657 0.285284 0.453839 0.316116 0.111121 0.086097 0.0858298 0.0240337 0.0922064 0.0412988
threshold=5.6048780487804892 49.657534246575345 83.353413654618493 61.396532803622783 50.699238199238209 9.7593152712529783 94.57258159538118 85.328080153077508 29.577122275678949 98.610843141038018 94.348007246376824 16.428133306072379 49.466632531148669 74.217986314760523
decision_type=2 2 2 2 2 2 2 2 2 2 2 2 2 2
left_child=-1 11 8 -4 7 6 10 -5 -3 -7 -6 12 13 -2
right_child=1 2 3 4 5 9 -8 -9 -10 -11 -12 -13 -14 -15
leaf_value=-0.0074276530411019328 -0.0074276530411019328 -0.0017187764200156475 -0.00042396421564319903 -0.00042396421564319903 -0.00042396421564319903 0.0079301414683034428 0.0079301414683034428 0.0079301414683034428 -0.00042396421564319903 0.013846503404389187 0.0036485993872357788 -0.0017187764200156475 -0.0017187764200156475 -0.0017187764200156475
leaf_weight=3.9685564738465464 2.9510395767866053 10.745380633161401 3.2807442692574105 2.7946108577307309 4.1457385271787626 19.578514699125677 2.8675259998999527 1.1438264849130062 22.640368016902357 3.0103158112615338 4.7960613069590181 21.668968301033601 3.9262399683939293 0.95080302725546051
leaf_count=622 453 1338 225 169 146 464 42 36 3829 26 84 2998 680 126
internal_value=0.000768983 0.00114772 0.00228283 0.00441323 0.00527502 0.00600851 0.00200069 -0.000423964 -0.000423964 0.00793014 -0.000423964 -0.00171878 -0.00338755 -0.0064672
internal_weight=108.469 104.5 75.0031 41.6173 38.3366 34.3982 11.8093 3.93844 33.3857 22.5888 8.9418 29.4971 7.82808 3.90184
internal_count=11238 10616 6359 1192 967 762 272 205 5167 490 230 4257 1259 579
is_linear=0
shrinkage=0.03


Tree=67
num_leaves=14
num_cat=0
split_feature=2 8 7 10 10 9 1 4 7 9 5 0 2
split_gain=0.257476 0.342016 0.473576 0.502785 0.28245 0.108239 0.0928026 0.175215 0.0720924 0.078845 0.0528414 0.030948 0.0303883
threshold=74.185728420930118 49.657534246575345 75.204918032786892 98.610843141038018 34.833164812942371 76.376262626262644 80.636929838248321 97.127859017622811 97.752525252525274 97.35087719298248 83.761810591078898 99.023197566939004 73.979273803958236
decision_type=2 2 2 2 2 2 2 2 2 2 2 2 2
left_child=6 -2 3 10 -4 -6 7 8 9 11 -3 12 -1
right_child=1 2 4 -5 5 -7 -8 -9 -10 -11 -12 -13 -14
leaf_value=-0.0045093775376143473 -0.00078586840089964161 -0.00078586840089964161 -0.0003090843958312508 0.0081591997534680074 0.0081591997534680074 0.014290725246018425 -0.00078586840089964161 -0.00078586840089964161 -0.00078586840089964161 -0.00078586840089964161 -0.0003090843958312508 -0.00078586840089964161 -0.00078586840089964161
leaf_weight=30.444856803747836 13.945207695243878 8.7823713496327418 1.909676960669455 5.0080944877117863 6.2448302807752025 4.3612765590660274 14.047575018135829 1.986531258560716 1.2966349186608557 0.92511319229379196 18.672518606064841 0.34777301270514627 0.38544365460984309
leaf_count=5684 1160 980 87 72 122 107 2071 71 203 190 412 8 71
internal_value=0.000803112 0.00212705 0.00342919 0.00141625 0.0081592 0.00995845 -0.000785868 -0.00230653 -0.00344068 -0.00383592 -0.000309084 -0.00422021 -0.00436609
internal_weight=108.358 58.924 44.9788 32.463 12.5158 10.6061 49.4339 35.3864 33.3998 32.1032 27.4549 31.1781 30.8303
internal_count=11238 2940 1780 1464 316 229 8298 6227 6156 5953 1392 5763 5755
is_linear=0
shrinkage=0.03


Tree=68
num_leaves=14
num_cat=0
split_feature=10 2 7 8 1 1 1 1 5 2 1 4 0
split_gain=0.258607 0.580741 0.43691 0.701991 0.183855 0.250878 0.182602 0.166279 0.0854232 0.0606526 0.043868 0.0238089 0.0263262
threshold=60.136986301369866 97.12394219858642 73.956521739130451 88.077469793887715 91.080226417480958 92.216496640089147 0.5263194343451133 34.404301075268826 83.761810591078898 94.952465250458971 79.839779241892714 90.712613413060268 86.242086242086245
decision_type=2 2 2 2 2 2 2 2 2 2 2 2 2
left_child=6 2 5 4 9 -2 -1 -5 10 -4 11 -8 -13
right_child=1 -3 3 7 -6 -7 8 -9 -10 -11 -12 12 -14
leaf_value=-0.011118863608624251 -0.00071889231266696486 0.010346555684785196 -0.00071889231266696486 0.001493725144115972 0.0090841697998371319 0.0074438589165672963 -0.0031390851676407045 0.010346555684785196 -0.00071889231266696486 0.001493725144115972 -0.00071889231266696486 -0.0031390851676407045 -0.00071889231266696486
leaf_weight=0.52422225568443437 31.300021362374537 5.9460564455948761 9.062006579944855 2.5535953913349649 0.77918579080142158 2.4215856592636547 23.700164629612122 3.8529910955112427 18.420478453394026 1.1946286482270814 6.3858336493140078 0.96813458285760023 0.97970684431493282
leaf_count=22 2873 103 651 65 65 275 4572 131 1035 21 1255 105 65
internal_value=0.000828264 0.00219792 0.00107073 0.00479549 -7.47544e-05 -0.000718892 -0.000718892 0.0103466 -0.000718892 -0.000718892 -0.00230146 -0.00286498 -0.000718892
internal_weight=108.089 57.1101 51.164 17.4424 11.0358 33.7216 50.9785 6.40659 50.4543 10.2566 32.0338 25.648 1.94784
internal_count=11238 4184 4081 933 737 3148 7054 196 7032 672 5997 4742 170
is_linear=0
shrinkage=0.03


Tree=69
num_leaves=13
num_cat=0
split_feature=11 10 7 8 2 2 2 1 3 9 1 11
split_gain=0.367027 0.320375 0.717438 1.06184 0.343663 0.213165 0.186501 0.181979 0.244806 0.102012 0.117394 0.0196457
threshold=5.6048780487804892 60.136986301369866 74.772727272727295 88.077469793887715 96.374449830074113 97.12394219858642 74.339616530638708 6.1543629908241178 88.046129374337241 68.599439775910369 25.248811645870472 98.778996958673758
decision_type=2 2 2 2 2 2 2 2 2 2 2 2
left_child=-1 7 5 4 9 -3 -5 8 11 -4 -11 -2
right_child=1 2 3 6 -6 -7 -8 -9 -10 10 -12 -13
leaf_value=-0.0071718855993057945 -0.0071718855993057945 -0.00055574310075530203 -0.00055574310075530203 0.0056396700418423285 0.01255349444087615 0.0058882639651665495 0.019088224216590653 -0.00055574310075530203 -0.00055574310075530203 -0.00055574310075530203 0.0056396700418423285 -0.00055574310075530203
leaf_weight=3.9383874938357613 2.5806543494109069 32.663521833484992 4.9006758409086597 2.4519511444959781 1.1372312665916968 4.3126016075257203 4.6594390273094177 44.531438806443475 1.3666349689010528 2.025609262753278 2.8892425702651963 0.52957970346324135
leaf_count=622 282 2973 350 116 19 76 73 6355 61 75 221 15
internal_value=0.000836972 0.00120551 0.00275567 0.00748335 0.00126893 0.000309791 0.0157182 -0.000555743 -0.00602937 0.000309791 0.00345346 -0.00717189
internal_weight=107.987 104.049 55.0403 18.0641 10.9528 36.9761 7.11139 49.0083 4.47687 9.81553 4.91485 3.11023
internal_count=11238 10616 3903 854 665 3049 189 6713 358 646 296 297
is_linear=0
shrinkage=0.03


Tree=70
num_leaves=12
num_cat=0
split_feature=11 11 1 10 3 7 2 10 1 1 7
split_gain=0.424885 0.20573 0.37677 0.705731 0.417891 0.100469 0.352817 0.087678 0.05089 0.0255763 0.188376
threshold=99.751205292767011 25.186145479851948 85.328080153077508 63.574938574938578 89.158259052470058 81.322674418604663 94.348007246376824 94.244306418219466 80.213941981108476 12.108993157380256 69.604037267080756
decision_type=2 2 2 2 2 2 2 2 2 2 2
left_child=1 9 5 -4 7 6 8 -5 -3 10 -1
right_child=-2 2 3 4 -6 -7 -8 -9 -10 -11 -12
leaf_value=-0.012025125277657756 0.012224725787970804 -0.0033693383157417356 -0.00069279628250425889 -0.00069279628250425889 0.012224725787970804 -0.00069279628250425889 -0.00069279628250425889 0.0065738512458702169 -0.00069279628250425889 -0.0033693383157417356 -0.0033693383157417356
leaf_weight=1.8731192122213571 1.3717452844139177 42.389292852371 4.2781194280832988 1.799735185923055 2.7736637718044221 17.562708495301194 15.719787801848723 0.50973551557399321 2.5153008538763961 15.478374350350348 1.5276257686782626
leaf_count=228 38 5359 750 279 78 1119 430 74 361 2439 67
internal_value=-0.000339997 -0.000614232 1.12271e-05 0.00539072 0.0122247 -0.000692796 -0.00190733 -0.000376932 -0.00336934 -0.00336934 -0.00616403
internal_weight=107.799 106.427 87.5483 9.36125 5.08313 78.1871 60.6244 2.30947 44.9046 18.8791 3.40074
internal_count=11222 11184 8450 1181 431 7269 6150 353 5720 2734 295
is_linear=0
shrinkage=0.03


Tree=71
num_leaves=15
num_cat=0
split_feature=11 11 1 10 7 2 1 9 2 7 2 7 2 1
split_gain=0.387118 0.190479 0.350094 0.217596 0.421723 0.24138 0.176824 0.119529 0.13099 0.101948 0.185443 0.03657 0.0494002 0.0123691
threshold=99.751205292767011 25.186145479851948 99.463086280953632 98.610843141038018 81.742424242424264 93.069342801246293 3.7708891958506006 6.896879756468798 98.176477372173665 92.919799498746883 94.348007246376824 74.772727272727295 73.979273803958236 11.33015689963886
decision_type=2 2 2 2 2 2 2 2 2 2 2 2 2 2
left_child=1 13 3 6 5 -5 -3 -8 9 10 11 -9 -13 -1
right_child=-2 2 -4 4 -6 -7 7 8 -10 -11 -12 12 -14 -15
leaf_value=-0.0055657312848086688 0.011651961952391715 -0.0032620730521106347 0.011651961952391715 -0.00071334851491371772 0.011651961952391715 0.0091670917391025678 -0.0032620730521106347 -0.0017465497443583009 0.0069518123924744079 0.003447109865189593 0.003224356174808997 -0.0017465497443583009 -0.00071334851491371772 -0.0032620730521106347
leaf_weight=3.1028741481713977 1.3716576748993237 7.4411143469624212 0.84516699286177654 3.5106685599312177 1.4181630033999679 1.2318026074208317 3.474615274462848 38.519535794854164 2.3785391757264724 6.4501373484963542 9.639449736219829 6.7925736468750966 5.9132057104725391 15.684127908200024
leaf_count=274 38 305 51 189 28 17 403 5530 57 474 286 885 225 2460
internal_value=-0.0003419 -0.000603566 -3.13226e-06 -0.00027641 0.00474195 -0.000565996 -0.000713349 -0.000713349 -0.000713349 -0.000713349 -0.000713349 -0.00112303 -0.000713349 -0.00326207
internal_weight=107.774 106.402 87.615 86.7698 6.16063 4.74247 80.6092 73.1681 69.6934 67.3149 60.8648 51.2253 12.7058 18.787
internal_count=11222 11184 8450 8399 234 206 8165 7860 7457 7400 6926 6640 1110 2734
is_linear=0
shrinkage=0.03


Tree=72
num_leaves=15
num_cat=0
split_feature=11 11 10 7 1 9 1 2 7 2 11 10 10 1
split_gain=0.229287 0.183013 0.312715 0.303791 0.250693 0.213604 0.152582 0.0858038 0.0577387 0.110482 0.148048 0.0926631 0.0214083 0.0184391
threshold=99.751205292767011 25.186145479851948 99.324324324324337 81.742424242424264 3.7708891958506006 6.896879756468798 47.854202215541299 78.067414004914028 91.734972677595636 90.285326086956545 84.065162054539044 95.932156646442365 14.879240943070732 11.33015689963886
decision_type=2 2 2 2 2 2 2 2 2 2 2 2 2 2
left_child=1 13 4 6 -3 -6 -4 -8 9 10 11 -7 -12 -1
right_child=-2 2 3 -5 5 8 7 -9 -10 -11 12 -13 -14 -15
leaf_value=-0.0056941414279170592 0.0088446824662098619 -0.0031130282134013464 0.00031402076875950932 0.0088446824662098619 -0.0031130282134013464 -0.002809899559348422 0.00031402076875950932 0.0088446824662098619 0.0030163779793129634 0.00031402076875950932 -0.002809899559348422 0.00031402076875950932 0.00031402076875950932 -0.0031130282134013464
leaf_weight=2.9456020203651887 1.4236728439573187 7.4635333307087413 2.8316593600902698 1.4991355522070078 3.4739449014887205 31.45129412272945 0.79998350399546303 0.88829998811706901 7.6449079505400723 16.5736199360108 1.4628955936059345 1.2135286896955211 12.506970601622013 15.605707296053877
leaf_count=274 38 306 92 28 405 5087 100 13 524 533 164 111 1087 2460
internal_value=-0.000284553 -0.000487994 9.53967e-05 0.00617417 -0.00042112 0.000216875 0.000314021 0.00746379 0.000314021 0.000314021 -0.0011338 -0.00231788 0.000314021 -0.00311303
internal_weight=107.785 106.361 87.8098 6.01908 81.7907 74.3272 4.51994 1.68828 70.8532 63.2083 46.6347 32.6648 13.9699 18.5513
internal_count=11222 11184 8450 233 8217 7911 205 113 7506 6982 6449 5198 1251 2734
is_linear=0
shrinkage=0.03


Tree=73
num_leaves=12
num_cat=0
split_feature=11 1 10 7 9 1 1 2 1 8 2
split_gain=0.197763 0.33912 0.28994 0.495095 0.133414 0.142218 0.12966 0.0312449 0.0195659 0.250561 0.00478676
threshold=25.186145479851948 99.463086280953632 99.324324324324337 81.742424242424264 6.896879756468798 3.7708891958506006 47.854202215541299 97.908471020194085 11.33015689963886 60.136986301369866 80.323019109298812
decision_type=2 2 2 2 2 2 2 2 2 2 2
left_child=8 2 4 6 -2 7 -4 -6 9 -1 -7
right_child=1 -3 3 -5 5 10 -8 -9 -10 -11 -12
leaf_value=-0.01355062630892756 -0.0030229996384164015 0.012997626885139097 -0.00039272145009755586 0.012997626885139097 -0.0030229996384164015 -0.0016055672284613074 0.0062886640771232872 -0.00039272145009755586 -0.0030229996384164015 -0.0030229996384164015 -0.00039272145009755586
leaf_weight=1.3584657161263778 4.1637531411834052 0.8575802780687799 2.8303462662734082 1.6624478579033164 4.9231592633295795 37.966551697580144 1.617511828895658 1.9515653615817425 15.542143579456022 1.5598362316377459 33.317045259405859
leaf_count=179 426 51 92 29 251 6071 107 36 2460 95 1425
internal_value=-0.000281908 0.00031201 4.50309e-05 0.00585955 -0.000451693 -0.000392721 -0.000392721 -0.003023 -0.003023 -0.00563574 -0.000392721
internal_weight=107.75 89.29 88.4324 6.11031 82.3221 78.1583 4.44786 6.87472 18.4604 2.9183 71.2836
internal_count=11222 8488 8437 228 8209 7783 199 287 2734 274 7496
is_linear=0
shrinkage=0.03


Tree=74
num_leaves=11
num_cat=0
split_feature=11 1 8 1 10 2 1 1 10 11
split_gain=0.194838 0.198663 0.108576 0.208917 0.121697 0.36648 0.259842 0.20426 0.261247 0.0469453
threshold=99.751205292767011 99.463086280953632 22.305140961857383 44.315487124678533 82.710597826086968 97.765700483091805 3.7708891958506006 85.328080153077508 94.797297297297305 82.614171503668828
decision_type=2 2 2 2 2 2 2 2 2 2
left_child=1 2 3 -1 6 7 -4 -6 9 -9
right_child=-2 -3 4 -5 5 -7 -8 8 -10 -11
leaf_value=-0.0070032510765907505 0.0080303998552788188 0.0080303998552788188 -0.0070032510765907505 -0.00029296731524641154 -0.00029296731524641154 0.0080303998552788188 -0.00029296731524641154 -0.00029296731524641154 0.0080303998552788188 0.0054301113726273539
leaf_weight=5.6507394266081956 1.485395693918689 1.239315511425956 5.1717764167115083 6.0611361383926123 21.881627148133713 2.6699864463880649 60.427102187881246 1.0392563182394945 1.3759452577214686 0.79365108860656608
leaf_count=834 38 85 268 1102 1311 33 7279 136 104 32
internal_value=-0.000277968 -0.000467806 -0.000650435 -0.00325272 -0.000292967 0.00165927 -0.000292967 0.000293557 0.00647689 -0.000292967
internal_weight=107.796 106.311 105.071 11.7119 93.3593 27.7605 65.5989 25.0905 3.20885 1.83291
internal_count=11222 11184 11099 1936 9163 1616 7547 1583 272 168
is_linear=0
shrinkage=0.03


Tree=75
num_leaves=11
num_cat=0
split_feature=10 4 1 11 1 8 11 2 7 7
split_gain=0.401528 0.44 0.705733 0.132963 0.0481907 0.241457 0.142293 0.131412 0.175475 0.131979
threshold=98.610843141038018 64.143877802414394 20.048604467122598 5.6048780487804892 18.821805084522968 32.529069767441868 89.707822442961358 94.348007246376824 88.047619047619051 49.151567443198168
decision_type=2 2 2 2 2 2 2 2 2 2
left_child=3 -2 -3 -1 5 -5 7 8 -7 -9
right_child=1 2 -4 4 -6 6 -8 9 -10 -11
leaf_value=-0.0063480472768122544 -0.0010779003871690814 -0.0010779003871690814 0.015379890224872397 -0.0063480472768122544 -0.0010779003871690814 -0.0063480472768122544 -0.0010779003871690814 -0.0063480472768122544 -0.0010779003871690814 -0.0010779003871690814
leaf_weight=3.3503554362105197 1.5466704012360413 3.9458541488274914 4.2974434797652066 3.8995747218141359 66.301816888153553 7.377244199975399 6.9326665166299781 2.2889247715938827 1.9324453343870116 5.0098428977653384
leaf_count=573 205 55 71 466 8365 933 239 68 94 151
internal_value=-0.000477886 0.0050212 0.00821678 -0.0010779 -0.0010779 -0.00241195 -0.0010779 -0.00378799 -0.00599001 -0.0010779
internal_weight=106.883 9.78997 8.2433 97.0929 93.7425 27.4407 23.5411 16.6085 9.30969 7.29877
internal_count=11220 331 126 10889 10316 1951 1485 1246 1027 219
is_linear=0
shrinkage=0.03


Tree=76
num_leaves=7
num_cat=0
split_feature=10 4 3 11 8 11
split_gain=0.350373 0.410305 0.174824 0.104195 0.0434965 0.119111
threshold=98.610843141038018 64.143877802414394 82.151910106591217 5.6048780487804892 32.529069767441868 53.295936368419426
decision_type=2 2 2 2 2 2
left_child=3 -2 -3 -1 5 -5
right_child=1 2 -4 4 -6 -7
leaf_value=-0.0057205296329410227 -0.001021657998972005 0.0021062321222752455 0.011243883538830754 -0.0054729916231031897 -0.001021657998972005 -0.001021657998972005
leaf_weight=3.2944799268152556 1.5457933272700746 3.7046050424687547 4.5364500712603331 6.7305693058297065 76.772494235541672 10.289588276529683
leaf_count=573 205 83 43 1336 7632 1348
internal_value=-0.000461334 0.00467658 0.00780865 -0.00102166 -0.00102166 -0.00260072
internal_weight=106.874 9.78685 8.24106 97.0871 93.7927 17.0202
internal_count=11220 331 126 10889 10316 2684
is_linear=0
shrinkage=0.03


Tree=77
num_leaves=11
num_cat=0
split_feature=10 4 1 11 1 8 11 2 7 7
split_gain=0.317077 0.387111 0.571031 0.0594941 0.0383569 0.175868 0.114557 0.131677 0.0890734 0.0849272
threshold=98.610843141038018 66.930175394742335 21.683481895059916 5.6048780487804892 18.821805084522968 32.529069767441868 89.707822442961358 94.348007246376824 88.047619047619051 51.042118975249686
decision_type=2 2 2 2 2 2 2 2 2 2
left_child=3 -2 -3 -1 5 -5 7 8 -7 -9
right_child=1 2 -4 4 -6 6 -8 9 -10 -11
leaf_value=-0.0045952445846635685 -0.00099714921414742648 -0.00083199990720644434 0.014255203979843634 -0.0045952445846635685 -0.00099714921414742648 -0.0045952445846635685 -0.00099714921414742648 -0.0045952445846635685 -0.00099714921414742648 -0.00099714921414742648
leaf_weight=3.2127153724431983 1.836268741521051 3.8777342748362571 4.0775992469862103 3.8377521677175563 66.448113221209496 7.3528855873737538 6.9337615701369932 4.3403671826235941 1.9398567712632937 2.9036928319837898
leaf_count=573 210 57 64 466 8365 933 239 140 94 79
internal_value=-0.000463603 0.00442303 0.00762941 -0.000997149 -0.000997149 -0.00215986 -0.000997149 -0.00344208 -0.00459524 -0.000997149
internal_weight=106.761 9.7916 7.95533 96.9691 93.7564 27.3083 23.4706 16.5368 9.29274 7.24406
internal_count=11220 331 121 10889 10316 1951 1485 1246 1027 219
is_linear=0
shrinkage=0.03


Tree=78
num_leaves=8
num_cat=0
split_feature=10 4 1 1 9 4 7
split_gain=0.293199 0.371245 0.532752 0.0380542 0.199345 0.426291 0.220993
threshold=98.610843141038018 66.930175394742335 21.683481895059916 18.821805084522968 37.416666666666679 98.657715702384053 76.043478260869577
decision_type=2 2 2 2 2 2 2
left_child=3 -2 -3 4 5 6 -1
right_child=1 2 -4 -5 -6 -7 -8
leaf_value=-0.010922096606653782 -0.0010021663922817508 -0.00085500906359330402 0.013648560264962905 -0.0010021663922817508 -0.0010021663922817508 -0.0010021663922817508 -0.0010021663922817508
leaf_weight=7.1320312925381604 1.8388987313956011 3.880035483511163 4.1665609308984131 69.317967925453559 17.155588587513193 2.2557955256197593 1.0763735387008635
leaf_count=643 210 57 64 8850 1281 41 74
internal_value=-0.000487265 0.00419011 0.00733355 -0.00100217 -0.00211202 -0.00533948 -0.00907646
internal_weight=106.823 9.8855 8.0466 96.9378 27.6198 10.4642 8.2084
internal_count=11220 331 121 10889 2039 758 717
is_linear=0
shrinkage=0.03


Tree=79
num_leaves=8
num_cat=0
split_feature=10 4 1 11 7 11 1
split_gain=0.254359 0.360856 0.474477 0.0656539 0.12539 0.0821527 0.0512493
threshold=98.610843141038018 66.930175394742335 21.683481895059916 78.436465495289042 57.019704433497544 5.6048780487804892 4.574102863065165
decision_type=2 2 2 2 2 2 2
left_child=3 -2 -3 4 6 -6 -1
right_child=1 2 -4 -5 5 -7 -8
leaf_value=-0.0074019960686864221 -0.00096455288344237701 -0.00069048488813942962 0.013020241160062675 -0.00096455288344237701 -0.0031236357887769839 -0.00096455288344237701 -0.0031236357887769839
leaf_weight=2.0529050501063457 1.8505263007245947 3.8907689321786147 4.1538099034223706 35.041194930090569 1.3166329790838087 24.249237195937894 34.230231365421787
leaf_count=220 210 57 64 2349 173 2685 5462
internal_value=-0.000484808 0.0038701 0.00704586 -0.000964553 -0.00194178 -0.000964553 -0.00312364
internal_weight=106.785 9.89511 8.04458 96.8902 61.849 25.5659 36.2831
internal_count=11220 331 121 10889 8540 2858 5682
is_linear=0
shrinkage=0.03


Tree=80
num_leaves=11
num_cat=0
split_feature=10 7 11 3 2 11 8 11 11 8
split_gain=0.262304 0.488307 0.164879 0.190438 0.0885645 0.0834246 0.0604994 0.0562376 0.0157234 0.00110543
threshold=99.324324324324337 81.742424242424264 24.384176677587675 88.802985074626875 81.891274776525464 4.4815500334737921 22.305140961857383 99.199977243797164 35.722806893211917 13.136324417601381
decision_type=2 2 2 2 2 2 2 2 2 2
left_child=5 2 -2 4 -4 -1 7 9 -8 -7
right_child=1 -3 3 -5 -6 6 8 -9 -10 -11
leaf_value=-0.0040614011975157139 0.0005235936742539317 0.017513642854996982 0.0005235936742539317 0.01071438248803065 0.0056051901826213585 -0.002906634949160354 -0.00077328077250545825 0.0005235936742539317 0.0005235936742539317 -0.0014791402234771835
leaf_weight=2.5846083606593302 1.4235979309305529 1.3939436640357596 1.171647383249365 2.1581617542542517 2.1062342845834792 6.325201913947236 19.924741859314963 0.45162137597799379 65.003332078224048 4.8054635439766571
leaf_count=463 90 28 139 27 35 1023 2699 21 5884 826
internal_value=0.000980209 0.00581344 0.00151005 0.0054518 0.000523594 0.000523594 0.000523594 -0.0016108 0.000523594 -0.00246308
internal_weight=107.349 8.25359 6.85964 5.43604 3.27788 99.095 96.5104 11.5823 84.9281 11.1307
internal_count=11235 319 291 201 174 10916 10453 1870 8583 1849
is_linear=0
shrinkage=0.03


Tree=81
num_leaves=10
num_cat=0
split_feature=10 7 11 3 11 8 11 11 3
split_gain=0.329582 0.656702 0.154986 0.192552 0.0741094 0.0491044 0.048386 0.0146732 0.0135236
threshold=99.324324324324337 81.742424242424264 24.384176677587675 88.802985074626875 4.4815500334737921 13.136324417601381 98.543655001767419 35.722806893211917 32.797849462365598
decision_type=2 2 2 2 2 2 2 2 2
left_child=4 2 -2 8 -1 6 -6 -7 -4
right_child=1 -3 3 -5 5 7 -8 -9 -10
leaf_value=-0.0038259119886047939 0.00050605163929663005 0.019291139014523083 0.00050605163929663005 0.01057643812390004 -0.0030340248967049379 -0.00056575114846637241 0.00050605163929663005 0.00050605163929663005 0.0024772411093074726
leaf_weight=2.567880642367526 1.4137423229403774 1.5842284079408271 0.89811336225830229 2.13912885915488 6.2254939100239417 21.355403594556265 0.37071114126592863 68.33041444432456 2.3663027954753488
leaf_count=463 90 28 89 27 1015 3021 20 6397 85
internal_value=0.00102189 0.00639177 0.00130987 0.00526122 0.000506052 0.000506052 -0.00197468 0.000506052 0.000506052
internal_weight=107.251 8.40152 6.81729 5.40355 98.8499 96.282 6.59621 89.6858 3.26442
internal_count=11235 319 291 201 10916 10453 1035 9418 174
is_linear=0
shrinkage=0.03


Tree=82
num_leaves=11
num_cat=0
split_feature=10 7 11 0 9 11 8 11 0 11
split_gain=0.305963 0.652545 0.144004 0.174422 0.0506246 0.0487344 0.0419383 0.0446846 0.0147692 0.00560426
threshold=99.324324324324337 81.742424242424264 24.384176677587675 93.046975917328538 2.0620748299319733 4.8490223578912639 13.136324417601381 98.543655001767419 75.03148614609573 35.722806893211917
decision_type=2 2 2 2 2 2 2 2 2 2
left_child=4 2 -2 8 -1 -6 7 -7 -4 -8
right_child=1 -3 3 -5 5 6 9 -9 -10 -11
leaf_value=-0.0046844335680958585 0.00056290261264415502 0.019087905162592539 0.00056290261264415502 0.0099412421261436124 -0.0028767477424523264 -0.0028677523128857992 -0.0004214945353013149 0.00056290261264415502 0.0027705323891442724 0.00056290261264415502
leaf_weight=0.66623338265344401 1.4144362406805138 1.5850407255347816 1.0122961007291453 2.299654807895422 2.7911303429864338 6.0546327312476924 20.994171826983802 0.36513051530346263 2.0748404406476766 67.819337897468358
leaf_count=85 90 28 145 22 505 981 2975 20 34 6350
internal_value=0.00106116 0.00624 0.0011828 0.00512486 0.000562903 0.000562903 0.000562903 -0.00183029 0.000562903 0.000562903
internal_weight=107.077 8.38627 6.80123 5.38679 98.6906 98.0244 95.2333 6.41976 3.08714 88.8135
internal_count=11235 319 291 201 10916 10831 10326 1001 179 9325
is_linear=0
shrinkage=0.03


Tree=83
num_leaves=10
num_cat=0
split_feature=10 7 2 2 1 9 11 9 2
split_gain=0.26314 0.621125 0.131203 0.062084 0.154741 0.351393 0.209777 0.157104 0.0493999
threshold=99.324324324324337 81.742424242424264 81.891274776525464 91.495983935742984 24.843500988079303 62.192192192192202 38.362903647877744 5.9714795008912658 82.605554556774067
decision_type=2 2 2 2 2 2 2 2 2
left_child=3 2 -2 4 5 -1 -7 -6 -9
right_child=1 -3 -4 -5 7 6 -8 8 -10
leaf_value=-0.0062167965372909766 0.00065648802293213676 0.018517164568820695 0.0054950423358524408 0.0018750114865004228 -0.0062167965372909766 -0.0062167965372909766 0.00065648802293213676 0.00065648802293213676 0.0018750114865004228
leaf_weight=8.9936807176563907 2.6844121033791435 1.5668634807225315 4.1072910595685244 26.321468458860181 1.9736206801608194 1.9472838470246623 6.5361286357510835 43.430749522172846 9.340372722479513
leaf_count=1293 230 28 61 906 330 362 433 7041 551
internal_value=0.00112012 0.00593193 0.00102459 0.000656488 0.000192851 -0.00224393 0.000656488 0.000656488 0.000656488
internal_weight=106.902 8.35857 6.7917 98.5433 72.2218 17.4771 8.48341 54.7447 52.7711
internal_count=11235 319 291 10916 10010 2088 795 7922 7592
is_linear=0
shrinkage=0.03


Tree=84
num_leaves=10
num_cat=0
split_feature=10 7 2 2 1 9 11 9 2
split_gain=0.268107 0.585167 0.143754 0.0541321 0.128179 0.304277 0.179735 0.109636 0.0485699
threshold=99.324324324324337 81.742424242424264 81.891274776525464 91.495983935742984 25.248811645870472 62.192192192192202 38.362903647877744 5.9714795008912658 82.605554556774067
decision_type=2 2 2 2 2 2 2 2 2
left_child=3 2 -2 4 5 -1 -7 -6 -9
right_child=1 -3 -4 -5 7 6 -8 8 -10
leaf_value=-0.0057373243747835308 0.00061877619507947062 0.018234734279007913 0.0056903503069523232 0.0017539348101905292 -0.0053582292102397171 -0.0057373243747835308 0.00061877619507947062 0.00061877619507947062 0.0017539348101905292
leaf_weight=8.9940001380164194 2.6870993170887214 1.5452841187361626 4.1417467165738344 26.410289394319989 1.9133019060827781 1.9619927444728071 6.6157481195405126 43.242207722389139 9.3455344528192636
leaf_count=1316 230 28 61 906 326 369 444 7013 542
internal_value=0.00108689 0.00593881 0.00118263 0.000618776 0.0001845 -0.00202212 0.000618776 0.000618776 0.000618776
internal_weight=106.857 8.37413 6.82885 98.4831 72.0728 17.5717 8.57774 54.501 52.5877
internal_count=11235 319 291 10916 10010 2129 813 7881 7555
is_linear=0
shrinkage=0.03


Tree=85
num_leaves=13
num_cat=0
split_feature=11 1 8 1 0 9 8 10 0 8 3 3
split_gain=0.413389 0.173265 0.131234 0.154012 0.147749 0.102953 0.118531 0.0217096 0.0181617 0.0165957 0.0244331 0.0155936
threshold=99.751205292767011 99.463086280953632 22.305140961857383 48.665306386837678 99.747155095256389 95.861872146118728 92.970101309612076 87.026647966339425 85.064978902953598 21.089696071163825 87.645919666314583 93.007967017661159
decision_type=2 2 2 2 2 2 2 2 2 2 2 2
left_child=1 2 3 11 5 -4 7 -7 9 10 -5 -1
right_child=-2 -3 4 8 -6 6 -8 -9 -10 -11 -12 -13
leaf_value=-0.0065155834367603685 0.012360834703700189 0.0082873338763384367 0.00017755046422185001 -0.0030086291478884529 0.0064823675534473107 0.00017755046422185001 0.0064823675534473107 0.0037494871434482786 0.00017755046422185001 0.00017755046422185001 0.00017755046422185001 5.8279916038597436e-05
leaf_weight=5.3972484965343011 1.4774992773309339 1.205840547569095 87.198586880229414 4.2900340990163386 2.3459941344335666 2.1422602010425176 1.4002147326245902 0.58596910256892432 0.95721547724679101 0.2594496659003197 0.38616281526628871 0.32353613013401616
leaf_count=858 38 81 8686 884 35 314 18 87 74 51 64 54
internal_value=0.000246463 -3.50435e-05 -0.000207434 -0.00308053 0.00017755 0.00017755 0.00453982 0.00017755 0.00017755 -0.00150051 -0.00218497 -0.00619045
internal_weight=107.97 106.493 105.287 11.6136 93.673 91.327 4.12844 2.72823 5.89286 4.93565 4.6762 5.72078
internal_count=11244 11206 11125 1985 9140 9105 419 401 1073 999 948 912
is_linear=0
shrinkage=0.03


Tree=86
num_leaves=11
num_cat=0
split_feature=11 1 0 8 1 9 11 2 1 11
split_gain=0.481485 0.173081 0.150171 0.0709554 0.131678 0.120679 0.363683 0.0824923 0.0379194 0.0209348
threshold=99.751205292767011 99.463086280953632 99.747155095256389 22.305140961857383 48.665306386837678 95.861872146118728 83.711343147324001 26.212121212121215 18.821805084522968 68.223995777701717
decision_type=2 2 2 2 2 2 2 2 2 2
left_child=1 2 3 4 -1 8 -7 9 -5 -6
right_child=-2 -3 -4 5 7 6 -8 -9 -10 -11
leaf_value=-0.0055198181327640863 0.013137953768608301 0.008224878385450789 0.0060464937935938209 -0.0013572332713436511 -0.0055198181327640863 -0.00012603473892083559 0.0060464937935938209 -0.00012603473892083559 -0.00012603473892083559 -0.00012603473892083559
leaf_weight=5.5702864036429656 1.5536304258275766 1.2318233931437124 2.3412038567475966 25.641851413645782 1.2621190053177991 2.7438826827565199 1.3888918361626563 3.9746650940505788 61.735132758039981 0.60450536478310835
leaf_count=909 38 81 38 1660 286 391 28 675 7026 112
internal_value=0.000264674 -4.36048e-05 -0.000216857 -0.000416145 -0.00254495 -0.000126035 0.00447434 -0.000126035 -0.000126035 -0.0053673
internal_weight=108.048 106.494 105.263 102.921 11.4116 91.5098 4.13277 5.84129 87.377 1.86662
internal_count=11244 11206 11125 11087 1982 9105 419 1073 8686 398
is_linear=0
shrinkage=0.03


Tree=87
num_leaves=10
num_cat=0
split_feature=11 1 8 1 0 2 9 8 11
split_gain=0.509337 0.17003 0.130664 0.199474 0.13951 0.0870932 0.0857393 0.128411 0.00844856
threshold=99.751205292767011 99.463086280953632 22.305140961857383 48.665306386837678 99.747155095256389 22.220550473439257 95.861872146118728 92.970101309612076 68.223995777701717
decision_type=2 2 2 2 2 2 2 2 2
left_child=1 2 3 -1 6 8 -4 -8 -5
right_child=-2 -3 4 5 -6 -7 7 -9 -10
leaf_value=-0.0068529641301004517 0.013365838687575961 0.008077030493719611 7.5677642682040047e-05 -0.0063649604695015759 0.0062280132997991951 7.5677642682040047e-05 7.5677642682040047e-05 0.0062280132997991951 -0.00059642215239317652
leaf_weight=5.5104243002133426 1.575612248154356 1.2238311569672067 87.382201949949376 1.1285124645801254 2.3173304847441605 4.1983814960112795 2.7494024076731867 1.399876974057406 0.50809863838367175
leaf_count=912 38 81 8686 256 35 724 401 18 93
internal_value=0.000183289 -0.000134501 -0.000305194 -0.00320668 7.56776e-05 7.56776e-05 7.56776e-05 0.00405908 -0.00547952
internal_weight=107.994 106.418 105.194 11.3454 93.8488 5.83499 91.5315 4.14928 1.63661
internal_count=11244 11206 11125 1985 9140 1073 9105 419 349
is_linear=0
shrinkage=0.03


Tree=88
num_leaves=10
num_cat=0
split_feature=11 8 10 1 3 2 8 1 2
split_gain=0.406432 0.113454 0.778727 0.744804 0.468639 0.180317 0.0424533 0.0789003 0.0540447
threshold=99.751205292767011 77.694859038142638 71.525096525096544 18.821805084522968 63.743273350471298 93.069342801246293 21.702898550724644 48.665306386837678 26.212121212121215
decision_type=2 2 2 2 2 2 2 2 2
left_child=1 6 -3 -4 5 -5 7 -1 -9
right_child=-2 2 3 4 -6 -7 -8 8 -10
leaf_value=-0.0049949318484151127 0.01191325229804991 -0.00070176384217133863 -0.00070176384217133863 -0.00070176384217133863 0.01191325229804991 0.0094146337486402578 -0.00070176384217133863 -0.0049949318484151127 -0.00070176384217133863
leaf_weight=4.9791351370513421 1.6048995750024904 17.282038835459392 4.0736043909564605 2.0626135423080982 6.5224637533538043 0.59164311178028572 65.202649955055676 1.8590287435799835 3.7591886355075985
leaf_count=865 38 1662 107 324 169 10 7022 399 648
internal_value=0.000205652 -8.04016e-05 0.00143553 0.00700045 0.0115043 -0.000525579 -0.000701764 -0.00252851 -0.000701764
internal_weight=107.937 106.332 30.5324 13.2503 9.17672 2.65426 75.8 10.5974 5.61822
internal_count=11244 11206 2272 610 503 334 8934 1912 1047
is_linear=0
shrinkage=0.03


Tree=89
num_leaves=10
num_cat=0
split_feature=11 1 10 4 1 8 1 2 1
split_gain=0.356843 0.114742 0.129082 0.325512 0.0462229 0.0340778 0.0640065 0.0618623 0.0107879
threshold=99.751205292767011 99.463086280953632 99.324324324324337 64.143877802414394 20.048604467122598 21.702898550724644 48.665306386837678 26.212121212121215 5.3735940378956641
decision_type=2 2 2 2 2 2 2 2 2
left_child=1 2 5 -4 -5 6 -1 -8 -7
right_child=-2 -3 3 4 -6 8 7 -9 -10
leaf_value=-0.0043516610009163752 0.01113014193996445 0.0067113170444720385 -0.00046315320107487388 0.0022537564820954473 0.0067113170444720385 -0.0015548002218364037 -0.0043516610009163752 -0.00046315320107487388 -0.00046315320107487388
leaf_weight=4.8665346171474066 1.6600844054482866 1.2484897768590588 1.5887322211638073 3.3639413425698876 3.6051766825839877 10.874769428977741 1.766358441323973 3.6924298589583486 75.012571303755976
leaf_count=862 38 81 201 44 66 483 384 640 8445
internal_value=0.000277616 5.26963e-06 -0.000137339 0.00319088 0.00671132 -0.000463153 -0.00211453 -0.000463153 -0.000463153
internal_weight=107.679 106.019 104.771 8.55785 6.96912 96.2127 10.3253 5.45879 85.8873
internal_count=11244 11206 11125 311 110 10814 1886 1024 8928
is_linear=0
shrinkage=0.03


Tree=90
num_leaves=9
num_cat=0
split_feature=2 10 8 1 9 4 7 9
split_gain=0.147745 0.773343 0.241297 0.0338284 0.0719197 0.0163713 0.0086303 0.00887581
threshold=93.069342801246293 79.568645640074223 77.859477124183016 29.198431204858725 27.33499377334994 95.663303620988032 79.568645640074223 96.178188899707905
decision_type=2 2 2 2 2 2 2 2
left_child=3 -2 5 4 -1 -3 7 -6
right_child=1 2 -4 -5 6 -7 -8 -9
leaf_value=-0.0045364667660140806 -0.0010214358025200086 0.0017311827774619238 0.013929709253638062 -0.0010214358025200086 -0.0022227652733637195 0.0053587550863764821 -0.0010214358025200086 -0.0010214358025200086
leaf_weight=6.871498625958341 15.603886856464671 3.8291914416477066 3.1410491964779794 56.72067047667224 11.365798275219277 2.5273209102451801 6.9136313115013754 0.5087399879703306
leaf_count=752 590 101 40 7811 1474 30 401 108
internal_value=-0.000408175 0.00156651 0.00809196 -0.00102144 -0.00210824 0.00370587 -0.00103578 -0.00184888
internal_weight=107.482 25.1014 9.49756 82.3803 25.6597 6.35651 18.7882 11.8745
internal_count=11307 761 171 10546 2735 131 1983 1582
is_linear=0
shrinkage=0.03


Tree=91
num_leaves=8
num_cat=0
split_feature=11 0 1 8 4 4 8
split_gain=0.139858 0.166094 0.1225 0.0715992 0.750115 0.066722 0.0130358
threshold=99.751205292767011 99.747155095256389 99.747155095256389 92.031746031746039 90.712613413060268 97.880790984239283 72.665006226650078
decision_type=2 2 2 2 2 2 2
left_child=1 2 3 5 -5 6 -1
right_child=-2 -3 -4 4 -6 -7 -8
leaf_value=-0.0017322360420197608 0.0064431049678230559 0.0056753265893245627 0.0056753265893245627 -0.0011813493788870053 0.0056753265893245627 0.001169321109512814 -0.0011813493788870053
leaf_weight=62.313403524225578 1.6447880810592312 2.7435595514252773 0.63384199282154341 7.4096809944603574 4.9218636897858232 9.0185570062603784 18.898872963036411
leaf_count=8259 37 36 35 785 77 199 1879
internal_value=-0.000379201 -0.000544381 -0.000762618 -0.000887935 0.00118657 -0.00118135 -0.00145344
internal_weight=107.585 105.94 103.196 102.562 12.3315 90.2308 81.2123
internal_count=11307 11270 11234 11199 862 10337 10138
is_linear=0
shrinkage=0.03


Tree=92
num_leaves=10
num_cat=0
split_feature=11 0 1 4 10 2 11 11 2
split_gain=0.134709 0.13994 0.113369 0.0497114 0.0410467 0.215209 0.161149 0.0252037 0.00218869
threshold=99.751205292767011 99.747155095256389 99.747155095256389 99.463086280953632 75.90322580645163 93.069342801246293 42.9922935357718 21.975186649099694 1.7039442039442041
decision_type=2 2 2 2 2 2 2 2 2
left_child=1 2 3 4 7 -6 -7 -1 -9
right_child=-2 -3 -4 -5 5 6 -8 8 -10
leaf_value=-0.0029026771986686555 0.0063198351442314863 0.0051358816042067455 0.0051358816042067455 0.0025886968412495927 -0.0014084829542270467 -0.0014084829542270467 0.0025886968412495927 -0.0029026771986686555 -0.0014084829542270467
leaf_weight=10.048557215952313 1.6513800986576814 2.8009543484076849 0.6307595781981935 2.718366778921335 26.024649005499668 2.7780354596907255 5.6908362002577633 0.42516642482951184 54.842736712424085
leaf_count=1757 37 36 35 50 2381 81 101 82 6747
internal_value=-0.000367025 -0.00052935 -0.000731003 -0.000853306 -0.0009718 -0.000128516 0.0025887 -0.00140848 -0.00140848
internal_weight=107.611 105.96 103.159 102.528 99.81 34.4935 8.46887 65.3165 55.2679
internal_count=11307 11270 11234 11199 11149 2563 182 8586 6829
is_linear=0
shrinkage=0.03


Tree=93
num_leaves=7
num_cat=0
split_feature=2 10 11 1 11 11
split_gain=0.0857266 0.626698 0.34025 0.0407384 0.0252937 0.00797922
threshold=93.069342801246293 79.568645640074223 42.9922935357718 29.198431204858725 22.756735544459332 96.887154296480745
decision_type=2 2 2 2 2 2
left_child=3 5 -3 4 -1 -2
right_child=1 2 -4 -5 -6 -7
leaf_value=-0.0044850448986494132 -0.00083530750886028743 -0.00083530750886028743 0.010422959285594894 -0.00083530750886028743 -0.0015661460416124262 0.0041077215677935855
leaf_weight=2.6066411302890655 13.728468215442257 2.9181190986419079 6.6779853983316571 56.793401072034612 22.930232625221834 1.8065665983594961
leaf_count=523 562 76 95 7811 2212 28
internal_value=-0.000368122 0.00113578 0.00709419 -0.000835308 -0.00202187 -0.000835308
internal_weight=107.461 25.1311 9.5961 82.3303 25.5369 15.535
internal_count=11307 761 171 10546 2735 590
is_linear=0
shrinkage=0.03


Tree=94
num_leaves=11
num_cat=0
split_feature=2 4 11 8 4 4 1 2 11 11
split_gain=0.0655395 0.442275 0.200709 0.321701 0.142344 0.130806 0.0398952 0.0430826 0.046364 0.00228068
threshold=93.069342801246293 98.657715702384053 42.18189832500736 32.529069767441868 77.146367146367169 66.541055526453661 29.198431204858725 87.639127268944733 90.851794273869686 38.362903647877744
decision_type=2 2 2 2 2 2 2 2 2 2
left_child=6 2 -2 -4 5 -5 7 9 -9 -1
right_child=1 -3 3 4 -6 -7 -8 8 -10 -11
leaf_value=-0.0041513842770858015 -0.00078783389504420113 0.0082508146610017884 -0.00078783389504420113 -0.00078783389504420113 0.0061466377549308148 0.0061466377549308148 -0.00078783389504420113 -0.0027883017675401321 -0.00078783389504420113 -0.0027883017675401321
leaf_weight=4.2891678808955538 5.0557202547788682 4.8319160193204871 1.8078943553846318 1.0803228451404714 11.524677046108989 0.92901776055805374 56.649680569651537 4.9925149430055162 2.5203014239668846 13.682311026612295
leaf_count=815 262 72 83 80 214 50 7811 305 63 1552
internal_value=-0.00037828 0.000934216 -0.000787834 0.00256212 0.0049202 -0.000787834 -0.000787834 -0.00196222 -0.000787834 -0.0027883
internal_weight=107.364 25.2295 20.3976 15.3419 13.534 2.00934 82.134 25.4843 7.51282 17.9715
internal_count=11307 761 689 427 344 130 10546 2735 368 2367
is_linear=0
shrinkage=0.03


Tree=95
num_leaves=8
num_cat=0
split_feature=11 3 11 8 3 3 8
split_gain=0.387228 0.508729 0.0456488 0.0445045 0.0352111 0.0143024 0.0061138
threshold=98.543655001767419 72.015797476909228 5.6048780487804892 16.428133306072379 99.747155095256389 90.712613413060268 90.443574690150044
decision_type=2 2 2 2 2 2 2
left_child=2 -2 6 5 -5 -4 -1
right_child=1 -3 3 4 -6 -7 -8
leaf_value=-0.0040040928039961005 -0.00063173903823660776 0.014011389088663321 -0.0034559904439060581 -0.00063173903823660776 0.0027933030208050639 -0.00063173903823660776 -0.00063173903823660776
leaf_weight=3.1664899003226319 1.440426694927736 2.8488692094106227 6.0012683323584488 85.771985612460412 2.7776493022683999 0.75065842224284995 0.33057845453731705
leaf_count=586 98 68 1134 9133 38 88 24
internal_value=-0.000214511 0.00769832 -0.000631739 -0.000631739 -0.000631739 -0.00297524 -0.00366892
internal_weight=103.088 4.2893 98.7986 95.3016 88.5496 6.75193 3.49707
internal_count=11169 166 11003 10393 9171 1222 610
is_linear=0
shrinkage=0.03


Tree=96
num_leaves=8
num_cat=0
split_feature=11 3 11 8 3 3 8
split_gain=0.245549 0.380547 0.0372465 0.0505259 0.0298672 0.0162778 0.00545683
threshold=98.543655001767419 72.015797476909228 5.6048780487804892 16.428133306072379 99.747155095256389 90.712613413060268 90.443574690150044
decision_type=2 2 2 2 2 2 2
left_child=2 -2 6 5 -5 -4 -1
right_child=1 -3 3 4 -6 -7 -8
leaf_value=-0.003615053265261012 -0.00054790243817684449 0.011608626470204884 -0.0032956609081506252 -0.00054790243817684449 0.0026660869375580596 -0.00054790243817684449 -0.00054790243817684449
leaf_weight=3.1492157849716031 1.4400023843627412 2.8955415701493621 5.9066621675156048 85.564438727102242 2.77421223768033 0.75156249105930317 0.33042063121683884
leaf_count=586 98 68 1134 9133 38 88 24
internal_value=-0.000213616 0.00605889 -0.000547902 -0.000547902 -0.000547902 -0.00303826 -0.00329566
internal_weight=102.812 4.33554 98.4765 94.9969 88.3387 6.65822 3.47964
internal_count=11169 166 11003 10393 9171 1222 610
is_linear=0
shrinkage=0.03


Tree=97
num_leaves=8
num_cat=0
split_feature=11 3 11 8 3 3 8
split_gain=0.234357 0.428538 0.0370758 0.0494442 0.0320616 0.01607 0.00534265
threshold=98.543655001767419 72.79694861721984 5.6048780487804892 16.428133306072379 99.747155095256389 90.712613413060268 90.443574690150044
decision_type=2 2 2 2 2 2 2
left_child=2 -2 6 5 -5 -4 -1
right_child=1 -3 3 4 -6 -7 -8
leaf_value=-0.0035972339708374244 -0.00053772669565885136 0.01206350248154844 -0.0032814274898206406 -0.00053772669565885136 0.0027475608445454392 -0.00053772669565885136 -0.00053772669565885136
leaf_weight=3.1402264230418959 1.5548335531493638 2.83127312338911 5.8923484870465463 85.493417661054991 2.7761212696786961 0.75169820594601322 0.33079952746629704
leaf_count=586 102 64 1134 9133 38 88 24
internal_value=-0.000209384 0.00588809 -0.000537727 -0.000537727 -0.000537727 -0.00300409 -0.00328143
internal_weight=102.771 4.38611 98.3846 94.9136 88.2695 6.64405 3.47103
internal_count=11169 166 11003 10393 9171 1222 610
is_linear=0
shrinkage=0.03


Tree=98
num_leaves=8
num_cat=0
split_feature=11 3 11 8 3 3 8
split_gain=0.246027 0.436381 0.034212 0.0522264 0.0308793 0.0163136 0.0052386
threshold=98.543655001767419 72.79694861721984 5.6048780487804892 16.428133306072379 99.747155095256389 75.130904405515807 90.443574690150044
decision_type=2 2 2 2 2 2 2
left_child=2 -2 6 5 -5 -4 -1
right_child=1 -3 3 4 -6 -7 -8
leaf_value=-0.0035284201981348839 -0.00057124217348794289 0.012183985765729807 -0.0032109506706092267 -0.00057124217348794289 0.0026693737021442113 -0.00057124217348794289 -0.00057124217348794289
leaf_weight=3.1347730926936501 1.555526537937111 2.8513974966481328 4.5415797715540966 85.545834240154363 2.776880978839471 1.9800852879416195 0.33090636413544405
leaf_count=586 102 64 951 9133 38 271 24
internal_value=-0.000234137 0.00600084 -0.000571242 -0.000571242 -0.000571242 -0.00312161 -0.00321095
internal_weight=102.717 4.40692 98.3101 94.8444 88.3227 6.52167 3.46568
internal_count=11169 166 11003 10393 9171 1222 610
is_linear=0
shrinkage=0.03


Tree=99
num_leaves=8
num_cat=0
split_feature=11 2 11 1 2 1 11
split_gain=0.219828 0.0929594 0.32205 0.0888597 0.0524952 0.0257813 0.0135817
threshold=98.543655001767419 97.12394219858642 76.961404815090603 12.927794581375894 84.327937853981624 99.463086280953632 4.4815500334737921
decision_type=2 2 2 2 2 2 2
left_child=1 5 3 -3 -2 6 -1
right_child=4 2 -4 -5 -6 -7 -8
leaf_value=-0.0028219343928077511 0.0009458510593723131 -0.00083559648948529363 0.0056446183872565052 0.0045597774378568741 0.007779250209610916 0.0009458510593723131 -0.00083559648948529363
leaf_weight=2.440574401873163 1.8390119423856948 2.6222411890048516 3.0796740972436965 2.6349761832971126 2.6049486803822219 1.2061540090944607 86.260159155819565
leaf_count=473 126 84 55 75 40 84 10232
internal_value=-0.000227923 -0.000547761 0.00231336 -0.000835596 0.00564462 -0.000835596 -0.000920931
internal_weight=102.688 98.2438 8.33689 5.25722 4.44396 89.9069 88.7007
internal_count=11169 11003 214 159 166 10789 10705
is_linear=0
shrinkage=0.03


Tree=100
num_leaves=11
num_cat=0
split_feature=11 8 7 10 5 10 3 10 8 3
split_gain=0.118011 0.10645 0.0700671 0.337113 0.29877 0.113784 0.0579935 0.00241281 0.00194054 0.000665929
threshold=99.751205292767011 16.428133306072379 75.204918032786892 58.397435897435905 77.499859303772553 92.907444668008068 96.036981195292569 95.932156646442365 12.712842712842713 1.7305976261200144
decision_type=2 2 2 2 2 2 2 2 2 2
left_child=1 6 7 -4 5 -5 8 9 -1 -3
right_child=-2 2 3 4 -6 -7 -8 -9 -10 -11
leaf_value=-0.0047368452148025065 0.0060357877816318451 -0.0011009680068935956 -0.00030824516377405781 -0.00030824516377405781 0.0060357877816318451 0.0060357877816318451 -0.00030824516377405781 0.00016220728281380841 -0.0014760951583046016 -0.00030824516377405781
leaf_weight=5.521758571965619 1.9067935270722944 0.62640583491884072 9.4686463539255801 3.9242070331238237 11.059409697772933 1.4251810084097085 0.33439218159764994 9.2407904196297732 1.3843414072180165 60.43118682061322
leaf_count=1019 38 115 1103 523 215 85 47 422 285 7267
internal_value=7.4028e-05 -9.26475e-05 0.000185855 0.00148965 0.00442716 -0.000308245 -0.00336564 -0.000308245 -0.0043526 -0.000308245
internal_weight=105.323 103.416 96.1758 25.8774 16.4088 5.34939 7.24049 70.2984 6.9061 61.0576
internal_count=11119 11081 9730 1926 823 608 1351 7804 1304 7382
is_linear=0
shrinkage=0.03


Tree=101
num_leaves=15
num_cat=0
split_feature=1 11 8 0 1 8 1 2 7 11 3 3 3 1
split_gain=0.15935 0.112366 0.0818256 0.113032 0.109851 0.0756106 0.051272 0.0449871 0.186197 0.281414 0.121522 0.0107999 0.00626581 0.00145051
threshold=99.747155095256389 99.751205292767011 16.428133306072379 99.747155095256389 48.665306386837678 8.2762557077625569 5.3735940378956641 74.339616530638708 75.204918032786892 36.163309522277288 78.71495252913347 38.014993719386162 50.657899292931397 19.626151564416308
decision_type=2 2 2 2 2 2 2 2 2 2 2 2 2 2
left_child=1 2 4 6 5 -1 -4 -8 -9 10 -10 -7 -11 -13
right_child=-2 -3 3 -5 -6 11 7 8 9 12 -12 13 -14 -15
leaf_value=-0.0099488519804728122 0.0086915926990861706 0.0057237161182967051 -0.001272733540391085 0.0054046371358672666 -0.00021285250171483187 -0.0039009610900735342 -0.00021285250171483187 -0.00021285250171483187 -0.00021285250171483187 0.00072547373783064231 0.0054046371358672666 -0.0020125887138865307 0.0054046371358672666 -0.00021285250171483187
leaf_weight=1.4696317459456616 0.88690927228890259 1.8975185628514726 10.574877323349936 2.3382396050728849 3.6677941707894206 0.64164085709489849 42.057543527218513 28.549597661243752 1.1466103519778692 1.5905869263224284 1.9906188927125184 0.71677686949260511 7.0856026594992727 0.60505636211019009
leaf_count=267 36 38 484 37 720 146 7074 1686 97 126 51 86 150 121
internal_value=5.09428e-05 -0.000104329 -0.000266581 -2.03998e-05 -0.0031612 -0.0063932 -0.000212853 8.31156e-05 0.000862608 0.00388782 -0.000212853 -0.00127273 0.00540464 -0.00127273
internal_weight=105.219 104.332 102.435 95.3337 7.1009 3.43311 92.9954 82.4206 40.363 11.8134 3.13723 1.96347 8.67619 1.32183
internal_count=11119 11083 11045 9705 1340 620 9668 9184 2110 424 148 353 276 207
is_linear=0
shrinkage=0.03


Tree=102
num_leaves=14
num_cat=0
split_feature=1 11 8 0 1 1 8 11 2 3 1 1 1
split_gain=0.190118 0.107619 0.0640729 0.112982 0.095847 0.0790034 0.0520699 0.0413915 0.206465 0.220927 0.344382 0.0868436 0.00163146
threshold=99.747155095256389 99.751205292767011 16.428133306072379 99.747155095256389 48.665306386837678 5.3735940378956641 8.2762557077625569 35.722806893211917 93.069342801246293 63.38023088023089 29.974142942092218 29.577122275678949 29.974142942092218
decision_type=2 2 2 2 2 2 2 2 2 2 2 2 2
left_child=1 2 4 5 6 -4 -1 11 -9 10 -10 -7 -8
right_child=-2 -3 3 -5 -6 7 12 8 9 -11 -12 -13 -14
leaf_value=-0.009105564842485479 0.0093607800669882751 0.005580073330402599 -0.0025856312272961321 0.0053564771436387347 -0.00026836824268166968 -0.0025856312272961321 -0.0025856312272961321 -0.00026836824268166968 -0.00026836824268166968 0.0053564771436387347 0.0053564771436387347 -0.00026836824268166968 -0.00026836824268166968
leaf_weight=1.4226022298680612 0.93207855173386533 1.8858514335006464 10.607954947045071 2.3277783505618563 3.6654998435406014 5.5848252042196824 1.2594964543823151 48.688441856647842 2.4796016318723546 7.9462000133935362 1.4251512198243288 16.330261002178304 0.65676885901484627
leaf_count=267 36 38 484 37 720 752 221 5682 119 126 63 2442 132
internal_value=3.55854e-05 -0.000135886 -0.00029411 -7.69601e-05 -0.00287233 -0.000268368 -0.00596107 5.71631e-05 0.000597784 0.00398107 -0.000268368 -0.000268368 -0.00258563
internal_weight=105.213 104.28 102.395 95.3902 7.00437 93.0624 3.33887 82.4545 60.5394 11.851 3.90475 21.9151 1.91627
internal_count=11119 11083 11045 9705 1340 9668 620 9184 5990 308 182 3194 353
is_linear=0
shrinkage=0.03


Tree=103
num_leaves=13
num_cat=0
split_feature=1 2 1 8 4 3 1 1 4 4 10 2
split_gain=0.168588 0.0887204 0.225563 0.421541 0.185892 0.150812 0.0805179 0.0568504 0.0225857 0.0210941 0.00961623 0.00101101
threshold=99.747155095256389 74.185728420930118 29.974142942092218 86.132478632478652 75.54680025512917 82.151910106591217 85.328080153077508 4.1561616867240341 97.127859017622811 79.839779241892714 66.894977168949779 1.7039442039442041
decision_type=2 2 2 2 2 2 2 2 2 2 2 2
left_child=1 6 5 9 -5 -3 7 -1 11 -4 -7 -9
right_child=-2 2 3 4 -6 10 -8 8 -10 -11 -12 -13
leaf_value=-0.007380968190945086 0.0088675083106630036 -0.001028739625529865 0.00062619876861314309 0.00062619876861314309 0.0088675083106630036 -0.001028739625529865 0.00062619876861314309 -0.0035781596678117582 -0.001028739625529865 0.0018818092519651223 0.00062619876861314309 -0.0017682423706806079
leaf_weight=0.5708558892365535 0.92545841913670202 19.220830644364469 5.9879639341961655 1.4848906601546321 3.1538061713799834 6.5224875616840992 10.045453078811986 0.38544037169776757 1.8325611872132856 11.290565788978709 8.6645333019550872 35.045346393249929
leaf_count=95 36 1317 700 109 62 251 1499 73 68 321 142 6446
internal_value=7.1131e-05 -9.05366e-05 0.000711025 0.00302065 0.00886751 -0.000803926 -0.00102874 -0.00168106 -0.00140312 0.000626199 0.000626199 -0.00188561
internal_weight=105.13 104.205 56.3251 21.9172 4.6387 34.4079 47.8797 37.8342 37.2633 17.2785 15.187 35.4308
internal_count=11119 11083 2902 1192 171 1710 8181 6682 6587 1021 393 6519
is_linear=0
shrinkage=0.03


Tree=104
num_leaves=12
num_cat=0
split_feature=11 8 7 10 5 10 11 10 2 10 8
split_gain=0.0934586 0.0642975 0.0665228 0.346179 0.282253 0.100648 0.0454613 0.0989197 0.00812299 0.00494446 0.00345182
threshold=99.751205292767011 16.428133306072379 75.204918032786892 58.397435897435905 77.499859303772553 92.907444668008068 25.572533911748522 79.568645640074223 84.327937853981624 95.932156646442365 4.0408163265306127
decision_type=2 2 2 2 2 2 2 2 2 2 2
left_child=1 10 6 -4 5 -5 7 -3 -9 -8 -1
right_child=-2 2 3 4 -6 -7 9 8 -10 -11 -12
leaf_value=-0.0048033257970360932 0.0054309140707692379 -0.0026252420550579286 -0.00030929593352920436 -0.00030929593352920436 0.0054309140707692379 0.0054309140707692379 -0.00030929593352920436 -0.0026252420550579286 -0.00030929593352920436 0.00098181349841456244 -0.0026252420550579286
leaf_weight=1.1075944652548049 1.8875222844071675 7.8645959320710954 9.4711155106779206 3.8969158197287497 11.116570491809396 1.4184322201181201 51.157284711254761 1.9591569434851406 2.0818930363748223 7.2190297903725869 5.895577258314006
leaf_count=211 38 1493 1103 523 215 85 5638 309 56 308 1140
internal_value=0.000107631 -4.09343e-05 0.000172304 0.00144194 0.00444587 -0.000309296 -0.000309296 -0.00209192 -0.000309296 -0.000309296 -0.00262524
internal_weight=105.076 103.188 96.185 25.903 16.4319 5.31535 70.282 11.9056 4.04105 58.3763 7.00317
internal_count=11119 11081 9730 1926 823 608 7804 1858 365 5946 1351
is_linear=0
shrinkage=0.03


Tree=105
num_leaves=12
num_cat=0
split_feature=11 1 2 7 1 7 2 1 2 1 7
split_gain=0.257286 0.369794 0.446784 0.974261 0.184559 0.140919 0.311352 0.265588 0.172216 0.0322767 0.0139395
threshold=35.722806893211917 7.7734098265012719 81.891274776525464 34.738243123336296 52.686797018947836 81.322674418604663 93.069342801246293 28.771964332546556 90.97201538843386 0.97089666548839404 95.69842738205368
decision_type=2 2 2 2 2 2 2 2 2 2 2
left_child=9 -2 4 -4 10 6 7 8 -5 -1 -3
right_child=1 2 3 5 -6 -7 -8 -9 -10 -11 -12
leaf_value=-0.0076984164957638419 -0.003035590643108065 -0.003035590643108065 -0.00089473843974998953 -0.00089473843974998953 -0.00089473843974998953 0.011098783650416924 0.009525191653149313 0.005833294606805867 0.005833294606805867 -0.003035590643108065 -0.00089473843974998953
leaf_weight=0.75990775367246755 12.639029135112649 14.642369402106839 4.9527384393150014 2.7968067215988506 21.07504885038361 6.3338531847111872 7.2223292784765354 5.4642030475661159 1.1376292579807339 26.160433470853604 0.87699111807160157
leaf_count=36 555 2341 287 185 3134 187 199 243 34 3881 88
internal_value=-0.000567342 0.000321841 0.00128518 0.00407572 -0.000894738 0.00725698 0.00524618 0.00135821 -0.000894738 -0.00303559 -0.00303559
internal_weight=104.061 77.141 64.502 27.9076 36.5944 22.9548 16.621 9.39864 3.93444 26.9203 15.5194
internal_count=11170 7253 6698 1135 5563 848 661 462 219 3917 2429
is_linear=0
shrinkage=0.03


Tree=106
num_leaves=14
num_cat=0
split_feature=11 1 7 2 1 1 7 2 1 7 2 1 1
split_gain=0.181818 0.30375 0.367885 0.856127 0.511836 0.0743967 0.0731352 0.115426 0.302569 0.0589942 0.0148148 0.0147242 0.0122822
threshold=35.722806893211917 7.7734098265012719 34.150717703349287 81.891274776525464 79.467632850241557 90.330372448184519 81.322674418604663 93.069342801246293 28.771964332546556 97.752525252525274 57.628175159731974 99.463086280953632 0.97089666548839404
decision_type=2 2 2 2 2 2 2 2 2 2 2 2 2
left_child=12 -2 5 4 9 -3 7 8 -5 -4 11 -6 -1
right_child=1 2 3 6 10 -7 -8 -9 -10 -11 -12 -13 -14
leaf_value=-0.0057864674015550331 -0.0025648775470033594 -0.0025648775470033594 -0.0025648775470033594 -0.0025648775470033594 0.0038500691769026243 0.0037063134416677268 0.009327904339082687 0.0088666208909530097 0.0055017328949832339 0.0038500691769026243 0.0055017328949832339 0.0055017328949832339 -0.0025648775470033594
leaf_weight=0.69893011590469356 12.546285294927655 10.764148296322668 19.951171880937203 3.9299330983776724 5.6806621643481758 1.1532467876095331 6.4604630750836796 7.3256728386040768 5.5737887849099934 1.1263210966717441 2.0335557907819748 0.66193102742545296 25.8999892140273
leaf_count=36 555 1454 3089 219 879 138 187 199 243 127 141 22 3881
internal_value=-0.000474488 0.000269266 0.0011541 0.00224977 -0.00115267 -0.00256488 0.00642299 0.00493908 0.00493908 -0.00256488 0.00493908 0.00385007 -0.00256488
internal_weight=103.806 77.2072 64.6609 52.7435 29.4536 11.9174 23.2899 16.8294 9.50372 21.0775 8.37615 6.34259 26.5989
internal_count=11170 7253 6698 5106 4258 1592 848 661 462 3216 1042 901 3917
is_linear=0
shrinkage=0.03


Tree=107
num_leaves=10
num_cat=0
split_feature=1 11 2 1 9 1 10 11 1
split_gain=0.175081 0.29165 0.276286 0.46054 0.235057 0.136417 0.0896162 0.316082 0.0564771
threshold=7.7734098265012719 35.722806893211917 81.891274776525464 79.467632850241557 95.932156646442365 12.108993157380256 95.275297619047635 94.57258159538118 52.686797018947836
decision_type=2 2 2 2 2 2 2 2 2
left_child=6 -2 3 8 5 -4 7 -1 -3
right_child=1 2 4 -5 -6 -7 -8 -9 -10
leaf_value=-0.0086074856668605614 -0.0027676202474135156 -0.0027676202474135156 -0.0027314374494547306 0.0032712740829694059 0.012867780038273475 0.0032712740829694059 -0.0027676202474135156 -0.0027676202474135156 -0.00053976474978601006
leaf_weight=10.269454417168165 22.830134114250541 15.352456791442821 3.3971913554705777 10.321718816063365 1.4133484326302994 23.585262694628909 3.0958079176489255 2.6757268656510851 10.784962492529301
leaf_count=686 3653 2429 144 1343 36 955 61 72 1791
internal_value=-0.000462651 7.72299e-05 0.00110549 -0.000623608 0.00327127 0.00327127 -0.00324516 -0.00533893 -0.00276762
internal_weight=103.726 87.6851 64.8549 36.4591 28.3958 26.9825 16.041 12.9452 26.1374
internal_count=11170 10351 6698 5563 1135 1099 819 758 4220
is_linear=0
shrinkage=0.03


Tree=108
num_leaves=15
num_cat=0
split_feature=11 1 1 2 1 9 1 2 1 9 2 1 1 11
split_gain=0.150886 0.293891 0.180135 0.349927 0.210417 0.175394 0.0560601 0.0900264 0.128558 0.213892 0.0217671 0.0171831 0.00639289 0.0178766
threshold=35.722806893211917 98.657715702384053 7.7734098265012719 74.339616530638708 79.467632850241557 95.932156646442365 12.108993157380256 97.163839211098136 28.771964332546556 76.975051975051997 57.628175159731974 88.802985074626875 47.08088916332202 23.125404845187202
decision_type=2 2 2 2 2 2 2 2 2 2 2 2 2 2
left_child=12 2 -2 4 -4 6 -5 8 -8 -10 11 -6 13 -1
right_child=1 -3 3 5 10 -7 7 -9 9 -11 -12 -13 -14 -15
leaf_value=-0.0042698244787024693 -0.0022932781780097425 0.010188566931090865 -0.0022932781780097425 -0.0011547489564231309 -0.00089093563086335844 0.010188566931090865 -0.00080391685814985619 0.0072979624099623296 0.0023734552888264905 0.0072979624099623296 0.0023734552888264905 0.0017737402011378874 -0.0022932781780097425 -0.0022932781780097425
leaf_weight=7.2833318714983779 12.112871577730401 1.6128662470728148 22.691320171230476 3.6549873366020647 3.1872291462495905 1.5186599399894465 10.017276019905699 2.6073295569512984 12.968231866601853 1.5532369764987368 1.7423575464636085 3.7312426432035863 13.187969138380138 5.8701204633107409
leaf_count=1067 555 86 3865 171 516 52 485 65 636 113 147 562 2207 643
internal_value=-0.000376876 0.000296283 -4.41945e-05 0.000638267 -0.00159525 0.00278777 0.00237346 0.0025445 0.00237346 0.00348862 0.00237346 0.00058868 -0.00229328 -0.00317537
internal_weight=103.739 77.3976 75.7847 63.6719 31.3521 32.3197 30.8011 27.1461 24.5387 14.5215 8.66083 6.91847 26.3414 13.1535
internal_count=11170 7253 7167 6612 5090 1522 1470 1299 1234 749 1225 1078 3917 1710
is_linear=0
shrinkage=0.03


Tree=109
num_leaves=10
num_cat=0
split_feature=11 1 2 1 9 1 9 1 1
split_gain=0.147945 0.210724 0.267041 0.350951 0.205287 0.121494 0.0326814 0.0194532 0.00518943
threshold=35.722806893211917 7.7734098265012719 81.891274776525464 79.467632850241557 95.932156646442365 12.108993157380256 97.27878563495004 52.686797018947836 0.97089666548839404
decision_type=2 2 2 2 2 2 2 2 2
left_child=8 -2 3 6 5 -4 7 -3 -1
right_child=1 2 4 -5 -6 -7 -8 -9 -10
leaf_value=-0.0048575529411434984 -0.0023598010611693794 -0.0023598010611693794 -0.0023598010611693794 0.0030344269746249643 0.011894507629238205 0.0030344269746249643 0.0027265097590191824 -0.00075750894781339553 -0.0023598010611693794
leaf_weight=0.64121364871972986 12.056249053101054 14.976240600110044 3.4124044785276153 10.637666566413825 1.4708751367870707 23.793638864997774 0.44686755398288269 10.520101095433345 25.632297362782992
leaf_count=36 555 2379 144 1343 36 955 89 1752 3881
internal_value=-0.000459767 0.000207806 0.000917175 -0.000779185 0.00303443 0.00303443 -0.0023598 -0.0023598 -0.0023598
internal_weight=103.588 77.314 65.2578 36.5809 28.6769 27.206 25.9432 25.4963 26.2735
internal_count=11170 7253 6698 5563 1135 1099 4220 4131 3917
is_linear=0
shrinkage=0.03


Tree=110
num_leaves=13
num_cat=0
split_feature=1 11 8 11 8 4 11 9 9 9 11 1
split_gain=0.149873 0.201931 0.197213 0.279183 0.172288 0.196233 0.114531 0.0565719 0.0688653 0.0408786 0.026306 0.0124811
threshold=29.577122275678949 99.751205292767011 87.585616438356183 77.692125237191661 27.33499377334994 49.466632531148669 6.6157018362900724 75.598290598290603 81.881313131313149 49.683544303797476 23.918887330528289 13.292128445581133
decision_type=2 2 2 2 2 2 2 2 2 2 2 2
left_child=4 2 8 7 11 -6 -7 10 -2 -5 -4 -1
right_child=1 -3 3 9 5 6 -8 -9 -10 -11 -12 -13
leaf_value=-0.010919222128258564 -0.00064774795537685668 0.010127009739183679 -0.00064774795537685668 0.0033676431596651214 -0.006705647837848122 -0.006705647837848122 -0.00064774795537685668 0.0036425279085226941 0.0017917336681744554 0.010127009739183679 0.0019962235697148041 -0.006705647837848122
leaf_weight=2.165373249910771 39.639344513532706 0.90645288396626611 1.4493179868441055 2.3413798629771918 3.0532094078371292 1.0053468632977445 33.672382295248099 1.8476966363377867 9.4852297940524277 2.223896421957761 4.0586185215506703 2.4432831155136228
leaf_count=314 5455 17 143 127 646 90 1855 175 1449 102 473 402
internal_value=-0.000428119 0.000511235 0.000207534 0.0035094 -0.00178268 -0.00102375 -0.000647748 -0.000287943 -0.000647748 0.0085801 -0.000647748 -0.00670565
internal_weight=104.292 61.9519 61.0455 11.9209 42.3396 37.7309 34.6777 7.35563 49.1246 4.56528 5.50794 4.60866
internal_count=11248 7941 7924 1020 3307 2591 1945 791 6904 229 616 716
is_linear=0
shrinkage=0.03


Tree=111
num_leaves=12
num_cat=0
split_feature=1 11 8 11 8 4 11 9 9 11 9
split_gain=0.104168 0.204665 0.171351 0.243998 0.128634 0.135648 0.0781646 0.0489421 0.065472 0.0268505 0.0265022
threshold=29.577122275678949 99.751205292767011 87.585616438356183 77.692125237191661 25.176056338028172 49.466632531148669 6.6157018362900724 75.598290598290603 81.881313131313149 23.918887330528289 49.683544303797476
decision_type=2 2 2 2 2 2 2 2 2 2 2
left_child=4 2 8 7 -1 -6 -7 9 -2 -4 -5
right_child=1 -3 3 10 5 6 -8 -9 -10 -11 -12
leaf_value=-0.0060900770141983735 -0.00072045586006651144 0.010040432723527459 -0.00072045586006651144 0.0033254139039302524 -0.0060900770141983735 -0.0060900770141983735 -0.00072045586006651144 0.0032718979507323251 0.0016542090453247032 0.0018859539560955453 0.010040432723527459
leaf_weight=3.9786234273342407 39.711976030957885 0.91272456152364512 1.4403968300903196 2.3481383975595236 3.0113731616875148 0.97799615375697513 34.157999787130393 1.8526928736828265 9.5414981697685999 4.0564305908046663 2.2478618768509477
leaf_count=669 5455 17 143 127 658 91 1889 175 1449 473 102
internal_value=-0.000404221 0.000376794 7.3563e-05 0.0031502 -0.00153781 -0.000919581 -0.000720456 -0.000391804 -0.000720456 -0.000720456 0.00787211
internal_weight=104.238 62.1117 61.199 11.9455 42.126 38.1474 35.136 7.34952 49.2535 5.49683 4.596
internal_count=11248 7941 7924 1020 3307 2638 1980 791 6904 616 229
is_linear=0
shrinkage=0.03


Tree=112
num_leaves=13
num_cat=0
split_feature=1 11 8 11 8 1 8 9 9 9 11 8
split_gain=0.0791446 0.139489 0.157132 0.244398 0.0913505 0.146326 0.0789613 0.0666147 0.057272 0.026953 0.00764686 0.0039442
threshold=29.577122275678949 99.751205292767011 87.585616438356183 79.839779241892714 47.434210526315795 24.843500988079303 42.146381578947377 75.598290598290603 81.881313131313149 49.683544303797476 23.918887330528289 33.105022831050228
decision_type=2 2 2 2 2 2 2 2 2 2 2 2
left_child=4 2 8 7 5 6 11 10 -2 -5 -4 -1
right_child=1 -3 3 9 -6 -7 -8 -9 -10 -11 -12 -13
leaf_value=-0.0079245631259510733 -0.00068856136076689701 0.0082019456439885903 -0.00068856136076689701 0.0029272220666243481 -0.00068856136076689701 -0.00068856136076689701 -0.00068856136076689701 0.0038117438710169138 0.0015323793504139595 0.0082019456439885903 0.0014244725116816606 -0.0028903658962659332
leaf_weight=4.6368811117717978 39.686008695745841 0.96140127116814156 1.4408381856046597 2.3026956110261381 32.617633240879513 1.6623488897457717 1.2401324352249501 2.0252960715442896 9.5459831109037605 2.0347070945426822 4.1830510173458606 1.8288833188125861
leaf_count=699 5455 17 143 115 2057 229 111 181 1449 92 489 211
internal_value=-0.000352939 0.000326606 7.30913e-05 0.00301353 -0.00134351 -0.00381165 -0.0058652 -0.000376319 -0.000688561 0.00794212 -0.000688561 -0.00707849
internal_weight=104.166 62.18 61.2186 11.9866 41.9859 9.36825 7.7059 7.64919 49.232 4.3374 5.62389 6.46576
internal_count=11248 7941 7924 1020 3307 1250 1021 813 6904 207 632 910
is_linear=0
shrinkage=0.03


Tree=113
num_leaves=10
num_cat=0
split_feature=1 8 4 8 1 8 1 1 1
split_gain=0.127188 0.178768 0.30974 0.117126 0.177151 0.0638893 0.110735 0.0352857 0.0323883
threshold=29.577122275678949 87.585616438356183 53.06145069274654 47.434210526315795 24.843500988079303 33.105022831050228 3.375058676263496 35.614904434004771 80.213941981108476
decision_type=2 2 2 2 2 2 2 2 2
left_child=3 8 -3 4 5 -1 -7 -4 -2
right_child=1 2 7 -5 -6 6 -8 -9 -10
leaf_value=-0.0086539133788021798 -0.00070256489931456913 -0.00029901466754799638 0.00046447136509586895 -0.00070256489931456913 -0.00070256489931456913 -0.0086539133788021798 -0.00070256489931456913 0.0074534019768978223 -0.00029901466754799638
leaf_weight=4.5325602291850355 36.100995933520608 3.8220903993351376 0.85355331958271374 32.474174639792182 1.6605172185227273 0.51080630137585137 2.5013779866276309 7.5244173982646316 14.099137168261221
leaf_count=699 4939 658 41 2057 229 34 288 321 1982
internal_value=-0.000343839 0.000512137 0.00361962 -0.00160733 -0.00441755 -0.00663551 -0.00219842 0.00686682 -0.000299015
internal_weight=104.08 62.4002 12.2001 41.6794 9.20526 7.54474 3.01218 8.37797 50.2001
internal_count=11248 7941 1020 3307 1250 1021 322 362 6921
is_linear=0
shrinkage=0.03


Tree=114
num_leaves=14
num_cat=0
split_feature=1 11 8 9 11 4 8 1 8 1 11 9 1
split_gain=0.113243 0.130892 0.128601 0.178403 0.102754 0.0989762 0.116284 0.153558 0.0173089 0.0785427 0.013573 0.0161542 0.00455268
threshold=29.577122275678949 99.751205292767011 93.166251556662516 75.171232876712352 23.918887330528289 25.606810415930251 47.434210526315795 18.821805084522968 25.176056338028172 1.7305976261200144 78.767909688419564 79.205974842767304 10.559600137436551
decision_type=2 2 2 2 2 2 2 2 2 2 2 2 2
left_child=5 2 10 4 -4 -1 7 8 -7 -10 -2 -12 -11
right_child=1 -3 3 -5 -6 6 -8 -9 9 12 11 -13 -14
leaf_value=-0.0075466850243427353 -0.00034368486984809099 0.0080712969634100292 -0.00034368486984809099 0.0080712969634100292 0.003646613525135262 -0.0075466850243427353 -0.00034368486984809099 -0.00034368486984809099 -0.0075466850243427353 -0.0017214515039926223 -0.00034368486984809099 0.002571232056708395 -0.00034368486984809099
leaf_weight=1.380557040683924 38.2720082977321 0.96339562768116493 0.62193394848145445 2.1437685498967767 4.9657253727782518 2.2708676778711361 31.522082111332566 3.2429922202136368 0.55537814577110145 1.4136128664249556 13.35971322620753 2.1765967742539933 1.1872850580839438
leaf_count=296 5882 17 67 151 393 392 1891 420 28 155 1188 243 125
internal_value=-0.000361739 0.000444759 0.000198217 0.0035771 0.000258942 -0.00155624 -0.00117227 -0.00405303 -0.00684162 -0.00327825 -0.000343685 0.00051995 -0.000343685
internal_weight=104.076 62.5031 61.5397 7.73143 5.58766 41.5728 40.1922 8.67014 5.42714 3.15628 53.8083 15.5363 2.6009
internal_count=11248 7941 7924 611 460 3307 3011 1120 700 308 7313 1431 280
is_linear=0
shrinkage=0.03


Tree=115
num_leaves=11
num_cat=0
split_feature=0 1 1 7 8 8 8 3 3 8
split_gain=0.0811377 0.0936318 0.0426035 0.190354 0.265261 0.257885 0.0905245 0.298743 0.0700042 0.0142994
threshold=99.747155095256389 99.747155095256389 18.821805084522968 49.151567443198168 70.074626865671661 30.895721925133692 94.78221415607986 71.639966427033542 61.396532803622783 13.136324417601381
decision_type=2 2 2 2 2 2 2 2 2 2
left_child=1 2 3 4 -1 -5 9 -8 -6 -4
right_child=-2 -3 6 5 8 -7 7 -9 -10 -11
leaf_value=-0.0089008178026167735 0.0045284287196230176 0.0045284287196230176 -0.0019229718982737853 -0.0089008178026167735 -0.0068479317190699215 1.627126674952011e-05 1.627126674952011e-05 0.0045284287196230176 1.627126674952011e-05 1.627126674952011e-05
leaf_weight=4.8222887979354736 2.3262735665775827 0.99224050063639779 4.7346826163120559 1.5008866717107654 0.73737259861081872 18.337499896530062 2.823059639777056 3.5449502333067358 1.9181066602468488 63.383274407940917
leaf_count=516 38 41 910 217 88 1096 391 120 99 7633
internal_value=-8.47436e-05 -0.000231764 -0.000360062 -0.00135059 -0.00512651 1.62713e-05 1.62713e-05 0.00334156 1.62713e-05 1.62713e-05
internal_weight=105.121 102.794 101.802 27.3162 7.47777 19.8384 74.486 6.36801 2.65548 68.118
internal_count=11149 11111 11070 2016 703 1313 9054 511 187 8543
is_linear=0
shrinkage=0.03


Tree=116
num_leaves=10
num_cat=0
split_feature=0 1 1 5 7 8 5 7 3
split_gain=0.0714595 0.0846545 0.0388029 0.225115 0.31639 0.197529 0.190089 0.102363 0.00492782
threshold=99.747155095256389 99.747155095256389 29.577122275678949 83.761810591078898 86.285266457680265 94.78221415607986 79.467632850241557 29.459980713596917 65.765520357180833
decision_type=2 2 2 2 2 2 2 2 2
left_child=1 2 3 4 8 -4 -7 -5 -1
right_child=-2 -3 5 7 -6 6 -8 -9 -10
leaf_value=-0.0070149842996516673 0.0043125370545515256 0.0043125370545515256 0.00020527790682944605 -0.0049451554285078964 0.00020527790682944605 0.00020527790682944605 0.0043125370545515256 0.00020527790682944605 -0.0049451554285078964
leaf_weight=10.225221688742744 2.3396442905068389 0.98897974169812997 56.134253373020329 2.9251011982560291 3.4227000398095688 2.6610742448829106 2.7612073891796172 21.368841853342019 2.3472736288094902
leaf_count=1691 38 41 7407 183 262 384 58 715 370
internal_value=-6.9654e-06 -0.000145827 -0.000268925 -0.000980869 -0.00371159 0.000205278 0.00431254 0.000205278 -0.00613458
internal_weight=105.174 102.835 101.846 40.2891 15.9952 61.5565 5.42228 24.2939 12.5725
internal_count=11149 11111 11070 3221 2323 7849 442 898 2061
is_linear=0
shrinkage=0.03


Tree=117
num_leaves=10
num_cat=0
split_feature=0 1 7 5 8 1 1 8 1
split_gain=0.063559 0.0805239 0.0204432 0.100111 0.198761 0.243873 0.0379125 0.0263963 0.0131254
threshold=99.747155095256389 99.747155095256389 29.459980713596917 77.889504367653487 47.100840336134461 5.3735940378956641 18.023943983343319 96.899038461538467 17.209745474343276
decision_type=2 2 2 2 2 2 2 2 2
left_child=1 2 6 8 -5 -6 -1 -7 -4
right_child=-2 -3 3 4 5 7 -8 -9 -10
leaf_value=-0.0039938611342092249 0.0041238866521716771 0.0041238866521716771 -0.0025880887625053853 -0.0011191192232648795 -0.0011191192232648795 0.0025439290721524289 -0.0011191192232648795 0.0041238866521716771 -0.0011191192232648795
leaf_weight=3.2880048557417441 2.3257682053372255 0.99282317492179473 5.0547184947645283 6.9273235043510786 6.8448460921645156 30.200373933301307 12.148990300949661 2.6763295724522314 34.62697745708283
leaf_count=375 38 41 828 512 199 1129 1813 63 6151
internal_value=4.18407e-05 -8.94018e-05 -0.000211316 -2.63789e-05 0.000907135 0.00191861 -0.00118104 0.00307709 -0.00111912
internal_weight=105.086 102.76 101.768 86.3306 46.6489 39.7215 15.437 32.8767 39.6817
internal_count=11149 11111 11070 8882 1903 1391 2188 1192 6979
is_linear=0
shrinkage=0.03


Tree=118
num_leaves=14
num_cat=0
split_feature=1 11 11 3 8 8 5 1 3 9 1 2 2
split_gain=0.0416781 0.26539 0.0650432 0.132228 0.120067 0.0301219 0.029367 0.101114 0.0986919 0.0956564 0.0178498 0.0711327 0.00570728
threshold=85.328080153077508 97.94870446222528 29.423624288425053 96.791420911528164 94.482496194824975 4.0408163265306127 75.54680025512917 29.577122275678949 61.79616570701517 95.932156646442365 38.014993719386162 98.549595206221724 81.891274776525464
decision_type=2 2 2 2 2 2 2 2 2 2 2 2 2
left_child=5 2 -2 4 12 10 7 8 9 11 -1 -7 -4
right_child=1 -3 3 -5 -6 6 -8 -9 -10 -11 -12 -13 -14
leaf_value=-0.0057445168140349894 -0.00018696227458295771 0.011446762071240412 -0.00018696227458295771 0.0082689262636442429 0.0079857837768995826 -0.0057445168140349894 -0.00018696227458295771 -0.00018696227458295771 -0.00018696227458295771 -0.00018696227458295771 -0.00018696227458295771 -0.00018696227458295771 0.0029693389993694047
leaf_weight=0.4001114604761814 3.3691019564867011 1.0853476645424951 6.4097377640428004 1.46245487825945 0.64283539587631811 8.5481771818594936 53.298160350765102 26.421488671796396 1.3136720048496489 0.45556693931575942 0.46225852437783033 0.46678813267499286 0.63762969849631179
leaf_count=72 543 31 968 43 65 1539 2413 4977 267 81 103 19 28
internal_value=4.89879e-05 0.00153764 -0.000104281 0.00221687 0.000246861 -0.000186962 -0.000186962 -0.00102835 -0.00335249 -0.00400473 -0.00400473 -0.00400473 -0.000186962
internal_weight=104.973 13.6071 12.5218 9.15266 7.6902 91.3662 90.5039 37.2057 10.7842 9.47053 0.86237 9.01497 7.04737
internal_count=11149 1678 1647 1104 1061 9471 9296 6883 1906 1639 175 1558 996
is_linear=0
shrinkage=0.03


Tree=119
num_leaves=9
num_cat=0
split_feature=0 1 1 9 2 8 2 2
split_gain=0.0645563 0.0765001 0.0284312 0.205617 0.336224 0.0549549 0.280234 0.0280896
threshold=99.747155095256389 99.747155095256389 18.821805084522968 28.918128654970761 94.952465250458971 94.78221415607986 70.772033424845176 90.97201538843386
decision_type=2 2 2 2 2 2 2 2
left_child=1 2 3 4 -1 -4 -7 -5
right_child=-2 -3 5 7 -6 6 -8 -9
leaf_value=-0.0093848605201566574 0.0041737840746127776 0.0041737840746127776 0.00011954832772625912 -0.0017417030661459165 0.00011954832772625912 0.00011954832772625912 0.0041737840746127776 0.00011954832772625912
leaf_weight=4.7862511010607722 2.3375440910458556 0.98254627245478232 68.372592399944551 9.0111682262504491 3.3599912612698972 3.218910078983753 3.1864726967178285 9.6058995786588621
leaf_count=497 38 41 8543 1061 92 402 109 366
internal_value=6.76146e-05 -6.54189e-05 -0.000183321 -0.00100338 -0.00478577 0.000119548 0.00270427 0.000119548
internal_weight=104.861 102.524 101.541 26.7633 8.14624 74.778 6.40538 18.6171
internal_count=11149 11111 11070 2016 589 9054 511 1427
is_linear=0
shrinkage=0.03


Tree=120
num_leaves=8
num_cat=0
split_feature=2 10 7 1 2 9 9
split_gain=0.137229 0.560263 0.0788957 0.0376108 0.0708466 0.0802315 0.00742724
threshold=97.12394219858642 82.710597826086968 66.369047619047635 28.771964332546556 94.348007246376824 53.896761133603242 95.932156646442365
decision_type=2 2 2 2 2 2 2
left_child=3 2 -2 4 5 -1 -7
right_child=1 -3 -4 -5 -6 6 -8
leaf_value=-0.0042958724465257149 -0.00076570999970621662 0.01160362869663694 0.0045647112050715604 -0.00076570999970621662 -0.00076570999970621662 -0.0015609893991118688 -0.00076570999970621662
leaf_weight=12.75922113703564 3.6654252121224982 3.1940636178478599 2.4336311507504433 62.107826889608987 8.5302323405630869 10.671168725006281 1.4299347606720392
leaf_count=1485 138 45 49 7961 301 1085 132
internal_value=-0.000418152 0.00288084 -0.00076571 -0.00076571 -0.00176637 -0.00272017 -0.000857685
internal_weight=104.792 9.29312 6.09906 95.4984 33.3906 24.8603 12.1011
internal_count=11196 232 187 10964 3003 2702 1217
is_linear=0
shrinkage=0.03


Tree=121
num_leaves=8
num_cat=0
split_feature=2 11 0 7 1 9 9
split_gain=0.112058 0.293176 0.480463 0.249993 0.0618335 0.0404692 0.0111107
threshold=93.069342801246293 42.18189832500736 89.272216046557261 87.138130686517798 28.771964332546556 95.932156646442365 27.33499377334994
decision_type=2 2 2 2 2 2 2
left_child=4 -2 3 -3 5 6 -1
right_child=1 2 -4 -5 -6 -7 -8
leaf_value=-0.0042883836293148223 -0.00096906320784932839 -0.00096906320784932839 0.0070809093509847602 0.0070809093509847602 -0.00096906320784932839 -0.00096906320784932839 -0.0023169265115050362
leaf_weight=5.7809102238388794 6.4667129183653769 5.0602168629411635 11.820841034408657 1.1280942743178455 57.577058906434104 1.4097099452046666 15.611104562529361
leaf_count=707 293 267 176 38 7804 128 1783
internal_value=-0.000429017 0.00131292 0.00360357 -0.000969063 -0.000969063 -0.00251099 -0.00301741
internal_weight=104.855 24.4759 18.0092 6.18831 80.3788 22.8017 21.392
internal_count=11196 774 481 305 10422 2618 2490
is_linear=0
shrinkage=0.03


Tree=122
num_leaves=8
num_cat=0
split_feature=2 10 7 11 2 1 1
split_gain=0.128481 0.439188 0.393388 0.026718 0.0120256 0.00544466 0.00576777
threshold=97.12394219858642 61.9382964453387 62.645348837209305 21.975186649099694 92.176725846080686 29.974142942092218 7.7734098265012719
decision_type=2 2 2 2 2 2 2
left_child=3 -2 -3 4 5 -1 -6
right_child=1 2 -4 -5 6 -7 -8
leaf_value=-0.0037269686490937685 -0.00072373999560413781 0.0002973799694211999 0.014193028112313212 -0.00072373999560413781 -0.003320358747822215 -0.0017388812537548284 -0.00072373999560413781
leaf_weight=2.3202240655664346 2.9699648611713183 3.5212616927456111 2.9276962769217789 81.434923107386567 0.5601201863028098 10.057063232874496 0.98400522163137794
leaf_count=490 126 67 39 8586 38 1769 81
internal_value=-0.00038493 0.0027854 0.00766422 -0.00072374 -0.00200695 -0.00236231 -0.00072374
internal_weight=104.775 9.41892 6.44896 95.3563 13.9214 12.3773 1.54413
internal_count=11196 232 106 10964 2378 2259 119
is_linear=0
shrinkage=0.03


Tree=123
num_leaves=9
num_cat=0
split_feature=2 10 0 1 1 9 0 9
split_gain=0.0847817 0.327603 0.564073 0.149344 0.0532133 0.0356354 0.0167711 0.0164564
threshold=93.069342801246293 79.568645640074223 89.272216046557261 22.469257795344756 28.771964332546556 27.33499377334994 97.93545293498677 95.932156646442365
decision_type=2 2 2 2 2 2 2 2
left_child=4 6 3 -3 5 -1 -2 -7
right_child=1 2 -4 -5 -6 7 -8 -9
leaf_value=-0.0042132650357940317 -0.00087363485937604871 -0.00087363485937604871 0.010347424856562749 0.0077147578404142807 -0.00087363485937604871 -0.0020216750704297017 0.0014233124159202439 -0.00087363485937604871
leaf_weight=5.7571741715073612 11.476961714448406 1.5227165182586744 6.1847156970761716 1.6380794921424238 57.497737542260438 15.464819342363628 3.7925684819929311 1.4003612538799632
leaf_count=707 528 60 71 41 7804 1783 74 128
internal_value=-0.000401783 0.00110821 0.00531492 -0.000873635 -0.000873635 -0.0023088 -0.000873635 -0.00145924
internal_weight=104.735 24.615 9.34551 3.1608 80.1201 22.6224 15.2695 16.8652
internal_count=11196 774 172 101 10422 2618 602 1911
is_linear=0
shrinkage=0.03


Tree=124
num_leaves=9
num_cat=0
split_feature=2 10 11 11 1 9 11 9
split_gain=0.0969515 0.327657 0.277787 0.183162 0.0406402 0.0527393 0.0414662 0.00981453
threshold=93.069342801246293 79.568645640074223 53.276004402861865 96.887154296480745 28.771964332546556 27.33499377334994 99.751205292767011 95.932156646442365
decision_type=2 2 2 2 2 2 2 2
left_child=4 3 -3 -2 5 -1 -6 -7
right_child=1 2 -4 -5 6 7 -8 -9
leaf_value=-0.0044365703629113953 -0.00088583949759764736 -0.00088583949759764736 0.0087193350491591697 0.0071579082870988795 -0.00088583949759764736 -0.0017064801596024116 0.0042878825959790567 -0.00088583949759764736
leaf_weight=5.6788944490253952 13.584072904894127 3.3035987452603859 6.1712736871559173 1.6607114044018096 56.541003733989783 15.368394269607963 1.0164062068797637 1.401440939400344
leaf_count=707 571 88 84 31 7787 1783 17 128
internal_value=-0.000379487 0.00123007 0.00537675 -0.000885839 -0.000885839 -0.0021481 -0.000885839 -0.00116708
internal_weight=104.726 24.7197 9.47487 15.2448 80.0061 22.4487 57.5574 16.7698
internal_count=11196 774 172 602 10422 2618 7804 1911
is_linear=0
shrinkage=0.03


Tree=125
num_leaves=11
num_cat=0
split_feature=2 11 9 9 8 9 2 9 1 5
split_gain=0.0622092 0.0490198 0.0440289 0.0398452 0.0146293 0.0525975 0.0249799 0.251022 0.362661 0.102765
threshold=99.188495425809336 5.6048780487804892 88.643420109863868 2.0620748299319733 49.657534246575345 76.376262626262644 76.127016344407664 59.861111111111121 10.128226204175574 59.414824278663758
decision_type=2 2 2 2 2 2 2 2 2 2
left_child=1 2 -1 -3 5 -5 -6 -8 -9 -10
right_child=-2 3 -4 4 6 -7 7 8 9 -11
leaf_value=-0.0060796621198898771 0.0053449616603458618 -0.0050809731292475648 -0.00045285938618951831 -0.0021315903694553392 -1.5411274280943364e-05 -1.5411274280943364e-05 -1.5411274280943364e-05 -1.5411274280943364e-05 -1.5411274280943364e-05 0.0053449616603458618
leaf_weight=1.721701140282675 0.62053381325676937 0.65341981267556448 1.5669543079566208 19.680372540024113 32.238456628634594 8.0420195577898976 26.478166208835319 4.0964625284541389 1.088848874089307 8.3725505638867599
leaf_count=298 19 99 292 3010 4747 1188 1000 146 183 213
internal_value=-0.000505982 -0.000591514 -0.00374001 -0.000452859 -0.000372609 -0.000452859 -1.54113e-05 0.000724767 0.00411534 0.00534496
internal_weight=104.559 103.939 3.28866 100.65 99.9969 27.7224 72.2745 40.036 13.5579 9.4614
internal_count=11195 11176 590 10586 10487 4198 6289 1542 542 396
is_linear=0
shrinkage=0.03


Tree=126
num_leaves=7
num_cat=0
split_feature=2 8 1 1 2 4
split_gain=0.0561819 0.0315169 0.0457451 0.0184192 0.00944465 0.022736
threshold=99.188495425809336 4.0408163265306127 38.014993719386162 99.747155095256389 58.525733525733536 53.06145069274654
decision_type=2 2 2 2 2 2
left_child=1 2 -1 4 -3 -6
right_child=-2 3 -4 -5 5 -7
leaf_value=-0.007624263113906648 0.0050799462702101443 -0.00048314024391401281 -0.00048314024391401281 0.0025949651441478849 -0.00048314024391401281 0.00021600463454984876
leaf_weight=0.38518495741300174 0.62087456695735355 35.004608874907717 0.63312798109836876 0.77426740992814203 7.3635978107340625 59.69895577384159
leaf_count=67 19 6327 140 35 1364 3243
internal_value=-0.000479638 -0.000561002 -0.004289 -0.00048314 -0.00048314 -0.000120028
internal_weight=104.481 103.86 1.01831 102.841 102.067 67.0626
internal_count=11195 11176 207 10969 10934 4607
is_linear=0
shrinkage=0.03


Tree=127
num_leaves=12
num_cat=0
split_feature=2 11 8 2 8 3 9 1 1 3 9
split_gain=0.053291 0.0321965 0.0367822 0.0310526 0.0229167 0.0625432 0.0861112 0.0928881 0.0209406 0.216632 0.000651343
threshold=99.188495425809336 5.6048780487804892 4.0408163265306127 1.7039442039442041 49.657534246575345 79.839779241892714 96.178188899707905 84.554903776885894 85.328080153077508 92.638025726261034 88.643420109863868
decision_type=2 2 2 2 2 2 2 2 2 2 2
left_child=1 10 -3 -4 5 6 7 -5 -6 -10 -1
right_child=-2 2 3 4 8 -7 -8 -9 9 -11 -12
leaf_value=-0.00510162577468758 0.0049417528927456289 -0.0031316585301190119 -0.0031316585301190119 -0.0031316585301190119 4.3821027231896416e-07 4.3821027231896416e-07 4.3821027231896416e-07 4.3821027231896416e-07 4.3821027231896416e-07 0.0049417528927456289 -0.0031316585301190119
leaf_weight=1.6782034289790311 0.61625367240048845 0.97310082684270938 0.62829696200787921 15.891489878296861 64.007991768768989 7.1738030795240766 1.2556389048695553 2.4748342997627324 5.5263415558729303 2.6671422030776739 1.5578650872921569
leaf_count=298 19 195 126 2717 5371 663 172 481 771 90 292
internal_value=-0.000481646 -0.000560665 -0.000447951 -0.000357063 -0.000281342 -0.0010133 -0.00202804 -0.00289495 4.3821e-07 0.00143222 -0.00313166
internal_weight=104.451 103.835 100.599 99.6255 98.9972 26.7958 19.622 18.3663 72.2015 8.19348 3.23607
internal_count=11195 11176 10586 10391 10265 4033 3370 3198 6232 861 590
is_linear=0
shrinkage=0.03


Tree=128
num_leaves=9
num_cat=0
split_feature=2 8 1 1 2 11 11 11
split_gain=0.0489938 0.0286759 0.0450813 0.0145625 0.00820356 0.0536736 0.0174127 0.00110398
threshold=99.188495425809336 4.0408163265306127 38.014993719386162 99.747155095256389 58.525733525733536 99.751205292767011 23.125404845187202 78.767909688419564
decision_type=2 2 2 2 2 2 2 2
left_child=1 2 -1 4 -3 6 -6 -8
right_child=-2 3 -4 -5 5 -7 7 -9
leaf_value=-0.0074523902456086347 0.0047414495576270886 -0.00046225170198425892 -0.00046225170198425892 0.0022798111370071943 -0.00046225170198425892 0.0022798111370071943 -3.3768431757212806e-05 0.00022718098348051467
leaf_weight=0.37909172172658034 0.61500799539498885 34.96261673187837 0.63039428077172488 0.7715282819699486 8.2243004903430101 1.4023977415636171 31.940597179578617 25.524352801265195
leaf_count=67 19 6327 140 35 959 24 2519 1105
internal_value=-0.000460653 -0.000536398 -0.00410044 -0.000462252 -0.000462252 -0.000124137 -0.000309161 8.40414e-05
internal_weight=104.45 103.835 1.00949 102.826 102.054 67.0916 65.6893 57.4649
internal_count=11195 11176 207 10969 10934 4607 4583 3624
is_linear=0
shrinkage=0.03


Tree=129
num_leaves=9
num_cat=0
split_feature=2 8 1 1 2 11 11 11
split_gain=0.0478053 0.0279912 0.0447809 0.0139258 0.007612 0.0388145 0.0180314 0.00120623
threshold=99.188495425809336 4.0408163265306127 38.014993719386162 99.747155095256389 58.525733525733536 99.751205292767011 23.125404845187202 78.767909688419564
decision_type=2 2 2 2 2 2 2 2
left_child=1 2 -1 4 -3 6 -6 -8
right_child=-2 3 -4 -5 5 -7 7 -9
leaf_value=-0.0074275230838501977 0.0046598300228071357 -0.00047851892161377346 -0.00047851892161377346 0.0022072112412064217 -0.00047851892161377346 0.0022072112412064217 -3.7697061781040809e-05 0.00023497038757566718
leaf_weight=0.37751935818232485 0.61681688111275335 34.950646973331459 0.63024704053532332 0.76929489942267437 8.2192849008133617 1.4356211437843729 31.947180119808763 25.536359687219374
leaf_count=67 19 6327 140 35 959 24 2519 1105
internal_value=-0.00047731 -0.000551963 -0.00407617 -0.000478519 -0.000478519 -0.000152172 -0.000299429 8.53787e-05
internal_weight=104.483 103.866 1.00777 102.858 102.089 67.1384 65.7028 57.4835
internal_count=11195 11176 207 10969 10934 4607 4583 3624
is_linear=0
shrinkage=0.03


Tree=130
num_leaves=11
num_cat=0
split_feature=1 11 5 2 11 10 1 8 3 2
split_gain=0.0744484 0.0562327 0.0743661 0.32094 0.341506 0.365114 0.198803 0.0983657 0.0728468 0.00157646
threshold=99.747155095256389 5.6048780487804892 80.636929838248321 50.699238199238209 41.40970904490829 92.907444668008068 30.788038367500473 72.665006226650078 61.79616570701517 31.651008177788878
decision_type=2 2 2 2 2 2 2 2 2 2
left_child=1 9 6 -4 5 -5 8 -6 -3 -1
right_child=-2 2 3 4 7 -7 -8 -9 -10 -11
leaf_value=-0.0056706439760735331 0.006039308734952945 -0.0032272077359447576 -0.00060488022886828188 -0.00060488022886828188 0.0038773794880661927 0.0038773794880661927 -0.00060488022886828188 0.006039308734952945 -0.00060488022886828188 -0.0032272077359447576
leaf_weight=0.98206531815231057 0.93607716145925124 10.933155114646064 6.3586582157295188 8.1933869394706544 22.130480988416821 2.0312421279959372 34.403730284888297 13.553434475092216 2.4885545715224007 2.402213413384743
leaf_count=211 37 1791 577 471 721 40 6240 272 413 383
internal_value=0.000210295 0.000100264 0.000243581 0.00101672 0.00242026 -0.00060488 -0.00060488 0.00387738 -0.00322721 -0.00322721
internal_weight=104.413 103.477 100.093 52.2672 45.9085 10.2246 47.8254 35.6839 13.4217 3.38428
internal_count=11156 11119 10525 2081 1504 511 8444 993 2204 594
is_linear=0
shrinkage=0.03


Tree=131
num_leaves=9
num_cat=0
split_feature=1 2 2 1 8 2 8 1
split_gain=0.0723749 0.0304637 0.0155196 0.00676389 0.326623 0.0258501 0.0339696 0.00443701
threshold=99.747155095256389 99.019406016688649 1.7039442039442041 29.974142942092218 94.482496194824975 89.855618081424538 32.529069767441868 85.750340543086665
decision_type=2 2 2 2 2 2 2 2
left_child=1 2 7 5 -5 -4 -7 -1
right_child=-2 -3 3 4 -6 6 -8 -9
leaf_value=-0.0035498843182036168 0.0059562447500206119 0.0037654604214154017 -0.0012953518706843234 -0.00023060549368098253 0.0037654604214154017 -0.0012953518706843234 -0.00023060549368098253 -0.00023060549368098253
leaf_weight=0.40394323086365957 0.93168757343664665 0.99509079242125054 19.56856254953891 56.231442924705334 5.2625581225147462 2.2273643043590736 18.361293314956129 0.27799047995358706
leaf_count=80 37 28 2531 7216 464 177 565 58
internal_value=0.000202447 9.39726e-05 2.21764e-05 6.87999e-05 0.000264881 -0.000230605 -0.000230605 -0.00283652
internal_weight=104.26 103.328 102.333 101.651 61.494 40.1572 20.5887 0.681934
internal_count=11156 11119 11091 10953 7680 3273 742 138
is_linear=0
shrinkage=0.03


Tree=132
num_leaves=11
num_cat=0
split_feature=1 11 5 1 11 10 8 1 2 1
split_gain=0.177723 0.0470116 0.0455705 0.250063 0.197395 0.225964 0.0251697 0.0119689 0.00278691 3.44571e-05
threshold=99.747155095256389 5.1880761725321323 80.636929838248321 30.788038367500473 98.543655001767419 94.797297297297305 52.679425837320572 79.467632850241557 31.651008177788878 31.611932337701926
decision_type=2 2 2 2 2 2 2 2 2 2
left_child=1 8 3 -3 5 -4 -7 9 -1 -5
right_child=-2 2 4 7 -6 6 -8 -9 -10 -11
leaf_value=-0.0055355755710940792 0.0089205422092315089 -0.0030643437844973609 0.00077770007123656535 -7.2077494974080557e-05 0.0068924404883417357 0.0024473640116122303 0.0068924404883417357 0.00077770007123656535 -0.0030643437844973609 9.8250875295459922e-05
leaf_weight=0.94832905184012117 1.0707322540692974 13.299569720285943 40.781225681887008 0.43032260891050711 3.7675937523599705 3.0450558320153496 4.6468450610991567 9.9783680995460582 2.2583716203225777 23.984368108096533
leaf_count=204 37 2210 1865 79 71 83 68 1837 353 4349
internal_value=0.000218591 4.34612e-05 0.000172558 -0.000492651 0.0007777 0.0007777 0.00583242 0.0007777 -0.00306434 9.25308e-05
internal_weight=104.211 103.14 99.9333 47.6926 52.2407 48.4731 7.6919 34.3931 3.2067 24.4147
internal_count=11156 11119 10562 8475 2087 2016 151 6265 557 4428
is_linear=0
shrinkage=0.03


Tree=133
num_leaves=8
num_cat=0
split_feature=1 2 2 8 2 2 8
split_gain=0.158444 0.0361372 0.0145781 0.00300796 0.00560316 0.000133883 1.02374e-05
threshold=99.747155095256389 99.019406016688649 1.7039442039442041 4.0408163265306127 82.605554556774067 58.525733525733536 3.3908045977011496
decision_type=2 2 2 2 2 2 2
left_child=1 2 -1 6 5 -5 -4
right_child=-2 -3 3 4 -6 -7 -8
leaf_value=-0.0028043266774875541 0.0084142461500577997 0.0040374360247927938 -0.0012199244569016962 -0.00020637566366599517 0.00027600765685270487 -0.00010007344633726672 -0.00020637566366599517
leaf_weight=0.68055506306700309 1.0770987207069982 1.0011517922393967 0.72691821365151443 34.150075580342673 46.069603768410161 20.042888590716757 0.35980690456926823
leaf_count=138 37 28 168 6217 2019 2506 43
internal_value=0.000210727 4.4909e-05 -3.30738e-05 1.27527e-05 3.58634e-05 -0.000169586 -0.00111485
internal_weight=104.108 103.031 102.03 101.349 100.263 54.193 1.08673
internal_count=11156 11119 11091 10953 10742 8723 211
is_linear=0
shrinkage=0.03


Tree=134
num_leaves=7
num_cat=0
split_feature=1 2 2 8 2 2
split_gain=0.150921 0.0324708 0.0143206 0.00247898 0.00496292 0.000146833
threshold=99.747155095256389 99.019406016688649 1.7039442039442041 4.0408163265306127 82.605554556774067 58.525733525733536
decision_type=2 2 2 2 2 2
left_child=1 2 -1 -4 5 -5
right_child=-2 -3 3 4 -6 -7
leaf_value=-0.0027730256675126052 0.0082249120702611259 0.0038344841402012538 -0.0010042745499332705 -0.00019008567691586737 0.00026726879937311287 -8.1598910404093449e-05
leaf_weight=0.67884327401406963 1.0732065802440036 1.0002585190813977 1.0831619886448596 34.138094256864861 46.062735859653912 20.041211745352484
leaf_count=138 37 28 211 6217 2019 2506
internal_value=0.000210859 4.90809e-05 -2.49051e-05 2.04265e-05 4.1309e-05 -0.000152162
internal_weight=104.078 103.004 102.004 101.325 100.242 54.1793
internal_count=11156 11119 11091 10953 10742 8723
is_linear=0
shrinkage=0.03


Tree=135
num_leaves=10
num_cat=0
split_feature=1 7 2 1 1 3 2 8 11
split_gain=0.291442 0.355794 0.371906 0.240062 0.182532 0.0278014 0.206203 0.522758 0.46302
threshold=6.1543629908241178 89.323708206686945 97.163839211098136 99.747155095256389 5.3735940378956641 63.38023088023089 82.71881996848829 64.747307373653697 37.83458156952134
decision_type=2 2 2 2 2 2 2 2 2
left_child=1 2 4 5 -1 -2 -7 -8 -9
right_child=3 -3 -4 -5 -6 6 7 8 -10
leaf_value=-0.011730929262212674 0.00050024858872562642 0.00050024858872562642 0.00050024858872562642 0.010437265854054851 0.00050024858872562642 0.00050024858872562642 0.00050024858872562642 0.00050024858872562642 0.010437265854054851
leaf_weight=6.4980293525150028 37.056432602694258 1.6067035031737749 3.752390114357695 1.1905675961170334 0.81772743957117189 26.823500472120941 12.592276057344863 2.6936641049105665 9.5773111428134126
leaf_count=448 6660 66 87 42 77 3045 444 86 165
internal_value=-0.000114928 -0.00419727 -0.00668022 0.000500249 -0.0102285 0.000500249 0.00126479 0.00339437 0.00769708
internal_weight=102.609 12.6749 11.0681 89.9338 7.31576 88.7432 51.6868 24.8633 12.271
internal_count=11120 678 612 10442 525 10400 3740 695 251
is_linear=0
shrinkage=0.03


Tree=136
num_leaves=11
num_cat=0
split_feature=1 1 7 2 3 2 11 7 5 5
split_gain=0.243852 0.196252 0.30416 0.325806 0.0687005 0.236344 0.34325 0.440777 0.634368 0.0275684
threshold=99.747155095256389 6.1543629908241178 89.323708206686945 97.163839211098136 63.38023088023089 82.71881996848829 37.83458156952134 34.738243123336296 84.141503726315236 97.880790984239283
decision_type=2 2 2 2 2 2 2 2 2 2
left_child=1 2 3 9 -3 -6 -7 -8 -9 -1
right_child=-2 4 -4 -5 5 6 7 8 -10 -11
leaf_value=-0.010663293214036376 0.0096529965083862468 0.00020094144118534338 0.00020094144118534338 0.00020094144118534338 0.00020094144118534338 0.00020094144118534338 0.00020094144118534338 0.00020094144118534338 0.0096529965083862468 -0.0029651989393320141
leaf_weight=5.5234041817020607 1.2614625114947546 37.130081571871415 1.6098000968340773 3.7559337737038732 26.735182458069175 5.4795416306005817 3.469091237755495 3.3560885688057196 12.713671657955272 1.4896594861056653
leaf_count=487 42 6660 66 87 3045 245 119 137 194 38
internal_value=-9.21303e-05 -0.000306736 -0.00369457 -0.00616411 0.000200941 0.00128391 0.00344977 0.0055314 0.00777924 -0.00960223
internal_weight=102.524 101.262 12.3788 10.769 88.8837 51.7536 25.0184 19.5389 16.0698 7.01306
internal_count=11120 11078 678 612 10400 3740 695 450 331 525
is_linear=0
shrinkage=0.03


Tree=137
num_leaves=9
num_cat=0
split_feature=1 7 2 1 3 2 8 11
split_gain=0.196553 0.304395 0.324718 0.160109 0.0336658 0.210089 0.52022 0.354925
threshold=6.1543629908241178 89.323708206686945 97.163839211098136 99.747155095256389 63.38023088023089 82.71881996848829 64.747307373653697 37.83458156952134
decision_type=2 2 2 2 2 2 2 2
left_child=1 2 -1 4 -2 -6 -7 -8
right_child=3 -3 -4 -5 5 6 7 -9
leaf_value=-0.0094795137493344627 0.00043130272292595537 0.00043130272292595537 0.00043130272292595537 0.0083764998915975379 0.00043130272292595537 0.00043130272292595537 0.00043130272292595537 0.0083764998915975379
leaf_weight=6.8298426816472766 37.108105798717588 1.6142892895732064 3.7530455568339676 1.2856407219078381 26.799329779110849 12.610821583424697 2.6563119252677998 9.7189024835824949
leaf_count=525 6660 66 87 42 3045 444 86 165
internal_value=-6.46048e-05 -0.00348593 -0.00598361 0.000431303 0.000431303 0.00123776 0.00336464 0.00762408
internal_weight=102.376 12.1972 10.5829 90.1791 88.8935 51.7854 24.986 12.3752
internal_count=11120 678 612 10442 10400 3740 695 251
is_linear=0
shrinkage=0.03


Tree=138
num_leaves=9
num_cat=0
split_feature=1 7 2 1 3 8 2 7
split_gain=0.192718 0.358165 0.469499 0.119344 0.0360091 0.195453 0.489004 0.00170158
threshold=5.3735940378956641 89.323708206686945 97.163839211098136 99.747155095256389 63.38023088023089 64.747307373653697 82.71881996848829 81.892697466467979
decision_type=2 2 2 2 2 2 2 2
left_child=1 2 7 4 -2 -6 -7 -1
right_child=3 -3 -4 -5 5 6 -8 -9
leaf_value=-0.011877286074784332 0.00041260261852945186 0.00041260261852945186 0.00041260261852945186 0.0072216870361255158 0.00041260261852945186 0.00041260261852945186 0.0072216870361255158 -0.0028380177620339242
leaf_weight=5.1166895193746296 37.616435114759952 1.3534679866861541 3.6393460722174495 1.3203497999347735 27.501291565364227 12.550733150448652 12.651519642211495 0.77625159919261921
leaf_count=427 6709 58 83 42 2495 1025 260 21
internal_value=-4.92784e-05 -0.00364514 -0.00660189 0.000412603 0.000412603 0.00122515 0.00325393 -0.0112711
internal_weight=102.526 10.8858 9.53229 91.6403 90.32 52.7035 25.2023 5.89294
internal_count=11120 589 531 10531 10489 3780 1285 448
is_linear=0
shrinkage=0.03


Tree=139
num_leaves=11
num_cat=0
split_feature=8 7 11 5 4 2 7 2 9 4
split_gain=0.0276466 0.13041 0.249827 0.495456 0.323761 0.333597 0.319816 0.349055 0.0229594 0.04751
threshold=49.657534246575345 27.38636363636364 37.83458156952134 80.213941981108476 72.015797476909228 50.821918244198052 75.204918032786892 82.71881996848829 76.376262626262644 99.463086280953632
decision_type=2 2 2 2 2 2 2 2 2 2
left_child=8 -2 -3 -4 -5 -6 7 -7 9 -1
right_child=1 2 3 4 5 6 -8 -9 -10 -11
leaf_value=-0.0026206235926466179 -0.00082819179755902928 -0.00082819179755902928 -0.00082819179755902928 -0.00082819179755902928 -0.00082819179755902928 -0.00082819179755902928 0.011808100880010238 0.0064185019253752626 -0.00082819179755902928 -0.00082819179755902928
leaf_weight=19.167470102780506 6.4943645134335375 17.062356168986298 19.756643906934187 4.2461380162276354 2.8183744719717678 3.4060655646026197 7.3021693918853989 13.283278926974161 8.3722819417016563 0.61838067229837079
leaf_count=3213 576 2268 2923 235 118 164 108 223 1277 15
internal_value=-4.41713e-05 0.000259729 0.000906519 0.00206196 0.00440944 0.00566209 0.00684744 0.00413214 -0.000828192 -0.00184166
internal_weight=102.528 74.3694 67.875 50.8127 31.056 26.8099 23.9915 16.6893 28.1581 19.7859
internal_count=11120 6615 6039 3771 848 613 495 387 4505 3228
is_linear=0
shrinkage=0.03


Tree=140
num_leaves=7
num_cat=0
split_feature=10 2 2 11 8 8
split_gain=0.143938 0.280328 0.0168158 0.0142958 0.00675165 0.000178609
threshold=98.610843141038018 78.067414004914028 1.7039442039442041 22.324745147325796 13.136324417601381 60.685011709601874
decision_type=2 2 2 2 2 2
left_child=2 -2 -1 5 -5 -4
right_child=1 -3 3 4 -6 -7
leaf_value=-0.0032310650457515228 -0.00019082770811512415 0.0074387044622981043 -0.0013369352217687703 -0.0011293538666887974 -0.00019082770811512415 -0.00075339449751827452
leaf_weight=0.64130313182249565 2.7633250954095256 5.7809217472095042 7.3511838410049659 4.7341223682742557 76.157325208419934 6.6149290580069646
leaf_count=127 232 86 1564 813 7601 783
internal_value=0.000158296 0.00367159 -0.000190828 -0.000190828 -0.000190828 -0.00112935
internal_weight=104.043 8.54425 95.4989 94.8576 80.8914 13.9661
internal_count=11206 318 10888 10761 8414 2347
is_linear=0
shrinkage=0.03


Tree=141
num_leaves=8
num_cat=0
split_feature=2 1 11 2 3 11 1
split_gain=0.0210766 0.0724372 0.0267777 0.00703647 0.248908 0.0499986 0.0366086
threshold=9.6980447157825278 72.396561496315897 27.547643501084107 97.163839211098136 77.889504367653487 22.324745147325796 2.564119422218424
decision_type=2 2 2 2 2 2 2
left_child=1 -1 -3 5 -5 6 -2
right_child=3 2 -4 4 -6 -7 -8
leaf_value=-0.005038044267093038 -0.005038044267093038 -0.0035737628744177429 0.00025277119131079571 0.00025277119131079571 0.0065584944819277822 0.00025277119131079571 0.00025277119131079571
leaf_weight=2.0544349260162553 0.34368087025359173 0.93968815507832948 2.5761317574651912 4.3004454285837692 4.7964077414944768 76.620921576977707 12.376380474772303
leaf_count=428 41 192 462 151 70 7755 2107
internal_value=0.000145348 -0.00150258 0.000252771 0.000252771 0.00104872 0.000252771 -0.00157476
internal_weight=104.008 5.57025 3.51582 98.4378 9.09685 89.341 12.7201
internal_count=11206 1082 654 10124 221 9903 2148
is_linear=0
shrinkage=0.03


Tree=142
num_leaves=8
num_cat=0
split_feature=2 1 11 1 2 3 11
split_gain=0.018435 0.0686852 0.0256806 0.00886741 0.00679628 0.783004 0.0429277
threshold=9.6980447157825278 72.396561496315897 27.547643501084107 0.5263194343451133 97.12394219858642 93.392388196789184 22.324745147325796
decision_type=2 2 2 2 2 2 2
left_child=1 -1 -3 -2 6 -6 -5
right_child=3 2 -4 4 5 -7 -8
leaf_value=-0.0048812719794949526 -0.0016344375154336535 -0.0035511956833304123 0.00023441362796134348 -0.0014536476762536828 0.00023441362796134348 0.015535899409438647 0.00023441362796134348
leaf_weight=2.0406916774809352 1.2545754243619729 0.93671698705293271 2.5757257614750415 12.647110535530372 6.9420751903671754 2.0370937585830688 75.545669460087083
leaf_count=428 43 192 462 2141 203 22 7715
internal_value=0.000134045 -0.00140924 0.000234414 0.000234414 0.000274945 0.00103104 0.000234414
internal_weight=103.98 5.55313 3.51244 98.4265 97.1719 8.97917 88.1928
internal_count=11206 1082 654 10124 10081 225 9856
is_linear=0
shrinkage=0.03


Tree=143
num_leaves=9
num_cat=0
split_feature=10 2 1 1 11 2 2 2
split_gain=0.113814 0.264568 0.0280047 0.0234595 0.0654228 0.0765249 0.0174051 0.0118957
threshold=98.610843141038018 81.891274776525464 93.774016098369955 5.3735940378956641 22.324745147325796 82.71881996848829 1.7039442039442041 97.163839211098136
decision_type=2 2 2 2 2 2 2 2
left_child=3 2 -2 7 -5 6 -6 -1
right_child=1 -3 -4 4 5 -7 -8 -9
leaf_value=-0.0029040260462822359 -0.00017833610622903012 0.0070757729040232548 0.0067501362203736441 -0.0015717635041484668 -0.0015717635041484668 0.001579108527113188 -0.00019643728318700636 -0.0015717635041484668
leaf_weight=6.4237273510079813 2.366124541033058 5.6693110628984869 0.69220897206105281 12.6066325007705 0.48443292709998687 30.566317923134193 41.654738004435785 3.4667319704312831
leaf_count=497 204 79 35 2262 96 1324 6628 81
internal_value=0.000135667 0.00322708 -0.000178336 -0.000178336 -0.000178336 -0.000178336 -0.000367647 -0.00157176
internal_weight=103.93 8.72764 3.05833 95.2026 85.3121 72.7055 42.1392 9.89046
internal_count=11206 318 239 10888 10310 8048 6724 578
is_linear=0
shrinkage=0.03


Tree=144
num_leaves=7
num_cat=0
split_feature=10 2 2 11 8 8
split_gain=0.0714721 0.209684 0.0169272 0.00475942 0.00623913 0.00506635
threshold=98.610843141038018 81.891274776525464 1.7039442039442041 22.324745147325796 13.136324417601381 60.685011709601874
decision_type=2 2 2 2 2 2
left_child=2 -2 -1 5 -5 -4
right_child=1 -3 3 4 -6 -7
leaf_value=-0.0031377734687071659 -8.6006968801423256e-05 0.0061424841976063993 -0.0011341669730477596 -0.00064093055151837736 -8.6006968801423256e-05 -8.6006968801423256e-05
leaf_weight=0.63657727488316496 3.0626096129417402 5.6916806320659816 7.3084791462169942 4.7354640708072102 76.037227473570965 6.5025411597453058
leaf_count=127 239 79 1564 813 7601 783
internal_value=0.000163646 0.00260955 -8.6007e-05 -8.6007e-05 -8.6007e-05 -0.000640931
internal_weight=103.975 8.75429 95.2203 94.5837 80.7727 13.811
internal_count=11206 318 10888 10761 8414 2347
is_linear=0
shrinkage=0.03


Tree=145
num_leaves=8
num_cat=0
split_feature=2 11 1 1 9 9 9
split_gain=0.0665716 0.0840129 0.0625537 0.0564958 0.211506 0.0122257 0.00480531
threshold=93.069342801246293 40.727299441669125 7.7734098265012719 18.821805084522968 95.861872146118728 2.6846846846846852 29.893617021276601
decision_type=2 2 2 2 2 2 2
left_child=3 -2 -3 4 6 -5 -1
right_child=1 2 -4 5 -6 -7 -8
leaf_value=-0.0062745400668577072 -0.0005954031350393613 -5.9459091362207751e-06 0.0037028103209073193 -0.0043692887113603671 -0.0005954031350393613 -0.0005954031350393613 -0.0035228106689763755
leaf_weight=3.9161112968577045 5.7140115177026045 6.438143860083076 10.221041175187564 0.64751843851990898 0.94474099844228554 65.120814273599535 9.272520507569423
leaf_count=487 278 170 285 109 84 8622 1047
internal_value=-0.000189668 0.00122282 0.00235034 -0.000595403 -0.00243478 -0.000595403 -0.00472452
internal_weight=102.275 22.3732 16.6592 79.9017 14.1334 65.7683 13.1886
internal_count=11082 733 455 10349 1618 8731 1534
is_linear=0
shrinkage=0.03


Tree=146
num_leaves=7
num_cat=0
split_feature=2 10 11 10 1 1
split_gain=0.0412621 0.317005 0.0697796 0.065142 0.0365897 0.00122343
threshold=93.069342801246293 98.449519230769241 95.942163219100564 75.90322580645163 24.843500988079303 18.821805084522968
decision_type=2 2 2 2 2 2
left_child=4 2 3 -2 5 -1
right_child=1 -3 -4 -5 -6 -7
leaf_value=-0.0020135056584935141 -0.00052818363256202836 0.0092689034438113941 0.0035942622826428444 0.0026116165038450904 -0.00052818363256202836 -0.0010257564543709346
leaf_weight=13.993160188081676 11.195067311869943 2.4756691367365411 2.7118400705512604 6.1643538350472218 60.63377072464209 5.1077592216897747
leaf_count=1618 499 31 52 151 8140 591
internal_value=-0.000207713 0.000899899 -0.000523262 -0.000528184 -0.000528184 -0.00181354
internal_weight=102.282 22.5469 20.0713 17.3594 79.7347 19.1009
internal_count=11082 733 702 650 10349 2209
is_linear=0
shrinkage=0.03


Tree=147
num_leaves=7
num_cat=0
split_feature=2 10 10 1 2 1
split_gain=0.0373469 0.298651 0.0537047 0.0843242 0.114953 0.0288333
threshold=93.069342801246293 98.449519230769241 69.371296905859126 18.431263858093129 97.648635144014904 24.843500988079303
decision_type=2 2 2 2 2 2
left_child=5 2 -2 4 -4 -1
right_child=1 -3 3 -5 -6 -7
leaf_value=-0.0016718059724721314 -0.00052856139502308096 0.0089914649663738015 -0.00052856139502308096 0.0047384889668720285 0.0047384889668720285 -0.00052856139502308096
leaf_weight=19.068253011559136 11.4716897236649 2.4484665286727241 3.0336854981724155 3.4982447242364287 2.0797502978239208 60.676984267542139
leaf_count=2209 495 31 93 77 37 8140
internal_value=-0.000223988 0.000830621 -0.000528561 0.0017205 -0.000528561 -0.000528561
internal_weight=102.277 22.5318 20.0834 8.61168 5.11344 79.7452
internal_count=11082 733 702 207 130 10349
is_linear=0
shrinkage=0.03


Tree=148
num_leaves=6
num_cat=0
split_feature=2 10 11 10 1
split_gain=0.0269362 0.284465 0.0624387 0.0474002 0.0213302
threshold=93.069342801246293 98.449519230769241 95.942163219100564 75.90322580645163 24.843500988079303
decision_type=2 2 2 2 2
left_child=4 2 3 -2 -1
right_child=1 -3 -4 -5 -6
leaf_value=-0.0014622124033073231 -0.0004763994776971954 0.0086675592807218399 0.0034059471213074206 0.0024372069049070247 -0.0004763994776971954
leaf_weight=18.987244879011996 11.18437154975255 2.4399619027972212 2.7885468264576039 6.1406760591780758 60.739652387681417
leaf_count=2209 499 31 52 151 8140
internal_value=-0.000217796 0.000677781 -0.000476399 -0.000476399 -0.000476399
internal_weight=102.28 22.5536 20.1136 17.325 79.7269
internal_count=11082 733 702 650 10349
is_linear=0
shrinkage=0.03


Tree=149
num_leaves=6
num_cat=0
split_feature=2 10 10 1 1
split_gain=0.0340121 0.217077 0.0511798 0.10976 0.0182049
threshold=93.069342801246293 98.449519230769241 69.371296905859126 18.431263858093129 24.843500988079303
decision_type=2 2 2 2 2
left_child=4 2 -2 -4 -1
right_child=1 -3 3 -5 -6
leaf_value=-0.0014376535791532613 -0.00052095212427930536 0.0077244119857312089 -0.00052095212427930536 0.0051375480523458937 -0.00052095212427930536
leaf_weight=18.820308321272023 11.511502639157703 2.4561325483955434 5.1123645154293609 3.5510019588982686 60.747525003389455
leaf_count=2209 495 31 130 77 8140
internal_value=-0.000229364 0.000774487 -0.000396446 0.00167648 -0.000520952
internal_weight=102.199 22.631 20.1749 8.66337 79.5678
internal_count=11082 733 702 207 10349
is_linear=0
shrinkage=0.03


Tree=150
num_leaves=10
num_cat=0
split_feature=9 2 2 1 2 1 11 1 2
split_gain=0.0787283 0.604836 0.0289383 0.0601829 0.0239929 0.0505563 0.0310706 0.0112023 0.00131686
threshold=95.683229813664624 83.310688405797109 93.069342801246293 3.375058676263496 7.8261218542392141 68.491098938719631 64.479714650087701 18.821805084522968 89.855618081424538
decision_type=2 2 2 2 2 2 2 2 2
left_child=2 -2 3 8 5 -5 -7 -6 -1
right_child=1 -3 -4 4 7 6 -8 -9 -10
leaf_value=-0.0045466261318855578 0.0003255269603689909 0.014439925558756847 0.0012575562043160404 -0.0039942374462629054 -0.00059000460522162291 -0.0029564039409225107 0.0003255269603689909 0.0003255269603689909 -0.00092772479592834872
leaf_weight=1.4465358293382444 3.3549934081966049 2.113560673315078 21.991909479955211 1.1535147236427286 11.195412950706666 1.7190157116856428 0.70858688419684757 58.640248679090291 0.74324281909503032
leaf_count=166 537 97 708 237 1313 351 126 7546 36
internal_value=0.000541451 0.00374902 0.000325527 4.15479e-05 0.000213978 -0.00189683 0.000325527 0.000325527 -0.00399424
internal_weight=103.067 5.46855 97.5985 75.6066 73.4168 3.58112 2.4276 69.8357 2.18978
internal_count=11117 634 10483 9775 9573 714 477 8859 202
is_linear=0
shrinkage=0.03


Tree=151
num_leaves=11
num_cat=0
split_feature=9 2 2 1 2 1 11 1 11 11
split_gain=0.0600939 0.535218 0.0395996 0.0580196 0.0219584 0.0499371 0.0299264 0.00400399 0.0587705 0.00176499
threshold=95.683229813664624 83.310688405797109 93.069342801246293 3.375058676263496 7.8261218542392141 68.491098938719631 64.479714650087701 18.821805084522968 23.125404845187202 5.6048780487804892
decision_type=2 2 2 2 2 2 2 2 2 2
left_child=2 -2 3 -1 5 -5 -7 8 -6 -9
right_child=1 -3 -4 4 7 6 -8 9 -10 -11
leaf_value=-0.0039704067925712631 0.00031753806337691653 0.013340802528029527 0.0014055927610891873 -0.0039704067925712631 -0.0029529933723685341 -0.0029529933723685341 0.00028415213789137564 -0.00050421140460899416 0.00031753806337691653 0.00031753806337691653
leaf_weight=2.1986130197765297 3.3583281562896437 2.1823256986681372 22.065620977198705 1.1471914716530585 1.0427106418646861 1.7167865175288173 0.71114096138626326 1.9166950290091325 10.076567230862564 56.771205021534115
leaf_count=202 537 97 708 237 235 351 126 336 1078 7210
internal_value=0.000507437 0.00329392 0.000317538 -1.43226e-05 0.000155991 -0.0018616 0.000284152 0.000284152 -0.000241189 0.000317538
internal_weight=103.187 5.54065 97.6465 75.5809 73.3823 3.57512 2.42793 69.8072 11.1193 58.6879
internal_count=11117 634 10483 9775 9573 714 477 8859 1313 7546
is_linear=0
shrinkage=0.03


Tree=152
num_leaves=11
num_cat=0
split_feature=9 2 3 2 2 8 2 2 2 8
split_gain=0.0442801 0.465644 0.0385757 0.0336517 0.0162222 0.00257218 0.019289 0.0112512 0.00285823 0.00495416
threshold=95.683229813664624 83.310688405797109 6.9885995595284376 93.069342801246293 7.8261218542392141 64.480286738351268 90.285326086956545 82.71881996848829 9.6980447157825278 29.27055702917772
decision_type=2 2 2 2 2 2 2 2 2 2
left_child=2 -2 -1 4 -4 8 7 -7 9 -6
right_child=1 -3 3 -5 5 6 -8 -9 -10 -11
leaf_value=-0.0024617090000756165 0.00031499724312935174 0.012269052760133074 -0.0016950334244773119 0.0014493532958993372 -0.0016950334244773119 4.9571578709808966e-05 0.0014493532958993372 0.00031499724312935174 4.9571578709808966e-05 4.9571578709808966e-05
leaf_weight=3.5158165028551585 3.3599787384737274 2.2326161479577422 3.1724481799174091 21.77806700009387 0.30014604842290171 18.912187407258905 2.2352802415844044 7.7436385605251408 39.172008965630084 0.74257870297878981
leaf_count=704 537 97 633 675 68 2324 83 290 5565 141
internal_value=0.000479207 0.00286178 0.000314997 0.000314997 0.000124909 0.000231444 0.000314997 0.000133722 4.95716e-05 -0.00107315
internal_weight=103.165 5.59259 97.5722 94.0564 72.2783 69.1058 28.8911 26.6558 40.2147 1.04272
internal_count=11117 634 10483 9779 9104 8471 2697 2614 5774 209
is_linear=0
shrinkage=0.03


Tree=153
num_leaves=11
num_cat=0
split_feature=1 2 11 3 1 1 3 9 1 3
split_gain=0.0546398 0.0286286 0.112287 0.0418909 0.0383426 0.029141 0.0173516 0.0110396 0.00554396 0.00219681
threshold=99.747155095256389 93.069342801246293 42.18189832500736 31.611932337701926 20.048604467122598 3.375058676263496 6.5354287591720519 92.356377799415796 7.7734098265012719 88.046129374337241
decision_type=2 2 2 2 2 2 2 2 2 2
left_child=1 5 -3 4 -4 9 7 -7 -5 -1
right_child=-2 2 3 8 -6 6 -8 -9 -10 -11
leaf_value=-0.0031201965837580111 0.0054173034611641625 0.00013710177648281429 0.00013710177648281429 0.0020611609716369521 0.0033862859425144542 -0.0025210254952295402 0.00013710177648281429 0.00013710177648281429 0.0039966379974549771 -0.00044185239647906883
leaf_weight=1.6072080138837912 1.0159838376566757 6.236850964138287 0.83034205064177757 6.2222738317213926 0.93666046997532248 2.7770325194578613 73.366319044842385 0.29204246378503729 9.1320695299655181 0.72774102143011976
leaf_count=178 35 281 57 147 53 588 9479 63 202 34
internal_value=0.000517698 0.000416899 0.00131609 0.00286588 0.000137102 0.000137102 0.000137102 -0.00189074 0.00338629 -0.00266823
internal_weight=103.145 102.129 23.3582 17.1213 1.767 78.7703 76.4354 3.06907 15.3543 2.33495
internal_count=11117 11082 740 459 110 10342 10130 651 349 212
is_linear=0
shrinkage=0.03


Tree=154
num_leaves=10
num_cat=0
split_feature=1 9 11 11 3 1 1 9 1
split_gain=0.0536182 0.0216667 0.0824536 0.0904083 0.0311058 0.0373257 0.0385576 0.00446117 6.71938e-06
threshold=99.747155095256389 95.683229813664624 83.711343147324001 99.751205292767011 6.9885995595284376 94.899319669059366 0.5263194343451133 98.726062966569316 7.7734098265012719
decision_type=2 2 2 2 2 2 2 2 2
left_child=1 3 7 4 5 -1 -6 -3 -8
right_child=-2 2 -4 -5 6 -7 8 -9 -10
leaf_value=-0.0036312434695348434 0.0053754609203997619 0.00030386178002412916 0.0053754609203997619 0.0053754609203997619 -0.0036312434695348434 0.00026697681682855823 0.00014844925601560774 0.0025252072935537636 0.00030386178002412916
leaf_weight=3.1471450511598955 1.0155057266820211 2.0764074153266838 2.1285359069006518 1.5810477486811567 0.93300356576219101 0.27086143591441203 12.332069401396437 1.391210218309425 78.224774051574059
leaf_count=644 35 266 82 33 34 52 732 285 8954
internal_value=0.000520968 0.000421 0.00208844 0.000303862 0.000151017 -0.00231074 0.000266977 0.000303862 0.000303862
internal_weight=103.101 102.085 5.59615 96.4889 94.9079 3.41801 91.4898 3.46762 90.5568
internal_count=11117 11082 633 10449 10416 696 9720 551 9686
is_linear=0
shrinkage=0.03


Tree=155
num_leaves=8
num_cat=0
split_feature=2 11 2 9 9 2 4
split_gain=0.0415304 0.0427763 0.116935 0.037721 0.0176892 0.237702 0.123479
threshold=99.019406016688649 20.048604467122598 97.765700483091805 97.35087719298248 81.881313131313149 74.185728420930118 66.930175394742335
decision_type=2 2 2 2 2 2 2
left_child=1 2 3 -1 -3 -6 -7
right_child=-2 4 -4 -5 5 6 -8
leaf_value=-0.0031185621565815586 0.004912689252477247 0.00061810356028364961 0.00061810356028364961 0.00061810356028364961 0.00061810356028364961 0.00061810356028364961 0.004912689252477247
leaf_weight=12.271453767432829 0.85203352500684459 74.840890528634191 1.0351510734762985 1.1558234154945228 6.2156384779373166 0.92996226821560402 5.937776742503047
leaf_count=1957 20 7721 24 233 928 138 212
internal_value=0.000452227 0.00036795 -0.00109448 -0.00261678 0.000618104 0.001694 0.00491269
internal_weight=103.239 102.387 14.4624 13.4273 87.9243 13.0834 6.86774
internal_count=11233 11213 2214 2190 8999 1278 350
is_linear=0
shrinkage=0.03


Tree=156
num_leaves=7
num_cat=0
split_feature=10 4 2 11 11 9
split_gain=0.0946062 0.40368 0.0121562 0.0158527 0.00168976 0.00162493
threshold=98.610843141038018 64.143877802414394 1.7039442039442041 5.6048780487804892 20.427255354952802 94.694810905892709
decision_type=2 2 2 2 2 2
left_child=2 -2 -1 5 -5 -4
right_child=1 -3 3 4 -6 -7
leaf_value=-0.0024457873766495462 0.00014396250796523316 0.0078145067484960643 -0.0021591386751321348 -0.00036032611404141754 0.00014396250796523316 -0.00036032611404141754
leaf_weight=0.63435206352732976 1.9341143539641033 6.7729892074130476 1.9773084959015244 10.452698353561571 80.71432563313283 0.70322886633221049
leaf_count=128 212 112 391 1600 8629 161
internal_value=0.000435283 0.00325596 0.000143963 0.000143963 0.000143963 -0.00183846
internal_weight=103.189 8.7071 94.4819 93.8476 91.167 2.68054
internal_count=11233 324 10909 10781 10229 552
is_linear=0
shrinkage=0.03


Tree=157
num_leaves=7
num_cat=0
split_feature=10 4 2 11 2 9
split_gain=0.0920256 0.399143 0.0112521 0.00780081 0.0435497 0.000223635
threshold=98.610843141038018 64.143877802414394 1.7039442039442041 20.427255354952802 97.054512711307424 97.35087719298248
decision_type=2 2 2 2 2 2
left_child=2 -2 -1 4 5 -4
right_child=1 -3 3 -5 -6 -7
leaf_value=-0.0022922871504944793 0.00020527995737562479 0.0078036681903050232 -0.0017743388714724759 0.00020527995737562479 0.00020527995737562479 -0.00049281278931566407
leaf_weight=0.6302089486271133 1.9334058326203356 6.8083853283897042 10.658564393641425 80.64052613300737 1.3548753431532521 1.0772081359755237
leaf_count=128 212 112 1873 8629 46 233
internal_value=0.000494122 0.00327085 0.00020528 0.00020528 -0.000510572 -0.00170464
internal_weight=103.103 8.74179 94.3614 93.7312 13.0906 11.7358
internal_count=11233 324 10909 10781 2152 2106
is_linear=0
shrinkage=0.03


Tree=158
num_leaves=9
num_cat=0
split_feature=10 8 4 4 2 11 2 9
split_gain=0.0651167 0.36844 0.260294 0.0475045 0.0113334 0.00416028 0.0366443 5.12084e-05
threshold=98.610843141038018 52.679425837320572 81.409529546555191 37.594022760263179 1.7039442039442041 20.427255354952802 97.054512711307424 97.35087719298248
decision_type=2 2 2 2 2 2 2 2
left_child=4 -2 3 -3 -1 6 7 -6
right_child=1 2 -4 -5 5 -7 -8 -9
leaf_value=-0.0022422349337122196 0.00026894124669335289 0.00026894124669335289 0.012173394751744298 0.0051104740320300664 -0.0014954499096385427 0.00026894124669335289 0.00026894124669335289 -0.00043817921830046556
leaf_weight=0.62898530042730172 3.5442461795173568 0.6926448238082229 3.4517580806277692 1.0437052490888161 10.597307291463947 80.596821550396271 1.3545166223775584 1.0764616255182762
leaf_count=128 163 74 40 47 1873 8629 46 233
internal_value=0.000513179 0.00285089 0.00827409 0.000268941 0.000268941 0.000268941 -0.000263099 -0.00144022
internal_weight=102.986 8.73235 5.18811 1.73635 94.2541 93.6251 13.0283 11.6738
internal_count=11233 324 161 121 10909 10781 2152 2106
is_linear=0
shrinkage=0.03


Tree=159
num_leaves=8
num_cat=0
split_feature=10 8 4 4 2 3 9
split_gain=0.0518588 0.33846 0.248973 0.0421173 0.0120345 0.00733468 4.39813e-05
threshold=98.610843141038018 52.679425837320572 81.409529546555191 37.594022760263179 1.7039442039442041 89.530182478595535 2.9857397504456329
decision_type=2 2 2 2 2 2 2
left_child=4 -2 3 -3 -1 6 -6
right_child=1 2 -4 -5 5 -7 -8
leaf_value=-0.0022686022809775969 0.00032331700084423185 0.00032331700084423185 0.011770604514065622 0.0049903301192460786 -0.00012828095802924384 0.00032331700084423185 1.4634112576572661e-05
leaf_weight=0.62779551651328702 3.5439334011170995 0.69305889145471145 3.4310562568716705 1.0384252785006536 0.99969920516013999 24.352151589817367 68.291012907051481
leaf_count=128 163 74 40 47 136 1125 9520
internal_value=0.000541974 0.00263229 0.00792886 0.000323317 0.000323317 0.000323317 1.07765e-05
internal_weight=102.977 8.70647 5.16254 1.73148 94.2707 93.6429 69.2907
internal_count=11233 324 161 121 10909 10781 9656
is_linear=0
shrinkage=0.03


Tree=160
num_leaves=10
num_cat=0
split_feature=0 9 11 8 0 2 9 2 8
split_gain=0.101357 0.11285 0.159376 0.213681 0.0383207 0.125371 0.0380566 0.00491854 0.00401425
threshold=99.747155095256389 81.881313131313149 82.27680664389527 57.411928845483096 88.168147109241104 82.71881996848829 9.1507177033492848 1.2739866531640314 95.683229813664624
decision_type=2 2 2 2 2 2 2 2 2
left_child=1 4 8 -4 6 -6 -1 -8 -3
right_child=-2 2 3 -5 5 -7 7 -9 -10
leaf_value=-0.0038171152600735519 0.0051689051354209242 -5.9615058205435859e-06 -5.9615058205435859e-06 0.0051689051354209242 -0.0011882085622149979 -5.9615058205435859e-06 -0.0038171152600735519 -0.0011882085622149979 0.0015010391729089415
leaf_weight=4.160175497760064 2.304935159161686 12.681081999442533 2.653823889559134 2.6872419898863882 9.8684210056671855 24.413780878763646 0.33837683219462533 43.829478188883513 0.59083096683025438
leaf_count=692 40 1836 220 60 578 528 67 7086 66
internal_value=-1.91645e-06 -0.000169073 0.00188091 0.00516891 -0.000647928 -5.96151e-06 -0.00118821 -0.00118821 -5.96151e-06
internal_weight=103.528 101.223 18.613 5.34107 82.6102 34.2822 48.328 44.1679 13.2719
internal_count=11173 11133 2182 280 8951 1106 7845 7153 1902
is_linear=0
shrinkage=0.03


Tree=161
num_leaves=10
num_cat=0
split_feature=0 9 11 8 8 0 9 8 8
split_gain=0.0972888 0.0690016 0.129088 0.217487 0.0373908 0.0348328 0.0406584 0.0104247 0.00499428
threshold=99.747155095256389 81.881313131313149 82.27680664389527 57.411928845483096 4.0408163265306127 88.168147109241104 9.1507177033492848 25.176056338028172 95.683229813664624
decision_type=2 2 2 2 2 2 2 2 2
left_child=1 4 8 -4 -1 6 -6 -8 -3
right_child=-2 2 3 -5 5 -7 7 -9 -10
leaf_value=-0.0046763474909574986 0.0050887864566602466 -0.00023829973535865058 -0.00023829973535865058 0.0050887864566602466 -0.0036770665289324557 -0.00023829973535865058 -0.0018891563031005699 -0.00055718987775888699 0.0014547512193716079
leaf_weight=0.91686406068038095 2.2950545013882211 12.583221117965868 2.6543365776306009 2.8479897691868246 3.940506544429808 33.96877412381582 5.5499598780879742 38.136775440303609 0.58791661285795349
leaf_count=183 40 1836 220 60 636 1083 1207 5842 66
internal_value=1.51644e-05 -0.000148586 0.0014515 0.00491102 -0.000523745 -0.000421032 -0.0010765 -0.000764892 -0.0002383
internal_weight=103.481 101.186 18.6735 5.50233 82.5129 81.596 47.6272 43.6867 13.1711
internal_count=11173 11133 2182 280 8951 8768 7685 7049 1902
is_linear=0
shrinkage=0.03


Tree=162
num_leaves=12
num_cat=0
split_feature=0 9 11 8 8 0 3 9 9 8 9
split_gain=0.0870193 0.0613059 0.128423 0.204546 0.0365865 0.025412 0.0504147 0.0375794 0.0250156 0.00484027 0.00448349
threshold=99.747155095256389 81.881313131313149 82.27680664389527 57.411928845483096 4.0408163265306127 88.168147109241104 61.79616570701517 75.171232876712352 6.896879756468798 95.683229813664624 58.411949685534601
decision_type=2 2 2 2 2 2 2 2 2 2 2
left_child=1 4 9 -4 -1 6 7 10 -8 -3 -6
right_child=-2 2 3 -5 5 -7 8 -9 -10 -11 -12
leaf_value=-0.0045969178770984649 0.0048293177211271932 -0.00030346002792280374 -0.00030346002792280374 0.0048293177211271932 -0.0025914403167536298 -0.00030346002792280374 -0.0023357812884114786 -0.00030346002792280374 -0.00030346002792280374 0.0013701408477954044 -0.001209967371435418
leaf_weight=0.9133130224654441 2.2822802271693936 12.570807528682042 2.6542100593214846 2.8236106312833726 18.427042825147524 34.006882570916787 1.3004515488864914 2.5654604178853324 19.771999778808095 0.58815598348155695 5.4864007013384244
leaf_count=183 40 1836 220 60 3529 1083 166 473 2400 66 1117
internal_value=2.14357e-05 -0.000133324 0.00137641 0.00482932 -0.000486894 -0.000385745 -0.000999502 -0.00188793 -0.00030346 -0.00030346 -0.00233578
internal_weight=103.391 101.108 18.6368 5.47782 82.4716 81.5582 47.5514 26.4789 21.0725 13.159 23.9134
internal_count=11173 11133 2182 280 8951 8768 7685 5119 2566 1902 4646
is_linear=0
shrinkage=0.03


Tree=163
num_leaves=10
num_cat=0
split_feature=9 2 11 8 8 0 2 9 2
split_gain=0.0457291 0.119158 0.557042 0.446113 0.0383565 0.0209877 0.0358284 0.0170054 0.00828273
threshold=81.881313131313149 74.185728420930118 75.746434937611426 57.411928845483096 4.0408163265306127 88.168147109241104 82.893374741200844 9.1507177033492848 1.7039442039442041
decision_type=2 2 2 2 2 2 2 2 2
left_child=4 -2 -3 -4 -1 7 -7 -6 -9
right_child=1 2 3 -5 5 6 -8 8 -10
leaf_value=-0.0045291158328493227 -0.00027281843888629707 -0.00027281843888629707 -7.8834889282500053e-05 0.018330758058498178 -0.0027365198988107977 -0.00091255199317578114 -0.00027281843888629707 -0.0027365198988107977 -0.00091255199317578114
leaf_weight=0.90964842226821829 9.4870901675894874 5.2038371532689762 1.9171215256210419 2.0651058885268867 3.8506926067639133 10.698020295472814 25.617677093483508 0.50186820281669398 43.019434562884271
leaf_count=183 1643 421 82 36 636 587 536 102 6947
internal_value=2.72007e-05 0.00133119 0.00366479 0.0112311 -0.000272818 -0.000272818 -0.000272818 -0.000912552 -0.000912552
internal_weight=103.27 18.6732 9.18606 3.98223 84.5973 83.6877 36.3157 47.372 43.5213
internal_count=11173 2182 539 118 8991 8808 1123 7685 7049
is_linear=0
shrinkage=0.03


Tree=164
num_leaves=8
num_cat=0
split_feature=0 9 2 11 8 9 2
split_gain=0.0470159 0.0403855 0.0969206 0.229761 0.0358872 0.0162327 0.0134937
threshold=99.747155095256389 81.881313131313149 74.185728420930118 75.746434937611426 4.0408163265306127 2.6846846846846852 1.7039442039442041
decision_type=2 2 2 2 2 2 2
left_child=1 4 -3 -4 -1 -6 -7
right_child=-2 2 3 -5 5 6 -8
leaf_value=-0.0045304619316809906 0.0035079208912156506 -0.00040419575479227077 -0.00040419575479227077 0.0035079208912156506 -0.003174367256362361 -0.003174367256362361 -0.00040419575479227077
leaf_weight=0.90659597422927518 2.327679220121353 9.4957012565573695 5.239363245200364 3.994470072677359 1.0334646136034269 0.54407638707198103 79.677652826532722
leaf_count=183 40 1643 421 118 106 111 8551
internal_value=-1.18048e-06 -0.000115773 0.00110582 0.00319238 -0.000404196 -0.000404196 -0.000404196
internal_weight=103.219 100.891 18.7295 9.23383 82.1618 81.2552 80.2217
internal_count=11173 11133 2182 539 8951 8768 8662
is_linear=0
shrinkage=0.03


Tree=165
num_leaves=10
num_cat=0
split_feature=1 11 2 8 2 11 11 3 8
split_gain=0.0819745 0.0486557 0.0379499 0.0163973 0.186898 0.111365 0.0206124 0.225224 0.00578211
threshold=0.5263194343451133 99.751205292767011 99.019406016688649 72.665006226650078 98.055357874533669 96.887154296480745 47.214457831325305 73.940252569284837 4.0408163265306127
decision_type=2 2 2 2 2 2 2 2 2
left_child=-1 2 3 8 5 6 -5 -8 -2
right_child=1 -3 -4 4 -6 -7 7 -9 -10
leaf_value=-0.0058063542640298922 -0.0019054355895225365 0.0040774798467155286 0.0040774798467155286 -0.00031604597457431897 0.0040774798467155286 0.0040774798467155286 -0.00031604597457431897 0.0040774798467155286 -0.00031604597457431897
leaf_weight=1.1238511116243888 1.0995434555225063 1.759995775297283 1.0299816876649845 10.941236894810574 1.4383220016024996 2.4690654224250457 8.2954792452510464 10.864891480188815 65.059096470009536
leaf_count=46 205 34 23 1270 32 85 1001 405 8193
internal_value=2.84918e-05 0.000147423 3.9844e-05 -4.20377e-05 0.0004848 -0.000277537 -0.000316046 0.000871368 -0.000316046
internal_weight=104.081 102.958 101.198 100.168 34.009 32.5707 30.1016 19.1604 66.1586
internal_count=11294 11248 11214 11191 2793 2761 2676 1406 8398
is_linear=0
shrinkage=0.03


Tree=166
num_leaves=11
num_cat=0
split_feature=1 9 2 11 11 8 2 3 2 3
split_gain=0.0402154 0.0359431 0.0320241 0.0151212 0.0110736 0.0576061 0.188149 0.151446 0.0345728 0.0426518
threshold=0.5263194343451133 2.0620748299319733 99.019406016688649 99.751205292767011 20.048604467122598 72.665006226650078 76.127016344407664 60.609935673874297 97.765700483091805 99.747155095256389
decision_type=2 2 2 2 2 2 2 2 2 2
left_child=-1 -2 3 4 8 -6 -7 -8 9 -3
right_child=1 2 -4 -5 5 6 7 -9 -10 -11
leaf_value=-0.0040912815463845604 -0.0040912815463845604 -0.0027018747746742765 0.0039209179960023391 0.0022788547361322995 -0.0003887657113938367 -0.0003887657113938367 -0.0003887657113938367 0.0022788547361322995 -0.0003887657113938367 -0.0003887657113938367
leaf_weight=1.0800345581956197 0.4865322281839316 12.331769578857337 1.0280663964804251 1.8184520681388665 56.016439108527265 13.561842755065301 4.1865251193521571 12.105559543240814 0.93851339095272202 0.490549321984873
leaf_count=46 95 2196 23 34 6573 1713 298 283 24 9
internal_value=3.94696e-05 0.000121735 0.000187426 0.000111689 4.9882e-05 0.000178491 0.00122097 0.00227885 -0.000710385 -0.00192906
internal_weight=104.044 102.964 102.478 101.45 99.6312 85.8704 29.8539 16.2921 13.7608 12.8223
internal_count=11294 11248 11153 11130 11096 8867 2294 581 2229 2205
is_linear=0
shrinkage=0.03


Tree=167
num_leaves=11
num_cat=0
split_feature=1 2 11 1 3 3 8 2 11 1
split_gain=0.0432612 0.0313687 0.0139953 0.0156535 0.125307 0.0332836 0.0506883 0.187973 0.0586441 0.0177002
threshold=0.5263194343451133 99.019406016688649 99.751205292767011 5.3735940378956641 94.899319669059366 7.3393643368189334 72.665006226650078 74.869343325042806 47.810102301790288 2.564119422218424
decision_type=2 2 2 2 2 2 2 2 2 2
left_child=-1 2 3 4 9 -5 -7 -8 -9 -2
right_child=1 -3 -4 5 -6 6 7 8 -10 -11
leaf_value=-0.0042554895438691601 -0.0042554895438691601 0.0038231392353906463 0.0021373309148015854 -0.0023070970224412044 0.00011159892398543661 0.00011159892398543661 0.00011159892398543661 0.00011159892398543661 0.0021373309148015854 -0.0023070970224412044
leaf_weight=1.0694072579499323 3.4550330546917376 1.0244394291657943 1.8151336810551573 3.8613953316817051 1.7083907409105448 57.099498436553404 14.56118969502859 4.6581293318886337 11.447583491448311 3.3311319682979956
leaf_count=46 195 23 34 785 44 7351 1934 248 350 284
internal_value=4.00184e-05 0.000125137 5.11943e-05 -7.38768e-06 -0.00116743 0.000111599 0.000242804 0.00133195 0.00213733 -0.00394804
internal_weight=104.031 102.962 101.937 100.122 8.49456 91.6278 87.7664 30.6669 16.1057 6.78617
internal_count=11294 11248 11225 11191 523 10668 9883 2532 598 479
is_linear=0
shrinkage=0.03


Tree=168
num_leaves=9
num_cat=0
split_feature=1 9 11 8 1 3 11 1
split_gain=0.0435086 0.0358974 0.0111399 0.00785326 0.0713113 0.00493228 0.112407 0.0101475
threshold=0.5263194343451133 2.0620748299319733 99.751205292767011 4.0408163265306127 38.385073226149025 97.557993917347503 93.557035371443405 8.1657967190547236
decision_type=2 2 2 2 2 2 2 2
left_child=-1 -2 3 4 -3 7 -7 -5
right_child=1 2 -4 5 -6 6 -8 -9
leaf_value=-0.0042724841543838356 -0.0042724841543838356 -0.0042724841543838356 0.0020496032621109142 -0.00071052747657469949 0.00016815274068652012 0.00016815274068652012 0.0020496032621109142 0.00016815274068652012
leaf_weight=1.0697066823486228 0.48608220275491376 0.39169828942976781 1.8125882479362179 11.58223171008285 0.61198763002175838 7.3632612098008376 2.3727394831366837 78.337107974337414
leaf_count=46 95 60 34 772 116 255 33 9883
internal_value=3.48991e-05 0.00012032 0.00018577 0.000132376 -0.00173093 0.000168153 0.000813217 0.000168153
internal_weight=104.027 102.958 102.472 100.659 1.00369 99.6553 9.736 89.9193
internal_count=11294 11248 11153 11119 176 10943 288 10655
is_linear=0
shrinkage=0.03


Tree=169
num_leaves=12
num_cat=0
split_feature=1 9 2 11 11 1 2 1 8 2 1
split_gain=0.0407604 0.0365122 0.0279655 0.0147883 0.0111683 0.060952 0.0472081 0.10662 0.0238424 0.164343 0.148424
threshold=0.5263194343451133 2.0620748299319733 99.019406016688649 99.751205292767011 18.929582267689689 99.011087070788577 97.765700483091805 12.108993157380256 72.665006226650078 74.869343325042806 18.821805084522968
decision_type=2 2 2 2 2 2 2 2 2 2 2
left_child=-1 -2 3 4 6 8 7 -3 -6 -10 -11
right_child=1 2 -4 -5 5 -7 -8 -9 9 10 -12
leaf_value=-0.0041281504344666334 -0.0041281504344666334 -0.0041281504344666334 0.0036919331689071401 0.0022578682761209101 1.1614839310476755e-05 0.0022578682761209101 1.1614839310476755e-05 -0.00028785022674206596 1.1614839310476755e-05 1.1614839310476755e-05 0.0022578682761209101
leaf_weight=1.0652464542072255 0.48444515210576256 1.1403820317937015 1.0184678526129562 1.8414463321678329 56.036610682727769 1.2221825108863402 0.80740643548779267 10.799647749983704 12.832585384487176 6.4633464614162248 10.365568205947055
leaf_count=46 95 197 23 34 6607 78 22 1892 1682 263 355
internal_value=4.57538e-05 0.00012819 0.00019426 0.000123494 6.2022e-05 0.00018577 -0.000733904 -0.0019566 1.16148e-05 0.000848182 0.00225787
internal_weight=104.077 103.012 102.528 101.509 99.6677 86.9203 12.7474 11.94 85.6981 29.6615 16.8289
internal_count=11294 11248 11153 11130 11096 8985 2111 2089 8907 2300 618
is_linear=0
shrinkage=0.03


Tree=170
num_leaves=7
num_cat=0
split_feature=8 3 1 0 1 11
split_gain=0.0642045 0.149635 0.0325675 0.023151 0.0345799 0.0140314
threshold=13.136324417601381 87.645919666314583 48.288821674496432 99.747155095256389 99.747155095256389 99.751205292767011
decision_type=2 2 2 2 2 2
left_child=1 2 -1 4 5 -2
right_child=3 -3 -4 -5 -6 -7
leaf_value=-0.0079204536960658153 7.7426909810439146e-05 7.7426909810439146e-05 -0.0021062339998812953 0.0025548677349208969 0.0025548677349208969 0.0025548677349208969
leaf_weight=2.2669956437312058 91.141004899167456 1.0143124887254087 2.5386974412249401 2.3957048160955301 1.0351185768377025 1.5599522432312358
leaf_count=451 10034 114 520 41 28 30
internal_value=-0.000121325 -0.0029342 -0.00574082 7.74269e-05 7.74269e-05 7.74269e-05
internal_weight=101.952 5.82001 4.80569 96.1318 93.7361 92.701
internal_count=11218 1085 971 10133 10092 10064
is_linear=0
shrinkage=0.03


Tree=171
num_leaves=7
num_cat=0
split_feature=8 3 1 1 0 11
split_gain=0.0540796 0.140013 0.0293669 0.00990951 0.0290866 0.0142547
threshold=13.136324417601381 87.645919666314583 48.288821674496432 99.747155095256389 99.747155095256389 99.751205292767011
decision_type=2 2 2 2 2 2
left_child=1 2 -1 4 5 -2
right_child=3 -3 -4 -5 -6 -7
leaf_value=-0.0075841852132542209 5.689813260015122e-05 5.689813260015122e-05 -0.0020266945089520735 0.0021213583572852338 0.0021213583572852338 0.0021213583572852338
leaf_weight=2.2405847747577345 91.123734940425493 1.0143038800451902 2.5315175919095054 1.0933384457603086 2.3749216836877158 1.5563202169723798
leaf_count=451 10034 114 520 29 40 30
internal_value=-0.000125203 -0.00271355 -0.00549791 5.68981e-05 5.68981e-05 5.68981e-05
internal_weight=101.935 5.78641 4.7721 96.1483 95.055 92.6801
internal_count=11218 1085 971 10133 10104 10064
is_linear=0
shrinkage=0.03


Tree=172
num_leaves=13
num_cat=0
split_feature=1 0 1 1 11 11 3 2 11 3 11 3
split_gain=0.0295188 0.0616633 0.0544651 0.0308491 0.0424428 0.0419942 0.0379434 0.0240163 0.0191533 0.0178108 0.00430567 0.0039736
threshold=0.5263194343451133 99.747155095256389 99.747155095256389 29.974142942092218 3.3968580014454717 99.751205292767011 77.889504367653487 97.12394219858642 95.597438463584893 57.7981052168413 23.125404845187202 13.292128445581133
decision_type=2 2 2 2 2 2 2 2 2 2 2 2
left_child=-1 2 3 4 -2 7 8 -5 11 -10 -8 -6
right_child=1 -3 -4 5 6 -7 10 -9 9 -11 -12 -13
leaf_value=-0.0037402769000775956 -0.0037402769000775956 0.0040521152248471533 0.0040521152248471533 1.8074493014289468e-05 -0.0036012371255945233 0.0040521152248471533 -0.0015852481444737915 0.0027879429975289061 -0.0019323251002244999 1.8074493014289468e-05 1.8074493014289468e-05 -0.0019323251002244999
leaf_weight=0.97706313990056415 0.52450089959893276 2.2139657740481189 1.0997214729432006 56.909174508298747 1.6245682516601032 0.76833876315504213 1.2856538358610254 1.8173223887570191 1.2052067547338077 1.0227060297038404 16.68373606284149 15.786371382419018
leaf_count=43 94 33 38 7753 310 15 125 46 99 37 664 1961
internal_value=-0.000109825 -3.83377e-05 -0.000169779 -0.000270687 -0.000925186 0.000157168 -0.000676924 1.80745e-05 -0.00158136 1.80745e-05 1.80745e-05 -0.00193233
internal_weight=101.918 100.941 98.7273 97.6276 38.1327 59.4948 37.6082 58.7265 19.6389 2.22791 17.9694 17.4109
internal_count=11218 11175 11142 11104 3290 7814 3196 7799 2407 136 789 2271
is_linear=0
shrinkage=0.03


Tree=173
num_leaves=14
num_cat=0
split_feature=8 11 1 1 2 11 1 11 2 11 1 11 8
split_gain=0.0436803 0.0598876 0.0601232 0.0225443 0.022849 0.0816866 0.0379328 0.0564382 0.0464605 0.047467 0.0196764 0.0100438 0.00522479
threshold=13.136324417601381 5.6048780487804892 99.747155095256389 0.5263194343451133 93.069342801246293 42.18189832500736 21.683481895059916 99.751205292767011 90.285326086956545 87.094582748948127 29.974142942092218 76.158782313211745 4.0408163265306127
decision_type=2 2 2 2 2 2 2 2 2 2 2 2 2
left_child=10 -2 3 -3 6 -6 8 -8 -5 -10 12 -7 -1
right_child=1 2 -4 4 5 11 7 -9 9 -11 -12 -13 -14
leaf_value=-0.0074783544650733067 -0.0024479328393196428 -0.0024479328393196428 0.0052104672198532266 -0.0024479328393196428 -0.00010170881014380868 0.0011978097746413608 -0.00010170881014380868 0.0023698032195758846 -0.0024479328393196428 -0.00010170881014380868 -0.0024479328393196428 0.003026535688598341 -0.0024479328393196428
leaf_weight=0.35924247605726001 2.7755151819437733 0.89734904794022341 1.1157078118994821 12.723219655686984 5.6786116664297905 6.5640455790562529 53.773409402463585 0.80350926145911117 1.5080972397699963 1.5034859729930756 4.2445242868270725 8.8901895713061077 1.1283900265116242
leaf_count=58 504 33 25 1550 233 221 7249 15 90 29 793 184 234
internal_value=-0.000111686 5.12176e-05 0.00020976 9.41655e-05 0.00016153 0.00100238 -0.000101709 -0.000101709 -0.00153022 -0.000101709 -0.00244793 0.0023698 -0.00553461
internal_weight=101.965 96.2331 93.4576 92.3419 91.4446 21.1328 70.3117 54.5769 15.7348 3.01158 5.73216 15.4542 1.48763
internal_count=11218 10133 9629 9604 9571 638 8933 7264 1669 119 1085 405 292
is_linear=0
shrinkage=0.03


Tree=174
num_leaves=6
num_cat=0
split_feature=8 3 0 11 3
split_gain=0.0229294 0.10326 0.00599301 0.0143764 0.0126035
threshold=13.136324417601381 87.645919666314583 99.747155095256389 99.751205292767011 99.747155095256389
decision_type=2 2 2 2 2
left_child=1 -1 3 4 -2
right_child=2 -3 -4 -5 -6
leaf_value=-0.0045133045837436802 8.3963393981734196e-07 8.3963393981734196e-07 0.001255809053624323 0.001255809053624323 0.001255809053624323
leaf_weight=4.6433430834440506 90.323838932090439 1.0174503882881252 2.4246879108250132 1.5659357155673195 1.9843896499369282
leaf_count=971 10032 114 41 30 30
internal_value=-0.000116895 -0.00181918 8.39634e-07 8.39634e-07 8.39634e-07
internal_weight=101.96 5.66079 96.2989 93.8742 92.3082
internal_count=11218 1085 10133 10092 10062
is_linear=0
shrinkage=0.03


Tree=175
num_leaves=8
num_cat=0
split_feature=10 2 3 2 1 11 2
split_gain=0.16868 0.258581 0.207538 0.159573 0.0365794 0.00668538 0.0292627
threshold=95.861872146118728 93.069342801246293 66.930175394742335 46.90367888967328 18.821805084522968 94.57258159538118 90.97201538843386
decision_type=2 2 2 2 2 2 2
left_child=4 2 -2 -4 5 -1 -7
right_child=1 -3 3 -5 -6 6 -8
leaf_value=-0.0028964093580954998 -0.0014323024426947076 0.0093937515368282109 -0.0014323024426947076 0.0067309689202622713 -0.0014323024426947076 -0.0028964093580954998 -0.0014323024426947076
leaf_weight=19.078902902547274 3.0447047615889442 2.3846614616923025 1.2905429366510359 4.1812536341603845 67.483187695965171 1.3109490886563429 2.6024586304556578
leaf_count=1808 329 34 83 105 8669 109 58
internal_value=-0.00100347 0.00237695 -0.000368437 0.00412131 -0.0014323 -0.00263964 -0.0014323
internal_weight=101.377 10.9012 8.5165 5.4718 90.4755 22.9923 3.91341
internal_count=11195 551 517 188 10644 1975 167
is_linear=0
shrinkage=0.03


Tree=176
num_leaves=8
num_cat=0
split_feature=10 2 1 2 1 11 2
split_gain=0.130256 0.244505 0.200521 0.0466845 0.0359221 0.00481982 0.0299375
threshold=95.861872146118728 93.069342801246293 88.422487421729826 81.891274776525464 18.821805084522968 94.57258159538118 90.97201538843386
decision_type=2 2 2 2 2 2 2
left_child=4 2 3 -2 5 -1 -7
right_child=1 -3 -4 -5 -6 6 -8
leaf_value=-0.0028123538169128621 -0.0013874632493284739 0.0086980865931024203 0.0082567050339437693 0.0021819800852284849 -0.0013874632493284739 -0.0028123538169128621 -0.0013874632493284739
leaf_weight=18.956440915470015 3.9223118230001983 2.4521027486771336 1.0109920764807609 3.6290983436629176 67.353363323723897 1.3100229265401133 2.6033594035543501
leaf_count=1808 371 34 70 76 8669 109 58
internal_value=-0.00100885 0.00194982 -0.000690266 -0.00138746 -0.00138746 -0.00258541 -0.00138746
internal_weight=101.238 11.0145 8.5624 7.55141 90.2232 22.8698 3.91338
internal_count=11195 551 517 447 10644 1975 167
is_linear=0
shrinkage=0.03


Tree=177
num_leaves=10
num_cat=0
split_feature=1 3 9 1 9 2 11 1 1
split_gain=0.0144544 0.165256 0.138168 0.0419701 0.0371994 0.365835 0.215492 0.0268772 0.0243422
threshold=28.771964332546556 80.990449695996347 28.474903474903478 9.7593152712529783 72.792207792207805 84.86515310892942 29.43922734662446 1.7305976261200144 27.203051382780185
decision_type=2 2 2 2 2 2 2 2 2
left_child=1 2 3 -1 -2 -6 -7 -4 -5
right_child=4 -3 7 8 5 6 -8 -9 -10
leaf_value=-0.010431918096235223 -0.00075487475200623397 -0.00075487475200623397 -0.0048601508538438755 -0.0046288815470070356 -0.00075487475200623397 -0.00075487475200623397 0.012653333064104027 -0.0013321330062769723 -0.0013321330062769723
leaf_weight=2.0720868068747249 45.567221755394712 17.604704050347209 1.6298895729705609 2.4274822733132182 14.402721005491914 0.97709815925918464 2.1059213744010776 13.999710731906815 0.30150490603409696
leaf_count=192 5674 711 97 423 2175 57 82 1751 33
internal_value=-0.0010539 -0.00151757 -0.00358793 -0.00760697 -0.000754875 0.0006023 0.00868536 -0.00197018 -0.00323971
internal_weight=101.088 38.0354 20.4307 4.80107 63.053 17.4857 3.08302 15.6296 2.72899
internal_count=11195 3207 2496 648 7988 2314 139 1848 456
is_linear=0
shrinkage=0.03


Tree=178
num_leaves=6
num_cat=0
split_feature=10 2 1 1 2
split_gain=0.0949432 0.266681 0.205666 0.0308136 0.00588902
threshold=95.861872146118728 93.069342801246293 88.422487421729826 18.821805084522968 89.715705441511901
decision_type=2 2 2 2 2
left_child=3 2 -2 4 -1
right_child=1 -3 -4 -5 -6
leaf_value=-0.0032019873046649897 -0.0013534808699842372 0.00862158708552253 0.0080583804826714848 -0.0013534808699842372 -0.0018219588066078947
leaf_weight=8.7984951229300368 7.6040738952578959 2.412601046729832 1.1140032815746961 67.370745996129699 13.648833223152904
leaf_count=1384 447 34 70 8669 591
internal_value=-0.00102847 0.00148954 -0.00116822 -0.00135348 -0.00247637
internal_weight=100.949 11.1307 8.71808 89.8181 22.4473
internal_count=11195 551 517 10644 1975
is_linear=0
shrinkage=0.03


Tree=179
num_leaves=7
num_cat=0
split_feature=10 2 3 2 2 11
split_gain=0.105806 0.250891 0.252689 0.183771 0.0114747 0.00132613
threshold=95.861872146118728 93.069342801246293 63.38023088023089 46.90367888967328 1.7039442039442041 5.6048780487804892
decision_type=2 2 2 2 2 2
left_child=4 2 -2 -4 -1 -6
right_child=1 -3 3 -5 5 -7
leaf_value=-0.0041113339170990937 -0.0013721201972535764 0.0085520715347229426 -0.0013721201972535764 0.0070856050564283143 -0.0023302895902708913 -0.0013721201972535764
leaf_weight=0.62728225672617455 2.9405095288529974 2.4032025430351487 1.3167968508787451 4.5684937862679362 2.7615660498850039 86.329633560380898
leaf_count=131 322 34 85 110 565 9948
internal_value=-0.00102705 0.00161677 -0.000949845 0.00442079 -0.00137212 -0.00137212
internal_weight=100.947 11.229 8.8258 5.88529 89.7185 89.0912
internal_count=11195 551 517 195 10644 10513
is_linear=0
shrinkage=0.03


Tree=180
num_leaves=10
num_cat=0
split_feature=1 1 11 8 1 11 8 8 1
split_gain=0.0469876 0.0150174 0.0466531 0.0211577 0.0186192 0.0106544 0.0290644 0.0112719 0.00498492
threshold=99.463086280953632 85.328080153077508 97.94870446222528 4.0408163265306127 38.385073226149025 29.423624288425053 96.521476104053249 13.136324417601381 6.5354287591720519
decision_type=2 2 2 2 2 2 2 2 2
left_child=1 3 5 4 -1 -3 7 -7 -5
right_child=-2 2 -4 8 -6 6 -8 -9 -10
leaf_value=-0.0053995344537087877 0.0037745068976679113 -0.00025940286762909031 0.0037745068976679113 -0.00086636949323246602 -0.00025940286762909031 -0.00025940286762909031 0.0037745068976679113 0.00091264773090993852 -0.00025940286762909031
leaf_weight=0.37651935953181137 1.7642514617182303 2.6710320677375394 1.0492092829663295 11.360504340729674 0.41349684679880738 0.68996151676401307 0.45006353245116759 6.9826418056618422 74.448271488887258
leaf_count=71 84 490 38 694 98 92 46 914 8676
internal_value=-8.47178e-05 -0.000191143 0.000770071 -0.000329886 -0.00356373 -4.62098e-05 0.000797596 3.54163e-05 -0.000259403
internal_weight=100.206 98.4417 11.8429 86.5988 0.790016 10.7937 8.12267 7.6726 85.8088
internal_count=11203 11119 1580 9539 169 1542 1052 1006 9370
is_linear=0
shrinkage=0.03


Tree=181
num_leaves=9
num_cat=0
split_feature=1 11 8 1 11 8 1 1
split_gain=0.030546 0.15287 0.204244 0.172014 0.0875182 0.0196614 0.0177761 0.00315614
threshold=85.328080153077508 29.423624288425053 47.100840336134461 99.463086280953632 97.94870446222528 4.0408163265306127 38.385073226149025 6.5354287591720519
decision_type=2 2 2 2 2 2 2 2
left_child=5 -2 -3 4 -4 6 -1 -7
right_child=1 2 3 -5 -6 7 -8 -9
leaf_value=-0.0052858702404432086 -0.00031815336272689458 -0.00031815336272689458 0.00094889246881534625 0.013660444332304275 0.0088678017165462145 -0.00083877952134719057 -0.00031815336272689458 -0.00031815336272689458
leaf_weight=0.37352811172604461 3.1064615786308414 3.1903302844148111 5.3819370255805552 1.1899415126536039 0.76960213249549259 11.36138023494277 0.4135200729360804 74.454417643835768
leaf_count=71 533 446 633 29 23 694 98 8676
internal_value=-0.000107189 0.00116265 0.0035189 0.0061936 0.00304106 -0.000318153 -0.00347388 -0.000318153
internal_weight=100.241 13.6383 10.5318 7.34148 6.15154 86.6028 0.787048 85.8158
internal_count=11203 1664 1131 685 656 9539 169 9370
is_linear=0
shrinkage=0.03


Tree=182
num_leaves=9
num_cat=0
split_feature=1 11 8 1 11 8 1 1
split_gain=0.0212564 0.134942 0.183313 0.168268 0.0825895 0.0198563 0.0179217 0.0030367
threshold=85.328080153077508 29.423624288425053 47.100840336134461 99.747155095256389 97.94870446222528 4.0408163265306127 38.385073226149025 6.5354287591720519
decision_type=2 2 2 2 2 2 2 2
left_child=5 -2 -3 4 -4 6 -1 -7
right_child=1 2 3 -5 -6 7 -8 -9
leaf_value=-0.0052654533708169429 -0.0002766413276500817 -0.0002766413276500817 0.00099093740720944032 0.013835680104711 0.0086591151889596884 -0.00078657725807403415 -0.0002766413276500817 -0.0002766413276500817
leaf_weight=0.37226247123908152 3.1029962917091316 3.1902292654849571 5.6728515172144398 0.92538342624902714 0.76178856147453178 11.366889911587348 0.41335564129985869 74.41280213103164
leaf_count=71 533 446 649 13 23 694 98 8676
internal_value=-0.000100608 0.0009582 0.00325264 0.00580224 0.00294135 -0.000276641 -0.00344697 -0.000276641
internal_weight=100.219 13.6532 10.5503 7.36002 6.43464 86.5653 0.785618 85.7797
internal_count=11203 1664 1131 685 672 9539 169 9370
is_linear=0
shrinkage=0.03


Tree=183
num_leaves=9
num_cat=0
split_feature=1 11 8 1 11 8 1 1
split_gain=0.0222708 0.139643 0.19059 0.11138 0.0650136 0.020724 0.0170343 0.00272822
threshold=85.328080153077508 29.423624288425053 47.100840336134461 99.747155095256389 97.94870446222528 4.0408163265306127 38.385073226149025 6.5354287591720519
decision_type=2 2 2 2 2 2 2 2
left_child=5 -2 -3 4 -4 6 -1 -7
right_child=1 2 3 -5 -6 7 -8 -9
leaf_value=-0.0052526154631518714 -0.00026444974848470254 -0.00026444974848470254 0.0015238466094734187 0.012570355005092872 0.0085213978981068857 -0.00075261264880479314 -0.00026444974848470254 -0.00026444974848470254
leaf_weight=0.37137555715162207 3.1037695890991008 3.1898428404238057 5.7531219319207594 0.95345049770548929 0.76556438044644881 11.365570208639836 0.41332778229843825 74.340638211811893
leaf_count=71 533 446 649 13 23 694 98 8676
internal_value=-8.33518e-05 0.000995346 0.00331217 0.00588888 0.00336971 -0.00026445 -0.00350327 -0.00026445
internal_weight=100.257 13.7657 10.662 7.47214 6.51869 86.4909 0.784703 85.7062
internal_count=11203 1664 1131 685 672 9539 169 9370
is_linear=0
shrinkage=0.03


Tree=184
num_leaves=9
num_cat=0
split_feature=1 11 8 1 11 8 1 1
split_gain=0.0250845 0.141223 0.190581 0.102977 0.0676446 0.0202109 0.0177539 0.00197216
threshold=85.328080153077508 29.423624288425053 47.100840336134461 99.747155095256389 97.94870446222528 4.0408163265306127 38.385073226149025 6.5354287591720519
decision_type=2 2 2 2 2 2 2 2
left_child=5 -2 -3 4 -4 6 -1 -7
right_child=1 2 3 -5 -6 7 -8 -9
leaf_value=-0.0052461144872204858 -0.00024416399947798311 -0.00024416399947798311 0.0015722249943306748 0.012413144704027448 0.0086586656285955101 -0.0006707479031833357 -0.00024416399947798311 -0.00024416399947798311
leaf_weight=0.37043193099088867 3.1002106642117715 3.1881775786168856 5.7514696451835334 0.95654363371431816 0.80539788561873127 11.326374908210708 0.412825858569704 74.30146979726851
leaf_count=71 533 446 649 13 23 694 98 8676
internal_value=-5.12594e-05 0.00109139 0.00337844 0.00593581 0.00347329 -0.000244164 -0.00344319 -0.000244164
internal_weight=100.213 13.8018 10.7016 7.51341 6.55687 86.4111 0.783258 85.6278
internal_count=11203 1664 1131 685 672 9539 169 9370
is_linear=0
shrinkage=0.03


Tree=185
num_leaves=11
num_cat=0
split_feature=2 1 2 3 9 7 11 9 7 2
split_gain=0.0139839 0.0129162 0.068321 0.0439122 0.250298 0.0499585 0.025257 0.0176206 0.00138777 0.000317931
threshold=99.188495425809336 29.974142942092218 97.12394219858642 32.387082595202266 29.449472096530926 73.401360544217695 99.751205292767011 72.792207792207805 74.772727272727295 97.12394219858642
decision_type=2 2 2 2 2 2 2 2 2 2
left_child=1 3 6 4 5 -1 7 8 -3 -5
right_child=-2 2 -4 9 -6 -7 -8 -9 -10 -11
leaf_value=-0.012235879283086991 0.0031196454378805 0.00027395772621334577 0.0031196454378805 0.00027395772621334577 0.00027395772621334577 0.00027395772621334577 0.0031196454378805 0.0012312549318182161 0.0012312549318182161 0.00049785451170343553
leaf_weight=1.0252478185575444 0.60203351802192528 34.385108444257639 1.2898270240984846 27.851988551206887 3.9174349782988429 0.28305056376848359 0.92173400428146024 16.789386873366311 9.6311710431473312 6.2051192214712492
leaf_count=186 18 4608 32 2219 739 36 17 2256 919 130
internal_value=0.000329563 0.000283102 0.000546115 -0.000141904 -0.00246083 -0.0105794 0.000309903 0.000273958 0.000273958 0.000273958
internal_weight=102.902 102.3 63.0172 39.2828 5.22573 1.3083 61.7274 60.8057 44.0163 34.0571
internal_count=11160 11142 7832 3310 961 222 7800 7783 5527 2349
is_linear=0
shrinkage=0.03


Tree=186
num_leaves=6
num_cat=0
split_feature=11 9 7 2 5
split_gain=0.0139489 0.0547664 0.0286821 0.3377 0.457472
threshold=5.6048780487804892 70.106382978723417 74.772727272727295 74.185728420930118 72.015797476909228
decision_type=2 2 2 2 2
left_child=1 -1 -2 -4 -5
right_child=2 -3 3 4 -6
leaf_value=-0.0049495540454385688 0.00043599754609625793 0.00043599754609625793 0.00043599754609625793 0.00043599754609625793 0.00785035604886067
leaf_weight=1.1624556060414755 71.956333081587218 2.2177884209668264 12.028774097678253 3.0114531456492832 12.498312868759966
leaf_count=193 8467 427 1528 273 272
internal_value=0.000366881 -0.00130261 0.000435998 0.00139056 0.00490765
internal_weight=102.875 3.38024 99.4949 27.5385 15.5098
internal_count=11160 620 10540 2073 545
is_linear=0
shrinkage=0.03


Tree=187
num_leaves=12
num_cat=0
split_feature=2 11 9 9 5 9 2 2 0 2 0
split_gain=0.0168549 0.00978049 0.0487162 0.00497487 0.00190467 0.00734981 0.00418349 0.000402304 0.0132607 0.00555056 0.023409
threshold=99.188495425809336 5.6048780487804892 70.106382978723417 2.0620748299319733 24.441563560444166 58.863819500402911 6.4120699935506655 76.127016344407664 72.598391040302872 93.069342801246293 85.856122197585634
decision_type=2 2 2 2 2 2 2 2 2 2 2
left_child=1 2 -1 -3 5 -5 -6 -8 -9 -10 -11
right_child=-2 3 -4 4 6 -7 7 8 9 10 -12
leaf_value=-0.0046477467507503459 0.0033674007742772278 -0.001306584261364064 0.00032564195116253198 -0.0011041065221308569 0.00032564195116253198 0.00032564195116253198 0.00047361643603660526 0.00047361643603660526 0.00068082134844123969 0.00068082134844123969 0.0020973640051832349
leaf_weight=1.1513221907662221 0.61351492023095389 0.69777220021933217 2.2205449702451006 6.6220797091955301 1.5730825716163952 5.2826344220666215 35.933171236189082 5.9888716519344589 23.71797773509752 3.8950461931526688 15.188732840120791
leaf_count=193 18 99 427 1414 269 1091 5382 938 899 127 303
internal_value=0.000317903 0.000267179 -0.00112984 0.000325642 0.000350294 0.000325642 0.000472413 0.000584671 0.000655305 0.00103497 0.0014193
internal_weight=102.885 102.271 3.37187 98.8994 98.2016 11.9047 86.2969 84.7238 48.7906 42.8018 19.0838
internal_count=11160 11142 620 10522 10423 2505 7918 7649 2267 1329 430
is_linear=0
shrinkage=0.03


Tree=188
num_leaves=7
num_cat=0
split_feature=2 11 9 7 2 5
split_gain=0.0193835 0.0103846 0.0489271 0.0160734 0.250088 0.219753
threshold=99.188495425809336 5.6048780487804892 70.106382978723417 74.772727272727295 74.185728420930118 72.015797476909228
decision_type=2 2 2 2 2 2
left_child=1 2 -1 -3 -5 -6
right_child=-2 3 -4 4 5 -7
leaf_value=-0.0046715941449649466 0.0035969621921883429 0.00033904410661642455 0.00033904410661642455 0.00033904410661642455 0.00033904410661642455 0.0035969621921883429
leaf_weight=1.1502235661027946 0.6194988361094137 71.458965942030773 2.2191759757697582 12.004838899476455 3.0030742764938614 12.44432508992031
leaf_count=193 18 8451 427 1528 272 271
internal_value=0.000333258 0.000278855 -0.00116127 0.000339044 0.00105492 0.00359696
internal_weight=102.9 102.281 3.3694 98.9112 27.4522 15.4474
internal_count=11160 11142 620 10522 2071 543
is_linear=0
shrinkage=0.03


Tree=189
num_leaves=13
num_cat=0
split_feature=2 1 2 11 11 2 0 9 2 11 2 0
split_gain=0.0192145 0.0111136 0.0632969 0.0315362 0.0271916 0.0539156 0.0767347 0.0162405 0.266168 0.0472116 0.0107817 0.00217974
threshold=99.188495425809336 29.974142942092218 97.12394219858642 99.751205292767011 42.18189832500736 89.855618081424538 89.677251362033999 72.792207792207805 74.185728420930118 17.12401434673092 1.7039442039442041 40.075190899174082
decision_type=2 2 2 2 2 2 2 2 2 2 2 2
left_child=1 4 3 7 11 -6 -7 9 -9 -3 -11 -1
right_child=-2 2 -4 -5 5 6 -8 8 -10 10 -12 -13
leaf_value=-0.0028989567505158811 0.0035442756021669872 -0.0014346020921708583 0.0035442756021669872 0.0035442756021669872 -0.0014346020921708583 -0.0014346020921708583 0.00015477959507800718 0.00015477959507800718 0.0035442756021669872 -0.0014346020921708583 0.00015477959507800718 -0.0014346020921708583
leaf_weight=0.8746352139860275 0.61554143624380131 4.2835961707169181 1.2448772275820363 0.93566796788945694 14.20670345425606 4.830291573656722 9.9920803608838451 10.709988798480483 6.0795262998435637 0.45088779088109632 39.30268691375386 9.3515258036786673
leaf_count=262 18 696 32 17 1615 287 171 1900 356 89 4742 975
internal_value=0.000292685 0.00023898 0.000483011 0.000278539 -0.000154975 0.00015478 0.00015478 0.00015478 0.00106196 0.00015478 0.00015478 -0.0014346
internal_weight=102.878 102.262 63.0072 61.7624 39.2552 29.0291 14.8224 60.8267 16.7895 44.0372 39.7536 10.2262
internal_count=11160 11142 7832 7800 3310 2073 458 7783 2256 5527 4831 1237
is_linear=0
shrinkage=0.03


Tree=190
num_leaves=10
num_cat=0
split_feature=1 11 3 2 9 3 9 1 2
split_gain=0.0421983 0.186492 0.360477 0.184893 0.0173619 0.0152034 0.0371844 0.0179943 0.00413242
threshold=80.213941981108476 29.423624288425053 89.530182478595535 45.681541912603244 2.6846846846846852 13.292128445581133 95.932156646442365 66.930175394742335 83.310688405797109
decision_type=2 2 2 2 2 2 2 2 2
left_child=4 -2 8 -4 -1 6 7 -6 -3
right_child=1 2 3 -5 5 -7 -8 -9 -10
leaf_value=-0.0029353848681582494 -0.00013832922825826941 -0.00013832922825826941 0.0010731923381079433 0.013224763883239052 -0.0029353848681582494 -0.00013832922825826941 -0.00013832922825826941 -0.00013832922825826941 0.0012997176775895931
leaf_weight=0.9997138436883678 4.227087450213733 8.146625960944208 1.8473292151466001 2.9257152967620641 3.9590073855360961 77.445417249691673 0.37916718225460488 1.0015618030447511 0.82441308465786356
leaf_count=117 724 1280 132 74 856 7727 65 197 28
internal_value=0.000149381 0.00142732 0.00367469 0.00952225 -0.000138329 -0.000138329 -0.00162936 -0.00293538 -7.94785e-05
internal_weight=101.756 17.9712 13.7441 4.77304 83.7849 82.7852 5.33974 4.96057 8.97104
internal_count=11200 2238 1514 206 8962 8845 1118 1053 1308
is_linear=0
shrinkage=0.03


Tree=191
num_leaves=10
num_cat=0
split_feature=1 11 3 2 3 2 1 2 1
split_gain=0.0541313 0.203056 0.393855 0.215724 0.0128354 0.0103441 0.0119189 0.00385988 0.00101992
threshold=80.213941981108476 29.423624288425053 89.530182478595535 45.681541912603244 8.1657967190547236 6.4120699935506655 70.433562760870174 83.310688405797109 29.974142942092218
decision_type=2 2 2 2 2 2 2 2 2
left_child=4 -2 7 -4 -1 6 -6 -3 -7
right_child=1 2 3 -5 5 8 -8 -9 -10
leaf_value=-0.0018236152491238427 -0.00017818543463218438 -0.00017818543463218438 0.00091650139410493782 0.01382828396863971 -0.0018236152491238427 -0.00044959593456876283 -0.00017818543463218438 0.0012270278372876068 -0.00017818543463218438
leaf_weight=3.2784217216540119 4.2250077286735204 8.146612653974433 1.8524841896723945 3.0150128768291324 0.90988199249841162 37.827647234895267 0.44128865981474519 0.8245294941589244 41.183688590419479
leaf_count=678 724 1280 132 74 205 3074 97 28 4908
internal_value=0.000148602 0.00159171 0.0038644 0.00990798 -0.000178185 -0.000178185 -0.00182362 -7.94926e-05 -0.000178185
internal_weight=101.705 18.0636 13.8386 4.8675 83.6409 80.3625 1.35117 8.97114 79.0113
internal_count=11200 2238 1514 206 8962 8284 302 1308 7982
is_linear=0
shrinkage=0.03


Tree=192
num_leaves=8
num_cat=0
split_feature=9 11 7 3 2 9 2
split_gain=0.0299472 0.0601622 0.0127037 0.174398 0.299093 0.131043 0.00828928
threshold=2.6846846846846852 42.18189832500736 73.956521739130451 88.046129374337241 41.64462599739327 54.34873949579832 98.176477372173665
decision_type=2 2 2 2 2 2 2
left_child=1 -1 -2 6 -5 -6 -4
right_child=2 -3 3 4 5 -7 -8
leaf_value=-0.0072133192160657748 0.00026789246433760248 0.00026789246433760248 0.00026789246433760248 0.00026789246433760248 0.001522592048790052 0.0099778721364453347 0.001522592048790052
leaf_weight=0.46124779363162705 72.217425670591183 0.70666400738991797 18.06330175173936 1.8290468119084815 2.878242974402383 4.8302271424327046 0.78005944611504574
leaf_count=41 8765 106 1971 112 77 110 18
internal_value=0.000195275 -0.00329799 0.000267892 0.00089366 0.00426711 0.00735815 0.000267892
internal_weight=101.766 1.16791 100.598 28.3809 9.53752 7.70847 18.8434
internal_count=11200 147 11053 2288 299 187 1989
is_linear=0
shrinkage=0.03


Tree=193
num_leaves=9
num_cat=0
split_feature=1 11 3 2 3 2 5 11
split_gain=0.0607898 0.172013 0.254352 0.206848 0.0284292 0.0268536 0.0192818 0.0139472
threshold=85.328080153077508 29.423624288425053 89.158259052470058 45.681541912603244 8.1657967190547236 81.891274776525464 46.293928199299053 87.45314009661837
decision_type=2 2 2 2 2 2 2 2
left_child=4 -2 5 -4 6 -3 7 -1
right_child=1 2 3 -5 -6 -7 -8 -9
leaf_value=-0.0039139901821805406 -0.00010369709158160587 -0.00010369709158160587 0.00040615157146010753 0.013508163222822557 -0.00010369709158160587 0.0038160502120676686 -0.00010369709158160587 -0.00010369709158160587
leaf_weight=2.824449671665207 3.1808055100264019 6.0622376070823503 1.461211007088423 2.4118496901355684 84.342523657833226 0.70511343632824708 0.26768346410244692 0.43698526127263893
leaf_count=609 537 934 107 55 8818 24 24 92
internal_value=0.00019492 0.00197235 0.00423083 0.00945891 -0.000103697 0.000406152 -0.00248102 -0.00327883
internal_weight=101.693 13.8212 10.6404 3.87306 87.8716 6.76735 3.52912 3.26143
internal_count=11200 1657 1120 162 9543 958 725 701
is_linear=0
shrinkage=0.03


Tree=194
num_leaves=10
num_cat=0
split_feature=1 11 3 2 2 3 7 7 1
split_gain=0.0626119 0.17275 0.247533 0.206826 0.0291901 0.0183517 0.0100275 0.00614389 0.00295553
threshold=85.328080153077508 29.423624288425053 89.158259052470058 45.681541912603244 81.891274776525464 8.1657967190547236 88.284313725490208 75.204918032786892 44.315487124678533
decision_type=2 2 2 2 2 2 2 2 2
left_child=5 -2 4 -4 -3 6 8 -7 -1
right_child=1 2 3 -5 -6 7 -8 -9 -10
leaf_value=-0.0035257479778748849 -0.00010993830501082118 -0.00010993830501082118 0.00045471456684794179 0.013394935740314362 0.0039826231256965385 -0.00043132295574495365 -0.00010993830501082118 -0.00010993830501082118 -0.0009034118766946456
leaf_weight=1.2797431640792636 3.1788317287573582 6.0604969158302975 1.469132022932172 2.4454135238192976 0.71728813694789995 61.282345924177207 0.60593627102207381 23.059039736050181 1.6017317745136095
leaf_count=304 537 934 107 55 24 7101 89 1717 332
internal_value=0.000193646 0.001994 0.00424072 0.00936957 0.000454715 -0.000109938 -0.00202914 -0.000109938 -0.00267636
internal_weight=101.7 13.8712 10.6923 3.91455 6.77779 87.8288 3.48741 84.3414 2.88147
internal_count=11200 1657 1120 162 958 9543 725 8818 636
is_linear=0
shrinkage=0.03


Tree=195
num_leaves=11
num_cat=0
split_feature=11 1 8 2 3 2 3 3 3 1
split_gain=0.0919433 0.0307534 0.0164564 0.0277804 0.122051 0.0487424 0.0973218 0.0220296 0.017434 2.70394e-07
threshold=5.6048780487804892 99.747155095256389 8.3920187793427239 82.605554556774067 97.127859017622811 89.855618081424538 31.611932337701926 91.457095918109459 93.392388196789184 27.203051382780185
decision_type=2 2 2 2 2 2 2 2 2 2
left_child=9 2 7 -4 5 -5 -7 -2 -8 -1
right_child=1 -3 3 4 -6 6 8 -9 -10 -11
leaf_value=-0.0059709133009531856 -0.0030658500223124134 0.0036455705181125163 -0.00016300588488028247 -0.00016300588488028247 0.0036455705181125163 -0.00016300588488028247 0.0017775069600436493 -0.00016300588488028247 0.0036455705181125163 -0.0030658500223124134
leaf_weight=0.74534885853063615 2.4284989809384583 1.460831178119405 50.585766781587154 14.705406254157422 4.7444200906902543 2.6611835536314201 19.776261167251512 0.2723270971328019 2.3699362876359364 2.4792573577724397
leaf_count=145 537 36 8047 917 77 233 626 38 43 480
internal_value=0.000148048 0.000329786 0.000243638 0.000317137 0.000857413 0.000221591 0.00122734 -0.00172566 0.00227434 -0.00418909
internal_weight=102.229 99.0046 97.5438 94.843 44.2572 39.5128 24.8074 2.70083 22.1462 3.22461
internal_count=11179 10554 10518 9943 1896 1819 902 575 669 625
is_linear=0
shrinkage=0.03


Tree=196
num_leaves=9
num_cat=0
split_feature=1 2 8 2 3 2 3 8
split_gain=0.019703 0.00876492 0.00686451 0.00587507 0.0850468 0.0129533 0.0640316 0.00369377
threshold=99.747155095256389 1.7039442039442041 4.0408163265306127 82.605554556774067 99.747155095256389 98.176477372173665 85.328080153077508 16.428133306072379
decision_type=2 2 2 2 2 2 2 2
left_child=1 -1 -3 7 5 -5 -7 -4
right_child=-2 2 3 4 -6 6 -8 -9
leaf_value=-0.0021926092981270121 0.002739421191291442 -0.0016639012837551671 -0.00089478213625151007 -8.6062441487362256e-05 0.002739421191291442 -8.6062441487362256e-05 0.002739421191291442 -8.6062441487362256e-05
leaf_weight=0.53248195652849872 1.534407460829242 0.96588744758628209 4.0942835796158752 39.748088938067667 1.4055742355994869 2.3446729567367575 2.2228933307342231 49.308717079926282
leaf_count=120 43 229 948 1931 15 77 30 7786
internal_value=0.000126701 6.0295e-05 9.38516e-05 0.000127427 0.00037329 -2.22668e-05 0.00137283 -8.60624e-05
internal_weight=102.157 100.623 100.09 99.1242 45.7212 44.3157 4.56757 53.403
internal_count=11179 11136 11016 10787 2053 2038 107 8734
is_linear=0
shrinkage=0.03


Tree=197
num_leaves=8
num_cat=0
split_feature=11 1 8 2 1 2 2
split_gain=0.0862553 0.026798 0.0105995 0.0175114 0.00639282 0.00613919 0.00337037
threshold=5.6048780487804892 99.747155095256389 8.3920187793427239 93.069342801246293 27.203051382780185 1.7039442039442041 82.605554556774067
decision_type=2 2 2 2 2 2 2
left_child=4 2 -2 5 -1 -4 -7
right_child=1 -3 3 -5 -6 6 -8
leaf_value=-0.0060021231414382819 -0.0013687795243536259 0.0034154472237283399 -0.0013687795243536259 0.0010141390266408803 -0.0019334881729583121 -3.6766242227181869e-05 0.0003987835858621652
leaf_weight=0.73748413601424623 2.6183440083404994 1.4486411425750692 0.49539522244594891 21.880037316470407 2.4684340598760173 50.070869306917302 22.391493669594638
leaf_count=145 575 36 112 675 480 7935 1221
internal_value=0.000136362 0.000312248 0.000231899 0.000289913 -0.00407397 6.19417e-05 0.000101419
internal_weight=102.111 98.9048 97.4561 94.8378 3.20592 72.9578 72.4624
internal_count=11179 10554 10518 9943 625 9268 9156
is_linear=0
shrinkage=0.03


Tree=198
num_leaves=10
num_cat=0
split_feature=11 2 1 8 2 9 9 2 9
split_gain=0.0852187 0.0260192 0.0446697 0.0112177 0.0147379 0.320958 0.0337486 0.00973243 0.0036137
threshold=5.6048780487804892 1.7039442039442041 99.747155095256389 8.2762557077625569 82.605554556774067 95.932156646442365 9.5242502776749358 98.176477372173665 51.266025641025642
decision_type=2 2 2 2 2 2 2 2 2
left_child=-1 8 3 -3 6 7 -5 -6 -2
right_child=1 2 -4 4 5 -7 -8 -9 -10
leaf_value=-0.0040589831951735426 -0.0040589831951735426 -0.0014179914478878806 0.0044046662226956152 -0.0014179914478878806 -3.5006623968078286e-05 0.0044046662226956152 -3.5006623968078286e-05 0.0013388942826009335 -0.0014179914478878806
leaf_weight=3.1965906157856798 0.30764975911006232 2.4931002486264324 1.4055354641750444 3.6894389082444823 37.522967382101342 2.2023096962366244 46.449653965537436 4.5633302205242208 0.25515541434288025
leaf_count=625 62 544 34 561 1725 73 7395 102 58
internal_value=0.000130707 0.000305418 0.000362942 0.000259946 0.000318642 0.00071094 -3.50066e-05 -3.50066e-05 -0.00354601
internal_weight=102.086 98.8891 98.3263 96.9208 94.4277 44.2886 50.1391 42.0863 0.562805
internal_count=11179 10554 10434 10400 9856 1900 7956 1827 120
is_linear=0
shrinkage=0.03


Tree=199
num_leaves=9
num_cat=0
split_feature=11 2 1 8 1 2 1 1
split_gain=0.0854601 0.0245738 0.0421601 0.0106559 0.0411747 0.00524843 0.00611132 0.00324774
threshold=5.6048780487804892 1.7039442039442041 99.747155095256389 8.2762557077625569 42.33285233285234 93.069342801246293 7.7734098265012719 86.49976529494603
decision_type=2 2 2 2 2 2 2 2
left_child=-1 -2 3 4 -3 7 -7 -5
right_child=1 2 -4 5 -6 6 -8 -9
leaf_value=-0.0040979662615728933 -0.0034510640412082245 -0.0034510640412082245 0.0042716518271660167 0.000308339179516856 0.000308339179516856 0.000308339179516856 0.001159213387843178 0.00094372737653488075
leaf_weight=3.1510024826275176 0.55971976974978943 0.88775763078592662 1.4130282916594286 62.031982358777896 1.5958268451504407 8.5681100968504342 13.38413935981225 10.426816073246298
leaf_count=625 120 204 34 7925 340 259 418 1254
internal_value=0.000121373 0.000295535 0.000351403 0.000251182 -0.00138639 0.000308339 0.000766535 0.000308339
internal_weight=102.018 98.8674 98.3077 96.8946 2.48358 94.411 21.9522 72.4588
internal_count=11179 10554 10434 10400 544 9856 677 9179
is_linear=0
shrinkage=0.03


Tree=200
num_leaves=7
num_cat=0
split_feature=10 1 4 1 2 4
split_gain=0.0201999 0.26565 0.482677 0.0346157 0.00190158 0.00124267
threshold=92.907444668008068 84.953329361364112 52.686797018947836 24.441563560444166 87.639127268944733 82.930081300813029
decision_type=2 2 2 2 2 2
left_child=3 5 -3 4 -1 -2
right_child=1 2 -4 -5 -6 -7
leaf_value=-0.0011356631629074177 0.00027016799702408697 0.00027016799702408697 0.017177403707684776 0.00027016799702408697 -0.00054252763845922993 0.0014435865224671821
leaf_weight=10.184858435182834 5.0944562947843188 0.91780510568059925 1.4324799769092349 59.650858638924547 15.512701594852841 7.1020510375965387
leaf_count=1715 534 103 36 7791 741 152
internal_value=0.00045487 0.00145146 0.009094 0.000270168 -0.000811341 0.000270168
internal_weight=99.8952 14.5468 2.35029 85.3484 25.6976 12.1965
internal_count=11072 825 139 10247 2456 686
is_linear=0
shrinkage=0.03


Tree=201
num_leaves=6
num_cat=0
split_feature=11 11 10 8 10
split_gain=0.0388292 0.0287796 0.0660779 0.0174127 0.267118
threshold=99.751205292767011 5.6048780487804892 65.733855185909988 72.665006226650078 71.525096525096544
decision_type=2 2 2 2 2
left_child=1 2 -1 -3 -5
right_child=-2 3 -4 4 -6
leaf_value=-0.0054630682538698277 0.0038102937878569296 0.00044997664415667786 0.00044997664415667786 0.00044997664415667786 0.0038102937878569296
leaf_weight=1.4816571548581117 2.0253575711976728 62.439611218054779 1.4750695771072058 20.54565739328973 11.920827057212589
leaf_count=332 39 7807 264 2002 628
internal_value=0.000457031 0.000349794 -0.00216692 0.000449977 0.00113869
internal_weight=99.8882 97.8628 2.95673 94.9061 32.4665
internal_count=11072 11033 596 10437 2630
is_linear=0
shrinkage=0.03


Tree=202
num_leaves=7
num_cat=0
split_feature=11 7 2 8 11 2
split_gain=0.0649301 0.0394168 0.170201 0.224363 0.00235087 0.000441388
threshold=99.751205292767011 74.772727272727295 74.185728420930118 61.152570480928695 40.727299441669125 6.4120699935506655
decision_type=2 2 2 2 2 2
left_child=1 5 -3 4 -4 -1
right_child=-2 2 3 -5 -6 -7
leaf_value=-0.00040256314813182076 0.004735648994207111 -5.9977054689349463e-05 -5.9977054689349463e-05 0.004735648994207111 0.0017754150635903318 -5.9977054689349463e-05
leaf_weight=2.4153785195667288 2.0998971611261359 12.206916742608884 1.0588185365777452 9.540531315840779 4.4718524068593979 68.141792379785329
leaf_count=469 39 1648 101 273 201 8341
internal_value=0.000457287 0.000318473 0.00126487 0.00349249 -5.99771e-05 -5.99771e-05
internal_weight=99.9352 97.8353 27.2781 15.0712 5.53067 70.5572
internal_count=11072 11033 2223 575 302 8810
is_linear=0
shrinkage=0.03


Tree=203
num_leaves=7
num_cat=0
split_feature=11 11 10 9 10 2
split_gain=0.0952431 0.0287412 0.0645088 0.0157278 0.153506 0.000181151
threshold=99.751205292767011 5.6048780487804892 65.733855185909988 82.392686804451515 70.074626865671661 31.201213484678053
decision_type=2 2 2 2 2 2
left_child=1 2 -1 -3 -5 -4
right_child=-2 3 5 4 -6 -7
leaf_value=-0.0054804077951582974 0.0055732662852276543 0.00039326170341691055 -0.0017472653753555212 0.00039326170341691055 0.0055732662852276543 0.00039326170341691055
leaf_weight=1.470524572883732 2.180904589360579 79.281933671562001 0.33726166130509194 11.180849014664998 4.3667796157533294 1.1380689721554516
leaf_count=332 39 8724 77 1446 267 187
internal_value=0.000461984 0.000292706 -0.00222357 0.000393262 0.00132318 0.000393262
internal_weight=99.9563 97.7754 2.94586 94.8296 15.5476 1.47533
internal_count=11072 11033 596 10437 1713 264
is_linear=0
shrinkage=0.03


Tree=204
num_leaves=9
num_cat=0
split_feature=11 7 8 5 2 1 9 1
split_gain=0.0808327 0.0421747 0.191746 0.396704 0.143227 0.00577566 0.00457511 0.000581014
threshold=99.751205292767011 74.772727272727295 61.152570480928695 72.015797476909228 39.008698388143451 89.530182478595535 97.27878563495004 28.771964332546556
decision_type=2 2 2 2 2 2 2 2
left_child=1 5 -3 -4 -5 6 7 -1
right_child=-2 2 3 4 -6 -7 -8 -9
leaf_value=-0.00059465823772926029 0.0051283404300514175 -7.8688564697830925e-05 -7.8688564697830925e-05 -7.8688564697830925e-05 0.0051283404300514175 -7.8688564697830925e-05 -7.8688564697830925e-05 -0.00037264510857693055
leaf_weight=23.664213117095642 2.2520078320521852 10.711415091762321 4.4136742091504884 1.5907782230060536 10.645990051096303 7.6732047208352006 1.9165160794509564 37.085164029384032
leaf_count=2409 39 1186 700 93 244 918 316 5167
internal_value=0.000472202 0.000314007 0.00129069 0.00349772 0.00512834 -7.86886e-05 -0.000364597 -0.000467357
internal_weight=99.953 97.701 27.3619 16.6504 12.2368 70.3391 62.6659 60.7494
internal_count=11072 11033 2223 1037 337 8810 7892 7576
is_linear=0
shrinkage=0.03


Tree=205
num_leaves=5
num_cat=0
split_feature=10 11 0 11
split_gain=0.0254067 0.0670429 0.0382005 0.00219146
threshold=2.541827541827542 42.18189832500736 99.747155095256389 99.751205292767011
decision_type=2 2 2 2
left_child=1 -1 3 -2
right_child=2 -3 -4 -5
leaf_value=-0.0080302114556998726 -0.00052330473540741112 -0.00052330473540741112 0.0028220428695477206 0.00053532219526049817
leaf_weight=0.49553834600374003 96.651578467222862 0.47419215855188668 2.0965247913263729 1.8716213428415347
leaf_count=55 11026 57 37 33
internal_value=-0.000594959 -0.00398959 -0.000523305 -0.000523305
internal_weight=101.589 0.969731 100.62 98.5232
internal_count=11208 112 11096 11059
is_linear=0
shrinkage=0.03


Tree=206
num_leaves=7
num_cat=0
split_feature=0 1 10 11 9 10
split_gain=0.0369698 0.0209651 0.108543 0.0812857 0.0322975 0.00945203
threshold=99.747155095256389 92.638025726261034 54.964788732394375 29.423624288425053 6.4946018893387318 2.541827541827542
decision_type=2 2 2 2 2 2
left_child=1 4 -3 -4 -1 -6
right_child=-2 2 3 -5 5 -7
leaf_value=-0.0031893534636217185 0.0026536483899433803 -0.00082291586989883202 -0.00082291586989883202 0.0026536483899433803 -0.0031893534636217185 -0.00082291586989883202
leaf_weight=4.3115633444394907 2.0985214142128816 3.6548837975133193 0.92855668358970422 3.7225463784998283 0.84555188263766368 86.018962859176099
leaf_count=488 38 473 130 262 92 9725
internal_value=-0.000596719 -0.000691011 0.000689768 0.00265365 -0.000822916 -0.000822916
internal_weight=101.581 99.4821 8.30599 4.6511 91.1761 86.8645
internal_count=11208 11170 865 392 10305 9817
is_linear=0
shrinkage=0.03


Tree=207
num_leaves=7
num_cat=0
split_feature=10 11 0 1 11 11
split_gain=0.025093 0.0679121 0.0367582 0.0117628 0.0496233 0.00636693
threshold=2.541827541827542 42.18189832500736 99.747155095256389 92.638025726261034 29.423624288425053 98.543655001767419
decision_type=2 2 2 2 2 2
left_child=1 -1 3 -2 -5 -6
right_child=2 -3 -4 4 5 -7
leaf_value=-0.008071234959164255 -0.00052899141656638157 -0.00052899141656638157 0.0027614733305510314 -0.00052899141656638157 0.0012605010193831086 0.0027614733305510314
leaf_weight=0.49045185884460707 90.23963827942498 0.47480893298052251 2.0813436163589349 1.9028557102428729 5.8092533935559914 0.57428394397720683
leaf_count=55 10197 57 37 304 543 15
internal_value=-0.000600239 -0.00397846 -0.000528991 -0.000528991 0.000597978 0.00224301
internal_weight=101.573 0.965261 100.607 98.526 8.28639 6.38354
internal_count=11208 112 11096 11059 862 558
is_linear=0
shrinkage=0.03


Tree=208
num_leaves=9
num_cat=0
split_feature=1 2 10 11 11 1 9 11
split_gain=0.0173506 0.0169694 0.00998496 0.032277 0.00296261 0.0241093 0.0394327 0.0227117
threshold=0.5263194343451133 1.7039442039442041 2.541827541827542 42.18189832500736 6.9920329823388494 92.638025726261034 99.375000000000014 98.543655001767419
decision_type=2 2 2 2 2 2 2 2
left_child=-1 -2 3 -3 -4 6 -6 -7
right_child=1 2 4 -5 5 7 -8 -9
leaf_value=-0.0033960286418701427 -0.0033960286418701427 -0.0033960286418701427 -0.0011733835057081107 -0.00043571122562863966 -0.00043571122562863966 0.0011639410967090966 0.0011639410967090966 0.0048874641162760055
leaf_weight=0.99370498326606949 0.71132671181112428 0.43949920707382162 3.9312642570585004 0.47491366090252995 86.188472995418124 7.0493034491082645 1.2129489390645165 0.57200905261561263
leaf_count=46 142 53 752 57 9234 736 173 15
internal_value=-0.000598887 -0.000538092 -0.000482071 -0.00265078 -0.000435711 -0.00039329 -0.000435711 0.00116394
internal_weight=101.573 100.58 99.8684 0.914413 98.954 95.0227 87.4014 7.62131
internal_count=11208 11162 11020 110 10910 10158 9407 751
is_linear=0
shrinkage=0.03


Tree=209
num_leaves=8
num_cat=0
split_feature=0 1 2 10 9 2 10
split_gain=0.0372532 0.0214202 0.129131 0.121119 0.0231827 0.0095607 0.00585902
threshold=99.747155095256389 92.638025726261034 57.055459820902563 94.797297297297305 6.4946018893387318 1.7039442039442041 2.541827541827542
decision_type=2 2 2 2 2 2 2
left_child=1 4 3 -3 -1 -6 -7
right_child=-2 2 -4 -5 5 6 -8
leaf_value=-0.0028401241059846883 0.0026744831037247068 -0.00081996868174775094 0.0026744831037247068 0.0026744831037247068 -0.0028401241059846883 -0.0028401241059846883 -0.00081996868174775094
leaf_weight=4.277285299380309 2.0923115545883766 4.8819302282063273 2.4278611997142434 1.0980788632296024 0.50401146127842267 0.83053735177963872 85.488703147275373
leaf_count=488 38 688 116 61 107 90 9620
internal_value=-0.000591178 -0.00068577 0.000700894 -0.000819969 -0.000819969 -0.000819969 -0.000819969
internal_weight=101.601 99.5084 8.40787 5.98001 91.1005 86.8233 86.3192
internal_count=11208 11170 865 749 10305 9817 9710
is_linear=0
shrinkage=0.03


Tree=210
num_leaves=8
num_cat=0
split_feature=9 1 1 11 1 3 9
split_gain=0.0674912 0.272788 0.0311674 0.0507857 0.00891608 0.00233549 0.000358472
threshold=6.4946018893387318 92.638025726261034 29.577122275678949 99.751205292767011 99.747155095256389 6.9885995595284376 6.896879756468798
decision_type=2 2 2 2 2 2 2
left_child=1 -1 -2 4 5 -4 -7
right_child=2 -3 3 -5 -6 6 -8
leaf_value=-0.0080361468497229666 -0.00072734918164654456 -4.6647205378006894e-05 -4.6647205378006894e-05 0.0048368472869971544 0.0022119492074217026 -4.6647205378006894e-05 0.00023019698018969591
leaf_weight=3.8530948850093401 36.539261137135327 0.75147956167347718 2.7084740633144966 1.2101065991446365 0.92289113253354926 0.45055333501659234 55.191965028876439
leaf_count=488 3155 54 541 18 27 26 6889
internal_value=-0.000232035 -0.00343304 -4.66472e-05 0.000369716 0.000199783 0.000131225 0.000218492
internal_weight=101.628 4.60457 97.0233 60.484 59.2739 58.351 55.6425
internal_count=11198 542 10656 7501 7483 7456 6915
is_linear=0
shrinkage=0.03


Tree=211
num_leaves=7
num_cat=0
split_feature=9 1 2 1 1 2
split_gain=0.0487138 0.244843 0.204144 0.00983713 0.0052816 0.0419193
threshold=6.4946018893387318 92.638025726261034 97.260207261960446 99.747155095256389 29.577122275678949 82.605554556774067
decision_type=2 2 2 2 2 2
left_child=1 2 -1 4 -2 -6
right_child=3 -3 -4 -5 5 -7
leaf_value=-0.01027672492665223 -6.5823211471066796e-05 -6.5823211471066796e-05 -6.5823211471066796e-05 0.0020820987128163798 -6.5823211471066796e-05 0.0014641922771922347
leaf_weight=3.3206083053955804 36.58711884659715 0.74970148713327933 0.49338044133037318 0.91993477661162515 42.394872543518431 17.22291260806378
leaf_count=477 3155 54 11 27 6769 705
internal_value=-0.000222896 -0.00295308 -0.00750962 -6.58232e-05 -6.58232e-05 0.000219278
internal_weight=101.689 4.56369 3.81399 97.1248 96.2049 59.6178
internal_count=11198 542 488 10656 10629 7474
is_linear=0
shrinkage=0.03


Tree=212
num_leaves=6
num_cat=0
split_feature=1 11 9 1 2
split_gain=0.0340145 0.26538 0.0598462 0.153207 0.177034
threshold=98.657715702384053 31.116424718987858 6.4946018893387318 92.638025726261034 97.054512711307424
decision_type=2 2 2 2 2
left_child=2 -2 3 4 -1
right_child=1 -3 -4 -5 -6
leaf_value=-0.0094640756744286351 -0.00035139528095412043 0.0093151243908154661 -0.00035139528095412043 -0.00035139528095412043 -0.00035139528095412043
leaf_weight=3.2322372595081101 0.74165331991389338 1.8975941574899478 94.824268849915825 0.49036712455563236 0.5036981280427425
leaf_count=475 74 89 10505 42 13
internal_value=-0.000250073 0.0026042 -0.000351395 -0.00356535 -0.00671849
internal_weight=101.69 2.63925 99.0506 4.2263 3.73594
internal_count=11198 163 11035 530 488
is_linear=0
shrinkage=0.03


Tree=213
num_leaves=7
num_cat=0
split_feature=2 1 11 9 1 1
split_gain=0.0246242 0.0202997 0.192827 0.0404929 0.106918 0.000708026
threshold=1.7039442039442041 98.657715702384053 79.090835421154651 6.4946018893387318 92.638025726261034 29.577122275678949
decision_type=2 2 2 2 2 2
left_child=-1 3 -3 4 -2 -5
right_child=1 2 -4 5 -6 -7
leaf_value=-0.0038381958272052609 -0.0038381958272052609 -0.00025991120250649582 0.0097640881227492923 -0.00053135131868445697 -0.00025991120250649582 -0.00025991120250649582
leaf_weight=0.68877521203830738 3.6902873839717349 1.7285498528508463 0.91664301441051055 36.530562424333766 0.48642586939968158 57.701374938944355
leaf_count=139 485 122 30 3152 41 7229
internal_value=-0.000242843 -0.000180968 0.00202154 -0.000259911 -0.00291565 -0.000259911
internal_weight=101.743 101.054 2.64519 98.4087 4.17671 94.2319
internal_count=11198 11059 152 10907 526 10381
is_linear=0
shrinkage=0.03


Tree=214
num_leaves=12
num_cat=0
split_feature=2 11 1 2 9 2 1 1 1 2 9
split_gain=0.0245985 0.0180099 0.225501 0.0427704 0.0425527 0.272927 0.143872 0.0176327 0.0778184 0.00275534 0.0137173
threshold=1.7039442039442041 26.363427428077014 98.657715702384053 99.019406016688649 81.881313131313149 74.185728420930118 25.248811645870472 1.7305976261200144 0.5263194343451133 9.6100776606009095 80.131578947368439
decision_type=2 2 2 2 2 2 2 2 2 2 2
left_child=-1 7 3 4 8 -6 -7 -2 -3 10 -9
right_child=1 2 -4 -5 5 6 -8 9 -10 -11 -12
leaf_value=-0.0038372371717322515 -0.0038372371717322515 -0.0038372371717322515 0.0081314017705113404 0.0040816437549097495 -0.0006781005761972756 -0.0006781005761972756 0.0040816437549097495 -0.0036742600052141177 -0.0006781005761972756 -0.0006781005761972756 -0.0006781005761972756
leaf_weight=0.68697564397007127 0.54776324634442275 0.5979208538774391 1.967771531199104 0.97830722061917086 5.20531750586815 3.4242664569756016 3.4973456151783466 0.75501264748163766 68.100784089998342 15.64056320581585 0.39277807669714093
leaf_count=139 48 25 90 23 796 165 145 146 7007 2521 93
internal_value=-0.000241823 -0.000180053 6.27528e-06 -0.000285013 -0.000387103 0.00118747 0.00408164 -0.00103167 -0.000678101 -0.000701399 -0.00184992
internal_weight=101.795 101.108 83.7717 81.8039 80.8256 12.1269 6.92161 17.3361 68.6987 16.7884 1.14779
internal_count=11198 11059 8251 8161 8138 1106 310 2808 7032 2760 239
is_linear=0
shrinkage=0.03


Tree=215
num_leaves=7
num_cat=0
split_feature=1 11 8 2 2 8
split_gain=0.229548 0.207243 0.295902 0.0197856 0.0108043 0.00696205
threshold=92.638025726261034 29.423624288425053 25.176056338028172 36.477944297515272 1.7039442039442041 4.0408163265306127
decision_type=2 2 2 2 2 2
left_child=4 -2 -3 -4 -1 -6
right_child=1 2 3 -5 5 -7
leaf_value=-0.0029766956918406062 -0.00041001796525996374 -0.00041001796525996374 0.0047586303048433231 0.012110840287390175 -0.0022776513301758865 -0.00041001796525996374
leaf_weight=0.50154951878357579 1.7946650036610643 0.98687919392250467 2.675104095833376 2.8286638418212533 0.90104344266001035 90.400558558292687
leaf_count=109 282 102 300 144 204 10056
internal_value=4.03523e-05 0.00453729 0.00702386 0.00981843 -0.000410018 -0.000410018
internal_weight=100.088 8.28531 6.49065 5.50377 91.8032 91.3016
internal_count=11197 828 546 444 10369 10260
is_linear=0
shrinkage=0.03


Tree=216
num_leaves=8
num_cat=0
split_feature=1 11 8 2 2 8 1
split_gain=0.212991 0.190804 0.280124 0.0122315 0.0108544 0.00736724 0.0197532
threshold=92.638025726261034 29.423624288425053 25.176056338028172 36.477944297515272 1.7039442039442041 4.0408163265306127 38.014993719386162
decision_type=2 2 2 2 2 2 2
left_child=4 -2 -3 -4 -1 6 -6
right_child=1 2 3 -5 5 -7 -8
leaf_value=-0.0029268072621703375 -0.00035768818544558309 -0.00035768818544558309 0.0046880724079300436 0.011484797323839318 -0.0029268072621703375 -0.00035768818544558309 -0.00035768818544558309
leaf_weight=0.49944659473840047 1.7892728984588737 0.98736196453683067 2.7051247390918434 2.9365028752945364 0.35418910544831206 90.289573663496412 0.54518406465649605
leaf_count=109 282 102 300 144 72 10056 132
internal_value=7.98658e-05 0.00437751 0.006728 0.00942236 -0.000357688 -0.000357688 -0.00227066
internal_weight=100.107 8.41826 6.62899 5.64163 91.6884 91.1889 0.899373
internal_count=11197 828 546 444 10369 10260 204
is_linear=0
shrinkage=0.03


Tree=217
num_leaves=12
num_cat=0
split_feature=1 3 2 2 11 2 8 3 2 2 3
split_gain=0.195688 0.227841 0.442823 0.045485 0.0343085 0.0109063 0.00781649 0.00387932 0.00615139 0.00829831 0.000602317
threshold=92.638025726261034 89.158259052470058 58.690343496811941 77.036671058410192 77.301696557174367 1.7039442039442041 4.0408163265306127 8.1657967190547236 93.069342801246293 94.348007246376824 62.958165419305324
decision_type=2 2 2 2 2 2 2 2 2 2 2
left_child=5 3 4 -2 -3 -1 10 9 -9 -8 -7
right_child=1 2 -4 -5 -6 6 7 8 -10 -11 -12
leaf_value=-0.0030000656122985856 -0.00041721979151658619 -0.00041721979151658619 0.017796467793842523 0.0048586107302766137 0.0035655891651630795 -0.0026628733349009013 -0.0018807082196327246 -0.00041721979151658619 0.0001835261793873479 0.0001835261793873479 -0.00041721979151658619
leaf_weight=0.49747212952934106 4.6191848261514661 1.0016011600382633 1.4076501014642415 0.48944874922744919 1.0029089408926664 0.61106930207461019 3.5155889128800482 65.734348654630594 20.600252897944301 0.28924819291569281 0.28849440242629498
leaf_count=109 674 71 28 22 33 132 732 8609 683 32 72
internal_value=4.18924e-06 0.0040996 0.00909382 -0.00017876 -0.00017876 -0.00041722 -0.00041722 -0.00041722 -0.00041722 -0.00137954 -0.00239208
internal_weight=100.057 8.52079 3.41216 5.10863 2.00451 91.5365 91.039 90.1394 86.3346 3.80484 0.899564
internal_count=11197 828 132 696 104 10369 10260 10056 9292 764 204
is_linear=0
shrinkage=0.03


Tree=218
num_leaves=12
num_cat=0
split_feature=1 3 2 2 11 2 8 3 2 2 3
split_gain=0.194417 0.229189 0.448484 0.044453 0.0319941 0.0101951 0.00751316 0.00361727 0.00541888 0.00479856 0.000553841
threshold=92.638025726261034 89.158259052470058 58.690343496811941 77.036671058410192 77.301696557174367 1.7039442039442041 4.0408163265306127 8.1657967190547236 94.348007246376824 93.069342801246293 62.958165419305324
decision_type=2 2 2 2 2 2 2 2 2 2 2
left_child=5 3 4 -2 -3 -1 10 8 -8 -9 -7
right_child=1 2 -4 -5 -6 6 7 9 -10 -11 -12
leaf_value=-0.0029225225068166935 -0.00042108618040485228 -0.00042108618040485228 0.017758306389600017 0.0047876061788225373 0.003444851838290399 -0.002623103505248654 -0.001852205863229082 -0.00042108618040485228 -0.00042108618040485228 0.00012680127934062426 -0.00042108618040485228
leaf_weight=0.49475035769864817 4.6195534073049185 1.0021029124036438 1.432354526594281 0.490778921637684 1.0033361460082231 0.60924407036509265 3.5094674926949661 65.721566175343469 0.28935579420067359 20.585465360898525 0.28853688784874976
leaf_count=109 674 71 28 22 33 132 732 8609 32 683 72
internal_value=-3.81818e-07 0.00407527 0.00906364 -0.000214609 -0.000214609 -0.000421086 -0.000421086 -0.000421086 -0.00135456 -0.000421086 -0.00235902
internal_weight=100.047 8.54813 3.43779 5.11033 2.00544 91.4984 91.0036 90.1059 3.79882 86.307 0.897781
internal_count=11197 828 132 696 104 10369 10260 10056 764 9292 204
is_linear=0
shrinkage=0.03


Tree=219
num_leaves=8
num_cat=0
split_feature=1 11 5 8 2 8 5
split_gain=0.188554 0.190259 0.309355 0.109259 0.00934088 0.00782426 0.00754843
threshold=92.638025726261034 29.423624288425053 92.216496640089147 29.459980713596917 1.7039442039442041 4.0408163265306127 32.387082595202266
decision_type=2 2 2 2 2 2 2
left_child=4 -2 3 -3 -1 -6 -5
right_child=1 2 -4 6 5 -7 -8
leaf_value=-0.0028120325009657393 -0.00041374142412541997 -0.00041374142412541997 0.015359006625375132 0.0010825243554390867 -0.0023865287611685702 -0.00041374142412541997 0.0053475554535765048
leaf_weight=0.49135514022782345 1.7993345712311546 1.1618410053197292 1.417891595046967 1.075667221099138 0.89783719892147829 90.060214536264539 3.114108805777505
leaf_count=109 282 130 24 180 204 10056 212
internal_value=1.20345e-06 0.00401007 0.00638063 0.00195823 -0.000413741 -0.000413741 0.00467214
internal_weight=100.018 8.56884 6.76951 5.35162 91.4494 90.9581 4.18978
internal_count=11197 828 546 522 10369 10260 392
is_linear=0
shrinkage=0.03


Tree=220
num_leaves=7
num_cat=0
split_feature=1 3 2 9 3 2
split_gain=0.048251 0.306177 0.0138053 0.0439659 0.0264008 0.00884214
threshold=79.839779241892714 92.638025726261034 81.891274776525464 40.765107212475641 99.747155095256389 9.6980447157825278
decision_type=2 2 2 2 2 2
left_child=2 -2 3 -1 -4 -5
right_child=1 -3 4 5 -6 -7
leaf_value=-0.0025912031719183461 -0.0006744619775825478 0.0065733121303794689 -0.0006744619775825478 -0.0025779944150624173 0.0030031443575039723 -0.0006744619775825478
leaf_weight=13.39994665828999 14.080849598627539 5.2861621661577365 42.692400732892565 1.6944750902475849 1.6585485548712302 22.864474109490402
leaf_count=2589 2045 208 2110 362 17 3889
internal_value=-0.000357445 0.000956843 -0.000674462 -0.00124944 -0.000674462 -0.000674462
internal_weight=101.677 19.367 82.3098 37.9589 44.3509 24.5589
internal_count=11220 2253 8967 6840 2127 4251
is_linear=0
shrinkage=0.03


Tree=221
num_leaves=8
num_cat=0
split_feature=1 3 8 2 3 5 2
split_gain=0.0408774 0.247317 0.0216811 0.0133709 0.0156544 0.024236 0.00323673
threshold=79.839779241892714 92.638025726261034 4.0408163265306127 81.891274776525464 99.747155095256389 61.79616570701517 7.8261218542392141
decision_type=2 2 2 2 2 2 2
left_child=2 -2 -1 6 5 -5 -4
right_child=1 -3 3 4 -6 -7 -8
leaf_value=-0.0040401187338148089 -0.0006303385098010353 0.0058879419196448644 -0.0024724940793012453 -0.0012105108471095738 0.0029320652827651461 -0.0006303385098010353 -0.0012105108471095738
leaf_weight=0.71248103678226371 14.041465843678454 5.3292378166224799 1.7492064590333019 4.9136961986077941 1.6519432887434948 37.528007166227326 35.688790919259191
leaf_count=163 2045 208 390 782 17 1297 6318
internal_value=-0.000338384 0.00087129 -0.000630339 -0.000630339 -0.000630339 -0.000630339 -0.00121051
internal_weight=101.615 19.3707 82.2441 81.5316 44.0936 42.4417 37.438
internal_count=11220 2253 8967 8804 2096 2079 6708
is_linear=0
shrinkage=0.03


Tree=222
num_leaves=13
num_cat=0
split_feature=1 8 4 1 2 5 8 2 2 5 5 2
split_gain=0.0430143 0.0846485 0.054408 0.0511035 0.063227 0.037662 0.0210354 0.0206409 0.011698 0.0135964 0.00545253 0.00349412
threshold=79.839779241892714 16.100230414746548 71.238332340341046 85.328080153077508 6.8973135383527762 23.653149791303871 4.0408163265306127 28.894927536231886 81.891274776525464 61.79616570701517 91.080226417480958 7.8261218542392141
decision_type=2 2 2 2 2 2 2 2 2 2 2 2
left_child=6 -2 3 -3 -5 7 -1 -6 11 -10 -7 -8
right_child=1 2 -4 4 5 10 8 -9 9 -11 -12 -13
leaf_value=-0.0039628641562047418 -0.00060334677742079565 -0.00060334677742079565 0.0040524858194609858 -0.00060334677742079565 -0.00060334677742079565 0.0026398987597941793 -0.0024232565628931617 0.0026398987597941793 -0.0011482553504991771 -0.00060334677742079565 0.0040524858194609858 -0.0011482553504991771
leaf_weight=0.70966395433060725 1.6882449834374735 2.8172073133755502 6.1079947437392539 1.4553288738243262 1.0733973683090874 4.4515437248628587 1.7455233698710788 0.81744416011497389 4.9034741083160034 39.162281967699528 1.1294039073400197 35.584425449604169
leaf_count=163 284 473 279 239 217 583 390 148 782 1314 30 6318
internal_value=-0.000302068 0.000931587 0.00197102 0.000655456 0.00198587 0.00321968 -0.000603347 -0.000356446 -0.000603347 -0.000603347 0.00405249 -0.00114826
internal_weight=101.646 19.5406 17.8523 11.7443 8.92712 7.47179 82.1054 1.89084 81.3957 44.0658 5.58095 37.3299
internal_count=11220 2253 1969 1690 1217 978 8967 365 8804 2096 613 6708
is_linear=0
shrinkage=0.03


Tree=223
num_leaves=5
num_cat=0
split_feature=8 5 0 5
split_gain=0.024037 0.049538 0.00712749 0.000941663
threshold=13.136324417601381 87.645919666314583 99.747155095256389 23.653149791303871
decision_type=2 2 2 2
left_child=1 -1 3 -2
right_child=2 -3 -4 -5
leaf_value=-0.0037110626098522362 -0.00051424430513306234 -0.00021283146213097603 0.0012507841512673637 -0.00021283146213097603
leaf_weight=4.5486845938721663 10.877911241492255 1.2445812503574414 2.0156522733159354 82.844350337749347
leaf_count=1016 2294 130 37 7743
internal_value=-0.000337541 -0.00206376 -0.000212831 -0.000212831
internal_weight=101.531 5.79327 95.7379 93.7223
internal_count=11220 1146 10074 10037
is_linear=0
shrinkage=0.03


Tree=224
num_leaves=13
num_cat=0
split_feature=1 8 4 1 2 5 4 8 2 5 2 2
split_gain=0.0394166 0.0820181 0.0512055 0.0489624 0.0629284 0.0467689 0.036739 0.0203347 0.0113845 0.0133975 0.0106777 0.00340157
threshold=79.839779241892714 16.100230414746548 71.238332340341046 85.328080153077508 28.894927536231886 46.700556734683353 50.266683734425676 4.0408163265306127 81.891274776525464 61.79616570701517 9.6100776606009095 7.8261218542392141
decision_type=2 2 2 2 2 2 2 2 2 2 2 2
left_child=7 -2 3 -3 5 -5 10 -1 11 -10 -7 -9
right_child=1 2 -4 4 -6 6 -8 8 9 -11 -12 -13
leaf_value=-0.0039367187188717786 -0.00062616145883830489 -0.00062616145883830489 0.0038883944401295807 -0.00062616145883830489 0.0038883944401295807 -0.00062616145883830489 0.0038883944401295807 -0.0024342284817412182 -0.0011648979519732125 -0.00062616145883830489 0.0017970640537287755 -0.0011648979519732125
leaf_weight=0.70562352007254858 1.6884039108408639 2.8141643538838279 6.1553763239644459 2.8010649903444556 4.183136312989518 0.51589858066290595 0.70847769919782866 1.7423012566287059 4.8995037525892249 39.020435893209651 0.71920290449634194 35.559665412525646
leaf_count=163 284 473 279 545 471 57 53 390 782 1314 91 6318
internal_value=-0.000337284 0.000842814 0.00187936 0.000603664 0.00190749 -0.000501613 0.00317688 -0.000626161 -0.000626161 -0.000626161 -0.000626161 -0.0011649
internal_weight=101.513 19.5857 17.8973 11.7419 8.92778 4.74464 1.94358 81.9275 81.2219 43.9199 1.2351 37.302
internal_count=11220 2253 1969 1690 1217 746 201 8967 8804 2096 148 6708
is_linear=0
shrinkage=0.03


Tree=225
num_leaves=7
num_cat=0
split_feature=1 10 2 10 1 8
split_gain=0.0828752 0.48004 0.0688689 0.0146139 0.00508826 0.0448436
threshold=91.855671573662008 90.976933514246966 57.055459820902563 61.9382964453387 29.577122275678949 27.33499377334994
decision_type=2 2 2 2 2 2
left_child=4 2 -2 -4 5 -1
right_child=1 -3 3 -5 -6 -7
leaf_value=-0.0041116195208660937 -0.00095749017062751968 0.012252666793374034 0.0003535906245261337 0.004758705187276782 -0.00095749017062751968 -0.00095749017062751968
leaf_weight=3.701421406469307 5.3523738487856445 1.9607646493241189 1.1751710823737087 1.4531758455559609 55.092742852983065 34.762835195171647
leaf_count=715 698 105 69 45 6987 2627
internal_value=-0.000677015 0.00180875 -0.00095749 0.0034294 -0.00095749 -0.00133068
internal_weight=103.498 9.94149 7.98072 2.62835 93.557 38.4643
internal_count=11246 917 812 114 10329 3342
is_linear=0
shrinkage=0.03


Tree=226
num_leaves=9
num_cat=0
split_feature=1 10 2 2 1 2 3 10
split_gain=0.0557598 0.344356 0.0925303 0.044081 0.00501818 0.0691126 0.106343 0.0213555
threshold=91.855671573662008 90.976933514246966 36.279517370770535 57.055459820902563 29.577122275678949 94.348007246376824 88.802985074626875 14.879240943070732
decision_type=2 2 2 2 2 2 2 2
left_child=4 3 -3 -2 5 7 -7 -1
right_child=1 2 -4 -5 -6 6 -8 -9
leaf_value=-0.0056310097892735139 -0.00094265175441038114 0.0011056911119494259 0.013325583686869247 0.0026800275985827209 -0.00094265175441038114 -0.0026181154699766898 -0.00094265175441038114 -0.0026181154699766898
leaf_weight=1.8724194609094471 5.3177323307609168 1.0142312343232336 1.177030829247087 2.6545039457269013 55.035703018540516 10.027608970995059 4.8799402110744259 21.527483983314596
leaf_count=327 698 68 37 114 6987 406 76 2533
internal_value=-0.00071097 0.00131066 0.00978839 -0.000942652 -0.000942652 -0.00131347 -0.000942652 -0.00261812
internal_weight=103.507 10.1635 2.19126 7.97224 93.3432 38.3075 14.9075 23.3999
internal_count=11246 917 105 812 10329 3342 482 2860
is_linear=0
shrinkage=0.03


Tree=227
num_leaves=10
num_cat=0
split_feature=1 10 2 10 8 1 2 8 2
split_gain=0.0604251 0.380033 0.0615849 0.0389698 0.0405615 0.00642453 0.0611408 0.0480311 0.000973366
threshold=91.855671573662008 90.976933514246966 36.279517370770535 61.9382964453387 60.685011709601874 29.577122275678949 94.348007246376824 47.434210526315795 36.477944297515272
decision_type=2 2 2 2 2 2 2 2 2
left_child=5 3 -3 -2 8 6 -1 -8 -5
right_child=1 2 -4 4 -6 -7 7 -9 -10
leaf_value=-0.0025153480543177206 -0.00091269925395481063 0.0020422030477017087 0.01334856252362209 -0.00091269925395481063 0.0020422030477017087 -0.00091269925395481063 -0.0025153480543177206 -0.00091269925395481063 0.0012037922311393923
leaf_weight=23.32363803347107 4.4006733646383491 1.0722875185310843 1.1751015693880615 0.60726516274735354 2.3200883993413299 55.182517483481206 2.859176315017975 11.954072547843678 0.64844763139262795
leaf_count=2860 558 68 37 93 109 6987 165 317 52
internal_value=-0.00067042 0.0014253 0.0102441 -0.000912699 0.0020422 -0.000912699 -0.00132383 -0.000912699 -0.000912699
internal_weight=103.543 10.2239 2.24739 7.97647 3.5758 93.3194 38.1369 14.8132 1.25571
internal_count=11246 917 105 812 254 10329 3342 482 145
is_linear=0
shrinkage=0.03


Tree=228
num_leaves=7
num_cat=0
split_feature=1 2 3 1 2 3
split_gain=0.0396073 0.18299 0.05392 0.00852421 0.0642195 0.134203
threshold=91.855671573662008 57.055459820902563 89.158259052470058 29.577122275678949 94.348007246376824 88.802985074626875
decision_type=2 2 2 2 2 2
left_child=3 -2 -3 4 -1 -6
right_child=1 2 -4 -5 5 -7
leaf_value=-0.0025389159426646786 -0.0008714040339073602 0.0008310149728166568 0.008480350934600582 -0.0008714040339073602 -0.0025389159426646786 -0.0008714040339073602
leaf_weight=23.09125189227052 6.9593770119827223 1.5110118021257224 1.8345208677928893 55.212377468822524 9.9270297393668425 4.8944989405572406
leaf_count=2860 788 95 34 6987 406 76
internal_value=-0.00067502 0.00101979 0.00601179 -0.000871404 -0.00133688 -0.000871404
internal_weight=103.43 10.3049 3.34553 93.1252 37.9128 14.8215
internal_count=11246 917 129 10329 3342 482
is_linear=0
shrinkage=0.03


Tree=229
num_leaves=7
num_cat=0
split_feature=2 8 10 8 3 3
split_gain=0.0175775 0.0199478 0.0628058 0.14114 0.317976 0.01435
threshold=1.7039442039442041 49.657534246575345 58.174245053800774 68.9898008742108 67.71368940328243 99.747155095256389
decision_type=2 2 2 2 2 2
left_child=-1 -2 -3 5 -5 -4
right_child=1 2 3 4 -6 -7
leaf_value=-0.0037500064685223999 -0.0013022297460160315 -0.0013022297460160315 -0.0013022297460160315 -0.0013022297460160315 0.0042467104007423706 0.0013491118668042409
leaf_weight=0.69540417345706274 27.626517503871582 30.15986177418381 18.918071827851243 8.2439616108313221 16.5999302896671 1.1783528113737691
leaf_count=135 4524 3789 1456 840 491 11
internal_value=-0.000682599 -0.000625881 -0.000363236 0.000349397 0.00183303 -0.00130223
internal_weight=103.422 102.727 75.1002 44.9403 24.8439 20.0964
internal_count=11246 11111 6587 2798 1331 1467
is_linear=0
shrinkage=0.03


Tree=230
num_leaves=11
num_cat=0
split_feature=1 3 11 11 5 11 11 2 3 11
split_gain=0.0989501 0.0456534 0.0862549 0.0215018 0.0199334 0.0323195 0.0189458 0.106327 0.0073638 0.00102517
threshold=0.5263194343451133 99.747155095256389 99.751205292767011 23.125404845187202 45.512516781173503 53.295936368419426 38.362903647877744 89.855618081424538 6.9885995595284376 5.6048780487804892
decision_type=2 2 2 2 2 2 2 2 2 2
left_child=-1 2 3 9 5 -5 -6 -8 -7 -2
right_child=1 -3 -4 4 6 8 7 -9 -10 -11
leaf_value=-0.0073475324604182794 -0.002498213023005574 0.0030099573181029799 0.0030099573181029799 -0.0015909262595230481 -0.0012988480403572902 -0.0015909262595230481 -0.00011604868471537072 0.0021289217251201963 -0.00011604868471537072 -0.0015909262595230481
leaf_weight=0.83424432808533211 3.1956096275243882 2.6123897349461904 1.4285266227088858 7.9525797280948636 9.25497092399746 1.5238638365408359 35.644321033847518 18.52940291876439 9.2108759754337353 11.71191556076519
leaf_count=40 614 33 30 1656 890 296 3368 508 1873 1892
internal_value=-0.000438278 -0.000309815 -0.000427283 -0.000577684 -0.00037681 -0.00121104 -0.000116049 0.000105898 -0.000116049 -0.00159093
internal_weight=101.899 101.064 98.4521 97.0235 82.116 18.6873 63.4287 54.1737 10.7347 14.9075
internal_count=11200 11160 11127 11097 8591 3825 4766 3876 2169 2506
is_linear=0
shrinkage=0.03


Tree=231
num_leaves=9
num_cat=0
split_feature=1 3 1 9 5 4 2 5
split_gain=0.0671831 0.0418606 0.0590058 0.102909 0.113249 0.0227197 0.00375692 0.266122
threshold=0.5263194343451133 99.747155095256389 8.1657967190547236 95.861872146118728 96.410232808894222 98.657715702384053 89.428528400836271 84.141503726315236
decision_type=2 2 2 2 2 2 2 2
left_child=-1 2 3 4 5 -2 -4 -8
right_child=1 -3 6 -5 -6 -7 7 -9
leaf_value=-0.0061033251455019271 -0.005671333159922601 0.0029192467365670156 -8.1987594620378733e-05 -8.1987594620378733e-05 -8.1987594620378733e-05 -8.1987594620378733e-05 -8.1987594620378733e-05 0.0029192467365670156
leaf_weight=0.80650783004239102 7.8523896831320545 2.6076852753758422 66.415019305888563 0.82563472806941796 3.1856694221496591 0.66795589681714762 7.9371063580038053 11.427344205789266
leaf_count=40 685 33 9546 45 91 23 513 224
internal_value=-0.000365798 -0.000260512 -0.0003734 -0.00221465 -0.00356532 -0.00526855 -8.19876e-05 0.000325892
internal_weight=101.725 100.919 98.3111 12.5316 11.706 8.52035 85.7795 19.3645
internal_count=11200 11160 11127 844 799 708 10283 737
is_linear=0
shrinkage=0.03


Tree=232
num_leaves=11
num_cat=0
split_feature=1 3 11 11 4 5 11 5 2 11
split_gain=0.0659255 0.0429964 0.0801734 0.0152043 0.0922992 0.0565692 0.0144666 0.00985353 0.0320188 0.00154618
threshold=0.5263194343451133 99.747155095256389 99.751205292767011 23.125404845187202 97.880790984239283 96.036981195292569 35.722806893211917 43.927368927368931 82.71881996848829 5.6048780487804892
decision_type=2 2 2 2 2 2 2 2 2 2
left_child=-1 2 3 9 6 -6 -5 -8 -9 -2
right_child=1 -3 -4 4 5 -7 7 8 -10 -11
leaf_value=-0.0060729846659327959 -0.0022925453935778526 0.0029432507385369522 0.0029432507385369522 -0.0013984057270367131 -0.0007167119205433787 0.0029432507385369522 -0.0013984057270367131 -0.0013984057270367131 -0.0007167119205433787 -0.0013984057270367131
leaf_weight=0.80804768623784085 3.186562677612522 2.5938596471678457 1.4237804478034366 9.2886950286338088 2.9559938893653435 5.0981908338144422 15.104840660118496 24.644067302113399 24.856377410003915 11.719201879226601
leaf_count=40 614 33 30 1329 70 98 3091 3049 954 1892
internal_value=-0.000391154 -0.000286471 -0.000400502 -0.000545198 -0.000375018 0.00249281 -0.000716712 -0.000716712 -0.000716712 -0.00139841
internal_weight=101.68 100.872 98.2777 96.8539 81.9482 8.05418 73.894 64.6053 49.5004 14.9058
internal_count=11200 11160 11127 11097 8591 168 8423 7094 4003 2506
is_linear=0
shrinkage=0.03


Tree=233
num_leaves=9
num_cat=0
split_feature=1 3 11 11 9 4 2 2
split_gain=0.0635218 0.0378565 0.0569211 0.0135705 0.0716972 0.0119276 0.0605632 0.00340725
threshold=0.5263194343451133 99.747155095256389 99.751205292767011 5.6048780487804892 14.879240943070732 97.880790984239283 89.428528400836271 31.651008177788878
decision_type=2 2 2 2 2 2 2 2
left_child=-1 2 3 4 -2 -5 -7 -6
right_child=1 -3 -4 5 7 6 -8 -9
leaf_value=-0.0059597764340500814 -0.0059597764340500814 0.0027478014041798808 0.0027478014041798808 -0.0004256162360608515 -0.0023623076403559568 -0.0004256162360608515 0.0026760521193317658 -0.0004256162360608515
leaf_weight=0.80918409116566081 0.35925362026318852 2.5977407388854763 1.4552842425182451 84.521907084970735 0.89040383847896043 3.2804437717422825 5.8192936840932816 1.9310464101145042
leaf_count=40 38 33 30 10275 211 101 107 365
internal_value=-0.00038427 -0.000281463 -0.000388428 -0.000505396 -0.00219016 -0.000425616 0.000614007 -0.000425616
internal_weight=101.665 100.855 98.2576 96.8023 3.1807 93.6216 9.09974 2.82145
internal_count=11200 11160 11127 11097 614 10483 208 576
is_linear=0
shrinkage=0.03


Tree=234
num_leaves=6
num_cat=0
split_feature=3 1 9 11 9
split_gain=0.0795526 0.0587433 0.143465 0.105545 0.0121585
threshold=99.747155095256389 8.1657967190547236 95.861872146118728 99.751205292767011 2.6846846846846852
decision_type=2 2 2 2 2
left_child=1 2 -1 4 -3
right_child=-2 3 -4 -5 -6
leaf_value=-0.0040314085452257875 0.0039500448226477015 -0.0030291405759002923 -0.00021498452645203703 0.0039500448226477015 -0.00021498452645203703
leaf_weight=12.112263819202779 2.7346104374155393 0.76194272085558523 1.0739569830475364 1.2697360396850843 83.731589205213822
leaf_count=833 34 135 50 22 10126
internal_value=-0.000356083 -0.000513418 -0.00230246 -0.000214985 -0.000214985
internal_weight=101.684 98.9495 13.1862 85.7633 84.4935
internal_count=11200 11166 883 10283 10261
is_linear=0
shrinkage=0.03


Tree=235
num_leaves=13
num_cat=0
split_feature=11 11 4 5 8 8 1 10 8 8 2 1
split_gain=0.044314 0.0352371 0.0251801 0.025504 0.0278234 0.0345513 0.0329919 0.0100565 0.00166167 0.00158788 0.131349 0.190382
threshold=5.6048780487804892 99.751205292767011 5.3735940378956641 24.441563560444166 32.071428571428577 4.0408163265306127 49.870797582879852 75.532879818594111 92.031746031746039 92.031746031746039 73.979273803958236 24.076349076349079
decision_type=2 2 2 2 2 2 2 2 2 2 2 2
left_child=7 2 -2 4 -4 -5 8 -1 -6 -7 -11 -12
right_child=1 -3 3 5 6 9 -8 -9 -10 10 11 -13
leaf_value=-0.0044483092649068492 -0.0020426587155716607 0.0036659282599753218 -0.0020426587155716607 -0.0020426587155716607 -0.0020426587155716607 0.000680850897927313 0.000680850897927313 -0.0020426587155716607 0.00015784459286993926 0.000680850897927313 0.000680850897927313 0.0036659282599753218
leaf_weight=1.6646580465603613 2.9271477445727205 1.9336275961250056 2.6272347790654731 0.6636112155392756 2.2113242497434848 70.09881771390792 5.2399648843565956 1.3993756688432766 0.25703329406678666 4.5991107146255654 3.0811845136340708 4.4248616434633732
leaf_count=374 553 33 586 141 505 7079 1037 232 57 412 105 116
internal_value=0.000298613 0.000421814 0.000319489 0.000414571 -0.00093032 0.000591404 0.000185624 -0.00277799 -0.00204266 0.000680851 0.00106088 0.00366593
internal_weight=101.128 98.0639 96.1303 93.2031 10.3356 82.8676 7.70832 3.06403 2.46836 82.204 12.1052 7.50605
internal_count=11230 10624 10591 10038 2185 7853 1599 606 562 7712 633 221
is_linear=0
shrinkage=0.03


Tree=236
num_leaves=9
num_cat=0
split_feature=11 11 3 10 8 4 5 10
split_gain=0.0409519 0.0341312 0.0406189 0.0627055 0.201405 0.0729361 0.0506789 0.0012209
threshold=99.751205292767011 5.6048780487804892 6.9885995595284376 94.797297297297305 49.657534246575345 82.930081300813029 41.939608943156514 75.532879818594111
decision_type=2 2 2 2 2 2 2 2
left_child=1 7 6 -4 -5 -6 -3 -1
right_child=-2 2 3 4 5 -7 -8 -9
leaf_value=-0.0041637822965202003 0.0038073056095060238 -0.0024980413541094036 0.0001444145425433529 0.0001444145425433529 0.0001444145425433529 0.0038073056095060238 0.0001444145425433529 -0.0024980413541094036
leaf_weight=1.6449838709086173 1.9362794095650304 3.5076585400383928 80.731676108203828 1.5325797979021434 3.9890651778550801 6.0842053226660937 0.26878522802144278 1.393939414527267
leaf_count=374 33 709 9309 134 309 103 27 232
internal_value=0.000313651 0.000208092 0.000318496 0.000453524 0.0024217 0.00380731 -0.00238679 -0.00249804
internal_weight=101.089 99.1529 96.114 92.3375 11.6059 10.0733 3.77644 3.03892
internal_count=11230 11197 10591 9855 546 412 736 606
is_linear=0
shrinkage=0.03


Tree=237
num_leaves=12
num_cat=0
split_feature=11 11 3 10 1 2 1 2 2 1 2
split_gain=0.0349128 0.0203963 0.028256 0.0505929 0.191101 0.142008 0.0795825 0.0275889 0.00886131 0.00314329 0.000121735
threshold=99.751205292767011 5.6048780487804892 6.9885995595284376 94.797297297297305 5.3735940378956641 93.069342801246293 91.855671573662008 2.8634197199880851 58.525733525733536 26.402933985330076 3.9735169045513872
decision_type=2 2 2 2 2 2 2 2 2 2 2
left_child=1 9 -3 4 -4 6 -5 -6 10 -1 -9
right_child=-2 2 3 5 7 -7 -8 8 -10 -11 -12
leaf_value=-0.0037463287961034515 0.0035860765729674431 -0.0018482058983042039 -0.0018482058983042039 0.00076126450738470358 -0.0018482058983042039 0.0035860765729674431 0.0035860765729674431 -0.00011889250096675102 0.00076126450738470358 -0.0018482058983042039 0.00020341202301206888
leaf_weight=0.73329227371141525 1.9334218015428621 3.7326683411374679 6.7573294664034611 7.5928919957950658 1.0479255635291327 2.5922196013852963 1.4158969309646634 0.47817830997519806 45.357631632476114 2.2617277154931799 27.023669329704717
leaf_count=134 33 736 484 452 213 39 55 107 3571 472 4934
internal_value=0.00035719 0.000258894 0.000343009 0.000454592 0.00017615 0.00222305 0.000761265 0.000761265 0.000761265 -0.00184821 0.000193833
internal_weight=100.927 98.9934 95.9984 92.2657 80.6647 11.601 9.00879 73.9074 72.8595 2.99502 27.5018
internal_count=11230 11197 10591 9855 9309 546 507 8825 8612 606 5041
is_linear=0
shrinkage=0.03


Tree=238
num_leaves=14
num_cat=0
split_feature=11 11 4 5 1 8 8 1 1 8 8 1 8
split_gain=0.0329299 0.0204144 0.0130433 0.0147701 0.0301045 0.0107665 0.0134363 0.00804945 0.00300079 0.169463 0.00385502 0.00275165 0.00257294
threshold=99.751205292767011 5.6048780487804892 5.3735940378956641 24.441563560444166 70.433562760870174 30.49516908212561 4.0408163265306127 26.402933985330076 29.577122275678949 94.78221415607986 27.33499377334994 38.014993719386162 90.839160839160854
decision_type=2 2 2 2 2 2 2 2 2 2 2 2 2
left_child=1 7 -3 4 12 -6 11 -1 10 -10 -8 -5 -4
right_child=-2 2 3 6 5 -7 8 -9 9 -11 -12 -13 -14
leaf_value=-0.0037370871968660647 0.0035207179321802241 -0.0013419605728575436 -0.0013419605728575436 -0.0013419605728575436 -0.0013419605728575436 0.0005773288951085114 -0.00053533602647327732 -0.0013419605728575436 0.0005773288951085114 0.0035207179321802241 0.0005773288951085114 0.0005773288951085114 0.0005773288951085114
leaf_weight=0.7336151163326593 1.9441170128993679 2.8775620784726916 5.0617940410738793 0.26655913784634222 1.1679244886618105 3.3622986049158499 3.0463029756210735 2.2590713587123901 43.705336414044723 4.8838759844657025 30.611350633203983 0.34899518545717001 0.65468847029842425
leaf_count=134 33 553 1164 57 232 648 531 472 4649 305 2227 84 141
internal_value=0.00038952 0.000293419 0.00037726 0.000444088 -0.000588923 0.000577329 0.000577329 -0.00181667 0.000627254 0.000779901 0.000390742 -0.00134196 -0.00134196
internal_weight=100.923 98.9794 95.9867 93.1091 10.2467 4.53022 82.8624 2.99269 82.2469 48.5892 33.6577 0.615554 5.71648
internal_count=11230 11197 10591 10038 2185 880 7853 606 7712 4954 2758 141 1305
is_linear=0
shrinkage=0.03


Tree=239
num_leaves=11
num_cat=0
split_feature=1 8 10 5 8 4 2 5 2 8
split_gain=0.0195001 0.08552 0.804133 1.14115 0.0275071 0.0771569 0.0519886 0.0138448 0.0114598 0.000262032
threshold=29.577122275678949 94.78221415607986 57.795138888888893 60.213627677476403 27.33499377334994 58.210757805177025 94.348007246376824 38.385073226149025 63.379499766245921 13.136324417601381
decision_type=2 2 2 2 2 2 2 2 2 2
left_child=4 9 -3 -4 -1 -6 7 -7 -9 -2
right_child=1 2 3 -5 5 6 -8 8 -10 -11
leaf_value=-0.0022781832658132902 7.873625167314352e-05 0.0003299329731271507 0.0003299329731271507 0.022693945374443827 -0.0022781832658132902 -0.0022781832658132902 0.0003299329731271507 -0.0022781832658132902 -0.00050187509547577533 0.0003299329731271507
leaf_weight=3.7886649894062421 4.4625267013907424 2.1519120691809794 1.0133016586769374 2.6736365300603211 3.3233604048145926 0.59863512380980566 12.402791560860349 2.287131302640776 14.363149480195714 53.847479282529093
leaf_count=726 825 240 149 69 830 132 342 368 936 6613
internal_value=0.000396153 0.000708098 0.0038842 0.0134779 -0.000152495 0.000151602 0.000329933 -0.00136192 -0.00091143 0.000329933
internal_weight=100.913 64.1489 5.83885 3.68694 36.7637 32.9751 29.6517 17.2489 16.6503 58.31
internal_count=11230 7896 458 218 3334 2608 1778 1436 1304 7438
is_linear=0
shrinkage=0.03


Tree=240
num_leaves=6
num_cat=0
split_feature=1 11 7 9 1
split_gain=0.0938924 0.419601 0.00522217 0.0140496 0.00836741
threshold=92.638025726261034 75.329824488119371 74.772727272727295 97.27878563495004 81.409529546555191
decision_type=2 2 2 2 2
left_child=2 -2 3 4 -1
right_child=1 -3 -4 -5 -6
leaf_value=-0.0015964891785012001 -0.00090782710441027464 0.0094372477078659301 -0.00090782710441027464 -0.00090782710441027464 -0.00090782710441027464
leaf_weight=56.664443356159609 5.6365786480018851 3.4153185095638037 26.027040234883316 2.0399364632321513 7.1397716611390925
leaf_count=6961 646 189 2078 332 971
internal_value=-0.000615042 0.00215124 -0.000907827 -0.0011953 -0.0014492
internal_weight=100.923 9.0519 91.8712 65.8442 63.8042
internal_count=11177 835 10342 8264 7932
is_linear=0
shrinkage=0.03


Tree=241
num_leaves=5
num_cat=0
split_feature=9 10 9 7
split_gain=0.0188611 0.0645209 0.0458222 0.00798531
threshold=82.250351617440245 58.803656597774257 97.27878563495004 74.772727272727295
decision_type=2 2 2 2
left_child=3 2 -2 -1
right_child=1 -3 -4 -5
leaf_value=-0.0011662339932002074 -0.00081512384143184874 0.0020097632977925809 0.0020097632977925809 -0.00081512384143184874
leaf_weight=62.686828392324969 6.3006541715003568 9.0193797820247692 2.3857259859796613 20.549507773946971
leaf_count=7373 1079 688 366 1671
internal_value=-0.000627677 0.000249994 -0.000815124 -0.000815124
internal_weight=100.942 17.7058 8.68638 83.2363
internal_count=11177 2133 1445 9044
is_linear=0
shrinkage=0.03


Tree=242
num_leaves=8
num_cat=0
split_feature=1 10 1 7 7 9 1
split_gain=0.0506271 0.286269 0.153689 0.0147232 0.00756957 0.0140936 0.00945814
threshold=92.638025726261034 50.342465753424669 98.657715702384053 38.616427432216909 74.772727272727295 97.27878563495004 81.409529546555191
decision_type=2 2 2 2 2 2 2
left_child=4 -2 3 -3 5 6 -1
right_child=1 2 -4 -5 -6 -7 -8
leaf_value=-0.0015747562093880601 -0.00085081135074777743 -0.00085081135074777743 0.011336736995430668 0.0024257090863276935 -0.00085081135074777743 -0.00085081135074777743 -0.00085081135074777743
leaf_weight=56.58638376975432 3.5104215441970137 0.87437236425466869 1.8321679163491351 2.8816957621602342 25.982857712195255 2.0777958792168638 7.146564917638897
leaf_count=6961 437 70 62 266 2078 332 971
internal_value=-0.000636503 0.00139574 0.00600137 0.00156241 -0.000850811 -0.00118667 -0.00141963
internal_weight=100.892 9.09866 5.58824 3.75607 91.7936 65.8107 63.7329
internal_count=11177 835 398 336 10342 8264 7932
is_linear=0
shrinkage=0.03


Tree=243
num_leaves=10
num_cat=0
split_feature=1 10 2 10 7 7 1 1 1
split_gain=0.0368041 0.251779 0.053571 0.0544666 0.0154155 0.00570215 0.0135025 0.00206017 8.84996e-05
threshold=93.007967017661159 50.342465753424669 54.816829567729997 95.275297619047635 80.600358422939081 74.772727272727295 0.5263194343451133 12.108993157380256 90.330372448184519
decision_type=2 2 2 2 2 2 2 2 2
left_child=5 -2 3 4 -3 6 -1 -8 -9
right_child=1 2 -4 -5 -6 -7 7 8 -10
leaf_value=-0.0038869972704113961 -0.00081454056588879491 -0.00081454056588879491 0.0090692797472786326 0.0057371460427724378 0.0020345201310023853 -0.00081454056588879491 -0.0014370883048804961 -0.00096613243761174998 -0.00081454056588879491
leaf_weight=0.66875245212577183 3.40095663059037 1.533627750468441 1.7117904622573403 1.2767874673008917 0.81696835788898159 25.991826267214492 11.649696726060936 51.928914966527373 1.8804489233298216
leaf_count=43 415 208 63 57 52 2085 1028 6981 245
internal_value=-0.000636087 0.0011353 0.00564242 0.00241482 -0.000563468 -0.000814541 -0.00110837 -0.00102192 -0.000907456
internal_weight=100.86 8.74013 5.33917 3.62738 2.3506 92.1196 66.1278 65.4591 53.8094
internal_count=11177 795 380 317 260 10382 8297 8254 7226
is_linear=0
shrinkage=0.03


Tree=244
num_leaves=5
num_cat=0
split_feature=1 7 7 9
split_gain=0.0211688 0.0996874 0.0195127 0.0141567
threshold=98.657715702384053 47.776679841897241 74.772727272727295 81.881313131313149
decision_type=2 2 2 2
left_child=2 -2 3 -1
right_child=1 -3 -4 -5
leaf_value=-0.0012516226272900287 -0.00070846711087478402 0.0052486972379682919 -3.1966051199157007e-05 -0.00070846711087478402
leaf_weight=60.571212486654986 0.89365881960838978 2.1123192354571074 27.715356173110195 9.6130888144252804
leaf_count=7247 57 104 2231 1538
internal_value=-0.000627083 0.00153868 -0.000708467 -0.000971411
internal_weight=100.906 3.00598 97.8997 70.1843
internal_count=11177 161 11016 8785
is_linear=0
shrinkage=0.03


Tree=245
num_leaves=8
num_cat=0
split_feature=2 8 3 1 2 3 5
split_gain=0.0280369 0.016749 0.0502458 0.033309 0.00483819 0.00408339 0.00265513
threshold=1.7039442039442041 13.136324417601381 87.645919666314583 99.747155095256389 99.188495425809336 6.9885995595284376 8.9472480402553405
decision_type=2 2 2 2 2 2 2
left_child=-1 2 6 4 5 -3 -2
right_child=1 3 -4 -5 -6 -7 -8
leaf_value=-0.0041585482517227518 -0.0041585482517227518 -0.0012265686530651637 -0.00013039643853447356 0.0035663933479309806 0.0015811200527711849 -0.00013039643853447356 -0.0020027693323309854
leaf_weight=0.6704286951571693 0.70320689410436799 3.1091737161623305 1.0058215854223815 1.1948327273130406 0.72278630314394732 89.5680019777501 3.7899777272250503
leaf_count=132 143 621 119 28 16 9269 841
internal_value=-0.000299773 -0.000233047 -0.00170709 -0.000130396 -0.000130396 -0.000130396 -0.00347352
internal_weight=100.764 100.094 5.49901 94.5948 93.4 92.6772 4.49318
internal_count=11169 11037 1103 9934 9906 9890 984
is_linear=0
shrinkage=0.03


Tree=246
num_leaves=7
num_cat=0
split_feature=9 2 1 2 1 10
split_gain=0.0268515 0.0115591 0.0184898 0.00804754 0.000928622 0.000894361
threshold=2.0620748299319733 1.7039442039442041 99.747155095256389 99.188495425809336 0.5263194343451133 1.4815627743634769
decision_type=2 2 2 2 2 2
left_child=-1 -2 3 4 -3 -6
right_child=1 2 -4 -5 5 -7
leaf_value=-0.0041899449483574908 -0.0027440922785172141 -0.00098615028628426852 0.0024795476639235411 0.0017813936224428276 -0.00098615028628426852 -0.0002564689298367834
leaf_weight=0.57713639398571004 0.63534797192551096 0.83013693639077146 1.2830548770725716 0.73715437320060928 0.63711610855534573 96.054662513546646
leaf_count=95 132 41 35 17 35 10814
internal_value=-0.000301365 -0.000237772 -0.000194641 -0.000254189 -0.000287501 -0.00027147
internal_weight=100.755 100.177 99.5421 98.2591 97.5219 96.6918
internal_count=11169 11074 10942 10907 10890 10849
is_linear=0
shrinkage=0.03


Tree=247
num_leaves=7
num_cat=0
split_feature=9 2 1 2 10 1
split_gain=0.0267129 0.0114835 0.0179016 0.00702251 0.00101354 0.000924375
threshold=2.0620748299319733 1.7039442039442041 99.747155095256389 99.188495425809336 1.4815627743634769 0.5263194343451133
decision_type=2 2 2 2 2 2
left_child=-1 -2 3 4 -3 -6
right_child=1 2 -4 -5 5 -7
leaf_value=-0.0041806550490609707 -0.0027390273989480666 -0.001056245705511154 0.0024353740277707264 0.0016489494005740366 -0.00096416362965858577 -0.00025457685079496617
leaf_weight=0.57811392121948202 0.63402745767962088 0.63547077216207881 1.282018583966418 0.73493988532572885 0.82991445867810298 96.061141026031692
leaf_count=95 132 35 35 17 41 10814
internal_value=-0.000303237 -0.000239762 -0.00019676 -0.00025529 -0.000286231 -0.000270442
internal_weight=100.756 100.178 99.5435 98.2615 97.5265 96.8911
internal_count=11169 11074 10942 10907 10890 10855
is_linear=0
shrinkage=0.03


Tree=248
num_leaves=7
num_cat=0
split_feature=9 2 1 2 10 1
split_gain=0.0278116 0.0110593 0.0104841 0.00655446 0.00107469 0.000990679
threshold=2.0620748299319733 1.7039442039442041 99.747155095256389 99.188495425809336 1.4815627743634769 0.5263194343451133
decision_type=2 2 2 2 2 2
left_child=-1 -2 3 4 -3 -6
right_child=1 2 -4 -5 5 -7
leaf_value=-0.0042645320964619518 -0.0026910024302188294 -0.0010564270076736915 0.0018058064187014722 0.0016018190912865013 -0.00096599996903697452 -0.00023693205508900272
leaf_weight=0.57218983583152194 0.63154560304246743 0.63617933983914454 1.3186101790051896 0.731695672031491 0.83049718185793509 96.034150119812693
leaf_count=95 132 35 35 17 41 10814
internal_value=-0.000300935 -0.000236374 -0.000194194 -0.000238968 -0.000268904 -0.00025299
internal_weight=100.755 100.183 99.5511 98.2325 97.5008 96.8646
internal_count=11169 11074 10942 10907 10890 10855
is_linear=0
shrinkage=0.03


Tree=249
num_leaves=7
num_cat=0
split_feature=9 2 1 2 10 1
split_gain=0.0279716 0.0110906 0.0125529 0.00639728 0.00103061 0.000968781
threshold=2.0620748299319733 1.7039442039442041 99.747155095256389 99.188495425809336 1.4815627743634769 0.5263194343451133
decision_type=2 2 2 2 2 2
left_child=-1 -2 3 4 -3 -6
right_child=1 2 -4 -5 5 -7
leaf_value=-0.0042736606293692081 -0.0026936844231657407 -0.0010440062526829181 0.0019888172983454681 0.0015767465165815464 -0.00096168809799574817 -0.00023978588887201227
leaf_weight=0.57279132702387769 0.63040716480463643 0.63711173413321276 1.3312440593726922 0.73246730584651132 0.83121605543419619 96.023662122839596
leaf_count=95 132 35 35 17 41 10814
internal_value=-0.000299536 -0.000234803 -0.0001926 -0.000241911 -0.000271445 -0.000255746
internal_weight=100.759 100.186 99.5557 98.2245 97.492 96.8549
internal_count=11169 11074 10942 10907 10890 10855
is_linear=0
shrinkage=0.03


Tree=250
num_leaves=10
num_cat=0
split_feature=8 11 2 4 4 2 2 2 4
split_gain=0.00970711 0.0313877 0.0302497 0.0721743 0.0172797 0.00915202 0.00579177 0.00341997 0.00182584
threshold=32.529069767441868 23.125404845187202 82.605554556774067 64.94831628303497 97.880790984239283 17.330288499643341 97.765700483091805 1.7039442039442041 5.3735940378956641
decision_type=2 2 2 2 2 2 2 2 2
left_child=5 6 4 -4 7 -1 -2 -3 -9
right_child=1 2 3 -5 -6 -7 -8 8 -10
leaf_value=-0.0028897935484984796 -0.0011156768099690668 -0.0011156768099690668 -0.00063072456161922242 0.0012955912091432706 0.0012955912091432706 -0.0011156768099690668 -0.00063072456161922242 -0.0011156768099690668 -0.00063072456161922242
leaf_weight=2.0124155821977245 11.060247456654897 0.43541476572863658 3.4229927231790489 30.586954265017994 2.091508296551182 14.451540183625182 1.2682400566991407 1.3406062659341831 33.839018977829255
leaf_count=453 1713 85 342 920 56 2491 28 238 4863
internal_value=-0.000468067 -0.000329576 -5.34527e-05 0.000586299 -0.000630725 -0.00111568 -0.00111568 -0.000800413 -0.000646564
internal_weight=100.509 84.045 71.7165 34.0099 37.7065 16.464 12.3285 35.615 35.1796
internal_count=11189 8245 6504 1262 5242 2944 1741 5186 5101
is_linear=0
shrinkage=0.03


Tree=251
num_leaves=11
num_cat=0
split_feature=8 11 2 4 4 2 2 8 2 4
split_gain=0.0094551 0.0319045 0.0303093 0.0739014 0.0167008 0.00883168 0.00498204 0.00434903 0.00347885 0.00184168
threshold=32.529069767441868 23.125404845187202 82.605554556774067 64.94831628303497 97.880790984239283 17.330288499643341 97.765700483091805 91.723744292237456 1.7039442039442041 5.3735940378956641
decision_type=2 2 2 2 2 2 2 2 2 2
left_child=5 6 4 -4 8 -1 -2 -5 -3 -10
right_child=1 2 3 7 -6 -7 -8 -9 9 -11
leaf_value=-0.0028497412079470821 -0.0011032267840117899 -0.0011032267840117899 -0.0006251539834538967 0.0013138707031815381 0.0013138707031815381 -0.0011032267840117899 -0.0006251539834538967 0.0023330306466655118 -0.0011032267840117899 -0.0006251539834538967
leaf_weight=2.0048130825161996 11.062914574984452 0.43505125748924811 3.4235893831355488 26.197668442735463 2.0955794025212517 14.433812787407076 1.269277591491117 4.4303045608103266 1.3399203305598337 33.79170066176448
leaf_count=453 1713 85 342 817 56 2491 28 103 238 4863
internal_value=-0.000463495 -0.000326868 -4.65409e-05 0.000593003 -0.000625154 -0.00110323 -0.00110323 0.00131387 -0.000791728 -0.000635744
internal_weight=100.485 84.046 71.7138 34.0516 37.6623 16.4386 12.3322 30.628 35.5667 35.1316
internal_count=11189 8245 6504 1262 5242 2944 1741 920 5186 5101
is_linear=0
shrinkage=0.03


Tree=252
num_leaves=10
num_cat=0
split_feature=8 11 2 4 4 2 2 2 4
split_gain=0.00852026 0.0289505 0.0270659 0.0708843 0.0158919 0.00884316 0.00511225 0.00330701 0.00184008
threshold=32.529069767441868 23.125404845187202 82.605554556774067 64.94831628303497 97.880790984239283 17.330288499643341 97.765700483091805 1.7039442039442041 5.3735940378956641
decision_type=2 2 2 2 2 2 2 2 2
left_child=5 6 4 -4 7 -1 -2 -3 -9
right_child=1 2 3 -5 -6 -7 -8 8 -10
leaf_value=-0.0028114751445645798 -0.0010694120098675402 -0.0010694120098675402 -0.00061032379514944733 0.0012598851476955091 0.0012598851476955091 -0.0010694120098675402 -0.00061032379514944733 -0.0010694120098675402 -0.00061032379514944733
leaf_weight=1.9993852509651358 11.05526634247507 0.4340238249860694 3.4243668651906765 30.630097487592138 2.0905694710090748 14.413277493906206 1.2711468595080067 1.3392630883026857 33.779937430401333
leaf_count=453 1713 85 342 920 56 2491 28 238 4863
internal_value=-0.000461084 -0.000331078 -6.35768e-05 0.000540967 -0.000610324 -0.00106941 -0.00106941 -0.000772953 -0.000618846
internal_weight=100.437 84.0247 71.6983 34.0545 37.6438 16.4127 12.3264 35.5532 35.1192
internal_count=11189 8245 6504 1262 5242 2944 1741 5186 5101
is_linear=0
shrinkage=0.03


Tree=253
num_leaves=8
num_cat=0
split_feature=8 2 4 2 2 4 2
split_gain=0.00854414 0.0152984 0.05547 0.0115287 0.00308389 0.0027153 0.0136501
threshold=32.529069767441868 82.605554556774067 61.79616570701517 17.330288499643341 1.7039442039442041 99.463086280953632 97.163839211098136
decision_type=2 2 2 2 2 2 2
left_child=3 4 -3 -1 -2 6 -5
right_child=1 2 -4 5 -6 -7 -8
leaf_value=-0.0027776181421435907 -0.0021203583724510562 -0.0006769922534222365 0.00077122546385758163 -0.0017242515424610114 -0.0006769922534222365 -0.0006769922534222365 -0.0006769922534222365
leaf_weight=1.9919670297531435 0.55225327191874285 3.5085497708059838 35.342822182690725 13.282841812004328 44.559540673508309 0.43152593029663044 0.68507381225936193
leaf_count=453 112 397 1148 2439 6588 17 35
internal_value=-0.000437051 -0.000307256 0.000128273 -0.00104602 -0.000676992 -0.000676992 -0.00111877
internal_weight=100.355 83.9632 38.8514 16.3914 45.1118 14.3994 13.9679
internal_count=11189 8245 1545 2944 6700 2491 2474
is_linear=0
shrinkage=0.03


Tree=254
num_leaves=5
num_cat=0
split_feature=2 8 4 4
split_gain=0.00806121 0.00761749 0.014525 0.00590514
threshold=1.7039442039442041 32.529069767441868 99.463086280953632 2.1592796573127027
decision_type=2 2 2 2
left_child=-1 2 -2 -3
right_child=1 3 -4 -5
leaf_value=-0.0025482996886644058 -0.0014082917243706864 -0.0014082917243706864 -0.00027538982002444756 -0.00023259284164547548
leaf_weight=0.63610996818169852 15.82492563733831 0.75545063521712918 0.4317283979617067 82.678289182367735
leaf_count=134 2905 132 17 8001
internal_value=-0.000436671 -0.000398023 -0.000974979 -0.00027539
internal_weight=100.327 99.6904 16.2567 83.4337
internal_count=11189 11055 2922 8133
is_linear=0
shrinkage=0.03


Tree=255
num_leaves=8
num_cat=0
split_feature=11 1 7 2 2 9 2
split_gain=0.124275 0.0205418 0.00924471 0.146093 0.00788494 0.018061 0.00303871
threshold=99.751205292767011 0.5263194343451133 97.752525252525274 92.688567362428856 2.8634197199880851 73.942823108993466 98.176477372173665
decision_type=2 2 2 2 2 2 2
left_child=1 -1 4 -4 5 -3 -6
right_child=-2 2 3 -5 6 -7 -8
leaf_value=-0.0038931114694874596 0.0056873489382355171 -0.0038532430221684543 -0.00050748515432531068 0.0056873489382355171 -0.00050748515432531068 -0.00050748515432531068 0.00026637525901641575
leaf_weight=0.60852904943749209 2.0012152884155503 1.1320525986375276 2.47802296874579 0.62810938805341709 89.136084742029198 0.2425842077936976 4.3847848402801892
leaf_count=36 38 226 333 20 10403 56 99
internal_value=-0.000333641 -0.000511702 -0.000451594 0.000963683 -0.000507485 -0.00226728 -0.000507485
internal_weight=100.611 98.6102 98.0016 3.10613 94.8955 1.37464 93.5209
internal_count=11211 11173 11137 353 10784 282 10502
is_linear=0
shrinkage=0.03


Tree=256
num_leaves=8
num_cat=0
split_feature=11 1 7 2 2 9 2
split_gain=0.124421 0.0205509 0.0105125 0.149803 0.00299307 0.00402269 0.00260749
threshold=99.751205292767011 0.5263194343451133 97.752525252525274 92.688567362428856 1.7039442039442041 59.122919334186946 98.176477372173665
decision_type=2 2 2 2 2 2 2
left_child=1 -1 4 -4 5 -3 -6
right_child=-2 2 3 -5 6 -7 -8
leaf_value=-0.0038949032104021591 0.0056814140305820222 -0.002693587566918146 -0.00051510325886438494 0.0056814140305820222 -0.00051510325886438494 -0.00051510325886438494 0.00019168076253340765
leaf_weight=0.6113446734379967 2.0070861715357742 0.44229740835726161 2.4782460513524707 0.63617105619050551 89.822904519038275 0.21317207789979875 4.3854410983622065
leaf_count=36 38 88 333 20 10545 52 99
internal_value=-0.00033712 -0.000515463 -0.000455239 0.00105022 -0.000515103 -0.00185206 -0.000515103
internal_weight=100.597 98.5896 97.9782 3.11442 94.8638 0.655469 94.2083
internal_count=11211 11173 11137 353 10784 140 10644
is_linear=0
shrinkage=0.03


Tree=257
num_leaves=7
num_cat=0
split_feature=11 2 7 7 9 2
split_gain=0.0894417 0.0138533 0.121583 0.0104404 0.00397528 0.00369151
threshold=99.751205292767011 98.176477372173665 51.042118975249686 97.752525252525274 96.026315789473699 2.8634197199880851
decision_type=2 2 2 2 2 2
left_child=1 3 -3 4 5 -1
right_child=-2 2 -4 -5 -6 -7
leaf_value=-0.0020774367483451582 0.0047236597044248325 -0.00057479711814410511 0.0047236597044248325 0.00093624682954603447 -0.00057479711814410511 -0.00075073733135712969
leaf_weight=1.3001175225945178 2.0525464673992238 2.277168308151885 2.3074799696914852 3.1086865530814967 2.8873923453502348 86.643532984657213
leaf_count=275 38 66 42 352 464 9974
internal_value=-0.000341544 -0.000493469 0.000977484 -0.000574797 -0.000636145 -0.000793487
internal_weight=100.577 98.5244 4.58465 93.9397 90.831 87.9437
internal_count=11211 11173 108 11065 10713 10249
is_linear=0
shrinkage=0.03


Tree=258
num_leaves=7
num_cat=0
split_feature=1 9 3 2 3 7
split_gain=0.0622724 0.0115484 0.118356 0.00692596 0.00801758 0.02561
threshold=0.5263194343451133 96.026315789473699 87.645919666314583 1.7039442039442041 8.1657967190547236 84.292763157894754
decision_type=2 2 2 2 2 2
left_child=-1 3 -3 -2 5 -5
right_child=1 2 -4 4 -6 -7
leaf_value=-0.0058854768985505965 -0.0022473384368545068 -0.00029479534436311955 0.0072705433797924414 -0.0022473384368545068 -0.00029479534436311955 -0.00029479534436311955
leaf_weight=0.78304611542262037 0.65780849882867087 2.9264354582410301 1.054493364645168 3.49975921656005 91.087927109096199 0.59512786217965175
leaf_count=39 142 503 52 729 9648 98
internal_value=-0.000325921 -0.000224367 0.00118997 -0.000294795 -0.000294795 -0.0015026
internal_weight=100.605 99.8216 3.98093 95.8406 95.1828 4.09489
internal_count=11211 11172 555 10617 10475 827
is_linear=0
shrinkage=0.03


Tree=259
num_leaves=7
num_cat=0
split_feature=1 9 3 2 3 7
split_gain=0.0622049 0.00802225 0.104349 0.0069197 0.00782149 0.025438
threshold=0.5263194343451133 96.026315789473699 87.645919666314583 1.7039442039442041 8.1657967190547236 84.292763157894754
decision_type=2 2 2 2 2 2
left_child=-1 3 -3 -2 5 -5
right_child=1 2 -4 4 -6 -7
leaf_value=-0.0058698754069029559 -0.0022321997697500786 -0.00028094373964881439 0.0067774699435118897 -0.0022321997697500786 -0.00028094373964881439 -0.00028094373964881439
leaf_weight=0.78995368164032598 0.65642096661031146 2.9275256813270967 1.0399873752612618 3.4923997655860139 91.081766133080237 0.59507526550441969
leaf_count=39 142 503 52 729 9648 98
internal_value=-0.000324302 -0.000222603 0.000959379 -0.000280944 -0.000280944 -0.00147443
internal_weight=100.583 99.7932 3.96751 95.8257 95.1692 4.08748
internal_count=11211 11172 555 10617 10475 827
is_linear=0
shrinkage=0.03


Tree=260
num_leaves=8
num_cat=0
split_feature=11 7 2 11 1 1 9
split_gain=0.0358971 0.0388646 0.178067 0.0962544 0.120201 0.0335785 0.0232663
threshold=99.751205292767011 74.772727272727295 73.979273803958236 38.362903647877744 29.974142942092218 6.9885995595284376 6.896879756468798
decision_type=2 2 2 2 2 2 2
left_child=1 5 -3 4 -4 -1 -7
right_child=-2 2 3 -5 -6 6 -8
leaf_value=-0.002383978513200732 0.0031270465536457443 -0.00052114636988601711 -0.00052114636988601711 0.0031270465536457443 0.0031270465536457443 -0.002383978513200732 -0.00052114636988601711
leaf_weight=7.7870258936309247 2.1171246878802767 12.38252505741548 2.0350207388401023 11.733021250111049 2.2100470634177327 4.3642279782798132 57.795620466582477
leaf_count=616 39 1640 115 395 89 536 7739
internal_value=-4.34967e-05 -0.000142578 0.00077705 0.00299591 -0.000521146 -0.000521146 -0.000521146
internal_weight=100.425 98.3075 28.3606 15.9781 4.24507 69.9469 62.1598
internal_count=11169 11130 2239 599 204 8891 8275
is_linear=0
shrinkage=0.03


Tree=261
num_leaves=7
num_cat=0
split_feature=3 2 7 1 9 11
split_gain=0.055078 0.342217 0.0504239 0.0329383 0.0862962 0.144818
threshold=97.557993917347503 94.952465250458971 74.772727272727295 29.577122275678949 54.34873949579832 38.362903647877744
decision_type=2 2 2 2 2 2
left_child=3 2 -2 4 -1 -6
right_child=1 -3 -4 -5 5 -7
leaf_value=-0.002710752561570631 -0.00028190911601814485 0.010907587795179058 0.0036904929251165269 -0.00028190911601814485 -0.002710752561570631 -0.00028190911601814485
leaf_weight=17.217476588033605 5.3758317406754923 1.9023454568814484 2.3412842566613108 57.987866218551062 4.4994485643692306 10.998153562773949
leaf_count=1772 204 26 52 7678 630 807
internal_value=-4.54927e-05 0.00200033 -0.000281909 -0.000281909 -0.00122086 -0.000281909
internal_weight=100.322 9.61946 7.71712 90.7029 32.7151 15.4976
internal_count=11169 282 256 10887 3209 1437
is_linear=0
shrinkage=0.03


Tree=262
num_leaves=7
num_cat=0
split_feature=3 2 1 9 3 11
split_gain=0.0363363 0.336367 0.036604 0.0956616 0.125275 0.0355347
threshold=97.557993917347503 94.952465250458971 8.1657967190547236 38.408851422550065 89.158259052470058 91.153803084098016
decision_type=2 2 2 2 2 2
left_child=2 5 3 4 -1 -2
right_child=1 -3 -4 -5 -6 -7
leaf_value=-0.0078326286692935298 -0.00027090309648241246 0.010611095688172751 -0.00027090309648241246 -0.00027090309648241246 -0.00027090309648241246 0.003507126110880996
leaf_weight=3.0574961696984229 5.5108681437559408 1.865347374230623 78.732827334781177 7.1812404583324678 1.6110400112811474 2.2511539463885128
leaf_count=278 217 26 10031 526 52 39
internal_value=-7.89711e-05 0.00158246 -0.000270903 -0.00187386 -0.0048563 -0.000270903
internal_weight=100.21 9.62737 90.5826 11.8498 4.66854 7.76202
internal_count=11169 282 10887 856 330 256
is_linear=0
shrinkage=0.03


Tree=263
num_leaves=7
num_cat=0
split_feature=11 3 11 1 9 1
split_gain=0.0351516 0.0270907 0.162876 0.0263005 0.0859471 0.0292823
threshold=99.751205292767011 97.557993917347503 93.557035371443405 29.577122275678949 54.34873949579832 27.994565217391308
decision_type=2 2 2 2 2 2
left_child=1 3 -3 4 5 -1
right_child=-2 2 -4 -5 -6 -7
leaf_value=-0.0030990645185475277 0.0030947608315911035 -0.00031536526449146227 0.0030947608315911035 -0.00031536526449146227 -0.00031536526449146227 -0.00031536526449146227
leaf_weight=15.476389454794122 2.1030659943353376 6.977198700886218 2.5142265628091991 56.884471253841184 15.022945000557227 1.2559221948031325
leaf_count=1662 39 245 35 7660 1429 99
internal_value=-5.00166e-05 -0.000147952 0.00129655 -0.000315365 -0.00116723 -0.00270457
internal_weight=100.234 98.1312 9.49143 88.6397 31.7553 16.7323
internal_count=11169 11130 280 10850 3190 1761
is_linear=0
shrinkage=0.03


Tree=264
num_leaves=8
num_cat=0
split_feature=11 3 11 1 9 11 9
split_gain=0.0326838 0.0247432 0.157043 0.0270882 0.0759438 0.13979 0.0171256
threshold=99.751205292767011 97.557993917347503 93.557035371443405 29.577122275678949 54.34873949579832 38.362903647877744 5.9714795008912658
decision_type=2 2 2 2 2 2 2
left_child=1 3 -3 4 -1 -6 -5
right_child=-2 2 -4 6 5 -7 -8
leaf_value=-0.0025942683304366206 0.0029975096633182586 -0.00029336597484423357 0.0029975096633182586 -0.0025942683304366206 -0.0025942683304366206 -0.00029336597484423357 -0.00029336597484423357
leaf_weight=16.547838197206151 2.0950945559889069 6.9747667270712537 2.5122863501310349 2.0087930904701343 4.4987919076811513 10.557506296201607 54.952311683213338
leaf_count=1761 39 245 35 344 630 799 7316
internal_value=-3.87181e-05 -0.0001332 0.0012474 -0.000293366 -0.00115961 -0.000293366 -0.000293366
internal_weight=100.147 98.0523 9.48705 88.5652 31.6041 15.0563 56.9611
internal_count=11169 11130 280 10850 3190 1429 7660
is_linear=0
shrinkage=0.03


Tree=265
num_leaves=8
num_cat=0
split_feature=11 0 2 3 9 11 0
split_gain=0.0496578 0.0280413 0.0206289 0.021229 0.0563152 0.00877639 0.00322235
threshold=5.6048780487804892 99.747155095256389 1.7039442039442041 6.9885995595284376 95.683229813664624 99.751205292767011 41.676706827309246
decision_type=2 2 2 2 2 2 2
left_child=-1 2 -2 4 6 -5 -4
right_child=1 -3 3 5 -6 -7 -8
leaf_value=-0.0033693589793562418 -0.0033285646481446061 0.0030350343942231071 -0.0033285646481446061 0.0001918442584753835 0.0001918442584753835 0.0018731409971850788 -0.00014881445676690069
leaf_weight=2.7957601193338624 0.61066782230045547 1.8978721261955787 2.5834182769758631 89.205130854388699 0.27528737392276514 1.8072971447836597 0.56307066278532136
leaf_count=603 132 32 559 9659 37 32 98
internal_value=-2.64976e-06 0.000127854 3.88069e-05 9.52323e-05 -0.0019367 0.000191844 -0.00332856
internal_weight=99.7385 96.9427 95.0449 94.4342 3.42178 91.0124 3.14649
internal_count=11152 10549 10517 10385 694 9691 657
is_linear=0
shrinkage=0.03


Tree=266
num_leaves=10
num_cat=0
split_feature=1 10 11 3 3 1 11 9 9
split_gain=0.0267147 0.307523 0.0894011 0.0641998 0.0473384 0.0275274 0.0218014 0.0371446 0.000387537
threshold=85.328080153077508 95.275297619047635 79.090835421154651 96.036981195292569 92.638025726261034 98.286411141473721 5.6048780487804892 14.879240943070732 94.694810905892709
decision_type=2 2 2 2 2 2 2 2 2
left_child=6 2 -2 5 -3 -4 7 -1 -9
right_child=1 4 3 -5 -6 -7 -8 8 -10
leaf_value=-0.0066215106504599833 -0.00020999676686442624 0.0020153933708827558 -0.00020999676686442624 0.0081815408631535497 0.011616910914963845 0.0020153933708827558 -0.00020999676686442624 -0.00067796603933655247 -0.00020999676686442624
leaf_weight=0.29269859835039769 8.5747492813970876 1.1950356655288481 2.5928405581507827 0.96453171828761686 1.4123629312962291 1.1779692890122531 81.6503414924955 1.3475568458670748 0.53868841042276461
leaf_count=37 1228 91 236 21 23 39 9024 310 143
internal_value=7.15947e-06 0.00109562 -0.000209997 0.00372527 0.00899487 0.00110942 -0.000209997 -0.00269719 -0.000209997
internal_weight=99.7468 15.9175 13.3101 4.73534 2.6074 3.77081 83.8293 2.17894 1.88625
internal_count=11152 1638 1524 296 114 275 9514 490 453
is_linear=0
shrinkage=0.03


Tree=267
num_leaves=6
num_cat=0
split_feature=1 10 11 1 10
split_gain=0.0212066 0.265087 0.029855 0.0124035 0.00158727
threshold=98.657715702384053 58.397435897435905 5.6048780487804892 47.854202215541299 1.4815627743634769
decision_type=2 2 2 2 2
left_child=2 -2 3 -1 -4
right_child=1 -3 4 -5 -6
leaf_value=-0.0042772800755518916 -8.9310641429267309e-05 0.0090193550235984771 -0.00039926971700137733 -0.00039926971700137733 -8.9310641429267309e-05
leaf_weight=1.1557709444314235 1.2520215820986771 2.1160142484586686 0.54923567781224747 1.4809081633575258 93.146126935142092
leaf_count=241 106 66 33 348 10358
internal_value=2.48605e-06 0.0020474 -8.93106e-05 -0.00280789 -8.93106e-05
internal_weight=99.7001 3.36804 96.332 2.63668 93.6954
internal_count=11152 172 10980 589 10391
is_linear=0
shrinkage=0.03


Tree=268
num_leaves=12
num_cat=0
split_feature=11 9 0 11 1 1 3 2 1 9 1
split_gain=0.0196744 0.0273009 0.0229256 0.0112561 0.00749007 0.0075884 0.00733006 0.00429967 0.0184131 0.021567 9.20053e-05
threshold=5.6048780487804892 14.879240943070732 99.747155095256389 99.751205292767011 41.550426752664784 12.108993157380256 6.9885995595284376 2.8634197199880851 98.657715702384053 37.011669203450033 18.821805084522968
decision_type=2 2 2 2 2 2 2 2 2 2 2
left_child=1 -1 3 5 -3 -2 -7 -8 10 -10 -9
right_child=2 4 -4 -5 -6 6 7 8 9 -11 -12
leaf_value=-0.0056122782159814212 -0.00061785598857037796 -0.0019944928234377026 0.0027331859670622536 0.0018972846982956071 -2.9644366026969702e-05 -2.9644366026969702e-05 -2.9644366026969702e-05 0.00010219752990209656 0.00024552829667996847 0.0018972846982956071 0.00024552829667996847
leaf_weight=0.30628827027976457 15.337141993280964 0.76001845602877471 1.902926986105739 1.809894811362027 1.6390699815237892 3.1214983221143475 1.0988197388360266 5.9650948898633933 1.3854988010134541 1.6569767538458107 64.655288720619865
leaf_count=42 1251 178 32 33 383 645 222 662 49 75 7580
internal_value=2.59991e-05 -0.00212011 0.000106933 2.64299e-05 -0.000154318 -2.96444e-05 9.25533e-05 0.000290723 0.000365307 0.00189728 0.000245528
internal_weight=99.6385 2.70538 96.9331 95.0302 2.39909 93.2203 77.8832 74.7617 73.6629 3.04248 70.6204
internal_count=11152 603 10549 10517 561 10484 9233 8588 8366 124 8242
is_linear=0
shrinkage=0.03


Tree=269
num_leaves=11
num_cat=0
split_feature=11 9 0 11 1 1 10 3 4 2
split_gain=0.0183061 0.0276721 0.0206709 0.0104323 0.00679419 0.00740729 0.0347566 0.109443 0.0277767 0.0111179
threshold=5.6048780487804892 14.879240943070732 99.747155095256389 99.751205292767011 41.550426752664784 12.108993157380256 59.439874657265968 46.293928199299053 8.9472480402553405 8.8318050536840627
decision_type=2 2 2 2 2 2 2 2 2 2
left_child=1 -1 3 5 -3 -2 -7 -8 -9 -10
right_child=2 4 -4 -5 -6 6 7 8 9 -11
leaf_value=-0.0055650279997939475 -0.00061049314149730393 -0.0018971017610215142 0.0025968705555550254 0.0018271107685667383 -2.9362821672081314e-05 -2.9362821672081314e-05 -2.9362821672081314e-05 -2.9362821672081314e-05 -2.9362821672081314e-05 0.0018271107685667383
leaf_weight=0.30466567690018509 15.33799543045461 0.75722588121425394 1.8980583921074856 1.8055257869418699 1.6387847623554987 39.654796941787936 9.3175233579240722 0.89339439664036291 0.86690904409624892 27.148774751811288
leaf_count=42 1251 178 32 33 383 5879 1489 133 103 1629
internal_value=2.28999e-05 -0.00204856 0.00010095 2.45713e-05 -9.43946e-05 -2.93628e-05 9.13737e-05 0.00087991 0.00182711 0.00182711
internal_weight=99.6237 2.70068 96.923 95.0249 2.39601 93.2194 77.8814 38.2266 28.9091 28.0157
internal_count=11152 603 10549 10517 561 10484 9233 3354 1865 1732
is_linear=0
shrinkage=0.03


Tree=270
num_leaves=7
num_cat=0
split_feature=3 9 11 2 3 3
split_gain=0.0161698 0.0391078 0.0552444 0.00544285 0.171102 0.0230261
threshold=8.9472480402553405 24.158249158249159 44.494012408970221 46.90367888967328 89.530182478595535 99.011087070788577
decision_type=2 2 2 2 2 2
left_child=1 2 -1 -2 -5 -6
right_child=3 -3 -4 4 5 -7
leaf_value=-0.0078205688944023594 0.00046954010747750759 0.00046954010747750759 0.00046954010747750759 0.00046954010747750759 0.0024144823383094689 0.0052121845834889168
leaf_weight=0.46829541493207116 27.118958910112269 3.7069979042862542 0.4954722715774551 47.30665249878075 18.342306912061762 3.7618841826915732
leaf_count=81 4780 802 100 4763 634 77
internal_value=0.000382246 -0.00118651 -0.00462506 0.00046954 0.000739174 0.00309561
internal_weight=101.201 4.67077 0.963768 96.5298 69.4108 22.1042
internal_count=11237 983 181 10254 5474 711
is_linear=0
shrinkage=0.03


Tree=271
num_leaves=5
num_cat=0
split_feature=2 9 9 0
split_gain=0.0117378 0.0108045 0.004144 0.00236551
threshold=2.8634197199880851 83.215962441314574 2.0620748299319733 99.747155095256389
decision_type=2 2 2 2
left_child=1 -1 -2 -4
right_child=2 -3 3 -5
leaf_value=-0.0027011221746440391 -0.0011202713787084474 0.00042292253605960578 0.00042292253605960578 0.0012775315764192224
leaf_weight=1.1377093429910008 0.62303937517572094 0.27022798568941642 96.919782931276131 2.2191058821044853
leaf_count=229 94 53 10820 41
internal_value=0.00037678 -0.00171057 0.000422923 0.000443711
internal_weight=101.17 1.40794 99.7619 99.1389
internal_count=11237 282 10955 10861
is_linear=0
shrinkage=0.03


Tree=272
num_leaves=9
num_cat=0
split_feature=2 3 4 11 3 2 2 2
split_gain=0.0108563 0.0289165 0.0240101 0.0161859 0.0225956 0.327116 0.0341798 0.00551595
threshold=2.8634197199880851 8.9472480402553405 5.3735940378956641 5.6048780487804892 89.530182478595535 96.886832073399248 46.90367888967328 82.325611376663574
decision_type=2 2 2 2 2 2 2 2
left_child=-1 -2 -3 7 -5 6 -6 -4
right_child=1 2 3 4 5 -7 -8 -9
leaf_value=-0.0016332811252369763 -0.0016332811252369763 -0.0016332811252369763 -0.0016332811252369763 0.0003699663444988852 0.0003699663444988852 0.0093837917907553092 0.0016675566355502723 0.0003699663444988852
leaf_weight=1.403053332818671 4.4217784235370337 1.9196694794809435 1.728044017683714 63.784699904732406 5.4551221795845839 2.9922962705604723 18.648898653569631 0.81184410885907698
leaf_count=282 939 373 421 8053 416 41 629 83
internal_value=0.000377516 0.000421724 0.000538054 0.000617866 0.000689071 0.00140034 0.000369966 -0.00140486
internal_weight=101.165 99.7624 95.3406 93.4209 90.881 27.0963 24.104 2.53989
internal_count=11237 10955 10016 9643 9139 1086 1045 504
is_linear=0
shrinkage=0.03


Tree=273
num_leaves=5
num_cat=0
split_feature=3 9 11 0
split_gain=0.00689415 0.0222262 0.0389366 0.00205874
threshold=8.9472480402553405 24.158249158249159 44.494012408970221 99.747155095256389
decision_type=2 2 2 2
left_child=1 2 -1 -2
right_child=3 -3 -4 -5
leaf_value=-0.0061672041849852154 0.00042484777115634061 0.00042484777115634061 0.00042484777115634061 0.0012201110962119699
leaf_weight=0.42934795340988685 94.267666882951744 3.6972653846605681 0.49419706454500556 2.215092067141085
leaf_count=81 10213 802 100 41
internal_value=0.000368883 -0.000667348 -0.00331399 0.000424848
internal_weight=101.104 4.62081 0.923545 96.4828
internal_count=11237 983 181 10254
is_linear=0
shrinkage=0.03


Tree=274
num_leaves=8
num_cat=0
split_feature=2 4 1 11 3 1 1
split_gain=0.00943592 0.00534143 0.0116622 0.307427 0.00909135 0.033819 0.000372755
threshold=1.7039442039442041 1.3369079535299377 98.657715702384053 64.479714650087701 8.9472480402553405 49.870797582879852 0.5263194343451133
decision_type=2 2 2 2 2 2 2
left_child=-1 -2 4 -4 5 -3 -6
right_child=1 2 3 -5 6 -7 -8
leaf_value=-0.0019023740082479913 -0.0012596349430031783 -0.0012596349430031783 0.0003561462478244966 0.010480507064867264 -0.00029465886160280174 0.0003561462478244966 0.0003561462478244966
leaf_weight=0.65173018153291096 0.77719606272876163 1.9780920241610136 1.2969142624642693 1.8090700586326418 1.0695411637425412 2.2246854968834668 91.29353724012617
leaf_count=141 131 431 90 40 37 476 9891
internal_value=0.000368146 0.000401485 0.000426821 0.00200224 0.000356146 -0.000907595 0.000356146
internal_weight=101.101 100.449 99.6718 3.10598 96.5659 4.20278 92.3631
internal_count=11237 11096 10965 130 10835 907 9928
is_linear=0
shrinkage=0.03


Tree=275
num_leaves=4
num_cat=0
split_feature=11 7 9
split_gain=0.0529049 0.0220796 0.0522361
threshold=99.751205292767011 95.04098360655739 96.026315789473699
decision_type=2 2 2
left_child=1 2 -1
right_child=-2 -3 -4
leaf_value=-0.0010399712418116642 0.003258276272730053 0.00091840834321967079 0.00091840834321967079
leaf_weight=88.785375364881475 2.0778121566399923 5.875067616114392 3.1034178978297851
leaf_count=10161 36 527 484
internal_value=-0.000637655 -0.000752609 -0.000868186
internal_weight=99.8417 97.7639 91.8888
internal_count=11208 11172 10645
is_linear=0
shrinkage=0.03


Tree=276
num_leaves=5
num_cat=0
split_feature=11 7 4 4
split_gain=0.0514353 0.0135515 0.0947876 0.00590729
threshold=99.751205292767011 95.04098360655739 61.79616570701517 5.3735940378956641
decision_type=2 2 2 2
left_child=1 3 -3 -1
right_child=-2 2 -4 -5
leaf_value=-0.0021018664037540337 0.0032015592958231382 -0.00084268775995259364 0.0032015592958231382 -0.00084268775995259364
leaf_weight=2.801052611495833 2.0795374640729269 1.9275636157253746 3.9751637135632336 89.049719739356078
leaf_count=553 36 326 201 10092
internal_value=-0.000639425 -0.000752727 0.000566405 -0.000842688
internal_weight=99.833 97.7535 5.90273 91.8508
internal_count=11208 11172 527 10645
is_linear=0
shrinkage=0.03


Tree=277
num_leaves=4
num_cat=0
split_feature=11 7 9
split_gain=0.0530763 0.00619567 0.0318798
threshold=99.751205292767011 95.04098360655739 96.026315789473699
decision_type=2 2 2
left_child=1 2 -1
right_child=-2 -3 -4
leaf_value=-0.0009799402999514273 0.003264141930241272 0.00015896822153150993 0.00015896822153150993
leaf_weight=88.656488473003265 2.079435476800426 5.9894569696625686 3.1108261802000916
leaf_count=10161 36 527 484
internal_value=-0.000636926 -0.00075212 -0.000812657
internal_weight=99.8362 97.7568 91.7673
internal_count=11208 11172 10645
is_linear=0
shrinkage=0.03


Tree=278
num_leaves=6
num_cat=0
split_feature=11 7 4 4 9
split_gain=0.0513678 0.00451671 0.0694345 0.00658906 0.0105766
threshold=99.751205292767011 95.04098360655739 61.79616570701517 5.3735940378956641 88.320545609548176
decision_type=2 2 2 2 2
left_child=1 3 -3 4 -1
right_child=-2 2 -4 -5 -6
leaf_value=-0.0029973037233071735 0.0031973901017324918 -0.00081009342054042964 0.0028550997585650431 -0.00081009342054042964 -0.00081009342054042964
leaf_weight=2.503756497520953 2.0734372625593087 1.9366368247428898 4.0717500044265762 88.947086549829692 0.29500876879319538
leaf_count=488 36 326 201 10092 65
internal_value=-0.000645385 -0.000758445 3.32637e-05 -0.000810093 -0.00212684
internal_weight=99.8277 97.7542 6.00839 91.7459 2.79877
internal_count=11208 11172 527 10645 553
is_linear=0
shrinkage=0.03


Tree=279
num_leaves=5
num_cat=0
split_feature=11 7 4 4
split_gain=0.0497849 0.00381864 0.0672212 0.00601268
threshold=99.751205292767011 95.04098360655739 61.79616570701517 5.3735940378956641
decision_type=2 2 2 2
left_child=1 3 -3 -1
right_child=-2 2 -4 -5
leaf_value=-0.0020693204605270639 0.003141421878425719 -0.00080515273293417446 0.0027886445111314434 -0.00080515273293417446
leaf_weight=2.7917580911889663 2.0668319445103398 1.9366638853680331 4.067986873909831 88.94187157927081
leaf_count=553 36 326 201 10092
internal_value=-0.000646568 -0.000757675 -2.09559e-05 -0.000805153
internal_weight=99.8051 97.7383 6.00465 91.7336
internal_count=11208 11172 527 10645
is_linear=0
shrinkage=0.03


Tree=280
num_leaves=11
num_cat=0
split_feature=2 1 0 1 4 4 1 4 1 4
split_gain=0.0246483 0.0214079 0.0614911 0.0639184 0.0903755 0.0335846 0.0295552 0.0197835 0.0276154 0.0172548
threshold=1.7039442039442041 0.5263194343451133 99.463086280953632 29.577122275678949 97.880790984239283 99.463086280953632 85.328080153077508 1.3369079535299377 99.463086280953632 94.899319669059366
decision_type=2 2 2 2 2 2 2 2 2 2
left_child=-1 -2 3 5 6 -3 -5 -8 9 -9
right_child=1 2 -4 4 -6 -7 7 8 -10 -11
leaf_value=-0.0035833460222281814 -0.0030172732153242007 -0.0012148249747896283 0.0035259423112215058 -0.00010498660645680767 0.0035259423112215058 0.0032715427772778269 -0.00010498660645680767 0.00057254642295147707 0.0035259423112215058 0.0035259423112215058
leaf_weight=0.61678863526321848 0.88736671477090467 31.38246692577377 3.7904495864640912 45.1073044675868 2.798954031430184 0.63110819784924288 0.50619950867257912 11.848366282298224 1.7212505629286177 0.64626556471921581
leaf_count=135 48 3183 65 6133 60 20 72 1451 57 14
internal_value=9.29272e-05 0.000151249 0.000209871 4.15833e-05 0.000596902 -0.00102996 0.000283171 0.00140349 0.00177174 0.00102939
internal_weight=99.9365 99.3197 98.4324 94.6419 62.6283 32.0136 59.8294 14.7221 14.2159 12.4946
internal_count=11238 11103 11055 10990 7787 3203 7727 1594 1522 1465
is_linear=0
shrinkage=0.03


Tree=281
num_leaves=10
num_cat=0
split_feature=1 11 3 8 3 1 8 0 2
split_gain=0.0220972 0.206853 0.491621 0.135576 0.0423186 0.0165932 0.00391701 0.000675408 0.000118585
threshold=85.328080153077508 29.423624288425053 96.036981195292569 35.339366515837114 93.007967017661159 0.5263194343451133 4.0408163265306127 99.463086280953632 6.4120699935506655
decision_type=2 2 2 2 2 2 2 2 2
left_child=5 -2 3 -3 8 -1 -7 -8 -5
right_child=1 2 -4 4 -6 6 7 -9 -10
leaf_value=-0.0029130615520811701 -9.9226559592453215e-05 -9.9226559592453215e-05 0.013689420629311784 0.0005389665199680649 0.0077318882745830248 -0.0015807158702455934 -0.00023207730585302904 -9.9226559592453215e-05 0.0022529425461142397
leaf_weight=0.88739470019936462 3.3753972221165922 2.4859926616772992 2.4116883489768943 0.79394017788581539 1.0403046896681187 0.7692325136740682 78.939314990653656 3.4017638110090038 5.9155704251024872
leaf_count=48 547 334 55 116 35 181 9276 60 586
internal_value=9.93836e-05 0.00108523 0.00382402 0.000488102 0.0036941 -9.92266e-05 -9.92266e-05 -9.92266e-05 0.00214634
internal_weight=100.021 16.0229 12.6475 10.2358 7.74982 83.9977 83.1103 82.3411 6.70951
internal_count=11238 1673 1126 1071 737 9565 9517 9336 702
is_linear=0
shrinkage=0.03


Tree=282
num_leaves=11
num_cat=0
split_feature=1 0 1 4 1 11 4 2 4 11
split_gain=0.0175003 0.0588384 0.0527964 0.113996 0.0316168 0.161171 0.04174 0.0225354 0.0157277 0.000236276
threshold=0.5263194343451133 99.463086280953632 29.577122275678949 97.880790984239283 85.328080153077508 29.423624288425053 5.3735940378956641 76.127016344407664 99.463086280953632 38.362903647877744
decision_type=2 2 2 2 2 2 2 2 2 2
left_child=-1 2 8 4 7 -6 -7 -4 9 -2
right_child=1 -3 3 -5 5 6 -8 -9 -10 -11
leaf_value=-0.0027806958156195915 -0.0014403019928577051 0.0033880884099376342 -0.0010022134779208117 0.0033880884099376342 -0.00028808456699702998 -0.00028808456699702998 0.0033880884099376342 -0.00028808456699702998 0.0019485420747218185 -0.0010022134779208117
leaf_weight=0.88663911120965977 7.8854030275251885 3.7697373575065276 27.8588048821548 2.8668645010329774 3.2458799179876214 0.97270687459967931 10.885820607421918 17.605952591751702 0.68499433994293113 23.393581661395729
leaf_count=48 1109 65 5248 60 541 150 964 956 20 2077
internal_value=8.3259e-05 0.000136369 -2.59364e-05 0.000473907 0.000110789 0.00125475 0.00338809 -0.000288085 -0.00100221 -0.0011252
internal_weight=100.056 99.1697 95.4 63.436 60.5692 15.1044 11.8585 45.4648 31.964 31.279
internal_count=11238 11190 11125 7919 7859 1655 1114 6204 3206 3186
is_linear=0
shrinkage=0.03


Tree=283
num_leaves=9
num_cat=0
split_feature=2 1 11 1 3 1 2 3
split_gain=0.0246934 0.0171928 0.00731833 0.0176776 0.254942 0.0109404 0.0105979 0.00189066
threshold=1.7039442039442041 0.5263194343451133 5.6048780487804892 85.328080153077508 96.036981195292569 99.747155095256389 32.32845740645201 99.747155095256389
decision_type=2 2 2 2 2 2 2 2
left_child=-1 -2 6 7 5 -5 -3 -4
right_child=1 2 3 4 -6 -7 -8 -9
leaf_value=-0.0036281495401378787 -0.0027289294067661604 -0.0027289294067661604 2.7681496796398986e-05 2.7681496796398986e-05 0.0079029141528943435 0.0037700102730012972 2.7681496796398986e-05 0.00078504518735496352
leaf_weight=0.61744798661675204 0.88882835896219958 0.84221889742184508 78.216412680048961 11.60277105006389 3.0086712634656569 0.73665732843801457 2.0518395686522126 1.9678472136147309
leaf_count=135 48 210 8925 1404 76 23 391 26
internal_value=4.97929e-05 0.000108598 0.000161411 0.000211341 0.00111046 2.76815e-05 -0.00111777 2.76815e-05
internal_weight=99.9327 99.3152 98.4264 95.5324 15.3481 12.3394 2.89406 80.1843
internal_count=11238 11103 11055 10454 1503 1427 601 8951
is_linear=0
shrinkage=0.03


Tree=284
num_leaves=10
num_cat=0
split_feature=1 0 1 4 4 1 1 11 11
split_gain=0.0179825 0.04776 0.0526438 0.104184 0.0213 0.0184735 0.00810334 0.0802157 0.0181875
threshold=0.5263194343451133 99.463086280953632 29.577122275678949 97.880790984239283 99.463086280953632 99.747155095256389 85.328080153077508 29.423624288425053 99.751205292767011
decision_type=2 2 2 2 2 2 2 2 2
left_child=-1 2 4 5 -2 6 8 -8 -4
right_child=1 -3 3 -5 -6 -7 7 -9 -10
leaf_value=-0.0028121876928908197 -0.0011270932311110472 0.003071817822669637 -0.00028147027967526122 0.003071817822669637 0.0024010862013509127 0.0027811462077309457 -0.00016356485748112345 0.0024497902408241383 0.0024497902408241383
leaf_weight=0.88789853209163894 31.193777765554849 3.7748241324443361 44.347841005655937 2.8546267696656278 0.6999883446842422 1.2877773041836906 2.9311876595020285 10.987092514988033 0.90870238468050857
leaf_count=48 3186 65 6190 60 20 38 521 1096 14
internal_value=9.00686e-05 0.000143967 -2.83446e-06 0.000496459 -0.000979017 0.000135901 3.30731e-05 0.000640564 -0.000163565
internal_weight=99.8737 98.9858 95.211 63.3172 31.8938 60.4626 59.1748 13.9183 45.2565
internal_count=11238 11190 11125 7919 3206 7859 7821 1617 6204
is_linear=0
shrinkage=0.03


Tree=285
num_leaves=10
num_cat=0
split_feature=0 1 10 11 10 2 11 1 7
split_gain=0.0935417 0.0674984 0.220188 0.153561 0.171566 0.30288 0.117909 0.0878563 0.0449897
threshold=99.747155095256389 29.577122275678949 95.861872146118728 78.767909688419564 83.215962441314574 57.628175159731974 17.464335945348605 49.466632531148669 87.609649122807028
decision_type=2 2 2 2 2 2 2 2 2
left_child=1 8 3 -3 5 -5 -4 -7 -1
right_child=-2 2 6 4 -6 7 -8 -9 -10
leaf_value=-0.0025678157863094921 0.0049787131910560938 -0.0013390225833656694 -0.0013390225833656694 -0.0013390225833656694 0.0049787131910560938 0.00018113486886312807 0.0049787131910560938 0.0049787131910560938 -0.0013390225833656694
leaf_weight=27.003706634917762 2.1872027923818669 38.403335739974864 0.73865495366044243 6.5105672247009378 3.9491471345536402 3.7294319514185172 5.4499614721862599 5.1716952389106154 5.3705748663051045
leaf_count=2888 37 5989 69 831 207 187 300 247 331
internal_value=-7.96064e-05 -0.000244435 0.000321753 -0.000290567 0.00183091 0.000160843 0.00497871 0.00426823 -0.00133902
internal_weight=98.5143 96.3271 63.9528 57.7642 19.3608 15.4117 6.18862 8.90113 32.3743
internal_count=11086 11049 7830 7461 1472 1265 369 434 3219
is_linear=0
shrinkage=0.03


Tree=286
num_leaves=10
num_cat=0
split_feature=0 1 10 11 10 2 9 11 9
split_gain=0.0598072 0.0538323 0.19695 0.122168 0.161756 0.30181 0.129344 0.0823754 0.0259679
threshold=99.747155095256389 29.577122275678949 95.861872146118728 78.767909688419564 83.215962441314574 57.628175159731974 27.812939521800285 17.464335945348605 62.583333333333343
decision_type=2 2 2 2 2 2 2 2 2
left_child=1 8 3 -3 5 -5 -7 -4 -1
right_child=-2 2 7 4 -6 6 -8 -9 -10
leaf_value=-0.0022506558477609264 0.0039691658644557069 -0.001158359046742642 -0.001158359046742642 -0.001158359046742642 0.0039691658644557069 -0.001158359046742642 0.0039691658644557069 0.0039691658644557069 -0.001158359046742642
leaf_weight=19.712984232231975 2.2320427589584133 38.259138812078163 0.73970175976864894 6.4165941217215758 3.9986177526880047 1.778436464141121 7.2460970233660191 5.4640547910239547 12.580837426008655
leaf_count=2011 37 5989 69 831 207 108 326 300 1208
internal_value=-4.61e-05 -0.000179144 0.000325935 -0.000269238 0.00161927 -0.000114694 0.00396917 0.00396917 -0.00115836
internal_weight=98.4285 96.1965 63.9026 57.6989 19.4397 15.4411 9.02453 6.20376 32.2938
internal_count=11086 11049 7830 7461 1472 1265 434 369 3219
is_linear=0
shrinkage=0.03


Tree=287
num_leaves=11
num_cat=0
split_feature=1 11 8 2 10 7 7 2 9 9
split_gain=0.0277325 0.345896 0.527927 0.218408 0.406414 0.0631751 0.00583271 0.0156901 0.012273 0.0047617
threshold=85.328080153077508 31.565960812948767 47.100840336134461 57.628175159731974 94.244306418219466 81.892697466467979 89.52850877192985 6.4120699935506655 79.610733182161766 97.27878563495004
decision_type=2 2 2 2 2 2 2 2 2 2
left_child=6 -2 -3 4 5 -4 7 8 -1 -9
right_child=1 2 3 -5 -6 -7 -8 9 -10 -11
leaf_value=-0.0038034393406276429 -0.00029447740766420385 -0.00029447740766420385 -0.00029447740766420385 0.013696885420540287 0.013696885420540287 0.0051615355345200108 -0.00029447740766420385 -0.00047233787525601906 -0.00047233787525601906 -0.00029447740766420385
leaf_weight=1.3648881466360752 3.6901162513531771 3.2203446491621426 3.5098967477679235 3.5708892995025963 1.2677614239510147 1.0333468622993676 10.214483500807544 68.098633602028713 0.27763752150349308 2.0354405730031422
leaf_count=309 569 415 436 108 52 70 832 7898 67 330
internal_value=-6.74031e-05 0.00102629 0.00471655 0.00857533 0.00387919 -0.000294477 -0.000294477 -0.000565258 -0.00285268 -0.000472338
internal_weight=98.2834 16.2924 12.6022 9.38189 5.81101 4.54324 81.9911 71.7766 1.64253 70.1341
internal_count=11086 1650 1081 666 558 506 9436 8604 376 8228
is_linear=0
shrinkage=0.03


Tree=288
num_leaves=8
num_cat=0
split_feature=0 9 2 11 8 2 7
split_gain=0.0530878 0.0106186 0.236224 0.0594732 0.0166353 0.0100183 0.0319253
threshold=99.747155095256389 95.932156646442365 75.2278886425228 75.746434937611426 6.3660925363053034 6.4120699935506655 89.323708206686945
decision_type=2 2 2 2 2 2 2
left_child=1 4 -3 -4 -1 6 -6
right_child=-2 2 3 -5 5 -7 -8
leaf_value=-0.0026034329172245256 0.0037241789102651387 -0.00027199644395028955 -0.00027199644395028955 0.0037241789102651387 -0.0026034329172245256 -0.00027199644395028955 -0.00027199644395028955
leaf_weight=1.767997113871387 2.2191771264187983 2.6003383998759082 1.0648896605707707 1.6447790982201693 2.9065631261328231 85.716534141683951 0.33937142929062236
leaf_count=409 37 437 116 34 566 9430 57
internal_value=-6.6839e-05 -0.000191912 0.00100272 0.00372418 -0.000271996 -0.000271996 -0.00177513
internal_weight=98.2597 96.0405 5.31001 2.70967 90.7305 88.9625 3.24593
internal_count=11086 11049 587 150 10462 10053 623
is_linear=0
shrinkage=0.03


Tree=289
num_leaves=8
num_cat=0
split_feature=0 9 2 8 11 2 7
split_gain=0.0409148 0.0102458 0.212766 0.0154893 0.0132896 0.00972013 0.0310783
threshold=99.747155095256389 95.932156646442365 75.2278886425228 6.3660925363053034 75.746434937611426 6.4120699935506655 89.323708206686945
decision_type=2 2 2 2 2 2 2
left_child=1 3 -3 -1 -4 6 -5
right_child=-2 2 4 5 -6 -7 -8
leaf_value=-0.0025134721358733686 0.0032537457583527727 -0.00026137130059224547 -0.00026137130059224547 -0.0025134721358733686 0.0032537457583527727 -0.00026137130059224547 -0.00026137130059224547
leaf_weight=1.7619864292209957 2.2222803155891588 2.6005121981725088 1.0637753489427271 2.902042323374189 1.6412640726193783 85.713873463566415 0.33931887755170453
leaf_count=409 37 437 116 566 34 9430 57
internal_value=-7.29378e-05 -0.00018267 0.00099104 -0.000261371 0.00325375 -0.000261371 -0.00174083
internal_weight=98.2451 96.0228 5.30555 90.7172 2.70504 88.9552 3.24136
internal_count=11086 11049 587 10462 150 10053 623
is_linear=0
shrinkage=0.03


Tree=290
num_leaves=9
num_cat=0
split_feature=9 10 1 10 2 10 10 10
split_gain=0.0178432 0.00884185 0.0110122 0.0653564 0.00192404 0.013285 0.00630545 0.00212463
threshold=2.6846846846846852 1.4815627743634769 7.7734098265012719 94.797297297297305 93.069342801246293 70.900537634408622 3.252247488101534 2.541827541827542
decision_type=2 2 2 2 2 2 2 2
left_child=-1 -2 3 -3 6 -6 7 -4
right_child=1 2 4 -5 5 -7 -8 -9
leaf_value=-0.0027985060323183438 -0.0020380641431338598 -0.0020380641431338598 -0.0020380641431338598 0.000274808337821857 0.000274808337821857 0.0017302296343185664 0.000274808337821857 0.000274808337821857
leaf_weight=0.92393324873410065 0.68697136361151834 9.5003058478469011 0.28631021094042708 2.6157774257007977 8.0055263929534686 5.533299383823759 71.923434531781822 0.33004741149488837
leaf_count=149 38 769 72 65 324 137 9507 76
internal_value=6.41586e-05 0.000118657 0.00015414 -0.00065874 0.000274808 0.000627368 0.000274808 -0.00167532
internal_weight=99.8056 98.8817 98.1947 12.1161 86.0786 13.5388 72.5398 0.616358
internal_count=11137 10988 10950 834 10116 461 9655 148
is_linear=0
shrinkage=0.03


Tree=291
num_leaves=10
num_cat=0
split_feature=9 1 10 10 5 2 10 10 2
split_gain=0.0178778 0.00496751 0.0485511 0.0130962 0.00199833 0.0456237 0.00267286 0.0017378 0.00131311
threshold=2.6846846846846852 7.7734098265012719 94.797297297297305 2.541827541827542 45.917101640472644 93.069342801246293 9.1608391608391635 33.452380952380956 48.653458938587669
decision_type=2 2 2 2 2 2 2 2 2
left_child=-1 2 7 -3 6 8 -5 -2 -6
right_child=1 3 -4 4 5 -7 -8 -9 -10
leaf_value=-0.0028173757803498585 -0.0028173757803498585 -0.0019616190287282515 0.00018309338296857932 -0.0011587799793155175 0.00018309338296857932 0.0019667612041000177 0.00018309338296857932 -0.0014466074980113118 0.00053032759319926622
leaf_weight=0.92436189821455528 1.4293793401447974 0.91363171057309855 2.6242043642560011 1.5531939804786876 14.80685638275463 12.568444337928666 21.064423116622493 8.1990184066817147 35.705748102045618
leaf_count=149 220 105 65 353 2105 344 4506 556 2734
internal_value=4.74008e-05 0.000102129 -0.000440826 0.000183093 0.000235788 0.000362943 0.000183093 -0.00196162 0.000183093
internal_weight=99.7893 98.8649 12.2526 86.6123 85.6987 63.081 22.6176 9.6284 50.5126
internal_count=11137 10988 841 10147 10042 5183 4859 776 4839
is_linear=0
shrinkage=0.03


Tree=292
num_leaves=8
num_cat=0
split_feature=9 1 5 5 5 2 2
split_gain=0.0176562 0.00132504 0.0277515 0.00235494 0.002262 0.0335083 0.0036436
threshold=2.6846846846846852 7.7734098265012719 61.396532803622783 99.011087070788577 45.917101640472644 76.127016344407664 93.069342801246293
decision_type=2 2 2 2 2 2 2
left_child=-1 2 -2 -4 -3 -6 -7
right_child=1 4 3 -5 5 6 -8
leaf_value=-0.0028227516862503314 -0.0028227516862503314 -0.00013286893950270257 -0.00040749552388826753 0.00011936076314019981 0.00011936076314019981 0.00074904936969472763 0.0014586049046666895
leaf_weight=0.92516751331277092 0.83901147777214546 22.82120179827325 8.972348927985875 2.390698736999183 29.25772010278888 21.678918198333122 12.942773494287392
leaf_count=149 204 4907 586 51 3762 1128 350
internal_value=2.32357e-05 7.78465e-05 -0.000203827 0.000119361 0.000119361 0.00021013 0.00104781
internal_weight=99.8278 98.9027 12.2021 11.363 86.7006 63.8794 34.6217
internal_count=11137 10988 841 637 10147 5240 1478
is_linear=0
shrinkage=0.03


Tree=293
num_leaves=8
num_cat=0
split_feature=9 1 1 5 2 10 2
split_gain=0.00244078 0.00533299 0.00075569 0.000933388 0.0343704 0.013227 0.00131961
threshold=2.6846846846846852 51.885444597925307 7.7734098265012719 45.917101640472644 76.127016344407664 92.805383022774336 93.069342801246293
decision_type=2 2 2 2 2 2 2
left_child=1 -1 -2 -4 5 -5 -6
right_child=2 -3 3 4 6 -7 -8
leaf_value=-0.0020611414299625073 -0.00014852251614933215 6.4436196203673118e-05 6.4436196203673118e-05 6.4436196203673118e-05 0.0010100492489068492 0.0010100492489068492 0.0014078809253311448
leaf_weight=0.55902943725231935 12.193498716573229 0.31732856296002865 22.815852859523147 24.566313284100037 21.688968043541536 4.6825992779340586 12.949868320487438
leaf_count=81 841 68 4907 3511 1128 251 350
internal_value=4.47317e-05 -0.00102817 6.44362e-05 9.57375e-05 0.000184163 6.44362e-05 0.00101005
internal_weight=99.7735 0.876358 98.8971 86.7036 63.8877 29.2489 34.6388
internal_count=11137 149 10988 10147 5240 3762 1478
is_linear=0
shrinkage=0.03


Tree=294
num_leaves=6
num_cat=0
split_feature=9 1 1 10 10
split_gain=0.00225206 0.00514499 0.000518519 0.000544451 0.00219899
threshold=2.6846846846846852 51.885444597925307 7.7734098265012719 2.541827541827542 94.797297297297305
decision_type=2 2 2 2 2
left_child=1 -1 4 -4 -2
right_child=2 -3 3 -5 -6
leaf_value=-0.0020158757448697174 5.7140676191771167e-05 5.7140676191771167e-05 5.7140676191771167e-05 0.00013690348286257863 0.00013690348286257863
leaf_weight=0.55912110081408073 9.5689768004813178 0.3173633327241987 0.90957322251051564 85.785433284472674 2.6291144522838303
leaf_count=81 776 68 105 10042 65
internal_value=3.81666e-05 -0.000992245 5.71407e-05 8.30496e-05 -0.000119341
internal_weight=99.7696 0.876484 98.8931 86.695 12.1981
internal_count=11137 149 10988 10147 841
is_linear=0
shrinkage=0.03


Tree=295
num_leaves=7
num_cat=0
split_feature=1 3 4 9 1 1
split_gain=0.0242729 0.0533981 0.0405334 0.0337524 0.0798547 0.0318532
threshold=98.657715702384053 93.007967017661159 50.266683734425676 6.896879756468798 92.638025726261034 7.7734098265012719
decision_type=2 2 2 2 2 2
left_child=3 2 -2 4 -1 -5
right_child=1 -3 -4 5 -6 -7
leaf_value=-0.0044583583089686518 -0.00027612390944470593 0.0052144355139779981 0.0043025971341508241 -0.0019179400853106025 -0.00027612390944470593 -0.00027612390944470593
leaf_weight=4.8543463898822656 0.83073822502046757 1.3529174677096305 0.90025283652357757 10.488860268553251 0.59835303341969837 80.35130165470764
leaf_count=529 97 25 37 778 42 9627
internal_value=-0.000182748 0.00208654 -0.000276124 -0.000276124 -0.00244856 -0.000276124
internal_weight=99.3768 3.08391 1.73099 96.2929 5.4527 90.8402
internal_count=11135 159 134 10976 571 10405
is_linear=0
shrinkage=0.03


Tree=296
num_leaves=11
num_cat=0
split_feature=2 1 3 9 1 1 3 3 3 3
split_gain=0.0170955 0.0116592 0.0673303 0.0419941 0.0375317 0.0259596 0.020658 0.0123991 0.00247252 0.00204848
threshold=1.7039442039442041 80.213941981108476 96.036981195292569 6.896879756468798 94.899319669059366 7.7734098265012719 88.802985074626875 8.1657967190547236 6.5354287591720519 89.530182478595535
decision_type=2 2 2 2 2 2 2 2 2 2
left_child=-1 3 8 -2 -4 6 -5 -7 -3 -10
right_child=1 2 4 5 -6 7 -8 -9 9 -11
leaf_value=-0.0032979205078678708 -0.0030020635024221049 -0.0014516951678601054 0.0002526378367683702 -0.0025989754741008032 0.00575823430056194 -0.0025989754741008032 -0.00030774707817557548 -0.00030774707817557548 -0.00030774707817557548 0.0002526378367683702
leaf_weight=0.57133586192503472 4.2194003050681195 0.87142276880331948 1.9623093695845448 7.5529543618904409 1.9082672588992862 2.5656094386940813 2.9338524681515992 60.894022153923288 12.021048748400061 3.8125905927736303
leaf_count=124 445 172 60 660 47 570 118 7044 1714 181
internal_value=-0.000191358 -0.000140498 0.000479686 -0.000307747 0.00359195 -0.000307747 -0.0018184 -0.000307747 -0.000307747 -0.00026308
internal_weight=99.3128 98.7415 20.5756 78.1658 3.87058 73.9464 10.4868 63.4596 16.7051 15.8336
internal_count=11135 11011 2174 8837 107 8392 778 7614 2067 1895
is_linear=0
shrinkage=0.03


Tree=297
num_leaves=6
num_cat=0
split_feature=2 9 3 4 4
split_gain=0.0160099 0.00709916 0.00681959 0.0101599 0.00340271
threshold=1.7039442039442041 6.896879756468798 8.9472480402553405 92.216496640089147 5.7478356250244849
decision_type=2 2 2 2 2
left_child=-1 -2 3 -3 -4
right_child=1 2 4 -5 -6
leaf_value=-0.0032463698536586258 -0.0011263002287967806 -0.0011263002287967806 -0.0010251475998320496 -5.4024419404547688e-05 -1.8682825447609525e-05
leaf_weight=0.56907466147094865 5.7579420928377649 3.9637407798436461 2.1342820741701862 0.30699870688840736 86.653046984924003
leaf_count=124 584 864 423 21 9119
internal_value=-0.000236125 -0.00018644 -0.00011693 -0.0011263 -5.40244e-05
internal_weight=99.3851 98.816 93.0581 4.27074 88.7873
internal_count=11135 11011 10427 885 9542
is_linear=0
shrinkage=0.03


Tree=298
num_leaves=7
num_cat=0
split_feature=9 1 1 3 2 2
split_gain=0.00560085 0.117097 0.0352378 0.00741309 0.0238131 0.0043772
threshold=6.896879756468798 92.638025726261034 7.7734098265012719 8.1657967190547236 50.821918244198052 93.069342801246293
decision_type=2 2 2 2 2 2
left_child=1 -1 -2 -4 -5 -6
right_child=2 -3 3 4 5 -7
leaf_value=-0.0045313910337309452 -0.0017195540908609183 -0.00016307220519119916 -0.00016307220519119916 -0.00016307220519119916 0.00044052235408535549 0.0010950146198352654
leaf_weight=4.8101095043821251 10.500768016849177 0.96875807899050403 3.6135161285055792 27.326401901431382 39.849697488127276 12.342741207336074
leaf_count=529 778 61 772 4821 3763 411
internal_value=-0.000225261 -0.00106018 -0.000163072 5.16348e-05 0.000199361 0.000612976
internal_weight=99.412 5.77887 93.6331 83.1324 79.5188 52.1924
internal_count=11135 590 10545 9767 8995 4174
is_linear=0
shrinkage=0.03


Tree=299
num_leaves=7
num_cat=0
split_feature=9 1 1 3 2 2
split_gain=0.0141917 0.150604 0.0329566 0.00698499 0.0192156 0.00436593
threshold=6.896879756468798 77.499859303772553 7.7734098265012719 8.1657967190547236 50.821918244198052 93.069342801246293
decision_type=2 2 2 2 2 2
left_child=1 -1 -2 -4 -5 -6
right_child=2 -3 3 4 5 -7
leaf_value=-0.0056839667305016153 -0.0016450994912662555 -0.00013857130087349028 -0.00013857130087349028 -0.00013857130087349028 0.00040595886750500939 0.0010561902983403681
leaf_weight=3.8549936246126881 10.484527093416544 1.841876149177551 3.6114551094360641 27.315980211831629 39.868385338690132 12.355201174039392
leaf_count=426 778 164 772 4821 3763 411
internal_value=-0.000235542 -0.0015707 -0.000138571 6.86791e-05 0.000212387 0.000576747
internal_weight=99.3324 5.69687 93.6355 83.151 79.5396 52.2236
internal_count=11135 590 10545 9767 8995 4174
is_linear=0
shrinkage=0.03


Tree=300
num_leaves=3
num_cat=0
split_feature=1 3
split_gain=0.0183327 0.00423488
threshold=99.463086280953632 6.9885995595284376
decision_type=2 2
left_child=1 -1
right_child=-2 -3
leaf_value=-0.00066227674645693126 0.0025673149997390214 0.00029524543801130905
leaf_weight=3.4234168261755249 2.2080568620003751 94.439845734974369
leaf_count=735 82 10338
internal_value=0.000331298 0.00025539
internal_weight=100.071 97.8633
internal_count=11155 11073
is_linear=0
shrinkage=0.03


Tree=301
num_leaves=4
num_cat=0
split_feature=1 3 2
split_gain=0.00877558 0.00362533 0.0028666
threshold=99.463086280953632 6.9885995595284376 1.7039442039442041
decision_type=2 2 2
left_child=1 -1 -3
right_child=-2 2 -4
leaf_value=-0.0005850541620281627 0.0018656131039293869 -0.0005850541620281627 0.00032293532773135122
leaf_weight=3.4175307980622156 2.2320658371318123 0.49790895904879917 93.884473387268372
leaf_count=735 82 116 10222
internal_value=0.000320617 0.00026683 0.000303486
internal_weight=100.032 97.7999 94.3824
internal_count=11155 11073 10338
is_linear=0
shrinkage=0.03


Tree=302
num_leaves=4
num_cat=0
split_feature=1 3 2
split_gain=0.00850099 0.00351636 0.00284511
threshold=99.463086280953632 6.9885995595284376 1.7039442039442041
decision_type=2 2 2
left_child=1 -1 -3
right_child=-2 2 -4
leaf_value=-0.00057183097522626775 0.0018424611537565475 -0.00057183097522626775 0.00032339566115523812
leaf_weight=3.4140899629564947 2.2292756154201916 0.49739120132289727 93.888678563758731
leaf_count=735 82 116 10222
internal_value=0.000320873 0.000267892 0.000303942
internal_weight=100.029 97.8002 94.3861
internal_count=11155 11073 10338
is_linear=0
shrinkage=0.03


Tree=303
num_leaves=5
num_cat=0
split_feature=9 0 3 3
split_gain=0.00923443 0.000933563 0.00515897 0.00171328
threshold=2.0620748299319733 43.654665118079755 6.9885995595284376 26.402933985330076
decision_type=2 2 2 2
left_child=-1 2 -2 -4
right_child=1 -3 3 -5
leaf_value=-0.0019540032400236079 -0.00082572340712166992 0.0004269487056945054 -2.8285043165784757e-05 0.0004269487056945054
leaf_weight=0.57641270675230671 2.8530374662950662 76.66171239502728 7.607799420598897 12.304796599783002
leaf_count=102 642 6225 1648 2538
internal_value=0.000343627 0.000376272 0.000194836 0.000373552
internal_weight=100.004 99.4273 22.7656 19.9126
internal_count=11155 11053 4828 4186
is_linear=0
shrinkage=0.03


Tree=304
num_leaves=5
num_cat=0
split_feature=2 1 3 4
split_gain=0.00950724 0.0311957 0.0106499 0.0239471
threshold=2.8634197199880851 99.463086280953632 6.9885995595284376 94.155398848418216
decision_type=2 2 2 2
left_child=-1 2 3 -2
right_child=1 -3 -4 -5
leaf_value=-0.0015712028542911967 -0.0015712028542911967 0.0033572311151460334 0.00035023999853527808 0.00035023999853527808
leaf_weight=1.3207369034644205 3.0436391120892945 2.0874714748933902 93.297066395636648 0.24420067982282478
leaf_count=276 692 67 10104 16
internal_value=0.000343239 0.00038437 0.000286373 -0.00118495
internal_weight=99.9931 98.6724 96.5849 3.28784
internal_count=11155 10879 10812 708
is_linear=0
shrinkage=0.03


Tree=305
num_leaves=5
num_cat=0
split_feature=9 11 2 9
split_gain=0.0829251 0.0880347 0.0398309 0.201901
threshold=2.6846846846846852 51.09360051025832 82.71881996848829 95.932156646442365
decision_type=2 2 2 2
left_child=1 -1 -2 -4
right_child=2 -3 3 -5
leaf_value=-0.0096474967827419392 0.00088146130297422323 0.00088146130297422323 0.0011907263869832142 0.009002701252529265
leaf_weight=0.4119747334625562 56.071332596358843 0.32093253149650991 41.604816928855143 2.2603993848897508
leaf_count=62 8985 87 1927 98
internal_value=0.000776868 -0.00576369 0.000881461 0.00178497
internal_weight=100.669 0.732907 99.9365 43.8652
internal_count=11159 149 11010 2025
is_linear=0
shrinkage=0.03


Tree=306
num_leaves=6
num_cat=0
split_feature=2 11 9 2 9
split_gain=0.0482948 0.599675 0.180439 0.0158859 0.0636684
threshold=82.71881996848829 42.18189832500736 95.932156646442365 6.4120699935506655 88.320545609548176
decision_type=2 2 2 2 2
left_child=3 -2 -3 4 -1
right_child=1 2 -4 -5 -6
leaf_value=-0.0040346049522247511 0.00019545715134412084 0.0036865371807614806 0.012060761894207853 0.00019545715134412084 0.00019545715134412084
leaf_weight=3.005674319574609 11.909451472165527 30.348194048623554 1.8322646513115604 53.100273316027597 0.41298091434873629
leaf_count=579 765 1238 45 8459 73
internal_value=0.000783359 0.00151594 0.00451246 0.000195457 -0.00160574
internal_weight=100.609 44.0899 32.1805 56.5189 3.41866
internal_count=11159 2048 1283 9111 652
is_linear=0
shrinkage=0.03


Tree=307
num_leaves=5
num_cat=0
split_feature=9 11 2 9
split_gain=0.0364576 0.0591038 0.0296629 0.179912
threshold=2.6846846846846852 51.09360051025832 82.71881996848829 95.932156646442365
decision_type=2 2 2 2
left_child=1 -1 -2 -4
right_child=2 -3 3 -5
leaf_value=-0.0072148729309026507 0.00082686053561283426 0.00082686053561283426 0.0010498910263258409 0.0084246133347914455
leaf_weight=0.35794674011412908 55.947696259361692 0.32114204950630665 41.656567066034768 2.2544073082972309
leaf_count=62 8985 87 1927 98
internal_value=0.000760656 -0.0036691 0.000826861 0.00160767
internal_weight=100.538 0.679089 99.8587 43.911
internal_count=11159 149 11010 2025
is_linear=0
shrinkage=0.03


Tree=308
num_leaves=5
num_cat=0
split_feature=9 11 2 9
split_gain=0.0351717 0.0581328 0.0248758 0.169206
threshold=2.6846846846846852 51.09360051025832 82.71881996848829 95.932156646442365
decision_type=2 2 2 2
left_child=1 -1 -2 -4
right_child=2 -3 3 -5
leaf_value=-0.0070937186975479983 0.00087174432301433331 0.00087174432301433331 0.0010465060888190348 0.0081827619522579931
leaf_weight=0.35410758864600111 55.84339030762203 0.32113954296801239 41.650240799994208 2.2719929600134483
leaf_count=62 8985 87 1927 98
internal_value=0.000807223 -0.00355557 0.000871744 0.00158958
internal_weight=100.441 0.675247 99.7656 43.9222
internal_count=11159 149 11010 2025
is_linear=0
shrinkage=0.03


Tree=309
num_leaves=5
num_cat=0
split_feature=9 11 2 9
split_gain=0.0332295 0.0576902 0.0205515 0.11745
threshold=2.6846846846846852 51.09360051025832 82.71881996848829 95.932156646442365
decision_type=2 2 2 2
left_child=1 -1 -2 -4
right_child=2 -3 3 -5
leaf_value=-0.0069736482160000727 0.0009055519421641465 0.0009055519421641465 0.0010988440716232254 0.0070201991815544386
leaf_weight=0.35079884983133425 55.808550789137371 0.32090069039259106 41.615174627571832 2.3231469434685996
leaf_count=62 8985 87 1927 98
internal_value=0.000843364 -0.00340896 0.000905552 0.00156118
internal_weight=100.419 0.6717 99.7469 43.9383
internal_count=11159 149 11010 2025
is_linear=0
shrinkage=0.03


Tree=310
num_leaves=3
num_cat=0
split_feature=4 4
split_gain=0.00363595 0.00252818
threshold=5.7478356250244849 0.5263194343451133
decision_type=2 2
left_child=1 -1
right_child=-2 -3
leaf_value=-0.0019487020413623114 9.6561200428284686e-05 -0.00023283360123545704
leaf_weight=0.26190086198039297 96.162188055575825 2.8881580720189959
leaf_count=41 10593 595
internal_value=5.999e-05 -0.000810678
internal_weight=99.3122 3.15006
internal_count=11229 636
is_linear=0
shrinkage=0.03


Tree=311
num_leaves=3
num_cat=0
split_feature=4 4
split_gain=0.00348245 0.00259279
threshold=5.7478356250244849 0.5263194343451133
decision_type=2 2
left_child=1 -1
right_child=-2 -3
leaf_value=-0.0019419501080177037 9.5700963170629877e-05 -0.00021533964855672093
leaf_weight=0.2616476949769998 96.162822929094546 2.8864641190157272
leaf_count=41 10593 595
internal_value=5.99297e-05 -0.000792401
internal_weight=99.3109 3.14811
internal_count=11229 636
is_linear=0
shrinkage=0.03


Tree=312
num_leaves=3
num_cat=0
split_feature=4 4
split_gain=0.00323316 0.00280396
threshold=5.7478356250244849 0.5263194343451133
decision_type=2 2
left_child=1 -1
right_child=-2 -3
leaf_value=-0.0019519258422250169 9.3952332211219903e-05 -0.00017941949956650123
leaf_weight=0.26141184032894615 96.164334612083621 2.8837456532637589
leaf_count=41 10593 595
internal_value=5.95139e-05 -0.000762095
internal_weight=99.3095 3.14516
internal_count=11229 636
is_linear=0
shrinkage=0.03


Tree=313
num_leaves=3
num_cat=0
split_feature=4 4
split_gain=0.00311698 0.00270997
threshold=5.7478356250244849 0.5263194343451133
decision_type=2 2
left_child=1 -1
right_child=-2 -3
leaf_value=-0.0019165730545605546 9.399239735069326e-05 -0.00017456740950066291
leaf_weight=0.26074689114466254 96.1639039471047 2.8830853987019509
leaf_count=41 10593 595
internal_value=6.01997e-05 -0.000746694
internal_weight=99.3077 3.14383
internal_count=11229 636
is_linear=0
shrinkage=0.03


Tree=314
num_leaves=3
num_cat=0
split_feature=4 4
split_gain=0.00313247 0.00275495
threshold=5.7478356250244849 0.5263194343451133
decision_type=2 2
left_child=1 -1
right_child=-2 -3
leaf_value=-0.0019279861084280083 9.4068794161847118e-05 -0.00017299945846469217
leaf_weight=0.26068417541682665 96.163635676726699 2.8824288913165219
leaf_count=41 10593 595
internal_value=6.01936e-05 -0.00074877
internal_weight=99.3067 3.14311
internal_count=11229 636
is_linear=0
shrinkage=0.03


Tree=315
num_leaves=6
num_cat=0
split_feature=7 11 11 11 9
split_gain=0.00943085 0.038593 0.0107093 0.00868232 0.00134333
threshold=73.401360544217695 78.767909688419564 99.751205292767011 20.776083819562086 98.726062966569316
decision_type=2 2 2 2 2
left_child=2 3 4 -2 -1
right_child=1 -3 -4 -5 -6
leaf_value=-0.00033232471333154791 -0.00019820683359398253 0.0018534454122551142 0.0018183006069879396 0.00052227706654354403 -0.00019820683359398253
leaf_weight=68.396602074673865 3.9046465987339678 10.889076903462408 1.4573618499562133 14.92744045157451 1.0600069303764019
leaf_count=8624 447 473 22 1431 206
internal_value=5.64861e-05 0.000496001 -0.000132057 -0.000132057 -0.000198207
internal_weight=100.635 29.7212 70.914 18.8321 69.4566
internal_count=11203 2351 8852 1878 8830
is_linear=0
shrinkage=0.03


Tree=316
num_leaves=8
num_cat=0
split_feature=7 2 11 2 2 9 2
split_gain=0.00870971 0.0758858 0.23444 0.0151316 0.00758686 0.0144248 0.00311258
threshold=73.401360544217695 74.339616530638708 78.767909688419564 96.886832073399248 6.4120699935506655 76.975051975051997 99.188495425809336
decision_type=2 2 2 2 2 2 2
left_child=4 -2 3 -3 5 -1 -6
right_child=1 2 -4 -5 6 -7 -8
leaf_value=-0.0026784279682909094 -0.0001567569398072245 -0.0001567569398072245 0.0061965344461187713 0.0026356309593739457 -0.0001567569398072245 -0.0001567569398072245 0.001346633306957352
leaf_weight=2.1231585210189219 14.018807505955921 7.7271549976430816 6.1977330492809406 1.7700015767477451 67.944774500036146 0.38655769592151035 0.41368330689147015
leaf_count=416 1762 402 146 41 8333 91 12
internal_value=2.4197e-05 0.00044683 0.00202558 -0.000156757 -0.000156757 -0.00155408 -0.000156757
internal_weight=100.582 29.7137 15.6949 9.49716 70.8682 2.50972 68.3585
internal_count=11203 2351 589 443 8852 507 8345
is_linear=0
shrinkage=0.03


Tree=317
num_leaves=7
num_cat=0
split_feature=11 7 2 2 2 2
split_gain=0.0050833 0.0102761 0.0619213 0.00396344 0.00312061 0.000614014
threshold=99.751205292767011 73.956521739130451 74.339616530638708 99.188495425809336 6.4120699935506655 94.348007246376824
decision_type=2 2 2 2 2 2
left_child=1 3 -3 4 -1 -6
right_child=-2 2 -4 -5 5 -7
leaf_value=-0.001133270898755864 0.0012159957005006669 -0.00022302896141232151 0.0012159957005006669 0.0012159957005006669 -0.00024829645192243124 -2.3240685405645025e-05
leaf_weight=2.5204014107584944 2.0483744619414201 13.381490164319986 15.102142388117498 0.41532138804905017 53.087663496669848 13.943084215163251
leaf_count=511 33 1718 572 12 7852 505
internal_value=9.36333e-06 -2.77169e-05 0.000443335 -0.000223029 -0.000251826 -0.000223029
internal_weight=100.498 98.4501 28.4836 69.9665 69.5511 67.0307
internal_count=11203 11170 2290 8880 8868 8357
is_linear=0
shrinkage=0.03


Tree=318
num_leaves=3
num_cat=0
split_feature=11 7
split_gain=0.00494097 0.00816969
threshold=99.751205292767011 73.956521739130451
decision_type=2 2
left_child=1 -1
right_child=-2 -3
leaf_value=-0.00020365177828924756 0.0011971297953411971 0.00039050784627153165
leaf_weight=69.915109354828019 2.0464816051535299 28.493353972793557
leaf_count=8880 33 2290
internal_value=7.12072e-06 -2.94201e-05
internal_weight=100.455 98.4085
internal_count=11203 11170
is_linear=0
shrinkage=0.03


Tree=319
num_leaves=7
num_cat=0
split_feature=11 7 2 2 2 2
split_gain=0.00498187 0.0053339 0.059183 0.00367797 0.00275892 0.000173128
threshold=99.751205292767011 73.956521739130451 74.339616530638708 99.188495425809336 6.4120699935506655 94.348007246376824
decision_type=2 2 2 2 2 2
left_child=1 3 -3 4 -1 -6
right_child=-2 2 -4 -5 5 -7
leaf_value=-0.001032813634021363 0.0011950604538332602 -0.00017786142416746997 0.0011950604538332602 0.0011950604538332602 -0.00018491956262226109 -6.0538538675795486e-05
leaf_weight=2.5171871515922239 2.0437208954244843 13.414151131873952 15.105820358148774 0.41483136801980336 52.99617642571684 13.949533632956443
leaf_count=511 33 1718 572 12 7852 505
internal_value=-4.8735e-07 -3.70921e-05 0.000302153 -0.000177861 -0.000206102 -0.000177861
internal_weight=100.441 98.3977 28.52 69.8777 69.4629 66.9457
internal_count=11203 11170 2290 8880 8868 8357
is_linear=0
shrinkage=0.03


Tree=320
num_leaves=7
num_cat=0
split_feature=1 11 2 11 1 11
split_gain=0.0145904 0.195444 0.109399 0.25625 0.0215069 0.00721461
threshold=85.328080153077508 29.423624288425053 57.055459820902563 79.839779241892714 99.747155095256389 98.543655001767419
decision_type=2 2 2 2 2 2
left_child=-1 -2 4 -4 5 -3
right_child=1 2 3 -5 -6 -7
leaf_value=-0.0017032940276511647 -0.0017032940276511647 -0.0017032940276511647 3.183682140082042e-05 0.011038997177493763 3.183682140082042e-05 3.183682140082042e-05
leaf_weight=82.527686081593856 3.1815065973205483 7.2757451502839086 1.9026614313479502 2.1934676989912987 0.98310996405780304 0.44921940425410856
leaf_count=9512 525 907 118 69 17 20
internal_value=-0.00154164 -0.000655922 0.00207856 0.00556968 3.18368e-05 -0.00145766
internal_weight=98.5134 15.9857 12.8042 4.09613 8.70807 7.72496
internal_count=11168 1656 1131 187 944 927
is_linear=0
shrinkage=0.03


Tree=321
num_leaves=7
num_cat=0
split_feature=1 11 2 11 11 1
split_gain=0.0137106 0.189437 0.101531 0.248171 0.0217603 0.0255
threshold=85.328080153077508 29.423624288425053 57.055459820902563 79.839779241892714 98.543655001767419 99.747155095256389
decision_type=2 2 2 2 2 2
left_child=-1 -2 4 -4 5 -3
right_child=1 2 3 -5 -6 -7
leaf_value=-0.0016882995784863511 -0.0016882995784863511 -0.0016882995784863511 5.7559745489304357e-05 0.010804461554882376 0.0033431812206513585 5.7559745489304357e-05
leaf_weight=82.518161122105084 3.1765063005732364 7.2747342718066612 1.9006451773457218 2.1908697921317071 0.54717508400790471 0.88539821794256557
leaf_count=9512 525 907 118 69 21 16
internal_value=-0.00153134 -0.000668877 0.00203201 0.00539733 5.75597e-05 -0.000503676
internal_weight=98.4935 15.9753 12.7988 4.09151 8.70731 8.16013
internal_count=11168 1656 1131 187 944 923
is_linear=0
shrinkage=0.03


Tree=322
num_leaves=4
num_cat=0
split_feature=1 11 2
split_gain=0.00917906 0.389525 0.102233
threshold=92.638025726261034 76.609793515216865 54.626818964168372
decision_type=2 2 2
left_child=-1 -2 -3
right_child=1 2 -4
leaf_value=-0.0016304744634031071 -0.0016304744634031071 0.001589621482875821 0.011072635089784563
leaf_weight=88.869514214980882 5.6484859215561283 2.3243371697608386 1.6353904262650756
leaf_count=10322 656 150 40
internal_value=-0.0015342 -0.000573934 0.006949
internal_weight=98.4777 9.60821 3.95973
internal_count=11168 846 190
is_linear=0
shrinkage=0.03


Tree=323
num_leaves=7
num_cat=0
split_feature=1 11 2 11 11 2
split_gain=0.0100598 0.178925 0.0649998 0.191529 0.0141861 0.00554473
threshold=85.328080153077508 29.423624288425053 57.055459820902563 79.839779241892714 98.543655001767419 6.4120699935506655
decision_type=2 2 2 2 2 2
left_child=-1 -2 4 -4 5 -3
right_child=1 2 3 -5 -6 -7
leaf_value=-0.0016632759908348693 -0.0016632759908348693 -0.0015659679101552432 0.00030998807551117687 0.0094485443202171233 0.0029406563282555554 0.00019624349946784685
leaf_weight=82.488576647185255 3.1763317933073258 1.0158072597114314 1.9008312497753639 2.1967027231585234 0.55347070191055614 7.1329285798128694
leaf_count=9512 525 171 118 69 21 752
internal_value=-0.00152683 -0.000765848 0.00192287 0.00461549 0.000309988 -0.000170587
internal_weight=98.4646 15.9761 12.7997 4.09753 8.70221 8.14874
internal_count=11168 1656 1131 187 944 923
is_linear=0
shrinkage=0.03


Tree=324
num_leaves=4
num_cat=0
split_feature=1 2 2
split_gain=0.00646651 0.0291295 0.00414365
threshold=92.638025726261034 57.055459820902563 99.188495425809336
decision_type=2 2 2
left_child=2 -2 -1
right_child=1 -3 -4
leaf_value=-0.0017024674107075765 -0.0016854192320357841 0.0015107221134905134 0.00035501308947977287
leaf_weight=88.26073320582509 6.9057357624405977 2.7600874090567231 0.57180031226016481
leaf_count=10302 738 108 20
internal_value=-0.00160197 -0.000748968 -0.00168542
internal_weight=98.4984 9.66582 88.8325
internal_count=11168 846 10322
is_linear=0
shrinkage=0.03


Tree=325
num_leaves=7
num_cat=0
split_feature=1 2 7 9 8 7
split_gain=0.016179 0.0102006 0.0522228 0.0121471 0.00198229 0.0454887
threshold=0.5263194343451133 6.4120699935506655 89.897959183673478 88.964992389649936 49.657534246575345 28.730158730158731
decision_type=2 2 2 2 2 2
left_child=-1 2 3 -2 -3 -6
right_child=1 4 -4 -5 5 -7
leaf_value=-0.0023653493519236206 -0.0023653493519236206 0.00056966429077950312 0.00056966429077950312 0.00056966429077950312 0.00056966429077950312 0.0014024442912503113
leaf_weight=0.82020326307974656 2.6169210011139512 26.473652442218736 0.46256849355995644 0.23552849749103177 6.7298500945325932 61.540002675610594
leaf_count=41 527 4318 66 58 591 5577
internal_value=0.000462267 0.000509558 -0.000942199 -0.00236535 0.000569664 0.000744135
internal_weight=98.8787 98.0585 3.31502 2.85245 94.7435 68.2699
internal_count=11178 11137 651 585 10486 6168
is_linear=0
shrinkage=0.03


Tree=326
num_leaves=7
num_cat=0
split_feature=1 4 8 7 4 4
split_gain=0.0158136 0.00531805 0.00663612 0.0748756 0.0259348 0.00991856
threshold=0.5263194343451133 1.3369079535299377 49.657534246575345 28.730158730158731 5.7478356250244849 99.463086280953632
decision_type=2 2 2 2 2 2
left_child=-1 -2 5 -4 -5 -3
right_child=1 2 3 4 -6 -7
leaf_value=-0.0023299314247491073 -0.001155010098675686 -0.00043519030446431196 0.00013594204812293357 0.00013594204812293357 0.0014756947514449356 0.00013594204812293357
leaf_weight=0.81695638236123969 0.78735310782212664 26.423058118612982 6.8900067962240419 1.3975045894039784 61.892406841740012 0.68336283834651013
leaf_count=41 136 4475 625 272 5608 21
internal_value=0.000469322 0.000515921 0.000541058 0.000693423 0.00131601 0.000135942
internal_weight=98.8906 98.0737 97.2863 70.1799 63.2899 27.1064
internal_count=11178 11137 11001 6505 5880 4496
is_linear=0
shrinkage=0.03


Tree=327
num_leaves=6
num_cat=0
split_feature=1 2 7 7 8
split_gain=0.0151637 0.00852788 0.0497998 0.00276296 0.0435138
threshold=0.5263194343451133 6.4120699935506655 89.897959183673478 28.730158730158731 49.657534246575345
decision_type=2 2 2 2 2
left_child=-1 2 -2 -3 -5
right_child=1 3 -4 4 -6
leaf_value=-0.0023141463380696075 -0.0023141463380696075 0.00013873796259122737 0.00052280695458976683 0.00052280695458976683 0.0013193760602121362
leaf_weight=0.81872366729657997 2.8407570883864532 15.042083156644365 0.46213916270062316 17.99377168470528 61.7707316436572
leaf_count=41 585 2066 66 2843 5577
internal_value=0.000422027 0.000467979 -0.000861558 0.000522807 0.000592621
internal_weight=98.9282 98.1095 3.3029 94.8066 79.7645
internal_count=11178 11137 651 10486 8420
is_linear=0
shrinkage=0.03


Tree=328
num_leaves=6
num_cat=0
split_feature=1 2 7 8 7
split_gain=0.0150265 0.00713939 0.0481402 0.00250555 0.0400527
threshold=0.5263194343451133 6.4120699935506655 89.897959183673478 49.657534246575345 28.730158730158731
decision_type=2 2 2 2 2
left_child=-1 2 -2 -3 -5
right_child=1 3 -4 4 -6
leaf_value=-0.0023083295192442479 -0.0023083295192442479 0.00050894853266468803 0.00050894853266468803 0.00050894853266468803 0.0012951834196890915
leaf_weight=0.82080853229854156 2.8304702979512508 26.323136656079441 0.46198095032013942 6.7039267597720018 61.799485615571029
leaf_count=41 585 4318 66 591 5577
internal_value=0.000413227 0.000459053 -0.00076178 0.000508949 0.000699136
internal_weight=98.9398 98.119 3.29245 94.8265 68.5034
internal_count=11178 11137 651 10486 6168
is_linear=0
shrinkage=0.03


Tree=329
num_leaves=6
num_cat=0
split_feature=1 2 7 9 8
split_gain=0.0140462 0.00666093 0.0468919 0.0116997 0.00223247
threshold=0.5263194343451133 6.4120699935506655 89.897959183673478 88.964992389649936 49.657534246575345
decision_type=2 2 2 2 2
left_child=-1 2 3 -2 -3
right_child=1 4 -4 -5 -6
leaf_value=-0.0022180808909630441 -0.0022180808909630441 0.00050643025089396195 0.00050643025089396195 0.00050643025089396195 0.00068695169879387616
leaf_weight=0.82130712806247075 2.5876291585154831 26.303398370393552 0.46194618032313872 0.23325520358048368 68.525400309590623
leaf_count=41 527 4318 66 58 6168
internal_value=0.000414194 0.000458387 -0.000723625 -0.00221808 0.00050643
internal_weight=98.9329 98.1116 3.28283 2.82088 94.8288
internal_count=11178 11137 651 585 10486
is_linear=0
shrinkage=0.03


Tree=330
num_leaves=6
num_cat=0
split_feature=1 2 2 2 2
split_gain=0.00473667 0.0594418 0.00557644 0.00116581 0.00115411
threshold=29.974142942092218 96.886832073399248 82.605554556774067 1.2739866531640314 94.348007246376824
decision_type=2 2 2 2 2
left_child=1 4 3 -2 -1
right_child=2 -3 -4 -5 -6
leaf_value=-0.0017001478216539104 -0.0014338246542139107 -9.6693927634691288e-05 0.00034594880621357827 -9.6693927634691288e-05 -0.00087573233385780506
leaf_weight=21.276809760951448 0.36715034476946939 7.4293812646064898 17.58989343023859 46.352803592453711 5.486012053792364
leaf_count=2802 82 227 750 7022 244
internal_value=-0.000251486 -0.000531604 -9.66939e-05 -0.000267105 -0.00156878
internal_weight=98.5021 34.1922 64.3098 46.72 26.7628
internal_count=11127 3273 7854 7104 3046
is_linear=0
shrinkage=0.03


Tree=331
num_leaves=5
num_cat=0
split_feature=2 2 1 1
split_gain=0.00248142 0.00191071 0.0105221 0.000588413
threshold=1.2739866531640314 97.12394219858642 29.577122275678949 12.927794581375894
decision_type=2 2 2 2
left_child=-1 2 -2 -3
right_child=1 3 -4 -5
leaf_value=-0.001523206092949632 -0.0007368376694088883 -4.4080857933855988e-05 -4.1412758349706696e-05 0.00042795506535793574
leaf_weight=0.36971353203989465 27.654135046061128 4.348782859509809 62.256410888279788 3.8287366807926446
leaf_count=83 3047 129 7769 99
internal_value=-0.000241195 -0.000221039 -0.00026106 0.000199477
internal_weight=98.4578 98.0881 89.9105 8.17752
internal_count=11127 11044 10816 228
is_linear=0
shrinkage=0.03


Tree=332
num_leaves=5
num_cat=0
split_feature=1 2 2 2
split_gain=0.00230983 0.0459883 0.00911144 0.000284404
threshold=29.974142942092218 96.886832073399248 82.605554556774067 94.348007246376824
decision_type=2 2 2 2
left_child=1 3 -2 -1
right_child=2 -3 -4 -5
leaf_value=-0.0014788034198420161 -0.00032628620073899895 -0.00010822398112824479 0.00045606585349485147 -0.0008325016554789087
leaf_weight=21.107980288157712 46.777650807052851 7.4511890797875813 17.654818708426319 5.4871376453666008
leaf_count=2802 7104 227 750 244
internal_value=-0.000216822 -0.000413392 -0.000108224 -0.00138046
internal_weight=98.4788 34.0463 64.4325 26.5951
internal_count=11127 3273 7854 3046
is_linear=0
shrinkage=0.03


Tree=333
num_leaves=4
num_cat=0
split_feature=2 7 1
split_gain=0.00193855 0.200805 0.00640759
threshold=97.12394219858642 62.645348837209305 29.577122275678949
decision_type=2 2 2
left_child=2 -2 -1
right_child=1 -3 -4
leaf_value=-0.00071467129589648641 -0.00026280653120444402 0.0063456658519123006 -0.00026280653120444402
leaf_weight=27.58186845749151 4.9910193018149567 3.1850144069176167 62.740059936884791
leaf_count=3048 160 68 7851
internal_value=-0.000222673 0.000201012 -0.000262807
internal_weight=98.498 8.17603 90.3219
internal_count=11127 228 10899
is_linear=0
shrinkage=0.03


Tree=334
num_leaves=2
num_cat=0
split_feature=1
split_gain=0.00193445
threshold=29.974142942092218
decision_type=2
left_child=-1
right_child=-2
leaf_value=-0.00040115406540874177 -0.00012108154979746647
leaf_weight=34.015838314895518 64.446078421548009
leaf_count=3273 7854
internal_value=-0.000220899
internal_weight=98.4619
internal_count=11127
is_linear=0
shrinkage=0.03


Tree=335
num_leaves=8
num_cat=0
split_feature=8 3 3 11 8 4 4
split_gain=0.0127463 0.0923374 0.0183273 0.0106555 0.00851606 0.013072 0.00501917
threshold=13.136324417601381 87.645919666314583 6.5354287591720519 28.795886889460157 49.657534246575345 98.657715702384053 4.9286723639055259
decision_type=2 2 2 2 2 2 2
left_child=1 -1 -2 -4 5 -5 -6
right_child=2 -3 3 4 6 -7 -8
leaf_value=-0.0038272665017632049 -0.0017245239577638096 0.00035483142987471737 0.00035483142987471737 0.00035483142987471737 0.00035483142987471737 0.00091179152045295754 0.00098397465167451002
leaf_weight=4.4648831288795909 2.707852854509837 1.1573632310610262 16.299702816526406 16.534120102645833 0.8869230686686923 0.71163018187507887 56.44549013080541
leaf_count=1000 590 126 2514 2359 148 13 4438
internal_value=0.000268122 -0.00101084 0.000354831 0.000434885 0.000724079 0.000354831 0.000911792
internal_weight=99.208 5.62225 93.5857 90.8779 74.5782 17.2458 57.3324
internal_count=11188 1126 10062 9472 6958 2372 4586
is_linear=0
shrinkage=0.03


Tree=336
num_leaves=6
num_cat=0
split_feature=3 9 4 11 4
split_gain=0.00851582 0.0180022 0.017073 0.00146992 0.00279874
threshold=6.5354287591720519 94.565177259402034 75.130904405515807 25.186145479851948 5.7478356250244849
decision_type=2 2 2 2 2
left_child=1 2 -1 -2 -5
right_child=3 -3 -4 4 -6
leaf_value=-0.0030639682447983953 0.00029323090979815024 0.00029323090979815024 0.00029323090979815024 0.00029323090979815024 0.00051734783343943414
leaf_weight=2.5302382889203727 15.482135860831475 0.21511679585091759 0.38350900285877276 1.732868521939962 78.910118001513183
leaf_count=596 2503 48 66 325 7650
internal_value=0.000238654 -0.00110298 -0.00220042 0.000293231 0.000424597
internal_weight=99.254 3.12886 2.91375 96.1251 80.643
internal_count=11188 710 662 10478 7975
is_linear=0
shrinkage=0.03


Tree=337
num_leaves=8
num_cat=0
split_feature=8 3 3 11 8 4 4
split_gain=0.00955573 0.0855279 0.0159156 0.00959533 0.00726668 0.0128615 0.00316172
threshold=13.136324417601381 87.645919666314583 6.5354287591720519 28.795886889460157 34.708049886621318 98.657715702384053 4.9286723639055259
decision_type=2 2 2 2 2 2 2
left_child=1 -1 -2 -4 5 -5 -6
right_child=2 -3 3 4 6 -7 -8
leaf_value=-0.0036698305145025779 -0.0016269604724749791 0.00031387474359115464 0.00031387474359115464 0.00031387474359115464 0.00031387474359115464 0.00080504498585980101 0.00085280530671164956
leaf_weight=4.4400934946024782 2.6931875927839419 1.1576308580115435 16.30522537464276 9.1548044473165611 1.016074354527517 0.6536554987542339 63.823698586435057
leaf_count=1000 590 126 2514 1353 176 11 5418
internal_value=0.000239032 -0.000870837 0.000313875 0.000388412 0.000663464 0.000313875 0.000805045
internal_weight=99.2444 5.59772 93.6466 90.9535 74.6482 9.80846 64.8398
internal_count=11188 1126 10062 9472 6958 1364 5594
is_linear=0
shrinkage=0.03


Tree=338
num_leaves=6
num_cat=0
split_feature=8 3 3 4 8
split_gain=0.00710507 0.0794572 0.0143844 0.00104854 0.00367079
threshold=13.136324417601381 87.645919666314583 6.5354287591720519 5.7478356250244849 47.100840336134461
decision_type=2 2 2 2 2
left_child=1 -1 -2 -4 -5
right_child=2 -3 3 4 -6
leaf_value=-0.0035110053839872025 -0.0015508711802412812 0.00029542599877435888 0.00029542599877435888 0.00029542599877435888 0.00055911493518703218
leaf_weight=4.4175335167674339 2.6880046069854862 1.1577144395560024 2.218902754248119 19.48508019419387 69.233267229166813
leaf_count=1000 590 126 439 2901 6132
internal_value=0.000231174 -0.000728637 0.000295426 0.000366276 0.000424403
internal_weight=99.2005 5.57525 93.6253 90.9373 88.7183
internal_count=11188 1126 10062 9472 9033
is_linear=0
shrinkage=0.03


Tree=339
num_leaves=9
num_cat=0
split_feature=11 3 4 9 9 4 3 4
split_gain=0.0104792 0.0394661 0.0350471 0.0364503 0.00248182 0.00330777 0.00421927 0.00134323
threshold=25.186145479851948 99.747155095256389 99.747155095256389 98.164983164983184 6.896879756468798 4.9286723639055259 8.9472480402553405 97.880790984239283
decision_type=2 2 2 2 2 2 2 2
left_child=1 2 3 -1 -2 -6 -7 -8
right_child=4 -3 -4 -5 5 6 7 -9
leaf_value=-0.0023624412684001748 0.00035393548290675781 0.00035393548290675781 0.00035393548290675781 0.00035393548290675781 0.00035393548290675781 0.00035393548290675781 0.00064720608555936048 0.0011362577741293584
leaf_weight=14.133360492414793 4.5607441075844681 0.56423708447255272 0.49940827232785601 1.0140042502898712 1.6645722809480492 2.7405695670749983 67.016131768934429 6.9539765196386716
leaf_count=2478 481 11 14 218 313 566 6950 157
internal_value=0.000217469 -0.000460694 -0.00132754 -0.00185422 0.000353935 0.000526326 0.000619031 0.000707725
internal_weight=99.147 16.211 15.6468 15.1474 82.936 78.3753 76.7107 73.9701
internal_count=11188 2721 2710 2696 8467 7986 7673 7107
is_linear=0
shrinkage=0.03


Tree=340
num_leaves=5
num_cat=0
split_feature=2 1 1 1
split_gain=0.0162916 0.00943744 0.00261974 6.07841e-05
threshold=6.4120699935506655 41.939608943156514 98.657715702384053 0.5263194343451133
decision_type=2 2 2 2
left_child=1 -1 3 -2
right_child=2 -3 -4 -5
leaf_value=-0.0035725362148812975 0.0001003720574811892 -0.00032909009634112581 0.0013855454864858236 0.00049019789985943246
leaf_weight=0.27912507124710773 0.94622985762543876 2.8514724626438692 2.3744761522393665 93.210193615814205
leaf_count=63 44 586 119 10340
internal_value=0.000449181 -0.00141316 0.000523449 0.000487376
internal_weight=99.6615 3.1306 96.5309 94.1564
internal_count=11152 649 10503 10384
is_linear=0
shrinkage=0.03


Tree=341
num_leaves=9
num_cat=0
split_feature=2 1 8 1 1 1 1 1
split_gain=0.00872484 0.0149273 0.00786922 0.0847295 0.0283817 0.0253883 0.000530845 0.000168391
threshold=6.4120699935506655 41.939608943156514 49.657534246575345 99.463086280953632 85.328080153077508 1.7305976261200144 70.433562760870174 12.530416506320124
decision_type=2 2 2 2 2 2 2 2
left_child=1 -1 5 4 -4 -2 -3 -7
right_child=2 6 3 -5 -6 7 -8 -9
leaf_value=-0.0036066560633443833 -0.0035994391874369903 -0.00032381786593441776 0.00024406315245967884 0.0064564899187900364 0.0019425789271977055 -3.9111836268953702e-06 0.00024406315245967884 0.00024406315245967884
leaf_weight=0.2790628236252809 0.62315114773810876 0.66853615036234471 59.745919098611921 1.2322274893522251 9.4825524898478744 2.6593687885324533 2.1491899883840233 22.866522889933549
leaf_count=63 61 170 5393 29 766 470 416 3784
internal_value=0.000467746 -0.000911718 0.000520851 0.000694107 0.000501065 0.000229986 0.000229986 0.000244063
internal_weight=99.7065 3.09679 96.6097 70.4607 69.2285 26.149 2.81773 25.5259
internal_count=11152 649 10503 6188 6159 4315 586 4254
is_linear=0
shrinkage=0.03


Tree=342
num_leaves=9
num_cat=0
split_feature=2 1 8 1 1 1 1 1
split_gain=0.00726878 0.0137013 0.00587377 0.0585715 0.0262392 0.0209834 0.000659359 0.000217516
threshold=6.4120699935506655 41.939608943156514 49.657534246575345 99.747155095256389 1.7305976261200144 85.328080153077508 70.433562760870174 12.530416506320124
decision_type=2 2 2 2 2 2 2 2
left_child=1 -1 4 5 -2 -4 -3 -6
right_child=2 6 3 -5 7 -7 -8 -9
leaf_value=-0.0033769587877448036 -0.0033769587877448036 -0.00032035242778784447 0.00033328305751747941 0.0060382807229301932 4.3766158161331472e-05 0.0017455111476057542 0.00033328305751747941 0.00033328305751747941
leaf_weight=0.27418690407648627 0.62451222015079721 0.66795645281672689 59.722964028595015 0.80035946052521367 2.6607195203541876 9.9669114372227323 2.1484096371568739 22.858704180107452
leaf_count=63 61 170 5393 14 470 781 416 3784
internal_value=0.000481204 -0.000783986 0.000529282 0.000681066 0.000287168 0.000534992 0.000287168 0.000333283
internal_weight=99.7247 3.09055 96.6342 70.4902 26.1439 69.6899 2.81637 25.5194
internal_count=11152 649 10503 6188 4315 6174 586 4254
is_linear=0
shrinkage=0.03


Tree=343
num_leaves=5
num_cat=0
split_feature=2 1 1 1
split_gain=0.00709642 0.0139086 0.000760806 0.000131739
threshold=6.4120699935506655 41.939608943156514 70.433562760870174 0.5263194343451133
decision_type=2 2 2 2
left_child=1 -1 -3 -2
right_child=3 2 -4 -5
leaf_value=-0.0033855465187350446 7.6626032785478984e-05 -0.00030452698029591265 0.00052714528037361942 0.00053076526470339266
leaf_weight=0.2735332259908313 0.94701087637804349 0.66719253058545325 2.1482838646043092 95.691190572106279
leaf_count=63 44 170 416 10459
internal_value=0.000479677 -0.000771084 0.000303667 0.000527145
internal_weight=99.7272 3.08901 2.81548 96.6382
internal_count=11152 649 586 10503
is_linear=0
shrinkage=0.03


Tree=344
num_leaves=9
num_cat=0
split_feature=2 1 8 1 1 1 1 1
split_gain=0.00708933 0.0140377 0.00554477 0.0570417 0.0253777 0.0178748 0.000602759 0.000206345
threshold=6.4120699935506655 41.939608943156514 49.657534246575345 99.747155095256389 1.7305976261200144 85.328080153077508 70.433562760870174 12.530416506320124
decision_type=2 2 2 2 2 2 2 2
left_child=1 -1 4 5 -2 -4 -3 -6
right_child=2 6 3 -5 7 -7 -8 -9
leaf_value=-0.0033980410816748861 -0.0033980410816748861 -0.00029606897220076073 0.00033002724003212237 0.0059711637396982287 4.6342626888517853e-05 0.0016498107011312644 0.00033002724003212237 0.00033002724003212237
leaf_weight=0.27309237176086698 0.62409454432782396 0.66641849756706717 59.722903591580689 0.7961408169940104 2.6610277115833112 9.98109352448955 2.1483096585143358 22.853242540499195
leaf_count=63 61 170 5393 14 470 781 416 3784
internal_value=0.00047962 -0.000770724 0.000527056 0.000677687 0.000308132 0.000533628 0.000308132 0.000330027
internal_weight=99.7263 3.08782 96.6385 70.5001 26.1384 69.704 2.81473 25.5143
internal_count=11152 649 10503 6188 4315 6174 586 4254
is_linear=0
shrinkage=0.03


Tree=345
num_leaves=5
num_cat=0
split_feature=4 11 4 11
split_gain=0.0087654 0.0107551 0.00213893 7.93923e-05
threshold=5.3735940378956641 23.125404845187202 0.5263194343451133 5.6048780487804892
decision_type=2 2 2 2
left_child=2 3 -1 -2
right_child=1 -3 -4 -5
leaf_value=-0.0023038940237112876 -0.00049834710295431684 0.00037338970958225337 -0.00049834710295431684 -0.00033796644640219498
leaf_weight=0.29032978508621443 2.6888859608443427 82.975218971841969 2.5006260564550757 11.433071591076439
leaf_count=48 569 8352 512 1767
internal_value=0.000189855 0.000242815 -0.00123067 -0.000498347
internal_weight=99.8881 97.0972 2.79096 14.122
internal_count=11248 10688 560 2336
is_linear=0
shrinkage=0.03


Tree=346
num_leaves=7
num_cat=0
split_feature=2 4 11 2 2 4
split_gain=0.00423513 0.00208213 0.00780758 0.0101735 0.00363164 0.00350094
threshold=99.188495425809336 5.3735940378956641 23.125404845187202 97.260207261960446 2.8634197199880851 0.5263194343451133
decision_type=2 2 2 2 2 2
left_child=1 5 3 -3 -4 -1
right_child=-2 2 4 -5 -6 -7
leaf_value=-0.0021703798241525583 0.0017509463106913173 -0.00053603117304675885 -0.00053603117304675885 0.00030063443745292369 0.0003290987721399395 -0.00053603117304675885
leaf_weight=0.2871776324464016 0.55171622266061504 12.700672881095668 0.66214204707648505 1.2455480948556203 81.97425302688498 2.4631329702096991
leaf_count=48 18 2294 152 38 8186 512
internal_value=0.000190214 0.000164181 0.000189409 -0.000445661 0.000300634 -0.000536031
internal_weight=99.8846 99.3329 96.5826 13.9462 82.6364 2.75031
internal_count=11248 11230 10670 2332 8338 560
is_linear=0
shrinkage=0.03


Tree=347
num_leaves=7
num_cat=0
split_feature=2 4 11 2 4 11
split_gain=0.00416466 0.00166017 0.00728856 0.00922965 0.00349992 0.00655882
threshold=99.188495425809336 5.3735940378956641 23.125404845187202 97.260207261960446 0.5263194343451133 51.33167361761285
decision_type=2 2 2 2 2 2
left_child=1 4 3 -3 -1 -6
right_child=-2 2 -4 -5 5 -7
leaf_value=-0.0020785613564409311 0.0017407394935824582 -0.00046096355156887109 0.00029599585925499264 0.00029599585925499264 -0.0012499806796941646 0.00029599585925499264
leaf_weight=0.28502165549434755 0.5502639994956543 12.692952780518679 82.63850678212475 1.245473960880189 1.5072175973909909 0.95222386880777765
leaf_count=48 18 2294 8338 38 332 180
internal_value=0.000192079 0.000166233 0.000188597 -0.000425339 -0.000460964 -0.000460964
internal_weight=99.8717 99.3214 96.5769 13.9384 2.74446 2.45944
internal_count=11248 11230 10670 2332 560 512
is_linear=0
shrinkage=0.03


Tree=348
num_leaves=7
num_cat=0
split_feature=2 4 11 2 4 11
split_gain=0.00411162 0.00169874 0.00626818 0.00910981 0.00357874 0.00644148
threshold=99.188495425809336 5.3735940378956641 23.125404845187202 97.260207261960446 0.5263194343451133 51.33167361761285
decision_type=2 2 2 2 2 2
left_child=1 4 3 -3 -1 -6
right_child=-2 2 -4 -5 5 -7
leaf_value=-0.0021042682724284312 0.0017315549758942796 -0.00046815534869921392 0.00028837653138825416 0.00028837653138825416 -0.0012436850307222086 0.00028837653138825416
leaf_weight=0.28509985329583321 0.54883486242033441 12.680707231629638 82.659519554115832 1.2451926264911879 1.5055593303404751 0.95194217562675465
leaf_count=48 18 2294 8338 38 332 180
internal_value=0.000191988 0.000166307 0.000188936 -0.000381086 -0.000468155 -0.000468155
internal_weight=99.8769 99.328 96.5854 13.9259 2.7426 2.4575
internal_count=11248 11230 10670 2332 560 512
is_linear=0
shrinkage=0.03


Tree=349
num_leaves=4
num_cat=0
split_feature=2 4 4
split_gain=0.00403287 0.0018127 0.00568671
threshold=99.188495425809336 5.3735940378956641 0.5263194343451133
decision_type=2 2 2
left_child=1 2 -1
right_child=-2 -3 -4
leaf_value=-0.0021236766217363002 0.0017167094426317425 0.00018927019740771505 0.00018927019740771505
leaf_weight=0.2853237406816328 0.54766693734563787 96.569638388813473 2.4555537875858136
leaf_count=48 18 10670 512
internal_value=0.000191295 0.000165853 -0.000489251
internal_weight=99.8582 99.3105 2.74088
internal_count=11248 11230 560
is_linear=0
shrinkage=0.03


Tree=350
num_leaves=4
num_cat=0
split_feature=10 4 9
split_gain=0.183707 0.351453 0.0111335
threshold=98.610843141038018 60.991783657889634 2.6846846846846852
decision_type=2 2 2
left_child=2 -2 -1
right_child=1 -3 -4
leaf_value=-0.0018069747871276493 0.00066701595150486174 0.0090469008397828805 0.00066701595150486174
leaf_weight=0.70979913987684895 2.3326617323327792 6.1235574362799525 91.020241302496288
leaf_count=136 216 112 10775
internal_value=0.00108526 0.00507193 0.000667016
internal_weight=100.186 8.45622 91.73
internal_count=11239 328 10911
is_linear=0
shrinkage=0.03


Tree=351
num_leaves=4
num_cat=0
split_feature=10 4 9
split_gain=0.162116 0.324858 0.0112347
threshold=98.610843141038018 60.991783657889634 2.6846846846846852
decision_type=2 2 2
left_child=2 -2 -1
right_child=1 -3 -4
leaf_value=-0.0017759205750710763 0.0007173605174762538 0.0087268536874504244 0.0007173605174762538
leaf_weight=0.70930892846081306 2.3286334603326377 6.0921101744752377 90.948036500776652
leaf_count=136 216 112 10775
internal_value=0.00111105 0.00486528 0.000717361
internal_weight=100.078 8.42074 91.6573
internal_count=11239 328 10911
is_linear=0
shrinkage=0.03


Tree=352
num_leaves=2
num_cat=0
split_feature=9
split_gain=0.0034644
threshold=2.6846846846846852
decision_type=2
left_child=-1
right_child=-2
leaf_value=-0.00040785279164337807 0.0011245096624939027
leaf_weight=0.87935861805453797 99.128078590380028
leaf_count=151 11088
internal_value=0.00110713
internal_weight=100.007
internal_count=11239
is_linear=0
shrinkage=0.03


Tree=353
num_leaves=3
num_cat=0
split_feature=10 4
split_gain=0.146285 0.306855
threshold=98.610843141038018 60.991783657889634
decision_type=2 2
left_child=-1 -2
right_child=1 -3
leaf_value=0.00073118935628905721 0.00073118935628905721 0.0084315503851344342
leaf_weight=91.54117679054616 2.3295750299002957 6.136549208778888
leaf_count=10911 216 112
internal_value=0.00110706 0.00466466
internal_weight=100.007 8.46612
internal_count=11239 328
is_linear=0
shrinkage=0.03


Tree=354
num_leaves=4
num_cat=0
split_feature=10 4 9
split_gain=0.126859 0.285975 0.0102538
threshold=98.610843141038018 60.991783657889634 2.6846846846846852
decision_type=2 2 2
left_child=2 -2 -1
right_child=1 -3 -4
leaf_value=-0.0016454563450835191 0.00074919976886132875 0.0080946514485824919 0.00074919976886132875
leaf_weight=0.70719057065434654 2.329668681137262 6.1377654757816344 90.768262277822942
leaf_count=136 216 112 10775
internal_value=0.00110038 0.00441442 0.0007492
internal_weight=99.9429 8.46743 91.4755
internal_count=11239 328 10911
is_linear=0
shrinkage=0.03


Tree=355
num_leaves=4
num_cat=0
split_feature=1 0 9
split_gain=0.0289952 0.0260527 0.0109217
threshold=0.5263194343451133 97.582593112046141 98.164983164983184
decision_type=2 2 2
left_child=-1 2 -2
right_child=1 -3 -4
leaf_value=-0.0034020398602545242 0.00022066924363510972 0.0017831135740381022 0.0017831135740381022
leaf_weight=0.77956954366527398 84.614002310845535 11.054450384341179 2.1468069228576487
leaf_count=42 10496 263 384
internal_value=0.000409424 0.000473922 0.000288696
internal_weight=98.5948 97.8153 86.7608
internal_count=11185 11143 10880
is_linear=0
shrinkage=0.03


Tree=356
num_leaves=4
num_cat=0
split_feature=1 0 9
split_gain=0.0290204 0.020574 0.0101857
threshold=0.5263194343451133 97.582593112046141 98.164983164983184
decision_type=2 2 2
left_child=-1 2 -2
right_child=1 -3 -4
leaf_value=-0.0034007185297827282 0.00024042404716391743 0.0016356266604700023 0.0016356266604700023
leaf_weight=0.78305728989653189 84.547537735139485 11.087589945876969 2.1478415109449989
leaf_count=42 10496 263 384
internal_value=0.000408522 0.000473145 0.000307517
internal_weight=98.566 97.783 86.6954
internal_count=11185 11143 10880
is_linear=0
shrinkage=0.03


Tree=357
num_leaves=3
num_cat=0
split_feature=1 0
split_gain=0.0287671 0.0180359
threshold=0.5263194343451133 97.582593112046141
decision_type=2 2
left_child=-1 -2
right_child=1 -3
leaf_value=-0.0033646053110879329 0.0003351902270991288 0.0015812779206662421
leaf_weight=0.78557595470920105 86.677378794935066 11.067659323103724
leaf_count=42 10880 263
internal_value=0.000426634 0.000490869
internal_weight=98.5306 97.745
internal_count=11185 11143
is_linear=0
shrinkage=0.03


Tree=358
num_leaves=4
num_cat=0
split_feature=1 0 9
split_gain=0.0251213 0.0140204 0.00901231
threshold=0.5263194343451133 97.582593112046141 98.164983164983184
decision_type=2 2 2
left_child=-1 2 -2
right_child=1 -3 -4
leaf_value=-0.0031254750592512705 0.00027722169741825977 0.001443424285634652 0.001443424285634652
leaf_weight=0.78317482466809352 84.524340157280676 11.076325212139635 2.1493832152336827
leaf_count=42 10496 263 384
internal_value=0.000421478 0.000481258 0.000343239
internal_weight=98.5332 97.75 86.6737
internal_count=11185 11143 10880
is_linear=0
shrinkage=0.03


Tree=359
num_leaves=4
num_cat=0
split_feature=1 0 9
split_gain=0.0235025 0.0106649 0.00794288
threshold=0.5263194343451133 97.582593112046141 98.164983164983184
decision_type=2 2 2
left_child=-1 2 -2
right_child=1 -3 -4
leaf_value=-0.0030092206144608454 0.00029360421540211671 0.0013178625866464646 0.0013178625866464646
leaf_weight=0.78416812676004966 84.438995621399954 11.135290961479766 2.1530553116463116
leaf_count=42 10496 263 384
internal_value=0.000421629 0.00047936 0.000357718
internal_weight=98.5115 97.7273 86.5921
internal_count=11185 11143 10880
is_linear=0
shrinkage=0.03


Tree=360
num_leaves=3
num_cat=0
split_feature=1 9
split_gain=0.0409953 0.00835007
threshold=0.5263194343451133 2.6846846846846852
decision_type=2 2
left_child=-1 -2
right_child=1 -3
leaf_value=-0.0043294323038278598 -0.0018150171980063285 0.00028428335993735973
leaf_weight=0.79240635468158771 0.74982272303895925 97.523998453863896
leaf_count=43 145 11021
internal_value=0.000170614 0.000250144
internal_weight=99.0662 98.2738
internal_count=11209 11166
is_linear=0
shrinkage=0.03


Tree=361
num_leaves=3
num_cat=0
split_feature=1 9
split_gain=0.0403589 0.00787762
threshold=0.5263194343451133 2.6846846846846852
decision_type=2 2
left_child=-1 -2
right_child=1 -3
leaf_value=-0.0042888159335582147 -0.0017583752727167667 0.00028214743075727317
leaf_weight=0.79726013552863051 0.74798544705845316 97.525453173322603
leaf_count=43 145 11021
internal_value=0.000170049 0.00024906
internal_weight=99.0707 98.2734
internal_count=11209 11166
is_linear=0
shrinkage=0.03


Tree=362
num_leaves=3
num_cat=0
split_feature=1 9
split_gain=0.0434806 0.00772839
threshold=0.5263194343451133 2.6846846846846852
decision_type=2 2
left_child=-1 -2
right_child=1 -3
leaf_value=-0.0044704176494918041 -0.0017399921808228596 0.00028157721836552074
leaf_weight=0.79002615343779226 0.74742838967358594 97.530362705816515
leaf_count=43 145 11021
internal_value=0.000166899 0.000248831
internal_weight=99.0678 98.2778
internal_count=11209 11166
is_linear=0
shrinkage=0.03


Tree=363
num_leaves=2
num_cat=0
split_feature=9
split_gain=0.00729596
threshold=2.6846846846846852
decision_type=2
left_child=-1
right_child=-2
leaf_value=-0.0017606358852545075 0.00019837883671613497
leaf_weight=0.74836352356942271 98.316999912145548
leaf_count=146 11063
internal_value=0.000166133
internal_weight=99.0654
internal_count=11209
is_linear=0
shrinkage=0.03


Tree=364
num_leaves=3
num_cat=0
split_feature=1 9
split_gain=0.018864 0.0078027
threshold=0.5263194343451133 2.6846846846846852
decision_type=2 2
left_child=-1 -2
right_child=1 -3
leaf_value=-0.002935697481078216 -0.0017877651488502051 0.00024261189818339354
leaf_weight=0.7490636621369039 0.74432072613853861 97.60582217562478
leaf_count=43 145 11021
internal_value=0.000156543 0.000209406
internal_weight=99.0992 98.3501
internal_count=11209 11166
is_linear=0
shrinkage=0.03


Tree=365
num_leaves=4
num_cat=0
split_feature=4 9 9
split_gain=0.00528179 0.00401283 0.00162027
threshold=97.880790984239283 64.747307373653697 98.726062966569316
decision_type=2 2 2
left_child=1 -1 -3
right_child=-2 2 -4
leaf_value=-0.00055927591004962206 0.00028582504753221592 -0.00020158654481535181 0.00028582504753221592
leaf_weight=56.723477555904537 10.316566732479258 29.59714770689607 1.9974602868314821
leaf_count=6954 254 3589 330
internal_value=-0.0003352 -0.000410131 -0.00013342
internal_weight=98.6347 88.3181 31.5946
internal_count=11127 10873 3919
is_linear=0
shrinkage=0.03


Tree=366
num_leaves=4
num_cat=0
split_feature=4 9 9
split_gain=0.00222845 0.00381146 0.000967551
threshold=97.880790984239283 64.747307373653697 98.726062966569316
decision_type=2 2 2
left_child=1 -1 -3
right_child=-2 2 -4
leaf_value=-0.00055107852202172466 5.4577228954621459e-05 -0.00020456173643102735 5.4577228954621459e-05
leaf_weight=56.722559537796769 10.342085562413557 29.594255710719157 1.9977908175205801
leaf_count=6954 254 3589 330
internal_value=-0.000357379 -0.000405693 -0.000135757
internal_weight=98.6567 88.3146 31.592
internal_count=11127 10873 3919
is_linear=0
shrinkage=0.03


Tree=367
num_leaves=4
num_cat=0
split_feature=4 9 9
split_gain=0.00150167 0.00317656 0.000871157
threshold=97.880790984239283 64.747307373653697 97.27878563495004
decision_type=2 2 2
left_child=1 -1 -3
right_child=-2 2 -4
leaf_value=-0.00054490983416373277 -2.718560836682375e-05 -0.00024448519045430333 -2.718560836682375e-05
leaf_weight=56.617342466546688 10.351102434797211 28.5224068753887 3.1200208495138204
leaf_count=6954 254 3435 484
internal_value=-0.000371965 -0.000411643 -0.000163802
internal_weight=98.6109 88.2598 31.6424
internal_count=11127 10873 3919
is_linear=0
shrinkage=0.03


Tree=368
num_leaves=4
num_cat=0
split_feature=4 9 9
split_gain=0.000786534 0.00264319 0.000558698
threshold=97.880790984239283 64.747307373653697 97.27878563495004
decision_type=2 2 2
left_child=1 -1 -3
right_child=-2 2 -4
leaf_value=-0.00052360497598534462 -0.00011201055298768164 -0.00025956800227731446 -0.00011201055298768164
leaf_weight=56.561050627729855 10.356084523256866 28.546678451471966 3.1199084736872456
leaf_count=6954 254 3435 484
internal_value=-0.000372698 -0.000401699 -0.000174596
internal_weight=98.5837 88.2276 31.6666
internal_count=11127 10873 3919
is_linear=0
shrinkage=0.03


Tree=369
num_leaves=4
num_cat=0
split_feature=4 9 9
split_gain=0.000490982 0.00327357 0.000134884
threshold=97.880790984239283 64.747307373653697 97.27878563495004
decision_type=2 2 2
left_child=1 -1 -3
right_child=-2 2 -4
leaf_value=-0.0005302350799453612 -0.00015520228560338242 -0.00022628220348092846 -0.00015520228560338242
leaf_weight=56.548539599811193 10.356528223725034 28.560450952500108 3.1208499111235133
leaf_count=6954 254 3435 484
internal_value=-0.000371472 -0.000394834 -0.000155202
internal_weight=98.5864 88.2298 31.6813
internal_count=11127 10873 3919
is_linear=0
shrinkage=0.03


Tree=370
num_leaves=3
num_cat=0
split_feature=2 9
split_gain=0.0106479 0.00482905
threshold=99.188495425809336 2.6846846846846852
decision_type=2 2
left_child=1 -1
right_child=-2 -3
leaf_value=-0.0013579879731162594 0.0027692824299564954 0.00023327976291073567
leaf_weight=0.76393704192014311 0.49147638329304655 98.654794829897583
leaf_count=151 16 11064
internal_value=0.00024757 0.000207651
internal_weight=99.9102 99.4187
internal_count=11231 11215
is_linear=0
shrinkage=0.03


Tree=371
num_leaves=3
num_cat=0
split_feature=2 9
split_gain=0.0105975 0.00477762
threshold=99.188495425809336 2.6846846846846852
decision_type=2 2
left_child=1 -1
right_child=-2 -3
leaf_value=-0.0013500492883338033 0.0027643250765866522 0.00023312147643778954
leaf_weight=0.76321996015030791 0.49018998839892347 98.655392181652132
leaf_count=151 16 11064
internal_value=0.000247459 0.000207645
internal_weight=99.9088 99.4186
internal_count=11231 11215
is_linear=0
shrinkage=0.03


Tree=372
num_leaves=3
num_cat=0
split_feature=2 9
split_gain=0.0121165 0.00474377
threshold=99.188495425809336 2.6846846846846852
decision_type=2 2
left_child=1 -1
right_child=-2 -3
leaf_value=-0.0013467358395302408 0.0029341345468507692 0.00023096538460917458
leaf_weight=0.76265256578335439 0.49482081201858719 98.654069512500428
leaf_count=151 16 11064
internal_value=0.000248027 0.000205571
internal_weight=99.9115 99.4167
internal_count=11231 11215
is_linear=0
shrinkage=0.03


Tree=373
num_leaves=3
num_cat=0
split_feature=2 9
split_gain=0.0112631 0.00442985
threshold=99.188495425809336 2.6846846846846852
decision_type=2 2
left_child=1 -1
right_child=-2 -3
leaf_value=-0.0012964206206420598 0.0028324600186688709 0.00022923754134451823
leaf_weight=0.76126347051467647 0.49879017425700922 98.652471329085529
leaf_count=151 16 11064
internal_value=0.000245817 0.00020476
internal_weight=99.9125 99.4137
internal_count=11231 11215
is_linear=0
shrinkage=0.03


Tree=374
num_leaves=3
num_cat=0
split_feature=2 1
split_gain=0.0101284 0.00107041
threshold=99.188495425809336 99.747155095256389
decision_type=2 2
left_child=1 -1
right_child=-2 -3
leaf_value=0.00020136786686619971 0.0027123161691947938 0.00085377205148270995
leaf_weight=98.017587562673725 0.4992101239040484 1.4335148213431228
leaf_count=11173 16 42
internal_value=0.000258374 0.000219178
internal_weight=99.9503 99.4511
internal_count=11231 11215
is_linear=0
shrinkage=0.03


Tree=375
num_leaves=7
num_cat=0
split_feature=1 7 7 9 9 7
split_gain=0.019442 0.104883 0.0101174 0.00675318 0.00740395 0.0039918
threshold=92.638025726261034 23.294573643410853 73.956521739130451 98.164983164983184 51.683501683501689 41.240409207161129
decision_type=2 2 2 2 2 2
left_child=2 -2 3 -1 -4 -3
right_child=1 5 4 -5 -6 -7
leaf_value=-0.0010274945973918271 -0.00064663728600519222 0.0007584006250601768 -0.0010274945973918271 -0.00064663728600519222 -0.00064663728600519222 0.0031121025231074639
leaf_weight=61.674750604608562 1.1234280264470715 1.5550845720572377 6.8488710395759034 1.3507743320660655 18.597946579917334 7.0448139867512509
leaf_count=8015 122 107 694 244 1408 616
internal_value=-0.00050597 0.0007149 -0.000646637 -0.000847964 -0.000134791 0.00280983
internal_weight=98.1957 9.72333 88.4723 63.0255 25.4468 8.5999
internal_count=11206 845 10361 8259 2102 723
is_linear=0
shrinkage=0.03


Tree=376
num_leaves=7
num_cat=0
split_feature=1 11 7 7 9 9
split_gain=0.00903968 0.124068 0.119306 0.00240854 0.00676565 0.00761667
threshold=92.638025726261034 76.609793515216865 41.240409207161129 73.956521739130451 98.164983164983184 51.683501683501689
decision_type=2 2 2 2 2 2
left_child=3 -2 -3 4 -1 -5
right_child=1 2 -4 5 -6 -7
leaf_value=-0.00099024997216839539 -0.00061087297233128476 -0.00061087297233128476 0.0072921661764850376 -0.00099024997216839539 -0.00061087297233128476 -0.00061087297233128476
leaf_weight=61.553333787538577 6.2148604758549464 0.93457989243324879 2.6696406295523047 6.8494523707777324 1.3502649680012826 18.598309750319459
leaf_count=8015 663 56 126 694 244 1408
internal_value=-0.000515259 0.000322008 0.00452507 -0.000610873 -0.000810274 -0.000610873
internal_weight=98.1704 9.81908 3.60422 88.3514 62.9036 25.4478
internal_count=11206 845 182 10361 8259 2102
is_linear=0
shrinkage=0.03


Tree=377
num_leaves=7
num_cat=0
split_feature=1 11 7 7 9 9
split_gain=0.0131435 0.146925 0.128936 0.00258263 0.00682174 0.00753704
threshold=92.638025726261034 76.609793515216865 41.240409207161129 73.956521739130451 98.164983164983184 51.683501683501689
decision_type=2 2 2 2 2 2
left_child=3 -2 -3 4 -1 -5
right_child=1 2 -4 5 -6 -7
leaf_value=-0.0010045409726309868 -0.00062012270734505728 -0.00062012270734505728 0.0077601993493900279 -0.0010045409726309868 -0.00062012270734505728 -0.00062012270734505728
leaf_weight=61.479360683762934 6.2186643423046899 0.93322373845148865 2.739124323008582 6.8467928094323787 1.3503535410854954 18.60912494699005
leaf_count=8015 663 56 126 694 244 1408
internal_value=-0.000503869 0.000495456 0.00497311 -0.000620123 -0.000826132 -0.000620123
internal_weight=98.1766 9.89101 3.67235 88.2856 62.8297 25.4559
internal_count=11206 845 182 10361 8259 2102
is_linear=0
shrinkage=0.03


Tree=378
num_leaves=7
num_cat=0
split_feature=1 11 7 7 9 9
split_gain=0.00772354 0.119166 0.111253 0.00280897 0.00702312 0.00735929
threshold=92.638025726261034 76.609793515216865 41.240409207161129 73.956521739130451 98.164983164983184 51.683501683501689
decision_type=2 2 2 2 2 2
left_child=3 -2 -3 4 -1 -5
right_child=1 2 -4 5 -6 -7
leaf_value=-0.0009974823463928615 -0.00060572461364559059 -0.00060572461364559059 0.0069797157717324081 -0.0009974823463928615 -0.00060572461364559059 -0.00060572461364559059
leaf_weight=61.438480309327133 6.2185750131029618 0.93297303712461177 2.7576103005558252 6.8498370439047056 1.3496577206533391 18.625257862149738
leaf_count=8015 663 56 126 694 244 1408
internal_value=-0.000517059 0.000255837 0.0043611 -0.000605725 -0.000818761 -0.000605725
internal_weight=98.1724 9.90916 3.69058 88.2632 62.7881 25.4751
internal_count=11206 845 182 10361 8259 2102
is_linear=0
shrinkage=0.03


Tree=379
num_leaves=5
num_cat=0
split_feature=1 11 7 7
split_gain=0.018519 0.202447 0.0825692 0.00232202
threshold=92.638025726261034 76.609793515216865 49.151567443198168 73.956521739130451
decision_type=2 2 2 2
left_child=3 -2 -3 -1
right_child=1 2 -4 -5
leaf_value=-0.00082026100558626092 -0.00062293074387057316 -0.00062293074387057316 0.0079267179813452496 -0.00062293074387057316
leaf_weight=62.634106032317504 6.2484599449671787 1.103271638741717 2.7799260355532169 25.456745472620241
leaf_count=8259 663 64 118 2102
internal_value=-0.000482603 0.000683843 0.00580235 -0.000622931
internal_weight=98.2225 10.1317 3.8832 88.0909
internal_count=11206 845 182 10361
is_linear=0
shrinkage=0.03


Tree=380
num_leaves=3
num_cat=0
split_feature=2 4
split_gain=0.0529054 0.535907
threshold=96.886832073399248 98.657715702384053
decision_type=2 2
left_child=-1 -2
right_child=1 -3
leaf_value=-0.0010644814830215983 -0.0010644814830215983 0.012272328790972903
leaf_weight=88.544238075613976 7.6980583604890835 2.0220469455234706
leaf_count=10925 241 38
internal_value=-0.000832634 0.00118164
internal_weight=98.2643 9.72011
internal_count=11204 279
is_linear=0
shrinkage=0.03


Tree=381
num_leaves=2
num_cat=0
split_feature=2
split_gain=0.0362792
threshold=96.886832073399248
decision_type=2
left_child=-1
right_child=-2
leaf_value=-0.0010232920049408525 0.00083894637621739169
leaf_weight=88.47245403251145 9.7696303750853968
leaf_count=10925 279
internal_value=-0.000831515
internal_weight=98.2421
internal_count=11204
is_linear=0
shrinkage=0.03


Tree=382
num_leaves=2
num_cat=0
split_feature=2
split_gain=0.0156685
threshold=96.886832073399248
decision_type=2
left_child=-1
right_child=-2
leaf_value=-0.00095666145847862608 0.00028058067031844447
leaf_weight=88.392301840533037 9.8291645520366711
leaf_count=10925 279
internal_value=-0.000831269
internal_weight=98.2215
internal_count=11204
is_linear=0
shrinkage=0.03


Tree=383
num_leaves=2
num_cat=0
split_feature=2
split_gain=0.0159525
threshold=96.886832073399248
decision_type=2
left_child=-1
right_child=-2
leaf_value=-0.00095251362638141342 0.00029490374339418703
leaf_weight=88.38423868996324 9.8314195264829305
leaf_count=10925 279
internal_value=-0.000825933
internal_weight=98.2157
internal_count=11204
is_linear=0
shrinkage=0.03


Tree=384
num_leaves=2
num_cat=0
split_feature=2
split_gain=0.0133077
threshold=96.886832073399248
decision_type=2
left_child=-1
right_child=-2
leaf_value=-0.00094416845496378193 0.00020008472827291732
leaf_weight=88.347271748411004 9.8393729198724014
leaf_count=10925 279
internal_value=-0.000828641
internal_weight=98.1866
internal_count=11204
is_linear=0
shrinkage=0.03


Tree=385
num_leaves=5
num_cat=0
split_feature=1 9 9 2
split_gain=0.0031218 0.0012528 0.00717107 0.000843889
threshold=0.5263194343451133 2.6846846846846852 2.0620748299319733 99.188495425809336
decision_type=2 2 2 2
left_child=-1 2 -2 -3
right_child=1 3 -4 -5
leaf_value=-0.0011048715498486203 -0.0011048715498486203 0.00012960801251939386 0.00012960801251939386 0.00083049423421630226
leaf_weight=0.92803097970317949 0.39527360396459599 94.670562785991933 0.39175718266051263 0.58027906320057709
leaf_count=41 97 10961 56 17
internal_value=9.3249e-05 0.000116093 -0.000676783 0.000129608
internal_weight=96.9659 96.0379 0.787031 95.2508
internal_count=11172 11131 153 10978
is_linear=0
shrinkage=0.03


Tree=386
num_leaves=4
num_cat=0
split_feature=1 2 2
split_gain=0.00273206 0.000880117 0.000522955
threshold=0.5263194343451133 99.188495425809336 1.7039442039442041
decision_type=2 2 2
left_child=-1 2 -2
right_child=1 -3 -4
leaf_value=-0.0010283931668988884 -0.00044691289471328062 0.00082109288699606909 0.00010941428969896818
leaf_weight=0.92750550166237999 0.57920424058101971 0.57984243170358141 94.879682096943725
leaf_count=41 142 17 10972
internal_value=9.28872e-05 0.000114202 0.000101441
internal_weight=96.9662 96.0387 95.4589
internal_count=11172 11131 11114
is_linear=0
shrinkage=0.03


Tree=387
num_leaves=4
num_cat=0
split_feature=1 9 9
split_gain=0.00256467 0.00122418 0.00660665
threshold=0.5263194343451133 2.6846846846846852 2.0620748299319733
decision_type=2 2 2
left_child=-1 2 -2
right_child=1 -3 -4
leaf_value=-0.001031598828348491 -0.001031598828348491 8.7373853220258909e-05 8.7373853220258909e-05
leaf_weight=0.92939976986963202 0.39506368758156796 95.252452694054227 0.39169449347537011
leaf_count=41 97 10978 56
internal_value=5.26314e-05 7.36465e-05 -0.000707064
internal_weight=96.9686 96.0392 0.786758
internal_count=11172 11131 153
is_linear=0
shrinkage=0.03


Tree=388
num_leaves=2
num_cat=0
split_feature=1
split_gain=0.00252712
threshold=0.5263194343451133
decision_type=2
left_child=-1
right_child=-2
leaf_value=-0.001016096674929242 8.0984603234148135e-05
leaf_weight=0.93030729400925238 96.079972966341302
leaf_count=41 11131
internal_value=6.02039e-05
internal_weight=97.0103
internal_count=11172
is_linear=0
shrinkage=0.03


Tree=389
num_leaves=2
num_cat=0
split_feature=1
split_gain=0.00218731
threshold=0.5263194343451133
decision_type=2
left_child=-1
right_child=-2
leaf_value=-0.00094079703050887803 8.0048209643933632e-05
leaf_weight=0.93013682111631979 96.079855166084599
leaf_count=41 11131
internal_value=6.07612e-05
internal_weight=97.01
internal_count=11172
is_linear=0
shrinkage=0.03


Tree=390
num_leaves=5
num_cat=0
split_feature=10 9 9 9
split_gain=0.0134053 0.0290889 0.00251546 0.00198239
threshold=94.405320813771525 90.595518867924554 6.896879756468798 97.27878563495004
decision_type=2 2 2 2
left_child=2 -2 -1 -4
right_child=1 -3 3 -5
leaf_value=-0.0016205474387830994 -0.00031946017596483665 0.0033845556336340125 -0.0007547379853618003 1.4182264399960494e-05
leaf_weight=2.7276251206640145 12.297812038101254 1.2327177773695428 79.982501454011071 3.0964965826133257
leaf_count=449 638 91 9571 493
internal_value=-0.000635803 0.000227702 -0.00077302 -0.000726251
internal_weight=99.3372 13.5305 85.8066 83.079
internal_count=11242 729 10513 10064
is_linear=0
shrinkage=0.03


Tree=391
num_leaves=5
num_cat=0
split_feature=10 9 9 9
split_gain=0.00956444 0.0205399 0.00288093 0.00168827
threshold=94.405320813771525 90.595518867924554 6.896879756468798 97.27878563495004
decision_type=2 2 2 2
left_child=2 -2 -1 -4
right_child=1 -3 3 -5
leaf_value=-0.0016434944313437228 -0.00035739008077020304 0.0027375820354644908 -0.00072979573138825203 -1.2169077296268783e-05
leaf_weight=2.7251059882109976 12.309561474947257 1.2584321098402131 79.920953507127706 3.0976013120962298
leaf_count=449 638 91 9571 493
internal_value=-0.000636037 9.78816e-05 -0.000751961 -0.000703483
internal_weight=99.3117 13.568 85.7437 83.0186
internal_count=11242 729 10513 10064
is_linear=0
shrinkage=0.03


Tree=392
num_leaves=5
num_cat=0
split_feature=10 9 9 9
split_gain=0.0073288 0.0261614 0.00285192 0.00150682
threshold=94.405320813771525 90.595518867924554 6.896879756468798 97.27878563495004
decision_type=2 2 2 2
left_child=2 -2 -1 -4
right_child=1 -3 3 -5
leaf_value=-0.0015848169484855266 -0.00047314450433231229 0.0029873919775121162 -0.00068344258835805415 -6.9872767174478891e-06
leaf_weight=2.724186426959931 12.351930232485755 1.3058337881229807 79.892134309164248 3.0979055208154014
leaf_count=449 638 91 9571 493
internal_value=-0.000604201 3.8958e-05 -0.00070595 -0.000658575
internal_weight=99.372 13.6578 85.7142 82.99
internal_count=11242 729 10513 10064
is_linear=0
shrinkage=0.03


Tree=393
num_leaves=2
num_cat=0
split_feature=10
split_gain=0.0078481
threshold=94.405320813771525
decision_type=2
left_child=-1
right_child=-2
leaf_value=-0.00071035710473296492 5.8922982029756317e-05
leaf_weight=85.710199535009451 13.67086279648356
leaf_count=10513 729
internal_value=-0.000605002
internal_weight=99.3811
internal_count=11242
is_linear=0
shrinkage=0.03


Tree=394
num_leaves=5
num_cat=0
split_feature=10 9 9 9
split_gain=0.00689188 0.0234542 0.00314101 0.00146176
threshold=94.405320813771525 90.595518867924554 6.896879756468798 97.27878563495004
decision_type=2 2 2 2
left_child=2 -2 -1 -4
right_child=1 -3 3 -5
leaf_value=-0.0016214971669379072 -0.00046500459522663944 0.0028115416317947596 -0.0006807683103047269 -1.2594604367037471e-05
leaf_weight=2.7198388908291227 12.365466319140976 1.3054013988003124 79.890162749914452 3.0976362598594269
leaf_count=449 638 91 9571 493
internal_value=-0.000606545 1.81808e-05 -0.000705252 -0.000656275
internal_weight=99.3785 13.6709 85.7076 82.9878
internal_count=11242 729 10513 10064
is_linear=0
shrinkage=0.03


Tree=395
num_leaves=5
num_cat=0
split_feature=11 4 4 4
split_gain=0.0697426 0.0192539 0.00814027 0.00472632
threshold=23.125404845187202 1.7305976261200144 62.172738986210497 0.97089666548839404
decision_type=2 2 2 2
left_child=-1 3 -3 -2
right_child=1 2 -4 -5
leaf_value=-0.0020129983329409645 -0.0020129983329409645 -0.00018125385987348189 0.00044424643233416513 -0.00018125385987348189
leaf_weight=14.60892304201843 0.32921018940396507 27.422491690027528 55.117211874050554 0.30478596198372543
leaf_count=2516 47 5136 3427 58
internal_value=-0.000172486 0.000170862 0.000236752 -0.002013
internal_weight=97.7826 83.1737 82.5397 0.633996
internal_count=11184 8668 8563 105
is_linear=0
shrinkage=0.03


Tree=396
num_leaves=5
num_cat=0
split_feature=11 7 7 7
split_gain=0.0512072 0.00907235 0.00485556 8.31502e-06
threshold=23.125404845187202 22.767145135566192 74.772727272727295 34.150717703349287
decision_type=2 2 2 2
left_child=1 -1 3 -2
right_child=2 -3 -4 -5
leaf_value=-0.0033778873480974692 -2.4983820083858794e-05 -0.0012505951481057655 0.00049329152126652038 -4.5295883946224348e-07
leaf_weight=1.9609254476381455 16.47941083094338 12.567629025201311 23.58467315742746 43.232567765400745
leaf_count=377 2067 2139 1739 4862
internal_value=-0.000154805 -0.00173675 0.000138448 -7.52303e-06
internal_weight=97.8252 14.5286 83.2967 59.712
internal_count=11184 2516 8668 6929
is_linear=0
shrinkage=0.03


Tree=397
num_leaves=2
num_cat=0
split_feature=11
split_gain=0.0491199
threshold=23.125404845187202
decision_type=2
left_child=-1
right_child=-2
leaf_value=-0.0016904083742290054 0.0001468604716379338
leaf_weight=14.5146736074239 83.262080037442502
leaf_count=2516 8668
internal_value=-0.000140229
internal_weight=97.7768
internal_count=11184
is_linear=0
shrinkage=0.03


end of trees

feature_importances:
Column_1=592
Column_2=540
Column_11=435
Column_9=272
Column_8=270
Column_10=220
Column_3=197
Column_7=176
Column_4=171
Column_0=109
Column_5=74

parameters:
[boosting: gbdt]
[objective: lambdarank]
[metric: ndcg]
[tree_learner: serial]
[device_type: cpu]
[data_sample_strategy: bagging]
[data: ]
[valid: ]
[num_iterations: 400]
[learning_rate: 0.03]
[num_leaves: 15]
[num_threads: 8]
[seed: 0]
[deterministic: 0]
[force_col_wise: 0]
[force_row_wise: 0]
[histogram_pool_size: -1]
[max_depth: -1]
[min_data_in_leaf: 50]
[min_sum_hessian_in_leaf: 0.001]
[bagging_fraction: 0.8]
[pos_bagging_fraction: 1]
[neg_bagging_fraction: 1]
[bagging_freq: 5]
[bagging_seed: 3]
[bagging_by_query: 0]
[feature_fraction: 0.9]
[feature_fraction_bynode: 1]
[feature_fraction_seed: 2]
[extra_trees: 0]
[extra_seed: 6]
[early_stopping_round: 0]
[early_stopping_min_delta: 0]
[first_metric_only: 0]
[max_delta_step: 0]
[lambda_l1: 0]
[lambda_l2: 1]
[linear_lambda: 0]
[min_gain_to_split: 0]
[drop_rate: 0.1]
[max_drop: 50]
[skip_drop: 0.5]
[xgboost_dart_mode: 0]
[uniform_drop: 0]
[drop_seed: 4]
[top_rate: 0.2]
[other_rate: 0.1]
[min_data_per_group: 100]
[max_cat_threshold: 32]
[cat_l2: 10]
[cat_smooth: 10]
[max_cat_to_onehot: 4]
[top_k: 20]
[monotone_constraints: 1,1,1,1,1,1,1,1,1,1,1,1]
[monotone_constraints_method: advanced]
[monotone_penalty: 0]
[feature_contri: ]
[forcedsplits_filename: ]
[refit_decay_rate: 0.9]
[cegb_tradeoff: 1]
[cegb_penalty_split: 0]
[cegb_penalty_feature_lazy: ]
[cegb_penalty_feature_coupled: ]
[path_smooth: 0]
[interaction_constraints: ]
[verbosity: -1]
[saved_feature_importance_type: 0]
[use_quantized_grad: 0]
[num_grad_quant_bins: 4]
[quant_train_renew_leaf: 0]
[stochastic_rounding: 1]
[linear_tree: 0]
[max_bin: 255]
[max_bin_by_feature: ]
[min_data_in_bin: 3]
[bin_construct_sample_cnt: 200000]
[data_random_seed: 1]
[is_enable_sparse: 1]
[enable_bundle: 1]
[use_missing: 1]
[zero_as_missing: 0]
[feature_pre_filter: 1]
[pre_partition: 0]
[two_round: 0]
[header: 0]
[label_column: ]
[weight_column: ]
[group_column: ]
[ignore_column: ]
[categorical_feature: ]
[forcedbins_filename: ]
[precise_float_parser: 0]
[parser_config_file: ]
[objective_seed: 5]
[num_class: 1]
[is_unbalance: 0]
[scale_pos_weight: 1]
[sigmoid: 1]
[boost_from_average: 1]
[reg_sqrt: 0]
[alpha: 0.9]
[fair_c: 1]
[poisson_max_delta_step: 0.7]
[tweedie_variance_power: 1.5]
[lambdarank_truncation_level: 30]
[lambdarank_norm: 1]
[label_gain: 0,1,3,7,15]
[lambdarank_position_bias_regularization: 0]
[eval_at: 10,25,50]
[multi_error_top_k: 1]
[auc_mu_weights: ]
[num_machines: 1]
[local_listen_port: 12400]
[time_out: 120]
[machine_list_filename: ]
[machines: ]
[gpu_platform_id: -1]
[gpu_device_id: -1]
[gpu_use_dp: 0]
[num_gpu: 1]

end of parameters

pandas_categorical:null
